cleaning_job_id,train_id,location,earliest_allowed_at,latest_allowed_at,duration_hours
CLEAN-000001,EVS360-001,Moscow,2032-01-06T19:20,2032-01-07T09:30,2.5
CLEAN-000002,EVS360-002,Moscow,2032-01-06T19:50,2032-01-07T10:00,2.5
CLEAN-000003,EVS360-003,Moscow,2032-01-06T20:10,2032-01-07T10:15,2.5
CLEAN-000004,EVS360-021,Saint Petersburg,2032-01-06T20:10,2032-01-07T09:00,2.5
CLEAN-000005,EVS360-004,Moscow,2032-01-06T20:35,2032-01-07T10:30,2.5
CLEAN-000006,EVS360-022,Saint Petersburg,2032-01-06T20:35,2032-01-07T09:30,2.5
CLEAN-000007,EVS360-005,Moscow,2032-01-06T20:50,2032-01-07T11:00,2.5
CLEAN-000008,EVS360-023,Saint Petersburg,2032-01-06T20:50,2032-01-07T10:00,2.5
CLEAN-000009,EVS360-006,Moscow,2032-01-06T21:20,2032-01-07T11:30,2.5
CLEAN-000010,EVS360-024,Saint Petersburg,2032-01-06T21:20,2032-01-07T10:15,2.5
CLEAN-000011,EVS360-007,Moscow,2032-01-06T21:50,2032-01-07T12:00,2.5
CLEAN-000012,EVS360-025,Saint Petersburg,2032-01-06T21:50,2032-01-07T10:30,2.5
CLEAN-000013,EVS360-008,Moscow,2032-01-06T22:10,2032-01-07T12:30,2.5
CLEAN-000014,EVS360-026,Saint Petersburg,2032-01-06T22:10,2032-01-07T11:00,2.5
CLEAN-000015,EVS360-027,Saint Petersburg,2032-01-06T22:35,2032-01-07T11:30,2.5
CLEAN-000016,EVS360-009,Moscow,2032-01-06T22:50,2032-01-07T13:00,2.5
CLEAN-000017,EVS360-028,Saint Petersburg,2032-01-06T22:50,2032-01-07T12:00,2.5
CLEAN-000018,EVS360-010,Moscow,2032-01-06T23:20,2032-01-07T13:30,2.5
CLEAN-000019,EVS360-029,Saint Petersburg,2032-01-06T23:20,2032-01-07T12:30,2.5
CLEAN-000020,EVS360-011,Moscow,2032-01-06T23:50,2032-01-07T14:00,2.5
CLEAN-000021,EVS360-030,Saint Petersburg,2032-01-06T23:50,2032-01-07T13:00,2.5
CLEAN-000022,EVS360-012,Moscow,2032-01-07T00:10,2032-01-07T14:30,2.5
CLEAN-000023,EVS360-031,Saint Petersburg,2032-01-07T00:10,2032-01-07T14:00,2.5
CLEAN-000024,EVS360-013,Moscow,2032-01-07T08:10,2032-01-07T15:00,2.5
CLEAN-000025,EVS360-032,Saint Petersburg,2032-01-07T08:10,2032-01-07T14:30,2.5
CLEAN-000026,EVS360-014,Moscow,2032-01-07T08:35,2032-01-07T16:00,2.5
CLEAN-000027,EVS360-033,Saint Petersburg,2032-01-07T08:35,2032-01-07T15:00,2.5
CLEAN-000028,EVS360-015,Moscow,2032-01-07T08:50,2032-01-07T16:30,2.5
CLEAN-000029,EVS360-034,Saint Petersburg,2032-01-07T08:50,2032-01-07T16:00,2.5
CLEAN-000030,EVS360-016,Moscow,2032-01-07T09:20,2032-01-07T17:30,2.5
CLEAN-000031,EVS360-035,Saint Petersburg,2032-01-07T09:20,2032-01-07T16:30,2.5
CLEAN-000032,EVS360-017,Moscow,2032-01-07T09:35,2032-01-07T18:00,2.5
CLEAN-000033,EVS360-018,Moscow,2032-01-07T09:50,2032-01-07T18:15,2.5
CLEAN-000034,EVS360-036,Saint Petersburg,2032-01-07T09:50,2032-01-07T17:00,2.5
CLEAN-000035,EVS360-019,Moscow,2032-01-07T10:10,2032-01-07T18:30,2.5
CLEAN-000036,EVS360-037,Saint Petersburg,2032-01-07T10:10,2032-01-07T17:30,2.5
CLEAN-000037,EVS360-020,Moscow,2032-01-07T10:50,2032-01-07T19:00,2.5
CLEAN-000038,EVS360-038,Saint Petersburg,2032-01-07T10:50,2032-01-07T18:00,2.5
CLEAN-000039,EVS360-039,Saint Petersburg,2032-01-07T11:20,2032-01-07T18:15,2.5
CLEAN-000040,EVS360-001,Moscow,2032-01-08T22:50,2032-01-09T13:00,2.5
CLEAN-000041,EVS360-002,Moscow,2032-01-08T23:20,2032-01-09T13:30,2.5
CLEAN-000042,EVS360-021,Saint Petersburg,2032-01-08T23:20,2032-01-09T12:30,2.5
CLEAN-000043,EVS360-003,Moscow,2032-01-08T23:50,2032-01-09T14:00,2.5
CLEAN-000044,EVS360-022,Saint Petersburg,2032-01-08T23:50,2032-01-09T13:00,2.5
CLEAN-000045,EVS360-004,Moscow,2032-01-09T00:10,2032-01-09T14:30,2.5
CLEAN-000046,EVS360-023,Saint Petersburg,2032-01-09T00:10,2032-01-09T14:00,2.5
CLEAN-000047,EVS360-005,Moscow,2032-01-09T08:10,2032-01-09T15:00,2.5
CLEAN-000048,EVS360-024,Saint Petersburg,2032-01-09T08:10,2032-01-09T14:30,2.5
CLEAN-000049,EVS360-006,Moscow,2032-01-09T08:35,2032-01-09T16:00,2.5
CLEAN-000050,EVS360-025,Saint Petersburg,2032-01-09T08:35,2032-01-09T15:00,2.5
CLEAN-000051,EVS360-007,Moscow,2032-01-09T08:50,2032-01-09T16:30,2.5
CLEAN-000052,EVS360-026,Saint Petersburg,2032-01-09T08:50,2032-01-09T16:00,2.5
CLEAN-000053,EVS360-008,Moscow,2032-01-09T09:20,2032-01-09T17:30,2.5
CLEAN-000054,EVS360-027,Saint Petersburg,2032-01-09T09:20,2032-01-09T16:30,2.5
CLEAN-000055,EVS360-009,Moscow,2032-01-09T09:35,2032-01-09T18:00,2.5
CLEAN-000056,EVS360-010,Moscow,2032-01-09T09:50,2032-01-09T18:15,2.5
CLEAN-000057,EVS360-028,Saint Petersburg,2032-01-09T09:50,2032-01-09T17:00,2.5
CLEAN-000058,EVS360-011,Moscow,2032-01-09T10:10,2032-01-09T18:30,2.5
CLEAN-000059,EVS360-029,Saint Petersburg,2032-01-09T10:10,2032-01-09T17:30,2.5
CLEAN-000060,EVS360-012,Moscow,2032-01-09T10:50,2032-01-09T19:00,2.5
CLEAN-000061,EVS360-030,Saint Petersburg,2032-01-09T10:50,2032-01-09T18:00,2.5
CLEAN-000062,EVS360-013,Moscow,2032-01-09T11:20,2032-01-09T19:30,2.5
CLEAN-000063,EVS360-031,Saint Petersburg,2032-01-09T11:20,2032-01-09T18:15,2.5
CLEAN-000064,EVS360-014,Moscow,2032-01-09T11:50,2032-01-09T20:00,2.5
CLEAN-000065,EVS360-032,Saint Petersburg,2032-01-09T11:50,2032-01-09T18:30,2.5
CLEAN-000066,EVS360-015,Moscow,2032-01-09T12:10,2032-01-09T20:15,2.5
CLEAN-000067,EVS360-033,Saint Petersburg,2032-01-09T12:10,2032-01-09T19:00,2.5
CLEAN-000068,EVS360-016,Moscow,2032-01-09T12:35,2032-01-09T20:30,2.5
CLEAN-000069,EVS360-034,Saint Petersburg,2032-01-09T12:35,2032-01-09T19:30,2.5
CLEAN-000070,EVS360-017,Moscow,2032-01-09T12:50,2032-01-09T21:00,2.5
CLEAN-000071,EVS360-035,Saint Petersburg,2032-01-09T12:50,2032-01-09T20:00,2.5
CLEAN-000072,EVS360-018,Moscow,2032-01-09T13:20,2032-01-09T21:30,2.5
CLEAN-000073,EVS360-036,Saint Petersburg,2032-01-09T13:20,2032-01-09T20:30,2.5
CLEAN-000074,EVS360-019,Moscow,2032-01-09T13:50,2032-01-09T22:00,2.5
CLEAN-000075,EVS360-037,Saint Petersburg,2032-01-09T13:50,2032-01-09T21:00,2.5
CLEAN-000076,EVS360-020,Moscow,2032-01-09T14:10,2032-01-10T06:00,2.5
CLEAN-000077,EVS360-038,Saint Petersburg,2032-01-09T14:10,2032-01-09T21:30,2.5
CLEAN-000078,EVS360-039,Saint Petersburg,2032-01-09T14:50,2032-01-09T22:00,2.5
CLEAN-000079,EVS360-001,Moscow,2032-01-11T09:35,2032-01-11T18:00,2.5
CLEAN-000080,EVS360-002,Moscow,2032-01-11T09:50,2032-01-11T18:15,2.5
CLEAN-000081,EVS360-003,Moscow,2032-01-11T10:10,2032-01-11T18:30,2.5
CLEAN-000082,EVS360-021,Saint Petersburg,2032-01-11T10:10,2032-01-11T17:30,2.5
CLEAN-000083,EVS360-004,Moscow,2032-01-11T10:50,2032-01-11T19:00,2.5
CLEAN-000084,EVS360-022,Saint Petersburg,2032-01-11T10:50,2032-01-11T18:00,2.5
CLEAN-000085,EVS360-005,Moscow,2032-01-11T11:20,2032-01-11T19:30,2.5
CLEAN-000086,EVS360-023,Saint Petersburg,2032-01-11T11:20,2032-01-11T18:15,2.5
CLEAN-000087,EVS360-006,Moscow,2032-01-11T11:50,2032-01-11T20:00,2.5
CLEAN-000088,EVS360-024,Saint Petersburg,2032-01-11T11:50,2032-01-11T18:30,2.5
CLEAN-000089,EVS360-007,Moscow,2032-01-11T12:10,2032-01-11T20:15,2.5
CLEAN-000090,EVS360-025,Saint Petersburg,2032-01-11T12:10,2032-01-11T19:00,2.5
CLEAN-000091,EVS360-008,Moscow,2032-01-11T12:35,2032-01-11T20:30,2.5
CLEAN-000092,EVS360-026,Saint Petersburg,2032-01-11T12:35,2032-01-11T19:30,2.5
CLEAN-000093,EVS360-009,Moscow,2032-01-11T12:50,2032-01-11T21:00,2.5
CLEAN-000094,EVS360-027,Saint Petersburg,2032-01-11T12:50,2032-01-11T20:00,2.5
CLEAN-000095,EVS360-010,Moscow,2032-01-11T13:20,2032-01-11T21:30,2.5
CLEAN-000096,EVS360-028,Saint Petersburg,2032-01-11T13:20,2032-01-11T20:30,2.5
CLEAN-000097,EVS360-011,Moscow,2032-01-11T13:50,2032-01-11T22:00,2.5
CLEAN-000098,EVS360-029,Saint Petersburg,2032-01-11T13:50,2032-01-11T21:00,2.5
CLEAN-000099,EVS360-012,Moscow,2032-01-11T14:10,2032-01-12T06:00,2.5
CLEAN-000100,EVS360-030,Saint Petersburg,2032-01-11T14:10,2032-01-11T21:30,2.5
CLEAN-000101,EVS360-013,Moscow,2032-01-11T14:50,2032-01-12T06:15,2.5
CLEAN-000102,EVS360-031,Saint Petersburg,2032-01-11T14:50,2032-01-11T22:00,2.5
CLEAN-000103,EVS360-014,Moscow,2032-01-11T15:20,2032-01-12T06:30,2.5
CLEAN-000104,EVS360-032,Saint Petersburg,2032-01-11T15:20,2032-01-12T06:00,2.5
CLEAN-000105,EVS360-033,Saint Petersburg,2032-01-11T15:50,2032-01-12T06:15,2.5
CLEAN-000106,EVS360-015,Moscow,2032-01-11T16:10,2032-01-12T07:00,2.5
CLEAN-000107,EVS360-034,Saint Petersburg,2032-01-11T16:10,2032-01-12T06:30,2.5
CLEAN-000108,EVS360-016,Moscow,2032-01-11T16:50,2032-01-12T07:30,2.5
CLEAN-000109,EVS360-035,Saint Petersburg,2032-01-11T16:50,2032-01-12T07:00,2.5
CLEAN-000110,EVS360-017,Moscow,2032-01-11T17:20,2032-01-12T08:00,2.5
CLEAN-000111,EVS360-036,Saint Petersburg,2032-01-11T17:20,2032-01-12T07:15,2.5
CLEAN-000112,EVS360-018,Moscow,2032-01-11T18:10,2032-01-12T08:30,2.5
CLEAN-000113,EVS360-037,Saint Petersburg,2032-01-11T18:10,2032-01-12T07:30,2.5
CLEAN-000114,EVS360-019,Moscow,2032-01-11T18:50,2032-01-12T09:00,2.5
CLEAN-000115,EVS360-038,Saint Petersburg,2032-01-11T18:50,2032-01-12T08:00,2.5
CLEAN-000116,EVS360-020,Moscow,2032-01-11T19:20,2032-01-12T09:30,2.5
CLEAN-000117,EVS360-039,Saint Petersburg,2032-01-11T19:50,2032-01-12T08:30,2.5
CLEAN-000118,EVS360-001,Moscow,2032-01-13T12:50,2032-01-13T21:00,2.5
CLEAN-000119,EVS360-002,Moscow,2032-01-13T13:20,2032-01-13T21:30,2.5
CLEAN-000120,EVS360-003,Moscow,2032-01-13T13:50,2032-01-13T22:00,2.5
CLEAN-000121,EVS360-021,Saint Petersburg,2032-01-13T13:50,2032-01-13T21:00,2.5
CLEAN-000122,EVS360-004,Moscow,2032-01-13T14:10,2032-01-14T06:00,2.5
CLEAN-000123,EVS360-022,Saint Petersburg,2032-01-13T14:10,2032-01-13T21:30,2.5
CLEAN-000124,EVS360-005,Moscow,2032-01-13T14:50,2032-01-14T06:15,2.5
CLEAN-000125,EVS360-023,Saint Petersburg,2032-01-13T14:50,2032-01-13T22:00,2.5
CLEAN-000126,EVS360-006,Moscow,2032-01-13T15:20,2032-01-14T06:30,2.5
CLEAN-000127,EVS360-024,Saint Petersburg,2032-01-13T15:20,2032-01-14T06:00,2.5
CLEAN-000128,EVS360-025,Saint Petersburg,2032-01-13T15:50,2032-01-14T06:15,2.5
CLEAN-000129,EVS360-007,Moscow,2032-01-13T16:10,2032-01-14T07:00,2.5
CLEAN-000130,EVS360-026,Saint Petersburg,2032-01-13T16:10,2032-01-14T06:30,2.5
CLEAN-000131,EVS360-008,Moscow,2032-01-13T16:50,2032-01-14T07:30,2.5
CLEAN-000132,EVS360-027,Saint Petersburg,2032-01-13T16:50,2032-01-14T07:00,2.5
CLEAN-000133,EVS360-009,Moscow,2032-01-13T17:20,2032-01-14T08:00,2.5
CLEAN-000134,EVS360-028,Saint Petersburg,2032-01-13T17:20,2032-01-14T07:15,2.5
CLEAN-000135,EVS360-010,Moscow,2032-01-13T18:10,2032-01-14T08:30,2.5
CLEAN-000136,EVS360-029,Saint Petersburg,2032-01-13T18:10,2032-01-14T07:30,2.5
CLEAN-000137,EVS360-011,Moscow,2032-01-13T18:50,2032-01-14T09:00,2.5
CLEAN-000138,EVS360-030,Saint Petersburg,2032-01-13T18:50,2032-01-14T08:00,2.5
CLEAN-000139,EVS360-012,Moscow,2032-01-13T19:20,2032-01-14T09:30,2.5
CLEAN-000140,EVS360-013,Moscow,2032-01-13T19:50,2032-01-14T10:00,2.5
CLEAN-000141,EVS360-031,Saint Petersburg,2032-01-13T19:50,2032-01-14T08:30,2.5
CLEAN-000142,EVS360-014,Moscow,2032-01-13T20:10,2032-01-14T10:15,2.5
CLEAN-000143,EVS360-032,Saint Petersburg,2032-01-13T20:10,2032-01-14T09:00,2.5
CLEAN-000144,EVS360-015,Moscow,2032-01-13T20:35,2032-01-14T10:30,2.5
CLEAN-000145,EVS360-033,Saint Petersburg,2032-01-13T20:35,2032-01-14T09:30,2.5
CLEAN-000146,EVS360-016,Moscow,2032-01-13T20:50,2032-01-14T11:00,2.5
CLEAN-000147,EVS360-034,Saint Petersburg,2032-01-13T20:50,2032-01-14T10:00,2.5
CLEAN-000148,EVS360-017,Moscow,2032-01-13T21:20,2032-01-14T11:30,2.5
CLEAN-000149,EVS360-035,Saint Petersburg,2032-01-13T21:20,2032-01-14T10:15,2.5
CLEAN-000150,EVS360-018,Moscow,2032-01-13T21:50,2032-01-14T12:00,2.5
CLEAN-000151,EVS360-036,Saint Petersburg,2032-01-13T21:50,2032-01-14T10:30,2.5
CLEAN-000152,EVS360-019,Moscow,2032-01-13T22:10,2032-01-14T12:30,2.5
CLEAN-000153,EVS360-037,Saint Petersburg,2032-01-13T22:10,2032-01-14T11:00,2.5
CLEAN-000154,EVS360-038,Saint Petersburg,2032-01-13T22:35,2032-01-14T11:30,2.5
CLEAN-000155,EVS360-020,Moscow,2032-01-13T22:50,2032-01-14T13:00,2.5
CLEAN-000156,EVS360-039,Saint Petersburg,2032-01-13T22:50,2032-01-14T12:00,2.5
CLEAN-000157,EVS360-001,Moscow,2032-01-15T17:20,2032-01-16T08:00,2.5
CLEAN-000158,EVS360-002,Moscow,2032-01-15T18:10,2032-01-16T08:30,2.5
CLEAN-000159,EVS360-021,Saint Petersburg,2032-01-15T18:10,2032-01-16T07:30,2.5
CLEAN-000160,EVS360-003,Moscow,2032-01-15T18:50,2032-01-16T09:00,2.5
CLEAN-000161,EVS360-022,Saint Petersburg,2032-01-15T18:50,2032-01-16T08:00,2.5
CLEAN-000162,EVS360-004,Moscow,2032-01-15T19:20,2032-01-16T09:30,2.5
CLEAN-000163,EVS360-005,Moscow,2032-01-15T19:50,2032-01-16T10:00,2.5
CLEAN-000164,EVS360-023,Saint Petersburg,2032-01-15T19:50,2032-01-16T08:30,2.5
CLEAN-000165,EVS360-006,Moscow,2032-01-15T20:10,2032-01-16T10:15,2.5
CLEAN-000166,EVS360-024,Saint Petersburg,2032-01-15T20:10,2032-01-16T09:00,2.5
CLEAN-000167,EVS360-007,Moscow,2032-01-15T20:35,2032-01-16T10:30,2.5
CLEAN-000168,EVS360-025,Saint Petersburg,2032-01-15T20:35,2032-01-16T09:30,2.5
CLEAN-000169,EVS360-008,Moscow,2032-01-15T20:50,2032-01-16T11:00,2.5
CLEAN-000170,EVS360-026,Saint Petersburg,2032-01-15T20:50,2032-01-16T10:00,2.5
CLEAN-000171,EVS360-009,Moscow,2032-01-15T21:20,2032-01-16T11:30,2.5
CLEAN-000172,EVS360-027,Saint Petersburg,2032-01-15T21:20,2032-01-16T10:15,2.5
CLEAN-000173,EVS360-010,Moscow,2032-01-15T21:50,2032-01-16T12:00,2.5
CLEAN-000174,EVS360-028,Saint Petersburg,2032-01-15T21:50,2032-01-16T10:30,2.5
CLEAN-000175,EVS360-011,Moscow,2032-01-15T22:10,2032-01-16T12:30,2.5
CLEAN-000176,EVS360-029,Saint Petersburg,2032-01-15T22:10,2032-01-16T11:00,2.5
CLEAN-000177,EVS360-030,Saint Petersburg,2032-01-15T22:35,2032-01-16T11:30,2.5
CLEAN-000178,EVS360-012,Moscow,2032-01-15T22:50,2032-01-16T13:00,2.5
CLEAN-000179,EVS360-031,Saint Petersburg,2032-01-15T22:50,2032-01-16T12:00,2.5
CLEAN-000180,EVS360-013,Moscow,2032-01-15T23:20,2032-01-16T13:30,2.5
CLEAN-000181,EVS360-032,Saint Petersburg,2032-01-15T23:20,2032-01-16T12:30,2.5
CLEAN-000182,EVS360-014,Moscow,2032-01-15T23:50,2032-01-16T14:00,2.5
CLEAN-000183,EVS360-033,Saint Petersburg,2032-01-15T23:50,2032-01-16T13:00,2.5
CLEAN-000184,EVS360-015,Moscow,2032-01-16T00:10,2032-01-16T14:30,2.5
CLEAN-000185,EVS360-034,Saint Petersburg,2032-01-16T00:10,2032-01-16T14:00,2.5
CLEAN-000186,EVS360-016,Moscow,2032-01-16T08:10,2032-01-16T15:00,2.5
CLEAN-000187,EVS360-035,Saint Petersburg,2032-01-16T08:10,2032-01-16T14:30,2.5
CLEAN-000188,EVS360-017,Moscow,2032-01-16T08:35,2032-01-16T16:00,2.5
CLEAN-000189,EVS360-036,Saint Petersburg,2032-01-16T08:35,2032-01-16T15:00,2.5
CLEAN-000190,EVS360-018,Moscow,2032-01-16T08:50,2032-01-16T16:30,2.5
CLEAN-000191,EVS360-037,Saint Petersburg,2032-01-16T08:50,2032-01-16T16:00,2.5
CLEAN-000192,EVS360-019,Moscow,2032-01-16T09:20,2032-01-16T17:30,2.5
CLEAN-000193,EVS360-038,Saint Petersburg,2032-01-16T09:20,2032-01-16T16:30,2.5
CLEAN-000194,EVS360-020,Moscow,2032-01-16T09:35,2032-01-16T18:00,2.5
CLEAN-000195,EVS360-039,Saint Petersburg,2032-01-16T09:50,2032-01-16T17:00,2.5
CLEAN-000196,EVS360-001,Moscow,2032-01-17T21:20,2032-01-18T11:30,2.5
CLEAN-000197,EVS360-002,Moscow,2032-01-17T21:50,2032-01-18T12:00,2.5
CLEAN-000198,EVS360-003,Moscow,2032-01-17T22:10,2032-01-18T12:30,2.5
CLEAN-000199,EVS360-021,Saint Petersburg,2032-01-17T22:10,2032-01-18T11:00,2.5
CLEAN-000200,EVS360-022,Saint Petersburg,2032-01-17T22:35,2032-01-18T11:30,2.5
CLEAN-000201,EVS360-004,Moscow,2032-01-17T22:50,2032-01-18T13:00,2.5
CLEAN-000202,EVS360-023,Saint Petersburg,2032-01-17T22:50,2032-01-18T12:00,2.5
CLEAN-000203,EVS360-005,Moscow,2032-01-17T23:20,2032-01-18T13:30,2.5
CLEAN-000204,EVS360-024,Saint Petersburg,2032-01-17T23:20,2032-01-18T12:30,2.5
CLEAN-000205,EVS360-006,Moscow,2032-01-17T23:50,2032-01-18T14:00,2.5
CLEAN-000206,EVS360-025,Saint Petersburg,2032-01-17T23:50,2032-01-18T13:00,2.5
CLEAN-000207,EVS360-007,Moscow,2032-01-18T00:10,2032-01-18T14:30,2.5
CLEAN-000208,EVS360-026,Saint Petersburg,2032-01-18T00:10,2032-01-18T14:00,2.5
CLEAN-000209,EVS360-008,Moscow,2032-01-18T08:10,2032-01-18T15:00,2.5
CLEAN-000210,EVS360-027,Saint Petersburg,2032-01-18T08:10,2032-01-18T14:30,2.5
CLEAN-000211,EVS360-009,Moscow,2032-01-18T08:35,2032-01-18T16:00,2.5
CLEAN-000212,EVS360-028,Saint Petersburg,2032-01-18T08:35,2032-01-18T15:00,2.5
CLEAN-000213,EVS360-010,Moscow,2032-01-18T08:50,2032-01-18T16:30,2.5
CLEAN-000214,EVS360-029,Saint Petersburg,2032-01-18T08:50,2032-01-18T16:00,2.5
CLEAN-000215,EVS360-011,Moscow,2032-01-18T09:20,2032-01-18T17:30,2.5
CLEAN-000216,EVS360-030,Saint Petersburg,2032-01-18T09:20,2032-01-18T16:30,2.5
CLEAN-000217,EVS360-012,Moscow,2032-01-18T09:35,2032-01-18T18:00,2.5
CLEAN-000218,EVS360-013,Moscow,2032-01-18T09:50,2032-01-18T18:15,2.5
CLEAN-000219,EVS360-031,Saint Petersburg,2032-01-18T09:50,2032-01-18T17:00,2.5
CLEAN-000220,EVS360-014,Moscow,2032-01-18T10:10,2032-01-18T18:30,2.5
CLEAN-000221,EVS360-032,Saint Petersburg,2032-01-18T10:10,2032-01-18T17:30,2.5
CLEAN-000222,EVS360-015,Moscow,2032-01-18T10:50,2032-01-18T19:00,2.5
CLEAN-000223,EVS360-033,Saint Petersburg,2032-01-18T10:50,2032-01-18T18:00,2.5
CLEAN-000224,EVS360-016,Moscow,2032-01-18T11:20,2032-01-18T19:30,2.5
CLEAN-000225,EVS360-034,Saint Petersburg,2032-01-18T11:20,2032-01-18T18:15,2.5
CLEAN-000226,EVS360-017,Moscow,2032-01-18T11:50,2032-01-18T20:00,2.5
CLEAN-000227,EVS360-035,Saint Petersburg,2032-01-18T11:50,2032-01-18T18:30,2.5
CLEAN-000228,EVS360-018,Moscow,2032-01-18T12:10,2032-01-18T20:15,2.5
CLEAN-000229,EVS360-036,Saint Petersburg,2032-01-18T12:10,2032-01-18T19:00,2.5
CLEAN-000230,EVS360-019,Moscow,2032-01-18T12:35,2032-01-18T20:30,2.5
CLEAN-000231,EVS360-037,Saint Petersburg,2032-01-18T12:35,2032-01-18T19:30,2.5
CLEAN-000232,EVS360-020,Moscow,2032-01-18T12:50,2032-01-18T21:00,2.5
CLEAN-000233,EVS360-038,Saint Petersburg,2032-01-18T12:50,2032-01-18T20:00,2.5
CLEAN-000234,EVS360-039,Saint Petersburg,2032-01-18T13:20,2032-01-18T20:30,2.5
CLEAN-000235,EVS360-001,Moscow,2032-01-20T08:35,2032-01-20T16:00,2.5
CLEAN-000236,EVS360-002,Moscow,2032-01-20T08:50,2032-01-20T16:30,2.5
CLEAN-000237,EVS360-021,Saint Petersburg,2032-01-20T08:50,2032-01-20T16:00,2.5
CLEAN-000238,EVS360-003,Moscow,2032-01-20T09:20,2032-01-20T17:30,2.5
CLEAN-000239,EVS360-022,Saint Petersburg,2032-01-20T09:20,2032-01-20T16:30,2.5
CLEAN-000240,EVS360-004,Moscow,2032-01-20T09:35,2032-01-20T18:00,2.5
CLEAN-000241,EVS360-005,Moscow,2032-01-20T09:50,2032-01-20T18:15,2.5
CLEAN-000242,EVS360-023,Saint Petersburg,2032-01-20T09:50,2032-01-20T17:00,2.5
CLEAN-000243,EVS360-006,Moscow,2032-01-20T10:10,2032-01-20T18:30,2.5
CLEAN-000244,EVS360-024,Saint Petersburg,2032-01-20T10:10,2032-01-20T17:30,2.5
CLEAN-000245,EVS360-007,Moscow,2032-01-20T10:50,2032-01-20T19:00,2.5
CLEAN-000246,EVS360-025,Saint Petersburg,2032-01-20T10:50,2032-01-20T18:00,2.5
CLEAN-000247,EVS360-008,Moscow,2032-01-20T11:20,2032-01-20T19:30,2.5
CLEAN-000248,EVS360-026,Saint Petersburg,2032-01-20T11:20,2032-01-20T18:15,2.5
CLEAN-000249,EVS360-009,Moscow,2032-01-20T11:50,2032-01-20T20:00,2.5
CLEAN-000250,EVS360-027,Saint Petersburg,2032-01-20T11:50,2032-01-20T18:30,2.5
CLEAN-000251,EVS360-010,Moscow,2032-01-20T12:10,2032-01-20T20:15,2.5
CLEAN-000252,EVS360-028,Saint Petersburg,2032-01-20T12:10,2032-01-20T19:00,2.5
CLEAN-000253,EVS360-011,Moscow,2032-01-20T12:35,2032-01-20T20:30,2.5
CLEAN-000254,EVS360-029,Saint Petersburg,2032-01-20T12:35,2032-01-20T19:30,2.5
CLEAN-000255,EVS360-012,Moscow,2032-01-20T12:50,2032-01-20T21:00,2.5
CLEAN-000256,EVS360-030,Saint Petersburg,2032-01-20T12:50,2032-01-20T20:00,2.5
CLEAN-000257,EVS360-013,Moscow,2032-01-20T13:20,2032-01-20T21:30,2.5
CLEAN-000258,EVS360-031,Saint Petersburg,2032-01-20T13:20,2032-01-20T20:30,2.5
CLEAN-000259,EVS360-014,Moscow,2032-01-20T13:50,2032-01-20T22:00,2.5
CLEAN-000260,EVS360-032,Saint Petersburg,2032-01-20T13:50,2032-01-20T21:00,2.5
CLEAN-000261,EVS360-015,Moscow,2032-01-20T14:10,2032-01-21T06:00,2.5
CLEAN-000262,EVS360-033,Saint Petersburg,2032-01-20T14:10,2032-01-20T21:30,2.5
CLEAN-000263,EVS360-016,Moscow,2032-01-20T14:50,2032-01-21T06:15,2.5
CLEAN-000264,EVS360-034,Saint Petersburg,2032-01-20T14:50,2032-01-20T22:00,2.5
CLEAN-000265,EVS360-017,Moscow,2032-01-20T15:20,2032-01-21T06:30,2.5
CLEAN-000266,EVS360-035,Saint Petersburg,2032-01-20T15:20,2032-01-21T06:00,2.5
CLEAN-000267,EVS360-036,Saint Petersburg,2032-01-20T15:50,2032-01-21T06:15,2.5
CLEAN-000268,EVS360-018,Moscow,2032-01-20T16:10,2032-01-21T07:00,2.5
CLEAN-000269,EVS360-037,Saint Petersburg,2032-01-20T16:10,2032-01-21T06:30,2.5
CLEAN-000270,EVS360-019,Moscow,2032-01-20T16:50,2032-01-21T07:30,2.5
CLEAN-000271,EVS360-038,Saint Petersburg,2032-01-20T16:50,2032-01-21T07:00,2.5
CLEAN-000272,EVS360-020,Moscow,2032-01-20T17:20,2032-01-21T08:00,2.5
CLEAN-000273,EVS360-039,Saint Petersburg,2032-01-20T17:20,2032-01-21T07:15,2.5
CLEAN-000274,EVS360-001,Moscow,2032-01-22T11:50,2032-01-22T20:00,2.5
CLEAN-000275,EVS360-002,Moscow,2032-01-22T12:10,2032-01-22T20:15,2.5
CLEAN-000276,EVS360-003,Moscow,2032-01-22T12:35,2032-01-22T20:30,2.5
CLEAN-000277,EVS360-021,Saint Petersburg,2032-01-22T12:35,2032-01-22T19:30,2.5
CLEAN-000278,EVS360-004,Moscow,2032-01-22T12:50,2032-01-22T21:00,2.5
CLEAN-000279,EVS360-022,Saint Petersburg,2032-01-22T12:50,2032-01-22T20:00,2.5
CLEAN-000280,EVS360-005,Moscow,2032-01-22T13:20,2032-01-22T21:30,2.5
CLEAN-000281,EVS360-023,Saint Petersburg,2032-01-22T13:20,2032-01-22T20:30,2.5
CLEAN-000282,EVS360-006,Moscow,2032-01-22T13:50,2032-01-22T22:00,2.5
CLEAN-000283,EVS360-024,Saint Petersburg,2032-01-22T13:50,2032-01-22T21:00,2.5
CLEAN-000284,EVS360-007,Moscow,2032-01-22T14:10,2032-01-23T06:00,2.5
CLEAN-000285,EVS360-025,Saint Petersburg,2032-01-22T14:10,2032-01-22T21:30,2.5
CLEAN-000286,EVS360-008,Moscow,2032-01-22T14:50,2032-01-23T06:15,2.5
CLEAN-000287,EVS360-026,Saint Petersburg,2032-01-22T14:50,2032-01-22T22:00,2.5
CLEAN-000288,EVS360-009,Moscow,2032-01-22T15:20,2032-01-23T06:30,2.5
CLEAN-000289,EVS360-027,Saint Petersburg,2032-01-22T15:20,2032-01-23T06:00,2.5
CLEAN-000290,EVS360-028,Saint Petersburg,2032-01-22T15:50,2032-01-23T06:15,2.5
CLEAN-000291,EVS360-010,Moscow,2032-01-22T16:10,2032-01-23T07:00,2.5
CLEAN-000292,EVS360-029,Saint Petersburg,2032-01-22T16:10,2032-01-23T06:30,2.5
CLEAN-000293,EVS360-011,Moscow,2032-01-22T16:50,2032-01-23T07:30,2.5
CLEAN-000294,EVS360-030,Saint Petersburg,2032-01-22T16:50,2032-01-23T07:00,2.5
CLEAN-000295,EVS360-012,Moscow,2032-01-22T17:20,2032-01-23T08:00,2.5
CLEAN-000296,EVS360-031,Saint Petersburg,2032-01-22T17:20,2032-01-23T07:15,2.5
CLEAN-000297,EVS360-013,Moscow,2032-01-22T18:10,2032-01-23T08:30,2.5
CLEAN-000298,EVS360-032,Saint Petersburg,2032-01-22T18:10,2032-01-23T07:30,2.5
CLEAN-000299,EVS360-014,Moscow,2032-01-22T18:50,2032-01-23T09:00,2.5
CLEAN-000300,EVS360-033,Saint Petersburg,2032-01-22T18:50,2032-01-23T08:00,2.5
CLEAN-000301,EVS360-015,Moscow,2032-01-22T19:20,2032-01-23T09:30,2.5
CLEAN-000302,EVS360-016,Moscow,2032-01-22T19:50,2032-01-23T10:00,2.5
CLEAN-000303,EVS360-034,Saint Petersburg,2032-01-22T19:50,2032-01-23T08:30,2.5
CLEAN-000304,EVS360-017,Moscow,2032-01-22T20:10,2032-01-23T10:15,2.5
CLEAN-000305,EVS360-035,Saint Petersburg,2032-01-22T20:10,2032-01-23T09:00,2.5
CLEAN-000306,EVS360-018,Moscow,2032-01-22T20:35,2032-01-23T10:30,2.5
CLEAN-000307,EVS360-036,Saint Petersburg,2032-01-22T20:35,2032-01-23T09:30,2.5
CLEAN-000308,EVS360-019,Moscow,2032-01-22T20:50,2032-01-23T11:00,2.5
CLEAN-000309,EVS360-037,Saint Petersburg,2032-01-22T20:50,2032-01-23T10:00,2.5
CLEAN-000310,EVS360-020,Moscow,2032-01-22T21:20,2032-01-23T11:30,2.5
CLEAN-000311,EVS360-038,Saint Petersburg,2032-01-22T21:20,2032-01-23T10:15,2.5
CLEAN-000312,EVS360-039,Saint Petersburg,2032-01-22T21:50,2032-01-23T10:30,2.5
CLEAN-000313,EVS360-001,Moscow,2032-01-24T15:20,2032-01-25T06:30,2.5
CLEAN-000314,EVS360-002,Moscow,2032-01-24T16:10,2032-01-25T07:00,2.5
CLEAN-000315,EVS360-021,Saint Petersburg,2032-01-24T16:10,2032-01-25T06:30,2.5
CLEAN-000316,EVS360-003,Moscow,2032-01-24T16:50,2032-01-25T07:30,2.5
CLEAN-000317,EVS360-022,Saint Petersburg,2032-01-24T16:50,2032-01-25T07:00,2.5
CLEAN-000318,EVS360-004,Moscow,2032-01-24T17:20,2032-01-25T08:00,2.5
CLEAN-000319,EVS360-023,Saint Petersburg,2032-01-24T17:20,2032-01-25T07:15,2.5
CLEAN-000320,EVS360-005,Moscow,2032-01-24T18:10,2032-01-25T08:30,2.5
CLEAN-000321,EVS360-024,Saint Petersburg,2032-01-24T18:10,2032-01-25T07:30,2.5
CLEAN-000322,EVS360-006,Moscow,2032-01-24T18:50,2032-01-25T09:00,2.5
CLEAN-000323,EVS360-025,Saint Petersburg,2032-01-24T18:50,2032-01-25T08:00,2.5
CLEAN-000324,EVS360-007,Moscow,2032-01-24T19:20,2032-01-25T09:30,2.5
CLEAN-000325,EVS360-008,Moscow,2032-01-24T19:50,2032-01-25T10:00,2.5
CLEAN-000326,EVS360-026,Saint Petersburg,2032-01-24T19:50,2032-01-25T08:30,2.5
CLEAN-000327,EVS360-009,Moscow,2032-01-24T20:10,2032-01-25T10:15,2.5
CLEAN-000328,EVS360-027,Saint Petersburg,2032-01-24T20:10,2032-01-25T09:00,2.5
CLEAN-000329,EVS360-010,Moscow,2032-01-24T20:35,2032-01-25T10:30,2.5
CLEAN-000330,EVS360-028,Saint Petersburg,2032-01-24T20:35,2032-01-25T09:30,2.5
CLEAN-000331,EVS360-011,Moscow,2032-01-24T20:50,2032-01-25T11:00,2.5
CLEAN-000332,EVS360-029,Saint Petersburg,2032-01-24T20:50,2032-01-25T10:00,2.5
CLEAN-000333,EVS360-012,Moscow,2032-01-24T21:20,2032-01-25T11:30,2.5
CLEAN-000334,EVS360-030,Saint Petersburg,2032-01-24T21:20,2032-01-25T10:15,2.5
CLEAN-000335,EVS360-013,Moscow,2032-01-24T21:50,2032-01-25T12:00,2.5
CLEAN-000336,EVS360-031,Saint Petersburg,2032-01-24T21:50,2032-01-25T10:30,2.5
CLEAN-000337,EVS360-014,Moscow,2032-01-24T22:10,2032-01-25T12:30,2.5
CLEAN-000338,EVS360-032,Saint Petersburg,2032-01-24T22:10,2032-01-25T11:00,2.5
CLEAN-000339,EVS360-033,Saint Petersburg,2032-01-24T22:35,2032-01-25T11:30,2.5
CLEAN-000340,EVS360-015,Moscow,2032-01-24T22:50,2032-01-25T13:00,2.5
CLEAN-000341,EVS360-034,Saint Petersburg,2032-01-24T22:50,2032-01-25T12:00,2.5
CLEAN-000342,EVS360-016,Moscow,2032-01-24T23:20,2032-01-25T13:30,2.5
CLEAN-000343,EVS360-035,Saint Petersburg,2032-01-24T23:20,2032-01-25T12:30,2.5
CLEAN-000344,EVS360-017,Moscow,2032-01-24T23:50,2032-01-25T14:00,2.5
CLEAN-000345,EVS360-036,Saint Petersburg,2032-01-24T23:50,2032-01-25T13:00,2.5
CLEAN-000346,EVS360-018,Moscow,2032-01-25T00:10,2032-01-25T14:30,2.5
CLEAN-000347,EVS360-037,Saint Petersburg,2032-01-25T00:10,2032-01-25T14:00,2.5
CLEAN-000348,EVS360-019,Moscow,2032-01-25T08:10,2032-01-25T15:00,2.5
CLEAN-000349,EVS360-038,Saint Petersburg,2032-01-25T08:10,2032-01-25T14:30,2.5
CLEAN-000350,EVS360-020,Moscow,2032-01-25T08:35,2032-01-25T16:00,2.5
CLEAN-000351,EVS360-039,Saint Petersburg,2032-01-25T08:35,2032-01-25T15:00,2.5
CLEAN-000352,EVS360-001,Moscow,2032-01-26T20:10,2032-01-27T10:15,2.5
CLEAN-000353,EVS360-002,Moscow,2032-01-26T20:35,2032-01-27T10:30,2.5
CLEAN-000354,EVS360-003,Moscow,2032-01-26T20:50,2032-01-27T11:00,2.5
CLEAN-000355,EVS360-021,Saint Petersburg,2032-01-26T20:50,2032-01-27T10:00,2.5
CLEAN-000356,EVS360-004,Moscow,2032-01-26T21:20,2032-01-27T11:30,2.5
CLEAN-000357,EVS360-022,Saint Petersburg,2032-01-26T21:20,2032-01-27T10:15,2.5
CLEAN-000358,EVS360-005,Moscow,2032-01-26T21:50,2032-01-27T12:00,2.5
CLEAN-000359,EVS360-023,Saint Petersburg,2032-01-26T21:50,2032-01-27T10:30,2.5
CLEAN-000360,EVS360-006,Moscow,2032-01-26T22:10,2032-01-27T12:30,2.5
CLEAN-000361,EVS360-024,Saint Petersburg,2032-01-26T22:10,2032-01-27T11:00,2.5
CLEAN-000362,EVS360-025,Saint Petersburg,2032-01-26T22:35,2032-01-27T11:30,2.5
CLEAN-000363,EVS360-007,Moscow,2032-01-26T22:50,2032-01-27T13:00,2.5
CLEAN-000364,EVS360-026,Saint Petersburg,2032-01-26T22:50,2032-01-27T12:00,2.5
CLEAN-000365,EVS360-008,Moscow,2032-01-26T23:20,2032-01-27T13:30,2.5
CLEAN-000366,EVS360-027,Saint Petersburg,2032-01-26T23:20,2032-01-27T12:30,2.5
CLEAN-000367,EVS360-009,Moscow,2032-01-26T23:50,2032-01-27T14:00,2.5
CLEAN-000368,EVS360-028,Saint Petersburg,2032-01-26T23:50,2032-01-27T13:00,2.5
CLEAN-000369,EVS360-010,Moscow,2032-01-27T00:10,2032-01-27T14:30,2.5
CLEAN-000370,EVS360-029,Saint Petersburg,2032-01-27T00:10,2032-01-27T14:00,2.5
CLEAN-000371,EVS360-011,Moscow,2032-01-27T08:10,2032-01-27T15:00,2.5
CLEAN-000372,EVS360-030,Saint Petersburg,2032-01-27T08:10,2032-01-27T14:30,2.5
CLEAN-000373,EVS360-012,Moscow,2032-01-27T08:35,2032-01-27T16:00,2.5
CLEAN-000374,EVS360-031,Saint Petersburg,2032-01-27T08:35,2032-01-27T15:00,2.5
CLEAN-000375,EVS360-013,Moscow,2032-01-27T08:50,2032-01-27T16:30,2.5
CLEAN-000376,EVS360-032,Saint Petersburg,2032-01-27T08:50,2032-01-27T16:00,2.5
CLEAN-000377,EVS360-014,Moscow,2032-01-27T09:20,2032-01-27T17:30,2.5
CLEAN-000378,EVS360-033,Saint Petersburg,2032-01-27T09:20,2032-01-27T16:30,2.5
CLEAN-000379,EVS360-015,Moscow,2032-01-27T09:35,2032-01-27T18:00,2.5
CLEAN-000380,EVS360-016,Moscow,2032-01-27T09:50,2032-01-27T18:15,2.5
CLEAN-000381,EVS360-034,Saint Petersburg,2032-01-27T09:50,2032-01-27T17:00,2.5
CLEAN-000382,EVS360-017,Moscow,2032-01-27T10:10,2032-01-27T18:30,2.5
CLEAN-000383,EVS360-035,Saint Petersburg,2032-01-27T10:10,2032-01-27T17:30,2.5
CLEAN-000384,EVS360-018,Moscow,2032-01-27T10:50,2032-01-27T19:00,2.5
CLEAN-000385,EVS360-036,Saint Petersburg,2032-01-27T10:50,2032-01-27T18:00,2.5
CLEAN-000386,EVS360-019,Moscow,2032-01-27T11:20,2032-01-27T19:30,2.5
CLEAN-000387,EVS360-037,Saint Petersburg,2032-01-27T11:20,2032-01-27T18:15,2.5
CLEAN-000388,EVS360-020,Moscow,2032-01-27T11:50,2032-01-27T20:00,2.5
CLEAN-000389,EVS360-038,Saint Petersburg,2032-01-27T11:50,2032-01-27T18:30,2.5
CLEAN-000390,EVS360-039,Saint Petersburg,2032-01-27T12:10,2032-01-27T19:00,2.5
CLEAN-000391,EVS360-001,Moscow,2032-01-28T23:50,2032-01-29T14:00,2.5
CLEAN-000392,EVS360-002,Moscow,2032-01-29T00:10,2032-01-29T14:30,2.5
CLEAN-000393,EVS360-021,Saint Petersburg,2032-01-29T00:10,2032-01-29T14:00,2.5
CLEAN-000394,EVS360-003,Moscow,2032-01-29T08:10,2032-01-29T15:00,2.5
CLEAN-000395,EVS360-022,Saint Petersburg,2032-01-29T08:10,2032-01-29T14:30,2.5
CLEAN-000396,EVS360-004,Moscow,2032-01-29T08:35,2032-01-29T16:00,2.5
CLEAN-000397,EVS360-023,Saint Petersburg,2032-01-29T08:35,2032-01-29T15:00,2.5
CLEAN-000398,EVS360-005,Moscow,2032-01-29T08:50,2032-01-29T16:30,2.5
CLEAN-000399,EVS360-024,Saint Petersburg,2032-01-29T08:50,2032-01-29T16:00,2.5
CLEAN-000400,EVS360-006,Moscow,2032-01-29T09:20,2032-01-29T17:30,2.5
CLEAN-000401,EVS360-025,Saint Petersburg,2032-01-29T09:20,2032-01-29T16:30,2.5
CLEAN-000402,EVS360-007,Moscow,2032-01-29T09:35,2032-01-29T18:00,2.5
CLEAN-000403,EVS360-008,Moscow,2032-01-29T09:50,2032-01-29T18:15,2.5
CLEAN-000404,EVS360-026,Saint Petersburg,2032-01-29T09:50,2032-01-29T17:00,2.5
CLEAN-000405,EVS360-009,Moscow,2032-01-29T10:10,2032-01-29T18:30,2.5
CLEAN-000406,EVS360-027,Saint Petersburg,2032-01-29T10:10,2032-01-29T17:30,2.5
CLEAN-000407,EVS360-010,Moscow,2032-01-29T10:50,2032-01-29T19:00,2.5
CLEAN-000408,EVS360-028,Saint Petersburg,2032-01-29T10:50,2032-01-29T18:00,2.5
CLEAN-000409,EVS360-011,Moscow,2032-01-29T11:20,2032-01-29T19:30,2.5
CLEAN-000410,EVS360-029,Saint Petersburg,2032-01-29T11:20,2032-01-29T18:15,2.5
CLEAN-000411,EVS360-012,Moscow,2032-01-29T11:50,2032-01-29T20:00,2.5
CLEAN-000412,EVS360-030,Saint Petersburg,2032-01-29T11:50,2032-01-29T18:30,2.5
CLEAN-000413,EVS360-013,Moscow,2032-01-29T12:10,2032-01-29T20:15,2.5
CLEAN-000414,EVS360-031,Saint Petersburg,2032-01-29T12:10,2032-01-29T19:00,2.5
CLEAN-000415,EVS360-014,Moscow,2032-01-29T12:35,2032-01-29T20:30,2.5
CLEAN-000416,EVS360-032,Saint Petersburg,2032-01-29T12:35,2032-01-29T19:30,2.5
CLEAN-000417,EVS360-015,Moscow,2032-01-29T12:50,2032-01-29T21:00,2.5
CLEAN-000418,EVS360-033,Saint Petersburg,2032-01-29T12:50,2032-01-29T20:00,2.5
CLEAN-000419,EVS360-016,Moscow,2032-01-29T13:20,2032-01-29T21:30,2.5
CLEAN-000420,EVS360-034,Saint Petersburg,2032-01-29T13:20,2032-01-29T20:30,2.5
CLEAN-000421,EVS360-017,Moscow,2032-01-29T13:50,2032-01-29T22:00,2.5
CLEAN-000422,EVS360-035,Saint Petersburg,2032-01-29T13:50,2032-01-29T21:00,2.5
CLEAN-000423,EVS360-018,Moscow,2032-01-29T14:10,2032-01-30T06:00,2.5
CLEAN-000424,EVS360-036,Saint Petersburg,2032-01-29T14:10,2032-01-29T21:30,2.5
CLEAN-000425,EVS360-019,Moscow,2032-01-29T14:50,2032-01-30T06:15,2.5
CLEAN-000426,EVS360-037,Saint Petersburg,2032-01-29T14:50,2032-01-29T22:00,2.5
CLEAN-000427,EVS360-020,Moscow,2032-01-29T15:20,2032-01-30T06:30,2.5
CLEAN-000428,EVS360-038,Saint Petersburg,2032-01-29T15:20,2032-01-30T06:00,2.5
CLEAN-000429,EVS360-039,Saint Petersburg,2032-01-29T15:50,2032-01-30T06:15,2.5
CLEAN-000430,EVS360-001,Moscow,2032-01-31T10:10,2032-01-31T18:30,2.5
CLEAN-000431,EVS360-002,Moscow,2032-01-31T10:50,2032-01-31T19:00,2.5
CLEAN-000432,EVS360-003,Moscow,2032-01-31T11:20,2032-01-31T19:30,2.5
CLEAN-000433,EVS360-021,Saint Petersburg,2032-01-31T11:20,2032-01-31T18:15,2.5
CLEAN-000434,EVS360-004,Moscow,2032-01-31T11:50,2032-01-31T20:00,2.5
CLEAN-000435,EVS360-022,Saint Petersburg,2032-01-31T11:50,2032-01-31T18:30,2.5
CLEAN-000436,EVS360-005,Moscow,2032-01-31T12:10,2032-01-31T20:15,2.5
CLEAN-000437,EVS360-023,Saint Petersburg,2032-01-31T12:10,2032-01-31T19:00,2.5
CLEAN-000438,EVS360-006,Moscow,2032-01-31T12:35,2032-01-31T20:30,2.5
CLEAN-000439,EVS360-024,Saint Petersburg,2032-01-31T12:35,2032-01-31T19:30,2.5
CLEAN-000440,EVS360-007,Moscow,2032-01-31T12:50,2032-01-31T21:00,2.5
CLEAN-000441,EVS360-025,Saint Petersburg,2032-01-31T12:50,2032-01-31T20:00,2.5
CLEAN-000442,EVS360-008,Moscow,2032-01-31T13:20,2032-01-31T21:30,2.5
CLEAN-000443,EVS360-026,Saint Petersburg,2032-01-31T13:20,2032-01-31T20:30,2.5
CLEAN-000444,EVS360-009,Moscow,2032-01-31T13:50,2032-01-31T22:00,2.5
CLEAN-000445,EVS360-027,Saint Petersburg,2032-01-31T13:50,2032-01-31T21:00,2.5
CLEAN-000446,EVS360-010,Moscow,2032-01-31T14:10,2032-02-01T06:00,2.5
CLEAN-000447,EVS360-028,Saint Petersburg,2032-01-31T14:10,2032-01-31T21:30,2.5
CLEAN-000448,EVS360-011,Moscow,2032-01-31T14:50,2032-02-01T06:15,2.5
CLEAN-000449,EVS360-029,Saint Petersburg,2032-01-31T14:50,2032-01-31T22:00,2.5
CLEAN-000450,EVS360-012,Moscow,2032-01-31T15:20,2032-02-01T06:30,2.5
CLEAN-000451,EVS360-030,Saint Petersburg,2032-01-31T15:20,2032-02-01T06:00,2.5
CLEAN-000452,EVS360-031,Saint Petersburg,2032-01-31T15:50,2032-02-01T06:15,2.5
CLEAN-000453,EVS360-013,Moscow,2032-01-31T16:10,2032-02-01T07:00,2.5
CLEAN-000454,EVS360-032,Saint Petersburg,2032-01-31T16:10,2032-02-01T06:30,2.5
CLEAN-000455,EVS360-014,Moscow,2032-01-31T16:50,2032-02-01T07:30,2.5
CLEAN-000456,EVS360-033,Saint Petersburg,2032-01-31T16:50,2032-02-01T07:00,2.5
CLEAN-000457,EVS360-015,Moscow,2032-01-31T17:20,2032-02-01T08:00,2.5
CLEAN-000458,EVS360-034,Saint Petersburg,2032-01-31T17:20,2032-02-01T07:15,2.5
CLEAN-000459,EVS360-016,Moscow,2032-01-31T18:10,2032-02-01T08:30,2.5
CLEAN-000460,EVS360-035,Saint Petersburg,2032-01-31T18:10,2032-02-01T07:30,2.5
CLEAN-000461,EVS360-017,Moscow,2032-01-31T18:50,2032-02-01T09:00,2.5
CLEAN-000462,EVS360-036,Saint Petersburg,2032-01-31T18:50,2032-02-01T08:00,2.5
CLEAN-000463,EVS360-018,Moscow,2032-01-31T19:20,2032-02-01T09:30,2.5
CLEAN-000464,EVS360-019,Moscow,2032-01-31T19:50,2032-02-01T10:00,2.5
CLEAN-000465,EVS360-037,Saint Petersburg,2032-01-31T19:50,2032-02-01T08:30,2.5
CLEAN-000466,EVS360-020,Moscow,2032-01-31T20:10,2032-02-01T10:15,2.5
CLEAN-000467,EVS360-038,Saint Petersburg,2032-01-31T20:10,2032-02-01T09:00,2.5
CLEAN-000468,EVS360-039,Saint Petersburg,2032-01-31T20:35,2032-02-01T09:30,2.5
CLEAN-000469,EVS360-001,Moscow,2032-02-02T13:50,2032-02-02T22:00,2.5
CLEAN-000470,EVS360-002,Moscow,2032-02-02T14:10,2032-02-03T06:00,2.5
CLEAN-000471,EVS360-003,Moscow,2032-02-02T14:50,2032-02-03T06:15,2.5
CLEAN-000472,EVS360-021,Saint Petersburg,2032-02-02T14:50,2032-02-02T22:00,2.5
CLEAN-000473,EVS360-004,Moscow,2032-02-02T15:20,2032-02-03T06:30,2.5
CLEAN-000474,EVS360-022,Saint Petersburg,2032-02-02T15:20,2032-02-03T06:00,2.5
CLEAN-000475,EVS360-023,Saint Petersburg,2032-02-02T15:50,2032-02-03T06:15,2.5
CLEAN-000476,EVS360-005,Moscow,2032-02-02T16:10,2032-02-03T07:00,2.5
CLEAN-000477,EVS360-024,Saint Petersburg,2032-02-02T16:10,2032-02-03T06:30,2.5
CLEAN-000478,EVS360-006,Moscow,2032-02-02T16:50,2032-02-03T07:30,2.5
CLEAN-000479,EVS360-025,Saint Petersburg,2032-02-02T16:50,2032-02-03T07:00,2.5
CLEAN-000480,EVS360-007,Moscow,2032-02-02T17:20,2032-02-03T08:00,2.5
CLEAN-000481,EVS360-026,Saint Petersburg,2032-02-02T17:20,2032-02-03T07:15,2.5
CLEAN-000482,EVS360-008,Moscow,2032-02-02T18:10,2032-02-03T08:30,2.5
CLEAN-000483,EVS360-027,Saint Petersburg,2032-02-02T18:10,2032-02-03T07:30,2.5
CLEAN-000484,EVS360-009,Moscow,2032-02-02T18:50,2032-02-03T09:00,2.5
CLEAN-000485,EVS360-028,Saint Petersburg,2032-02-02T18:50,2032-02-03T08:00,2.5
CLEAN-000486,EVS360-010,Moscow,2032-02-02T19:20,2032-02-03T09:30,2.5
CLEAN-000487,EVS360-011,Moscow,2032-02-02T19:50,2032-02-03T10:00,2.5
CLEAN-000488,EVS360-029,Saint Petersburg,2032-02-02T19:50,2032-02-03T08:30,2.5
CLEAN-000489,EVS360-012,Moscow,2032-02-02T20:10,2032-02-03T10:15,2.5
CLEAN-000490,EVS360-030,Saint Petersburg,2032-02-02T20:10,2032-02-03T09:00,2.5
CLEAN-000491,EVS360-013,Moscow,2032-02-02T20:35,2032-02-03T10:30,2.5
CLEAN-000492,EVS360-031,Saint Petersburg,2032-02-02T20:35,2032-02-03T09:30,2.5
CLEAN-000493,EVS360-014,Moscow,2032-02-02T20:50,2032-02-03T11:00,2.5
CLEAN-000494,EVS360-032,Saint Petersburg,2032-02-02T20:50,2032-02-03T10:00,2.5
CLEAN-000495,EVS360-015,Moscow,2032-02-02T21:20,2032-02-03T11:30,2.5
CLEAN-000496,EVS360-033,Saint Petersburg,2032-02-02T21:20,2032-02-03T10:15,2.5
CLEAN-000497,EVS360-016,Moscow,2032-02-02T21:50,2032-02-03T12:00,2.5
CLEAN-000498,EVS360-034,Saint Petersburg,2032-02-02T21:50,2032-02-03T10:30,2.5
CLEAN-000499,EVS360-017,Moscow,2032-02-02T22:10,2032-02-03T12:30,2.5
CLEAN-000500,EVS360-035,Saint Petersburg,2032-02-02T22:10,2032-02-03T11:00,2.5
CLEAN-000501,EVS360-036,Saint Petersburg,2032-02-02T22:35,2032-02-03T11:30,2.5
CLEAN-000502,EVS360-018,Moscow,2032-02-02T22:50,2032-02-03T13:00,2.5
CLEAN-000503,EVS360-037,Saint Petersburg,2032-02-02T22:50,2032-02-03T12:00,2.5
CLEAN-000504,EVS360-019,Moscow,2032-02-02T23:20,2032-02-03T13:30,2.5
CLEAN-000505,EVS360-038,Saint Petersburg,2032-02-02T23:20,2032-02-03T12:30,2.5
CLEAN-000506,EVS360-020,Moscow,2032-02-02T23:50,2032-02-03T14:00,2.5
CLEAN-000507,EVS360-039,Saint Petersburg,2032-02-02T23:50,2032-02-03T13:00,2.5
CLEAN-000508,EVS360-001,Moscow,2032-02-04T18:50,2032-02-05T09:00,2.5
CLEAN-000509,EVS360-002,Moscow,2032-02-04T19:20,2032-02-05T09:30,2.5
CLEAN-000510,EVS360-003,Moscow,2032-02-04T19:50,2032-02-05T10:00,2.5
CLEAN-000511,EVS360-021,Saint Petersburg,2032-02-04T19:50,2032-02-05T08:30,2.5
CLEAN-000512,EVS360-004,Moscow,2032-02-04T20:10,2032-02-05T10:15,2.5
CLEAN-000513,EVS360-022,Saint Petersburg,2032-02-04T20:10,2032-02-05T09:00,2.5
CLEAN-000514,EVS360-005,Moscow,2032-02-04T20:35,2032-02-05T10:30,2.5
CLEAN-000515,EVS360-023,Saint Petersburg,2032-02-04T20:35,2032-02-05T09:30,2.5
CLEAN-000516,EVS360-006,Moscow,2032-02-04T20:50,2032-02-05T11:00,2.5
CLEAN-000517,EVS360-024,Saint Petersburg,2032-02-04T20:50,2032-02-05T10:00,2.5
CLEAN-000518,EVS360-007,Moscow,2032-02-04T21:20,2032-02-05T11:30,2.5
CLEAN-000519,EVS360-025,Saint Petersburg,2032-02-04T21:20,2032-02-05T10:15,2.5
CLEAN-000520,EVS360-008,Moscow,2032-02-04T21:50,2032-02-05T12:00,2.5
CLEAN-000521,EVS360-026,Saint Petersburg,2032-02-04T21:50,2032-02-05T10:30,2.5
CLEAN-000522,EVS360-009,Moscow,2032-02-04T22:10,2032-02-05T12:30,2.5
CLEAN-000523,EVS360-027,Saint Petersburg,2032-02-04T22:10,2032-02-05T11:00,2.5
CLEAN-000524,EVS360-028,Saint Petersburg,2032-02-04T22:35,2032-02-05T11:30,2.5
CLEAN-000525,EVS360-010,Moscow,2032-02-04T22:50,2032-02-05T13:00,2.5
CLEAN-000526,EVS360-029,Saint Petersburg,2032-02-04T22:50,2032-02-05T12:00,2.5
CLEAN-000527,EVS360-011,Moscow,2032-02-04T23:20,2032-02-05T13:30,2.5
CLEAN-000528,EVS360-030,Saint Petersburg,2032-02-04T23:20,2032-02-05T12:30,2.5
CLEAN-000529,EVS360-012,Moscow,2032-02-04T23:50,2032-02-05T14:00,2.5
CLEAN-000530,EVS360-031,Saint Petersburg,2032-02-04T23:50,2032-02-05T13:00,2.5
CLEAN-000531,EVS360-013,Moscow,2032-02-05T00:10,2032-02-05T14:30,2.5
CLEAN-000532,EVS360-032,Saint Petersburg,2032-02-05T00:10,2032-02-05T14:00,2.5
CLEAN-000533,EVS360-014,Moscow,2032-02-05T08:10,2032-02-05T15:00,2.5
CLEAN-000534,EVS360-033,Saint Petersburg,2032-02-05T08:10,2032-02-05T14:30,2.5
CLEAN-000535,EVS360-015,Moscow,2032-02-05T08:35,2032-02-05T16:00,2.5
CLEAN-000536,EVS360-034,Saint Petersburg,2032-02-05T08:35,2032-02-05T15:00,2.5
CLEAN-000537,EVS360-016,Moscow,2032-02-05T08:50,2032-02-05T16:30,2.5
CLEAN-000538,EVS360-035,Saint Petersburg,2032-02-05T08:50,2032-02-05T16:00,2.5
CLEAN-000539,EVS360-017,Moscow,2032-02-05T09:20,2032-02-05T17:30,2.5
CLEAN-000540,EVS360-036,Saint Petersburg,2032-02-05T09:20,2032-02-05T16:30,2.5
CLEAN-000541,EVS360-018,Moscow,2032-02-05T09:35,2032-02-05T18:00,2.5
CLEAN-000542,EVS360-019,Moscow,2032-02-05T09:50,2032-02-05T18:15,2.5
CLEAN-000543,EVS360-037,Saint Petersburg,2032-02-05T09:50,2032-02-05T17:00,2.5
CLEAN-000544,EVS360-020,Moscow,2032-02-05T10:10,2032-02-05T18:30,2.5
CLEAN-000545,EVS360-038,Saint Petersburg,2032-02-05T10:10,2032-02-05T17:30,2.5
CLEAN-000546,EVS360-039,Saint Petersburg,2032-02-05T10:50,2032-02-05T18:00,2.5
CLEAN-000547,EVS360-001,Moscow,2032-02-06T22:10,2032-02-07T12:30,2.5
CLEAN-000548,EVS360-002,Moscow,2032-02-06T22:50,2032-02-07T13:00,2.5
CLEAN-000549,EVS360-021,Saint Petersburg,2032-02-06T22:50,2032-02-07T12:00,2.5
CLEAN-000550,EVS360-003,Moscow,2032-02-06T23:20,2032-02-07T13:30,2.5
CLEAN-000551,EVS360-022,Saint Petersburg,2032-02-06T23:20,2032-02-07T12:30,2.5
CLEAN-000552,EVS360-004,Moscow,2032-02-06T23:50,2032-02-07T14:00,2.5
CLEAN-000553,EVS360-023,Saint Petersburg,2032-02-06T23:50,2032-02-07T13:00,2.5
CLEAN-000554,EVS360-005,Moscow,2032-02-07T00:10,2032-02-07T14:30,2.5
CLEAN-000555,EVS360-024,Saint Petersburg,2032-02-07T00:10,2032-02-07T14:00,2.5
CLEAN-000556,EVS360-006,Moscow,2032-02-07T08:10,2032-02-07T15:00,2.5
CLEAN-000557,EVS360-025,Saint Petersburg,2032-02-07T08:10,2032-02-07T14:30,2.5
CLEAN-000558,EVS360-007,Moscow,2032-02-07T08:35,2032-02-07T16:00,2.5
CLEAN-000559,EVS360-026,Saint Petersburg,2032-02-07T08:35,2032-02-07T15:00,2.5
CLEAN-000560,EVS360-008,Moscow,2032-02-07T08:50,2032-02-07T16:30,2.5
CLEAN-000561,EVS360-027,Saint Petersburg,2032-02-07T08:50,2032-02-07T16:00,2.5
CLEAN-000562,EVS360-009,Moscow,2032-02-07T09:20,2032-02-07T17:30,2.5
CLEAN-000563,EVS360-028,Saint Petersburg,2032-02-07T09:20,2032-02-07T16:30,2.5
CLEAN-000564,EVS360-010,Moscow,2032-02-07T09:35,2032-02-07T18:00,2.5
CLEAN-000565,EVS360-011,Moscow,2032-02-07T09:50,2032-02-07T18:15,2.5
CLEAN-000566,EVS360-029,Saint Petersburg,2032-02-07T09:50,2032-02-07T17:00,2.5
CLEAN-000567,EVS360-012,Moscow,2032-02-07T10:10,2032-02-07T18:30,2.5
CLEAN-000568,EVS360-030,Saint Petersburg,2032-02-07T10:10,2032-02-07T17:30,2.5
CLEAN-000569,EVS360-013,Moscow,2032-02-07T10:50,2032-02-07T19:00,2.5
CLEAN-000570,EVS360-031,Saint Petersburg,2032-02-07T10:50,2032-02-07T18:00,2.5
CLEAN-000571,EVS360-014,Moscow,2032-02-07T11:20,2032-02-07T19:30,2.5
CLEAN-000572,EVS360-032,Saint Petersburg,2032-02-07T11:20,2032-02-07T18:15,2.5
CLEAN-000573,EVS360-015,Moscow,2032-02-07T11:50,2032-02-07T20:00,2.5
CLEAN-000574,EVS360-033,Saint Petersburg,2032-02-07T11:50,2032-02-07T18:30,2.5
CLEAN-000575,EVS360-016,Moscow,2032-02-07T12:10,2032-02-07T20:15,2.5
CLEAN-000576,EVS360-034,Saint Petersburg,2032-02-07T12:10,2032-02-07T19:00,2.5
CLEAN-000577,EVS360-017,Moscow,2032-02-07T12:35,2032-02-07T20:30,2.5
CLEAN-000578,EVS360-035,Saint Petersburg,2032-02-07T12:35,2032-02-07T19:30,2.5
CLEAN-000579,EVS360-018,Moscow,2032-02-07T12:50,2032-02-07T21:00,2.5
CLEAN-000580,EVS360-036,Saint Petersburg,2032-02-07T12:50,2032-02-07T20:00,2.5
CLEAN-000581,EVS360-019,Moscow,2032-02-07T13:20,2032-02-07T21:30,2.5
CLEAN-000582,EVS360-037,Saint Petersburg,2032-02-07T13:20,2032-02-07T20:30,2.5
CLEAN-000583,EVS360-020,Moscow,2032-02-07T13:50,2032-02-07T22:00,2.5
CLEAN-000584,EVS360-038,Saint Petersburg,2032-02-07T13:50,2032-02-07T21:00,2.5
CLEAN-000585,EVS360-039,Saint Petersburg,2032-02-07T14:10,2032-02-07T21:30,2.5
CLEAN-000586,EVS360-001,Moscow,2032-02-09T09:20,2032-02-09T17:30,2.5
CLEAN-000587,EVS360-002,Moscow,2032-02-09T09:35,2032-02-09T18:00,2.5
CLEAN-000588,EVS360-003,Moscow,2032-02-09T09:50,2032-02-09T18:15,2.5
CLEAN-000589,EVS360-021,Saint Petersburg,2032-02-09T09:50,2032-02-09T17:00,2.5
CLEAN-000590,EVS360-004,Moscow,2032-02-09T10:10,2032-02-09T18:30,2.5
CLEAN-000591,EVS360-022,Saint Petersburg,2032-02-09T10:10,2032-02-09T17:30,2.5
CLEAN-000592,EVS360-005,Moscow,2032-02-09T10:50,2032-02-09T19:00,2.5
CLEAN-000593,EVS360-023,Saint Petersburg,2032-02-09T10:50,2032-02-09T18:00,2.5
CLEAN-000594,EVS360-006,Moscow,2032-02-09T11:20,2032-02-09T19:30,2.5
CLEAN-000595,EVS360-024,Saint Petersburg,2032-02-09T11:20,2032-02-09T18:15,2.5
CLEAN-000596,EVS360-007,Moscow,2032-02-09T11:50,2032-02-09T20:00,2.5
CLEAN-000597,EVS360-025,Saint Petersburg,2032-02-09T11:50,2032-02-09T18:30,2.5
CLEAN-000598,EVS360-008,Moscow,2032-02-09T12:10,2032-02-09T20:15,2.5
CLEAN-000599,EVS360-026,Saint Petersburg,2032-02-09T12:10,2032-02-09T19:00,2.5
CLEAN-000600,EVS360-009,Moscow,2032-02-09T12:35,2032-02-09T20:30,2.5
CLEAN-000601,EVS360-027,Saint Petersburg,2032-02-09T12:35,2032-02-09T19:30,2.5
CLEAN-000602,EVS360-010,Moscow,2032-02-09T12:50,2032-02-09T21:00,2.5
CLEAN-000603,EVS360-028,Saint Petersburg,2032-02-09T12:50,2032-02-09T20:00,2.5
CLEAN-000604,EVS360-011,Moscow,2032-02-09T13:20,2032-02-09T21:30,2.5
CLEAN-000605,EVS360-029,Saint Petersburg,2032-02-09T13:20,2032-02-09T20:30,2.5
CLEAN-000606,EVS360-012,Moscow,2032-02-09T13:50,2032-02-09T22:00,2.5
CLEAN-000607,EVS360-030,Saint Petersburg,2032-02-09T13:50,2032-02-09T21:00,2.5
CLEAN-000608,EVS360-013,Moscow,2032-02-09T14:10,2032-02-10T06:00,2.5
CLEAN-000609,EVS360-031,Saint Petersburg,2032-02-09T14:10,2032-02-09T21:30,2.5
CLEAN-000610,EVS360-014,Moscow,2032-02-09T14:50,2032-02-10T06:15,2.5
CLEAN-000611,EVS360-032,Saint Petersburg,2032-02-09T14:50,2032-02-09T22:00,2.5
CLEAN-000612,EVS360-015,Moscow,2032-02-09T15:20,2032-02-10T06:30,2.5
CLEAN-000613,EVS360-033,Saint Petersburg,2032-02-09T15:20,2032-02-10T06:00,2.5
CLEAN-000614,EVS360-034,Saint Petersburg,2032-02-09T15:50,2032-02-10T06:15,2.5
CLEAN-000615,EVS360-016,Moscow,2032-02-09T16:10,2032-02-10T07:00,2.5
CLEAN-000616,EVS360-035,Saint Petersburg,2032-02-09T16:10,2032-02-10T06:30,2.5
CLEAN-000617,EVS360-017,Moscow,2032-02-09T16:50,2032-02-10T07:30,2.5
CLEAN-000618,EVS360-036,Saint Petersburg,2032-02-09T16:50,2032-02-10T07:00,2.5
CLEAN-000619,EVS360-018,Moscow,2032-02-09T17:20,2032-02-10T08:00,2.5
CLEAN-000620,EVS360-037,Saint Petersburg,2032-02-09T17:20,2032-02-10T07:15,2.5
CLEAN-000621,EVS360-019,Moscow,2032-02-09T18:10,2032-02-10T08:30,2.5
CLEAN-000622,EVS360-038,Saint Petersburg,2032-02-09T18:10,2032-02-10T07:30,2.5
CLEAN-000623,EVS360-020,Moscow,2032-02-09T18:50,2032-02-10T09:00,2.5
CLEAN-000624,EVS360-039,Saint Petersburg,2032-02-09T18:50,2032-02-10T08:00,2.5
CLEAN-000625,EVS360-001,Moscow,2032-02-11T12:35,2032-02-11T20:30,2.5
CLEAN-000626,EVS360-002,Moscow,2032-02-11T12:50,2032-02-11T21:00,2.5
CLEAN-000627,EVS360-003,Moscow,2032-02-11T13:20,2032-02-11T21:30,2.5
CLEAN-000628,EVS360-021,Saint Petersburg,2032-02-11T13:20,2032-02-11T20:30,2.5
CLEAN-000629,EVS360-004,Moscow,2032-02-11T13:50,2032-02-11T22:00,2.5
CLEAN-000630,EVS360-022,Saint Petersburg,2032-02-11T13:50,2032-02-11T21:00,2.5
CLEAN-000631,EVS360-005,Moscow,2032-02-11T14:10,2032-02-12T06:00,2.5
CLEAN-000632,EVS360-023,Saint Petersburg,2032-02-11T14:10,2032-02-11T21:30,2.5
CLEAN-000633,EVS360-006,Moscow,2032-02-11T14:50,2032-02-12T06:15,2.5
CLEAN-000634,EVS360-024,Saint Petersburg,2032-02-11T14:50,2032-02-11T22:00,2.5
CLEAN-000635,EVS360-007,Moscow,2032-02-11T15:20,2032-02-12T06:30,2.5
CLEAN-000636,EVS360-025,Saint Petersburg,2032-02-11T15:20,2032-02-12T06:00,2.5
CLEAN-000637,EVS360-026,Saint Petersburg,2032-02-11T15:50,2032-02-12T06:15,2.5
CLEAN-000638,EVS360-008,Moscow,2032-02-11T16:10,2032-02-12T07:00,2.5
CLEAN-000639,EVS360-027,Saint Petersburg,2032-02-11T16:10,2032-02-12T06:30,2.5
CLEAN-000640,EVS360-009,Moscow,2032-02-11T16:50,2032-02-12T07:30,2.5
CLEAN-000641,EVS360-028,Saint Petersburg,2032-02-11T16:50,2032-02-12T07:00,2.5
CLEAN-000642,EVS360-010,Moscow,2032-02-11T17:20,2032-02-12T08:00,2.5
CLEAN-000643,EVS360-029,Saint Petersburg,2032-02-11T17:20,2032-02-12T07:15,2.5
CLEAN-000644,EVS360-011,Moscow,2032-02-11T18:10,2032-02-12T08:30,2.5
CLEAN-000645,EVS360-030,Saint Petersburg,2032-02-11T18:10,2032-02-12T07:30,2.5
CLEAN-000646,EVS360-012,Moscow,2032-02-11T18:50,2032-02-12T09:00,2.5
CLEAN-000647,EVS360-031,Saint Petersburg,2032-02-11T18:50,2032-02-12T08:00,2.5
CLEAN-000648,EVS360-013,Moscow,2032-02-11T19:20,2032-02-12T09:30,2.5
CLEAN-000649,EVS360-014,Moscow,2032-02-11T19:50,2032-02-12T10:00,2.5
CLEAN-000650,EVS360-032,Saint Petersburg,2032-02-11T19:50,2032-02-12T08:30,2.5
CLEAN-000651,EVS360-015,Moscow,2032-02-11T20:10,2032-02-12T10:15,2.5
CLEAN-000652,EVS360-033,Saint Petersburg,2032-02-11T20:10,2032-02-12T09:00,2.5
CLEAN-000653,EVS360-016,Moscow,2032-02-11T20:35,2032-02-12T10:30,2.5
CLEAN-000654,EVS360-034,Saint Petersburg,2032-02-11T20:35,2032-02-12T09:30,2.5
CLEAN-000655,EVS360-017,Moscow,2032-02-11T20:50,2032-02-12T11:00,2.5
CLEAN-000656,EVS360-035,Saint Petersburg,2032-02-11T20:50,2032-02-12T10:00,2.5
CLEAN-000657,EVS360-018,Moscow,2032-02-11T21:20,2032-02-12T11:30,2.5
CLEAN-000658,EVS360-036,Saint Petersburg,2032-02-11T21:20,2032-02-12T10:15,2.5
CLEAN-000659,EVS360-019,Moscow,2032-02-11T21:50,2032-02-12T12:00,2.5
CLEAN-000660,EVS360-037,Saint Petersburg,2032-02-11T21:50,2032-02-12T10:30,2.5
CLEAN-000661,EVS360-020,Moscow,2032-02-11T22:10,2032-02-12T12:30,2.5
CLEAN-000662,EVS360-038,Saint Petersburg,2032-02-11T22:10,2032-02-12T11:00,2.5
CLEAN-000663,EVS360-039,Saint Petersburg,2032-02-11T22:35,2032-02-12T11:30,2.5
CLEAN-000664,EVS360-001,Moscow,2032-02-13T16:50,2032-02-14T07:30,2.5
CLEAN-000665,EVS360-002,Moscow,2032-02-13T17:20,2032-02-14T08:00,2.5
CLEAN-000666,EVS360-021,Saint Petersburg,2032-02-13T17:20,2032-02-14T07:15,2.5
CLEAN-000667,EVS360-003,Moscow,2032-02-13T18:10,2032-02-14T08:30,2.5
CLEAN-000668,EVS360-022,Saint Petersburg,2032-02-13T18:10,2032-02-14T07:30,2.5
CLEAN-000669,EVS360-004,Moscow,2032-02-13T18:50,2032-02-14T09:00,2.5
CLEAN-000670,EVS360-023,Saint Petersburg,2032-02-13T18:50,2032-02-14T08:00,2.5
CLEAN-000671,EVS360-005,Moscow,2032-02-13T19:20,2032-02-14T09:30,2.5
CLEAN-000672,EVS360-006,Moscow,2032-02-13T19:50,2032-02-14T10:00,2.5
CLEAN-000673,EVS360-024,Saint Petersburg,2032-02-13T19:50,2032-02-14T08:30,2.5
CLEAN-000674,EVS360-007,Moscow,2032-02-13T20:10,2032-02-14T10:15,2.5
CLEAN-000675,EVS360-025,Saint Petersburg,2032-02-13T20:10,2032-02-14T09:00,2.5
CLEAN-000676,EVS360-008,Moscow,2032-02-13T20:35,2032-02-14T10:30,2.5
CLEAN-000677,EVS360-026,Saint Petersburg,2032-02-13T20:35,2032-02-14T09:30,2.5
CLEAN-000678,EVS360-009,Moscow,2032-02-13T20:50,2032-02-14T11:00,2.5
CLEAN-000679,EVS360-027,Saint Petersburg,2032-02-13T20:50,2032-02-14T10:00,2.5
CLEAN-000680,EVS360-010,Moscow,2032-02-13T21:20,2032-02-14T11:30,2.5
CLEAN-000681,EVS360-028,Saint Petersburg,2032-02-13T21:20,2032-02-14T10:15,2.5
CLEAN-000682,EVS360-011,Moscow,2032-02-13T21:50,2032-02-14T12:00,2.5
CLEAN-000683,EVS360-029,Saint Petersburg,2032-02-13T21:50,2032-02-14T10:30,2.5
CLEAN-000684,EVS360-012,Moscow,2032-02-13T22:10,2032-02-14T12:30,2.5
CLEAN-000685,EVS360-030,Saint Petersburg,2032-02-13T22:10,2032-02-14T11:00,2.5
CLEAN-000686,EVS360-031,Saint Petersburg,2032-02-13T22:35,2032-02-14T11:30,2.5
CLEAN-000687,EVS360-013,Moscow,2032-02-13T22:50,2032-02-14T13:00,2.5
CLEAN-000688,EVS360-032,Saint Petersburg,2032-02-13T22:50,2032-02-14T12:00,2.5
CLEAN-000689,EVS360-014,Moscow,2032-02-13T23:20,2032-02-14T13:30,2.5
CLEAN-000690,EVS360-033,Saint Petersburg,2032-02-13T23:20,2032-02-14T12:30,2.5
CLEAN-000691,EVS360-015,Moscow,2032-02-13T23:50,2032-02-14T14:00,2.5
CLEAN-000692,EVS360-034,Saint Petersburg,2032-02-13T23:50,2032-02-14T13:00,2.5
CLEAN-000693,EVS360-016,Moscow,2032-02-14T00:10,2032-02-14T14:30,2.5
CLEAN-000694,EVS360-035,Saint Petersburg,2032-02-14T00:10,2032-02-14T14:00,2.5
CLEAN-000695,EVS360-017,Moscow,2032-02-14T08:10,2032-02-14T15:00,2.5
CLEAN-000696,EVS360-036,Saint Petersburg,2032-02-14T08:10,2032-02-14T14:30,2.5
CLEAN-000697,EVS360-018,Moscow,2032-02-14T08:35,2032-02-14T16:00,2.5
CLEAN-000698,EVS360-037,Saint Petersburg,2032-02-14T08:35,2032-02-14T15:00,2.5
CLEAN-000699,EVS360-019,Moscow,2032-02-14T08:50,2032-02-14T16:30,2.5
CLEAN-000700,EVS360-038,Saint Petersburg,2032-02-14T08:50,2032-02-14T16:00,2.5
CLEAN-000701,EVS360-020,Moscow,2032-02-14T09:20,2032-02-14T17:30,2.5
CLEAN-000702,EVS360-039,Saint Petersburg,2032-02-14T09:20,2032-02-14T16:30,2.5
CLEAN-000703,EVS360-001,Moscow,2032-02-15T20:50,2032-02-16T11:00,2.5
CLEAN-000704,EVS360-002,Moscow,2032-02-15T21:20,2032-02-16T11:30,2.5
CLEAN-000705,EVS360-003,Moscow,2032-02-15T21:50,2032-02-16T12:00,2.5
CLEAN-000706,EVS360-021,Saint Petersburg,2032-02-15T21:50,2032-02-16T10:30,2.5
CLEAN-000707,EVS360-004,Moscow,2032-02-15T22:10,2032-02-16T12:30,2.5
CLEAN-000708,EVS360-022,Saint Petersburg,2032-02-15T22:10,2032-02-16T11:00,2.5
CLEAN-000709,EVS360-023,Saint Petersburg,2032-02-15T22:35,2032-02-16T11:30,2.5
CLEAN-000710,EVS360-005,Moscow,2032-02-15T22:50,2032-02-16T13:00,2.5
CLEAN-000711,EVS360-024,Saint Petersburg,2032-02-15T22:50,2032-02-16T12:00,2.5
CLEAN-000712,EVS360-006,Moscow,2032-02-15T23:20,2032-02-16T13:30,2.5
CLEAN-000713,EVS360-025,Saint Petersburg,2032-02-15T23:20,2032-02-16T12:30,2.5
CLEAN-000714,EVS360-007,Moscow,2032-02-15T23:50,2032-02-16T14:00,2.5
CLEAN-000715,EVS360-026,Saint Petersburg,2032-02-15T23:50,2032-02-16T13:00,2.5
CLEAN-000716,EVS360-008,Moscow,2032-02-16T00:10,2032-02-16T14:30,2.5
CLEAN-000717,EVS360-027,Saint Petersburg,2032-02-16T00:10,2032-02-16T14:00,2.5
CLEAN-000718,EVS360-009,Moscow,2032-02-16T08:10,2032-02-16T15:00,2.5
CLEAN-000719,EVS360-028,Saint Petersburg,2032-02-16T08:10,2032-02-16T14:30,2.5
CLEAN-000720,EVS360-010,Moscow,2032-02-16T08:35,2032-02-16T16:00,2.5
CLEAN-000721,EVS360-029,Saint Petersburg,2032-02-16T08:35,2032-02-16T15:00,2.5
CLEAN-000722,EVS360-011,Moscow,2032-02-16T08:50,2032-02-16T16:30,2.5
CLEAN-000723,EVS360-030,Saint Petersburg,2032-02-16T08:50,2032-02-16T16:00,2.5
CLEAN-000724,EVS360-012,Moscow,2032-02-16T09:20,2032-02-16T17:30,2.5
CLEAN-000725,EVS360-031,Saint Petersburg,2032-02-16T09:20,2032-02-16T16:30,2.5
CLEAN-000726,EVS360-013,Moscow,2032-02-16T09:35,2032-02-16T18:00,2.5
CLEAN-000727,EVS360-014,Moscow,2032-02-16T09:50,2032-02-16T18:15,2.5
CLEAN-000728,EVS360-032,Saint Petersburg,2032-02-16T09:50,2032-02-16T17:00,2.5
CLEAN-000729,EVS360-015,Moscow,2032-02-16T10:10,2032-02-16T18:30,2.5
CLEAN-000730,EVS360-033,Saint Petersburg,2032-02-16T10:10,2032-02-16T17:30,2.5
CLEAN-000731,EVS360-016,Moscow,2032-02-16T10:50,2032-02-16T19:00,2.5
CLEAN-000732,EVS360-034,Saint Petersburg,2032-02-16T10:50,2032-02-16T18:00,2.5
CLEAN-000733,EVS360-017,Moscow,2032-02-16T11:20,2032-02-16T19:30,2.5
CLEAN-000734,EVS360-035,Saint Petersburg,2032-02-16T11:20,2032-02-16T18:15,2.5
CLEAN-000735,EVS360-018,Moscow,2032-02-16T11:50,2032-02-16T20:00,2.5
CLEAN-000736,EVS360-036,Saint Petersburg,2032-02-16T11:50,2032-02-16T18:30,2.5
CLEAN-000737,EVS360-019,Moscow,2032-02-16T12:10,2032-02-16T20:15,2.5
CLEAN-000738,EVS360-037,Saint Petersburg,2032-02-16T12:10,2032-02-16T19:00,2.5
CLEAN-000739,EVS360-020,Moscow,2032-02-16T12:35,2032-02-16T20:30,2.5
CLEAN-000740,EVS360-038,Saint Petersburg,2032-02-16T12:35,2032-02-16T19:30,2.5
CLEAN-000741,EVS360-039,Saint Petersburg,2032-02-16T12:50,2032-02-16T20:00,2.5
CLEAN-000742,EVS360-001,Moscow,2032-02-18T08:10,2032-02-18T15:00,2.5
CLEAN-000743,EVS360-002,Moscow,2032-02-18T08:35,2032-02-18T16:00,2.5
CLEAN-000744,EVS360-021,Saint Petersburg,2032-02-18T08:35,2032-02-18T15:00,2.5
CLEAN-000745,EVS360-003,Moscow,2032-02-18T08:50,2032-02-18T16:30,2.5
CLEAN-000746,EVS360-022,Saint Petersburg,2032-02-18T08:50,2032-02-18T16:00,2.5
CLEAN-000747,EVS360-004,Moscow,2032-02-18T09:20,2032-02-18T17:30,2.5
CLEAN-000748,EVS360-023,Saint Petersburg,2032-02-18T09:20,2032-02-18T16:30,2.5
CLEAN-000749,EVS360-005,Moscow,2032-02-18T09:35,2032-02-18T18:00,2.5
CLEAN-000750,EVS360-006,Moscow,2032-02-18T09:50,2032-02-18T18:15,2.5
CLEAN-000751,EVS360-024,Saint Petersburg,2032-02-18T09:50,2032-02-18T17:00,2.5
CLEAN-000752,EVS360-007,Moscow,2032-02-18T10:10,2032-02-18T18:30,2.5
CLEAN-000753,EVS360-025,Saint Petersburg,2032-02-18T10:10,2032-02-18T17:30,2.5
CLEAN-000754,EVS360-008,Moscow,2032-02-18T10:50,2032-02-18T19:00,2.5
CLEAN-000755,EVS360-026,Saint Petersburg,2032-02-18T10:50,2032-02-18T18:00,2.5
CLEAN-000756,EVS360-009,Moscow,2032-02-18T11:20,2032-02-18T19:30,2.5
CLEAN-000757,EVS360-027,Saint Petersburg,2032-02-18T11:20,2032-02-18T18:15,2.5
CLEAN-000758,EVS360-010,Moscow,2032-02-18T11:50,2032-02-18T20:00,2.5
CLEAN-000759,EVS360-028,Saint Petersburg,2032-02-18T11:50,2032-02-18T18:30,2.5
CLEAN-000760,EVS360-011,Moscow,2032-02-18T12:10,2032-02-18T20:15,2.5
CLEAN-000761,EVS360-029,Saint Petersburg,2032-02-18T12:10,2032-02-18T19:00,2.5
CLEAN-000762,EVS360-012,Moscow,2032-02-18T12:35,2032-02-18T20:30,2.5
CLEAN-000763,EVS360-030,Saint Petersburg,2032-02-18T12:35,2032-02-18T19:30,2.5
CLEAN-000764,EVS360-013,Moscow,2032-02-18T12:50,2032-02-18T21:00,2.5
CLEAN-000765,EVS360-031,Saint Petersburg,2032-02-18T12:50,2032-02-18T20:00,2.5
CLEAN-000766,EVS360-014,Moscow,2032-02-18T13:20,2032-02-18T21:30,2.5
CLEAN-000767,EVS360-032,Saint Petersburg,2032-02-18T13:20,2032-02-18T20:30,2.5
CLEAN-000768,EVS360-015,Moscow,2032-02-18T13:50,2032-02-18T22:00,2.5
CLEAN-000769,EVS360-033,Saint Petersburg,2032-02-18T13:50,2032-02-18T21:00,2.5
CLEAN-000770,EVS360-016,Moscow,2032-02-18T14:10,2032-02-19T06:00,2.5
CLEAN-000771,EVS360-034,Saint Petersburg,2032-02-18T14:10,2032-02-18T21:30,2.5
CLEAN-000772,EVS360-017,Moscow,2032-02-18T14:50,2032-02-19T06:15,2.5
CLEAN-000773,EVS360-035,Saint Petersburg,2032-02-18T14:50,2032-02-18T22:00,2.5
CLEAN-000774,EVS360-018,Moscow,2032-02-18T15:20,2032-02-19T06:30,2.5
CLEAN-000775,EVS360-036,Saint Petersburg,2032-02-18T15:20,2032-02-19T06:00,2.5
CLEAN-000776,EVS360-037,Saint Petersburg,2032-02-18T15:50,2032-02-19T06:15,2.5
CLEAN-000777,EVS360-019,Moscow,2032-02-18T16:10,2032-02-19T07:00,2.5
CLEAN-000778,EVS360-038,Saint Petersburg,2032-02-18T16:10,2032-02-19T06:30,2.5
CLEAN-000779,EVS360-020,Moscow,2032-02-18T16:50,2032-02-19T07:30,2.5
CLEAN-000780,EVS360-039,Saint Petersburg,2032-02-18T16:50,2032-02-19T07:00,2.5
CLEAN-000781,EVS360-001,Moscow,2032-02-20T11:20,2032-02-20T19:30,2.5
CLEAN-000782,EVS360-002,Moscow,2032-02-20T11:50,2032-02-20T20:00,2.5
CLEAN-000783,EVS360-003,Moscow,2032-02-20T12:10,2032-02-20T20:15,2.5
CLEAN-000784,EVS360-021,Saint Petersburg,2032-02-20T12:10,2032-02-20T19:00,2.5
CLEAN-000785,EVS360-004,Moscow,2032-02-20T12:35,2032-02-20T20:30,2.5
CLEAN-000786,EVS360-022,Saint Petersburg,2032-02-20T12:35,2032-02-20T19:30,2.5
CLEAN-000787,EVS360-005,Moscow,2032-02-20T12:50,2032-02-20T21:00,2.5
CLEAN-000788,EVS360-023,Saint Petersburg,2032-02-20T12:50,2032-02-20T20:00,2.5
CLEAN-000789,EVS360-006,Moscow,2032-02-20T13:20,2032-02-20T21:30,2.5
CLEAN-000790,EVS360-024,Saint Petersburg,2032-02-20T13:20,2032-02-20T20:30,2.5
CLEAN-000791,EVS360-007,Moscow,2032-02-20T13:50,2032-02-20T22:00,2.5
CLEAN-000792,EVS360-025,Saint Petersburg,2032-02-20T13:50,2032-02-20T21:00,2.5
CLEAN-000793,EVS360-008,Moscow,2032-02-20T14:10,2032-02-21T06:00,2.5
CLEAN-000794,EVS360-026,Saint Petersburg,2032-02-20T14:10,2032-02-20T21:30,2.5
CLEAN-000795,EVS360-009,Moscow,2032-02-20T14:50,2032-02-21T06:15,2.5
CLEAN-000796,EVS360-027,Saint Petersburg,2032-02-20T14:50,2032-02-20T22:00,2.5
CLEAN-000797,EVS360-010,Moscow,2032-02-20T15:20,2032-02-21T06:30,2.5
CLEAN-000798,EVS360-028,Saint Petersburg,2032-02-20T15:20,2032-02-21T06:00,2.5
CLEAN-000799,EVS360-029,Saint Petersburg,2032-02-20T15:50,2032-02-21T06:15,2.5
CLEAN-000800,EVS360-011,Moscow,2032-02-20T16:10,2032-02-21T07:00,2.5
CLEAN-000801,EVS360-030,Saint Petersburg,2032-02-20T16:10,2032-02-21T06:30,2.5
CLEAN-000802,EVS360-012,Moscow,2032-02-20T16:50,2032-02-21T07:30,2.5
CLEAN-000803,EVS360-031,Saint Petersburg,2032-02-20T16:50,2032-02-21T07:00,2.5
CLEAN-000804,EVS360-013,Moscow,2032-02-20T17:20,2032-02-21T08:00,2.5
CLEAN-000805,EVS360-032,Saint Petersburg,2032-02-20T17:20,2032-02-21T07:15,2.5
CLEAN-000806,EVS360-014,Moscow,2032-02-20T18:10,2032-02-21T08:30,2.5
CLEAN-000807,EVS360-033,Saint Petersburg,2032-02-20T18:10,2032-02-21T07:30,2.5
CLEAN-000808,EVS360-015,Moscow,2032-02-20T18:50,2032-02-21T09:00,2.5
CLEAN-000809,EVS360-034,Saint Petersburg,2032-02-20T18:50,2032-02-21T08:00,2.5
CLEAN-000810,EVS360-016,Moscow,2032-02-20T19:20,2032-02-21T09:30,2.5
CLEAN-000811,EVS360-017,Moscow,2032-02-20T19:50,2032-02-21T10:00,2.5
CLEAN-000812,EVS360-035,Saint Petersburg,2032-02-20T19:50,2032-02-21T08:30,2.5
CLEAN-000813,EVS360-018,Moscow,2032-02-20T20:10,2032-02-21T10:15,2.5
CLEAN-000814,EVS360-036,Saint Petersburg,2032-02-20T20:10,2032-02-21T09:00,2.5
CLEAN-000815,EVS360-019,Moscow,2032-02-20T20:35,2032-02-21T10:30,2.5
CLEAN-000816,EVS360-037,Saint Petersburg,2032-02-20T20:35,2032-02-21T09:30,2.5
CLEAN-000817,EVS360-020,Moscow,2032-02-20T20:50,2032-02-21T11:00,2.5
CLEAN-000818,EVS360-038,Saint Petersburg,2032-02-20T20:50,2032-02-21T10:00,2.5
CLEAN-000819,EVS360-039,Saint Petersburg,2032-02-20T21:20,2032-02-21T10:15,2.5
CLEAN-000820,EVS360-001,Moscow,2032-02-22T14:50,2032-02-23T06:15,2.5
CLEAN-000821,EVS360-002,Moscow,2032-02-22T15:20,2032-02-23T06:30,2.5
CLEAN-000822,EVS360-021,Saint Petersburg,2032-02-22T15:50,2032-02-23T06:15,2.5
CLEAN-000823,EVS360-003,Moscow,2032-02-22T16:10,2032-02-23T07:00,2.5
CLEAN-000824,EVS360-022,Saint Petersburg,2032-02-22T16:10,2032-02-23T06:30,2.5
CLEAN-000825,EVS360-004,Moscow,2032-02-22T16:50,2032-02-23T07:30,2.5
CLEAN-000826,EVS360-023,Saint Petersburg,2032-02-22T16:50,2032-02-23T07:00,2.5
CLEAN-000827,EVS360-005,Moscow,2032-02-22T17:20,2032-02-23T08:00,2.5
CLEAN-000828,EVS360-024,Saint Petersburg,2032-02-22T17:20,2032-02-23T07:15,2.5
CLEAN-000829,EVS360-006,Moscow,2032-02-22T18:10,2032-02-23T08:30,2.5
CLEAN-000830,EVS360-025,Saint Petersburg,2032-02-22T18:10,2032-02-23T07:30,2.5
CLEAN-000831,EVS360-007,Moscow,2032-02-22T18:50,2032-02-23T09:00,2.5
CLEAN-000832,EVS360-026,Saint Petersburg,2032-02-22T18:50,2032-02-23T08:00,2.5
CLEAN-000833,EVS360-008,Moscow,2032-02-22T19:20,2032-02-23T09:30,2.5
CLEAN-000834,EVS360-009,Moscow,2032-02-22T19:50,2032-02-23T10:00,2.5
CLEAN-000835,EVS360-027,Saint Petersburg,2032-02-22T19:50,2032-02-23T08:30,2.5
CLEAN-000836,EVS360-010,Moscow,2032-02-22T20:10,2032-02-23T10:15,2.5
CLEAN-000837,EVS360-028,Saint Petersburg,2032-02-22T20:10,2032-02-23T09:00,2.5
CLEAN-000838,EVS360-011,Moscow,2032-02-22T20:35,2032-02-23T10:30,2.5
CLEAN-000839,EVS360-029,Saint Petersburg,2032-02-22T20:35,2032-02-23T09:30,2.5
CLEAN-000840,EVS360-012,Moscow,2032-02-22T20:50,2032-02-23T11:00,2.5
CLEAN-000841,EVS360-030,Saint Petersburg,2032-02-22T20:50,2032-02-23T10:00,2.5
CLEAN-000842,EVS360-013,Moscow,2032-02-22T21:20,2032-02-23T11:30,2.5
CLEAN-000843,EVS360-031,Saint Petersburg,2032-02-22T21:20,2032-02-23T10:15,2.5
CLEAN-000844,EVS360-014,Moscow,2032-02-22T21:50,2032-02-23T12:00,2.5
CLEAN-000845,EVS360-032,Saint Petersburg,2032-02-22T21:50,2032-02-23T10:30,2.5
CLEAN-000846,EVS360-015,Moscow,2032-02-22T22:10,2032-02-23T12:30,2.5
CLEAN-000847,EVS360-033,Saint Petersburg,2032-02-22T22:10,2032-02-23T11:00,2.5
CLEAN-000848,EVS360-034,Saint Petersburg,2032-02-22T22:35,2032-02-23T11:30,2.5
CLEAN-000849,EVS360-016,Moscow,2032-02-22T22:50,2032-02-23T13:00,2.5
CLEAN-000850,EVS360-035,Saint Petersburg,2032-02-22T22:50,2032-02-23T12:00,2.5
CLEAN-000851,EVS360-017,Moscow,2032-02-22T23:20,2032-02-23T13:30,2.5
CLEAN-000852,EVS360-036,Saint Petersburg,2032-02-22T23:20,2032-02-23T12:30,2.5
CLEAN-000853,EVS360-018,Moscow,2032-02-22T23:50,2032-02-23T14:00,2.5
CLEAN-000854,EVS360-037,Saint Petersburg,2032-02-22T23:50,2032-02-23T13:00,2.5
CLEAN-000855,EVS360-019,Moscow,2032-02-23T00:10,2032-02-23T14:30,2.5
CLEAN-000856,EVS360-038,Saint Petersburg,2032-02-23T00:10,2032-02-23T14:00,2.5
CLEAN-000857,EVS360-020,Moscow,2032-02-23T08:10,2032-02-23T15:00,2.5
CLEAN-000858,EVS360-039,Saint Petersburg,2032-02-23T08:10,2032-02-23T14:30,2.5
CLEAN-000859,EVS360-001,Moscow,2032-02-24T19:50,2032-02-25T10:00,2.5
CLEAN-000860,EVS360-002,Moscow,2032-02-24T20:10,2032-02-25T10:15,2.5
CLEAN-000861,EVS360-003,Moscow,2032-02-24T20:35,2032-02-25T10:30,2.5
CLEAN-000862,EVS360-021,Saint Petersburg,2032-02-24T20:35,2032-02-25T09:30,2.5
CLEAN-000863,EVS360-004,Moscow,2032-02-24T20:50,2032-02-25T11:00,2.5
CLEAN-000864,EVS360-022,Saint Petersburg,2032-02-24T20:50,2032-02-25T10:00,2.5
CLEAN-000865,EVS360-005,Moscow,2032-02-24T21:20,2032-02-25T11:30,2.5
CLEAN-000866,EVS360-023,Saint Petersburg,2032-02-24T21:20,2032-02-25T10:15,2.5
CLEAN-000867,EVS360-006,Moscow,2032-02-24T21:50,2032-02-25T12:00,2.5
CLEAN-000868,EVS360-024,Saint Petersburg,2032-02-24T21:50,2032-02-25T10:30,2.5
CLEAN-000869,EVS360-007,Moscow,2032-02-24T22:10,2032-02-25T12:30,2.5
CLEAN-000870,EVS360-025,Saint Petersburg,2032-02-24T22:10,2032-02-25T11:00,2.5
CLEAN-000871,EVS360-026,Saint Petersburg,2032-02-24T22:35,2032-02-25T11:30,2.5
CLEAN-000872,EVS360-008,Moscow,2032-02-24T22:50,2032-02-25T13:00,2.5
CLEAN-000873,EVS360-027,Saint Petersburg,2032-02-24T22:50,2032-02-25T12:00,2.5
CLEAN-000874,EVS360-009,Moscow,2032-02-24T23:20,2032-02-25T13:30,2.5
CLEAN-000875,EVS360-028,Saint Petersburg,2032-02-24T23:20,2032-02-25T12:30,2.5
CLEAN-000876,EVS360-010,Moscow,2032-02-24T23:50,2032-02-25T14:00,2.5
CLEAN-000877,EVS360-029,Saint Petersburg,2032-02-24T23:50,2032-02-25T13:00,2.5
CLEAN-000878,EVS360-011,Moscow,2032-02-25T00:10,2032-02-25T14:30,2.5
CLEAN-000879,EVS360-030,Saint Petersburg,2032-02-25T00:10,2032-02-25T14:00,2.5
CLEAN-000880,EVS360-012,Moscow,2032-02-25T08:10,2032-02-25T15:00,2.5
CLEAN-000881,EVS360-031,Saint Petersburg,2032-02-25T08:10,2032-02-25T14:30,2.5
CLEAN-000882,EVS360-013,Moscow,2032-02-25T08:35,2032-02-25T16:00,2.5
CLEAN-000883,EVS360-032,Saint Petersburg,2032-02-25T08:35,2032-02-25T15:00,2.5
CLEAN-000884,EVS360-014,Moscow,2032-02-25T08:50,2032-02-25T16:30,2.5
CLEAN-000885,EVS360-033,Saint Petersburg,2032-02-25T08:50,2032-02-25T16:00,2.5
CLEAN-000886,EVS360-015,Moscow,2032-02-25T09:20,2032-02-25T17:30,2.5
CLEAN-000887,EVS360-034,Saint Petersburg,2032-02-25T09:20,2032-02-25T16:30,2.5
CLEAN-000888,EVS360-016,Moscow,2032-02-25T09:35,2032-02-25T18:00,2.5
CLEAN-000889,EVS360-017,Moscow,2032-02-25T09:50,2032-02-25T18:15,2.5
CLEAN-000890,EVS360-035,Saint Petersburg,2032-02-25T09:50,2032-02-25T17:00,2.5
CLEAN-000891,EVS360-018,Moscow,2032-02-25T10:10,2032-02-25T18:30,2.5
CLEAN-000892,EVS360-036,Saint Petersburg,2032-02-25T10:10,2032-02-25T17:30,2.5
CLEAN-000893,EVS360-019,Moscow,2032-02-25T10:50,2032-02-25T19:00,2.5
CLEAN-000894,EVS360-037,Saint Petersburg,2032-02-25T10:50,2032-02-25T18:00,2.5
CLEAN-000895,EVS360-020,Moscow,2032-02-25T11:20,2032-02-25T19:30,2.5
CLEAN-000896,EVS360-038,Saint Petersburg,2032-02-25T11:20,2032-02-25T18:15,2.5
CLEAN-000897,EVS360-039,Saint Petersburg,2032-02-25T11:50,2032-02-25T18:30,2.5
CLEAN-000898,EVS360-001,Moscow,2032-02-26T23:20,2032-02-27T13:30,2.5
CLEAN-000899,EVS360-002,Moscow,2032-02-26T23:50,2032-02-27T14:00,2.5
CLEAN-000900,EVS360-021,Saint Petersburg,2032-02-26T23:50,2032-02-27T13:00,2.5
CLEAN-000901,EVS360-003,Moscow,2032-02-27T00:10,2032-02-27T14:30,2.5
CLEAN-000902,EVS360-022,Saint Petersburg,2032-02-27T00:10,2032-02-27T14:00,2.5
CLEAN-000903,EVS360-004,Moscow,2032-02-27T08:10,2032-02-27T15:00,2.5
CLEAN-000904,EVS360-023,Saint Petersburg,2032-02-27T08:10,2032-02-27T14:30,2.5
CLEAN-000905,EVS360-005,Moscow,2032-02-27T08:35,2032-02-27T16:00,2.5
CLEAN-000906,EVS360-024,Saint Petersburg,2032-02-27T08:35,2032-02-27T15:00,2.5
CLEAN-000907,EVS360-006,Moscow,2032-02-27T08:50,2032-02-27T16:30,2.5
CLEAN-000908,EVS360-025,Saint Petersburg,2032-02-27T08:50,2032-02-27T16:00,2.5
CLEAN-000909,EVS360-007,Moscow,2032-02-27T09:20,2032-02-27T17:30,2.5
CLEAN-000910,EVS360-026,Saint Petersburg,2032-02-27T09:20,2032-02-27T16:30,2.5
CLEAN-000911,EVS360-008,Moscow,2032-02-27T09:35,2032-02-27T18:00,2.5
CLEAN-000912,EVS360-009,Moscow,2032-02-27T09:50,2032-02-27T18:15,2.5
CLEAN-000913,EVS360-027,Saint Petersburg,2032-02-27T09:50,2032-02-27T17:00,2.5
CLEAN-000914,EVS360-010,Moscow,2032-02-27T10:10,2032-02-27T18:30,2.5
CLEAN-000915,EVS360-028,Saint Petersburg,2032-02-27T10:10,2032-02-27T17:30,2.5
CLEAN-000916,EVS360-011,Moscow,2032-02-27T10:50,2032-02-27T19:00,2.5
CLEAN-000917,EVS360-029,Saint Petersburg,2032-02-27T10:50,2032-02-27T18:00,2.5
CLEAN-000918,EVS360-012,Moscow,2032-02-27T11:20,2032-02-27T19:30,2.5
CLEAN-000919,EVS360-030,Saint Petersburg,2032-02-27T11:20,2032-02-27T18:15,2.5
CLEAN-000920,EVS360-013,Moscow,2032-02-27T11:50,2032-02-27T20:00,2.5
CLEAN-000921,EVS360-031,Saint Petersburg,2032-02-27T11:50,2032-02-27T18:30,2.5
CLEAN-000922,EVS360-014,Moscow,2032-02-27T12:10,2032-02-27T20:15,2.5
CLEAN-000923,EVS360-032,Saint Petersburg,2032-02-27T12:10,2032-02-27T19:00,2.5
CLEAN-000924,EVS360-015,Moscow,2032-02-27T12:35,2032-02-27T20:30,2.5
CLEAN-000925,EVS360-033,Saint Petersburg,2032-02-27T12:35,2032-02-27T19:30,2.5
CLEAN-000926,EVS360-016,Moscow,2032-02-27T12:50,2032-02-27T21:00,2.5
CLEAN-000927,EVS360-034,Saint Petersburg,2032-02-27T12:50,2032-02-27T20:00,2.5
CLEAN-000928,EVS360-017,Moscow,2032-02-27T13:20,2032-02-27T21:30,2.5
CLEAN-000929,EVS360-035,Saint Petersburg,2032-02-27T13:20,2032-02-27T20:30,2.5
CLEAN-000930,EVS360-018,Moscow,2032-02-27T13:50,2032-02-27T22:00,2.5
CLEAN-000931,EVS360-036,Saint Petersburg,2032-02-27T13:50,2032-02-27T21:00,2.5
CLEAN-000932,EVS360-019,Moscow,2032-02-27T14:10,2032-02-28T06:00,2.5
CLEAN-000933,EVS360-037,Saint Petersburg,2032-02-27T14:10,2032-02-27T21:30,2.5
CLEAN-000934,EVS360-020,Moscow,2032-02-27T14:50,2032-02-28T06:15,2.5
CLEAN-000935,EVS360-038,Saint Petersburg,2032-02-27T14:50,2032-02-27T22:00,2.5
CLEAN-000936,EVS360-039,Saint Petersburg,2032-02-27T15:20,2032-02-28T06:00,2.5
CLEAN-000937,EVS360-001,Moscow,2032-02-29T09:50,2032-02-29T18:15,2.5
CLEAN-000938,EVS360-002,Moscow,2032-02-29T10:10,2032-02-29T18:30,2.5
CLEAN-000939,EVS360-003,Moscow,2032-02-29T10:50,2032-02-29T19:00,2.5
CLEAN-000940,EVS360-021,Saint Petersburg,2032-02-29T10:50,2032-02-29T18:00,2.5
CLEAN-000941,EVS360-004,Moscow,2032-02-29T11:20,2032-02-29T19:30,2.5
CLEAN-000942,EVS360-022,Saint Petersburg,2032-02-29T11:20,2032-02-29T18:15,2.5
CLEAN-000943,EVS360-005,Moscow,2032-02-29T11:50,2032-02-29T20:00,2.5
CLEAN-000944,EVS360-023,Saint Petersburg,2032-02-29T11:50,2032-02-29T18:30,2.5
CLEAN-000945,EVS360-006,Moscow,2032-02-29T12:10,2032-02-29T20:15,2.5
CLEAN-000946,EVS360-024,Saint Petersburg,2032-02-29T12:10,2032-02-29T19:00,2.5
CLEAN-000947,EVS360-007,Moscow,2032-02-29T12:35,2032-02-29T20:30,2.5
CLEAN-000948,EVS360-025,Saint Petersburg,2032-02-29T12:35,2032-02-29T19:30,2.5
CLEAN-000949,EVS360-008,Moscow,2032-02-29T12:50,2032-02-29T21:00,2.5
CLEAN-000950,EVS360-026,Saint Petersburg,2032-02-29T12:50,2032-02-29T20:00,2.5
CLEAN-000951,EVS360-009,Moscow,2032-02-29T13:20,2032-02-29T21:30,2.5
CLEAN-000952,EVS360-027,Saint Petersburg,2032-02-29T13:20,2032-02-29T20:30,2.5
CLEAN-000953,EVS360-010,Moscow,2032-02-29T13:50,2032-02-29T22:00,2.5
CLEAN-000954,EVS360-028,Saint Petersburg,2032-02-29T13:50,2032-02-29T21:00,2.5
CLEAN-000955,EVS360-011,Moscow,2032-02-29T14:10,2032-03-01T06:00,2.5
CLEAN-000956,EVS360-029,Saint Petersburg,2032-02-29T14:10,2032-02-29T21:30,2.5
CLEAN-000957,EVS360-012,Moscow,2032-02-29T14:50,2032-03-01T06:15,2.5
CLEAN-000958,EVS360-030,Saint Petersburg,2032-02-29T14:50,2032-02-29T22:00,2.5
CLEAN-000959,EVS360-013,Moscow,2032-02-29T15:20,2032-03-01T06:30,2.5
CLEAN-000960,EVS360-031,Saint Petersburg,2032-02-29T15:20,2032-03-01T06:00,2.5
CLEAN-000961,EVS360-032,Saint Petersburg,2032-02-29T15:50,2032-03-01T06:15,2.5
CLEAN-000962,EVS360-014,Moscow,2032-02-29T16:10,2032-03-01T07:00,2.5
CLEAN-000963,EVS360-033,Saint Petersburg,2032-02-29T16:10,2032-03-01T06:30,2.5
CLEAN-000964,EVS360-015,Moscow,2032-02-29T16:50,2032-03-01T07:30,2.5
CLEAN-000965,EVS360-034,Saint Petersburg,2032-02-29T16:50,2032-03-01T07:00,2.5
CLEAN-000966,EVS360-016,Moscow,2032-02-29T17:20,2032-03-01T08:00,2.5
CLEAN-000967,EVS360-035,Saint Petersburg,2032-02-29T17:20,2032-03-01T07:15,2.5
CLEAN-000968,EVS360-017,Moscow,2032-02-29T18:10,2032-03-01T08:30,2.5
CLEAN-000969,EVS360-036,Saint Petersburg,2032-02-29T18:10,2032-03-01T07:30,2.5
CLEAN-000970,EVS360-018,Moscow,2032-02-29T18:50,2032-03-01T09:00,2.5
CLEAN-000971,EVS360-037,Saint Petersburg,2032-02-29T18:50,2032-03-01T08:00,2.5
CLEAN-000972,EVS360-019,Moscow,2032-02-29T19:20,2032-03-01T09:30,2.5
CLEAN-000973,EVS360-020,Moscow,2032-02-29T19:50,2032-03-01T10:00,2.5
CLEAN-000974,EVS360-038,Saint Petersburg,2032-02-29T19:50,2032-03-01T08:30,2.5
CLEAN-000975,EVS360-039,Saint Petersburg,2032-02-29T20:10,2032-03-01T09:00,2.5
CLEAN-000976,EVS360-001,Moscow,2032-03-02T13:20,2032-03-02T21:30,2.5
CLEAN-000977,EVS360-002,Moscow,2032-03-02T13:50,2032-03-02T22:00,2.5
CLEAN-000978,EVS360-003,Moscow,2032-03-02T14:10,2032-03-03T06:00,2.5
CLEAN-000979,EVS360-021,Saint Petersburg,2032-03-02T14:10,2032-03-02T21:30,2.5
CLEAN-000980,EVS360-004,Moscow,2032-03-02T14:50,2032-03-03T06:15,2.5
CLEAN-000981,EVS360-022,Saint Petersburg,2032-03-02T14:50,2032-03-02T22:00,2.5
CLEAN-000982,EVS360-005,Moscow,2032-03-02T15:20,2032-03-03T06:30,2.5
CLEAN-000983,EVS360-023,Saint Petersburg,2032-03-02T15:20,2032-03-03T06:00,2.5
CLEAN-000984,EVS360-024,Saint Petersburg,2032-03-02T15:50,2032-03-03T06:15,2.5
CLEAN-000985,EVS360-006,Moscow,2032-03-02T16:10,2032-03-03T07:00,2.5
CLEAN-000986,EVS360-025,Saint Petersburg,2032-03-02T16:10,2032-03-03T06:30,2.5
CLEAN-000987,EVS360-007,Moscow,2032-03-02T16:50,2032-03-03T07:30,2.5
CLEAN-000988,EVS360-026,Saint Petersburg,2032-03-02T16:50,2032-03-03T07:00,2.5
CLEAN-000989,EVS360-008,Moscow,2032-03-02T17:20,2032-03-03T08:00,2.5
CLEAN-000990,EVS360-027,Saint Petersburg,2032-03-02T17:20,2032-03-03T07:15,2.5
CLEAN-000991,EVS360-009,Moscow,2032-03-02T18:10,2032-03-03T08:30,2.5
CLEAN-000992,EVS360-028,Saint Petersburg,2032-03-02T18:10,2032-03-03T07:30,2.5
CLEAN-000993,EVS360-010,Moscow,2032-03-02T18:50,2032-03-03T09:00,2.5
CLEAN-000994,EVS360-029,Saint Petersburg,2032-03-02T18:50,2032-03-03T08:00,2.5
CLEAN-000995,EVS360-011,Moscow,2032-03-02T19:20,2032-03-03T09:30,2.5
CLEAN-000996,EVS360-012,Moscow,2032-03-02T19:50,2032-03-03T10:00,2.5
CLEAN-000997,EVS360-030,Saint Petersburg,2032-03-02T19:50,2032-03-03T08:30,2.5
CLEAN-000998,EVS360-013,Moscow,2032-03-02T20:10,2032-03-03T10:15,2.5
CLEAN-000999,EVS360-031,Saint Petersburg,2032-03-02T20:10,2032-03-03T09:00,2.5
CLEAN-001000,EVS360-014,Moscow,2032-03-02T20:35,2032-03-03T10:30,2.5
CLEAN-001001,EVS360-032,Saint Petersburg,2032-03-02T20:35,2032-03-03T09:30,2.5
CLEAN-001002,EVS360-015,Moscow,2032-03-02T20:50,2032-03-03T11:00,2.5
CLEAN-001003,EVS360-033,Saint Petersburg,2032-03-02T20:50,2032-03-03T10:00,2.5
CLEAN-001004,EVS360-016,Moscow,2032-03-02T21:20,2032-03-03T11:30,2.5
CLEAN-001005,EVS360-034,Saint Petersburg,2032-03-02T21:20,2032-03-03T10:15,2.5
CLEAN-001006,EVS360-017,Moscow,2032-03-02T21:50,2032-03-03T12:00,2.5
CLEAN-001007,EVS360-035,Saint Petersburg,2032-03-02T21:50,2032-03-03T10:30,2.5
CLEAN-001008,EVS360-018,Moscow,2032-03-02T22:10,2032-03-03T12:30,2.5
CLEAN-001009,EVS360-036,Saint Petersburg,2032-03-02T22:10,2032-03-03T11:00,2.5
CLEAN-001010,EVS360-037,Saint Petersburg,2032-03-02T22:35,2032-03-03T11:30,2.5
CLEAN-001011,EVS360-019,Moscow,2032-03-02T22:50,2032-03-03T13:00,2.5
CLEAN-001012,EVS360-038,Saint Petersburg,2032-03-02T22:50,2032-03-03T12:00,2.5
CLEAN-001013,EVS360-020,Moscow,2032-03-02T23:20,2032-03-03T13:30,2.5
CLEAN-001014,EVS360-039,Saint Petersburg,2032-03-02T23:20,2032-03-03T12:30,2.5
CLEAN-001015,EVS360-001,Moscow,2032-03-04T18:10,2032-03-05T08:30,2.5
CLEAN-001016,EVS360-002,Moscow,2032-03-04T18:50,2032-03-05T09:00,2.5
CLEAN-001017,EVS360-021,Saint Petersburg,2032-03-04T18:50,2032-03-05T08:00,2.5
CLEAN-001018,EVS360-003,Moscow,2032-03-04T19:20,2032-03-05T09:30,2.5
CLEAN-001019,EVS360-004,Moscow,2032-03-04T19:50,2032-03-05T10:00,2.5
CLEAN-001020,EVS360-022,Saint Petersburg,2032-03-04T19:50,2032-03-05T08:30,2.5
CLEAN-001021,EVS360-005,Moscow,2032-03-04T20:10,2032-03-05T10:15,2.5
CLEAN-001022,EVS360-023,Saint Petersburg,2032-03-04T20:10,2032-03-05T09:00,2.5
CLEAN-001023,EVS360-006,Moscow,2032-03-04T20:35,2032-03-05T10:30,2.5
CLEAN-001024,EVS360-024,Saint Petersburg,2032-03-04T20:35,2032-03-05T09:30,2.5
CLEAN-001025,EVS360-007,Moscow,2032-03-04T20:50,2032-03-05T11:00,2.5
CLEAN-001026,EVS360-025,Saint Petersburg,2032-03-04T20:50,2032-03-05T10:00,2.5
CLEAN-001027,EVS360-008,Moscow,2032-03-04T21:20,2032-03-05T11:30,2.5
CLEAN-001028,EVS360-026,Saint Petersburg,2032-03-04T21:20,2032-03-05T10:15,2.5
CLEAN-001029,EVS360-009,Moscow,2032-03-04T21:50,2032-03-05T12:00,2.5
CLEAN-001030,EVS360-027,Saint Petersburg,2032-03-04T21:50,2032-03-05T10:30,2.5
CLEAN-001031,EVS360-010,Moscow,2032-03-04T22:10,2032-03-05T12:30,2.5
CLEAN-001032,EVS360-028,Saint Petersburg,2032-03-04T22:10,2032-03-05T11:00,2.5
CLEAN-001033,EVS360-029,Saint Petersburg,2032-03-04T22:35,2032-03-05T11:30,2.5
CLEAN-001034,EVS360-011,Moscow,2032-03-04T22:50,2032-03-05T13:00,2.5
CLEAN-001035,EVS360-030,Saint Petersburg,2032-03-04T22:50,2032-03-05T12:00,2.5
CLEAN-001036,EVS360-012,Moscow,2032-03-04T23:20,2032-03-05T13:30,2.5
CLEAN-001037,EVS360-031,Saint Petersburg,2032-03-04T23:20,2032-03-05T12:30,2.5
CLEAN-001038,EVS360-013,Moscow,2032-03-04T23:50,2032-03-05T14:00,2.5
CLEAN-001039,EVS360-032,Saint Petersburg,2032-03-04T23:50,2032-03-05T13:00,2.5
CLEAN-001040,EVS360-014,Moscow,2032-03-05T00:10,2032-03-05T14:30,2.5
CLEAN-001041,EVS360-033,Saint Petersburg,2032-03-05T00:10,2032-03-05T14:00,2.5
CLEAN-001042,EVS360-015,Moscow,2032-03-05T08:10,2032-03-05T15:00,2.5
CLEAN-001043,EVS360-034,Saint Petersburg,2032-03-05T08:10,2032-03-05T14:30,2.5
CLEAN-001044,EVS360-016,Moscow,2032-03-05T08:35,2032-03-05T16:00,2.5
CLEAN-001045,EVS360-035,Saint Petersburg,2032-03-05T08:35,2032-03-05T15:00,2.5
CLEAN-001046,EVS360-017,Moscow,2032-03-05T08:50,2032-03-05T16:30,2.5
CLEAN-001047,EVS360-036,Saint Petersburg,2032-03-05T08:50,2032-03-05T16:00,2.5
CLEAN-001048,EVS360-018,Moscow,2032-03-05T09:20,2032-03-05T17:30,2.5
CLEAN-001049,EVS360-037,Saint Petersburg,2032-03-05T09:20,2032-03-05T16:30,2.5
CLEAN-001050,EVS360-019,Moscow,2032-03-05T09:35,2032-03-05T18:00,2.5
CLEAN-001051,EVS360-020,Moscow,2032-03-05T09:50,2032-03-05T18:15,2.5
CLEAN-001052,EVS360-038,Saint Petersburg,2032-03-05T09:50,2032-03-05T17:00,2.5
CLEAN-001053,EVS360-039,Saint Petersburg,2032-03-05T10:10,2032-03-05T17:30,2.5
CLEAN-001054,EVS360-001,Moscow,2032-03-06T21:50,2032-03-07T12:00,2.5
CLEAN-001055,EVS360-002,Moscow,2032-03-06T22:10,2032-03-07T12:30,2.5
CLEAN-001056,EVS360-021,Saint Petersburg,2032-03-06T22:35,2032-03-07T11:30,2.5
CLEAN-001057,EVS360-003,Moscow,2032-03-06T22:50,2032-03-07T13:00,2.5
CLEAN-001058,EVS360-022,Saint Petersburg,2032-03-06T22:50,2032-03-07T12:00,2.5
CLEAN-001059,EVS360-004,Moscow,2032-03-06T23:20,2032-03-07T13:30,2.5
CLEAN-001060,EVS360-023,Saint Petersburg,2032-03-06T23:20,2032-03-07T12:30,2.5
CLEAN-001061,EVS360-005,Moscow,2032-03-06T23:50,2032-03-07T14:00,2.5
CLEAN-001062,EVS360-024,Saint Petersburg,2032-03-06T23:50,2032-03-07T13:00,2.5
CLEAN-001063,EVS360-006,Moscow,2032-03-07T00:10,2032-03-07T14:30,2.5
CLEAN-001064,EVS360-025,Saint Petersburg,2032-03-07T00:10,2032-03-07T14:00,2.5
CLEAN-001065,EVS360-007,Moscow,2032-03-07T08:10,2032-03-07T15:00,2.5
CLEAN-001066,EVS360-026,Saint Petersburg,2032-03-07T08:10,2032-03-07T14:30,2.5
CLEAN-001067,EVS360-008,Moscow,2032-03-07T08:35,2032-03-07T16:00,2.5
CLEAN-001068,EVS360-027,Saint Petersburg,2032-03-07T08:35,2032-03-07T15:00,2.5
CLEAN-001069,EVS360-009,Moscow,2032-03-07T08:50,2032-03-07T16:30,2.5
CLEAN-001070,EVS360-028,Saint Petersburg,2032-03-07T08:50,2032-03-07T16:00,2.5
CLEAN-001071,EVS360-010,Moscow,2032-03-07T09:20,2032-03-07T17:30,2.5
CLEAN-001072,EVS360-029,Saint Petersburg,2032-03-07T09:20,2032-03-07T16:30,2.5
CLEAN-001073,EVS360-011,Moscow,2032-03-07T09:35,2032-03-07T18:00,2.5
CLEAN-001074,EVS360-012,Moscow,2032-03-07T09:50,2032-03-07T18:15,2.5
CLEAN-001075,EVS360-030,Saint Petersburg,2032-03-07T09:50,2032-03-07T17:00,2.5
CLEAN-001076,EVS360-013,Moscow,2032-03-07T10:10,2032-03-07T18:30,2.5
CLEAN-001077,EVS360-031,Saint Petersburg,2032-03-07T10:10,2032-03-07T17:30,2.5
CLEAN-001078,EVS360-014,Moscow,2032-03-07T10:50,2032-03-07T19:00,2.5
CLEAN-001079,EVS360-032,Saint Petersburg,2032-03-07T10:50,2032-03-07T18:00,2.5
CLEAN-001080,EVS360-015,Moscow,2032-03-07T11:20,2032-03-07T19:30,2.5
CLEAN-001081,EVS360-033,Saint Petersburg,2032-03-07T11:20,2032-03-07T18:15,2.5
CLEAN-001082,EVS360-016,Moscow,2032-03-07T11:50,2032-03-07T20:00,2.5
CLEAN-001083,EVS360-034,Saint Petersburg,2032-03-07T11:50,2032-03-07T18:30,2.5
CLEAN-001084,EVS360-017,Moscow,2032-03-07T12:10,2032-03-07T20:15,2.5
CLEAN-001085,EVS360-035,Saint Petersburg,2032-03-07T12:10,2032-03-07T19:00,2.5
CLEAN-001086,EVS360-018,Moscow,2032-03-07T12:35,2032-03-07T20:30,2.5
CLEAN-001087,EVS360-036,Saint Petersburg,2032-03-07T12:35,2032-03-07T19:30,2.5
CLEAN-001088,EVS360-019,Moscow,2032-03-07T12:50,2032-03-07T21:00,2.5
CLEAN-001089,EVS360-037,Saint Petersburg,2032-03-07T12:50,2032-03-07T20:00,2.5
CLEAN-001090,EVS360-020,Moscow,2032-03-07T13:20,2032-03-07T21:30,2.5
CLEAN-001091,EVS360-038,Saint Petersburg,2032-03-07T13:20,2032-03-07T20:30,2.5
CLEAN-001092,EVS360-039,Saint Petersburg,2032-03-07T13:50,2032-03-07T21:00,2.5
CLEAN-001093,EVS360-001,Moscow,2032-03-09T08:50,2032-03-09T16:30,2.5
CLEAN-001094,EVS360-002,Moscow,2032-03-09T09:20,2032-03-09T17:30,2.5
CLEAN-001095,EVS360-021,Saint Petersburg,2032-03-09T09:20,2032-03-09T16:30,2.5
CLEAN-001096,EVS360-003,Moscow,2032-03-09T09:35,2032-03-09T18:00,2.5
CLEAN-001097,EVS360-004,Moscow,2032-03-09T09:50,2032-03-09T18:15,2.5
CLEAN-001098,EVS360-022,Saint Petersburg,2032-03-09T09:50,2032-03-09T17:00,2.5
CLEAN-001099,EVS360-005,Moscow,2032-03-09T10:10,2032-03-09T18:30,2.5
CLEAN-001100,EVS360-023,Saint Petersburg,2032-03-09T10:10,2032-03-09T17:30,2.5
CLEAN-001101,EVS360-006,Moscow,2032-03-09T10:50,2032-03-09T19:00,2.5
CLEAN-001102,EVS360-024,Saint Petersburg,2032-03-09T10:50,2032-03-09T18:00,2.5
CLEAN-001103,EVS360-007,Moscow,2032-03-09T11:20,2032-03-09T19:30,2.5
CLEAN-001104,EVS360-025,Saint Petersburg,2032-03-09T11:20,2032-03-09T18:15,2.5
CLEAN-001105,EVS360-008,Moscow,2032-03-09T11:50,2032-03-09T20:00,2.5
CLEAN-001106,EVS360-026,Saint Petersburg,2032-03-09T11:50,2032-03-09T18:30,2.5
CLEAN-001107,EVS360-009,Moscow,2032-03-09T12:10,2032-03-09T20:15,2.5
CLEAN-001108,EVS360-027,Saint Petersburg,2032-03-09T12:10,2032-03-09T19:00,2.5
CLEAN-001109,EVS360-010,Moscow,2032-03-09T12:35,2032-03-09T20:30,2.5
CLEAN-001110,EVS360-028,Saint Petersburg,2032-03-09T12:35,2032-03-09T19:30,2.5
CLEAN-001111,EVS360-011,Moscow,2032-03-09T12:50,2032-03-09T21:00,2.5
CLEAN-001112,EVS360-029,Saint Petersburg,2032-03-09T12:50,2032-03-09T20:00,2.5
CLEAN-001113,EVS360-012,Moscow,2032-03-09T13:20,2032-03-09T21:30,2.5
CLEAN-001114,EVS360-030,Saint Petersburg,2032-03-09T13:20,2032-03-09T20:30,2.5
CLEAN-001115,EVS360-013,Moscow,2032-03-09T13:50,2032-03-09T22:00,2.5
CLEAN-001116,EVS360-031,Saint Petersburg,2032-03-09T13:50,2032-03-09T21:00,2.5
CLEAN-001117,EVS360-014,Moscow,2032-03-09T14:10,2032-03-10T06:00,2.5
CLEAN-001118,EVS360-032,Saint Petersburg,2032-03-09T14:10,2032-03-09T21:30,2.5
CLEAN-001119,EVS360-015,Moscow,2032-03-09T14:50,2032-03-10T06:15,2.5
CLEAN-001120,EVS360-033,Saint Petersburg,2032-03-09T14:50,2032-03-09T22:00,2.5
CLEAN-001121,EVS360-016,Moscow,2032-03-09T15:20,2032-03-10T06:30,2.5
CLEAN-001122,EVS360-034,Saint Petersburg,2032-03-09T15:20,2032-03-10T06:00,2.5
CLEAN-001123,EVS360-035,Saint Petersburg,2032-03-09T15:50,2032-03-10T06:15,2.5
CLEAN-001124,EVS360-017,Moscow,2032-03-09T16:10,2032-03-10T07:00,2.5
CLEAN-001125,EVS360-036,Saint Petersburg,2032-03-09T16:10,2032-03-10T06:30,2.5
CLEAN-001126,EVS360-018,Moscow,2032-03-09T16:50,2032-03-10T07:30,2.5
CLEAN-001127,EVS360-037,Saint Petersburg,2032-03-09T16:50,2032-03-10T07:00,2.5
CLEAN-001128,EVS360-019,Moscow,2032-03-09T17:20,2032-03-10T08:00,2.5
CLEAN-001129,EVS360-038,Saint Petersburg,2032-03-09T17:20,2032-03-10T07:15,2.5
CLEAN-001130,EVS360-020,Moscow,2032-03-09T18:10,2032-03-10T08:30,2.5
CLEAN-001131,EVS360-039,Saint Petersburg,2032-03-09T18:10,2032-03-10T07:30,2.5
CLEAN-001132,EVS360-001,Moscow,2032-03-11T12:10,2032-03-11T20:15,2.5
CLEAN-001133,EVS360-002,Moscow,2032-03-11T12:35,2032-03-11T20:30,2.5
CLEAN-001134,EVS360-003,Moscow,2032-03-11T12:50,2032-03-11T21:00,2.5
CLEAN-001135,EVS360-021,Saint Petersburg,2032-03-11T12:50,2032-03-11T20:00,2.5
CLEAN-001136,EVS360-004,Moscow,2032-03-11T13:20,2032-03-11T21:30,2.5
CLEAN-001137,EVS360-022,Saint Petersburg,2032-03-11T13:20,2032-03-11T20:30,2.5
CLEAN-001138,EVS360-005,Moscow,2032-03-11T13:50,2032-03-11T22:00,2.5
CLEAN-001139,EVS360-023,Saint Petersburg,2032-03-11T13:50,2032-03-11T21:00,2.5
CLEAN-001140,EVS360-006,Moscow,2032-03-11T14:10,2032-03-12T06:00,2.5
CLEAN-001141,EVS360-024,Saint Petersburg,2032-03-11T14:10,2032-03-11T21:30,2.5
CLEAN-001142,EVS360-007,Moscow,2032-03-11T14:50,2032-03-12T06:15,2.5
CLEAN-001143,EVS360-025,Saint Petersburg,2032-03-11T14:50,2032-03-11T22:00,2.5
CLEAN-001144,EVS360-008,Moscow,2032-03-11T15:20,2032-03-12T06:30,2.5
CLEAN-001145,EVS360-026,Saint Petersburg,2032-03-11T15:20,2032-03-12T06:00,2.5
CLEAN-001146,EVS360-027,Saint Petersburg,2032-03-11T15:50,2032-03-12T06:15,2.5
CLEAN-001147,EVS360-009,Moscow,2032-03-11T16:10,2032-03-12T07:00,2.5
CLEAN-001148,EVS360-028,Saint Petersburg,2032-03-11T16:10,2032-03-12T06:30,2.5
CLEAN-001149,EVS360-010,Moscow,2032-03-11T16:50,2032-03-12T07:30,2.5
CLEAN-001150,EVS360-029,Saint Petersburg,2032-03-11T16:50,2032-03-12T07:00,2.5
CLEAN-001151,EVS360-011,Moscow,2032-03-11T17:20,2032-03-12T08:00,2.5
CLEAN-001152,EVS360-030,Saint Petersburg,2032-03-11T17:20,2032-03-12T07:15,2.5
CLEAN-001153,EVS360-012,Moscow,2032-03-11T18:10,2032-03-12T08:30,2.5
CLEAN-001154,EVS360-031,Saint Petersburg,2032-03-11T18:10,2032-03-12T07:30,2.5
CLEAN-001155,EVS360-013,Moscow,2032-03-11T18:50,2032-03-12T09:00,2.5
CLEAN-001156,EVS360-032,Saint Petersburg,2032-03-11T18:50,2032-03-12T08:00,2.5
CLEAN-001157,EVS360-014,Moscow,2032-03-11T19:20,2032-03-12T09:30,2.5
CLEAN-001158,EVS360-015,Moscow,2032-03-11T19:50,2032-03-12T10:00,2.5
CLEAN-001159,EVS360-033,Saint Petersburg,2032-03-11T19:50,2032-03-12T08:30,2.5
CLEAN-001160,EVS360-016,Moscow,2032-03-11T20:10,2032-03-12T10:15,2.5
CLEAN-001161,EVS360-034,Saint Petersburg,2032-03-11T20:10,2032-03-12T09:00,2.5
CLEAN-001162,EVS360-017,Moscow,2032-03-11T20:35,2032-03-12T10:30,2.5
CLEAN-001163,EVS360-035,Saint Petersburg,2032-03-11T20:35,2032-03-12T09:30,2.5
CLEAN-001164,EVS360-018,Moscow,2032-03-11T20:50,2032-03-12T11:00,2.5
CLEAN-001165,EVS360-036,Saint Petersburg,2032-03-11T20:50,2032-03-12T10:00,2.5
CLEAN-001166,EVS360-019,Moscow,2032-03-11T21:20,2032-03-12T11:30,2.5
CLEAN-001167,EVS360-037,Saint Petersburg,2032-03-11T21:20,2032-03-12T10:15,2.5
CLEAN-001168,EVS360-020,Moscow,2032-03-11T21:50,2032-03-12T12:00,2.5
CLEAN-001169,EVS360-038,Saint Petersburg,2032-03-11T21:50,2032-03-12T10:30,2.5
CLEAN-001170,EVS360-039,Saint Petersburg,2032-03-11T22:10,2032-03-12T11:00,2.5
CLEAN-001171,EVS360-001,Moscow,2032-03-13T16:10,2032-03-14T07:00,2.5
CLEAN-001172,EVS360-002,Moscow,2032-03-13T16:50,2032-03-14T07:30,2.5
CLEAN-001173,EVS360-021,Saint Petersburg,2032-03-13T16:50,2032-03-14T07:00,2.5
CLEAN-001174,EVS360-003,Moscow,2032-03-13T17:20,2032-03-14T08:00,2.5
CLEAN-001175,EVS360-022,Saint Petersburg,2032-03-13T17:20,2032-03-14T07:15,2.5
CLEAN-001176,EVS360-004,Moscow,2032-03-13T18:10,2032-03-14T08:30,2.5
CLEAN-001177,EVS360-023,Saint Petersburg,2032-03-13T18:10,2032-03-14T07:30,2.5
CLEAN-001178,EVS360-005,Moscow,2032-03-13T18:50,2032-03-14T09:00,2.5
CLEAN-001179,EVS360-024,Saint Petersburg,2032-03-13T18:50,2032-03-14T08:00,2.5
CLEAN-001180,EVS360-006,Moscow,2032-03-13T19:20,2032-03-14T09:30,2.5
CLEAN-001181,EVS360-007,Moscow,2032-03-13T19:50,2032-03-14T10:00,2.5
CLEAN-001182,EVS360-025,Saint Petersburg,2032-03-13T19:50,2032-03-14T08:30,2.5
CLEAN-001183,EVS360-008,Moscow,2032-03-13T20:10,2032-03-14T10:15,2.5
CLEAN-001184,EVS360-026,Saint Petersburg,2032-03-13T20:10,2032-03-14T09:00,2.5
CLEAN-001185,EVS360-009,Moscow,2032-03-13T20:35,2032-03-14T10:30,2.5
CLEAN-001186,EVS360-027,Saint Petersburg,2032-03-13T20:35,2032-03-14T09:30,2.5
CLEAN-001187,EVS360-010,Moscow,2032-03-13T20:50,2032-03-14T11:00,2.5
CLEAN-001188,EVS360-028,Saint Petersburg,2032-03-13T20:50,2032-03-14T10:00,2.5
CLEAN-001189,EVS360-011,Moscow,2032-03-13T21:20,2032-03-14T11:30,2.5
CLEAN-001190,EVS360-029,Saint Petersburg,2032-03-13T21:20,2032-03-14T10:15,2.5
CLEAN-001191,EVS360-012,Moscow,2032-03-13T21:50,2032-03-14T12:00,2.5
CLEAN-001192,EVS360-030,Saint Petersburg,2032-03-13T21:50,2032-03-14T10:30,2.5
CLEAN-001193,EVS360-013,Moscow,2032-03-13T22:10,2032-03-14T12:30,2.5
CLEAN-001194,EVS360-031,Saint Petersburg,2032-03-13T22:10,2032-03-14T11:00,2.5
CLEAN-001195,EVS360-032,Saint Petersburg,2032-03-13T22:35,2032-03-14T11:30,2.5
CLEAN-001196,EVS360-014,Moscow,2032-03-13T22:50,2032-03-14T13:00,2.5
CLEAN-001197,EVS360-033,Saint Petersburg,2032-03-13T22:50,2032-03-14T12:00,2.5
CLEAN-001198,EVS360-015,Moscow,2032-03-13T23:20,2032-03-14T13:30,2.5
CLEAN-001199,EVS360-034,Saint Petersburg,2032-03-13T23:20,2032-03-14T12:30,2.5
CLEAN-001200,EVS360-016,Moscow,2032-03-13T23:50,2032-03-14T14:00,2.5
CLEAN-001201,EVS360-035,Saint Petersburg,2032-03-13T23:50,2032-03-14T13:00,2.5
CLEAN-001202,EVS360-017,Moscow,2032-03-14T00:10,2032-03-14T14:30,2.5
CLEAN-001203,EVS360-036,Saint Petersburg,2032-03-14T00:10,2032-03-14T14:00,2.5
CLEAN-001204,EVS360-018,Moscow,2032-03-14T08:10,2032-03-14T15:00,2.5
CLEAN-001205,EVS360-037,Saint Petersburg,2032-03-14T08:10,2032-03-14T14:30,2.5
CLEAN-001206,EVS360-019,Moscow,2032-03-14T08:35,2032-03-14T16:00,2.5
CLEAN-001207,EVS360-038,Saint Petersburg,2032-03-14T08:35,2032-03-14T15:00,2.5
CLEAN-001208,EVS360-020,Moscow,2032-03-14T08:50,2032-03-14T16:30,2.5
CLEAN-001209,EVS360-039,Saint Petersburg,2032-03-14T08:50,2032-03-14T16:00,2.5
CLEAN-001210,EVS360-001,Moscow,2032-03-15T20:35,2032-03-16T10:30,2.5
CLEAN-001211,EVS360-002,Moscow,2032-03-15T20:50,2032-03-16T11:00,2.5
CLEAN-001212,EVS360-003,Moscow,2032-03-15T21:20,2032-03-16T11:30,2.5
CLEAN-001213,EVS360-021,Saint Petersburg,2032-03-15T21:20,2032-03-16T10:15,2.5
CLEAN-001214,EVS360-004,Moscow,2032-03-15T21:50,2032-03-16T12:00,2.5
CLEAN-001215,EVS360-022,Saint Petersburg,2032-03-15T21:50,2032-03-16T10:30,2.5
CLEAN-001216,EVS360-005,Moscow,2032-03-15T22:10,2032-03-16T12:30,2.5
CLEAN-001217,EVS360-023,Saint Petersburg,2032-03-15T22:10,2032-03-16T11:00,2.5
CLEAN-001218,EVS360-024,Saint Petersburg,2032-03-15T22:35,2032-03-16T11:30,2.5
CLEAN-001219,EVS360-006,Moscow,2032-03-15T22:50,2032-03-16T13:00,2.5
CLEAN-001220,EVS360-025,Saint Petersburg,2032-03-15T22:50,2032-03-16T12:00,2.5
CLEAN-001221,EVS360-007,Moscow,2032-03-15T23:20,2032-03-16T13:30,2.5
CLEAN-001222,EVS360-026,Saint Petersburg,2032-03-15T23:20,2032-03-16T12:30,2.5
CLEAN-001223,EVS360-008,Moscow,2032-03-15T23:50,2032-03-16T14:00,2.5
CLEAN-001224,EVS360-027,Saint Petersburg,2032-03-15T23:50,2032-03-16T13:00,2.5
CLEAN-001225,EVS360-009,Moscow,2032-03-16T00:10,2032-03-16T14:30,2.5
CLEAN-001226,EVS360-028,Saint Petersburg,2032-03-16T00:10,2032-03-16T14:00,2.5
CLEAN-001227,EVS360-010,Moscow,2032-03-16T08:10,2032-03-16T15:00,2.5
CLEAN-001228,EVS360-029,Saint Petersburg,2032-03-16T08:10,2032-03-16T14:30,2.5
CLEAN-001229,EVS360-011,Moscow,2032-03-16T08:35,2032-03-16T16:00,2.5
CLEAN-001230,EVS360-030,Saint Petersburg,2032-03-16T08:35,2032-03-16T15:00,2.5
CLEAN-001231,EVS360-012,Moscow,2032-03-16T08:50,2032-03-16T16:30,2.5
CLEAN-001232,EVS360-031,Saint Petersburg,2032-03-16T08:50,2032-03-16T16:00,2.5
CLEAN-001233,EVS360-013,Moscow,2032-03-16T09:20,2032-03-16T17:30,2.5
CLEAN-001234,EVS360-032,Saint Petersburg,2032-03-16T09:20,2032-03-16T16:30,2.5
CLEAN-001235,EVS360-014,Moscow,2032-03-16T09:35,2032-03-16T18:00,2.5
CLEAN-001236,EVS360-015,Moscow,2032-03-16T09:50,2032-03-16T18:15,2.5
CLEAN-001237,EVS360-033,Saint Petersburg,2032-03-16T09:50,2032-03-16T17:00,2.5
CLEAN-001238,EVS360-016,Moscow,2032-03-16T10:10,2032-03-16T18:30,2.5
CLEAN-001239,EVS360-034,Saint Petersburg,2032-03-16T10:10,2032-03-16T17:30,2.5
CLEAN-001240,EVS360-017,Moscow,2032-03-16T10:50,2032-03-16T19:00,2.5
CLEAN-001241,EVS360-035,Saint Petersburg,2032-03-16T10:50,2032-03-16T18:00,2.5
CLEAN-001242,EVS360-018,Moscow,2032-03-16T11:20,2032-03-16T19:30,2.5
CLEAN-001243,EVS360-036,Saint Petersburg,2032-03-16T11:20,2032-03-16T18:15,2.5
CLEAN-001244,EVS360-019,Moscow,2032-03-16T11:50,2032-03-16T20:00,2.5
CLEAN-001245,EVS360-037,Saint Petersburg,2032-03-16T11:50,2032-03-16T18:30,2.5
CLEAN-001246,EVS360-020,Moscow,2032-03-16T12:10,2032-03-16T20:15,2.5
CLEAN-001247,EVS360-038,Saint Petersburg,2032-03-16T12:10,2032-03-16T19:00,2.5
CLEAN-001248,EVS360-039,Saint Petersburg,2032-03-16T12:35,2032-03-16T19:30,2.5
CLEAN-001249,EVS360-001,Moscow,2032-03-18T00:10,2032-03-18T14:30,2.5
CLEAN-001250,EVS360-002,Moscow,2032-03-18T08:10,2032-03-18T15:00,2.5
CLEAN-001251,EVS360-021,Saint Petersburg,2032-03-18T08:10,2032-03-18T14:30,2.5
CLEAN-001252,EVS360-003,Moscow,2032-03-18T08:35,2032-03-18T16:00,2.5
CLEAN-001253,EVS360-022,Saint Petersburg,2032-03-18T08:35,2032-03-18T15:00,2.5
CLEAN-001254,EVS360-004,Moscow,2032-03-18T08:50,2032-03-18T16:30,2.5
CLEAN-001255,EVS360-023,Saint Petersburg,2032-03-18T08:50,2032-03-18T16:00,2.5
CLEAN-001256,EVS360-005,Moscow,2032-03-18T09:20,2032-03-18T17:30,2.5
CLEAN-001257,EVS360-024,Saint Petersburg,2032-03-18T09:20,2032-03-18T16:30,2.5
CLEAN-001258,EVS360-006,Moscow,2032-03-18T09:35,2032-03-18T18:00,2.5
CLEAN-001259,EVS360-007,Moscow,2032-03-18T09:50,2032-03-18T18:15,2.5
CLEAN-001260,EVS360-025,Saint Petersburg,2032-03-18T09:50,2032-03-18T17:00,2.5
CLEAN-001261,EVS360-008,Moscow,2032-03-18T10:10,2032-03-18T18:30,2.5
CLEAN-001262,EVS360-026,Saint Petersburg,2032-03-18T10:10,2032-03-18T17:30,2.5
CLEAN-001263,EVS360-009,Moscow,2032-03-18T10:50,2032-03-18T19:00,2.5
CLEAN-001264,EVS360-027,Saint Petersburg,2032-03-18T10:50,2032-03-18T18:00,2.5
CLEAN-001265,EVS360-010,Moscow,2032-03-18T11:20,2032-03-18T19:30,2.5
CLEAN-001266,EVS360-028,Saint Petersburg,2032-03-18T11:20,2032-03-18T18:15,2.5
CLEAN-001267,EVS360-011,Moscow,2032-03-18T11:50,2032-03-18T20:00,2.5
CLEAN-001268,EVS360-029,Saint Petersburg,2032-03-18T11:50,2032-03-18T18:30,2.5
CLEAN-001269,EVS360-012,Moscow,2032-03-18T12:10,2032-03-18T20:15,2.5
CLEAN-001270,EVS360-030,Saint Petersburg,2032-03-18T12:10,2032-03-18T19:00,2.5
CLEAN-001271,EVS360-013,Moscow,2032-03-18T12:35,2032-03-18T20:30,2.5
CLEAN-001272,EVS360-031,Saint Petersburg,2032-03-18T12:35,2032-03-18T19:30,2.5
CLEAN-001273,EVS360-014,Moscow,2032-03-18T12:50,2032-03-18T21:00,2.5
CLEAN-001274,EVS360-032,Saint Petersburg,2032-03-18T12:50,2032-03-18T20:00,2.5
CLEAN-001275,EVS360-015,Moscow,2032-03-18T13:20,2032-03-18T21:30,2.5
CLEAN-001276,EVS360-033,Saint Petersburg,2032-03-18T13:20,2032-03-18T20:30,2.5
CLEAN-001277,EVS360-016,Moscow,2032-03-18T13:50,2032-03-18T22:00,2.5
CLEAN-001278,EVS360-034,Saint Petersburg,2032-03-18T13:50,2032-03-18T21:00,2.5
CLEAN-001279,EVS360-017,Moscow,2032-03-18T14:10,2032-03-19T06:00,2.5
CLEAN-001280,EVS360-035,Saint Petersburg,2032-03-18T14:10,2032-03-18T21:30,2.5
CLEAN-001281,EVS360-018,Moscow,2032-03-18T14:50,2032-03-19T06:15,2.5
CLEAN-001282,EVS360-036,Saint Petersburg,2032-03-18T14:50,2032-03-18T22:00,2.5
CLEAN-001283,EVS360-019,Moscow,2032-03-18T15:20,2032-03-19T06:30,2.5
CLEAN-001284,EVS360-037,Saint Petersburg,2032-03-18T15:20,2032-03-19T06:00,2.5
CLEAN-001285,EVS360-038,Saint Petersburg,2032-03-18T15:50,2032-03-19T06:15,2.5
CLEAN-001286,EVS360-020,Moscow,2032-03-18T16:10,2032-03-19T07:00,2.5
CLEAN-001287,EVS360-039,Saint Petersburg,2032-03-18T16:10,2032-03-19T06:30,2.5
CLEAN-001288,EVS360-001,Moscow,2032-03-20T10:50,2032-03-20T19:00,2.5
CLEAN-001289,EVS360-002,Moscow,2032-03-20T11:20,2032-03-20T19:30,2.5
CLEAN-001290,EVS360-003,Moscow,2032-03-20T11:50,2032-03-20T20:00,2.5
CLEAN-001291,EVS360-021,Saint Petersburg,2032-03-20T11:50,2032-03-20T18:30,2.5
CLEAN-001292,EVS360-004,Moscow,2032-03-20T12:10,2032-03-20T20:15,2.5
CLEAN-001293,EVS360-022,Saint Petersburg,2032-03-20T12:10,2032-03-20T19:00,2.5
CLEAN-001294,EVS360-005,Moscow,2032-03-20T12:35,2032-03-20T20:30,2.5
CLEAN-001295,EVS360-023,Saint Petersburg,2032-03-20T12:35,2032-03-20T19:30,2.5
CLEAN-001296,EVS360-006,Moscow,2032-03-20T12:50,2032-03-20T21:00,2.5
CLEAN-001297,EVS360-024,Saint Petersburg,2032-03-20T12:50,2032-03-20T20:00,2.5
CLEAN-001298,EVS360-007,Moscow,2032-03-20T13:20,2032-03-20T21:30,2.5
CLEAN-001299,EVS360-025,Saint Petersburg,2032-03-20T13:20,2032-03-20T20:30,2.5
CLEAN-001300,EVS360-008,Moscow,2032-03-20T13:50,2032-03-20T22:00,2.5
CLEAN-001301,EVS360-026,Saint Petersburg,2032-03-20T13:50,2032-03-20T21:00,2.5
CLEAN-001302,EVS360-009,Moscow,2032-03-20T14:10,2032-03-21T06:00,2.5
CLEAN-001303,EVS360-027,Saint Petersburg,2032-03-20T14:10,2032-03-20T21:30,2.5
CLEAN-001304,EVS360-010,Moscow,2032-03-20T14:50,2032-03-21T06:15,2.5
CLEAN-001305,EVS360-028,Saint Petersburg,2032-03-20T14:50,2032-03-20T22:00,2.5
CLEAN-001306,EVS360-011,Moscow,2032-03-20T15:20,2032-03-21T06:30,2.5
CLEAN-001307,EVS360-029,Saint Petersburg,2032-03-20T15:20,2032-03-21T06:00,2.5
CLEAN-001308,EVS360-030,Saint Petersburg,2032-03-20T15:50,2032-03-21T06:15,2.5
CLEAN-001309,EVS360-012,Moscow,2032-03-20T16:10,2032-03-21T07:00,2.5
CLEAN-001310,EVS360-031,Saint Petersburg,2032-03-20T16:10,2032-03-21T06:30,2.5
CLEAN-001311,EVS360-013,Moscow,2032-03-20T16:50,2032-03-21T07:30,2.5
CLEAN-001312,EVS360-032,Saint Petersburg,2032-03-20T16:50,2032-03-21T07:00,2.5
CLEAN-001313,EVS360-014,Moscow,2032-03-20T17:20,2032-03-21T08:00,2.5
CLEAN-001314,EVS360-033,Saint Petersburg,2032-03-20T17:20,2032-03-21T07:15,2.5
CLEAN-001315,EVS360-015,Moscow,2032-03-20T18:10,2032-03-21T08:30,2.5
CLEAN-001316,EVS360-034,Saint Petersburg,2032-03-20T18:10,2032-03-21T07:30,2.5
CLEAN-001317,EVS360-016,Moscow,2032-03-20T18:50,2032-03-21T09:00,2.5
CLEAN-001318,EVS360-035,Saint Petersburg,2032-03-20T18:50,2032-03-21T08:00,2.5
CLEAN-001319,EVS360-017,Moscow,2032-03-20T19:20,2032-03-21T09:30,2.5
CLEAN-001320,EVS360-018,Moscow,2032-03-20T19:50,2032-03-21T10:00,2.5
CLEAN-001321,EVS360-036,Saint Petersburg,2032-03-20T19:50,2032-03-21T08:30,2.5
CLEAN-001322,EVS360-019,Moscow,2032-03-20T20:10,2032-03-21T10:15,2.5
CLEAN-001323,EVS360-037,Saint Petersburg,2032-03-20T20:10,2032-03-21T09:00,2.5
CLEAN-001324,EVS360-020,Moscow,2032-03-20T20:35,2032-03-21T10:30,2.5
CLEAN-001325,EVS360-038,Saint Petersburg,2032-03-20T20:35,2032-03-21T09:30,2.5
CLEAN-001326,EVS360-039,Saint Petersburg,2032-03-20T20:50,2032-03-21T10:00,2.5
CLEAN-001327,EVS360-001,Moscow,2032-03-22T14:10,2032-03-23T06:00,2.5
CLEAN-001328,EVS360-002,Moscow,2032-03-22T14:50,2032-03-23T06:15,2.5
CLEAN-001329,EVS360-003,Moscow,2032-03-22T15:20,2032-03-23T06:30,2.5
CLEAN-001330,EVS360-021,Saint Petersburg,2032-03-22T15:20,2032-03-23T06:00,2.5
CLEAN-001331,EVS360-022,Saint Petersburg,2032-03-22T15:50,2032-03-23T06:15,2.5
CLEAN-001332,EVS360-004,Moscow,2032-03-22T16:10,2032-03-23T07:00,2.5
CLEAN-001333,EVS360-023,Saint Petersburg,2032-03-22T16:10,2032-03-23T06:30,2.5
CLEAN-001334,EVS360-005,Moscow,2032-03-22T16:50,2032-03-23T07:30,2.5
CLEAN-001335,EVS360-024,Saint Petersburg,2032-03-22T16:50,2032-03-23T07:00,2.5
CLEAN-001336,EVS360-006,Moscow,2032-03-22T17:20,2032-03-23T08:00,2.5
CLEAN-001337,EVS360-025,Saint Petersburg,2032-03-22T17:20,2032-03-23T07:15,2.5
CLEAN-001338,EVS360-007,Moscow,2032-03-22T18:10,2032-03-23T08:30,2.5
CLEAN-001339,EVS360-026,Saint Petersburg,2032-03-22T18:10,2032-03-23T07:30,2.5
CLEAN-001340,EVS360-008,Moscow,2032-03-22T18:50,2032-03-23T09:00,2.5
CLEAN-001341,EVS360-027,Saint Petersburg,2032-03-22T18:50,2032-03-23T08:00,2.5
CLEAN-001342,EVS360-009,Moscow,2032-03-22T19:20,2032-03-23T09:30,2.5
CLEAN-001343,EVS360-010,Moscow,2032-03-22T19:50,2032-03-23T10:00,2.5
CLEAN-001344,EVS360-028,Saint Petersburg,2032-03-22T19:50,2032-03-23T08:30,2.5
CLEAN-001345,EVS360-011,Moscow,2032-03-22T20:10,2032-03-23T10:15,2.5
CLEAN-001346,EVS360-029,Saint Petersburg,2032-03-22T20:10,2032-03-23T09:00,2.5
CLEAN-001347,EVS360-012,Moscow,2032-03-22T20:35,2032-03-23T10:30,2.5
CLEAN-001348,EVS360-030,Saint Petersburg,2032-03-22T20:35,2032-03-23T09:30,2.5
CLEAN-001349,EVS360-013,Moscow,2032-03-22T20:50,2032-03-23T11:00,2.5
CLEAN-001350,EVS360-031,Saint Petersburg,2032-03-22T20:50,2032-03-23T10:00,2.5
CLEAN-001351,EVS360-014,Moscow,2032-03-22T21:20,2032-03-23T11:30,2.5
CLEAN-001352,EVS360-032,Saint Petersburg,2032-03-22T21:20,2032-03-23T10:15,2.5
CLEAN-001353,EVS360-015,Moscow,2032-03-22T21:50,2032-03-23T12:00,2.5
CLEAN-001354,EVS360-033,Saint Petersburg,2032-03-22T21:50,2032-03-23T10:30,2.5
CLEAN-001355,EVS360-016,Moscow,2032-03-22T22:10,2032-03-23T12:30,2.5
CLEAN-001356,EVS360-034,Saint Petersburg,2032-03-22T22:10,2032-03-23T11:00,2.5
CLEAN-001357,EVS360-035,Saint Petersburg,2032-03-22T22:35,2032-03-23T11:30,2.5
CLEAN-001358,EVS360-017,Moscow,2032-03-22T22:50,2032-03-23T13:00,2.5
CLEAN-001359,EVS360-036,Saint Petersburg,2032-03-22T22:50,2032-03-23T12:00,2.5
CLEAN-001360,EVS360-018,Moscow,2032-03-22T23:20,2032-03-23T13:30,2.5
CLEAN-001361,EVS360-037,Saint Petersburg,2032-03-22T23:20,2032-03-23T12:30,2.5
CLEAN-001362,EVS360-019,Moscow,2032-03-22T23:50,2032-03-23T14:00,2.5
CLEAN-001363,EVS360-038,Saint Petersburg,2032-03-22T23:50,2032-03-23T13:00,2.5
CLEAN-001364,EVS360-020,Moscow,2032-03-23T00:10,2032-03-23T14:30,2.5
CLEAN-001365,EVS360-039,Saint Petersburg,2032-03-23T00:10,2032-03-23T14:00,2.5
CLEAN-001366,EVS360-001,Moscow,2032-03-24T19:20,2032-03-25T09:30,2.5
CLEAN-001367,EVS360-002,Moscow,2032-03-24T19:50,2032-03-25T10:00,2.5
CLEAN-001368,EVS360-003,Moscow,2032-03-24T20:10,2032-03-25T10:15,2.5
CLEAN-001369,EVS360-021,Saint Petersburg,2032-03-24T20:10,2032-03-25T09:00,2.5
CLEAN-001370,EVS360-004,Moscow,2032-03-24T20:35,2032-03-25T10:30,2.5
CLEAN-001371,EVS360-022,Saint Petersburg,2032-03-24T20:35,2032-03-25T09:30,2.5
CLEAN-001372,EVS360-005,Moscow,2032-03-24T20:50,2032-03-25T11:00,2.5
CLEAN-001373,EVS360-023,Saint Petersburg,2032-03-24T20:50,2032-03-25T10:00,2.5
CLEAN-001374,EVS360-006,Moscow,2032-03-24T21:20,2032-03-25T11:30,2.5
CLEAN-001375,EVS360-024,Saint Petersburg,2032-03-24T21:20,2032-03-25T10:15,2.5
CLEAN-001376,EVS360-007,Moscow,2032-03-24T21:50,2032-03-25T12:00,2.5
CLEAN-001377,EVS360-025,Saint Petersburg,2032-03-24T21:50,2032-03-25T10:30,2.5
CLEAN-001378,EVS360-008,Moscow,2032-03-24T22:10,2032-03-25T12:30,2.5
CLEAN-001379,EVS360-026,Saint Petersburg,2032-03-24T22:10,2032-03-25T11:00,2.5
CLEAN-001380,EVS360-027,Saint Petersburg,2032-03-24T22:35,2032-03-25T11:30,2.5
CLEAN-001381,EVS360-009,Moscow,2032-03-24T22:50,2032-03-25T13:00,2.5
CLEAN-001382,EVS360-028,Saint Petersburg,2032-03-24T22:50,2032-03-25T12:00,2.5
CLEAN-001383,EVS360-010,Moscow,2032-03-24T23:20,2032-03-25T13:30,2.5
CLEAN-001384,EVS360-029,Saint Petersburg,2032-03-24T23:20,2032-03-25T12:30,2.5
CLEAN-001385,EVS360-011,Moscow,2032-03-24T23:50,2032-03-25T14:00,2.5
CLEAN-001386,EVS360-030,Saint Petersburg,2032-03-24T23:50,2032-03-25T13:00,2.5
CLEAN-001387,EVS360-012,Moscow,2032-03-25T00:10,2032-03-25T14:30,2.5
CLEAN-001388,EVS360-031,Saint Petersburg,2032-03-25T00:10,2032-03-25T14:00,2.5
CLEAN-001389,EVS360-013,Moscow,2032-03-25T08:10,2032-03-25T15:00,2.5
CLEAN-001390,EVS360-032,Saint Petersburg,2032-03-25T08:10,2032-03-25T14:30,2.5
CLEAN-001391,EVS360-014,Moscow,2032-03-25T08:35,2032-03-25T16:00,2.5
CLEAN-001392,EVS360-033,Saint Petersburg,2032-03-25T08:35,2032-03-25T15:00,2.5
CLEAN-001393,EVS360-015,Moscow,2032-03-25T08:50,2032-03-25T16:30,2.5
CLEAN-001394,EVS360-034,Saint Petersburg,2032-03-25T08:50,2032-03-25T16:00,2.5
CLEAN-001395,EVS360-016,Moscow,2032-03-25T09:20,2032-03-25T17:30,2.5
CLEAN-001396,EVS360-035,Saint Petersburg,2032-03-25T09:20,2032-03-25T16:30,2.5
CLEAN-001397,EVS360-017,Moscow,2032-03-25T09:35,2032-03-25T18:00,2.5
CLEAN-001398,EVS360-018,Moscow,2032-03-25T09:50,2032-03-25T18:15,2.5
CLEAN-001399,EVS360-036,Saint Petersburg,2032-03-25T09:50,2032-03-25T17:00,2.5
CLEAN-001400,EVS360-019,Moscow,2032-03-25T10:10,2032-03-25T18:30,2.5
CLEAN-001401,EVS360-037,Saint Petersburg,2032-03-25T10:10,2032-03-25T17:30,2.5
CLEAN-001402,EVS360-020,Moscow,2032-03-25T10:50,2032-03-25T19:00,2.5
CLEAN-001403,EVS360-038,Saint Petersburg,2032-03-25T10:50,2032-03-25T18:00,2.5
CLEAN-001404,EVS360-039,Saint Petersburg,2032-03-25T11:20,2032-03-25T18:15,2.5
CLEAN-001405,EVS360-001,Moscow,2032-03-26T22:50,2032-03-27T13:00,2.5
CLEAN-001406,EVS360-002,Moscow,2032-03-26T23:20,2032-03-27T13:30,2.5
CLEAN-001407,EVS360-021,Saint Petersburg,2032-03-26T23:20,2032-03-27T12:30,2.5
CLEAN-001408,EVS360-003,Moscow,2032-03-26T23:50,2032-03-27T14:00,2.5
CLEAN-001409,EVS360-022,Saint Petersburg,2032-03-26T23:50,2032-03-27T13:00,2.5
CLEAN-001410,EVS360-004,Moscow,2032-03-27T00:10,2032-03-27T14:30,2.5
CLEAN-001411,EVS360-023,Saint Petersburg,2032-03-27T00:10,2032-03-27T14:00,2.5
CLEAN-001412,EVS360-005,Moscow,2032-03-27T08:10,2032-03-27T15:00,2.5
CLEAN-001413,EVS360-024,Saint Petersburg,2032-03-27T08:10,2032-03-27T14:30,2.5
CLEAN-001414,EVS360-006,Moscow,2032-03-27T08:35,2032-03-27T16:00,2.5
CLEAN-001415,EVS360-025,Saint Petersburg,2032-03-27T08:35,2032-03-27T15:00,2.5
CLEAN-001416,EVS360-007,Moscow,2032-03-27T08:50,2032-03-27T16:30,2.5
CLEAN-001417,EVS360-026,Saint Petersburg,2032-03-27T08:50,2032-03-27T16:00,2.5
CLEAN-001418,EVS360-008,Moscow,2032-03-27T09:20,2032-03-27T17:30,2.5
CLEAN-001419,EVS360-027,Saint Petersburg,2032-03-27T09:20,2032-03-27T16:30,2.5
CLEAN-001420,EVS360-009,Moscow,2032-03-27T09:35,2032-03-27T18:00,2.5
CLEAN-001421,EVS360-010,Moscow,2032-03-27T09:50,2032-03-27T18:15,2.5
CLEAN-001422,EVS360-028,Saint Petersburg,2032-03-27T09:50,2032-03-27T17:00,2.5
CLEAN-001423,EVS360-011,Moscow,2032-03-27T10:10,2032-03-27T18:30,2.5
CLEAN-001424,EVS360-029,Saint Petersburg,2032-03-27T10:10,2032-03-27T17:30,2.5
CLEAN-001425,EVS360-012,Moscow,2032-03-27T10:50,2032-03-27T19:00,2.5
CLEAN-001426,EVS360-030,Saint Petersburg,2032-03-27T10:50,2032-03-27T18:00,2.5
CLEAN-001427,EVS360-013,Moscow,2032-03-27T11:20,2032-03-27T19:30,2.5
CLEAN-001428,EVS360-031,Saint Petersburg,2032-03-27T11:20,2032-03-27T18:15,2.5
CLEAN-001429,EVS360-014,Moscow,2032-03-27T11:50,2032-03-27T20:00,2.5
CLEAN-001430,EVS360-032,Saint Petersburg,2032-03-27T11:50,2032-03-27T18:30,2.5
CLEAN-001431,EVS360-015,Moscow,2032-03-27T12:10,2032-03-27T20:15,2.5
CLEAN-001432,EVS360-033,Saint Petersburg,2032-03-27T12:10,2032-03-27T19:00,2.5
CLEAN-001433,EVS360-016,Moscow,2032-03-27T12:35,2032-03-27T20:30,2.5
CLEAN-001434,EVS360-034,Saint Petersburg,2032-03-27T12:35,2032-03-27T19:30,2.5
CLEAN-001435,EVS360-017,Moscow,2032-03-27T12:50,2032-03-27T21:00,2.5
CLEAN-001436,EVS360-035,Saint Petersburg,2032-03-27T12:50,2032-03-27T20:00,2.5
CLEAN-001437,EVS360-018,Moscow,2032-03-27T13:20,2032-03-27T21:30,2.5
CLEAN-001438,EVS360-036,Saint Petersburg,2032-03-27T13:20,2032-03-27T20:30,2.5
CLEAN-001439,EVS360-019,Moscow,2032-03-27T13:50,2032-03-27T22:00,2.5
CLEAN-001440,EVS360-037,Saint Petersburg,2032-03-27T13:50,2032-03-27T21:00,2.5
CLEAN-001441,EVS360-020,Moscow,2032-03-27T14:10,2032-03-28T06:00,2.5
CLEAN-001442,EVS360-038,Saint Petersburg,2032-03-27T14:10,2032-03-27T21:30,2.5
CLEAN-001443,EVS360-039,Saint Petersburg,2032-03-27T14:50,2032-03-27T22:00,2.5
CLEAN-001444,EVS360-001,Moscow,2032-03-29T09:35,2032-03-29T18:00,2.5
CLEAN-001445,EVS360-002,Moscow,2032-03-29T09:50,2032-03-29T18:15,2.5
CLEAN-001446,EVS360-003,Moscow,2032-03-29T10:10,2032-03-29T18:30,2.5
CLEAN-001447,EVS360-021,Saint Petersburg,2032-03-29T10:10,2032-03-29T17:30,2.5
CLEAN-001448,EVS360-004,Moscow,2032-03-29T10:50,2032-03-29T19:00,2.5
CLEAN-001449,EVS360-022,Saint Petersburg,2032-03-29T10:50,2032-03-29T18:00,2.5
CLEAN-001450,EVS360-005,Moscow,2032-03-29T11:20,2032-03-29T19:30,2.5
CLEAN-001451,EVS360-023,Saint Petersburg,2032-03-29T11:20,2032-03-29T18:15,2.5
CLEAN-001452,EVS360-006,Moscow,2032-03-29T11:50,2032-03-29T20:00,2.5
CLEAN-001453,EVS360-024,Saint Petersburg,2032-03-29T11:50,2032-03-29T18:30,2.5
CLEAN-001454,EVS360-007,Moscow,2032-03-29T12:10,2032-03-29T20:15,2.5
CLEAN-001455,EVS360-025,Saint Petersburg,2032-03-29T12:10,2032-03-29T19:00,2.5
CLEAN-001456,EVS360-008,Moscow,2032-03-29T12:35,2032-03-29T20:30,2.5
CLEAN-001457,EVS360-026,Saint Petersburg,2032-03-29T12:35,2032-03-29T19:30,2.5
CLEAN-001458,EVS360-009,Moscow,2032-03-29T12:50,2032-03-29T21:00,2.5
CLEAN-001459,EVS360-027,Saint Petersburg,2032-03-29T12:50,2032-03-29T20:00,2.5
CLEAN-001460,EVS360-010,Moscow,2032-03-29T13:20,2032-03-29T21:30,2.5
CLEAN-001461,EVS360-028,Saint Petersburg,2032-03-29T13:20,2032-03-29T20:30,2.5
CLEAN-001462,EVS360-011,Moscow,2032-03-29T13:50,2032-03-29T22:00,2.5
CLEAN-001463,EVS360-029,Saint Petersburg,2032-03-29T13:50,2032-03-29T21:00,2.5
CLEAN-001464,EVS360-012,Moscow,2032-03-29T14:10,2032-03-30T06:00,2.5
CLEAN-001465,EVS360-030,Saint Petersburg,2032-03-29T14:10,2032-03-29T21:30,2.5
CLEAN-001466,EVS360-013,Moscow,2032-03-29T14:50,2032-03-30T06:15,2.5
CLEAN-001467,EVS360-031,Saint Petersburg,2032-03-29T14:50,2032-03-29T22:00,2.5
CLEAN-001468,EVS360-014,Moscow,2032-03-29T15:20,2032-03-30T06:30,2.5
CLEAN-001469,EVS360-032,Saint Petersburg,2032-03-29T15:20,2032-03-30T06:00,2.5
CLEAN-001470,EVS360-033,Saint Petersburg,2032-03-29T15:50,2032-03-30T06:15,2.5
CLEAN-001471,EVS360-015,Moscow,2032-03-29T16:10,2032-03-30T07:00,2.5
CLEAN-001472,EVS360-034,Saint Petersburg,2032-03-29T16:10,2032-03-30T06:30,2.5
CLEAN-001473,EVS360-016,Moscow,2032-03-29T16:50,2032-03-30T07:30,2.5
CLEAN-001474,EVS360-035,Saint Petersburg,2032-03-29T16:50,2032-03-30T07:00,2.5
CLEAN-001475,EVS360-017,Moscow,2032-03-29T17:20,2032-03-30T08:00,2.5
CLEAN-001476,EVS360-036,Saint Petersburg,2032-03-29T17:20,2032-03-30T07:15,2.5
CLEAN-001477,EVS360-018,Moscow,2032-03-29T18:10,2032-03-30T08:30,2.5
CLEAN-001478,EVS360-037,Saint Petersburg,2032-03-29T18:10,2032-03-30T07:30,2.5
CLEAN-001479,EVS360-019,Moscow,2032-03-29T18:50,2032-03-30T09:00,2.5
CLEAN-001480,EVS360-038,Saint Petersburg,2032-03-29T18:50,2032-03-30T08:00,2.5
CLEAN-001481,EVS360-020,Moscow,2032-03-29T19:20,2032-03-30T09:30,2.5
CLEAN-001482,EVS360-039,Saint Petersburg,2032-03-29T19:50,2032-03-30T08:30,2.5
CLEAN-001483,EVS360-001,Moscow,2032-03-31T12:50,2032-03-31T21:00,2.5
CLEAN-001484,EVS360-002,Moscow,2032-03-31T13:20,2032-03-31T21:30,2.5
CLEAN-001485,EVS360-003,Moscow,2032-03-31T13:50,2032-03-31T22:00,2.5
CLEAN-001486,EVS360-021,Saint Petersburg,2032-03-31T13:50,2032-03-31T21:00,2.5
CLEAN-001487,EVS360-004,Moscow,2032-03-31T14:10,2032-04-01T06:00,2.5
CLEAN-001488,EVS360-022,Saint Petersburg,2032-03-31T14:10,2032-03-31T21:30,2.5
CLEAN-001489,EVS360-005,Moscow,2032-03-31T14:50,2032-04-01T06:15,2.5
CLEAN-001490,EVS360-023,Saint Petersburg,2032-03-31T14:50,2032-03-31T22:00,2.5
CLEAN-001491,EVS360-006,Moscow,2032-03-31T15:20,2032-04-01T06:30,2.5
CLEAN-001492,EVS360-024,Saint Petersburg,2032-03-31T15:20,2032-04-01T06:00,2.5
CLEAN-001493,EVS360-025,Saint Petersburg,2032-03-31T15:50,2032-04-01T06:15,2.5
CLEAN-001494,EVS360-007,Moscow,2032-03-31T16:10,2032-04-01T07:00,2.5
CLEAN-001495,EVS360-026,Saint Petersburg,2032-03-31T16:10,2032-04-01T06:30,2.5
CLEAN-001496,EVS360-008,Moscow,2032-03-31T16:50,2032-04-01T07:30,2.5
CLEAN-001497,EVS360-027,Saint Petersburg,2032-03-31T16:50,2032-04-01T07:00,2.5
CLEAN-001498,EVS360-009,Moscow,2032-03-31T17:20,2032-04-01T08:00,2.5
CLEAN-001499,EVS360-028,Saint Petersburg,2032-03-31T17:20,2032-04-01T07:15,2.5
CLEAN-001500,EVS360-010,Moscow,2032-03-31T18:10,2032-04-01T08:30,2.5
CLEAN-001501,EVS360-029,Saint Petersburg,2032-03-31T18:10,2032-04-01T07:30,2.5
CLEAN-001502,EVS360-011,Moscow,2032-03-31T18:50,2032-04-01T09:00,2.5
CLEAN-001503,EVS360-030,Saint Petersburg,2032-03-31T18:50,2032-04-01T08:00,2.5
CLEAN-001504,EVS360-012,Moscow,2032-03-31T19:20,2032-04-01T09:30,2.5
CLEAN-001505,EVS360-013,Moscow,2032-03-31T19:50,2032-04-01T10:00,2.5
CLEAN-001506,EVS360-031,Saint Petersburg,2032-03-31T19:50,2032-04-01T08:30,2.5
CLEAN-001507,EVS360-014,Moscow,2032-03-31T20:10,2032-04-01T10:15,2.5
CLEAN-001508,EVS360-032,Saint Petersburg,2032-03-31T20:10,2032-04-01T09:00,2.5
CLEAN-001509,EVS360-015,Moscow,2032-03-31T20:35,2032-04-01T10:30,2.5
CLEAN-001510,EVS360-033,Saint Petersburg,2032-03-31T20:35,2032-04-01T09:30,2.5
CLEAN-001511,EVS360-016,Moscow,2032-03-31T20:50,2032-04-01T11:00,2.5
CLEAN-001512,EVS360-034,Saint Petersburg,2032-03-31T20:50,2032-04-01T10:00,2.5
CLEAN-001513,EVS360-017,Moscow,2032-03-31T21:20,2032-04-01T11:30,2.5
CLEAN-001514,EVS360-035,Saint Petersburg,2032-03-31T21:20,2032-04-01T10:15,2.5
CLEAN-001515,EVS360-018,Moscow,2032-03-31T21:50,2032-04-01T12:00,2.5
CLEAN-001516,EVS360-036,Saint Petersburg,2032-03-31T21:50,2032-04-01T10:30,2.5
CLEAN-001517,EVS360-019,Moscow,2032-03-31T22:10,2032-04-01T12:30,2.5
CLEAN-001518,EVS360-037,Saint Petersburg,2032-03-31T22:10,2032-04-01T11:00,2.5
CLEAN-001519,EVS360-038,Saint Petersburg,2032-03-31T22:35,2032-04-01T11:30,2.5
CLEAN-001520,EVS360-020,Moscow,2032-03-31T22:50,2032-04-01T13:00,2.5
CLEAN-001521,EVS360-039,Saint Petersburg,2032-03-31T22:50,2032-04-01T12:00,2.5
CLEAN-001522,EVS360-001,Moscow,2032-04-02T17:20,2032-04-03T08:00,2.5
CLEAN-001523,EVS360-002,Moscow,2032-04-02T18:10,2032-04-03T08:30,2.5
CLEAN-001524,EVS360-021,Saint Petersburg,2032-04-02T18:10,2032-04-03T07:30,2.5
CLEAN-001525,EVS360-003,Moscow,2032-04-02T18:50,2032-04-03T09:00,2.5
CLEAN-001526,EVS360-022,Saint Petersburg,2032-04-02T18:50,2032-04-03T08:00,2.5
CLEAN-001527,EVS360-004,Moscow,2032-04-02T19:20,2032-04-03T09:30,2.5
CLEAN-001528,EVS360-005,Moscow,2032-04-02T19:50,2032-04-03T10:00,2.5
CLEAN-001529,EVS360-023,Saint Petersburg,2032-04-02T19:50,2032-04-03T08:30,2.5
CLEAN-001530,EVS360-006,Moscow,2032-04-02T20:10,2032-04-03T10:15,2.5
CLEAN-001531,EVS360-024,Saint Petersburg,2032-04-02T20:10,2032-04-03T09:00,2.5
CLEAN-001532,EVS360-007,Moscow,2032-04-02T20:35,2032-04-03T10:30,2.5
CLEAN-001533,EVS360-025,Saint Petersburg,2032-04-02T20:35,2032-04-03T09:30,2.5
CLEAN-001534,EVS360-008,Moscow,2032-04-02T20:50,2032-04-03T11:00,2.5
CLEAN-001535,EVS360-026,Saint Petersburg,2032-04-02T20:50,2032-04-03T10:00,2.5
CLEAN-001536,EVS360-009,Moscow,2032-04-02T21:20,2032-04-03T11:30,2.5
CLEAN-001537,EVS360-027,Saint Petersburg,2032-04-02T21:20,2032-04-03T10:15,2.5
CLEAN-001538,EVS360-010,Moscow,2032-04-02T21:50,2032-04-03T12:00,2.5
CLEAN-001539,EVS360-028,Saint Petersburg,2032-04-02T21:50,2032-04-03T10:30,2.5
CLEAN-001540,EVS360-011,Moscow,2032-04-02T22:10,2032-04-03T12:30,2.5
CLEAN-001541,EVS360-029,Saint Petersburg,2032-04-02T22:10,2032-04-03T11:00,2.5
CLEAN-001542,EVS360-030,Saint Petersburg,2032-04-02T22:35,2032-04-03T11:30,2.5
CLEAN-001543,EVS360-012,Moscow,2032-04-02T22:50,2032-04-03T13:00,2.5
CLEAN-001544,EVS360-031,Saint Petersburg,2032-04-02T22:50,2032-04-03T12:00,2.5
CLEAN-001545,EVS360-013,Moscow,2032-04-02T23:20,2032-04-03T13:30,2.5
CLEAN-001546,EVS360-032,Saint Petersburg,2032-04-02T23:20,2032-04-03T12:30,2.5
CLEAN-001547,EVS360-014,Moscow,2032-04-02T23:50,2032-04-03T14:00,2.5
CLEAN-001548,EVS360-033,Saint Petersburg,2032-04-02T23:50,2032-04-03T13:00,2.5
CLEAN-001549,EVS360-015,Moscow,2032-04-03T00:10,2032-04-03T14:30,2.5
CLEAN-001550,EVS360-034,Saint Petersburg,2032-04-03T00:10,2032-04-03T14:00,2.5
CLEAN-001551,EVS360-016,Moscow,2032-04-03T08:10,2032-04-03T15:00,2.5
CLEAN-001552,EVS360-035,Saint Petersburg,2032-04-03T08:10,2032-04-03T14:30,2.5
CLEAN-001553,EVS360-017,Moscow,2032-04-03T08:35,2032-04-03T16:00,2.5
CLEAN-001554,EVS360-036,Saint Petersburg,2032-04-03T08:35,2032-04-03T15:00,2.5
CLEAN-001555,EVS360-018,Moscow,2032-04-03T08:50,2032-04-03T16:30,2.5
CLEAN-001556,EVS360-037,Saint Petersburg,2032-04-03T08:50,2032-04-03T16:00,2.5
CLEAN-001557,EVS360-019,Moscow,2032-04-03T09:20,2032-04-03T17:30,2.5
CLEAN-001558,EVS360-038,Saint Petersburg,2032-04-03T09:20,2032-04-03T16:30,2.5
CLEAN-001559,EVS360-020,Moscow,2032-04-03T09:35,2032-04-03T18:00,2.5
CLEAN-001560,EVS360-039,Saint Petersburg,2032-04-03T09:50,2032-04-03T17:00,2.5
CLEAN-001561,EVS360-001,Moscow,2032-04-04T21:20,2032-04-05T11:30,2.5
CLEAN-001562,EVS360-002,Moscow,2032-04-04T21:50,2032-04-05T12:00,2.5
CLEAN-001563,EVS360-003,Moscow,2032-04-04T22:10,2032-04-05T12:30,2.5
CLEAN-001564,EVS360-021,Saint Petersburg,2032-04-04T22:10,2032-04-05T11:00,2.5
CLEAN-001565,EVS360-022,Saint Petersburg,2032-04-04T22:35,2032-04-05T11:30,2.5
CLEAN-001566,EVS360-004,Moscow,2032-04-04T22:50,2032-04-05T13:00,2.5
CLEAN-001567,EVS360-023,Saint Petersburg,2032-04-04T22:50,2032-04-05T12:00,2.5
CLEAN-001568,EVS360-005,Moscow,2032-04-04T23:20,2032-04-05T13:30,2.5
CLEAN-001569,EVS360-024,Saint Petersburg,2032-04-04T23:20,2032-04-05T12:30,2.5
CLEAN-001570,EVS360-006,Moscow,2032-04-04T23:50,2032-04-05T14:00,2.5
CLEAN-001571,EVS360-025,Saint Petersburg,2032-04-04T23:50,2032-04-05T13:00,2.5
CLEAN-001572,EVS360-007,Moscow,2032-04-05T00:10,2032-04-05T14:30,2.5
CLEAN-001573,EVS360-026,Saint Petersburg,2032-04-05T00:10,2032-04-05T14:00,2.5
CLEAN-001574,EVS360-008,Moscow,2032-04-05T08:10,2032-04-05T15:00,2.5
CLEAN-001575,EVS360-027,Saint Petersburg,2032-04-05T08:10,2032-04-05T14:30,2.5
CLEAN-001576,EVS360-009,Moscow,2032-04-05T08:35,2032-04-05T16:00,2.5
CLEAN-001577,EVS360-028,Saint Petersburg,2032-04-05T08:35,2032-04-05T15:00,2.5
CLEAN-001578,EVS360-010,Moscow,2032-04-05T08:50,2032-04-05T16:30,2.5
CLEAN-001579,EVS360-029,Saint Petersburg,2032-04-05T08:50,2032-04-05T16:00,2.5
CLEAN-001580,EVS360-011,Moscow,2032-04-05T09:20,2032-04-05T17:30,2.5
CLEAN-001581,EVS360-030,Saint Petersburg,2032-04-05T09:20,2032-04-05T16:30,2.5
CLEAN-001582,EVS360-012,Moscow,2032-04-05T09:35,2032-04-05T18:00,2.5
CLEAN-001583,EVS360-013,Moscow,2032-04-05T09:50,2032-04-05T18:15,2.5
CLEAN-001584,EVS360-031,Saint Petersburg,2032-04-05T09:50,2032-04-05T17:00,2.5
CLEAN-001585,EVS360-014,Moscow,2032-04-05T10:10,2032-04-05T18:30,2.5
CLEAN-001586,EVS360-032,Saint Petersburg,2032-04-05T10:10,2032-04-05T17:30,2.5
CLEAN-001587,EVS360-015,Moscow,2032-04-05T10:50,2032-04-05T19:00,2.5
CLEAN-001588,EVS360-033,Saint Petersburg,2032-04-05T10:50,2032-04-05T18:00,2.5
CLEAN-001589,EVS360-016,Moscow,2032-04-05T11:20,2032-04-05T19:30,2.5
CLEAN-001590,EVS360-034,Saint Petersburg,2032-04-05T11:20,2032-04-05T18:15,2.5
CLEAN-001591,EVS360-017,Moscow,2032-04-05T11:50,2032-04-05T20:00,2.5
CLEAN-001592,EVS360-035,Saint Petersburg,2032-04-05T11:50,2032-04-05T18:30,2.5
CLEAN-001593,EVS360-018,Moscow,2032-04-05T12:10,2032-04-05T20:15,2.5
CLEAN-001594,EVS360-036,Saint Petersburg,2032-04-05T12:10,2032-04-05T19:00,2.5
CLEAN-001595,EVS360-019,Moscow,2032-04-05T12:35,2032-04-05T20:30,2.5
CLEAN-001596,EVS360-037,Saint Petersburg,2032-04-05T12:35,2032-04-05T19:30,2.5
CLEAN-001597,EVS360-020,Moscow,2032-04-05T12:50,2032-04-05T21:00,2.5
CLEAN-001598,EVS360-038,Saint Petersburg,2032-04-05T12:50,2032-04-05T20:00,2.5
CLEAN-001599,EVS360-039,Saint Petersburg,2032-04-05T13:20,2032-04-05T20:30,2.5
CLEAN-001600,EVS360-001,Moscow,2032-04-07T08:35,2032-04-07T16:00,2.5
CLEAN-001601,EVS360-002,Moscow,2032-04-07T08:50,2032-04-07T16:30,2.5
CLEAN-001602,EVS360-021,Saint Petersburg,2032-04-07T08:50,2032-04-07T16:00,2.5
CLEAN-001603,EVS360-003,Moscow,2032-04-07T09:20,2032-04-07T17:30,2.5
CLEAN-001604,EVS360-022,Saint Petersburg,2032-04-07T09:20,2032-04-07T16:30,2.5
CLEAN-001605,EVS360-004,Moscow,2032-04-07T09:35,2032-04-07T18:00,2.5
CLEAN-001606,EVS360-005,Moscow,2032-04-07T09:50,2032-04-07T18:15,2.5
CLEAN-001607,EVS360-023,Saint Petersburg,2032-04-07T09:50,2032-04-07T17:00,2.5
CLEAN-001608,EVS360-006,Moscow,2032-04-07T10:10,2032-04-07T18:30,2.5
CLEAN-001609,EVS360-024,Saint Petersburg,2032-04-07T10:10,2032-04-07T17:30,2.5
CLEAN-001610,EVS360-007,Moscow,2032-04-07T10:50,2032-04-07T19:00,2.5
CLEAN-001611,EVS360-025,Saint Petersburg,2032-04-07T10:50,2032-04-07T18:00,2.5
CLEAN-001612,EVS360-008,Moscow,2032-04-07T11:20,2032-04-07T19:30,2.5
CLEAN-001613,EVS360-026,Saint Petersburg,2032-04-07T11:20,2032-04-07T18:15,2.5
CLEAN-001614,EVS360-009,Moscow,2032-04-07T11:50,2032-04-07T20:00,2.5
CLEAN-001615,EVS360-027,Saint Petersburg,2032-04-07T11:50,2032-04-07T18:30,2.5
CLEAN-001616,EVS360-010,Moscow,2032-04-07T12:10,2032-04-07T20:15,2.5
CLEAN-001617,EVS360-028,Saint Petersburg,2032-04-07T12:10,2032-04-07T19:00,2.5
CLEAN-001618,EVS360-011,Moscow,2032-04-07T12:35,2032-04-07T20:30,2.5
CLEAN-001619,EVS360-029,Saint Petersburg,2032-04-07T12:35,2032-04-07T19:30,2.5
CLEAN-001620,EVS360-012,Moscow,2032-04-07T12:50,2032-04-07T21:00,2.5
CLEAN-001621,EVS360-030,Saint Petersburg,2032-04-07T12:50,2032-04-07T20:00,2.5
CLEAN-001622,EVS360-013,Moscow,2032-04-07T13:20,2032-04-07T21:30,2.5
CLEAN-001623,EVS360-031,Saint Petersburg,2032-04-07T13:20,2032-04-07T20:30,2.5
CLEAN-001624,EVS360-014,Moscow,2032-04-07T13:50,2032-04-07T22:00,2.5
CLEAN-001625,EVS360-032,Saint Petersburg,2032-04-07T13:50,2032-04-07T21:00,2.5
CLEAN-001626,EVS360-015,Moscow,2032-04-07T14:10,2032-04-08T06:00,2.5
CLEAN-001627,EVS360-033,Saint Petersburg,2032-04-07T14:10,2032-04-07T21:30,2.5
CLEAN-001628,EVS360-016,Moscow,2032-04-07T14:50,2032-04-08T06:15,2.5
CLEAN-001629,EVS360-034,Saint Petersburg,2032-04-07T14:50,2032-04-07T22:00,2.5
CLEAN-001630,EVS360-017,Moscow,2032-04-07T15:20,2032-04-08T06:30,2.5
CLEAN-001631,EVS360-035,Saint Petersburg,2032-04-07T15:20,2032-04-08T06:00,2.5
CLEAN-001632,EVS360-036,Saint Petersburg,2032-04-07T15:50,2032-04-08T06:15,2.5
CLEAN-001633,EVS360-018,Moscow,2032-04-07T16:10,2032-04-08T07:00,2.5
CLEAN-001634,EVS360-037,Saint Petersburg,2032-04-07T16:10,2032-04-08T06:30,2.5
CLEAN-001635,EVS360-019,Moscow,2032-04-07T16:50,2032-04-08T07:30,2.5
CLEAN-001636,EVS360-038,Saint Petersburg,2032-04-07T16:50,2032-04-08T07:00,2.5
CLEAN-001637,EVS360-020,Moscow,2032-04-07T17:20,2032-04-08T08:00,2.5
CLEAN-001638,EVS360-039,Saint Petersburg,2032-04-07T17:20,2032-04-08T07:15,2.5
CLEAN-001639,EVS360-001,Moscow,2032-04-09T11:50,2032-04-09T20:00,2.5
CLEAN-001640,EVS360-002,Moscow,2032-04-09T12:10,2032-04-09T20:15,2.5
CLEAN-001641,EVS360-003,Moscow,2032-04-09T12:35,2032-04-09T20:30,2.5
CLEAN-001642,EVS360-021,Saint Petersburg,2032-04-09T12:35,2032-04-09T19:30,2.5
CLEAN-001643,EVS360-004,Moscow,2032-04-09T12:50,2032-04-09T21:00,2.5
CLEAN-001644,EVS360-022,Saint Petersburg,2032-04-09T12:50,2032-04-09T20:00,2.5
CLEAN-001645,EVS360-005,Moscow,2032-04-09T13:20,2032-04-09T21:30,2.5
CLEAN-001646,EVS360-023,Saint Petersburg,2032-04-09T13:20,2032-04-09T20:30,2.5
CLEAN-001647,EVS360-006,Moscow,2032-04-09T13:50,2032-04-09T22:00,2.5
CLEAN-001648,EVS360-024,Saint Petersburg,2032-04-09T13:50,2032-04-09T21:00,2.5
CLEAN-001649,EVS360-007,Moscow,2032-04-09T14:10,2032-04-10T06:00,2.5
CLEAN-001650,EVS360-025,Saint Petersburg,2032-04-09T14:10,2032-04-09T21:30,2.5
CLEAN-001651,EVS360-008,Moscow,2032-04-09T14:50,2032-04-10T06:15,2.5
CLEAN-001652,EVS360-026,Saint Petersburg,2032-04-09T14:50,2032-04-09T22:00,2.5
CLEAN-001653,EVS360-009,Moscow,2032-04-09T15:20,2032-04-10T06:30,2.5
CLEAN-001654,EVS360-027,Saint Petersburg,2032-04-09T15:20,2032-04-10T06:00,2.5
CLEAN-001655,EVS360-028,Saint Petersburg,2032-04-09T15:50,2032-04-10T06:15,2.5
CLEAN-001656,EVS360-010,Moscow,2032-04-09T16:10,2032-04-10T07:00,2.5
CLEAN-001657,EVS360-029,Saint Petersburg,2032-04-09T16:10,2032-04-10T06:30,2.5
CLEAN-001658,EVS360-011,Moscow,2032-04-09T16:50,2032-04-10T07:30,2.5
CLEAN-001659,EVS360-030,Saint Petersburg,2032-04-09T16:50,2032-04-10T07:00,2.5
CLEAN-001660,EVS360-012,Moscow,2032-04-09T17:20,2032-04-10T08:00,2.5
CLEAN-001661,EVS360-031,Saint Petersburg,2032-04-09T17:20,2032-04-10T07:15,2.5
CLEAN-001662,EVS360-013,Moscow,2032-04-09T18:10,2032-04-10T08:30,2.5
CLEAN-001663,EVS360-032,Saint Petersburg,2032-04-09T18:10,2032-04-10T07:30,2.5
CLEAN-001664,EVS360-014,Moscow,2032-04-09T18:50,2032-04-10T09:00,2.5
CLEAN-001665,EVS360-033,Saint Petersburg,2032-04-09T18:50,2032-04-10T08:00,2.5
CLEAN-001666,EVS360-015,Moscow,2032-04-09T19:20,2032-04-10T09:30,2.5
CLEAN-001667,EVS360-016,Moscow,2032-04-09T19:50,2032-04-10T10:00,2.5
CLEAN-001668,EVS360-034,Saint Petersburg,2032-04-09T19:50,2032-04-10T08:30,2.5
CLEAN-001669,EVS360-017,Moscow,2032-04-09T20:10,2032-04-10T10:15,2.5
CLEAN-001670,EVS360-035,Saint Petersburg,2032-04-09T20:10,2032-04-10T09:00,2.5
CLEAN-001671,EVS360-018,Moscow,2032-04-09T20:35,2032-04-10T10:30,2.5
CLEAN-001672,EVS360-036,Saint Petersburg,2032-04-09T20:35,2032-04-10T09:30,2.5
CLEAN-001673,EVS360-019,Moscow,2032-04-09T20:50,2032-04-10T11:00,2.5
CLEAN-001674,EVS360-037,Saint Petersburg,2032-04-09T20:50,2032-04-10T10:00,2.5
CLEAN-001675,EVS360-020,Moscow,2032-04-09T21:20,2032-04-10T11:30,2.5
CLEAN-001676,EVS360-038,Saint Petersburg,2032-04-09T21:20,2032-04-10T10:15,2.5
CLEAN-001677,EVS360-039,Saint Petersburg,2032-04-09T21:50,2032-04-10T10:30,2.5
CLEAN-001678,EVS360-001,Moscow,2032-04-11T15:20,2032-04-12T06:30,2.5
CLEAN-001679,EVS360-002,Moscow,2032-04-11T16:10,2032-04-12T07:00,2.5
CLEAN-001680,EVS360-021,Saint Petersburg,2032-04-11T16:10,2032-04-12T06:30,2.5
CLEAN-001681,EVS360-003,Moscow,2032-04-11T16:50,2032-04-12T07:30,2.5
CLEAN-001682,EVS360-022,Saint Petersburg,2032-04-11T16:50,2032-04-12T07:00,2.5
CLEAN-001683,EVS360-004,Moscow,2032-04-11T17:20,2032-04-12T08:00,2.5
CLEAN-001684,EVS360-023,Saint Petersburg,2032-04-11T17:20,2032-04-12T07:15,2.5
CLEAN-001685,EVS360-005,Moscow,2032-04-11T18:10,2032-04-12T08:30,2.5
CLEAN-001686,EVS360-024,Saint Petersburg,2032-04-11T18:10,2032-04-12T07:30,2.5
CLEAN-001687,EVS360-006,Moscow,2032-04-11T18:50,2032-04-12T09:00,2.5
CLEAN-001688,EVS360-025,Saint Petersburg,2032-04-11T18:50,2032-04-12T08:00,2.5
CLEAN-001689,EVS360-007,Moscow,2032-04-11T19:20,2032-04-12T09:30,2.5
CLEAN-001690,EVS360-008,Moscow,2032-04-11T19:50,2032-04-12T10:00,2.5
CLEAN-001691,EVS360-026,Saint Petersburg,2032-04-11T19:50,2032-04-12T08:30,2.5
CLEAN-001692,EVS360-009,Moscow,2032-04-11T20:10,2032-04-12T10:15,2.5
CLEAN-001693,EVS360-027,Saint Petersburg,2032-04-11T20:10,2032-04-12T09:00,2.5
CLEAN-001694,EVS360-010,Moscow,2032-04-11T20:35,2032-04-12T10:30,2.5
CLEAN-001695,EVS360-028,Saint Petersburg,2032-04-11T20:35,2032-04-12T09:30,2.5
CLEAN-001696,EVS360-011,Moscow,2032-04-11T20:50,2032-04-12T11:00,2.5
CLEAN-001697,EVS360-029,Saint Petersburg,2032-04-11T20:50,2032-04-12T10:00,2.5
CLEAN-001698,EVS360-012,Moscow,2032-04-11T21:20,2032-04-12T11:30,2.5
CLEAN-001699,EVS360-030,Saint Petersburg,2032-04-11T21:20,2032-04-12T10:15,2.5
CLEAN-001700,EVS360-013,Moscow,2032-04-11T21:50,2032-04-12T12:00,2.5
CLEAN-001701,EVS360-031,Saint Petersburg,2032-04-11T21:50,2032-04-12T10:30,2.5
CLEAN-001702,EVS360-014,Moscow,2032-04-11T22:10,2032-04-12T12:30,2.5
CLEAN-001703,EVS360-032,Saint Petersburg,2032-04-11T22:10,2032-04-12T11:00,2.5
CLEAN-001704,EVS360-033,Saint Petersburg,2032-04-11T22:35,2032-04-12T11:30,2.5
CLEAN-001705,EVS360-015,Moscow,2032-04-11T22:50,2032-04-12T13:00,2.5
CLEAN-001706,EVS360-034,Saint Petersburg,2032-04-11T22:50,2032-04-12T12:00,2.5
CLEAN-001707,EVS360-016,Moscow,2032-04-11T23:20,2032-04-12T13:30,2.5
CLEAN-001708,EVS360-035,Saint Petersburg,2032-04-11T23:20,2032-04-12T12:30,2.5
CLEAN-001709,EVS360-017,Moscow,2032-04-11T23:50,2032-04-12T14:00,2.5
CLEAN-001710,EVS360-036,Saint Petersburg,2032-04-11T23:50,2032-04-12T13:00,2.5
CLEAN-001711,EVS360-018,Moscow,2032-04-12T00:10,2032-04-12T14:30,2.5
CLEAN-001712,EVS360-037,Saint Petersburg,2032-04-12T00:10,2032-04-12T14:00,2.5
CLEAN-001713,EVS360-019,Moscow,2032-04-12T08:10,2032-04-12T15:00,2.5
CLEAN-001714,EVS360-038,Saint Petersburg,2032-04-12T08:10,2032-04-12T14:30,2.5
CLEAN-001715,EVS360-020,Moscow,2032-04-12T08:35,2032-04-12T16:00,2.5
CLEAN-001716,EVS360-039,Saint Petersburg,2032-04-12T08:35,2032-04-12T15:00,2.5
CLEAN-001717,EVS360-001,Moscow,2032-04-13T20:10,2032-04-14T10:15,2.5
CLEAN-001718,EVS360-002,Moscow,2032-04-13T20:35,2032-04-14T10:30,2.5
CLEAN-001719,EVS360-003,Moscow,2032-04-13T20:50,2032-04-14T11:00,2.5
CLEAN-001720,EVS360-021,Saint Petersburg,2032-04-13T20:50,2032-04-14T10:00,2.5
CLEAN-001721,EVS360-004,Moscow,2032-04-13T21:20,2032-04-14T11:30,2.5
CLEAN-001722,EVS360-022,Saint Petersburg,2032-04-13T21:20,2032-04-14T10:15,2.5
CLEAN-001723,EVS360-005,Moscow,2032-04-13T21:50,2032-04-14T12:00,2.5
CLEAN-001724,EVS360-023,Saint Petersburg,2032-04-13T21:50,2032-04-14T10:30,2.5
CLEAN-001725,EVS360-006,Moscow,2032-04-13T22:10,2032-04-14T12:30,2.5
CLEAN-001726,EVS360-024,Saint Petersburg,2032-04-13T22:10,2032-04-14T11:00,2.5
CLEAN-001727,EVS360-025,Saint Petersburg,2032-04-13T22:35,2032-04-14T11:30,2.5
CLEAN-001728,EVS360-007,Moscow,2032-04-13T22:50,2032-04-14T13:00,2.5
CLEAN-001729,EVS360-026,Saint Petersburg,2032-04-13T22:50,2032-04-14T12:00,2.5
CLEAN-001730,EVS360-008,Moscow,2032-04-13T23:20,2032-04-14T13:30,2.5
CLEAN-001731,EVS360-027,Saint Petersburg,2032-04-13T23:20,2032-04-14T12:30,2.5
CLEAN-001732,EVS360-009,Moscow,2032-04-13T23:50,2032-04-14T14:00,2.5
CLEAN-001733,EVS360-028,Saint Petersburg,2032-04-13T23:50,2032-04-14T13:00,2.5
CLEAN-001734,EVS360-010,Moscow,2032-04-14T00:10,2032-04-14T14:30,2.5
CLEAN-001735,EVS360-029,Saint Petersburg,2032-04-14T00:10,2032-04-14T14:00,2.5
CLEAN-001736,EVS360-011,Moscow,2032-04-14T08:10,2032-04-14T15:00,2.5
CLEAN-001737,EVS360-030,Saint Petersburg,2032-04-14T08:10,2032-04-14T14:30,2.5
CLEAN-001738,EVS360-012,Moscow,2032-04-14T08:35,2032-04-14T16:00,2.5
CLEAN-001739,EVS360-031,Saint Petersburg,2032-04-14T08:35,2032-04-14T15:00,2.5
CLEAN-001740,EVS360-013,Moscow,2032-04-14T08:50,2032-04-14T16:30,2.5
CLEAN-001741,EVS360-032,Saint Petersburg,2032-04-14T08:50,2032-04-14T16:00,2.5
CLEAN-001742,EVS360-014,Moscow,2032-04-14T09:20,2032-04-14T17:30,2.5
CLEAN-001743,EVS360-033,Saint Petersburg,2032-04-14T09:20,2032-04-14T16:30,2.5
CLEAN-001744,EVS360-015,Moscow,2032-04-14T09:35,2032-04-14T18:00,2.5
CLEAN-001745,EVS360-016,Moscow,2032-04-14T09:50,2032-04-14T18:15,2.5
CLEAN-001746,EVS360-034,Saint Petersburg,2032-04-14T09:50,2032-04-14T17:00,2.5
CLEAN-001747,EVS360-017,Moscow,2032-04-14T10:10,2032-04-14T18:30,2.5
CLEAN-001748,EVS360-035,Saint Petersburg,2032-04-14T10:10,2032-04-14T17:30,2.5
CLEAN-001749,EVS360-018,Moscow,2032-04-14T10:50,2032-04-14T19:00,2.5
CLEAN-001750,EVS360-036,Saint Petersburg,2032-04-14T10:50,2032-04-14T18:00,2.5
CLEAN-001751,EVS360-019,Moscow,2032-04-14T11:20,2032-04-14T19:30,2.5
CLEAN-001752,EVS360-037,Saint Petersburg,2032-04-14T11:20,2032-04-14T18:15,2.5
CLEAN-001753,EVS360-020,Moscow,2032-04-14T11:50,2032-04-14T20:00,2.5
CLEAN-001754,EVS360-038,Saint Petersburg,2032-04-14T11:50,2032-04-14T18:30,2.5
CLEAN-001755,EVS360-039,Saint Petersburg,2032-04-14T12:10,2032-04-14T19:00,2.5
CLEAN-001756,EVS360-001,Moscow,2032-04-15T23:50,2032-04-16T14:00,2.5
CLEAN-001757,EVS360-002,Moscow,2032-04-16T00:10,2032-04-16T14:30,2.5
CLEAN-001758,EVS360-021,Saint Petersburg,2032-04-16T00:10,2032-04-16T14:00,2.5
CLEAN-001759,EVS360-003,Moscow,2032-04-16T08:10,2032-04-16T15:00,2.5
CLEAN-001760,EVS360-022,Saint Petersburg,2032-04-16T08:10,2032-04-16T14:30,2.5
CLEAN-001761,EVS360-004,Moscow,2032-04-16T08:35,2032-04-16T16:00,2.5
CLEAN-001762,EVS360-023,Saint Petersburg,2032-04-16T08:35,2032-04-16T15:00,2.5
CLEAN-001763,EVS360-005,Moscow,2032-04-16T08:50,2032-04-16T16:30,2.5
CLEAN-001764,EVS360-024,Saint Petersburg,2032-04-16T08:50,2032-04-16T16:00,2.5
CLEAN-001765,EVS360-006,Moscow,2032-04-16T09:20,2032-04-16T17:30,2.5
CLEAN-001766,EVS360-025,Saint Petersburg,2032-04-16T09:20,2032-04-16T16:30,2.5
CLEAN-001767,EVS360-007,Moscow,2032-04-16T09:35,2032-04-16T18:00,2.5
CLEAN-001768,EVS360-008,Moscow,2032-04-16T09:50,2032-04-16T18:15,2.5
CLEAN-001769,EVS360-026,Saint Petersburg,2032-04-16T09:50,2032-04-16T17:00,2.5
CLEAN-001770,EVS360-009,Moscow,2032-04-16T10:10,2032-04-16T18:30,2.5
CLEAN-001771,EVS360-027,Saint Petersburg,2032-04-16T10:10,2032-04-16T17:30,2.5
CLEAN-001772,EVS360-010,Moscow,2032-04-16T10:50,2032-04-16T19:00,2.5
CLEAN-001773,EVS360-028,Saint Petersburg,2032-04-16T10:50,2032-04-16T18:00,2.5
CLEAN-001774,EVS360-011,Moscow,2032-04-16T11:20,2032-04-16T19:30,2.5
CLEAN-001775,EVS360-029,Saint Petersburg,2032-04-16T11:20,2032-04-16T18:15,2.5
CLEAN-001776,EVS360-012,Moscow,2032-04-16T11:50,2032-04-16T20:00,2.5
CLEAN-001777,EVS360-030,Saint Petersburg,2032-04-16T11:50,2032-04-16T18:30,2.5
CLEAN-001778,EVS360-013,Moscow,2032-04-16T12:10,2032-04-16T20:15,2.5
CLEAN-001779,EVS360-031,Saint Petersburg,2032-04-16T12:10,2032-04-16T19:00,2.5
CLEAN-001780,EVS360-014,Moscow,2032-04-16T12:35,2032-04-16T20:30,2.5
CLEAN-001781,EVS360-032,Saint Petersburg,2032-04-16T12:35,2032-04-16T19:30,2.5
CLEAN-001782,EVS360-015,Moscow,2032-04-16T12:50,2032-04-16T21:00,2.5
CLEAN-001783,EVS360-033,Saint Petersburg,2032-04-16T12:50,2032-04-16T20:00,2.5
CLEAN-001784,EVS360-016,Moscow,2032-04-16T13:20,2032-04-16T21:30,2.5
CLEAN-001785,EVS360-034,Saint Petersburg,2032-04-16T13:20,2032-04-16T20:30,2.5
CLEAN-001786,EVS360-017,Moscow,2032-04-16T13:50,2032-04-16T22:00,2.5
CLEAN-001787,EVS360-035,Saint Petersburg,2032-04-16T13:50,2032-04-16T21:00,2.5
CLEAN-001788,EVS360-018,Moscow,2032-04-16T14:10,2032-04-17T06:00,2.5
CLEAN-001789,EVS360-036,Saint Petersburg,2032-04-16T14:10,2032-04-16T21:30,2.5
CLEAN-001790,EVS360-019,Moscow,2032-04-16T14:50,2032-04-17T06:15,2.5
CLEAN-001791,EVS360-037,Saint Petersburg,2032-04-16T14:50,2032-04-16T22:00,2.5
CLEAN-001792,EVS360-020,Moscow,2032-04-16T15:20,2032-04-17T06:30,2.5
CLEAN-001793,EVS360-038,Saint Petersburg,2032-04-16T15:20,2032-04-17T06:00,2.5
CLEAN-001794,EVS360-039,Saint Petersburg,2032-04-16T15:50,2032-04-17T06:15,2.5
CLEAN-001795,EVS360-001,Moscow,2032-04-18T10:10,2032-04-18T18:30,2.5
CLEAN-001796,EVS360-002,Moscow,2032-04-18T10:50,2032-04-18T19:00,2.5
CLEAN-001797,EVS360-003,Moscow,2032-04-18T11:20,2032-04-18T19:30,2.5
CLEAN-001798,EVS360-021,Saint Petersburg,2032-04-18T11:20,2032-04-18T18:15,2.5
CLEAN-001799,EVS360-004,Moscow,2032-04-18T11:50,2032-04-18T20:00,2.5
CLEAN-001800,EVS360-022,Saint Petersburg,2032-04-18T11:50,2032-04-18T18:30,2.5
CLEAN-001801,EVS360-005,Moscow,2032-04-18T12:10,2032-04-18T20:15,2.5
CLEAN-001802,EVS360-023,Saint Petersburg,2032-04-18T12:10,2032-04-18T19:00,2.5
CLEAN-001803,EVS360-006,Moscow,2032-04-18T12:35,2032-04-18T20:30,2.5
CLEAN-001804,EVS360-024,Saint Petersburg,2032-04-18T12:35,2032-04-18T19:30,2.5
CLEAN-001805,EVS360-007,Moscow,2032-04-18T12:50,2032-04-18T21:00,2.5
CLEAN-001806,EVS360-025,Saint Petersburg,2032-04-18T12:50,2032-04-18T20:00,2.5
CLEAN-001807,EVS360-008,Moscow,2032-04-18T13:20,2032-04-18T21:30,2.5
CLEAN-001808,EVS360-026,Saint Petersburg,2032-04-18T13:20,2032-04-18T20:30,2.5
CLEAN-001809,EVS360-009,Moscow,2032-04-18T13:50,2032-04-18T22:00,2.5
CLEAN-001810,EVS360-027,Saint Petersburg,2032-04-18T13:50,2032-04-18T21:00,2.5
CLEAN-001811,EVS360-010,Moscow,2032-04-18T14:10,2032-04-19T06:00,2.5
CLEAN-001812,EVS360-028,Saint Petersburg,2032-04-18T14:10,2032-04-18T21:30,2.5
CLEAN-001813,EVS360-011,Moscow,2032-04-18T14:50,2032-04-19T06:15,2.5
CLEAN-001814,EVS360-029,Saint Petersburg,2032-04-18T14:50,2032-04-18T22:00,2.5
CLEAN-001815,EVS360-012,Moscow,2032-04-18T15:20,2032-04-19T06:30,2.5
CLEAN-001816,EVS360-030,Saint Petersburg,2032-04-18T15:20,2032-04-19T06:00,2.5
CLEAN-001817,EVS360-031,Saint Petersburg,2032-04-18T15:50,2032-04-19T06:15,2.5
CLEAN-001818,EVS360-013,Moscow,2032-04-18T16:10,2032-04-19T07:00,2.5
CLEAN-001819,EVS360-032,Saint Petersburg,2032-04-18T16:10,2032-04-19T06:30,2.5
CLEAN-001820,EVS360-014,Moscow,2032-04-18T16:50,2032-04-19T07:30,2.5
CLEAN-001821,EVS360-033,Saint Petersburg,2032-04-18T16:50,2032-04-19T07:00,2.5
CLEAN-001822,EVS360-015,Moscow,2032-04-18T17:20,2032-04-19T08:00,2.5
CLEAN-001823,EVS360-034,Saint Petersburg,2032-04-18T17:20,2032-04-19T07:15,2.5
CLEAN-001824,EVS360-016,Moscow,2032-04-18T18:10,2032-04-19T08:30,2.5
CLEAN-001825,EVS360-035,Saint Petersburg,2032-04-18T18:10,2032-04-19T07:30,2.5
CLEAN-001826,EVS360-017,Moscow,2032-04-18T18:50,2032-04-19T09:00,2.5
CLEAN-001827,EVS360-036,Saint Petersburg,2032-04-18T18:50,2032-04-19T08:00,2.5
CLEAN-001828,EVS360-018,Moscow,2032-04-18T19:20,2032-04-19T09:30,2.5
CLEAN-001829,EVS360-019,Moscow,2032-04-18T19:50,2032-04-19T10:00,2.5
CLEAN-001830,EVS360-037,Saint Petersburg,2032-04-18T19:50,2032-04-19T08:30,2.5
CLEAN-001831,EVS360-020,Moscow,2032-04-18T20:10,2032-04-19T10:15,2.5
CLEAN-001832,EVS360-038,Saint Petersburg,2032-04-18T20:10,2032-04-19T09:00,2.5
CLEAN-001833,EVS360-039,Saint Petersburg,2032-04-18T20:35,2032-04-19T09:30,2.5
CLEAN-001834,EVS360-001,Moscow,2032-04-20T13:50,2032-04-20T22:00,2.5
CLEAN-001835,EVS360-002,Moscow,2032-04-20T14:10,2032-04-21T06:00,2.5
CLEAN-001836,EVS360-003,Moscow,2032-04-20T14:50,2032-04-21T06:15,2.5
CLEAN-001837,EVS360-021,Saint Petersburg,2032-04-20T14:50,2032-04-20T22:00,2.5
CLEAN-001838,EVS360-004,Moscow,2032-04-20T15:20,2032-04-21T06:30,2.5
CLEAN-001839,EVS360-022,Saint Petersburg,2032-04-20T15:20,2032-04-21T06:00,2.5
CLEAN-001840,EVS360-023,Saint Petersburg,2032-04-20T15:50,2032-04-21T06:15,2.5
CLEAN-001841,EVS360-005,Moscow,2032-04-20T16:10,2032-04-21T07:00,2.5
CLEAN-001842,EVS360-024,Saint Petersburg,2032-04-20T16:10,2032-04-21T06:30,2.5
CLEAN-001843,EVS360-006,Moscow,2032-04-20T16:50,2032-04-21T07:30,2.5
CLEAN-001844,EVS360-025,Saint Petersburg,2032-04-20T16:50,2032-04-21T07:00,2.5
CLEAN-001845,EVS360-007,Moscow,2032-04-20T17:20,2032-04-21T08:00,2.5
CLEAN-001846,EVS360-026,Saint Petersburg,2032-04-20T17:20,2032-04-21T07:15,2.5
CLEAN-001847,EVS360-008,Moscow,2032-04-20T18:10,2032-04-21T08:30,2.5
CLEAN-001848,EVS360-027,Saint Petersburg,2032-04-20T18:10,2032-04-21T07:30,2.5
CLEAN-001849,EVS360-009,Moscow,2032-04-20T18:50,2032-04-21T09:00,2.5
CLEAN-001850,EVS360-028,Saint Petersburg,2032-04-20T18:50,2032-04-21T08:00,2.5
CLEAN-001851,EVS360-010,Moscow,2032-04-20T19:20,2032-04-21T09:30,2.5
CLEAN-001852,EVS360-011,Moscow,2032-04-20T19:50,2032-04-21T10:00,2.5
CLEAN-001853,EVS360-029,Saint Petersburg,2032-04-20T19:50,2032-04-21T08:30,2.5
CLEAN-001854,EVS360-012,Moscow,2032-04-20T20:10,2032-04-21T10:15,2.5
CLEAN-001855,EVS360-030,Saint Petersburg,2032-04-20T20:10,2032-04-21T09:00,2.5
CLEAN-001856,EVS360-013,Moscow,2032-04-20T20:35,2032-04-21T10:30,2.5
CLEAN-001857,EVS360-031,Saint Petersburg,2032-04-20T20:35,2032-04-21T09:30,2.5
CLEAN-001858,EVS360-014,Moscow,2032-04-20T20:50,2032-04-21T11:00,2.5
CLEAN-001859,EVS360-032,Saint Petersburg,2032-04-20T20:50,2032-04-21T10:00,2.5
CLEAN-001860,EVS360-015,Moscow,2032-04-20T21:20,2032-04-21T11:30,2.5
CLEAN-001861,EVS360-033,Saint Petersburg,2032-04-20T21:20,2032-04-21T10:15,2.5
CLEAN-001862,EVS360-016,Moscow,2032-04-20T21:50,2032-04-21T12:00,2.5
CLEAN-001863,EVS360-034,Saint Petersburg,2032-04-20T21:50,2032-04-21T10:30,2.5
CLEAN-001864,EVS360-017,Moscow,2032-04-20T22:10,2032-04-21T12:30,2.5
CLEAN-001865,EVS360-035,Saint Petersburg,2032-04-20T22:10,2032-04-21T11:00,2.5
CLEAN-001866,EVS360-036,Saint Petersburg,2032-04-20T22:35,2032-04-21T11:30,2.5
CLEAN-001867,EVS360-018,Moscow,2032-04-20T22:50,2032-04-21T13:00,2.5
CLEAN-001868,EVS360-037,Saint Petersburg,2032-04-20T22:50,2032-04-21T12:00,2.5
CLEAN-001869,EVS360-019,Moscow,2032-04-20T23:20,2032-04-21T13:30,2.5
CLEAN-001870,EVS360-038,Saint Petersburg,2032-04-20T23:20,2032-04-21T12:30,2.5
CLEAN-001871,EVS360-020,Moscow,2032-04-20T23:50,2032-04-21T14:00,2.5
CLEAN-001872,EVS360-039,Saint Petersburg,2032-04-20T23:50,2032-04-21T13:00,2.5
CLEAN-001873,EVS360-001,Moscow,2032-04-22T18:50,2032-04-23T09:00,2.5
CLEAN-001874,EVS360-002,Moscow,2032-04-22T19:20,2032-04-23T09:30,2.5
CLEAN-001875,EVS360-003,Moscow,2032-04-22T19:50,2032-04-23T10:00,2.5
CLEAN-001876,EVS360-021,Saint Petersburg,2032-04-22T19:50,2032-04-23T08:30,2.5
CLEAN-001877,EVS360-004,Moscow,2032-04-22T20:10,2032-04-23T10:15,2.5
CLEAN-001878,EVS360-022,Saint Petersburg,2032-04-22T20:10,2032-04-23T09:00,2.5
CLEAN-001879,EVS360-005,Moscow,2032-04-22T20:35,2032-04-23T10:30,2.5
CLEAN-001880,EVS360-023,Saint Petersburg,2032-04-22T20:35,2032-04-23T09:30,2.5
CLEAN-001881,EVS360-006,Moscow,2032-04-22T20:50,2032-04-23T11:00,2.5
CLEAN-001882,EVS360-024,Saint Petersburg,2032-04-22T20:50,2032-04-23T10:00,2.5
CLEAN-001883,EVS360-007,Moscow,2032-04-22T21:20,2032-04-23T11:30,2.5
CLEAN-001884,EVS360-025,Saint Petersburg,2032-04-22T21:20,2032-04-23T10:15,2.5
CLEAN-001885,EVS360-008,Moscow,2032-04-22T21:50,2032-04-23T12:00,2.5
CLEAN-001886,EVS360-026,Saint Petersburg,2032-04-22T21:50,2032-04-23T10:30,2.5
CLEAN-001887,EVS360-009,Moscow,2032-04-22T22:10,2032-04-23T12:30,2.5
CLEAN-001888,EVS360-027,Saint Petersburg,2032-04-22T22:10,2032-04-23T11:00,2.5
CLEAN-001889,EVS360-028,Saint Petersburg,2032-04-22T22:35,2032-04-23T11:30,2.5
CLEAN-001890,EVS360-010,Moscow,2032-04-22T22:50,2032-04-23T13:00,2.5
CLEAN-001891,EVS360-029,Saint Petersburg,2032-04-22T22:50,2032-04-23T12:00,2.5
CLEAN-001892,EVS360-011,Moscow,2032-04-22T23:20,2032-04-23T13:30,2.5
CLEAN-001893,EVS360-030,Saint Petersburg,2032-04-22T23:20,2032-04-23T12:30,2.5
CLEAN-001894,EVS360-012,Moscow,2032-04-22T23:50,2032-04-23T14:00,2.5
CLEAN-001895,EVS360-031,Saint Petersburg,2032-04-22T23:50,2032-04-23T13:00,2.5
CLEAN-001896,EVS360-013,Moscow,2032-04-23T00:10,2032-04-23T14:30,2.5
CLEAN-001897,EVS360-032,Saint Petersburg,2032-04-23T00:10,2032-04-23T14:00,2.5
CLEAN-001898,EVS360-014,Moscow,2032-04-23T08:10,2032-04-23T15:00,2.5
CLEAN-001899,EVS360-033,Saint Petersburg,2032-04-23T08:10,2032-04-23T14:30,2.5
CLEAN-001900,EVS360-015,Moscow,2032-04-23T08:35,2032-04-23T16:00,2.5
CLEAN-001901,EVS360-034,Saint Petersburg,2032-04-23T08:35,2032-04-23T15:00,2.5
CLEAN-001902,EVS360-016,Moscow,2032-04-23T08:50,2032-04-23T16:30,2.5
CLEAN-001903,EVS360-035,Saint Petersburg,2032-04-23T08:50,2032-04-23T16:00,2.5
CLEAN-001904,EVS360-017,Moscow,2032-04-23T09:20,2032-04-23T17:30,2.5
CLEAN-001905,EVS360-036,Saint Petersburg,2032-04-23T09:20,2032-04-23T16:30,2.5
CLEAN-001906,EVS360-018,Moscow,2032-04-23T09:35,2032-04-23T18:00,2.5
CLEAN-001907,EVS360-019,Moscow,2032-04-23T09:50,2032-04-23T18:15,2.5
CLEAN-001908,EVS360-037,Saint Petersburg,2032-04-23T09:50,2032-04-23T17:00,2.5
CLEAN-001909,EVS360-020,Moscow,2032-04-23T10:10,2032-04-23T18:30,2.5
CLEAN-001910,EVS360-038,Saint Petersburg,2032-04-23T10:10,2032-04-23T17:30,2.5
CLEAN-001911,EVS360-039,Saint Petersburg,2032-04-23T10:50,2032-04-23T18:00,2.5
CLEAN-001912,EVS360-001,Moscow,2032-04-24T22:10,2032-04-25T12:30,2.5
CLEAN-001913,EVS360-002,Moscow,2032-04-24T22:50,2032-04-25T13:00,2.5
CLEAN-001914,EVS360-021,Saint Petersburg,2032-04-24T22:50,2032-04-25T12:00,2.5
CLEAN-001915,EVS360-003,Moscow,2032-04-24T23:20,2032-04-25T13:30,2.5
CLEAN-001916,EVS360-022,Saint Petersburg,2032-04-24T23:20,2032-04-25T12:30,2.5
CLEAN-001917,EVS360-004,Moscow,2032-04-24T23:50,2032-04-25T14:00,2.5
CLEAN-001918,EVS360-023,Saint Petersburg,2032-04-24T23:50,2032-04-25T13:00,2.5
CLEAN-001919,EVS360-005,Moscow,2032-04-25T00:10,2032-04-25T14:30,2.5
CLEAN-001920,EVS360-024,Saint Petersburg,2032-04-25T00:10,2032-04-25T14:00,2.5
CLEAN-001921,EVS360-006,Moscow,2032-04-25T08:10,2032-04-25T15:00,2.5
CLEAN-001922,EVS360-025,Saint Petersburg,2032-04-25T08:10,2032-04-25T14:30,2.5
CLEAN-001923,EVS360-007,Moscow,2032-04-25T08:35,2032-04-25T16:00,2.5
CLEAN-001924,EVS360-026,Saint Petersburg,2032-04-25T08:35,2032-04-25T15:00,2.5
CLEAN-001925,EVS360-008,Moscow,2032-04-25T08:50,2032-04-25T16:30,2.5
CLEAN-001926,EVS360-027,Saint Petersburg,2032-04-25T08:50,2032-04-25T16:00,2.5
CLEAN-001927,EVS360-009,Moscow,2032-04-25T09:20,2032-04-25T17:30,2.5
CLEAN-001928,EVS360-028,Saint Petersburg,2032-04-25T09:20,2032-04-25T16:30,2.5
CLEAN-001929,EVS360-010,Moscow,2032-04-25T09:35,2032-04-25T18:00,2.5
CLEAN-001930,EVS360-011,Moscow,2032-04-25T09:50,2032-04-25T18:15,2.5
CLEAN-001931,EVS360-029,Saint Petersburg,2032-04-25T09:50,2032-04-25T17:00,2.5
CLEAN-001932,EVS360-012,Moscow,2032-04-25T10:10,2032-04-25T18:30,2.5
CLEAN-001933,EVS360-030,Saint Petersburg,2032-04-25T10:10,2032-04-25T17:30,2.5
CLEAN-001934,EVS360-013,Moscow,2032-04-25T10:50,2032-04-25T19:00,2.5
CLEAN-001935,EVS360-031,Saint Petersburg,2032-04-25T10:50,2032-04-25T18:00,2.5
CLEAN-001936,EVS360-014,Moscow,2032-04-25T11:20,2032-04-25T19:30,2.5
CLEAN-001937,EVS360-032,Saint Petersburg,2032-04-25T11:20,2032-04-25T18:15,2.5
CLEAN-001938,EVS360-015,Moscow,2032-04-25T11:50,2032-04-25T20:00,2.5
CLEAN-001939,EVS360-033,Saint Petersburg,2032-04-25T11:50,2032-04-25T18:30,2.5
CLEAN-001940,EVS360-016,Moscow,2032-04-25T12:10,2032-04-25T20:15,2.5
CLEAN-001941,EVS360-034,Saint Petersburg,2032-04-25T12:10,2032-04-25T19:00,2.5
CLEAN-001942,EVS360-017,Moscow,2032-04-25T12:35,2032-04-25T20:30,2.5
CLEAN-001943,EVS360-035,Saint Petersburg,2032-04-25T12:35,2032-04-25T19:30,2.5
CLEAN-001944,EVS360-018,Moscow,2032-04-25T12:50,2032-04-25T21:00,2.5
CLEAN-001945,EVS360-036,Saint Petersburg,2032-04-25T12:50,2032-04-25T20:00,2.5
CLEAN-001946,EVS360-019,Moscow,2032-04-25T13:20,2032-04-25T21:30,2.5
CLEAN-001947,EVS360-037,Saint Petersburg,2032-04-25T13:20,2032-04-25T20:30,2.5
CLEAN-001948,EVS360-020,Moscow,2032-04-25T13:50,2032-04-25T22:00,2.5
CLEAN-001949,EVS360-038,Saint Petersburg,2032-04-25T13:50,2032-04-25T21:00,2.5
CLEAN-001950,EVS360-039,Saint Petersburg,2032-04-25T14:10,2032-04-25T21:30,2.5
CLEAN-001951,EVS360-001,Moscow,2032-04-27T09:20,2032-04-27T17:30,2.5
CLEAN-001952,EVS360-002,Moscow,2032-04-27T09:35,2032-04-27T18:00,2.5
CLEAN-001953,EVS360-003,Moscow,2032-04-27T09:50,2032-04-27T18:15,2.5
CLEAN-001954,EVS360-021,Saint Petersburg,2032-04-27T09:50,2032-04-27T17:00,2.5
CLEAN-001955,EVS360-004,Moscow,2032-04-27T10:10,2032-04-27T18:30,2.5
CLEAN-001956,EVS360-022,Saint Petersburg,2032-04-27T10:10,2032-04-27T17:30,2.5
CLEAN-001957,EVS360-005,Moscow,2032-04-27T10:50,2032-04-27T19:00,2.5
CLEAN-001958,EVS360-023,Saint Petersburg,2032-04-27T10:50,2032-04-27T18:00,2.5
CLEAN-001959,EVS360-006,Moscow,2032-04-27T11:20,2032-04-27T19:30,2.5
CLEAN-001960,EVS360-024,Saint Petersburg,2032-04-27T11:20,2032-04-27T18:15,2.5
CLEAN-001961,EVS360-007,Moscow,2032-04-27T11:50,2032-04-27T20:00,2.5
CLEAN-001962,EVS360-025,Saint Petersburg,2032-04-27T11:50,2032-04-27T18:30,2.5
CLEAN-001963,EVS360-008,Moscow,2032-04-27T12:10,2032-04-27T20:15,2.5
CLEAN-001964,EVS360-026,Saint Petersburg,2032-04-27T12:10,2032-04-27T19:00,2.5
CLEAN-001965,EVS360-009,Moscow,2032-04-27T12:35,2032-04-27T20:30,2.5
CLEAN-001966,EVS360-027,Saint Petersburg,2032-04-27T12:35,2032-04-27T19:30,2.5
CLEAN-001967,EVS360-010,Moscow,2032-04-27T12:50,2032-04-27T21:00,2.5
CLEAN-001968,EVS360-028,Saint Petersburg,2032-04-27T12:50,2032-04-27T20:00,2.5
CLEAN-001969,EVS360-011,Moscow,2032-04-27T13:20,2032-04-27T21:30,2.5
CLEAN-001970,EVS360-029,Saint Petersburg,2032-04-27T13:20,2032-04-27T20:30,2.5
CLEAN-001971,EVS360-012,Moscow,2032-04-27T13:50,2032-04-27T22:00,2.5
CLEAN-001972,EVS360-030,Saint Petersburg,2032-04-27T13:50,2032-04-27T21:00,2.5
CLEAN-001973,EVS360-013,Moscow,2032-04-27T14:10,2032-04-28T06:00,2.5
CLEAN-001974,EVS360-031,Saint Petersburg,2032-04-27T14:10,2032-04-27T21:30,2.5
CLEAN-001975,EVS360-014,Moscow,2032-04-27T14:50,2032-04-28T06:15,2.5
CLEAN-001976,EVS360-032,Saint Petersburg,2032-04-27T14:50,2032-04-27T22:00,2.5
CLEAN-001977,EVS360-015,Moscow,2032-04-27T15:20,2032-04-28T06:30,2.5
CLEAN-001978,EVS360-033,Saint Petersburg,2032-04-27T15:20,2032-04-28T06:00,2.5
CLEAN-001979,EVS360-034,Saint Petersburg,2032-04-27T15:50,2032-04-28T06:15,2.5
CLEAN-001980,EVS360-016,Moscow,2032-04-27T16:10,2032-04-28T07:00,2.5
CLEAN-001981,EVS360-035,Saint Petersburg,2032-04-27T16:10,2032-04-28T06:30,2.5
CLEAN-001982,EVS360-017,Moscow,2032-04-27T16:50,2032-04-28T07:30,2.5
CLEAN-001983,EVS360-036,Saint Petersburg,2032-04-27T16:50,2032-04-28T07:00,2.5
CLEAN-001984,EVS360-018,Moscow,2032-04-27T17:20,2032-04-28T08:00,2.5
CLEAN-001985,EVS360-037,Saint Petersburg,2032-04-27T17:20,2032-04-28T07:15,2.5
CLEAN-001986,EVS360-019,Moscow,2032-04-27T18:10,2032-04-28T08:30,2.5
CLEAN-001987,EVS360-038,Saint Petersburg,2032-04-27T18:10,2032-04-28T07:30,2.5
CLEAN-001988,EVS360-020,Moscow,2032-04-27T18:50,2032-04-28T09:00,2.5
CLEAN-001989,EVS360-039,Saint Petersburg,2032-04-27T18:50,2032-04-28T08:00,2.5
CLEAN-001990,EVS360-001,Moscow,2032-04-29T12:35,2032-04-29T20:30,2.5
CLEAN-001991,EVS360-002,Moscow,2032-04-29T12:50,2032-04-29T21:00,2.5
CLEAN-001992,EVS360-003,Moscow,2032-04-29T13:20,2032-04-29T21:30,2.5
CLEAN-001993,EVS360-021,Saint Petersburg,2032-04-29T13:20,2032-04-29T20:30,2.5
CLEAN-001994,EVS360-004,Moscow,2032-04-29T13:50,2032-04-29T22:00,2.5
CLEAN-001995,EVS360-022,Saint Petersburg,2032-04-29T13:50,2032-04-29T21:00,2.5
CLEAN-001996,EVS360-005,Moscow,2032-04-29T14:10,2032-04-30T06:00,2.5
CLEAN-001997,EVS360-023,Saint Petersburg,2032-04-29T14:10,2032-04-29T21:30,2.5
CLEAN-001998,EVS360-006,Moscow,2032-04-29T14:50,2032-04-30T06:15,2.5
CLEAN-001999,EVS360-024,Saint Petersburg,2032-04-29T14:50,2032-04-29T22:00,2.5
CLEAN-002000,EVS360-007,Moscow,2032-04-29T15:20,2032-04-30T06:30,2.5
CLEAN-002001,EVS360-025,Saint Petersburg,2032-04-29T15:20,2032-04-30T06:00,2.5
CLEAN-002002,EVS360-026,Saint Petersburg,2032-04-29T15:50,2032-04-30T06:15,2.5
CLEAN-002003,EVS360-008,Moscow,2032-04-29T16:10,2032-04-30T07:00,2.5
CLEAN-002004,EVS360-027,Saint Petersburg,2032-04-29T16:10,2032-04-30T06:30,2.5
CLEAN-002005,EVS360-009,Moscow,2032-04-29T16:50,2032-04-30T07:30,2.5
CLEAN-002006,EVS360-028,Saint Petersburg,2032-04-29T16:50,2032-04-30T07:00,2.5
CLEAN-002007,EVS360-010,Moscow,2032-04-29T17:20,2032-04-30T08:00,2.5
CLEAN-002008,EVS360-029,Saint Petersburg,2032-04-29T17:20,2032-04-30T07:15,2.5
CLEAN-002009,EVS360-011,Moscow,2032-04-29T18:10,2032-04-30T08:30,2.5
CLEAN-002010,EVS360-030,Saint Petersburg,2032-04-29T18:10,2032-04-30T07:30,2.5
CLEAN-002011,EVS360-012,Moscow,2032-04-29T18:50,2032-04-30T09:00,2.5
CLEAN-002012,EVS360-031,Saint Petersburg,2032-04-29T18:50,2032-04-30T08:00,2.5
CLEAN-002013,EVS360-013,Moscow,2032-04-29T19:20,2032-04-30T09:30,2.5
CLEAN-002014,EVS360-014,Moscow,2032-04-29T19:50,2032-04-30T10:00,2.5
CLEAN-002015,EVS360-032,Saint Petersburg,2032-04-29T19:50,2032-04-30T08:30,2.5
CLEAN-002016,EVS360-015,Moscow,2032-04-29T20:10,2032-04-30T10:15,2.5
CLEAN-002017,EVS360-033,Saint Petersburg,2032-04-29T20:10,2032-04-30T09:00,2.5
CLEAN-002018,EVS360-016,Moscow,2032-04-29T20:35,2032-04-30T10:30,2.5
CLEAN-002019,EVS360-034,Saint Petersburg,2032-04-29T20:35,2032-04-30T09:30,2.5
CLEAN-002020,EVS360-017,Moscow,2032-04-29T20:50,2032-04-30T11:00,2.5
CLEAN-002021,EVS360-035,Saint Petersburg,2032-04-29T20:50,2032-04-30T10:00,2.5
CLEAN-002022,EVS360-018,Moscow,2032-04-29T21:20,2032-04-30T11:30,2.5
CLEAN-002023,EVS360-036,Saint Petersburg,2032-04-29T21:20,2032-04-30T10:15,2.5
CLEAN-002024,EVS360-019,Moscow,2032-04-29T21:50,2032-04-30T12:00,2.5
CLEAN-002025,EVS360-037,Saint Petersburg,2032-04-29T21:50,2032-04-30T10:30,2.5
CLEAN-002026,EVS360-020,Moscow,2032-04-29T22:10,2032-04-30T12:30,2.5
CLEAN-002027,EVS360-038,Saint Petersburg,2032-04-29T22:10,2032-04-30T11:00,2.5
CLEAN-002028,EVS360-039,Saint Petersburg,2032-04-29T22:35,2032-04-30T11:30,2.5
CLEAN-002029,EVS360-001,Moscow,2032-05-01T16:50,2032-05-02T07:30,2.5
CLEAN-002030,EVS360-002,Moscow,2032-05-01T17:20,2032-05-02T08:00,2.5
CLEAN-002031,EVS360-021,Saint Petersburg,2032-05-01T17:20,2032-05-02T07:15,2.5
CLEAN-002032,EVS360-003,Moscow,2032-05-01T18:10,2032-05-02T08:30,2.5
CLEAN-002033,EVS360-022,Saint Petersburg,2032-05-01T18:10,2032-05-02T07:30,2.5
CLEAN-002034,EVS360-004,Moscow,2032-05-01T18:50,2032-05-02T09:00,2.5
CLEAN-002035,EVS360-023,Saint Petersburg,2032-05-01T18:50,2032-05-02T08:00,2.5
CLEAN-002036,EVS360-005,Moscow,2032-05-01T19:20,2032-05-02T09:30,2.5
CLEAN-002037,EVS360-006,Moscow,2032-05-01T19:50,2032-05-02T10:00,2.5
CLEAN-002038,EVS360-024,Saint Petersburg,2032-05-01T19:50,2032-05-02T08:30,2.5
CLEAN-002039,EVS360-007,Moscow,2032-05-01T20:10,2032-05-02T10:15,2.5
CLEAN-002040,EVS360-025,Saint Petersburg,2032-05-01T20:10,2032-05-02T09:00,2.5
CLEAN-002041,EVS360-008,Moscow,2032-05-01T20:35,2032-05-02T10:30,2.5
CLEAN-002042,EVS360-026,Saint Petersburg,2032-05-01T20:35,2032-05-02T09:30,2.5
CLEAN-002043,EVS360-009,Moscow,2032-05-01T20:50,2032-05-02T11:00,2.5
CLEAN-002044,EVS360-027,Saint Petersburg,2032-05-01T20:50,2032-05-02T10:00,2.5
CLEAN-002045,EVS360-010,Moscow,2032-05-01T21:20,2032-05-02T11:30,2.5
CLEAN-002046,EVS360-028,Saint Petersburg,2032-05-01T21:20,2032-05-02T10:15,2.5
CLEAN-002047,EVS360-011,Moscow,2032-05-01T21:50,2032-05-02T12:00,2.5
CLEAN-002048,EVS360-029,Saint Petersburg,2032-05-01T21:50,2032-05-02T10:30,2.5
CLEAN-002049,EVS360-012,Moscow,2032-05-01T22:10,2032-05-02T12:30,2.5
CLEAN-002050,EVS360-030,Saint Petersburg,2032-05-01T22:10,2032-05-02T11:00,2.5
CLEAN-002051,EVS360-031,Saint Petersburg,2032-05-01T22:35,2032-05-02T11:30,2.5
CLEAN-002052,EVS360-013,Moscow,2032-05-01T22:50,2032-05-02T13:00,2.5
CLEAN-002053,EVS360-032,Saint Petersburg,2032-05-01T22:50,2032-05-02T12:00,2.5
CLEAN-002054,EVS360-014,Moscow,2032-05-01T23:20,2032-05-02T13:30,2.5
CLEAN-002055,EVS360-033,Saint Petersburg,2032-05-01T23:20,2032-05-02T12:30,2.5
CLEAN-002056,EVS360-015,Moscow,2032-05-01T23:50,2032-05-02T14:00,2.5
CLEAN-002057,EVS360-034,Saint Petersburg,2032-05-01T23:50,2032-05-02T13:00,2.5
CLEAN-002058,EVS360-016,Moscow,2032-05-02T00:10,2032-05-02T14:30,2.5
CLEAN-002059,EVS360-035,Saint Petersburg,2032-05-02T00:10,2032-05-02T14:00,2.5
CLEAN-002060,EVS360-017,Moscow,2032-05-02T08:10,2032-05-02T15:00,2.5
CLEAN-002061,EVS360-036,Saint Petersburg,2032-05-02T08:10,2032-05-02T14:30,2.5
CLEAN-002062,EVS360-018,Moscow,2032-05-02T08:35,2032-05-02T16:00,2.5
CLEAN-002063,EVS360-037,Saint Petersburg,2032-05-02T08:35,2032-05-02T15:00,2.5
CLEAN-002064,EVS360-019,Moscow,2032-05-02T08:50,2032-05-02T16:30,2.5
CLEAN-002065,EVS360-038,Saint Petersburg,2032-05-02T08:50,2032-05-02T16:00,2.5
CLEAN-002066,EVS360-020,Moscow,2032-05-02T09:20,2032-05-02T17:30,2.5
CLEAN-002067,EVS360-039,Saint Petersburg,2032-05-02T09:20,2032-05-02T16:30,2.5
CLEAN-002068,EVS360-001,Moscow,2032-05-03T20:50,2032-05-04T11:00,2.5
CLEAN-002069,EVS360-002,Moscow,2032-05-03T21:20,2032-05-04T11:30,2.5
CLEAN-002070,EVS360-003,Moscow,2032-05-03T21:50,2032-05-04T12:00,2.5
CLEAN-002071,EVS360-021,Saint Petersburg,2032-05-03T21:50,2032-05-04T10:30,2.5
CLEAN-002072,EVS360-004,Moscow,2032-05-03T22:10,2032-05-04T12:30,2.5
CLEAN-002073,EVS360-022,Saint Petersburg,2032-05-03T22:10,2032-05-04T11:00,2.5
CLEAN-002074,EVS360-023,Saint Petersburg,2032-05-03T22:35,2032-05-04T11:30,2.5
CLEAN-002075,EVS360-005,Moscow,2032-05-03T22:50,2032-05-04T13:00,2.5
CLEAN-002076,EVS360-024,Saint Petersburg,2032-05-03T22:50,2032-05-04T12:00,2.5
CLEAN-002077,EVS360-006,Moscow,2032-05-03T23:20,2032-05-04T13:30,2.5
CLEAN-002078,EVS360-025,Saint Petersburg,2032-05-03T23:20,2032-05-04T12:30,2.5
CLEAN-002079,EVS360-007,Moscow,2032-05-03T23:50,2032-05-04T14:00,2.5
CLEAN-002080,EVS360-026,Saint Petersburg,2032-05-03T23:50,2032-05-04T13:00,2.5
CLEAN-002081,EVS360-008,Moscow,2032-05-04T00:10,2032-05-04T14:30,2.5
CLEAN-002082,EVS360-027,Saint Petersburg,2032-05-04T00:10,2032-05-04T14:00,2.5
CLEAN-002083,EVS360-009,Moscow,2032-05-04T08:10,2032-05-04T15:00,2.5
CLEAN-002084,EVS360-028,Saint Petersburg,2032-05-04T08:10,2032-05-04T14:30,2.5
CLEAN-002085,EVS360-010,Moscow,2032-05-04T08:35,2032-05-04T16:00,2.5
CLEAN-002086,EVS360-029,Saint Petersburg,2032-05-04T08:35,2032-05-04T15:00,2.5
CLEAN-002087,EVS360-011,Moscow,2032-05-04T08:50,2032-05-04T16:30,2.5
CLEAN-002088,EVS360-030,Saint Petersburg,2032-05-04T08:50,2032-05-04T16:00,2.5
CLEAN-002089,EVS360-012,Moscow,2032-05-04T09:20,2032-05-04T17:30,2.5
CLEAN-002090,EVS360-031,Saint Petersburg,2032-05-04T09:20,2032-05-04T16:30,2.5
CLEAN-002091,EVS360-013,Moscow,2032-05-04T09:35,2032-05-04T18:00,2.5
CLEAN-002092,EVS360-014,Moscow,2032-05-04T09:50,2032-05-04T18:15,2.5
CLEAN-002093,EVS360-032,Saint Petersburg,2032-05-04T09:50,2032-05-04T17:00,2.5
CLEAN-002094,EVS360-015,Moscow,2032-05-04T10:10,2032-05-04T18:30,2.5
CLEAN-002095,EVS360-033,Saint Petersburg,2032-05-04T10:10,2032-05-04T17:30,2.5
CLEAN-002096,EVS360-016,Moscow,2032-05-04T10:50,2032-05-04T19:00,2.5
CLEAN-002097,EVS360-034,Saint Petersburg,2032-05-04T10:50,2032-05-04T18:00,2.5
CLEAN-002098,EVS360-017,Moscow,2032-05-04T11:20,2032-05-04T19:30,2.5
CLEAN-002099,EVS360-035,Saint Petersburg,2032-05-04T11:20,2032-05-04T18:15,2.5
CLEAN-002100,EVS360-018,Moscow,2032-05-04T11:50,2032-05-04T20:00,2.5
CLEAN-002101,EVS360-036,Saint Petersburg,2032-05-04T11:50,2032-05-04T18:30,2.5
CLEAN-002102,EVS360-019,Moscow,2032-05-04T12:10,2032-05-04T20:15,2.5
CLEAN-002103,EVS360-037,Saint Petersburg,2032-05-04T12:10,2032-05-04T19:00,2.5
CLEAN-002104,EVS360-020,Moscow,2032-05-04T12:35,2032-05-04T20:30,2.5
CLEAN-002105,EVS360-038,Saint Petersburg,2032-05-04T12:35,2032-05-04T19:30,2.5
CLEAN-002106,EVS360-039,Saint Petersburg,2032-05-04T12:50,2032-05-04T20:00,2.5
CLEAN-002107,EVS360-001,Moscow,2032-05-06T08:10,2032-05-06T15:00,2.5
CLEAN-002108,EVS360-002,Moscow,2032-05-06T08:35,2032-05-06T16:00,2.5
CLEAN-002109,EVS360-021,Saint Petersburg,2032-05-06T08:35,2032-05-06T15:00,2.5
CLEAN-002110,EVS360-003,Moscow,2032-05-06T08:50,2032-05-06T16:30,2.5
CLEAN-002111,EVS360-022,Saint Petersburg,2032-05-06T08:50,2032-05-06T16:00,2.5
CLEAN-002112,EVS360-004,Moscow,2032-05-06T09:20,2032-05-06T17:30,2.5
CLEAN-002113,EVS360-023,Saint Petersburg,2032-05-06T09:20,2032-05-06T16:30,2.5
CLEAN-002114,EVS360-005,Moscow,2032-05-06T09:35,2032-05-06T18:00,2.5
CLEAN-002115,EVS360-006,Moscow,2032-05-06T09:50,2032-05-06T18:15,2.5
CLEAN-002116,EVS360-024,Saint Petersburg,2032-05-06T09:50,2032-05-06T17:00,2.5
CLEAN-002117,EVS360-007,Moscow,2032-05-06T10:10,2032-05-06T18:30,2.5
CLEAN-002118,EVS360-025,Saint Petersburg,2032-05-06T10:10,2032-05-06T17:30,2.5
CLEAN-002119,EVS360-008,Moscow,2032-05-06T10:50,2032-05-06T19:00,2.5
CLEAN-002120,EVS360-026,Saint Petersburg,2032-05-06T10:50,2032-05-06T18:00,2.5
CLEAN-002121,EVS360-009,Moscow,2032-05-06T11:20,2032-05-06T19:30,2.5
CLEAN-002122,EVS360-027,Saint Petersburg,2032-05-06T11:20,2032-05-06T18:15,2.5
CLEAN-002123,EVS360-010,Moscow,2032-05-06T11:50,2032-05-06T20:00,2.5
CLEAN-002124,EVS360-028,Saint Petersburg,2032-05-06T11:50,2032-05-06T18:30,2.5
CLEAN-002125,EVS360-011,Moscow,2032-05-06T12:10,2032-05-06T20:15,2.5
CLEAN-002126,EVS360-029,Saint Petersburg,2032-05-06T12:10,2032-05-06T19:00,2.5
CLEAN-002127,EVS360-012,Moscow,2032-05-06T12:35,2032-05-06T20:30,2.5
CLEAN-002128,EVS360-030,Saint Petersburg,2032-05-06T12:35,2032-05-06T19:30,2.5
CLEAN-002129,EVS360-013,Moscow,2032-05-06T12:50,2032-05-06T21:00,2.5
CLEAN-002130,EVS360-031,Saint Petersburg,2032-05-06T12:50,2032-05-06T20:00,2.5
CLEAN-002131,EVS360-014,Moscow,2032-05-06T13:20,2032-05-06T21:30,2.5
CLEAN-002132,EVS360-032,Saint Petersburg,2032-05-06T13:20,2032-05-06T20:30,2.5
CLEAN-002133,EVS360-015,Moscow,2032-05-06T13:50,2032-05-06T22:00,2.5
CLEAN-002134,EVS360-033,Saint Petersburg,2032-05-06T13:50,2032-05-06T21:00,2.5
CLEAN-002135,EVS360-016,Moscow,2032-05-06T14:10,2032-05-07T06:00,2.5
CLEAN-002136,EVS360-034,Saint Petersburg,2032-05-06T14:10,2032-05-06T21:30,2.5
CLEAN-002137,EVS360-017,Moscow,2032-05-06T14:50,2032-05-07T06:15,2.5
CLEAN-002138,EVS360-035,Saint Petersburg,2032-05-06T14:50,2032-05-06T22:00,2.5
CLEAN-002139,EVS360-018,Moscow,2032-05-06T15:20,2032-05-07T06:30,2.5
CLEAN-002140,EVS360-036,Saint Petersburg,2032-05-06T15:20,2032-05-07T06:00,2.5
CLEAN-002141,EVS360-037,Saint Petersburg,2032-05-06T15:50,2032-05-07T06:15,2.5
CLEAN-002142,EVS360-019,Moscow,2032-05-06T16:10,2032-05-07T07:00,2.5
CLEAN-002143,EVS360-038,Saint Petersburg,2032-05-06T16:10,2032-05-07T06:30,2.5
CLEAN-002144,EVS360-020,Moscow,2032-05-06T16:50,2032-05-07T07:30,2.5
CLEAN-002145,EVS360-039,Saint Petersburg,2032-05-06T16:50,2032-05-07T07:00,2.5
CLEAN-002146,EVS360-001,Moscow,2032-05-08T11:20,2032-05-08T19:30,2.5
CLEAN-002147,EVS360-002,Moscow,2032-05-08T11:50,2032-05-08T20:00,2.5
CLEAN-002148,EVS360-003,Moscow,2032-05-08T12:10,2032-05-08T20:15,2.5
CLEAN-002149,EVS360-021,Saint Petersburg,2032-05-08T12:10,2032-05-08T19:00,2.5
CLEAN-002150,EVS360-004,Moscow,2032-05-08T12:35,2032-05-08T20:30,2.5
CLEAN-002151,EVS360-022,Saint Petersburg,2032-05-08T12:35,2032-05-08T19:30,2.5
CLEAN-002152,EVS360-005,Moscow,2032-05-08T12:50,2032-05-08T21:00,2.5
CLEAN-002153,EVS360-023,Saint Petersburg,2032-05-08T12:50,2032-05-08T20:00,2.5
CLEAN-002154,EVS360-006,Moscow,2032-05-08T13:20,2032-05-08T21:30,2.5
CLEAN-002155,EVS360-024,Saint Petersburg,2032-05-08T13:20,2032-05-08T20:30,2.5
CLEAN-002156,EVS360-007,Moscow,2032-05-08T13:50,2032-05-08T22:00,2.5
CLEAN-002157,EVS360-025,Saint Petersburg,2032-05-08T13:50,2032-05-08T21:00,2.5
CLEAN-002158,EVS360-008,Moscow,2032-05-08T14:10,2032-05-09T06:00,2.5
CLEAN-002159,EVS360-026,Saint Petersburg,2032-05-08T14:10,2032-05-08T21:30,2.5
CLEAN-002160,EVS360-009,Moscow,2032-05-08T14:50,2032-05-09T06:15,2.5
CLEAN-002161,EVS360-027,Saint Petersburg,2032-05-08T14:50,2032-05-08T22:00,2.5
CLEAN-002162,EVS360-010,Moscow,2032-05-08T15:20,2032-05-09T06:30,2.5
CLEAN-002163,EVS360-028,Saint Petersburg,2032-05-08T15:20,2032-05-09T06:00,2.5
CLEAN-002164,EVS360-029,Saint Petersburg,2032-05-08T15:50,2032-05-09T06:15,2.5
CLEAN-002165,EVS360-011,Moscow,2032-05-08T16:10,2032-05-09T07:00,2.5
CLEAN-002166,EVS360-030,Saint Petersburg,2032-05-08T16:10,2032-05-09T06:30,2.5
CLEAN-002167,EVS360-012,Moscow,2032-05-08T16:50,2032-05-09T07:30,2.5
CLEAN-002168,EVS360-031,Saint Petersburg,2032-05-08T16:50,2032-05-09T07:00,2.5
CLEAN-002169,EVS360-013,Moscow,2032-05-08T17:20,2032-05-09T08:00,2.5
CLEAN-002170,EVS360-032,Saint Petersburg,2032-05-08T17:20,2032-05-09T07:15,2.5
CLEAN-002171,EVS360-014,Moscow,2032-05-08T18:10,2032-05-09T08:30,2.5
CLEAN-002172,EVS360-033,Saint Petersburg,2032-05-08T18:10,2032-05-09T07:30,2.5
CLEAN-002173,EVS360-015,Moscow,2032-05-08T18:50,2032-05-09T09:00,2.5
CLEAN-002174,EVS360-034,Saint Petersburg,2032-05-08T18:50,2032-05-09T08:00,2.5
CLEAN-002175,EVS360-016,Moscow,2032-05-08T19:20,2032-05-09T09:30,2.5
CLEAN-002176,EVS360-017,Moscow,2032-05-08T19:50,2032-05-09T10:00,2.5
CLEAN-002177,EVS360-035,Saint Petersburg,2032-05-08T19:50,2032-05-09T08:30,2.5
CLEAN-002178,EVS360-018,Moscow,2032-05-08T20:10,2032-05-09T10:15,2.5
CLEAN-002179,EVS360-036,Saint Petersburg,2032-05-08T20:10,2032-05-09T09:00,2.5
CLEAN-002180,EVS360-019,Moscow,2032-05-08T20:35,2032-05-09T10:30,2.5
CLEAN-002181,EVS360-037,Saint Petersburg,2032-05-08T20:35,2032-05-09T09:30,2.5
CLEAN-002182,EVS360-020,Moscow,2032-05-08T20:50,2032-05-09T11:00,2.5
CLEAN-002183,EVS360-038,Saint Petersburg,2032-05-08T20:50,2032-05-09T10:00,2.5
CLEAN-002184,EVS360-039,Saint Petersburg,2032-05-08T21:20,2032-05-09T10:15,2.5
CLEAN-002185,EVS360-001,Moscow,2032-05-10T14:50,2032-05-11T06:15,2.5
CLEAN-002186,EVS360-002,Moscow,2032-05-10T15:20,2032-05-11T06:30,2.5
CLEAN-002187,EVS360-021,Saint Petersburg,2032-05-10T15:50,2032-05-11T06:15,2.5
CLEAN-002188,EVS360-003,Moscow,2032-05-10T16:10,2032-05-11T07:00,2.5
CLEAN-002189,EVS360-022,Saint Petersburg,2032-05-10T16:10,2032-05-11T06:30,2.5
CLEAN-002190,EVS360-004,Moscow,2032-05-10T16:50,2032-05-11T07:30,2.5
CLEAN-002191,EVS360-023,Saint Petersburg,2032-05-10T16:50,2032-05-11T07:00,2.5
CLEAN-002192,EVS360-005,Moscow,2032-05-10T17:20,2032-05-11T08:00,2.5
CLEAN-002193,EVS360-024,Saint Petersburg,2032-05-10T17:20,2032-05-11T07:15,2.5
CLEAN-002194,EVS360-006,Moscow,2032-05-10T18:10,2032-05-11T08:30,2.5
CLEAN-002195,EVS360-025,Saint Petersburg,2032-05-10T18:10,2032-05-11T07:30,2.5
CLEAN-002196,EVS360-007,Moscow,2032-05-10T18:50,2032-05-11T09:00,2.5
CLEAN-002197,EVS360-026,Saint Petersburg,2032-05-10T18:50,2032-05-11T08:00,2.5
CLEAN-002198,EVS360-008,Moscow,2032-05-10T19:20,2032-05-11T09:30,2.5
CLEAN-002199,EVS360-009,Moscow,2032-05-10T19:50,2032-05-11T10:00,2.5
CLEAN-002200,EVS360-027,Saint Petersburg,2032-05-10T19:50,2032-05-11T08:30,2.5
CLEAN-002201,EVS360-010,Moscow,2032-05-10T20:10,2032-05-11T10:15,2.5
CLEAN-002202,EVS360-028,Saint Petersburg,2032-05-10T20:10,2032-05-11T09:00,2.5
CLEAN-002203,EVS360-011,Moscow,2032-05-10T20:35,2032-05-11T10:30,2.5
CLEAN-002204,EVS360-029,Saint Petersburg,2032-05-10T20:35,2032-05-11T09:30,2.5
CLEAN-002205,EVS360-012,Moscow,2032-05-10T20:50,2032-05-11T11:00,2.5
CLEAN-002206,EVS360-030,Saint Petersburg,2032-05-10T20:50,2032-05-11T10:00,2.5
CLEAN-002207,EVS360-013,Moscow,2032-05-10T21:20,2032-05-11T11:30,2.5
CLEAN-002208,EVS360-031,Saint Petersburg,2032-05-10T21:20,2032-05-11T10:15,2.5
CLEAN-002209,EVS360-014,Moscow,2032-05-10T21:50,2032-05-11T12:00,2.5
CLEAN-002210,EVS360-032,Saint Petersburg,2032-05-10T21:50,2032-05-11T10:30,2.5
CLEAN-002211,EVS360-015,Moscow,2032-05-10T22:10,2032-05-11T12:30,2.5
CLEAN-002212,EVS360-033,Saint Petersburg,2032-05-10T22:10,2032-05-11T11:00,2.5
CLEAN-002213,EVS360-034,Saint Petersburg,2032-05-10T22:35,2032-05-11T11:30,2.5
CLEAN-002214,EVS360-016,Moscow,2032-05-10T22:50,2032-05-11T13:00,2.5
CLEAN-002215,EVS360-035,Saint Petersburg,2032-05-10T22:50,2032-05-11T12:00,2.5
CLEAN-002216,EVS360-017,Moscow,2032-05-10T23:20,2032-05-11T13:30,2.5
CLEAN-002217,EVS360-036,Saint Petersburg,2032-05-10T23:20,2032-05-11T12:30,2.5
CLEAN-002218,EVS360-018,Moscow,2032-05-10T23:50,2032-05-11T14:00,2.5
CLEAN-002219,EVS360-037,Saint Petersburg,2032-05-10T23:50,2032-05-11T13:00,2.5
CLEAN-002220,EVS360-019,Moscow,2032-05-11T00:10,2032-05-11T14:30,2.5
CLEAN-002221,EVS360-038,Saint Petersburg,2032-05-11T00:10,2032-05-11T14:00,2.5
CLEAN-002222,EVS360-020,Moscow,2032-05-11T08:10,2032-05-11T15:00,2.5
CLEAN-002223,EVS360-039,Saint Petersburg,2032-05-11T08:10,2032-05-11T14:30,2.5
CLEAN-002224,EVS360-001,Moscow,2032-05-12T19:50,2032-05-13T10:00,2.5
CLEAN-002225,EVS360-002,Moscow,2032-05-12T20:10,2032-05-13T10:15,2.5
CLEAN-002226,EVS360-003,Moscow,2032-05-12T20:35,2032-05-13T10:30,2.5
CLEAN-002227,EVS360-021,Saint Petersburg,2032-05-12T20:35,2032-05-13T09:30,2.5
CLEAN-002228,EVS360-004,Moscow,2032-05-12T20:50,2032-05-13T11:00,2.5
CLEAN-002229,EVS360-022,Saint Petersburg,2032-05-12T20:50,2032-05-13T10:00,2.5
CLEAN-002230,EVS360-005,Moscow,2032-05-12T21:20,2032-05-13T11:30,2.5
CLEAN-002231,EVS360-023,Saint Petersburg,2032-05-12T21:20,2032-05-13T10:15,2.5
CLEAN-002232,EVS360-006,Moscow,2032-05-12T21:50,2032-05-13T12:00,2.5
CLEAN-002233,EVS360-024,Saint Petersburg,2032-05-12T21:50,2032-05-13T10:30,2.5
CLEAN-002234,EVS360-007,Moscow,2032-05-12T22:10,2032-05-13T12:30,2.5
CLEAN-002235,EVS360-025,Saint Petersburg,2032-05-12T22:10,2032-05-13T11:00,2.5
CLEAN-002236,EVS360-026,Saint Petersburg,2032-05-12T22:35,2032-05-13T11:30,2.5
CLEAN-002237,EVS360-008,Moscow,2032-05-12T22:50,2032-05-13T13:00,2.5
CLEAN-002238,EVS360-027,Saint Petersburg,2032-05-12T22:50,2032-05-13T12:00,2.5
CLEAN-002239,EVS360-009,Moscow,2032-05-12T23:20,2032-05-13T13:30,2.5
CLEAN-002240,EVS360-028,Saint Petersburg,2032-05-12T23:20,2032-05-13T12:30,2.5
CLEAN-002241,EVS360-010,Moscow,2032-05-12T23:50,2032-05-13T14:00,2.5
CLEAN-002242,EVS360-029,Saint Petersburg,2032-05-12T23:50,2032-05-13T13:00,2.5
CLEAN-002243,EVS360-011,Moscow,2032-05-13T00:10,2032-05-13T14:30,2.5
CLEAN-002244,EVS360-030,Saint Petersburg,2032-05-13T00:10,2032-05-13T14:00,2.5
CLEAN-002245,EVS360-012,Moscow,2032-05-13T08:10,2032-05-13T15:00,2.5
CLEAN-002246,EVS360-031,Saint Petersburg,2032-05-13T08:10,2032-05-13T14:30,2.5
CLEAN-002247,EVS360-013,Moscow,2032-05-13T08:35,2032-05-13T16:00,2.5
CLEAN-002248,EVS360-032,Saint Petersburg,2032-05-13T08:35,2032-05-13T15:00,2.5
CLEAN-002249,EVS360-014,Moscow,2032-05-13T08:50,2032-05-13T16:30,2.5
CLEAN-002250,EVS360-033,Saint Petersburg,2032-05-13T08:50,2032-05-13T16:00,2.5
CLEAN-002251,EVS360-015,Moscow,2032-05-13T09:20,2032-05-13T17:30,2.5
CLEAN-002252,EVS360-034,Saint Petersburg,2032-05-13T09:20,2032-05-13T16:30,2.5
CLEAN-002253,EVS360-016,Moscow,2032-05-13T09:35,2032-05-13T18:00,2.5
CLEAN-002254,EVS360-017,Moscow,2032-05-13T09:50,2032-05-13T18:15,2.5
CLEAN-002255,EVS360-035,Saint Petersburg,2032-05-13T09:50,2032-05-13T17:00,2.5
CLEAN-002256,EVS360-018,Moscow,2032-05-13T10:10,2032-05-13T18:30,2.5
CLEAN-002257,EVS360-036,Saint Petersburg,2032-05-13T10:10,2032-05-13T17:30,2.5
CLEAN-002258,EVS360-019,Moscow,2032-05-13T10:50,2032-05-13T19:00,2.5
CLEAN-002259,EVS360-037,Saint Petersburg,2032-05-13T10:50,2032-05-13T18:00,2.5
CLEAN-002260,EVS360-020,Moscow,2032-05-13T11:20,2032-05-13T19:30,2.5
CLEAN-002261,EVS360-038,Saint Petersburg,2032-05-13T11:20,2032-05-13T18:15,2.5
CLEAN-002262,EVS360-039,Saint Petersburg,2032-05-13T11:50,2032-05-13T18:30,2.5
CLEAN-002263,EVS360-001,Moscow,2032-05-14T23:20,2032-05-15T13:30,2.5
CLEAN-002264,EVS360-002,Moscow,2032-05-14T23:50,2032-05-15T14:00,2.5
CLEAN-002265,EVS360-021,Saint Petersburg,2032-05-14T23:50,2032-05-15T13:00,2.5
CLEAN-002266,EVS360-003,Moscow,2032-05-15T00:10,2032-05-15T14:30,2.5
CLEAN-002267,EVS360-022,Saint Petersburg,2032-05-15T00:10,2032-05-15T14:00,2.5
CLEAN-002268,EVS360-004,Moscow,2032-05-15T08:10,2032-05-15T15:00,2.5
CLEAN-002269,EVS360-023,Saint Petersburg,2032-05-15T08:10,2032-05-15T14:30,2.5
CLEAN-002270,EVS360-005,Moscow,2032-05-15T08:35,2032-05-15T16:00,2.5
CLEAN-002271,EVS360-024,Saint Petersburg,2032-05-15T08:35,2032-05-15T15:00,2.5
CLEAN-002272,EVS360-006,Moscow,2032-05-15T08:50,2032-05-15T16:30,2.5
CLEAN-002273,EVS360-025,Saint Petersburg,2032-05-15T08:50,2032-05-15T16:00,2.5
CLEAN-002274,EVS360-007,Moscow,2032-05-15T09:20,2032-05-15T17:30,2.5
CLEAN-002275,EVS360-026,Saint Petersburg,2032-05-15T09:20,2032-05-15T16:30,2.5
CLEAN-002276,EVS360-008,Moscow,2032-05-15T09:35,2032-05-15T18:00,2.5
CLEAN-002277,EVS360-009,Moscow,2032-05-15T09:50,2032-05-15T18:15,2.5
CLEAN-002278,EVS360-027,Saint Petersburg,2032-05-15T09:50,2032-05-15T17:00,2.5
CLEAN-002279,EVS360-010,Moscow,2032-05-15T10:10,2032-05-15T18:30,2.5
CLEAN-002280,EVS360-028,Saint Petersburg,2032-05-15T10:10,2032-05-15T17:30,2.5
CLEAN-002281,EVS360-011,Moscow,2032-05-15T10:50,2032-05-15T19:00,2.5
CLEAN-002282,EVS360-029,Saint Petersburg,2032-05-15T10:50,2032-05-15T18:00,2.5
CLEAN-002283,EVS360-012,Moscow,2032-05-15T11:20,2032-05-15T19:30,2.5
CLEAN-002284,EVS360-030,Saint Petersburg,2032-05-15T11:20,2032-05-15T18:15,2.5
CLEAN-002285,EVS360-013,Moscow,2032-05-15T11:50,2032-05-15T20:00,2.5
CLEAN-002286,EVS360-031,Saint Petersburg,2032-05-15T11:50,2032-05-15T18:30,2.5
CLEAN-002287,EVS360-014,Moscow,2032-05-15T12:10,2032-05-15T20:15,2.5
CLEAN-002288,EVS360-032,Saint Petersburg,2032-05-15T12:10,2032-05-15T19:00,2.5
CLEAN-002289,EVS360-015,Moscow,2032-05-15T12:35,2032-05-15T20:30,2.5
CLEAN-002290,EVS360-033,Saint Petersburg,2032-05-15T12:35,2032-05-15T19:30,2.5
CLEAN-002291,EVS360-016,Moscow,2032-05-15T12:50,2032-05-15T21:00,2.5
CLEAN-002292,EVS360-034,Saint Petersburg,2032-05-15T12:50,2032-05-15T20:00,2.5
CLEAN-002293,EVS360-017,Moscow,2032-05-15T13:20,2032-05-15T21:30,2.5
CLEAN-002294,EVS360-035,Saint Petersburg,2032-05-15T13:20,2032-05-15T20:30,2.5
CLEAN-002295,EVS360-018,Moscow,2032-05-15T13:50,2032-05-15T22:00,2.5
CLEAN-002296,EVS360-036,Saint Petersburg,2032-05-15T13:50,2032-05-15T21:00,2.5
CLEAN-002297,EVS360-019,Moscow,2032-05-15T14:10,2032-05-16T06:00,2.5
CLEAN-002298,EVS360-037,Saint Petersburg,2032-05-15T14:10,2032-05-15T21:30,2.5
CLEAN-002299,EVS360-020,Moscow,2032-05-15T14:50,2032-05-16T06:15,2.5
CLEAN-002300,EVS360-038,Saint Petersburg,2032-05-15T14:50,2032-05-15T22:00,2.5
CLEAN-002301,EVS360-039,Saint Petersburg,2032-05-15T15:20,2032-05-16T06:00,2.5
CLEAN-002302,EVS360-001,Moscow,2032-05-17T09:50,2032-05-17T18:15,2.5
CLEAN-002303,EVS360-002,Moscow,2032-05-17T10:10,2032-05-17T18:30,2.5
CLEAN-002304,EVS360-003,Moscow,2032-05-17T10:50,2032-05-17T19:00,2.5
CLEAN-002305,EVS360-021,Saint Petersburg,2032-05-17T10:50,2032-05-17T18:00,2.5
CLEAN-002306,EVS360-004,Moscow,2032-05-17T11:20,2032-05-17T19:30,2.5
CLEAN-002307,EVS360-022,Saint Petersburg,2032-05-17T11:20,2032-05-17T18:15,2.5
CLEAN-002308,EVS360-005,Moscow,2032-05-17T11:50,2032-05-17T20:00,2.5
CLEAN-002309,EVS360-023,Saint Petersburg,2032-05-17T11:50,2032-05-17T18:30,2.5
CLEAN-002310,EVS360-006,Moscow,2032-05-17T12:10,2032-05-17T20:15,2.5
CLEAN-002311,EVS360-024,Saint Petersburg,2032-05-17T12:10,2032-05-17T19:00,2.5
CLEAN-002312,EVS360-007,Moscow,2032-05-17T12:35,2032-05-17T20:30,2.5
CLEAN-002313,EVS360-025,Saint Petersburg,2032-05-17T12:35,2032-05-17T19:30,2.5
CLEAN-002314,EVS360-008,Moscow,2032-05-17T12:50,2032-05-17T21:00,2.5
CLEAN-002315,EVS360-026,Saint Petersburg,2032-05-17T12:50,2032-05-17T20:00,2.5
CLEAN-002316,EVS360-009,Moscow,2032-05-17T13:20,2032-05-17T21:30,2.5
CLEAN-002317,EVS360-027,Saint Petersburg,2032-05-17T13:20,2032-05-17T20:30,2.5
CLEAN-002318,EVS360-010,Moscow,2032-05-17T13:50,2032-05-17T22:00,2.5
CLEAN-002319,EVS360-028,Saint Petersburg,2032-05-17T13:50,2032-05-17T21:00,2.5
CLEAN-002320,EVS360-011,Moscow,2032-05-17T14:10,2032-05-18T06:00,2.5
CLEAN-002321,EVS360-029,Saint Petersburg,2032-05-17T14:10,2032-05-17T21:30,2.5
CLEAN-002322,EVS360-012,Moscow,2032-05-17T14:50,2032-05-18T06:15,2.5
CLEAN-002323,EVS360-030,Saint Petersburg,2032-05-17T14:50,2032-05-17T22:00,2.5
CLEAN-002324,EVS360-013,Moscow,2032-05-17T15:20,2032-05-18T06:30,2.5
CLEAN-002325,EVS360-031,Saint Petersburg,2032-05-17T15:20,2032-05-18T06:00,2.5
CLEAN-002326,EVS360-032,Saint Petersburg,2032-05-17T15:50,2032-05-18T06:15,2.5
CLEAN-002327,EVS360-014,Moscow,2032-05-17T16:10,2032-05-18T07:00,2.5
CLEAN-002328,EVS360-033,Saint Petersburg,2032-05-17T16:10,2032-05-18T06:30,2.5
CLEAN-002329,EVS360-015,Moscow,2032-05-17T16:50,2032-05-18T07:30,2.5
CLEAN-002330,EVS360-034,Saint Petersburg,2032-05-17T16:50,2032-05-18T07:00,2.5
CLEAN-002331,EVS360-016,Moscow,2032-05-17T17:20,2032-05-18T08:00,2.5
CLEAN-002332,EVS360-035,Saint Petersburg,2032-05-17T17:20,2032-05-18T07:15,2.5
CLEAN-002333,EVS360-017,Moscow,2032-05-17T18:10,2032-05-18T08:30,2.5
CLEAN-002334,EVS360-036,Saint Petersburg,2032-05-17T18:10,2032-05-18T07:30,2.5
CLEAN-002335,EVS360-018,Moscow,2032-05-17T18:50,2032-05-18T09:00,2.5
CLEAN-002336,EVS360-037,Saint Petersburg,2032-05-17T18:50,2032-05-18T08:00,2.5
CLEAN-002337,EVS360-019,Moscow,2032-05-17T19:20,2032-05-18T09:30,2.5
CLEAN-002338,EVS360-020,Moscow,2032-05-17T19:50,2032-05-18T10:00,2.5
CLEAN-002339,EVS360-038,Saint Petersburg,2032-05-17T19:50,2032-05-18T08:30,2.5
CLEAN-002340,EVS360-039,Saint Petersburg,2032-05-17T20:10,2032-05-18T09:00,2.5
CLEAN-002341,EVS360-001,Moscow,2032-05-19T13:20,2032-05-19T21:30,2.5
CLEAN-002342,EVS360-002,Moscow,2032-05-19T13:50,2032-05-19T22:00,2.5
CLEAN-002343,EVS360-003,Moscow,2032-05-19T14:10,2032-05-20T06:00,2.5
CLEAN-002344,EVS360-021,Saint Petersburg,2032-05-19T14:10,2032-05-19T21:30,2.5
CLEAN-002345,EVS360-004,Moscow,2032-05-19T14:50,2032-05-20T06:15,2.5
CLEAN-002346,EVS360-022,Saint Petersburg,2032-05-19T14:50,2032-05-19T22:00,2.5
CLEAN-002347,EVS360-005,Moscow,2032-05-19T15:20,2032-05-20T06:30,2.5
CLEAN-002348,EVS360-023,Saint Petersburg,2032-05-19T15:20,2032-05-20T06:00,2.5
CLEAN-002349,EVS360-024,Saint Petersburg,2032-05-19T15:50,2032-05-20T06:15,2.5
CLEAN-002350,EVS360-006,Moscow,2032-05-19T16:10,2032-05-20T07:00,2.5
CLEAN-002351,EVS360-025,Saint Petersburg,2032-05-19T16:10,2032-05-20T06:30,2.5
CLEAN-002352,EVS360-007,Moscow,2032-05-19T16:50,2032-05-20T07:30,2.5
CLEAN-002353,EVS360-026,Saint Petersburg,2032-05-19T16:50,2032-05-20T07:00,2.5
CLEAN-002354,EVS360-008,Moscow,2032-05-19T17:20,2032-05-20T08:00,2.5
CLEAN-002355,EVS360-027,Saint Petersburg,2032-05-19T17:20,2032-05-20T07:15,2.5
CLEAN-002356,EVS360-009,Moscow,2032-05-19T18:10,2032-05-20T08:30,2.5
CLEAN-002357,EVS360-028,Saint Petersburg,2032-05-19T18:10,2032-05-20T07:30,2.5
CLEAN-002358,EVS360-010,Moscow,2032-05-19T18:50,2032-05-20T09:00,2.5
CLEAN-002359,EVS360-029,Saint Petersburg,2032-05-19T18:50,2032-05-20T08:00,2.5
CLEAN-002360,EVS360-011,Moscow,2032-05-19T19:20,2032-05-20T09:30,2.5
CLEAN-002361,EVS360-012,Moscow,2032-05-19T19:50,2032-05-20T10:00,2.5
CLEAN-002362,EVS360-030,Saint Petersburg,2032-05-19T19:50,2032-05-20T08:30,2.5
CLEAN-002363,EVS360-013,Moscow,2032-05-19T20:10,2032-05-20T10:15,2.5
CLEAN-002364,EVS360-031,Saint Petersburg,2032-05-19T20:10,2032-05-20T09:00,2.5
CLEAN-002365,EVS360-014,Moscow,2032-05-19T20:35,2032-05-20T10:30,2.5
CLEAN-002366,EVS360-032,Saint Petersburg,2032-05-19T20:35,2032-05-20T09:30,2.5
CLEAN-002367,EVS360-015,Moscow,2032-05-19T20:50,2032-05-20T11:00,2.5
CLEAN-002368,EVS360-033,Saint Petersburg,2032-05-19T20:50,2032-05-20T10:00,2.5
CLEAN-002369,EVS360-016,Moscow,2032-05-19T21:20,2032-05-20T11:30,2.5
CLEAN-002370,EVS360-034,Saint Petersburg,2032-05-19T21:20,2032-05-20T10:15,2.5
CLEAN-002371,EVS360-017,Moscow,2032-05-19T21:50,2032-05-20T12:00,2.5
CLEAN-002372,EVS360-035,Saint Petersburg,2032-05-19T21:50,2032-05-20T10:30,2.5
CLEAN-002373,EVS360-018,Moscow,2032-05-19T22:10,2032-05-20T12:30,2.5
CLEAN-002374,EVS360-036,Saint Petersburg,2032-05-19T22:10,2032-05-20T11:00,2.5
CLEAN-002375,EVS360-037,Saint Petersburg,2032-05-19T22:35,2032-05-20T11:30,2.5
CLEAN-002376,EVS360-019,Moscow,2032-05-19T22:50,2032-05-20T13:00,2.5
CLEAN-002377,EVS360-038,Saint Petersburg,2032-05-19T22:50,2032-05-20T12:00,2.5
CLEAN-002378,EVS360-020,Moscow,2032-05-19T23:20,2032-05-20T13:30,2.5
CLEAN-002379,EVS360-039,Saint Petersburg,2032-05-19T23:20,2032-05-20T12:30,2.5
CLEAN-002380,EVS360-001,Moscow,2032-05-21T18:10,2032-05-22T08:30,2.5
CLEAN-002381,EVS360-002,Moscow,2032-05-21T18:50,2032-05-22T09:00,2.5
CLEAN-002382,EVS360-021,Saint Petersburg,2032-05-21T18:50,2032-05-22T08:00,2.5
CLEAN-002383,EVS360-003,Moscow,2032-05-21T19:20,2032-05-22T09:30,2.5
CLEAN-002384,EVS360-004,Moscow,2032-05-21T19:50,2032-05-22T10:00,2.5
CLEAN-002385,EVS360-022,Saint Petersburg,2032-05-21T19:50,2032-05-22T08:30,2.5
CLEAN-002386,EVS360-005,Moscow,2032-05-21T20:10,2032-05-22T10:15,2.5
CLEAN-002387,EVS360-023,Saint Petersburg,2032-05-21T20:10,2032-05-22T09:00,2.5
CLEAN-002388,EVS360-006,Moscow,2032-05-21T20:35,2032-05-22T10:30,2.5
CLEAN-002389,EVS360-024,Saint Petersburg,2032-05-21T20:35,2032-05-22T09:30,2.5
CLEAN-002390,EVS360-007,Moscow,2032-05-21T20:50,2032-05-22T11:00,2.5
CLEAN-002391,EVS360-025,Saint Petersburg,2032-05-21T20:50,2032-05-22T10:00,2.5
CLEAN-002392,EVS360-008,Moscow,2032-05-21T21:20,2032-05-22T11:30,2.5
CLEAN-002393,EVS360-026,Saint Petersburg,2032-05-21T21:20,2032-05-22T10:15,2.5
CLEAN-002394,EVS360-009,Moscow,2032-05-21T21:50,2032-05-22T12:00,2.5
CLEAN-002395,EVS360-027,Saint Petersburg,2032-05-21T21:50,2032-05-22T10:30,2.5
CLEAN-002396,EVS360-010,Moscow,2032-05-21T22:10,2032-05-22T12:30,2.5
CLEAN-002397,EVS360-028,Saint Petersburg,2032-05-21T22:10,2032-05-22T11:00,2.5
CLEAN-002398,EVS360-029,Saint Petersburg,2032-05-21T22:35,2032-05-22T11:30,2.5
CLEAN-002399,EVS360-011,Moscow,2032-05-21T22:50,2032-05-22T13:00,2.5
CLEAN-002400,EVS360-030,Saint Petersburg,2032-05-21T22:50,2032-05-22T12:00,2.5
CLEAN-002401,EVS360-012,Moscow,2032-05-21T23:20,2032-05-22T13:30,2.5
CLEAN-002402,EVS360-031,Saint Petersburg,2032-05-21T23:20,2032-05-22T12:30,2.5
CLEAN-002403,EVS360-013,Moscow,2032-05-21T23:50,2032-05-22T14:00,2.5
CLEAN-002404,EVS360-032,Saint Petersburg,2032-05-21T23:50,2032-05-22T13:00,2.5
CLEAN-002405,EVS360-014,Moscow,2032-05-22T00:10,2032-05-22T14:30,2.5
CLEAN-002406,EVS360-033,Saint Petersburg,2032-05-22T00:10,2032-05-22T14:00,2.5
CLEAN-002407,EVS360-015,Moscow,2032-05-22T08:10,2032-05-22T15:00,2.5
CLEAN-002408,EVS360-034,Saint Petersburg,2032-05-22T08:10,2032-05-22T14:30,2.5
CLEAN-002409,EVS360-016,Moscow,2032-05-22T08:35,2032-05-22T16:00,2.5
CLEAN-002410,EVS360-035,Saint Petersburg,2032-05-22T08:35,2032-05-22T15:00,2.5
CLEAN-002411,EVS360-017,Moscow,2032-05-22T08:50,2032-05-22T16:30,2.5
CLEAN-002412,EVS360-036,Saint Petersburg,2032-05-22T08:50,2032-05-22T16:00,2.5
CLEAN-002413,EVS360-018,Moscow,2032-05-22T09:20,2032-05-22T17:30,2.5
CLEAN-002414,EVS360-037,Saint Petersburg,2032-05-22T09:20,2032-05-22T16:30,2.5
CLEAN-002415,EVS360-019,Moscow,2032-05-22T09:35,2032-05-22T18:00,2.5
CLEAN-002416,EVS360-020,Moscow,2032-05-22T09:50,2032-05-22T18:15,2.5
CLEAN-002417,EVS360-038,Saint Petersburg,2032-05-22T09:50,2032-05-22T17:00,2.5
CLEAN-002418,EVS360-039,Saint Petersburg,2032-05-22T10:10,2032-05-22T17:30,2.5
CLEAN-002419,EVS360-001,Moscow,2032-05-23T21:50,2032-05-24T12:00,2.5
CLEAN-002420,EVS360-002,Moscow,2032-05-23T22:10,2032-05-24T12:30,2.5
CLEAN-002421,EVS360-021,Saint Petersburg,2032-05-23T22:35,2032-05-24T11:30,2.5
CLEAN-002422,EVS360-003,Moscow,2032-05-23T22:50,2032-05-24T13:00,2.5
CLEAN-002423,EVS360-022,Saint Petersburg,2032-05-23T22:50,2032-05-24T12:00,2.5
CLEAN-002424,EVS360-004,Moscow,2032-05-23T23:20,2032-05-24T13:30,2.5
CLEAN-002425,EVS360-023,Saint Petersburg,2032-05-23T23:20,2032-05-24T12:30,2.5
CLEAN-002426,EVS360-005,Moscow,2032-05-23T23:50,2032-05-24T14:00,2.5
CLEAN-002427,EVS360-024,Saint Petersburg,2032-05-23T23:50,2032-05-24T13:00,2.5
CLEAN-002428,EVS360-006,Moscow,2032-05-24T00:10,2032-05-24T14:30,2.5
CLEAN-002429,EVS360-025,Saint Petersburg,2032-05-24T00:10,2032-05-24T14:00,2.5
CLEAN-002430,EVS360-007,Moscow,2032-05-24T08:10,2032-05-24T15:00,2.5
CLEAN-002431,EVS360-026,Saint Petersburg,2032-05-24T08:10,2032-05-24T14:30,2.5
CLEAN-002432,EVS360-008,Moscow,2032-05-24T08:35,2032-05-24T16:00,2.5
CLEAN-002433,EVS360-027,Saint Petersburg,2032-05-24T08:35,2032-05-24T15:00,2.5
CLEAN-002434,EVS360-009,Moscow,2032-05-24T08:50,2032-05-24T16:30,2.5
CLEAN-002435,EVS360-028,Saint Petersburg,2032-05-24T08:50,2032-05-24T16:00,2.5
CLEAN-002436,EVS360-010,Moscow,2032-05-24T09:20,2032-05-24T17:30,2.5
CLEAN-002437,EVS360-029,Saint Petersburg,2032-05-24T09:20,2032-05-24T16:30,2.5
CLEAN-002438,EVS360-011,Moscow,2032-05-24T09:35,2032-05-24T18:00,2.5
CLEAN-002439,EVS360-012,Moscow,2032-05-24T09:50,2032-05-24T18:15,2.5
CLEAN-002440,EVS360-030,Saint Petersburg,2032-05-24T09:50,2032-05-24T17:00,2.5
CLEAN-002441,EVS360-013,Moscow,2032-05-24T10:10,2032-05-24T18:30,2.5
CLEAN-002442,EVS360-031,Saint Petersburg,2032-05-24T10:10,2032-05-24T17:30,2.5
CLEAN-002443,EVS360-014,Moscow,2032-05-24T10:50,2032-05-24T19:00,2.5
CLEAN-002444,EVS360-032,Saint Petersburg,2032-05-24T10:50,2032-05-24T18:00,2.5
CLEAN-002445,EVS360-015,Moscow,2032-05-24T11:20,2032-05-24T19:30,2.5
CLEAN-002446,EVS360-033,Saint Petersburg,2032-05-24T11:20,2032-05-24T18:15,2.5
CLEAN-002447,EVS360-016,Moscow,2032-05-24T11:50,2032-05-24T20:00,2.5
CLEAN-002448,EVS360-034,Saint Petersburg,2032-05-24T11:50,2032-05-24T18:30,2.5
CLEAN-002449,EVS360-017,Moscow,2032-05-24T12:10,2032-05-24T20:15,2.5
CLEAN-002450,EVS360-035,Saint Petersburg,2032-05-24T12:10,2032-05-24T19:00,2.5
CLEAN-002451,EVS360-018,Moscow,2032-05-24T12:35,2032-05-24T20:30,2.5
CLEAN-002452,EVS360-036,Saint Petersburg,2032-05-24T12:35,2032-05-24T19:30,2.5
CLEAN-002453,EVS360-019,Moscow,2032-05-24T12:50,2032-05-24T21:00,2.5
CLEAN-002454,EVS360-037,Saint Petersburg,2032-05-24T12:50,2032-05-24T20:00,2.5
CLEAN-002455,EVS360-020,Moscow,2032-05-24T13:20,2032-05-24T21:30,2.5
CLEAN-002456,EVS360-038,Saint Petersburg,2032-05-24T13:20,2032-05-24T20:30,2.5
CLEAN-002457,EVS360-039,Saint Petersburg,2032-05-24T13:50,2032-05-24T21:00,2.5
CLEAN-002458,EVS360-001,Moscow,2032-05-26T08:50,2032-05-26T16:30,2.5
CLEAN-002459,EVS360-002,Moscow,2032-05-26T09:20,2032-05-26T17:30,2.5
CLEAN-002460,EVS360-021,Saint Petersburg,2032-05-26T09:20,2032-05-26T16:30,2.5
CLEAN-002461,EVS360-003,Moscow,2032-05-26T09:35,2032-05-26T18:00,2.5
CLEAN-002462,EVS360-004,Moscow,2032-05-26T09:50,2032-05-26T18:15,2.5
CLEAN-002463,EVS360-022,Saint Petersburg,2032-05-26T09:50,2032-05-26T17:00,2.5
CLEAN-002464,EVS360-005,Moscow,2032-05-26T10:10,2032-05-26T18:30,2.5
CLEAN-002465,EVS360-023,Saint Petersburg,2032-05-26T10:10,2032-05-26T17:30,2.5
CLEAN-002466,EVS360-006,Moscow,2032-05-26T10:50,2032-05-26T19:00,2.5
CLEAN-002467,EVS360-024,Saint Petersburg,2032-05-26T10:50,2032-05-26T18:00,2.5
CLEAN-002468,EVS360-007,Moscow,2032-05-26T11:20,2032-05-26T19:30,2.5
CLEAN-002469,EVS360-025,Saint Petersburg,2032-05-26T11:20,2032-05-26T18:15,2.5
CLEAN-002470,EVS360-008,Moscow,2032-05-26T11:50,2032-05-26T20:00,2.5
CLEAN-002471,EVS360-026,Saint Petersburg,2032-05-26T11:50,2032-05-26T18:30,2.5
CLEAN-002472,EVS360-009,Moscow,2032-05-26T12:10,2032-05-26T20:15,2.5
CLEAN-002473,EVS360-027,Saint Petersburg,2032-05-26T12:10,2032-05-26T19:00,2.5
CLEAN-002474,EVS360-010,Moscow,2032-05-26T12:35,2032-05-26T20:30,2.5
CLEAN-002475,EVS360-028,Saint Petersburg,2032-05-26T12:35,2032-05-26T19:30,2.5
CLEAN-002476,EVS360-011,Moscow,2032-05-26T12:50,2032-05-26T21:00,2.5
CLEAN-002477,EVS360-029,Saint Petersburg,2032-05-26T12:50,2032-05-26T20:00,2.5
CLEAN-002478,EVS360-012,Moscow,2032-05-26T13:20,2032-05-26T21:30,2.5
CLEAN-002479,EVS360-030,Saint Petersburg,2032-05-26T13:20,2032-05-26T20:30,2.5
CLEAN-002480,EVS360-013,Moscow,2032-05-26T13:50,2032-05-26T22:00,2.5
CLEAN-002481,EVS360-031,Saint Petersburg,2032-05-26T13:50,2032-05-26T21:00,2.5
CLEAN-002482,EVS360-014,Moscow,2032-05-26T14:10,2032-05-27T06:00,2.5
CLEAN-002483,EVS360-032,Saint Petersburg,2032-05-26T14:10,2032-05-26T21:30,2.5
CLEAN-002484,EVS360-015,Moscow,2032-05-26T14:50,2032-05-27T06:15,2.5
CLEAN-002485,EVS360-033,Saint Petersburg,2032-05-26T14:50,2032-05-26T22:00,2.5
CLEAN-002486,EVS360-016,Moscow,2032-05-26T15:20,2032-05-27T06:30,2.5
CLEAN-002487,EVS360-034,Saint Petersburg,2032-05-26T15:20,2032-05-27T06:00,2.5
CLEAN-002488,EVS360-035,Saint Petersburg,2032-05-26T15:50,2032-05-27T06:15,2.5
CLEAN-002489,EVS360-017,Moscow,2032-05-26T16:10,2032-05-27T07:00,2.5
CLEAN-002490,EVS360-036,Saint Petersburg,2032-05-26T16:10,2032-05-27T06:30,2.5
CLEAN-002491,EVS360-018,Moscow,2032-05-26T16:50,2032-05-27T07:30,2.5
CLEAN-002492,EVS360-037,Saint Petersburg,2032-05-26T16:50,2032-05-27T07:00,2.5
CLEAN-002493,EVS360-019,Moscow,2032-05-26T17:20,2032-05-27T08:00,2.5
CLEAN-002494,EVS360-038,Saint Petersburg,2032-05-26T17:20,2032-05-27T07:15,2.5
CLEAN-002495,EVS360-020,Moscow,2032-05-26T18:10,2032-05-27T08:30,2.5
CLEAN-002496,EVS360-039,Saint Petersburg,2032-05-26T18:10,2032-05-27T07:30,2.5
CLEAN-002497,EVS360-001,Moscow,2032-05-28T12:10,2032-05-28T20:15,2.5
CLEAN-002498,EVS360-002,Moscow,2032-05-28T12:35,2032-05-28T20:30,2.5
CLEAN-002499,EVS360-003,Moscow,2032-05-28T12:50,2032-05-28T21:00,2.5
CLEAN-002500,EVS360-021,Saint Petersburg,2032-05-28T12:50,2032-05-28T20:00,2.5
CLEAN-002501,EVS360-004,Moscow,2032-05-28T13:20,2032-05-28T21:30,2.5
CLEAN-002502,EVS360-022,Saint Petersburg,2032-05-28T13:20,2032-05-28T20:30,2.5
CLEAN-002503,EVS360-005,Moscow,2032-05-28T13:50,2032-05-28T22:00,2.5
CLEAN-002504,EVS360-023,Saint Petersburg,2032-05-28T13:50,2032-05-28T21:00,2.5
CLEAN-002505,EVS360-006,Moscow,2032-05-28T14:10,2032-05-29T06:00,2.5
CLEAN-002506,EVS360-024,Saint Petersburg,2032-05-28T14:10,2032-05-28T21:30,2.5
CLEAN-002507,EVS360-007,Moscow,2032-05-28T14:50,2032-05-29T06:15,2.5
CLEAN-002508,EVS360-025,Saint Petersburg,2032-05-28T14:50,2032-05-28T22:00,2.5
CLEAN-002509,EVS360-008,Moscow,2032-05-28T15:20,2032-05-29T06:30,2.5
CLEAN-002510,EVS360-026,Saint Petersburg,2032-05-28T15:20,2032-05-29T06:00,2.5
CLEAN-002511,EVS360-027,Saint Petersburg,2032-05-28T15:50,2032-05-29T06:15,2.5
CLEAN-002512,EVS360-009,Moscow,2032-05-28T16:10,2032-05-29T07:00,2.5
CLEAN-002513,EVS360-028,Saint Petersburg,2032-05-28T16:10,2032-05-29T06:30,2.5
CLEAN-002514,EVS360-010,Moscow,2032-05-28T16:50,2032-05-29T07:30,2.5
CLEAN-002515,EVS360-029,Saint Petersburg,2032-05-28T16:50,2032-05-29T07:00,2.5
CLEAN-002516,EVS360-011,Moscow,2032-05-28T17:20,2032-05-29T08:00,2.5
CLEAN-002517,EVS360-030,Saint Petersburg,2032-05-28T17:20,2032-05-29T07:15,2.5
CLEAN-002518,EVS360-012,Moscow,2032-05-28T18:10,2032-05-29T08:30,2.5
CLEAN-002519,EVS360-031,Saint Petersburg,2032-05-28T18:10,2032-05-29T07:30,2.5
CLEAN-002520,EVS360-013,Moscow,2032-05-28T18:50,2032-05-29T09:00,2.5
CLEAN-002521,EVS360-032,Saint Petersburg,2032-05-28T18:50,2032-05-29T08:00,2.5
CLEAN-002522,EVS360-014,Moscow,2032-05-28T19:20,2032-05-29T09:30,2.5
CLEAN-002523,EVS360-015,Moscow,2032-05-28T19:50,2032-05-29T10:00,2.5
CLEAN-002524,EVS360-033,Saint Petersburg,2032-05-28T19:50,2032-05-29T08:30,2.5
CLEAN-002525,EVS360-016,Moscow,2032-05-28T20:10,2032-05-29T10:15,2.5
CLEAN-002526,EVS360-034,Saint Petersburg,2032-05-28T20:10,2032-05-29T09:00,2.5
CLEAN-002527,EVS360-017,Moscow,2032-05-28T20:35,2032-05-29T10:30,2.5
CLEAN-002528,EVS360-035,Saint Petersburg,2032-05-28T20:35,2032-05-29T09:30,2.5
CLEAN-002529,EVS360-018,Moscow,2032-05-28T20:50,2032-05-29T11:00,2.5
CLEAN-002530,EVS360-036,Saint Petersburg,2032-05-28T20:50,2032-05-29T10:00,2.5
CLEAN-002531,EVS360-019,Moscow,2032-05-28T21:20,2032-05-29T11:30,2.5
CLEAN-002532,EVS360-037,Saint Petersburg,2032-05-28T21:20,2032-05-29T10:15,2.5
CLEAN-002533,EVS360-020,Moscow,2032-05-28T21:50,2032-05-29T12:00,2.5
CLEAN-002534,EVS360-038,Saint Petersburg,2032-05-28T21:50,2032-05-29T10:30,2.5
CLEAN-002535,EVS360-039,Saint Petersburg,2032-05-28T22:10,2032-05-29T11:00,2.5
CLEAN-002536,EVS360-001,Moscow,2032-05-30T16:10,2032-05-31T07:00,2.5
CLEAN-002537,EVS360-002,Moscow,2032-05-30T16:50,2032-05-31T07:30,2.5
CLEAN-002538,EVS360-021,Saint Petersburg,2032-05-30T16:50,2032-05-31T07:00,2.5
CLEAN-002539,EVS360-003,Moscow,2032-05-30T17:20,2032-05-31T08:00,2.5
CLEAN-002540,EVS360-022,Saint Petersburg,2032-05-30T17:20,2032-05-31T07:15,2.5
CLEAN-002541,EVS360-004,Moscow,2032-05-30T18:10,2032-05-31T08:30,2.5
CLEAN-002542,EVS360-023,Saint Petersburg,2032-05-30T18:10,2032-05-31T07:30,2.5
CLEAN-002543,EVS360-005,Moscow,2032-05-30T18:50,2032-05-31T09:00,2.5
CLEAN-002544,EVS360-024,Saint Petersburg,2032-05-30T18:50,2032-05-31T08:00,2.5
CLEAN-002545,EVS360-006,Moscow,2032-05-30T19:20,2032-05-31T09:30,2.5
CLEAN-002546,EVS360-007,Moscow,2032-05-30T19:50,2032-05-31T10:00,2.5
CLEAN-002547,EVS360-025,Saint Petersburg,2032-05-30T19:50,2032-05-31T08:30,2.5
CLEAN-002548,EVS360-008,Moscow,2032-05-30T20:10,2032-05-31T10:15,2.5
CLEAN-002549,EVS360-026,Saint Petersburg,2032-05-30T20:10,2032-05-31T09:00,2.5
CLEAN-002550,EVS360-009,Moscow,2032-05-30T20:35,2032-05-31T10:30,2.5
CLEAN-002551,EVS360-027,Saint Petersburg,2032-05-30T20:35,2032-05-31T09:30,2.5
CLEAN-002552,EVS360-010,Moscow,2032-05-30T20:50,2032-05-31T11:00,2.5
CLEAN-002553,EVS360-028,Saint Petersburg,2032-05-30T20:50,2032-05-31T10:00,2.5
CLEAN-002554,EVS360-011,Moscow,2032-05-30T21:20,2032-05-31T11:30,2.5
CLEAN-002555,EVS360-029,Saint Petersburg,2032-05-30T21:20,2032-05-31T10:15,2.5
CLEAN-002556,EVS360-012,Moscow,2032-05-30T21:50,2032-05-31T12:00,2.5
CLEAN-002557,EVS360-030,Saint Petersburg,2032-05-30T21:50,2032-05-31T10:30,2.5
CLEAN-002558,EVS360-013,Moscow,2032-05-30T22:10,2032-05-31T12:30,2.5
CLEAN-002559,EVS360-031,Saint Petersburg,2032-05-30T22:10,2032-05-31T11:00,2.5
CLEAN-002560,EVS360-032,Saint Petersburg,2032-05-30T22:35,2032-05-31T11:30,2.5
CLEAN-002561,EVS360-014,Moscow,2032-05-30T22:50,2032-05-31T13:00,2.5
CLEAN-002562,EVS360-033,Saint Petersburg,2032-05-30T22:50,2032-05-31T12:00,2.5
CLEAN-002563,EVS360-015,Moscow,2032-05-30T23:20,2032-05-31T13:30,2.5
CLEAN-002564,EVS360-034,Saint Petersburg,2032-05-30T23:20,2032-05-31T12:30,2.5
CLEAN-002565,EVS360-016,Moscow,2032-05-30T23:50,2032-05-31T14:00,2.5
CLEAN-002566,EVS360-035,Saint Petersburg,2032-05-30T23:50,2032-05-31T13:00,2.5
CLEAN-002567,EVS360-017,Moscow,2032-05-31T00:10,2032-05-31T14:30,2.5
CLEAN-002568,EVS360-036,Saint Petersburg,2032-05-31T00:10,2032-05-31T14:00,2.5
CLEAN-002569,EVS360-018,Moscow,2032-05-31T08:10,2032-05-31T15:00,2.5
CLEAN-002570,EVS360-037,Saint Petersburg,2032-05-31T08:10,2032-05-31T14:30,2.5
CLEAN-002571,EVS360-019,Moscow,2032-05-31T08:35,2032-05-31T16:00,2.5
CLEAN-002572,EVS360-038,Saint Petersburg,2032-05-31T08:35,2032-05-31T15:00,2.5
CLEAN-002573,EVS360-020,Moscow,2032-05-31T08:50,2032-05-31T16:30,2.5
CLEAN-002574,EVS360-039,Saint Petersburg,2032-05-31T08:50,2032-05-31T16:00,2.5
CLEAN-002575,EVS360-001,Moscow,2032-06-01T20:35,2032-06-02T10:30,2.5
CLEAN-002576,EVS360-002,Moscow,2032-06-01T20:50,2032-06-02T11:00,2.5
CLEAN-002577,EVS360-003,Moscow,2032-06-01T21:20,2032-06-02T11:30,2.5
CLEAN-002578,EVS360-021,Saint Petersburg,2032-06-01T21:20,2032-06-02T10:15,2.5
CLEAN-002579,EVS360-004,Moscow,2032-06-01T21:50,2032-06-02T12:00,2.5
CLEAN-002580,EVS360-022,Saint Petersburg,2032-06-01T21:50,2032-06-02T10:30,2.5
CLEAN-002581,EVS360-005,Moscow,2032-06-01T22:10,2032-06-02T12:30,2.5
CLEAN-002582,EVS360-023,Saint Petersburg,2032-06-01T22:10,2032-06-02T11:00,2.5
CLEAN-002583,EVS360-024,Saint Petersburg,2032-06-01T22:35,2032-06-02T11:30,2.5
CLEAN-002584,EVS360-006,Moscow,2032-06-01T22:50,2032-06-02T13:00,2.5
CLEAN-002585,EVS360-025,Saint Petersburg,2032-06-01T22:50,2032-06-02T12:00,2.5
CLEAN-002586,EVS360-007,Moscow,2032-06-01T23:20,2032-06-02T13:30,2.5
CLEAN-002587,EVS360-026,Saint Petersburg,2032-06-01T23:20,2032-06-02T12:30,2.5
CLEAN-002588,EVS360-008,Moscow,2032-06-01T23:50,2032-06-02T14:00,2.5
CLEAN-002589,EVS360-027,Saint Petersburg,2032-06-01T23:50,2032-06-02T13:00,2.5
CLEAN-002590,EVS360-009,Moscow,2032-06-02T00:10,2032-06-02T14:30,2.5
CLEAN-002591,EVS360-028,Saint Petersburg,2032-06-02T00:10,2032-06-02T14:00,2.5
CLEAN-002592,EVS360-010,Moscow,2032-06-02T08:10,2032-06-02T15:00,2.5
CLEAN-002593,EVS360-029,Saint Petersburg,2032-06-02T08:10,2032-06-02T14:30,2.5
CLEAN-002594,EVS360-011,Moscow,2032-06-02T08:35,2032-06-02T16:00,2.5
CLEAN-002595,EVS360-030,Saint Petersburg,2032-06-02T08:35,2032-06-02T15:00,2.5
CLEAN-002596,EVS360-012,Moscow,2032-06-02T08:50,2032-06-02T16:30,2.5
CLEAN-002597,EVS360-031,Saint Petersburg,2032-06-02T08:50,2032-06-02T16:00,2.5
CLEAN-002598,EVS360-013,Moscow,2032-06-02T09:20,2032-06-02T17:30,2.5
CLEAN-002599,EVS360-032,Saint Petersburg,2032-06-02T09:20,2032-06-02T16:30,2.5
CLEAN-002600,EVS360-014,Moscow,2032-06-02T09:35,2032-06-02T18:00,2.5
CLEAN-002601,EVS360-015,Moscow,2032-06-02T09:50,2032-06-02T18:15,2.5
CLEAN-002602,EVS360-033,Saint Petersburg,2032-06-02T09:50,2032-06-02T17:00,2.5
CLEAN-002603,EVS360-016,Moscow,2032-06-02T10:10,2032-06-02T18:30,2.5
CLEAN-002604,EVS360-034,Saint Petersburg,2032-06-02T10:10,2032-06-02T17:30,2.5
CLEAN-002605,EVS360-017,Moscow,2032-06-02T10:50,2032-06-02T19:00,2.5
CLEAN-002606,EVS360-035,Saint Petersburg,2032-06-02T10:50,2032-06-02T18:00,2.5
CLEAN-002607,EVS360-018,Moscow,2032-06-02T11:20,2032-06-02T19:30,2.5
CLEAN-002608,EVS360-036,Saint Petersburg,2032-06-02T11:20,2032-06-02T18:15,2.5
CLEAN-002609,EVS360-019,Moscow,2032-06-02T11:50,2032-06-02T20:00,2.5
CLEAN-002610,EVS360-037,Saint Petersburg,2032-06-02T11:50,2032-06-02T18:30,2.5
CLEAN-002611,EVS360-020,Moscow,2032-06-02T12:10,2032-06-02T20:15,2.5
CLEAN-002612,EVS360-038,Saint Petersburg,2032-06-02T12:10,2032-06-02T19:00,2.5
CLEAN-002613,EVS360-039,Saint Petersburg,2032-06-02T12:35,2032-06-02T19:30,2.5
CLEAN-002614,EVS360-001,Moscow,2032-06-04T00:10,2032-06-04T14:30,2.5
CLEAN-002615,EVS360-002,Moscow,2032-06-04T08:10,2032-06-04T15:00,2.5
CLEAN-002616,EVS360-021,Saint Petersburg,2032-06-04T08:10,2032-06-04T14:30,2.5
CLEAN-002617,EVS360-003,Moscow,2032-06-04T08:35,2032-06-04T16:00,2.5
CLEAN-002618,EVS360-022,Saint Petersburg,2032-06-04T08:35,2032-06-04T15:00,2.5
CLEAN-002619,EVS360-004,Moscow,2032-06-04T08:50,2032-06-04T16:30,2.5
CLEAN-002620,EVS360-023,Saint Petersburg,2032-06-04T08:50,2032-06-04T16:00,2.5
CLEAN-002621,EVS360-005,Moscow,2032-06-04T09:20,2032-06-04T17:30,2.5
CLEAN-002622,EVS360-024,Saint Petersburg,2032-06-04T09:20,2032-06-04T16:30,2.5
CLEAN-002623,EVS360-006,Moscow,2032-06-04T09:35,2032-06-04T18:00,2.5
CLEAN-002624,EVS360-007,Moscow,2032-06-04T09:50,2032-06-04T18:15,2.5
CLEAN-002625,EVS360-025,Saint Petersburg,2032-06-04T09:50,2032-06-04T17:00,2.5
CLEAN-002626,EVS360-008,Moscow,2032-06-04T10:10,2032-06-04T18:30,2.5
CLEAN-002627,EVS360-026,Saint Petersburg,2032-06-04T10:10,2032-06-04T17:30,2.5
CLEAN-002628,EVS360-009,Moscow,2032-06-04T10:50,2032-06-04T19:00,2.5
CLEAN-002629,EVS360-027,Saint Petersburg,2032-06-04T10:50,2032-06-04T18:00,2.5
CLEAN-002630,EVS360-010,Moscow,2032-06-04T11:20,2032-06-04T19:30,2.5
CLEAN-002631,EVS360-028,Saint Petersburg,2032-06-04T11:20,2032-06-04T18:15,2.5
CLEAN-002632,EVS360-011,Moscow,2032-06-04T11:50,2032-06-04T20:00,2.5
CLEAN-002633,EVS360-029,Saint Petersburg,2032-06-04T11:50,2032-06-04T18:30,2.5
CLEAN-002634,EVS360-012,Moscow,2032-06-04T12:10,2032-06-04T20:15,2.5
CLEAN-002635,EVS360-030,Saint Petersburg,2032-06-04T12:10,2032-06-04T19:00,2.5
CLEAN-002636,EVS360-013,Moscow,2032-06-04T12:35,2032-06-04T20:30,2.5
CLEAN-002637,EVS360-031,Saint Petersburg,2032-06-04T12:35,2032-06-04T19:30,2.5
CLEAN-002638,EVS360-014,Moscow,2032-06-04T12:50,2032-06-04T21:00,2.5
CLEAN-002639,EVS360-032,Saint Petersburg,2032-06-04T12:50,2032-06-04T20:00,2.5
CLEAN-002640,EVS360-015,Moscow,2032-06-04T13:20,2032-06-04T21:30,2.5
CLEAN-002641,EVS360-033,Saint Petersburg,2032-06-04T13:20,2032-06-04T20:30,2.5
CLEAN-002642,EVS360-016,Moscow,2032-06-04T13:50,2032-06-04T22:00,2.5
CLEAN-002643,EVS360-034,Saint Petersburg,2032-06-04T13:50,2032-06-04T21:00,2.5
CLEAN-002644,EVS360-017,Moscow,2032-06-04T14:10,2032-06-05T06:00,2.5
CLEAN-002645,EVS360-035,Saint Petersburg,2032-06-04T14:10,2032-06-04T21:30,2.5
CLEAN-002646,EVS360-018,Moscow,2032-06-04T14:50,2032-06-05T06:15,2.5
CLEAN-002647,EVS360-036,Saint Petersburg,2032-06-04T14:50,2032-06-04T22:00,2.5
CLEAN-002648,EVS360-019,Moscow,2032-06-04T15:20,2032-06-05T06:30,2.5
CLEAN-002649,EVS360-037,Saint Petersburg,2032-06-04T15:20,2032-06-05T06:00,2.5
CLEAN-002650,EVS360-038,Saint Petersburg,2032-06-04T15:50,2032-06-05T06:15,2.5
CLEAN-002651,EVS360-020,Moscow,2032-06-04T16:10,2032-06-05T07:00,2.5
CLEAN-002652,EVS360-039,Saint Petersburg,2032-06-04T16:10,2032-06-05T06:30,2.5
CLEAN-002653,EVS360-001,Moscow,2032-06-06T10:50,2032-06-06T19:00,2.5
CLEAN-002654,EVS360-002,Moscow,2032-06-06T11:20,2032-06-06T19:30,2.5
CLEAN-002655,EVS360-003,Moscow,2032-06-06T11:50,2032-06-06T20:00,2.5
CLEAN-002656,EVS360-021,Saint Petersburg,2032-06-06T11:50,2032-06-06T18:30,2.5
CLEAN-002657,EVS360-004,Moscow,2032-06-06T12:10,2032-06-06T20:15,2.5
CLEAN-002658,EVS360-022,Saint Petersburg,2032-06-06T12:10,2032-06-06T19:00,2.5
CLEAN-002659,EVS360-005,Moscow,2032-06-06T12:35,2032-06-06T20:30,2.5
CLEAN-002660,EVS360-023,Saint Petersburg,2032-06-06T12:35,2032-06-06T19:30,2.5
CLEAN-002661,EVS360-006,Moscow,2032-06-06T12:50,2032-06-06T21:00,2.5
CLEAN-002662,EVS360-024,Saint Petersburg,2032-06-06T12:50,2032-06-06T20:00,2.5
CLEAN-002663,EVS360-007,Moscow,2032-06-06T13:20,2032-06-06T21:30,2.5
CLEAN-002664,EVS360-025,Saint Petersburg,2032-06-06T13:20,2032-06-06T20:30,2.5
CLEAN-002665,EVS360-008,Moscow,2032-06-06T13:50,2032-06-06T22:00,2.5
CLEAN-002666,EVS360-026,Saint Petersburg,2032-06-06T13:50,2032-06-06T21:00,2.5
CLEAN-002667,EVS360-009,Moscow,2032-06-06T14:10,2032-06-07T06:00,2.5
CLEAN-002668,EVS360-027,Saint Petersburg,2032-06-06T14:10,2032-06-06T21:30,2.5
CLEAN-002669,EVS360-010,Moscow,2032-06-06T14:50,2032-06-07T06:15,2.5
CLEAN-002670,EVS360-028,Saint Petersburg,2032-06-06T14:50,2032-06-06T22:00,2.5
CLEAN-002671,EVS360-011,Moscow,2032-06-06T15:20,2032-06-07T06:30,2.5
CLEAN-002672,EVS360-029,Saint Petersburg,2032-06-06T15:20,2032-06-07T06:00,2.5
CLEAN-002673,EVS360-030,Saint Petersburg,2032-06-06T15:50,2032-06-07T06:15,2.5
CLEAN-002674,EVS360-012,Moscow,2032-06-06T16:10,2032-06-07T07:00,2.5
CLEAN-002675,EVS360-031,Saint Petersburg,2032-06-06T16:10,2032-06-07T06:30,2.5
CLEAN-002676,EVS360-013,Moscow,2032-06-06T16:50,2032-06-07T07:30,2.5
CLEAN-002677,EVS360-032,Saint Petersburg,2032-06-06T16:50,2032-06-07T07:00,2.5
CLEAN-002678,EVS360-014,Moscow,2032-06-06T17:20,2032-06-07T08:00,2.5
CLEAN-002679,EVS360-033,Saint Petersburg,2032-06-06T17:20,2032-06-07T07:15,2.5
CLEAN-002680,EVS360-015,Moscow,2032-06-06T18:10,2032-06-07T08:30,2.5
CLEAN-002681,EVS360-034,Saint Petersburg,2032-06-06T18:10,2032-06-07T07:30,2.5
CLEAN-002682,EVS360-016,Moscow,2032-06-06T18:50,2032-06-07T09:00,2.5
CLEAN-002683,EVS360-035,Saint Petersburg,2032-06-06T18:50,2032-06-07T08:00,2.5
CLEAN-002684,EVS360-017,Moscow,2032-06-06T19:20,2032-06-07T09:30,2.5
CLEAN-002685,EVS360-018,Moscow,2032-06-06T19:50,2032-06-07T10:00,2.5
CLEAN-002686,EVS360-036,Saint Petersburg,2032-06-06T19:50,2032-06-07T08:30,2.5
CLEAN-002687,EVS360-019,Moscow,2032-06-06T20:10,2032-06-07T10:15,2.5
CLEAN-002688,EVS360-037,Saint Petersburg,2032-06-06T20:10,2032-06-07T09:00,2.5
CLEAN-002689,EVS360-020,Moscow,2032-06-06T20:35,2032-06-07T10:30,2.5
CLEAN-002690,EVS360-038,Saint Petersburg,2032-06-06T20:35,2032-06-07T09:30,2.5
CLEAN-002691,EVS360-039,Saint Petersburg,2032-06-06T20:50,2032-06-07T10:00,2.5
CLEAN-002692,EVS360-001,Moscow,2032-06-08T14:10,2032-06-09T06:00,2.5
CLEAN-002693,EVS360-002,Moscow,2032-06-08T14:50,2032-06-09T06:15,2.5
CLEAN-002694,EVS360-003,Moscow,2032-06-08T15:20,2032-06-09T06:30,2.5
CLEAN-002695,EVS360-021,Saint Petersburg,2032-06-08T15:20,2032-06-09T06:00,2.5
CLEAN-002696,EVS360-022,Saint Petersburg,2032-06-08T15:50,2032-06-09T06:15,2.5
CLEAN-002697,EVS360-004,Moscow,2032-06-08T16:10,2032-06-09T07:00,2.5
CLEAN-002698,EVS360-023,Saint Petersburg,2032-06-08T16:10,2032-06-09T06:30,2.5
CLEAN-002699,EVS360-005,Moscow,2032-06-08T16:50,2032-06-09T07:30,2.5
CLEAN-002700,EVS360-024,Saint Petersburg,2032-06-08T16:50,2032-06-09T07:00,2.5
CLEAN-002701,EVS360-006,Moscow,2032-06-08T17:20,2032-06-09T08:00,2.5
CLEAN-002702,EVS360-025,Saint Petersburg,2032-06-08T17:20,2032-06-09T07:15,2.5
CLEAN-002703,EVS360-007,Moscow,2032-06-08T18:10,2032-06-09T08:30,2.5
CLEAN-002704,EVS360-026,Saint Petersburg,2032-06-08T18:10,2032-06-09T07:30,2.5
CLEAN-002705,EVS360-008,Moscow,2032-06-08T18:50,2032-06-09T09:00,2.5
CLEAN-002706,EVS360-027,Saint Petersburg,2032-06-08T18:50,2032-06-09T08:00,2.5
CLEAN-002707,EVS360-009,Moscow,2032-06-08T19:20,2032-06-09T09:30,2.5
CLEAN-002708,EVS360-010,Moscow,2032-06-08T19:50,2032-06-09T10:00,2.5
CLEAN-002709,EVS360-028,Saint Petersburg,2032-06-08T19:50,2032-06-09T08:30,2.5
CLEAN-002710,EVS360-011,Moscow,2032-06-08T20:10,2032-06-09T10:15,2.5
CLEAN-002711,EVS360-029,Saint Petersburg,2032-06-08T20:10,2032-06-09T09:00,2.5
CLEAN-002712,EVS360-012,Moscow,2032-06-08T20:35,2032-06-09T10:30,2.5
CLEAN-002713,EVS360-030,Saint Petersburg,2032-06-08T20:35,2032-06-09T09:30,2.5
CLEAN-002714,EVS360-013,Moscow,2032-06-08T20:50,2032-06-09T11:00,2.5
CLEAN-002715,EVS360-031,Saint Petersburg,2032-06-08T20:50,2032-06-09T10:00,2.5
CLEAN-002716,EVS360-014,Moscow,2032-06-08T21:20,2032-06-09T11:30,2.5
CLEAN-002717,EVS360-032,Saint Petersburg,2032-06-08T21:20,2032-06-09T10:15,2.5
CLEAN-002718,EVS360-015,Moscow,2032-06-08T21:50,2032-06-09T12:00,2.5
CLEAN-002719,EVS360-033,Saint Petersburg,2032-06-08T21:50,2032-06-09T10:30,2.5
CLEAN-002720,EVS360-016,Moscow,2032-06-08T22:10,2032-06-09T12:30,2.5
CLEAN-002721,EVS360-034,Saint Petersburg,2032-06-08T22:10,2032-06-09T11:00,2.5
CLEAN-002722,EVS360-035,Saint Petersburg,2032-06-08T22:35,2032-06-09T11:30,2.5
CLEAN-002723,EVS360-017,Moscow,2032-06-08T22:50,2032-06-09T13:00,2.5
CLEAN-002724,EVS360-036,Saint Petersburg,2032-06-08T22:50,2032-06-09T12:00,2.5
CLEAN-002725,EVS360-018,Moscow,2032-06-08T23:20,2032-06-09T13:30,2.5
CLEAN-002726,EVS360-037,Saint Petersburg,2032-06-08T23:20,2032-06-09T12:30,2.5
CLEAN-002727,EVS360-019,Moscow,2032-06-08T23:50,2032-06-09T14:00,2.5
CLEAN-002728,EVS360-038,Saint Petersburg,2032-06-08T23:50,2032-06-09T13:00,2.5
CLEAN-002729,EVS360-020,Moscow,2032-06-09T00:10,2032-06-09T14:30,2.5
CLEAN-002730,EVS360-039,Saint Petersburg,2032-06-09T00:10,2032-06-09T14:00,2.5
CLEAN-002731,EVS360-001,Moscow,2032-06-10T19:20,2032-06-11T09:30,2.5
CLEAN-002732,EVS360-002,Moscow,2032-06-10T19:50,2032-06-11T10:00,2.5
CLEAN-002733,EVS360-003,Moscow,2032-06-10T20:10,2032-06-11T10:15,2.5
CLEAN-002734,EVS360-021,Saint Petersburg,2032-06-10T20:10,2032-06-11T09:00,2.5
CLEAN-002735,EVS360-004,Moscow,2032-06-10T20:35,2032-06-11T10:30,2.5
CLEAN-002736,EVS360-022,Saint Petersburg,2032-06-10T20:35,2032-06-11T09:30,2.5
CLEAN-002737,EVS360-005,Moscow,2032-06-10T20:50,2032-06-11T11:00,2.5
CLEAN-002738,EVS360-023,Saint Petersburg,2032-06-10T20:50,2032-06-11T10:00,2.5
CLEAN-002739,EVS360-006,Moscow,2032-06-10T21:20,2032-06-11T11:30,2.5
CLEAN-002740,EVS360-024,Saint Petersburg,2032-06-10T21:20,2032-06-11T10:15,2.5
CLEAN-002741,EVS360-007,Moscow,2032-06-10T21:50,2032-06-11T12:00,2.5
CLEAN-002742,EVS360-025,Saint Petersburg,2032-06-10T21:50,2032-06-11T10:30,2.5
CLEAN-002743,EVS360-008,Moscow,2032-06-10T22:10,2032-06-11T12:30,2.5
CLEAN-002744,EVS360-026,Saint Petersburg,2032-06-10T22:10,2032-06-11T11:00,2.5
CLEAN-002745,EVS360-027,Saint Petersburg,2032-06-10T22:35,2032-06-11T11:30,2.5
CLEAN-002746,EVS360-009,Moscow,2032-06-10T22:50,2032-06-11T13:00,2.5
CLEAN-002747,EVS360-028,Saint Petersburg,2032-06-10T22:50,2032-06-11T12:00,2.5
CLEAN-002748,EVS360-010,Moscow,2032-06-10T23:20,2032-06-11T13:30,2.5
CLEAN-002749,EVS360-029,Saint Petersburg,2032-06-10T23:20,2032-06-11T12:30,2.5
CLEAN-002750,EVS360-011,Moscow,2032-06-10T23:50,2032-06-11T14:00,2.5
CLEAN-002751,EVS360-030,Saint Petersburg,2032-06-10T23:50,2032-06-11T13:00,2.5
CLEAN-002752,EVS360-012,Moscow,2032-06-11T00:10,2032-06-11T14:30,2.5
CLEAN-002753,EVS360-031,Saint Petersburg,2032-06-11T00:10,2032-06-11T14:00,2.5
CLEAN-002754,EVS360-013,Moscow,2032-06-11T08:10,2032-06-11T15:00,2.5
CLEAN-002755,EVS360-032,Saint Petersburg,2032-06-11T08:10,2032-06-11T14:30,2.5
CLEAN-002756,EVS360-014,Moscow,2032-06-11T08:35,2032-06-11T16:00,2.5
CLEAN-002757,EVS360-033,Saint Petersburg,2032-06-11T08:35,2032-06-11T15:00,2.5
CLEAN-002758,EVS360-015,Moscow,2032-06-11T08:50,2032-06-11T16:30,2.5
CLEAN-002759,EVS360-034,Saint Petersburg,2032-06-11T08:50,2032-06-11T16:00,2.5
CLEAN-002760,EVS360-016,Moscow,2032-06-11T09:20,2032-06-11T17:30,2.5
CLEAN-002761,EVS360-035,Saint Petersburg,2032-06-11T09:20,2032-06-11T16:30,2.5
CLEAN-002762,EVS360-017,Moscow,2032-06-11T09:35,2032-06-11T18:00,2.5
CLEAN-002763,EVS360-018,Moscow,2032-06-11T09:50,2032-06-11T18:15,2.5
CLEAN-002764,EVS360-036,Saint Petersburg,2032-06-11T09:50,2032-06-11T17:00,2.5
CLEAN-002765,EVS360-019,Moscow,2032-06-11T10:10,2032-06-11T18:30,2.5
CLEAN-002766,EVS360-037,Saint Petersburg,2032-06-11T10:10,2032-06-11T17:30,2.5
CLEAN-002767,EVS360-020,Moscow,2032-06-11T10:50,2032-06-11T19:00,2.5
CLEAN-002768,EVS360-038,Saint Petersburg,2032-06-11T10:50,2032-06-11T18:00,2.5
CLEAN-002769,EVS360-039,Saint Petersburg,2032-06-11T11:20,2032-06-11T18:15,2.5
CLEAN-002770,EVS360-001,Moscow,2032-06-12T22:50,2032-06-13T13:00,2.5
CLEAN-002771,EVS360-002,Moscow,2032-06-12T23:20,2032-06-13T13:30,2.5
CLEAN-002772,EVS360-021,Saint Petersburg,2032-06-12T23:20,2032-06-13T12:30,2.5
CLEAN-002773,EVS360-003,Moscow,2032-06-12T23:50,2032-06-13T14:00,2.5
CLEAN-002774,EVS360-022,Saint Petersburg,2032-06-12T23:50,2032-06-13T13:00,2.5
CLEAN-002775,EVS360-004,Moscow,2032-06-13T00:10,2032-06-13T14:30,2.5
CLEAN-002776,EVS360-023,Saint Petersburg,2032-06-13T00:10,2032-06-13T14:00,2.5
CLEAN-002777,EVS360-005,Moscow,2032-06-13T08:10,2032-06-13T15:00,2.5
CLEAN-002778,EVS360-024,Saint Petersburg,2032-06-13T08:10,2032-06-13T14:30,2.5
CLEAN-002779,EVS360-006,Moscow,2032-06-13T08:35,2032-06-13T16:00,2.5
CLEAN-002780,EVS360-025,Saint Petersburg,2032-06-13T08:35,2032-06-13T15:00,2.5
CLEAN-002781,EVS360-007,Moscow,2032-06-13T08:50,2032-06-13T16:30,2.5
CLEAN-002782,EVS360-026,Saint Petersburg,2032-06-13T08:50,2032-06-13T16:00,2.5
CLEAN-002783,EVS360-008,Moscow,2032-06-13T09:20,2032-06-13T17:30,2.5
CLEAN-002784,EVS360-027,Saint Petersburg,2032-06-13T09:20,2032-06-13T16:30,2.5
CLEAN-002785,EVS360-009,Moscow,2032-06-13T09:35,2032-06-13T18:00,2.5
CLEAN-002786,EVS360-010,Moscow,2032-06-13T09:50,2032-06-13T18:15,2.5
CLEAN-002787,EVS360-028,Saint Petersburg,2032-06-13T09:50,2032-06-13T17:00,2.5
CLEAN-002788,EVS360-011,Moscow,2032-06-13T10:10,2032-06-13T18:30,2.5
CLEAN-002789,EVS360-029,Saint Petersburg,2032-06-13T10:10,2032-06-13T17:30,2.5
CLEAN-002790,EVS360-012,Moscow,2032-06-13T10:50,2032-06-13T19:00,2.5
CLEAN-002791,EVS360-030,Saint Petersburg,2032-06-13T10:50,2032-06-13T18:00,2.5
CLEAN-002792,EVS360-013,Moscow,2032-06-13T11:20,2032-06-13T19:30,2.5
CLEAN-002793,EVS360-031,Saint Petersburg,2032-06-13T11:20,2032-06-13T18:15,2.5
CLEAN-002794,EVS360-014,Moscow,2032-06-13T11:50,2032-06-13T20:00,2.5
CLEAN-002795,EVS360-032,Saint Petersburg,2032-06-13T11:50,2032-06-13T18:30,2.5
CLEAN-002796,EVS360-015,Moscow,2032-06-13T12:10,2032-06-13T20:15,2.5
CLEAN-002797,EVS360-033,Saint Petersburg,2032-06-13T12:10,2032-06-13T19:00,2.5
CLEAN-002798,EVS360-016,Moscow,2032-06-13T12:35,2032-06-13T20:30,2.5
CLEAN-002799,EVS360-034,Saint Petersburg,2032-06-13T12:35,2032-06-13T19:30,2.5
CLEAN-002800,EVS360-017,Moscow,2032-06-13T12:50,2032-06-13T21:00,2.5
CLEAN-002801,EVS360-035,Saint Petersburg,2032-06-13T12:50,2032-06-13T20:00,2.5
CLEAN-002802,EVS360-018,Moscow,2032-06-13T13:20,2032-06-13T21:30,2.5
CLEAN-002803,EVS360-036,Saint Petersburg,2032-06-13T13:20,2032-06-13T20:30,2.5
CLEAN-002804,EVS360-019,Moscow,2032-06-13T13:50,2032-06-13T22:00,2.5
CLEAN-002805,EVS360-037,Saint Petersburg,2032-06-13T13:50,2032-06-13T21:00,2.5
CLEAN-002806,EVS360-020,Moscow,2032-06-13T14:10,2032-06-14T06:00,2.5
CLEAN-002807,EVS360-038,Saint Petersburg,2032-06-13T14:10,2032-06-13T21:30,2.5
CLEAN-002808,EVS360-039,Saint Petersburg,2032-06-13T14:50,2032-06-13T22:00,2.5
CLEAN-002809,EVS360-001,Moscow,2032-06-15T09:35,2032-06-15T18:00,2.5
CLEAN-002810,EVS360-002,Moscow,2032-06-15T09:50,2032-06-15T18:15,2.5
CLEAN-002811,EVS360-003,Moscow,2032-06-15T10:10,2032-06-15T18:30,2.5
CLEAN-002812,EVS360-021,Saint Petersburg,2032-06-15T10:10,2032-06-15T17:30,2.5
CLEAN-002813,EVS360-004,Moscow,2032-06-15T10:50,2032-06-15T19:00,2.5
CLEAN-002814,EVS360-022,Saint Petersburg,2032-06-15T10:50,2032-06-15T18:00,2.5
CLEAN-002815,EVS360-005,Moscow,2032-06-15T11:20,2032-06-15T19:30,2.5
CLEAN-002816,EVS360-023,Saint Petersburg,2032-06-15T11:20,2032-06-15T18:15,2.5
CLEAN-002817,EVS360-006,Moscow,2032-06-15T11:50,2032-06-15T20:00,2.5
CLEAN-002818,EVS360-024,Saint Petersburg,2032-06-15T11:50,2032-06-15T18:30,2.5
CLEAN-002819,EVS360-007,Moscow,2032-06-15T12:10,2032-06-15T20:15,2.5
CLEAN-002820,EVS360-025,Saint Petersburg,2032-06-15T12:10,2032-06-15T19:00,2.5
CLEAN-002821,EVS360-008,Moscow,2032-06-15T12:35,2032-06-15T20:30,2.5
CLEAN-002822,EVS360-026,Saint Petersburg,2032-06-15T12:35,2032-06-15T19:30,2.5
CLEAN-002823,EVS360-009,Moscow,2032-06-15T12:50,2032-06-15T21:00,2.5
CLEAN-002824,EVS360-027,Saint Petersburg,2032-06-15T12:50,2032-06-15T20:00,2.5
CLEAN-002825,EVS360-010,Moscow,2032-06-15T13:20,2032-06-15T21:30,2.5
CLEAN-002826,EVS360-028,Saint Petersburg,2032-06-15T13:20,2032-06-15T20:30,2.5
CLEAN-002827,EVS360-011,Moscow,2032-06-15T13:50,2032-06-15T22:00,2.5
CLEAN-002828,EVS360-029,Saint Petersburg,2032-06-15T13:50,2032-06-15T21:00,2.5
CLEAN-002829,EVS360-012,Moscow,2032-06-15T14:10,2032-06-16T06:00,2.5
CLEAN-002830,EVS360-030,Saint Petersburg,2032-06-15T14:10,2032-06-15T21:30,2.5
CLEAN-002831,EVS360-013,Moscow,2032-06-15T14:50,2032-06-16T06:15,2.5
CLEAN-002832,EVS360-031,Saint Petersburg,2032-06-15T14:50,2032-06-15T22:00,2.5
CLEAN-002833,EVS360-014,Moscow,2032-06-15T15:20,2032-06-16T06:30,2.5
CLEAN-002834,EVS360-032,Saint Petersburg,2032-06-15T15:20,2032-06-16T06:00,2.5
CLEAN-002835,EVS360-033,Saint Petersburg,2032-06-15T15:50,2032-06-16T06:15,2.5
CLEAN-002836,EVS360-015,Moscow,2032-06-15T16:10,2032-06-16T07:00,2.5
CLEAN-002837,EVS360-034,Saint Petersburg,2032-06-15T16:10,2032-06-16T06:30,2.5
CLEAN-002838,EVS360-016,Moscow,2032-06-15T16:50,2032-06-16T07:30,2.5
CLEAN-002839,EVS360-035,Saint Petersburg,2032-06-15T16:50,2032-06-16T07:00,2.5
CLEAN-002840,EVS360-017,Moscow,2032-06-15T17:20,2032-06-16T08:00,2.5
CLEAN-002841,EVS360-036,Saint Petersburg,2032-06-15T17:20,2032-06-16T07:15,2.5
CLEAN-002842,EVS360-018,Moscow,2032-06-15T18:10,2032-06-16T08:30,2.5
CLEAN-002843,EVS360-037,Saint Petersburg,2032-06-15T18:10,2032-06-16T07:30,2.5
CLEAN-002844,EVS360-019,Moscow,2032-06-15T18:50,2032-06-16T09:00,2.5
CLEAN-002845,EVS360-038,Saint Petersburg,2032-06-15T18:50,2032-06-16T08:00,2.5
CLEAN-002846,EVS360-020,Moscow,2032-06-15T19:20,2032-06-16T09:30,2.5
CLEAN-002847,EVS360-039,Saint Petersburg,2032-06-15T19:50,2032-06-16T08:30,2.5
CLEAN-002848,EVS360-001,Moscow,2032-06-17T12:50,2032-06-17T21:00,2.5
CLEAN-002849,EVS360-002,Moscow,2032-06-17T13:20,2032-06-17T21:30,2.5
CLEAN-002850,EVS360-003,Moscow,2032-06-17T13:50,2032-06-17T22:00,2.5
CLEAN-002851,EVS360-021,Saint Petersburg,2032-06-17T13:50,2032-06-17T21:00,2.5
CLEAN-002852,EVS360-004,Moscow,2032-06-17T14:10,2032-06-18T06:00,2.5
CLEAN-002853,EVS360-022,Saint Petersburg,2032-06-17T14:10,2032-06-17T21:30,2.5
CLEAN-002854,EVS360-005,Moscow,2032-06-17T14:50,2032-06-18T06:15,2.5
CLEAN-002855,EVS360-023,Saint Petersburg,2032-06-17T14:50,2032-06-17T22:00,2.5
CLEAN-002856,EVS360-006,Moscow,2032-06-17T15:20,2032-06-18T06:30,2.5
CLEAN-002857,EVS360-024,Saint Petersburg,2032-06-17T15:20,2032-06-18T06:00,2.5
CLEAN-002858,EVS360-025,Saint Petersburg,2032-06-17T15:50,2032-06-18T06:15,2.5
CLEAN-002859,EVS360-007,Moscow,2032-06-17T16:10,2032-06-18T07:00,2.5
CLEAN-002860,EVS360-026,Saint Petersburg,2032-06-17T16:10,2032-06-18T06:30,2.5
CLEAN-002861,EVS360-008,Moscow,2032-06-17T16:50,2032-06-18T07:30,2.5
CLEAN-002862,EVS360-027,Saint Petersburg,2032-06-17T16:50,2032-06-18T07:00,2.5
CLEAN-002863,EVS360-009,Moscow,2032-06-17T17:20,2032-06-18T08:00,2.5
CLEAN-002864,EVS360-028,Saint Petersburg,2032-06-17T17:20,2032-06-18T07:15,2.5
CLEAN-002865,EVS360-010,Moscow,2032-06-17T18:10,2032-06-18T08:30,2.5
CLEAN-002866,EVS360-029,Saint Petersburg,2032-06-17T18:10,2032-06-18T07:30,2.5
CLEAN-002867,EVS360-011,Moscow,2032-06-17T18:50,2032-06-18T09:00,2.5
CLEAN-002868,EVS360-030,Saint Petersburg,2032-06-17T18:50,2032-06-18T08:00,2.5
CLEAN-002869,EVS360-012,Moscow,2032-06-17T19:20,2032-06-18T09:30,2.5
CLEAN-002870,EVS360-013,Moscow,2032-06-17T19:50,2032-06-18T10:00,2.5
CLEAN-002871,EVS360-031,Saint Petersburg,2032-06-17T19:50,2032-06-18T08:30,2.5
CLEAN-002872,EVS360-014,Moscow,2032-06-17T20:10,2032-06-18T10:15,2.5
CLEAN-002873,EVS360-032,Saint Petersburg,2032-06-17T20:10,2032-06-18T09:00,2.5
CLEAN-002874,EVS360-015,Moscow,2032-06-17T20:35,2032-06-18T10:30,2.5
CLEAN-002875,EVS360-033,Saint Petersburg,2032-06-17T20:35,2032-06-18T09:30,2.5
CLEAN-002876,EVS360-016,Moscow,2032-06-17T20:50,2032-06-18T11:00,2.5
CLEAN-002877,EVS360-034,Saint Petersburg,2032-06-17T20:50,2032-06-18T10:00,2.5
CLEAN-002878,EVS360-017,Moscow,2032-06-17T21:20,2032-06-18T11:30,2.5
CLEAN-002879,EVS360-035,Saint Petersburg,2032-06-17T21:20,2032-06-18T10:15,2.5
CLEAN-002880,EVS360-018,Moscow,2032-06-17T21:50,2032-06-18T12:00,2.5
CLEAN-002881,EVS360-036,Saint Petersburg,2032-06-17T21:50,2032-06-18T10:30,2.5
CLEAN-002882,EVS360-019,Moscow,2032-06-17T22:10,2032-06-18T12:30,2.5
CLEAN-002883,EVS360-037,Saint Petersburg,2032-06-17T22:10,2032-06-18T11:00,2.5
CLEAN-002884,EVS360-038,Saint Petersburg,2032-06-17T22:35,2032-06-18T11:30,2.5
CLEAN-002885,EVS360-020,Moscow,2032-06-17T22:50,2032-06-18T13:00,2.5
CLEAN-002886,EVS360-039,Saint Petersburg,2032-06-17T22:50,2032-06-18T12:00,2.5
CLEAN-002887,EVS360-001,Moscow,2032-06-19T17:20,2032-06-20T08:00,2.5
CLEAN-002888,EVS360-002,Moscow,2032-06-19T18:10,2032-06-20T08:30,2.5
CLEAN-002889,EVS360-021,Saint Petersburg,2032-06-19T18:10,2032-06-20T07:30,2.5
CLEAN-002890,EVS360-003,Moscow,2032-06-19T18:50,2032-06-20T09:00,2.5
CLEAN-002891,EVS360-022,Saint Petersburg,2032-06-19T18:50,2032-06-20T08:00,2.5
CLEAN-002892,EVS360-004,Moscow,2032-06-19T19:20,2032-06-20T09:30,2.5
CLEAN-002893,EVS360-005,Moscow,2032-06-19T19:50,2032-06-20T10:00,2.5
CLEAN-002894,EVS360-023,Saint Petersburg,2032-06-19T19:50,2032-06-20T08:30,2.5
CLEAN-002895,EVS360-006,Moscow,2032-06-19T20:10,2032-06-20T10:15,2.5
CLEAN-002896,EVS360-024,Saint Petersburg,2032-06-19T20:10,2032-06-20T09:00,2.5
CLEAN-002897,EVS360-007,Moscow,2032-06-19T20:35,2032-06-20T10:30,2.5
CLEAN-002898,EVS360-025,Saint Petersburg,2032-06-19T20:35,2032-06-20T09:30,2.5
CLEAN-002899,EVS360-008,Moscow,2032-06-19T20:50,2032-06-20T11:00,2.5
CLEAN-002900,EVS360-026,Saint Petersburg,2032-06-19T20:50,2032-06-20T10:00,2.5
CLEAN-002901,EVS360-009,Moscow,2032-06-19T21:20,2032-06-20T11:30,2.5
CLEAN-002902,EVS360-027,Saint Petersburg,2032-06-19T21:20,2032-06-20T10:15,2.5
CLEAN-002903,EVS360-010,Moscow,2032-06-19T21:50,2032-06-20T12:00,2.5
CLEAN-002904,EVS360-028,Saint Petersburg,2032-06-19T21:50,2032-06-20T10:30,2.5
CLEAN-002905,EVS360-011,Moscow,2032-06-19T22:10,2032-06-20T12:30,2.5
CLEAN-002906,EVS360-029,Saint Petersburg,2032-06-19T22:10,2032-06-20T11:00,2.5
CLEAN-002907,EVS360-030,Saint Petersburg,2032-06-19T22:35,2032-06-20T11:30,2.5
CLEAN-002908,EVS360-012,Moscow,2032-06-19T22:50,2032-06-20T13:00,2.5
CLEAN-002909,EVS360-031,Saint Petersburg,2032-06-19T22:50,2032-06-20T12:00,2.5
CLEAN-002910,EVS360-013,Moscow,2032-06-19T23:20,2032-06-20T13:30,2.5
CLEAN-002911,EVS360-032,Saint Petersburg,2032-06-19T23:20,2032-06-20T12:30,2.5
CLEAN-002912,EVS360-014,Moscow,2032-06-19T23:50,2032-06-20T14:00,2.5
CLEAN-002913,EVS360-033,Saint Petersburg,2032-06-19T23:50,2032-06-20T13:00,2.5
CLEAN-002914,EVS360-015,Moscow,2032-06-20T00:10,2032-06-20T14:30,2.5
CLEAN-002915,EVS360-034,Saint Petersburg,2032-06-20T00:10,2032-06-20T14:00,2.5
CLEAN-002916,EVS360-016,Moscow,2032-06-20T08:10,2032-06-20T15:00,2.5
CLEAN-002917,EVS360-035,Saint Petersburg,2032-06-20T08:10,2032-06-20T14:30,2.5
CLEAN-002918,EVS360-017,Moscow,2032-06-20T08:35,2032-06-20T16:00,2.5
CLEAN-002919,EVS360-036,Saint Petersburg,2032-06-20T08:35,2032-06-20T15:00,2.5
CLEAN-002920,EVS360-018,Moscow,2032-06-20T08:50,2032-06-20T16:30,2.5
CLEAN-002921,EVS360-037,Saint Petersburg,2032-06-20T08:50,2032-06-20T16:00,2.5
CLEAN-002922,EVS360-019,Moscow,2032-06-20T09:20,2032-06-20T17:30,2.5
CLEAN-002923,EVS360-038,Saint Petersburg,2032-06-20T09:20,2032-06-20T16:30,2.5
CLEAN-002924,EVS360-020,Moscow,2032-06-20T09:35,2032-06-20T18:00,2.5
CLEAN-002925,EVS360-039,Saint Petersburg,2032-06-20T09:50,2032-06-20T17:00,2.5
CLEAN-002926,EVS360-001,Moscow,2032-06-21T21:20,2032-06-22T11:30,2.5
CLEAN-002927,EVS360-002,Moscow,2032-06-21T21:50,2032-06-22T12:00,2.5
CLEAN-002928,EVS360-003,Moscow,2032-06-21T22:10,2032-06-22T12:30,2.5
CLEAN-002929,EVS360-021,Saint Petersburg,2032-06-21T22:10,2032-06-22T11:00,2.5
CLEAN-002930,EVS360-022,Saint Petersburg,2032-06-21T22:35,2032-06-22T11:30,2.5
CLEAN-002931,EVS360-004,Moscow,2032-06-21T22:50,2032-06-22T13:00,2.5
CLEAN-002932,EVS360-023,Saint Petersburg,2032-06-21T22:50,2032-06-22T12:00,2.5
CLEAN-002933,EVS360-005,Moscow,2032-06-21T23:20,2032-06-22T13:30,2.5
CLEAN-002934,EVS360-024,Saint Petersburg,2032-06-21T23:20,2032-06-22T12:30,2.5
CLEAN-002935,EVS360-006,Moscow,2032-06-21T23:50,2032-06-22T14:00,2.5
CLEAN-002936,EVS360-025,Saint Petersburg,2032-06-21T23:50,2032-06-22T13:00,2.5
CLEAN-002937,EVS360-007,Moscow,2032-06-22T00:10,2032-06-22T14:30,2.5
CLEAN-002938,EVS360-026,Saint Petersburg,2032-06-22T00:10,2032-06-22T14:00,2.5
CLEAN-002939,EVS360-008,Moscow,2032-06-22T08:10,2032-06-22T15:00,2.5
CLEAN-002940,EVS360-027,Saint Petersburg,2032-06-22T08:10,2032-06-22T14:30,2.5
CLEAN-002941,EVS360-009,Moscow,2032-06-22T08:35,2032-06-22T16:00,2.5
CLEAN-002942,EVS360-028,Saint Petersburg,2032-06-22T08:35,2032-06-22T15:00,2.5
CLEAN-002943,EVS360-010,Moscow,2032-06-22T08:50,2032-06-22T16:30,2.5
CLEAN-002944,EVS360-029,Saint Petersburg,2032-06-22T08:50,2032-06-22T16:00,2.5
CLEAN-002945,EVS360-011,Moscow,2032-06-22T09:20,2032-06-22T17:30,2.5
CLEAN-002946,EVS360-030,Saint Petersburg,2032-06-22T09:20,2032-06-22T16:30,2.5
CLEAN-002947,EVS360-012,Moscow,2032-06-22T09:35,2032-06-22T18:00,2.5
CLEAN-002948,EVS360-013,Moscow,2032-06-22T09:50,2032-06-22T18:15,2.5
CLEAN-002949,EVS360-031,Saint Petersburg,2032-06-22T09:50,2032-06-22T17:00,2.5
CLEAN-002950,EVS360-014,Moscow,2032-06-22T10:10,2032-06-22T18:30,2.5
CLEAN-002951,EVS360-032,Saint Petersburg,2032-06-22T10:10,2032-06-22T17:30,2.5
CLEAN-002952,EVS360-015,Moscow,2032-06-22T10:50,2032-06-22T19:00,2.5
CLEAN-002953,EVS360-033,Saint Petersburg,2032-06-22T10:50,2032-06-22T18:00,2.5
CLEAN-002954,EVS360-016,Moscow,2032-06-22T11:20,2032-06-22T19:30,2.5
CLEAN-002955,EVS360-034,Saint Petersburg,2032-06-22T11:20,2032-06-22T18:15,2.5
CLEAN-002956,EVS360-017,Moscow,2032-06-22T11:50,2032-06-22T20:00,2.5
CLEAN-002957,EVS360-035,Saint Petersburg,2032-06-22T11:50,2032-06-22T18:30,2.5
CLEAN-002958,EVS360-018,Moscow,2032-06-22T12:10,2032-06-22T20:15,2.5
CLEAN-002959,EVS360-036,Saint Petersburg,2032-06-22T12:10,2032-06-22T19:00,2.5
CLEAN-002960,EVS360-019,Moscow,2032-06-22T12:35,2032-06-22T20:30,2.5
CLEAN-002961,EVS360-037,Saint Petersburg,2032-06-22T12:35,2032-06-22T19:30,2.5
CLEAN-002962,EVS360-020,Moscow,2032-06-22T12:50,2032-06-22T21:00,2.5
CLEAN-002963,EVS360-038,Saint Petersburg,2032-06-22T12:50,2032-06-22T20:00,2.5
CLEAN-002964,EVS360-039,Saint Petersburg,2032-06-22T13:20,2032-06-22T20:30,2.5
CLEAN-002965,EVS360-001,Moscow,2032-06-24T08:35,2032-06-24T16:00,2.5
CLEAN-002966,EVS360-002,Moscow,2032-06-24T08:50,2032-06-24T16:30,2.5
CLEAN-002967,EVS360-021,Saint Petersburg,2032-06-24T08:50,2032-06-24T16:00,2.5
CLEAN-002968,EVS360-003,Moscow,2032-06-24T09:20,2032-06-24T17:30,2.5
CLEAN-002969,EVS360-022,Saint Petersburg,2032-06-24T09:20,2032-06-24T16:30,2.5
CLEAN-002970,EVS360-004,Moscow,2032-06-24T09:35,2032-06-24T18:00,2.5
CLEAN-002971,EVS360-005,Moscow,2032-06-24T09:50,2032-06-24T18:15,2.5
CLEAN-002972,EVS360-023,Saint Petersburg,2032-06-24T09:50,2032-06-24T17:00,2.5
CLEAN-002973,EVS360-006,Moscow,2032-06-24T10:10,2032-06-24T18:30,2.5
CLEAN-002974,EVS360-024,Saint Petersburg,2032-06-24T10:10,2032-06-24T17:30,2.5
CLEAN-002975,EVS360-007,Moscow,2032-06-24T10:50,2032-06-24T19:00,2.5
CLEAN-002976,EVS360-025,Saint Petersburg,2032-06-24T10:50,2032-06-24T18:00,2.5
CLEAN-002977,EVS360-008,Moscow,2032-06-24T11:20,2032-06-24T19:30,2.5
CLEAN-002978,EVS360-026,Saint Petersburg,2032-06-24T11:20,2032-06-24T18:15,2.5
CLEAN-002979,EVS360-009,Moscow,2032-06-24T11:50,2032-06-24T20:00,2.5
CLEAN-002980,EVS360-027,Saint Petersburg,2032-06-24T11:50,2032-06-24T18:30,2.5
CLEAN-002981,EVS360-010,Moscow,2032-06-24T12:10,2032-06-24T20:15,2.5
CLEAN-002982,EVS360-028,Saint Petersburg,2032-06-24T12:10,2032-06-24T19:00,2.5
CLEAN-002983,EVS360-011,Moscow,2032-06-24T12:35,2032-06-24T20:30,2.5
CLEAN-002984,EVS360-029,Saint Petersburg,2032-06-24T12:35,2032-06-24T19:30,2.5
CLEAN-002985,EVS360-012,Moscow,2032-06-24T12:50,2032-06-24T21:00,2.5
CLEAN-002986,EVS360-030,Saint Petersburg,2032-06-24T12:50,2032-06-24T20:00,2.5
CLEAN-002987,EVS360-013,Moscow,2032-06-24T13:20,2032-06-24T21:30,2.5
CLEAN-002988,EVS360-031,Saint Petersburg,2032-06-24T13:20,2032-06-24T20:30,2.5
CLEAN-002989,EVS360-014,Moscow,2032-06-24T13:50,2032-06-24T22:00,2.5
CLEAN-002990,EVS360-032,Saint Petersburg,2032-06-24T13:50,2032-06-24T21:00,2.5
CLEAN-002991,EVS360-015,Moscow,2032-06-24T14:10,2032-06-25T06:00,2.5
CLEAN-002992,EVS360-033,Saint Petersburg,2032-06-24T14:10,2032-06-24T21:30,2.5
CLEAN-002993,EVS360-016,Moscow,2032-06-24T14:50,2032-06-25T06:15,2.5
CLEAN-002994,EVS360-034,Saint Petersburg,2032-06-24T14:50,2032-06-24T22:00,2.5
CLEAN-002995,EVS360-017,Moscow,2032-06-24T15:20,2032-06-25T06:30,2.5
CLEAN-002996,EVS360-035,Saint Petersburg,2032-06-24T15:20,2032-06-25T06:00,2.5
CLEAN-002997,EVS360-036,Saint Petersburg,2032-06-24T15:50,2032-06-25T06:15,2.5
CLEAN-002998,EVS360-018,Moscow,2032-06-24T16:10,2032-06-25T07:00,2.5
CLEAN-002999,EVS360-037,Saint Petersburg,2032-06-24T16:10,2032-06-25T06:30,2.5
CLEAN-003000,EVS360-019,Moscow,2032-06-24T16:50,2032-06-25T07:30,2.5
CLEAN-003001,EVS360-038,Saint Petersburg,2032-06-24T16:50,2032-06-25T07:00,2.5
CLEAN-003002,EVS360-020,Moscow,2032-06-24T17:20,2032-06-25T08:00,2.5
CLEAN-003003,EVS360-039,Saint Petersburg,2032-06-24T17:20,2032-06-25T07:15,2.5
CLEAN-003004,EVS360-001,Moscow,2032-06-26T11:50,2032-06-26T20:00,2.5
CLEAN-003005,EVS360-002,Moscow,2032-06-26T12:10,2032-06-26T20:15,2.5
CLEAN-003006,EVS360-003,Moscow,2032-06-26T12:35,2032-06-26T20:30,2.5
CLEAN-003007,EVS360-021,Saint Petersburg,2032-06-26T12:35,2032-06-26T19:30,2.5
CLEAN-003008,EVS360-004,Moscow,2032-06-26T12:50,2032-06-26T21:00,2.5
CLEAN-003009,EVS360-022,Saint Petersburg,2032-06-26T12:50,2032-06-26T20:00,2.5
CLEAN-003010,EVS360-005,Moscow,2032-06-26T13:20,2032-06-26T21:30,2.5
CLEAN-003011,EVS360-023,Saint Petersburg,2032-06-26T13:20,2032-06-26T20:30,2.5
CLEAN-003012,EVS360-006,Moscow,2032-06-26T13:50,2032-06-26T22:00,2.5
CLEAN-003013,EVS360-024,Saint Petersburg,2032-06-26T13:50,2032-06-26T21:00,2.5
CLEAN-003014,EVS360-007,Moscow,2032-06-26T14:10,2032-06-27T06:00,2.5
CLEAN-003015,EVS360-025,Saint Petersburg,2032-06-26T14:10,2032-06-26T21:30,2.5
CLEAN-003016,EVS360-008,Moscow,2032-06-26T14:50,2032-06-27T06:15,2.5
CLEAN-003017,EVS360-026,Saint Petersburg,2032-06-26T14:50,2032-06-26T22:00,2.5
CLEAN-003018,EVS360-009,Moscow,2032-06-26T15:20,2032-06-27T06:30,2.5
CLEAN-003019,EVS360-027,Saint Petersburg,2032-06-26T15:20,2032-06-27T06:00,2.5
CLEAN-003020,EVS360-028,Saint Petersburg,2032-06-26T15:50,2032-06-27T06:15,2.5
CLEAN-003021,EVS360-010,Moscow,2032-06-26T16:10,2032-06-27T07:00,2.5
CLEAN-003022,EVS360-029,Saint Petersburg,2032-06-26T16:10,2032-06-27T06:30,2.5
CLEAN-003023,EVS360-011,Moscow,2032-06-26T16:50,2032-06-27T07:30,2.5
CLEAN-003024,EVS360-030,Saint Petersburg,2032-06-26T16:50,2032-06-27T07:00,2.5
CLEAN-003025,EVS360-012,Moscow,2032-06-26T17:20,2032-06-27T08:00,2.5
CLEAN-003026,EVS360-031,Saint Petersburg,2032-06-26T17:20,2032-06-27T07:15,2.5
CLEAN-003027,EVS360-013,Moscow,2032-06-26T18:10,2032-06-27T08:30,2.5
CLEAN-003028,EVS360-032,Saint Petersburg,2032-06-26T18:10,2032-06-27T07:30,2.5
CLEAN-003029,EVS360-014,Moscow,2032-06-26T18:50,2032-06-27T09:00,2.5
CLEAN-003030,EVS360-033,Saint Petersburg,2032-06-26T18:50,2032-06-27T08:00,2.5
CLEAN-003031,EVS360-015,Moscow,2032-06-26T19:20,2032-06-27T09:30,2.5
CLEAN-003032,EVS360-016,Moscow,2032-06-26T19:50,2032-06-27T10:00,2.5
CLEAN-003033,EVS360-034,Saint Petersburg,2032-06-26T19:50,2032-06-27T08:30,2.5
CLEAN-003034,EVS360-017,Moscow,2032-06-26T20:10,2032-06-27T10:15,2.5
CLEAN-003035,EVS360-035,Saint Petersburg,2032-06-26T20:10,2032-06-27T09:00,2.5
CLEAN-003036,EVS360-018,Moscow,2032-06-26T20:35,2032-06-27T10:30,2.5
CLEAN-003037,EVS360-036,Saint Petersburg,2032-06-26T20:35,2032-06-27T09:30,2.5
CLEAN-003038,EVS360-019,Moscow,2032-06-26T20:50,2032-06-27T11:00,2.5
CLEAN-003039,EVS360-037,Saint Petersburg,2032-06-26T20:50,2032-06-27T10:00,2.5
CLEAN-003040,EVS360-020,Moscow,2032-06-26T21:20,2032-06-27T11:30,2.5
CLEAN-003041,EVS360-038,Saint Petersburg,2032-06-26T21:20,2032-06-27T10:15,2.5
CLEAN-003042,EVS360-039,Saint Petersburg,2032-06-26T21:50,2032-06-27T10:30,2.5
CLEAN-003043,EVS360-001,Moscow,2032-06-28T15:20,2032-06-29T06:30,2.5
CLEAN-003044,EVS360-002,Moscow,2032-06-28T16:10,2032-06-29T07:00,2.5
CLEAN-003045,EVS360-021,Saint Petersburg,2032-06-28T16:10,2032-06-29T06:30,2.5
CLEAN-003046,EVS360-003,Moscow,2032-06-28T16:50,2032-06-29T07:30,2.5
CLEAN-003047,EVS360-022,Saint Petersburg,2032-06-28T16:50,2032-06-29T07:00,2.5
CLEAN-003048,EVS360-004,Moscow,2032-06-28T17:20,2032-06-29T08:00,2.5
CLEAN-003049,EVS360-023,Saint Petersburg,2032-06-28T17:20,2032-06-29T07:15,2.5
CLEAN-003050,EVS360-005,Moscow,2032-06-28T18:10,2032-06-29T08:30,2.5
CLEAN-003051,EVS360-024,Saint Petersburg,2032-06-28T18:10,2032-06-29T07:30,2.5
CLEAN-003052,EVS360-006,Moscow,2032-06-28T18:50,2032-06-29T09:00,2.5
CLEAN-003053,EVS360-025,Saint Petersburg,2032-06-28T18:50,2032-06-29T08:00,2.5
CLEAN-003054,EVS360-007,Moscow,2032-06-28T19:20,2032-06-29T09:30,2.5
CLEAN-003055,EVS360-008,Moscow,2032-06-28T19:50,2032-06-29T10:00,2.5
CLEAN-003056,EVS360-026,Saint Petersburg,2032-06-28T19:50,2032-06-29T08:30,2.5
CLEAN-003057,EVS360-009,Moscow,2032-06-28T20:10,2032-06-29T10:15,2.5
CLEAN-003058,EVS360-027,Saint Petersburg,2032-06-28T20:10,2032-06-29T09:00,2.5
CLEAN-003059,EVS360-010,Moscow,2032-06-28T20:35,2032-06-29T10:30,2.5
CLEAN-003060,EVS360-028,Saint Petersburg,2032-06-28T20:35,2032-06-29T09:30,2.5
CLEAN-003061,EVS360-011,Moscow,2032-06-28T20:50,2032-06-29T11:00,2.5
CLEAN-003062,EVS360-029,Saint Petersburg,2032-06-28T20:50,2032-06-29T10:00,2.5
CLEAN-003063,EVS360-012,Moscow,2032-06-28T21:20,2032-06-29T11:30,2.5
CLEAN-003064,EVS360-030,Saint Petersburg,2032-06-28T21:20,2032-06-29T10:15,2.5
CLEAN-003065,EVS360-013,Moscow,2032-06-28T21:50,2032-06-29T12:00,2.5
CLEAN-003066,EVS360-031,Saint Petersburg,2032-06-28T21:50,2032-06-29T10:30,2.5
CLEAN-003067,EVS360-014,Moscow,2032-06-28T22:10,2032-06-29T12:30,2.5
CLEAN-003068,EVS360-032,Saint Petersburg,2032-06-28T22:10,2032-06-29T11:00,2.5
CLEAN-003069,EVS360-033,Saint Petersburg,2032-06-28T22:35,2032-06-29T11:30,2.5
CLEAN-003070,EVS360-015,Moscow,2032-06-28T22:50,2032-06-29T13:00,2.5
CLEAN-003071,EVS360-034,Saint Petersburg,2032-06-28T22:50,2032-06-29T12:00,2.5
CLEAN-003072,EVS360-016,Moscow,2032-06-28T23:20,2032-06-29T13:30,2.5
CLEAN-003073,EVS360-035,Saint Petersburg,2032-06-28T23:20,2032-06-29T12:30,2.5
CLEAN-003074,EVS360-017,Moscow,2032-06-28T23:50,2032-06-29T14:00,2.5
CLEAN-003075,EVS360-036,Saint Petersburg,2032-06-28T23:50,2032-06-29T13:00,2.5
CLEAN-003076,EVS360-018,Moscow,2032-06-29T00:10,2032-06-29T14:30,2.5
CLEAN-003077,EVS360-037,Saint Petersburg,2032-06-29T00:10,2032-06-29T14:00,2.5
CLEAN-003078,EVS360-019,Moscow,2032-06-29T08:10,2032-06-29T15:00,2.5
CLEAN-003079,EVS360-038,Saint Petersburg,2032-06-29T08:10,2032-06-29T14:30,2.5
CLEAN-003080,EVS360-020,Moscow,2032-06-29T08:35,2032-06-29T16:00,2.5
CLEAN-003081,EVS360-039,Saint Petersburg,2032-06-29T08:35,2032-06-29T15:00,2.5
CLEAN-003082,EVS360-001,Moscow,2032-06-30T20:10,2032-07-01T10:15,2.5
CLEAN-003083,EVS360-002,Moscow,2032-06-30T20:35,2032-07-01T10:30,2.5
CLEAN-003084,EVS360-003,Moscow,2032-06-30T20:50,2032-07-01T11:00,2.5
CLEAN-003085,EVS360-021,Saint Petersburg,2032-06-30T20:50,2032-07-01T10:00,2.5
CLEAN-003086,EVS360-004,Moscow,2032-06-30T21:20,2032-07-01T11:30,2.5
CLEAN-003087,EVS360-022,Saint Petersburg,2032-06-30T21:20,2032-07-01T10:15,2.5
CLEAN-003088,EVS360-005,Moscow,2032-06-30T21:50,2032-07-01T12:00,2.5
CLEAN-003089,EVS360-023,Saint Petersburg,2032-06-30T21:50,2032-07-01T10:30,2.5
CLEAN-003090,EVS360-006,Moscow,2032-06-30T22:10,2032-07-01T12:30,2.5
CLEAN-003091,EVS360-024,Saint Petersburg,2032-06-30T22:10,2032-07-01T11:00,2.5
CLEAN-003092,EVS360-025,Saint Petersburg,2032-06-30T22:35,2032-07-01T11:30,2.5
CLEAN-003093,EVS360-007,Moscow,2032-06-30T22:50,2032-07-01T13:00,2.5
CLEAN-003094,EVS360-026,Saint Petersburg,2032-06-30T22:50,2032-07-01T12:00,2.5
CLEAN-003095,EVS360-008,Moscow,2032-06-30T23:20,2032-07-01T13:30,2.5
CLEAN-003096,EVS360-027,Saint Petersburg,2032-06-30T23:20,2032-07-01T12:30,2.5
CLEAN-003097,EVS360-009,Moscow,2032-06-30T23:50,2032-07-01T14:00,2.5
CLEAN-003098,EVS360-028,Saint Petersburg,2032-06-30T23:50,2032-07-01T13:00,2.5
CLEAN-003099,EVS360-010,Moscow,2032-07-01T00:10,2032-07-01T14:30,2.5
CLEAN-003100,EVS360-029,Saint Petersburg,2032-07-01T00:10,2032-07-01T14:00,2.5
CLEAN-003101,EVS360-011,Moscow,2032-07-01T08:10,2032-07-01T15:00,2.5
CLEAN-003102,EVS360-030,Saint Petersburg,2032-07-01T08:10,2032-07-01T14:30,2.5
CLEAN-003103,EVS360-012,Moscow,2032-07-01T08:35,2032-07-01T16:00,2.5
CLEAN-003104,EVS360-031,Saint Petersburg,2032-07-01T08:35,2032-07-01T15:00,2.5
CLEAN-003105,EVS360-013,Moscow,2032-07-01T08:50,2032-07-01T16:30,2.5
CLEAN-003106,EVS360-032,Saint Petersburg,2032-07-01T08:50,2032-07-01T16:00,2.5
CLEAN-003107,EVS360-014,Moscow,2032-07-01T09:20,2032-07-01T17:30,2.5
CLEAN-003108,EVS360-033,Saint Petersburg,2032-07-01T09:20,2032-07-01T16:30,2.5
CLEAN-003109,EVS360-015,Moscow,2032-07-01T09:35,2032-07-01T18:00,2.5
CLEAN-003110,EVS360-016,Moscow,2032-07-01T09:50,2032-07-01T18:15,2.5
CLEAN-003111,EVS360-034,Saint Petersburg,2032-07-01T09:50,2032-07-01T17:00,2.5
CLEAN-003112,EVS360-017,Moscow,2032-07-01T10:10,2032-07-01T18:30,2.5
CLEAN-003113,EVS360-035,Saint Petersburg,2032-07-01T10:10,2032-07-01T17:30,2.5
CLEAN-003114,EVS360-018,Moscow,2032-07-01T10:50,2032-07-01T19:00,2.5
CLEAN-003115,EVS360-036,Saint Petersburg,2032-07-01T10:50,2032-07-01T18:00,2.5
CLEAN-003116,EVS360-019,Moscow,2032-07-01T11:20,2032-07-01T19:30,2.5
CLEAN-003117,EVS360-037,Saint Petersburg,2032-07-01T11:20,2032-07-01T18:15,2.5
CLEAN-003118,EVS360-020,Moscow,2032-07-01T11:50,2032-07-01T20:00,2.5
CLEAN-003119,EVS360-038,Saint Petersburg,2032-07-01T11:50,2032-07-01T18:30,2.5
CLEAN-003120,EVS360-039,Saint Petersburg,2032-07-01T12:10,2032-07-01T19:00,2.5
CLEAN-003121,EVS360-001,Moscow,2032-07-02T23:50,2032-07-03T14:00,2.5
CLEAN-003122,EVS360-002,Moscow,2032-07-03T00:10,2032-07-03T14:30,2.5
CLEAN-003123,EVS360-021,Saint Petersburg,2032-07-03T00:10,2032-07-03T14:00,2.5
CLEAN-003124,EVS360-003,Moscow,2032-07-03T08:10,2032-07-03T15:00,2.5
CLEAN-003125,EVS360-022,Saint Petersburg,2032-07-03T08:10,2032-07-03T14:30,2.5
CLEAN-003126,EVS360-004,Moscow,2032-07-03T08:35,2032-07-03T16:00,2.5
CLEAN-003127,EVS360-023,Saint Petersburg,2032-07-03T08:35,2032-07-03T15:00,2.5
CLEAN-003128,EVS360-005,Moscow,2032-07-03T08:50,2032-07-03T16:30,2.5
CLEAN-003129,EVS360-024,Saint Petersburg,2032-07-03T08:50,2032-07-03T16:00,2.5
CLEAN-003130,EVS360-006,Moscow,2032-07-03T09:20,2032-07-03T17:30,2.5
CLEAN-003131,EVS360-025,Saint Petersburg,2032-07-03T09:20,2032-07-03T16:30,2.5
CLEAN-003132,EVS360-007,Moscow,2032-07-03T09:35,2032-07-03T18:00,2.5
CLEAN-003133,EVS360-008,Moscow,2032-07-03T09:50,2032-07-03T18:15,2.5
CLEAN-003134,EVS360-026,Saint Petersburg,2032-07-03T09:50,2032-07-03T17:00,2.5
CLEAN-003135,EVS360-009,Moscow,2032-07-03T10:10,2032-07-03T18:30,2.5
CLEAN-003136,EVS360-027,Saint Petersburg,2032-07-03T10:10,2032-07-03T17:30,2.5
CLEAN-003137,EVS360-010,Moscow,2032-07-03T10:50,2032-07-03T19:00,2.5
CLEAN-003138,EVS360-028,Saint Petersburg,2032-07-03T10:50,2032-07-03T18:00,2.5
CLEAN-003139,EVS360-011,Moscow,2032-07-03T11:20,2032-07-03T19:30,2.5
CLEAN-003140,EVS360-029,Saint Petersburg,2032-07-03T11:20,2032-07-03T18:15,2.5
CLEAN-003141,EVS360-012,Moscow,2032-07-03T11:50,2032-07-03T20:00,2.5
CLEAN-003142,EVS360-030,Saint Petersburg,2032-07-03T11:50,2032-07-03T18:30,2.5
CLEAN-003143,EVS360-013,Moscow,2032-07-03T12:10,2032-07-03T20:15,2.5
CLEAN-003144,EVS360-031,Saint Petersburg,2032-07-03T12:10,2032-07-03T19:00,2.5
CLEAN-003145,EVS360-014,Moscow,2032-07-03T12:35,2032-07-03T20:30,2.5
CLEAN-003146,EVS360-032,Saint Petersburg,2032-07-03T12:35,2032-07-03T19:30,2.5
CLEAN-003147,EVS360-015,Moscow,2032-07-03T12:50,2032-07-03T21:00,2.5
CLEAN-003148,EVS360-033,Saint Petersburg,2032-07-03T12:50,2032-07-03T20:00,2.5
CLEAN-003149,EVS360-016,Moscow,2032-07-03T13:20,2032-07-03T21:30,2.5
CLEAN-003150,EVS360-034,Saint Petersburg,2032-07-03T13:20,2032-07-03T20:30,2.5
CLEAN-003151,EVS360-017,Moscow,2032-07-03T13:50,2032-07-03T22:00,2.5
CLEAN-003152,EVS360-035,Saint Petersburg,2032-07-03T13:50,2032-07-03T21:00,2.5
CLEAN-003153,EVS360-018,Moscow,2032-07-03T14:10,2032-07-04T06:00,2.5
CLEAN-003154,EVS360-036,Saint Petersburg,2032-07-03T14:10,2032-07-03T21:30,2.5
CLEAN-003155,EVS360-019,Moscow,2032-07-03T14:50,2032-07-04T06:15,2.5
CLEAN-003156,EVS360-037,Saint Petersburg,2032-07-03T14:50,2032-07-03T22:00,2.5
CLEAN-003157,EVS360-020,Moscow,2032-07-03T15:20,2032-07-04T06:30,2.5
CLEAN-003158,EVS360-038,Saint Petersburg,2032-07-03T15:20,2032-07-04T06:00,2.5
CLEAN-003159,EVS360-039,Saint Petersburg,2032-07-03T15:50,2032-07-04T06:15,2.5
CLEAN-003160,EVS360-001,Moscow,2032-07-05T10:10,2032-07-05T18:30,2.5
CLEAN-003161,EVS360-002,Moscow,2032-07-05T10:50,2032-07-05T19:00,2.5
CLEAN-003162,EVS360-003,Moscow,2032-07-05T11:20,2032-07-05T19:30,2.5
CLEAN-003163,EVS360-021,Saint Petersburg,2032-07-05T11:20,2032-07-05T18:15,2.5
CLEAN-003164,EVS360-004,Moscow,2032-07-05T11:50,2032-07-05T20:00,2.5
CLEAN-003165,EVS360-022,Saint Petersburg,2032-07-05T11:50,2032-07-05T18:30,2.5
CLEAN-003166,EVS360-005,Moscow,2032-07-05T12:10,2032-07-05T20:15,2.5
CLEAN-003167,EVS360-023,Saint Petersburg,2032-07-05T12:10,2032-07-05T19:00,2.5
CLEAN-003168,EVS360-006,Moscow,2032-07-05T12:35,2032-07-05T20:30,2.5
CLEAN-003169,EVS360-024,Saint Petersburg,2032-07-05T12:35,2032-07-05T19:30,2.5
CLEAN-003170,EVS360-007,Moscow,2032-07-05T12:50,2032-07-05T21:00,2.5
CLEAN-003171,EVS360-025,Saint Petersburg,2032-07-05T12:50,2032-07-05T20:00,2.5
CLEAN-003172,EVS360-008,Moscow,2032-07-05T13:20,2032-07-05T21:30,2.5
CLEAN-003173,EVS360-026,Saint Petersburg,2032-07-05T13:20,2032-07-05T20:30,2.5
CLEAN-003174,EVS360-009,Moscow,2032-07-05T13:50,2032-07-05T22:00,2.5
CLEAN-003175,EVS360-027,Saint Petersburg,2032-07-05T13:50,2032-07-05T21:00,2.5
CLEAN-003176,EVS360-010,Moscow,2032-07-05T14:10,2032-07-06T06:00,2.5
CLEAN-003177,EVS360-028,Saint Petersburg,2032-07-05T14:10,2032-07-05T21:30,2.5
CLEAN-003178,EVS360-011,Moscow,2032-07-05T14:50,2032-07-06T06:15,2.5
CLEAN-003179,EVS360-029,Saint Petersburg,2032-07-05T14:50,2032-07-05T22:00,2.5
CLEAN-003180,EVS360-012,Moscow,2032-07-05T15:20,2032-07-06T06:30,2.5
CLEAN-003181,EVS360-030,Saint Petersburg,2032-07-05T15:20,2032-07-06T06:00,2.5
CLEAN-003182,EVS360-031,Saint Petersburg,2032-07-05T15:50,2032-07-06T06:15,2.5
CLEAN-003183,EVS360-013,Moscow,2032-07-05T16:10,2032-07-06T07:00,2.5
CLEAN-003184,EVS360-032,Saint Petersburg,2032-07-05T16:10,2032-07-06T06:30,2.5
CLEAN-003185,EVS360-014,Moscow,2032-07-05T16:50,2032-07-06T07:30,2.5
CLEAN-003186,EVS360-033,Saint Petersburg,2032-07-05T16:50,2032-07-06T07:00,2.5
CLEAN-003187,EVS360-015,Moscow,2032-07-05T17:20,2032-07-06T08:00,2.5
CLEAN-003188,EVS360-034,Saint Petersburg,2032-07-05T17:20,2032-07-06T07:15,2.5
CLEAN-003189,EVS360-016,Moscow,2032-07-05T18:10,2032-07-06T08:30,2.5
CLEAN-003190,EVS360-035,Saint Petersburg,2032-07-05T18:10,2032-07-06T07:30,2.5
CLEAN-003191,EVS360-017,Moscow,2032-07-05T18:50,2032-07-06T09:00,2.5
CLEAN-003192,EVS360-036,Saint Petersburg,2032-07-05T18:50,2032-07-06T08:00,2.5
CLEAN-003193,EVS360-018,Moscow,2032-07-05T19:20,2032-07-06T09:30,2.5
CLEAN-003194,EVS360-019,Moscow,2032-07-05T19:50,2032-07-06T10:00,2.5
CLEAN-003195,EVS360-037,Saint Petersburg,2032-07-05T19:50,2032-07-06T08:30,2.5
CLEAN-003196,EVS360-020,Moscow,2032-07-05T20:10,2032-07-06T10:15,2.5
CLEAN-003197,EVS360-038,Saint Petersburg,2032-07-05T20:10,2032-07-06T09:00,2.5
CLEAN-003198,EVS360-039,Saint Petersburg,2032-07-05T20:35,2032-07-06T09:30,2.5
CLEAN-003199,EVS360-001,Moscow,2032-07-07T13:50,2032-07-07T22:00,2.5
CLEAN-003200,EVS360-002,Moscow,2032-07-07T14:10,2032-07-08T06:00,2.5
CLEAN-003201,EVS360-003,Moscow,2032-07-07T14:50,2032-07-08T06:15,2.5
CLEAN-003202,EVS360-021,Saint Petersburg,2032-07-07T14:50,2032-07-07T22:00,2.5
CLEAN-003203,EVS360-004,Moscow,2032-07-07T15:20,2032-07-08T06:30,2.5
CLEAN-003204,EVS360-022,Saint Petersburg,2032-07-07T15:20,2032-07-08T06:00,2.5
CLEAN-003205,EVS360-023,Saint Petersburg,2032-07-07T15:50,2032-07-08T06:15,2.5
CLEAN-003206,EVS360-005,Moscow,2032-07-07T16:10,2032-07-08T07:00,2.5
CLEAN-003207,EVS360-024,Saint Petersburg,2032-07-07T16:10,2032-07-08T06:30,2.5
CLEAN-003208,EVS360-006,Moscow,2032-07-07T16:50,2032-07-08T07:30,2.5
CLEAN-003209,EVS360-025,Saint Petersburg,2032-07-07T16:50,2032-07-08T07:00,2.5
CLEAN-003210,EVS360-007,Moscow,2032-07-07T17:20,2032-07-08T08:00,2.5
CLEAN-003211,EVS360-026,Saint Petersburg,2032-07-07T17:20,2032-07-08T07:15,2.5
CLEAN-003212,EVS360-008,Moscow,2032-07-07T18:10,2032-07-08T08:30,2.5
CLEAN-003213,EVS360-027,Saint Petersburg,2032-07-07T18:10,2032-07-08T07:30,2.5
CLEAN-003214,EVS360-009,Moscow,2032-07-07T18:50,2032-07-08T09:00,2.5
CLEAN-003215,EVS360-028,Saint Petersburg,2032-07-07T18:50,2032-07-08T08:00,2.5
CLEAN-003216,EVS360-010,Moscow,2032-07-07T19:20,2032-07-08T09:30,2.5
CLEAN-003217,EVS360-011,Moscow,2032-07-07T19:50,2032-07-08T10:00,2.5
CLEAN-003218,EVS360-029,Saint Petersburg,2032-07-07T19:50,2032-07-08T08:30,2.5
CLEAN-003219,EVS360-012,Moscow,2032-07-07T20:10,2032-07-08T10:15,2.5
CLEAN-003220,EVS360-030,Saint Petersburg,2032-07-07T20:10,2032-07-08T09:00,2.5
CLEAN-003221,EVS360-013,Moscow,2032-07-07T20:35,2032-07-08T10:30,2.5
CLEAN-003222,EVS360-031,Saint Petersburg,2032-07-07T20:35,2032-07-08T09:30,2.5
CLEAN-003223,EVS360-014,Moscow,2032-07-07T20:50,2032-07-08T11:00,2.5
CLEAN-003224,EVS360-032,Saint Petersburg,2032-07-07T20:50,2032-07-08T10:00,2.5
CLEAN-003225,EVS360-015,Moscow,2032-07-07T21:20,2032-07-08T11:30,2.5
CLEAN-003226,EVS360-033,Saint Petersburg,2032-07-07T21:20,2032-07-08T10:15,2.5
CLEAN-003227,EVS360-016,Moscow,2032-07-07T21:50,2032-07-08T12:00,2.5
CLEAN-003228,EVS360-034,Saint Petersburg,2032-07-07T21:50,2032-07-08T10:30,2.5
CLEAN-003229,EVS360-017,Moscow,2032-07-07T22:10,2032-07-08T12:30,2.5
CLEAN-003230,EVS360-035,Saint Petersburg,2032-07-07T22:10,2032-07-08T11:00,2.5
CLEAN-003231,EVS360-036,Saint Petersburg,2032-07-07T22:35,2032-07-08T11:30,2.5
CLEAN-003232,EVS360-018,Moscow,2032-07-07T22:50,2032-07-08T13:00,2.5
CLEAN-003233,EVS360-037,Saint Petersburg,2032-07-07T22:50,2032-07-08T12:00,2.5
CLEAN-003234,EVS360-019,Moscow,2032-07-07T23:20,2032-07-08T13:30,2.5
CLEAN-003235,EVS360-038,Saint Petersburg,2032-07-07T23:20,2032-07-08T12:30,2.5
CLEAN-003236,EVS360-020,Moscow,2032-07-07T23:50,2032-07-08T14:00,2.5
CLEAN-003237,EVS360-039,Saint Petersburg,2032-07-07T23:50,2032-07-08T13:00,2.5
CLEAN-003238,EVS360-001,Moscow,2032-07-09T18:50,2032-07-10T09:00,2.5
CLEAN-003239,EVS360-002,Moscow,2032-07-09T19:20,2032-07-10T09:30,2.5
CLEAN-003240,EVS360-003,Moscow,2032-07-09T19:50,2032-07-10T10:00,2.5
CLEAN-003241,EVS360-021,Saint Petersburg,2032-07-09T19:50,2032-07-10T08:30,2.5
CLEAN-003242,EVS360-004,Moscow,2032-07-09T20:10,2032-07-10T10:15,2.5
CLEAN-003243,EVS360-022,Saint Petersburg,2032-07-09T20:10,2032-07-10T09:00,2.5
CLEAN-003244,EVS360-005,Moscow,2032-07-09T20:35,2032-07-10T10:30,2.5
CLEAN-003245,EVS360-023,Saint Petersburg,2032-07-09T20:35,2032-07-10T09:30,2.5
CLEAN-003246,EVS360-006,Moscow,2032-07-09T20:50,2032-07-10T11:00,2.5
CLEAN-003247,EVS360-024,Saint Petersburg,2032-07-09T20:50,2032-07-10T10:00,2.5
CLEAN-003248,EVS360-007,Moscow,2032-07-09T21:20,2032-07-10T11:30,2.5
CLEAN-003249,EVS360-025,Saint Petersburg,2032-07-09T21:20,2032-07-10T10:15,2.5
CLEAN-003250,EVS360-008,Moscow,2032-07-09T21:50,2032-07-10T12:00,2.5
CLEAN-003251,EVS360-026,Saint Petersburg,2032-07-09T21:50,2032-07-10T10:30,2.5
CLEAN-003252,EVS360-009,Moscow,2032-07-09T22:10,2032-07-10T12:30,2.5
CLEAN-003253,EVS360-027,Saint Petersburg,2032-07-09T22:10,2032-07-10T11:00,2.5
CLEAN-003254,EVS360-028,Saint Petersburg,2032-07-09T22:35,2032-07-10T11:30,2.5
CLEAN-003255,EVS360-010,Moscow,2032-07-09T22:50,2032-07-10T13:00,2.5
CLEAN-003256,EVS360-029,Saint Petersburg,2032-07-09T22:50,2032-07-10T12:00,2.5
CLEAN-003257,EVS360-011,Moscow,2032-07-09T23:20,2032-07-10T13:30,2.5
CLEAN-003258,EVS360-030,Saint Petersburg,2032-07-09T23:20,2032-07-10T12:30,2.5
CLEAN-003259,EVS360-012,Moscow,2032-07-09T23:50,2032-07-10T14:00,2.5
CLEAN-003260,EVS360-031,Saint Petersburg,2032-07-09T23:50,2032-07-10T13:00,2.5
CLEAN-003261,EVS360-013,Moscow,2032-07-10T00:10,2032-07-10T14:30,2.5
CLEAN-003262,EVS360-032,Saint Petersburg,2032-07-10T00:10,2032-07-10T14:00,2.5
CLEAN-003263,EVS360-014,Moscow,2032-07-10T08:10,2032-07-10T15:00,2.5
CLEAN-003264,EVS360-033,Saint Petersburg,2032-07-10T08:10,2032-07-10T14:30,2.5
CLEAN-003265,EVS360-015,Moscow,2032-07-10T08:35,2032-07-10T16:00,2.5
CLEAN-003266,EVS360-034,Saint Petersburg,2032-07-10T08:35,2032-07-10T15:00,2.5
CLEAN-003267,EVS360-016,Moscow,2032-07-10T08:50,2032-07-10T16:30,2.5
CLEAN-003268,EVS360-035,Saint Petersburg,2032-07-10T08:50,2032-07-10T16:00,2.5
CLEAN-003269,EVS360-017,Moscow,2032-07-10T09:20,2032-07-10T17:30,2.5
CLEAN-003270,EVS360-036,Saint Petersburg,2032-07-10T09:20,2032-07-10T16:30,2.5
CLEAN-003271,EVS360-018,Moscow,2032-07-10T09:35,2032-07-10T18:00,2.5
CLEAN-003272,EVS360-019,Moscow,2032-07-10T09:50,2032-07-10T18:15,2.5
CLEAN-003273,EVS360-037,Saint Petersburg,2032-07-10T09:50,2032-07-10T17:00,2.5
CLEAN-003274,EVS360-020,Moscow,2032-07-10T10:10,2032-07-10T18:30,2.5
CLEAN-003275,EVS360-038,Saint Petersburg,2032-07-10T10:10,2032-07-10T17:30,2.5
CLEAN-003276,EVS360-039,Saint Petersburg,2032-07-10T10:50,2032-07-10T18:00,2.5
CLEAN-003277,EVS360-001,Moscow,2032-07-11T22:10,2032-07-12T12:30,2.5
CLEAN-003278,EVS360-002,Moscow,2032-07-11T22:50,2032-07-12T13:00,2.5
CLEAN-003279,EVS360-021,Saint Petersburg,2032-07-11T22:50,2032-07-12T12:00,2.5
CLEAN-003280,EVS360-003,Moscow,2032-07-11T23:20,2032-07-12T13:30,2.5
CLEAN-003281,EVS360-022,Saint Petersburg,2032-07-11T23:20,2032-07-12T12:30,2.5
CLEAN-003282,EVS360-004,Moscow,2032-07-11T23:50,2032-07-12T14:00,2.5
CLEAN-003283,EVS360-023,Saint Petersburg,2032-07-11T23:50,2032-07-12T13:00,2.5
CLEAN-003284,EVS360-005,Moscow,2032-07-12T00:10,2032-07-12T14:30,2.5
CLEAN-003285,EVS360-024,Saint Petersburg,2032-07-12T00:10,2032-07-12T14:00,2.5
CLEAN-003286,EVS360-006,Moscow,2032-07-12T08:10,2032-07-12T15:00,2.5
CLEAN-003287,EVS360-025,Saint Petersburg,2032-07-12T08:10,2032-07-12T14:30,2.5
CLEAN-003288,EVS360-007,Moscow,2032-07-12T08:35,2032-07-12T16:00,2.5
CLEAN-003289,EVS360-026,Saint Petersburg,2032-07-12T08:35,2032-07-12T15:00,2.5
CLEAN-003290,EVS360-008,Moscow,2032-07-12T08:50,2032-07-12T16:30,2.5
CLEAN-003291,EVS360-027,Saint Petersburg,2032-07-12T08:50,2032-07-12T16:00,2.5
CLEAN-003292,EVS360-009,Moscow,2032-07-12T09:20,2032-07-12T17:30,2.5
CLEAN-003293,EVS360-028,Saint Petersburg,2032-07-12T09:20,2032-07-12T16:30,2.5
CLEAN-003294,EVS360-010,Moscow,2032-07-12T09:35,2032-07-12T18:00,2.5
CLEAN-003295,EVS360-011,Moscow,2032-07-12T09:50,2032-07-12T18:15,2.5
CLEAN-003296,EVS360-029,Saint Petersburg,2032-07-12T09:50,2032-07-12T17:00,2.5
CLEAN-003297,EVS360-012,Moscow,2032-07-12T10:10,2032-07-12T18:30,2.5
CLEAN-003298,EVS360-030,Saint Petersburg,2032-07-12T10:10,2032-07-12T17:30,2.5
CLEAN-003299,EVS360-013,Moscow,2032-07-12T10:50,2032-07-12T19:00,2.5
CLEAN-003300,EVS360-031,Saint Petersburg,2032-07-12T10:50,2032-07-12T18:00,2.5
CLEAN-003301,EVS360-014,Moscow,2032-07-12T11:20,2032-07-12T19:30,2.5
CLEAN-003302,EVS360-032,Saint Petersburg,2032-07-12T11:20,2032-07-12T18:15,2.5
CLEAN-003303,EVS360-015,Moscow,2032-07-12T11:50,2032-07-12T20:00,2.5
CLEAN-003304,EVS360-033,Saint Petersburg,2032-07-12T11:50,2032-07-12T18:30,2.5
CLEAN-003305,EVS360-016,Moscow,2032-07-12T12:10,2032-07-12T20:15,2.5
CLEAN-003306,EVS360-034,Saint Petersburg,2032-07-12T12:10,2032-07-12T19:00,2.5
CLEAN-003307,EVS360-017,Moscow,2032-07-12T12:35,2032-07-12T20:30,2.5
CLEAN-003308,EVS360-035,Saint Petersburg,2032-07-12T12:35,2032-07-12T19:30,2.5
CLEAN-003309,EVS360-018,Moscow,2032-07-12T12:50,2032-07-12T21:00,2.5
CLEAN-003310,EVS360-036,Saint Petersburg,2032-07-12T12:50,2032-07-12T20:00,2.5
CLEAN-003311,EVS360-019,Moscow,2032-07-12T13:20,2032-07-12T21:30,2.5
CLEAN-003312,EVS360-037,Saint Petersburg,2032-07-12T13:20,2032-07-12T20:30,2.5
CLEAN-003313,EVS360-020,Moscow,2032-07-12T13:50,2032-07-12T22:00,2.5
CLEAN-003314,EVS360-038,Saint Petersburg,2032-07-12T13:50,2032-07-12T21:00,2.5
CLEAN-003315,EVS360-039,Saint Petersburg,2032-07-12T14:10,2032-07-12T21:30,2.5
CLEAN-003316,EVS360-001,Moscow,2032-07-14T09:20,2032-07-14T17:30,2.5
CLEAN-003317,EVS360-002,Moscow,2032-07-14T09:35,2032-07-14T18:00,2.5
CLEAN-003318,EVS360-003,Moscow,2032-07-14T09:50,2032-07-14T18:15,2.5
CLEAN-003319,EVS360-021,Saint Petersburg,2032-07-14T09:50,2032-07-14T17:00,2.5
CLEAN-003320,EVS360-004,Moscow,2032-07-14T10:10,2032-07-14T18:30,2.5
CLEAN-003321,EVS360-022,Saint Petersburg,2032-07-14T10:10,2032-07-14T17:30,2.5
CLEAN-003322,EVS360-005,Moscow,2032-07-14T10:50,2032-07-14T19:00,2.5
CLEAN-003323,EVS360-023,Saint Petersburg,2032-07-14T10:50,2032-07-14T18:00,2.5
CLEAN-003324,EVS360-006,Moscow,2032-07-14T11:20,2032-07-14T19:30,2.5
CLEAN-003325,EVS360-024,Saint Petersburg,2032-07-14T11:20,2032-07-14T18:15,2.5
CLEAN-003326,EVS360-007,Moscow,2032-07-14T11:50,2032-07-14T20:00,2.5
CLEAN-003327,EVS360-025,Saint Petersburg,2032-07-14T11:50,2032-07-14T18:30,2.5
CLEAN-003328,EVS360-008,Moscow,2032-07-14T12:10,2032-07-14T20:15,2.5
CLEAN-003329,EVS360-026,Saint Petersburg,2032-07-14T12:10,2032-07-14T19:00,2.5
CLEAN-003330,EVS360-009,Moscow,2032-07-14T12:35,2032-07-14T20:30,2.5
CLEAN-003331,EVS360-027,Saint Petersburg,2032-07-14T12:35,2032-07-14T19:30,2.5
CLEAN-003332,EVS360-010,Moscow,2032-07-14T12:50,2032-07-14T21:00,2.5
CLEAN-003333,EVS360-028,Saint Petersburg,2032-07-14T12:50,2032-07-14T20:00,2.5
CLEAN-003334,EVS360-011,Moscow,2032-07-14T13:20,2032-07-14T21:30,2.5
CLEAN-003335,EVS360-029,Saint Petersburg,2032-07-14T13:20,2032-07-14T20:30,2.5
CLEAN-003336,EVS360-012,Moscow,2032-07-14T13:50,2032-07-14T22:00,2.5
CLEAN-003337,EVS360-030,Saint Petersburg,2032-07-14T13:50,2032-07-14T21:00,2.5
CLEAN-003338,EVS360-013,Moscow,2032-07-14T14:10,2032-07-15T06:00,2.5
CLEAN-003339,EVS360-031,Saint Petersburg,2032-07-14T14:10,2032-07-14T21:30,2.5
CLEAN-003340,EVS360-014,Moscow,2032-07-14T14:50,2032-07-15T06:15,2.5
CLEAN-003341,EVS360-032,Saint Petersburg,2032-07-14T14:50,2032-07-14T22:00,2.5
CLEAN-003342,EVS360-015,Moscow,2032-07-14T15:20,2032-07-15T06:30,2.5
CLEAN-003343,EVS360-033,Saint Petersburg,2032-07-14T15:20,2032-07-15T06:00,2.5
CLEAN-003344,EVS360-034,Saint Petersburg,2032-07-14T15:50,2032-07-15T06:15,2.5
CLEAN-003345,EVS360-016,Moscow,2032-07-14T16:10,2032-07-15T07:00,2.5
CLEAN-003346,EVS360-035,Saint Petersburg,2032-07-14T16:10,2032-07-15T06:30,2.5
CLEAN-003347,EVS360-017,Moscow,2032-07-14T16:50,2032-07-15T07:30,2.5
CLEAN-003348,EVS360-036,Saint Petersburg,2032-07-14T16:50,2032-07-15T07:00,2.5
CLEAN-003349,EVS360-018,Moscow,2032-07-14T17:20,2032-07-15T08:00,2.5
CLEAN-003350,EVS360-037,Saint Petersburg,2032-07-14T17:20,2032-07-15T07:15,2.5
CLEAN-003351,EVS360-019,Moscow,2032-07-14T18:10,2032-07-15T08:30,2.5
CLEAN-003352,EVS360-038,Saint Petersburg,2032-07-14T18:10,2032-07-15T07:30,2.5
CLEAN-003353,EVS360-020,Moscow,2032-07-14T18:50,2032-07-15T09:00,2.5
CLEAN-003354,EVS360-039,Saint Petersburg,2032-07-14T18:50,2032-07-15T08:00,2.5
CLEAN-003355,EVS360-001,Moscow,2032-07-16T12:35,2032-07-16T20:30,2.5
CLEAN-003356,EVS360-002,Moscow,2032-07-16T12:50,2032-07-16T21:00,2.5
CLEAN-003357,EVS360-003,Moscow,2032-07-16T13:20,2032-07-16T21:30,2.5
CLEAN-003358,EVS360-021,Saint Petersburg,2032-07-16T13:20,2032-07-16T20:30,2.5
CLEAN-003359,EVS360-004,Moscow,2032-07-16T13:50,2032-07-16T22:00,2.5
CLEAN-003360,EVS360-022,Saint Petersburg,2032-07-16T13:50,2032-07-16T21:00,2.5
CLEAN-003361,EVS360-005,Moscow,2032-07-16T14:10,2032-07-17T06:00,2.5
CLEAN-003362,EVS360-023,Saint Petersburg,2032-07-16T14:10,2032-07-16T21:30,2.5
CLEAN-003363,EVS360-006,Moscow,2032-07-16T14:50,2032-07-17T06:15,2.5
CLEAN-003364,EVS360-024,Saint Petersburg,2032-07-16T14:50,2032-07-16T22:00,2.5
CLEAN-003365,EVS360-007,Moscow,2032-07-16T15:20,2032-07-17T06:30,2.5
CLEAN-003366,EVS360-025,Saint Petersburg,2032-07-16T15:20,2032-07-17T06:00,2.5
CLEAN-003367,EVS360-026,Saint Petersburg,2032-07-16T15:50,2032-07-17T06:15,2.5
CLEAN-003368,EVS360-008,Moscow,2032-07-16T16:10,2032-07-17T07:00,2.5
CLEAN-003369,EVS360-027,Saint Petersburg,2032-07-16T16:10,2032-07-17T06:30,2.5
CLEAN-003370,EVS360-009,Moscow,2032-07-16T16:50,2032-07-17T07:30,2.5
CLEAN-003371,EVS360-028,Saint Petersburg,2032-07-16T16:50,2032-07-17T07:00,2.5
CLEAN-003372,EVS360-010,Moscow,2032-07-16T17:20,2032-07-17T08:00,2.5
CLEAN-003373,EVS360-029,Saint Petersburg,2032-07-16T17:20,2032-07-17T07:15,2.5
CLEAN-003374,EVS360-011,Moscow,2032-07-16T18:10,2032-07-17T08:30,2.5
CLEAN-003375,EVS360-030,Saint Petersburg,2032-07-16T18:10,2032-07-17T07:30,2.5
CLEAN-003376,EVS360-012,Moscow,2032-07-16T18:50,2032-07-17T09:00,2.5
CLEAN-003377,EVS360-031,Saint Petersburg,2032-07-16T18:50,2032-07-17T08:00,2.5
CLEAN-003378,EVS360-013,Moscow,2032-07-16T19:20,2032-07-17T09:30,2.5
CLEAN-003379,EVS360-014,Moscow,2032-07-16T19:50,2032-07-17T10:00,2.5
CLEAN-003380,EVS360-032,Saint Petersburg,2032-07-16T19:50,2032-07-17T08:30,2.5
CLEAN-003381,EVS360-015,Moscow,2032-07-16T20:10,2032-07-17T10:15,2.5
CLEAN-003382,EVS360-033,Saint Petersburg,2032-07-16T20:10,2032-07-17T09:00,2.5
CLEAN-003383,EVS360-016,Moscow,2032-07-16T20:35,2032-07-17T10:30,2.5
CLEAN-003384,EVS360-034,Saint Petersburg,2032-07-16T20:35,2032-07-17T09:30,2.5
CLEAN-003385,EVS360-017,Moscow,2032-07-16T20:50,2032-07-17T11:00,2.5
CLEAN-003386,EVS360-035,Saint Petersburg,2032-07-16T20:50,2032-07-17T10:00,2.5
CLEAN-003387,EVS360-018,Moscow,2032-07-16T21:20,2032-07-17T11:30,2.5
CLEAN-003388,EVS360-036,Saint Petersburg,2032-07-16T21:20,2032-07-17T10:15,2.5
CLEAN-003389,EVS360-019,Moscow,2032-07-16T21:50,2032-07-17T12:00,2.5
CLEAN-003390,EVS360-037,Saint Petersburg,2032-07-16T21:50,2032-07-17T10:30,2.5
CLEAN-003391,EVS360-020,Moscow,2032-07-16T22:10,2032-07-17T12:30,2.5
CLEAN-003392,EVS360-038,Saint Petersburg,2032-07-16T22:10,2032-07-17T11:00,2.5
CLEAN-003393,EVS360-039,Saint Petersburg,2032-07-16T22:35,2032-07-17T11:30,2.5
CLEAN-003394,EVS360-001,Moscow,2032-07-18T16:50,2032-07-19T07:30,2.5
CLEAN-003395,EVS360-002,Moscow,2032-07-18T17:20,2032-07-19T08:00,2.5
CLEAN-003396,EVS360-021,Saint Petersburg,2032-07-18T17:20,2032-07-19T07:15,2.5
CLEAN-003397,EVS360-003,Moscow,2032-07-18T18:10,2032-07-19T08:30,2.5
CLEAN-003398,EVS360-022,Saint Petersburg,2032-07-18T18:10,2032-07-19T07:30,2.5
CLEAN-003399,EVS360-004,Moscow,2032-07-18T18:50,2032-07-19T09:00,2.5
CLEAN-003400,EVS360-023,Saint Petersburg,2032-07-18T18:50,2032-07-19T08:00,2.5
CLEAN-003401,EVS360-005,Moscow,2032-07-18T19:20,2032-07-19T09:30,2.5
CLEAN-003402,EVS360-006,Moscow,2032-07-18T19:50,2032-07-19T10:00,2.5
CLEAN-003403,EVS360-024,Saint Petersburg,2032-07-18T19:50,2032-07-19T08:30,2.5
CLEAN-003404,EVS360-007,Moscow,2032-07-18T20:10,2032-07-19T10:15,2.5
CLEAN-003405,EVS360-025,Saint Petersburg,2032-07-18T20:10,2032-07-19T09:00,2.5
CLEAN-003406,EVS360-008,Moscow,2032-07-18T20:35,2032-07-19T10:30,2.5
CLEAN-003407,EVS360-026,Saint Petersburg,2032-07-18T20:35,2032-07-19T09:30,2.5
CLEAN-003408,EVS360-009,Moscow,2032-07-18T20:50,2032-07-19T11:00,2.5
CLEAN-003409,EVS360-027,Saint Petersburg,2032-07-18T20:50,2032-07-19T10:00,2.5
CLEAN-003410,EVS360-010,Moscow,2032-07-18T21:20,2032-07-19T11:30,2.5
CLEAN-003411,EVS360-028,Saint Petersburg,2032-07-18T21:20,2032-07-19T10:15,2.5
CLEAN-003412,EVS360-011,Moscow,2032-07-18T21:50,2032-07-19T12:00,2.5
CLEAN-003413,EVS360-029,Saint Petersburg,2032-07-18T21:50,2032-07-19T10:30,2.5
CLEAN-003414,EVS360-012,Moscow,2032-07-18T22:10,2032-07-19T12:30,2.5
CLEAN-003415,EVS360-030,Saint Petersburg,2032-07-18T22:10,2032-07-19T11:00,2.5
CLEAN-003416,EVS360-031,Saint Petersburg,2032-07-18T22:35,2032-07-19T11:30,2.5
CLEAN-003417,EVS360-013,Moscow,2032-07-18T22:50,2032-07-19T13:00,2.5
CLEAN-003418,EVS360-032,Saint Petersburg,2032-07-18T22:50,2032-07-19T12:00,2.5
CLEAN-003419,EVS360-014,Moscow,2032-07-18T23:20,2032-07-19T13:30,2.5
CLEAN-003420,EVS360-033,Saint Petersburg,2032-07-18T23:20,2032-07-19T12:30,2.5
CLEAN-003421,EVS360-015,Moscow,2032-07-18T23:50,2032-07-19T14:00,2.5
CLEAN-003422,EVS360-034,Saint Petersburg,2032-07-18T23:50,2032-07-19T13:00,2.5
CLEAN-003423,EVS360-016,Moscow,2032-07-19T00:10,2032-07-19T14:30,2.5
CLEAN-003424,EVS360-035,Saint Petersburg,2032-07-19T00:10,2032-07-19T14:00,2.5
CLEAN-003425,EVS360-017,Moscow,2032-07-19T08:10,2032-07-19T15:00,2.5
CLEAN-003426,EVS360-036,Saint Petersburg,2032-07-19T08:10,2032-07-19T14:30,2.5
CLEAN-003427,EVS360-018,Moscow,2032-07-19T08:35,2032-07-19T16:00,2.5
CLEAN-003428,EVS360-037,Saint Petersburg,2032-07-19T08:35,2032-07-19T15:00,2.5
CLEAN-003429,EVS360-019,Moscow,2032-07-19T08:50,2032-07-19T16:30,2.5
CLEAN-003430,EVS360-038,Saint Petersburg,2032-07-19T08:50,2032-07-19T16:00,2.5
CLEAN-003431,EVS360-020,Moscow,2032-07-19T09:20,2032-07-19T17:30,2.5
CLEAN-003432,EVS360-039,Saint Petersburg,2032-07-19T09:20,2032-07-19T16:30,2.5
CLEAN-003433,EVS360-001,Moscow,2032-07-20T20:50,2032-07-21T11:00,2.5
CLEAN-003434,EVS360-002,Moscow,2032-07-20T21:20,2032-07-21T11:30,2.5
CLEAN-003435,EVS360-003,Moscow,2032-07-20T21:50,2032-07-21T12:00,2.5
CLEAN-003436,EVS360-021,Saint Petersburg,2032-07-20T21:50,2032-07-21T10:30,2.5
CLEAN-003437,EVS360-004,Moscow,2032-07-20T22:10,2032-07-21T12:30,2.5
CLEAN-003438,EVS360-022,Saint Petersburg,2032-07-20T22:10,2032-07-21T11:00,2.5
CLEAN-003439,EVS360-023,Saint Petersburg,2032-07-20T22:35,2032-07-21T11:30,2.5
CLEAN-003440,EVS360-005,Moscow,2032-07-20T22:50,2032-07-21T13:00,2.5
CLEAN-003441,EVS360-024,Saint Petersburg,2032-07-20T22:50,2032-07-21T12:00,2.5
CLEAN-003442,EVS360-006,Moscow,2032-07-20T23:20,2032-07-21T13:30,2.5
CLEAN-003443,EVS360-025,Saint Petersburg,2032-07-20T23:20,2032-07-21T12:30,2.5
CLEAN-003444,EVS360-007,Moscow,2032-07-20T23:50,2032-07-21T14:00,2.5
CLEAN-003445,EVS360-026,Saint Petersburg,2032-07-20T23:50,2032-07-21T13:00,2.5
CLEAN-003446,EVS360-008,Moscow,2032-07-21T00:10,2032-07-21T14:30,2.5
CLEAN-003447,EVS360-027,Saint Petersburg,2032-07-21T00:10,2032-07-21T14:00,2.5
CLEAN-003448,EVS360-009,Moscow,2032-07-21T08:10,2032-07-21T15:00,2.5
CLEAN-003449,EVS360-028,Saint Petersburg,2032-07-21T08:10,2032-07-21T14:30,2.5
CLEAN-003450,EVS360-010,Moscow,2032-07-21T08:35,2032-07-21T16:00,2.5
CLEAN-003451,EVS360-029,Saint Petersburg,2032-07-21T08:35,2032-07-21T15:00,2.5
CLEAN-003452,EVS360-011,Moscow,2032-07-21T08:50,2032-07-21T16:30,2.5
CLEAN-003453,EVS360-030,Saint Petersburg,2032-07-21T08:50,2032-07-21T16:00,2.5
CLEAN-003454,EVS360-012,Moscow,2032-07-21T09:20,2032-07-21T17:30,2.5
CLEAN-003455,EVS360-031,Saint Petersburg,2032-07-21T09:20,2032-07-21T16:30,2.5
CLEAN-003456,EVS360-013,Moscow,2032-07-21T09:35,2032-07-21T18:00,2.5
CLEAN-003457,EVS360-014,Moscow,2032-07-21T09:50,2032-07-21T18:15,2.5
CLEAN-003458,EVS360-032,Saint Petersburg,2032-07-21T09:50,2032-07-21T17:00,2.5
CLEAN-003459,EVS360-015,Moscow,2032-07-21T10:10,2032-07-21T18:30,2.5
CLEAN-003460,EVS360-033,Saint Petersburg,2032-07-21T10:10,2032-07-21T17:30,2.5
CLEAN-003461,EVS360-016,Moscow,2032-07-21T10:50,2032-07-21T19:00,2.5
CLEAN-003462,EVS360-034,Saint Petersburg,2032-07-21T10:50,2032-07-21T18:00,2.5
CLEAN-003463,EVS360-017,Moscow,2032-07-21T11:20,2032-07-21T19:30,2.5
CLEAN-003464,EVS360-035,Saint Petersburg,2032-07-21T11:20,2032-07-21T18:15,2.5
CLEAN-003465,EVS360-018,Moscow,2032-07-21T11:50,2032-07-21T20:00,2.5
CLEAN-003466,EVS360-036,Saint Petersburg,2032-07-21T11:50,2032-07-21T18:30,2.5
CLEAN-003467,EVS360-019,Moscow,2032-07-21T12:10,2032-07-21T20:15,2.5
CLEAN-003468,EVS360-037,Saint Petersburg,2032-07-21T12:10,2032-07-21T19:00,2.5
CLEAN-003469,EVS360-020,Moscow,2032-07-21T12:35,2032-07-21T20:30,2.5
CLEAN-003470,EVS360-038,Saint Petersburg,2032-07-21T12:35,2032-07-21T19:30,2.5
CLEAN-003471,EVS360-039,Saint Petersburg,2032-07-21T12:50,2032-07-21T20:00,2.5
CLEAN-003472,EVS360-001,Moscow,2032-07-23T08:10,2032-07-23T15:00,2.5
CLEAN-003473,EVS360-002,Moscow,2032-07-23T08:35,2032-07-23T16:00,2.5
CLEAN-003474,EVS360-021,Saint Petersburg,2032-07-23T08:35,2032-07-23T15:00,2.5
CLEAN-003475,EVS360-003,Moscow,2032-07-23T08:50,2032-07-23T16:30,2.5
CLEAN-003476,EVS360-022,Saint Petersburg,2032-07-23T08:50,2032-07-23T16:00,2.5
CLEAN-003477,EVS360-004,Moscow,2032-07-23T09:20,2032-07-23T17:30,2.5
CLEAN-003478,EVS360-023,Saint Petersburg,2032-07-23T09:20,2032-07-23T16:30,2.5
CLEAN-003479,EVS360-005,Moscow,2032-07-23T09:35,2032-07-23T18:00,2.5
CLEAN-003480,EVS360-006,Moscow,2032-07-23T09:50,2032-07-23T18:15,2.5
CLEAN-003481,EVS360-024,Saint Petersburg,2032-07-23T09:50,2032-07-23T17:00,2.5
CLEAN-003482,EVS360-007,Moscow,2032-07-23T10:10,2032-07-23T18:30,2.5
CLEAN-003483,EVS360-025,Saint Petersburg,2032-07-23T10:10,2032-07-23T17:30,2.5
CLEAN-003484,EVS360-008,Moscow,2032-07-23T10:50,2032-07-23T19:00,2.5
CLEAN-003485,EVS360-026,Saint Petersburg,2032-07-23T10:50,2032-07-23T18:00,2.5
CLEAN-003486,EVS360-009,Moscow,2032-07-23T11:20,2032-07-23T19:30,2.5
CLEAN-003487,EVS360-027,Saint Petersburg,2032-07-23T11:20,2032-07-23T18:15,2.5
CLEAN-003488,EVS360-010,Moscow,2032-07-23T11:50,2032-07-23T20:00,2.5
CLEAN-003489,EVS360-028,Saint Petersburg,2032-07-23T11:50,2032-07-23T18:30,2.5
CLEAN-003490,EVS360-011,Moscow,2032-07-23T12:10,2032-07-23T20:15,2.5
CLEAN-003491,EVS360-029,Saint Petersburg,2032-07-23T12:10,2032-07-23T19:00,2.5
CLEAN-003492,EVS360-012,Moscow,2032-07-23T12:35,2032-07-23T20:30,2.5
CLEAN-003493,EVS360-030,Saint Petersburg,2032-07-23T12:35,2032-07-23T19:30,2.5
CLEAN-003494,EVS360-013,Moscow,2032-07-23T12:50,2032-07-23T21:00,2.5
CLEAN-003495,EVS360-031,Saint Petersburg,2032-07-23T12:50,2032-07-23T20:00,2.5
CLEAN-003496,EVS360-014,Moscow,2032-07-23T13:20,2032-07-23T21:30,2.5
CLEAN-003497,EVS360-032,Saint Petersburg,2032-07-23T13:20,2032-07-23T20:30,2.5
CLEAN-003498,EVS360-015,Moscow,2032-07-23T13:50,2032-07-23T22:00,2.5
CLEAN-003499,EVS360-033,Saint Petersburg,2032-07-23T13:50,2032-07-23T21:00,2.5
CLEAN-003500,EVS360-016,Moscow,2032-07-23T14:10,2032-07-24T06:00,2.5
CLEAN-003501,EVS360-034,Saint Petersburg,2032-07-23T14:10,2032-07-23T21:30,2.5
CLEAN-003502,EVS360-017,Moscow,2032-07-23T14:50,2032-07-24T06:15,2.5
CLEAN-003503,EVS360-035,Saint Petersburg,2032-07-23T14:50,2032-07-23T22:00,2.5
CLEAN-003504,EVS360-018,Moscow,2032-07-23T15:20,2032-07-24T06:30,2.5
CLEAN-003505,EVS360-036,Saint Petersburg,2032-07-23T15:20,2032-07-24T06:00,2.5
CLEAN-003506,EVS360-037,Saint Petersburg,2032-07-23T15:50,2032-07-24T06:15,2.5
CLEAN-003507,EVS360-019,Moscow,2032-07-23T16:10,2032-07-24T07:00,2.5
CLEAN-003508,EVS360-038,Saint Petersburg,2032-07-23T16:10,2032-07-24T06:30,2.5
CLEAN-003509,EVS360-020,Moscow,2032-07-23T16:50,2032-07-24T07:30,2.5
CLEAN-003510,EVS360-039,Saint Petersburg,2032-07-23T16:50,2032-07-24T07:00,2.5
CLEAN-003511,EVS360-001,Moscow,2032-07-25T11:20,2032-07-25T19:30,2.5
CLEAN-003512,EVS360-002,Moscow,2032-07-25T11:50,2032-07-25T20:00,2.5
CLEAN-003513,EVS360-003,Moscow,2032-07-25T12:10,2032-07-25T20:15,2.5
CLEAN-003514,EVS360-021,Saint Petersburg,2032-07-25T12:10,2032-07-25T19:00,2.5
CLEAN-003515,EVS360-004,Moscow,2032-07-25T12:35,2032-07-25T20:30,2.5
CLEAN-003516,EVS360-022,Saint Petersburg,2032-07-25T12:35,2032-07-25T19:30,2.5
CLEAN-003517,EVS360-005,Moscow,2032-07-25T12:50,2032-07-25T21:00,2.5
CLEAN-003518,EVS360-023,Saint Petersburg,2032-07-25T12:50,2032-07-25T20:00,2.5
CLEAN-003519,EVS360-006,Moscow,2032-07-25T13:20,2032-07-25T21:30,2.5
CLEAN-003520,EVS360-024,Saint Petersburg,2032-07-25T13:20,2032-07-25T20:30,2.5
CLEAN-003521,EVS360-007,Moscow,2032-07-25T13:50,2032-07-25T22:00,2.5
CLEAN-003522,EVS360-025,Saint Petersburg,2032-07-25T13:50,2032-07-25T21:00,2.5
CLEAN-003523,EVS360-008,Moscow,2032-07-25T14:10,2032-07-26T06:00,2.5
CLEAN-003524,EVS360-026,Saint Petersburg,2032-07-25T14:10,2032-07-25T21:30,2.5
CLEAN-003525,EVS360-009,Moscow,2032-07-25T14:50,2032-07-26T06:15,2.5
CLEAN-003526,EVS360-027,Saint Petersburg,2032-07-25T14:50,2032-07-25T22:00,2.5
CLEAN-003527,EVS360-010,Moscow,2032-07-25T15:20,2032-07-26T06:30,2.5
CLEAN-003528,EVS360-028,Saint Petersburg,2032-07-25T15:20,2032-07-26T06:00,2.5
CLEAN-003529,EVS360-029,Saint Petersburg,2032-07-25T15:50,2032-07-26T06:15,2.5
CLEAN-003530,EVS360-011,Moscow,2032-07-25T16:10,2032-07-26T07:00,2.5
CLEAN-003531,EVS360-030,Saint Petersburg,2032-07-25T16:10,2032-07-26T06:30,2.5
CLEAN-003532,EVS360-012,Moscow,2032-07-25T16:50,2032-07-26T07:30,2.5
CLEAN-003533,EVS360-031,Saint Petersburg,2032-07-25T16:50,2032-07-26T07:00,2.5
CLEAN-003534,EVS360-013,Moscow,2032-07-25T17:20,2032-07-26T08:00,2.5
CLEAN-003535,EVS360-032,Saint Petersburg,2032-07-25T17:20,2032-07-26T07:15,2.5
CLEAN-003536,EVS360-014,Moscow,2032-07-25T18:10,2032-07-26T08:30,2.5
CLEAN-003537,EVS360-033,Saint Petersburg,2032-07-25T18:10,2032-07-26T07:30,2.5
CLEAN-003538,EVS360-015,Moscow,2032-07-25T18:50,2032-07-26T09:00,2.5
CLEAN-003539,EVS360-034,Saint Petersburg,2032-07-25T18:50,2032-07-26T08:00,2.5
CLEAN-003540,EVS360-016,Moscow,2032-07-25T19:20,2032-07-26T09:30,2.5
CLEAN-003541,EVS360-017,Moscow,2032-07-25T19:50,2032-07-26T10:00,2.5
CLEAN-003542,EVS360-035,Saint Petersburg,2032-07-25T19:50,2032-07-26T08:30,2.5
CLEAN-003543,EVS360-018,Moscow,2032-07-25T20:10,2032-07-26T10:15,2.5
CLEAN-003544,EVS360-036,Saint Petersburg,2032-07-25T20:10,2032-07-26T09:00,2.5
CLEAN-003545,EVS360-019,Moscow,2032-07-25T20:35,2032-07-26T10:30,2.5
CLEAN-003546,EVS360-037,Saint Petersburg,2032-07-25T20:35,2032-07-26T09:30,2.5
CLEAN-003547,EVS360-020,Moscow,2032-07-25T20:50,2032-07-26T11:00,2.5
CLEAN-003548,EVS360-038,Saint Petersburg,2032-07-25T20:50,2032-07-26T10:00,2.5
CLEAN-003549,EVS360-039,Saint Petersburg,2032-07-25T21:20,2032-07-26T10:15,2.5
CLEAN-003550,EVS360-001,Moscow,2032-07-27T14:50,2032-07-28T06:15,2.5
CLEAN-003551,EVS360-002,Moscow,2032-07-27T15:20,2032-07-28T06:30,2.5
CLEAN-003552,EVS360-021,Saint Petersburg,2032-07-27T15:50,2032-07-28T06:15,2.5
CLEAN-003553,EVS360-003,Moscow,2032-07-27T16:10,2032-07-28T07:00,2.5
CLEAN-003554,EVS360-022,Saint Petersburg,2032-07-27T16:10,2032-07-28T06:30,2.5
CLEAN-003555,EVS360-004,Moscow,2032-07-27T16:50,2032-07-28T07:30,2.5
CLEAN-003556,EVS360-023,Saint Petersburg,2032-07-27T16:50,2032-07-28T07:00,2.5
CLEAN-003557,EVS360-005,Moscow,2032-07-27T17:20,2032-07-28T08:00,2.5
CLEAN-003558,EVS360-024,Saint Petersburg,2032-07-27T17:20,2032-07-28T07:15,2.5
CLEAN-003559,EVS360-006,Moscow,2032-07-27T18:10,2032-07-28T08:30,2.5
CLEAN-003560,EVS360-025,Saint Petersburg,2032-07-27T18:10,2032-07-28T07:30,2.5
CLEAN-003561,EVS360-007,Moscow,2032-07-27T18:50,2032-07-28T09:00,2.5
CLEAN-003562,EVS360-026,Saint Petersburg,2032-07-27T18:50,2032-07-28T08:00,2.5
CLEAN-003563,EVS360-008,Moscow,2032-07-27T19:20,2032-07-28T09:30,2.5
CLEAN-003564,EVS360-009,Moscow,2032-07-27T19:50,2032-07-28T10:00,2.5
CLEAN-003565,EVS360-027,Saint Petersburg,2032-07-27T19:50,2032-07-28T08:30,2.5
CLEAN-003566,EVS360-010,Moscow,2032-07-27T20:10,2032-07-28T10:15,2.5
CLEAN-003567,EVS360-028,Saint Petersburg,2032-07-27T20:10,2032-07-28T09:00,2.5
CLEAN-003568,EVS360-011,Moscow,2032-07-27T20:35,2032-07-28T10:30,2.5
CLEAN-003569,EVS360-029,Saint Petersburg,2032-07-27T20:35,2032-07-28T09:30,2.5
CLEAN-003570,EVS360-012,Moscow,2032-07-27T20:50,2032-07-28T11:00,2.5
CLEAN-003571,EVS360-030,Saint Petersburg,2032-07-27T20:50,2032-07-28T10:00,2.5
CLEAN-003572,EVS360-013,Moscow,2032-07-27T21:20,2032-07-28T11:30,2.5
CLEAN-003573,EVS360-031,Saint Petersburg,2032-07-27T21:20,2032-07-28T10:15,2.5
CLEAN-003574,EVS360-014,Moscow,2032-07-27T21:50,2032-07-28T12:00,2.5
CLEAN-003575,EVS360-032,Saint Petersburg,2032-07-27T21:50,2032-07-28T10:30,2.5
CLEAN-003576,EVS360-015,Moscow,2032-07-27T22:10,2032-07-28T12:30,2.5
CLEAN-003577,EVS360-033,Saint Petersburg,2032-07-27T22:10,2032-07-28T11:00,2.5
CLEAN-003578,EVS360-034,Saint Petersburg,2032-07-27T22:35,2032-07-28T11:30,2.5
CLEAN-003579,EVS360-016,Moscow,2032-07-27T22:50,2032-07-28T13:00,2.5
CLEAN-003580,EVS360-035,Saint Petersburg,2032-07-27T22:50,2032-07-28T12:00,2.5
CLEAN-003581,EVS360-017,Moscow,2032-07-27T23:20,2032-07-28T13:30,2.5
CLEAN-003582,EVS360-036,Saint Petersburg,2032-07-27T23:20,2032-07-28T12:30,2.5
CLEAN-003583,EVS360-018,Moscow,2032-07-27T23:50,2032-07-28T14:00,2.5
CLEAN-003584,EVS360-037,Saint Petersburg,2032-07-27T23:50,2032-07-28T13:00,2.5
CLEAN-003585,EVS360-019,Moscow,2032-07-28T00:10,2032-07-28T14:30,2.5
CLEAN-003586,EVS360-038,Saint Petersburg,2032-07-28T00:10,2032-07-28T14:00,2.5
CLEAN-003587,EVS360-020,Moscow,2032-07-28T08:10,2032-07-28T15:00,2.5
CLEAN-003588,EVS360-039,Saint Petersburg,2032-07-28T08:10,2032-07-28T14:30,2.5
CLEAN-003589,EVS360-001,Moscow,2032-07-29T19:50,2032-07-30T10:00,2.5
CLEAN-003590,EVS360-002,Moscow,2032-07-29T20:10,2032-07-30T10:15,2.5
CLEAN-003591,EVS360-003,Moscow,2032-07-29T20:35,2032-07-30T10:30,2.5
CLEAN-003592,EVS360-021,Saint Petersburg,2032-07-29T20:35,2032-07-30T09:30,2.5
CLEAN-003593,EVS360-004,Moscow,2032-07-29T20:50,2032-07-30T11:00,2.5
CLEAN-003594,EVS360-022,Saint Petersburg,2032-07-29T20:50,2032-07-30T10:00,2.5
CLEAN-003595,EVS360-005,Moscow,2032-07-29T21:20,2032-07-30T11:30,2.5
CLEAN-003596,EVS360-023,Saint Petersburg,2032-07-29T21:20,2032-07-30T10:15,2.5
CLEAN-003597,EVS360-006,Moscow,2032-07-29T21:50,2032-07-30T12:00,2.5
CLEAN-003598,EVS360-024,Saint Petersburg,2032-07-29T21:50,2032-07-30T10:30,2.5
CLEAN-003599,EVS360-007,Moscow,2032-07-29T22:10,2032-07-30T12:30,2.5
CLEAN-003600,EVS360-025,Saint Petersburg,2032-07-29T22:10,2032-07-30T11:00,2.5
CLEAN-003601,EVS360-026,Saint Petersburg,2032-07-29T22:35,2032-07-30T11:30,2.5
CLEAN-003602,EVS360-008,Moscow,2032-07-29T22:50,2032-07-30T13:00,2.5
CLEAN-003603,EVS360-027,Saint Petersburg,2032-07-29T22:50,2032-07-30T12:00,2.5
CLEAN-003604,EVS360-009,Moscow,2032-07-29T23:20,2032-07-30T13:30,2.5
CLEAN-003605,EVS360-028,Saint Petersburg,2032-07-29T23:20,2032-07-30T12:30,2.5
CLEAN-003606,EVS360-010,Moscow,2032-07-29T23:50,2032-07-30T14:00,2.5
CLEAN-003607,EVS360-029,Saint Petersburg,2032-07-29T23:50,2032-07-30T13:00,2.5
CLEAN-003608,EVS360-011,Moscow,2032-07-30T00:10,2032-07-30T14:30,2.5
CLEAN-003609,EVS360-030,Saint Petersburg,2032-07-30T00:10,2032-07-30T14:00,2.5
CLEAN-003610,EVS360-012,Moscow,2032-07-30T08:10,2032-07-30T15:00,2.5
CLEAN-003611,EVS360-031,Saint Petersburg,2032-07-30T08:10,2032-07-30T14:30,2.5
CLEAN-003612,EVS360-013,Moscow,2032-07-30T08:35,2032-07-30T16:00,2.5
CLEAN-003613,EVS360-032,Saint Petersburg,2032-07-30T08:35,2032-07-30T15:00,2.5
CLEAN-003614,EVS360-014,Moscow,2032-07-30T08:50,2032-07-30T16:30,2.5
CLEAN-003615,EVS360-033,Saint Petersburg,2032-07-30T08:50,2032-07-30T16:00,2.5
CLEAN-003616,EVS360-015,Moscow,2032-07-30T09:20,2032-07-30T17:30,2.5
CLEAN-003617,EVS360-034,Saint Petersburg,2032-07-30T09:20,2032-07-30T16:30,2.5
CLEAN-003618,EVS360-016,Moscow,2032-07-30T09:35,2032-07-30T18:00,2.5
CLEAN-003619,EVS360-017,Moscow,2032-07-30T09:50,2032-07-30T18:15,2.5
CLEAN-003620,EVS360-035,Saint Petersburg,2032-07-30T09:50,2032-07-30T17:00,2.5
CLEAN-003621,EVS360-018,Moscow,2032-07-30T10:10,2032-07-30T18:30,2.5
CLEAN-003622,EVS360-036,Saint Petersburg,2032-07-30T10:10,2032-07-30T17:30,2.5
CLEAN-003623,EVS360-019,Moscow,2032-07-30T10:50,2032-07-30T19:00,2.5
CLEAN-003624,EVS360-037,Saint Petersburg,2032-07-30T10:50,2032-07-30T18:00,2.5
CLEAN-003625,EVS360-020,Moscow,2032-07-30T11:20,2032-07-30T19:30,2.5
CLEAN-003626,EVS360-038,Saint Petersburg,2032-07-30T11:20,2032-07-30T18:15,2.5
CLEAN-003627,EVS360-039,Saint Petersburg,2032-07-30T11:50,2032-07-30T18:30,2.5
CLEAN-003628,EVS360-001,Moscow,2032-07-31T23:20,2032-08-01T13:30,2.5
CLEAN-003629,EVS360-002,Moscow,2032-07-31T23:50,2032-08-01T14:00,2.5
CLEAN-003630,EVS360-021,Saint Petersburg,2032-07-31T23:50,2032-08-01T13:00,2.5
CLEAN-003631,EVS360-003,Moscow,2032-08-01T00:10,2032-08-01T14:30,2.5
CLEAN-003632,EVS360-022,Saint Petersburg,2032-08-01T00:10,2032-08-01T14:00,2.5
CLEAN-003633,EVS360-004,Moscow,2032-08-01T08:10,2032-08-01T15:00,2.5
CLEAN-003634,EVS360-023,Saint Petersburg,2032-08-01T08:10,2032-08-01T14:30,2.5
CLEAN-003635,EVS360-005,Moscow,2032-08-01T08:35,2032-08-01T16:00,2.5
CLEAN-003636,EVS360-024,Saint Petersburg,2032-08-01T08:35,2032-08-01T15:00,2.5
CLEAN-003637,EVS360-006,Moscow,2032-08-01T08:50,2032-08-01T16:30,2.5
CLEAN-003638,EVS360-025,Saint Petersburg,2032-08-01T08:50,2032-08-01T16:00,2.5
CLEAN-003639,EVS360-007,Moscow,2032-08-01T09:20,2032-08-01T17:30,2.5
CLEAN-003640,EVS360-026,Saint Petersburg,2032-08-01T09:20,2032-08-01T16:30,2.5
CLEAN-003641,EVS360-008,Moscow,2032-08-01T09:35,2032-08-01T18:00,2.5
CLEAN-003642,EVS360-009,Moscow,2032-08-01T09:50,2032-08-01T18:15,2.5
CLEAN-003643,EVS360-027,Saint Petersburg,2032-08-01T09:50,2032-08-01T17:00,2.5
CLEAN-003644,EVS360-010,Moscow,2032-08-01T10:10,2032-08-01T18:30,2.5
CLEAN-003645,EVS360-028,Saint Petersburg,2032-08-01T10:10,2032-08-01T17:30,2.5
CLEAN-003646,EVS360-011,Moscow,2032-08-01T10:50,2032-08-01T19:00,2.5
CLEAN-003647,EVS360-029,Saint Petersburg,2032-08-01T10:50,2032-08-01T18:00,2.5
CLEAN-003648,EVS360-012,Moscow,2032-08-01T11:20,2032-08-01T19:30,2.5
CLEAN-003649,EVS360-030,Saint Petersburg,2032-08-01T11:20,2032-08-01T18:15,2.5
CLEAN-003650,EVS360-013,Moscow,2032-08-01T11:50,2032-08-01T20:00,2.5
CLEAN-003651,EVS360-031,Saint Petersburg,2032-08-01T11:50,2032-08-01T18:30,2.5
CLEAN-003652,EVS360-014,Moscow,2032-08-01T12:10,2032-08-01T20:15,2.5
CLEAN-003653,EVS360-032,Saint Petersburg,2032-08-01T12:10,2032-08-01T19:00,2.5
CLEAN-003654,EVS360-015,Moscow,2032-08-01T12:35,2032-08-01T20:30,2.5
CLEAN-003655,EVS360-033,Saint Petersburg,2032-08-01T12:35,2032-08-01T19:30,2.5
CLEAN-003656,EVS360-016,Moscow,2032-08-01T12:50,2032-08-01T21:00,2.5
CLEAN-003657,EVS360-034,Saint Petersburg,2032-08-01T12:50,2032-08-01T20:00,2.5
CLEAN-003658,EVS360-017,Moscow,2032-08-01T13:20,2032-08-01T21:30,2.5
CLEAN-003659,EVS360-035,Saint Petersburg,2032-08-01T13:20,2032-08-01T20:30,2.5
CLEAN-003660,EVS360-018,Moscow,2032-08-01T13:50,2032-08-01T22:00,2.5
CLEAN-003661,EVS360-036,Saint Petersburg,2032-08-01T13:50,2032-08-01T21:00,2.5
CLEAN-003662,EVS360-019,Moscow,2032-08-01T14:10,2032-08-02T06:00,2.5
CLEAN-003663,EVS360-037,Saint Petersburg,2032-08-01T14:10,2032-08-01T21:30,2.5
CLEAN-003664,EVS360-020,Moscow,2032-08-01T14:50,2032-08-02T06:15,2.5
CLEAN-003665,EVS360-038,Saint Petersburg,2032-08-01T14:50,2032-08-01T22:00,2.5
CLEAN-003666,EVS360-039,Saint Petersburg,2032-08-01T15:20,2032-08-02T06:00,2.5
CLEAN-003667,EVS360-001,Moscow,2032-08-03T09:50,2032-08-03T18:15,2.5
CLEAN-003668,EVS360-002,Moscow,2032-08-03T10:10,2032-08-03T18:30,2.5
CLEAN-003669,EVS360-003,Moscow,2032-08-03T10:50,2032-08-03T19:00,2.5
CLEAN-003670,EVS360-021,Saint Petersburg,2032-08-03T10:50,2032-08-03T18:00,2.5
CLEAN-003671,EVS360-004,Moscow,2032-08-03T11:20,2032-08-03T19:30,2.5
CLEAN-003672,EVS360-022,Saint Petersburg,2032-08-03T11:20,2032-08-03T18:15,2.5
CLEAN-003673,EVS360-005,Moscow,2032-08-03T11:50,2032-08-03T20:00,2.5
CLEAN-003674,EVS360-023,Saint Petersburg,2032-08-03T11:50,2032-08-03T18:30,2.5
CLEAN-003675,EVS360-006,Moscow,2032-08-03T12:10,2032-08-03T20:15,2.5
CLEAN-003676,EVS360-024,Saint Petersburg,2032-08-03T12:10,2032-08-03T19:00,2.5
CLEAN-003677,EVS360-007,Moscow,2032-08-03T12:35,2032-08-03T20:30,2.5
CLEAN-003678,EVS360-025,Saint Petersburg,2032-08-03T12:35,2032-08-03T19:30,2.5
CLEAN-003679,EVS360-008,Moscow,2032-08-03T12:50,2032-08-03T21:00,2.5
CLEAN-003680,EVS360-026,Saint Petersburg,2032-08-03T12:50,2032-08-03T20:00,2.5
CLEAN-003681,EVS360-009,Moscow,2032-08-03T13:20,2032-08-03T21:30,2.5
CLEAN-003682,EVS360-027,Saint Petersburg,2032-08-03T13:20,2032-08-03T20:30,2.5
CLEAN-003683,EVS360-010,Moscow,2032-08-03T13:50,2032-08-03T22:00,2.5
CLEAN-003684,EVS360-028,Saint Petersburg,2032-08-03T13:50,2032-08-03T21:00,2.5
CLEAN-003685,EVS360-011,Moscow,2032-08-03T14:10,2032-08-04T06:00,2.5
CLEAN-003686,EVS360-029,Saint Petersburg,2032-08-03T14:10,2032-08-03T21:30,2.5
CLEAN-003687,EVS360-012,Moscow,2032-08-03T14:50,2032-08-04T06:15,2.5
CLEAN-003688,EVS360-030,Saint Petersburg,2032-08-03T14:50,2032-08-03T22:00,2.5
CLEAN-003689,EVS360-013,Moscow,2032-08-03T15:20,2032-08-04T06:30,2.5
CLEAN-003690,EVS360-031,Saint Petersburg,2032-08-03T15:20,2032-08-04T06:00,2.5
CLEAN-003691,EVS360-032,Saint Petersburg,2032-08-03T15:50,2032-08-04T06:15,2.5
CLEAN-003692,EVS360-014,Moscow,2032-08-03T16:10,2032-08-04T07:00,2.5
CLEAN-003693,EVS360-033,Saint Petersburg,2032-08-03T16:10,2032-08-04T06:30,2.5
CLEAN-003694,EVS360-015,Moscow,2032-08-03T16:50,2032-08-04T07:30,2.5
CLEAN-003695,EVS360-034,Saint Petersburg,2032-08-03T16:50,2032-08-04T07:00,2.5
CLEAN-003696,EVS360-016,Moscow,2032-08-03T17:20,2032-08-04T08:00,2.5
CLEAN-003697,EVS360-035,Saint Petersburg,2032-08-03T17:20,2032-08-04T07:15,2.5
CLEAN-003698,EVS360-017,Moscow,2032-08-03T18:10,2032-08-04T08:30,2.5
CLEAN-003699,EVS360-036,Saint Petersburg,2032-08-03T18:10,2032-08-04T07:30,2.5
CLEAN-003700,EVS360-018,Moscow,2032-08-03T18:50,2032-08-04T09:00,2.5
CLEAN-003701,EVS360-037,Saint Petersburg,2032-08-03T18:50,2032-08-04T08:00,2.5
CLEAN-003702,EVS360-019,Moscow,2032-08-03T19:20,2032-08-04T09:30,2.5
CLEAN-003703,EVS360-020,Moscow,2032-08-03T19:50,2032-08-04T10:00,2.5
CLEAN-003704,EVS360-038,Saint Petersburg,2032-08-03T19:50,2032-08-04T08:30,2.5
CLEAN-003705,EVS360-039,Saint Petersburg,2032-08-03T20:10,2032-08-04T09:00,2.5
CLEAN-003706,EVS360-001,Moscow,2032-08-05T13:20,2032-08-05T21:30,2.5
CLEAN-003707,EVS360-002,Moscow,2032-08-05T13:50,2032-08-05T22:00,2.5
CLEAN-003708,EVS360-003,Moscow,2032-08-05T14:10,2032-08-06T06:00,2.5
CLEAN-003709,EVS360-021,Saint Petersburg,2032-08-05T14:10,2032-08-05T21:30,2.5
CLEAN-003710,EVS360-004,Moscow,2032-08-05T14:50,2032-08-06T06:15,2.5
CLEAN-003711,EVS360-022,Saint Petersburg,2032-08-05T14:50,2032-08-05T22:00,2.5
CLEAN-003712,EVS360-005,Moscow,2032-08-05T15:20,2032-08-06T06:30,2.5
CLEAN-003713,EVS360-023,Saint Petersburg,2032-08-05T15:20,2032-08-06T06:00,2.5
CLEAN-003714,EVS360-024,Saint Petersburg,2032-08-05T15:50,2032-08-06T06:15,2.5
CLEAN-003715,EVS360-006,Moscow,2032-08-05T16:10,2032-08-06T07:00,2.5
CLEAN-003716,EVS360-025,Saint Petersburg,2032-08-05T16:10,2032-08-06T06:30,2.5
CLEAN-003717,EVS360-007,Moscow,2032-08-05T16:50,2032-08-06T07:30,2.5
CLEAN-003718,EVS360-026,Saint Petersburg,2032-08-05T16:50,2032-08-06T07:00,2.5
CLEAN-003719,EVS360-008,Moscow,2032-08-05T17:20,2032-08-06T08:00,2.5
CLEAN-003720,EVS360-027,Saint Petersburg,2032-08-05T17:20,2032-08-06T07:15,2.5
CLEAN-003721,EVS360-009,Moscow,2032-08-05T18:10,2032-08-06T08:30,2.5
CLEAN-003722,EVS360-028,Saint Petersburg,2032-08-05T18:10,2032-08-06T07:30,2.5
CLEAN-003723,EVS360-010,Moscow,2032-08-05T18:50,2032-08-06T09:00,2.5
CLEAN-003724,EVS360-029,Saint Petersburg,2032-08-05T18:50,2032-08-06T08:00,2.5
CLEAN-003725,EVS360-011,Moscow,2032-08-05T19:20,2032-08-06T09:30,2.5
CLEAN-003726,EVS360-012,Moscow,2032-08-05T19:50,2032-08-06T10:00,2.5
CLEAN-003727,EVS360-030,Saint Petersburg,2032-08-05T19:50,2032-08-06T08:30,2.5
CLEAN-003728,EVS360-013,Moscow,2032-08-05T20:10,2032-08-06T10:15,2.5
CLEAN-003729,EVS360-031,Saint Petersburg,2032-08-05T20:10,2032-08-06T09:00,2.5
CLEAN-003730,EVS360-014,Moscow,2032-08-05T20:35,2032-08-06T10:30,2.5
CLEAN-003731,EVS360-032,Saint Petersburg,2032-08-05T20:35,2032-08-06T09:30,2.5
CLEAN-003732,EVS360-015,Moscow,2032-08-05T20:50,2032-08-06T11:00,2.5
CLEAN-003733,EVS360-033,Saint Petersburg,2032-08-05T20:50,2032-08-06T10:00,2.5
CLEAN-003734,EVS360-016,Moscow,2032-08-05T21:20,2032-08-06T11:30,2.5
CLEAN-003735,EVS360-034,Saint Petersburg,2032-08-05T21:20,2032-08-06T10:15,2.5
CLEAN-003736,EVS360-017,Moscow,2032-08-05T21:50,2032-08-06T12:00,2.5
CLEAN-003737,EVS360-035,Saint Petersburg,2032-08-05T21:50,2032-08-06T10:30,2.5
CLEAN-003738,EVS360-018,Moscow,2032-08-05T22:10,2032-08-06T12:30,2.5
CLEAN-003739,EVS360-036,Saint Petersburg,2032-08-05T22:10,2032-08-06T11:00,2.5
CLEAN-003740,EVS360-037,Saint Petersburg,2032-08-05T22:35,2032-08-06T11:30,2.5
CLEAN-003741,EVS360-019,Moscow,2032-08-05T22:50,2032-08-06T13:00,2.5
CLEAN-003742,EVS360-038,Saint Petersburg,2032-08-05T22:50,2032-08-06T12:00,2.5
CLEAN-003743,EVS360-020,Moscow,2032-08-05T23:20,2032-08-06T13:30,2.5
CLEAN-003744,EVS360-039,Saint Petersburg,2032-08-05T23:20,2032-08-06T12:30,2.5
CLEAN-003745,EVS360-001,Moscow,2032-08-07T18:10,2032-08-08T08:30,2.5
CLEAN-003746,EVS360-002,Moscow,2032-08-07T18:50,2032-08-08T09:00,2.5
CLEAN-003747,EVS360-021,Saint Petersburg,2032-08-07T18:50,2032-08-08T08:00,2.5
CLEAN-003748,EVS360-003,Moscow,2032-08-07T19:20,2032-08-08T09:30,2.5
CLEAN-003749,EVS360-004,Moscow,2032-08-07T19:50,2032-08-08T10:00,2.5
CLEAN-003750,EVS360-022,Saint Petersburg,2032-08-07T19:50,2032-08-08T08:30,2.5
CLEAN-003751,EVS360-005,Moscow,2032-08-07T20:10,2032-08-08T10:15,2.5
CLEAN-003752,EVS360-023,Saint Petersburg,2032-08-07T20:10,2032-08-08T09:00,2.5
CLEAN-003753,EVS360-006,Moscow,2032-08-07T20:35,2032-08-08T10:30,2.5
CLEAN-003754,EVS360-024,Saint Petersburg,2032-08-07T20:35,2032-08-08T09:30,2.5
CLEAN-003755,EVS360-007,Moscow,2032-08-07T20:50,2032-08-08T11:00,2.5
CLEAN-003756,EVS360-025,Saint Petersburg,2032-08-07T20:50,2032-08-08T10:00,2.5
CLEAN-003757,EVS360-008,Moscow,2032-08-07T21:20,2032-08-08T11:30,2.5
CLEAN-003758,EVS360-026,Saint Petersburg,2032-08-07T21:20,2032-08-08T10:15,2.5
CLEAN-003759,EVS360-009,Moscow,2032-08-07T21:50,2032-08-08T12:00,2.5
CLEAN-003760,EVS360-027,Saint Petersburg,2032-08-07T21:50,2032-08-08T10:30,2.5
CLEAN-003761,EVS360-010,Moscow,2032-08-07T22:10,2032-08-08T12:30,2.5
CLEAN-003762,EVS360-028,Saint Petersburg,2032-08-07T22:10,2032-08-08T11:00,2.5
CLEAN-003763,EVS360-029,Saint Petersburg,2032-08-07T22:35,2032-08-08T11:30,2.5
CLEAN-003764,EVS360-011,Moscow,2032-08-07T22:50,2032-08-08T13:00,2.5
CLEAN-003765,EVS360-030,Saint Petersburg,2032-08-07T22:50,2032-08-08T12:00,2.5
CLEAN-003766,EVS360-012,Moscow,2032-08-07T23:20,2032-08-08T13:30,2.5
CLEAN-003767,EVS360-031,Saint Petersburg,2032-08-07T23:20,2032-08-08T12:30,2.5
CLEAN-003768,EVS360-013,Moscow,2032-08-07T23:50,2032-08-08T14:00,2.5
CLEAN-003769,EVS360-032,Saint Petersburg,2032-08-07T23:50,2032-08-08T13:00,2.5
CLEAN-003770,EVS360-014,Moscow,2032-08-08T00:10,2032-08-08T14:30,2.5
CLEAN-003771,EVS360-033,Saint Petersburg,2032-08-08T00:10,2032-08-08T14:00,2.5
CLEAN-003772,EVS360-015,Moscow,2032-08-08T08:10,2032-08-08T15:00,2.5
CLEAN-003773,EVS360-034,Saint Petersburg,2032-08-08T08:10,2032-08-08T14:30,2.5
CLEAN-003774,EVS360-016,Moscow,2032-08-08T08:35,2032-08-08T16:00,2.5
CLEAN-003775,EVS360-035,Saint Petersburg,2032-08-08T08:35,2032-08-08T15:00,2.5
CLEAN-003776,EVS360-017,Moscow,2032-08-08T08:50,2032-08-08T16:30,2.5
CLEAN-003777,EVS360-036,Saint Petersburg,2032-08-08T08:50,2032-08-08T16:00,2.5
CLEAN-003778,EVS360-018,Moscow,2032-08-08T09:20,2032-08-08T17:30,2.5
CLEAN-003779,EVS360-037,Saint Petersburg,2032-08-08T09:20,2032-08-08T16:30,2.5
CLEAN-003780,EVS360-019,Moscow,2032-08-08T09:35,2032-08-08T18:00,2.5
CLEAN-003781,EVS360-020,Moscow,2032-08-08T09:50,2032-08-08T18:15,2.5
CLEAN-003782,EVS360-038,Saint Petersburg,2032-08-08T09:50,2032-08-08T17:00,2.5
CLEAN-003783,EVS360-039,Saint Petersburg,2032-08-08T10:10,2032-08-08T17:30,2.5
CLEAN-003784,EVS360-001,Moscow,2032-08-09T21:50,2032-08-10T12:00,2.5
CLEAN-003785,EVS360-002,Moscow,2032-08-09T22:10,2032-08-10T12:30,2.5
CLEAN-003786,EVS360-021,Saint Petersburg,2032-08-09T22:35,2032-08-10T11:30,2.5
CLEAN-003787,EVS360-003,Moscow,2032-08-09T22:50,2032-08-10T13:00,2.5
CLEAN-003788,EVS360-022,Saint Petersburg,2032-08-09T22:50,2032-08-10T12:00,2.5
CLEAN-003789,EVS360-004,Moscow,2032-08-09T23:20,2032-08-10T13:30,2.5
CLEAN-003790,EVS360-023,Saint Petersburg,2032-08-09T23:20,2032-08-10T12:30,2.5
CLEAN-003791,EVS360-005,Moscow,2032-08-09T23:50,2032-08-10T14:00,2.5
CLEAN-003792,EVS360-024,Saint Petersburg,2032-08-09T23:50,2032-08-10T13:00,2.5
CLEAN-003793,EVS360-006,Moscow,2032-08-10T00:10,2032-08-10T14:30,2.5
CLEAN-003794,EVS360-025,Saint Petersburg,2032-08-10T00:10,2032-08-10T14:00,2.5
CLEAN-003795,EVS360-007,Moscow,2032-08-10T08:10,2032-08-10T15:00,2.5
CLEAN-003796,EVS360-026,Saint Petersburg,2032-08-10T08:10,2032-08-10T14:30,2.5
CLEAN-003797,EVS360-008,Moscow,2032-08-10T08:35,2032-08-10T16:00,2.5
CLEAN-003798,EVS360-027,Saint Petersburg,2032-08-10T08:35,2032-08-10T15:00,2.5
CLEAN-003799,EVS360-009,Moscow,2032-08-10T08:50,2032-08-10T16:30,2.5
CLEAN-003800,EVS360-028,Saint Petersburg,2032-08-10T08:50,2032-08-10T16:00,2.5
CLEAN-003801,EVS360-010,Moscow,2032-08-10T09:20,2032-08-10T17:30,2.5
CLEAN-003802,EVS360-029,Saint Petersburg,2032-08-10T09:20,2032-08-10T16:30,2.5
CLEAN-003803,EVS360-011,Moscow,2032-08-10T09:35,2032-08-10T18:00,2.5
CLEAN-003804,EVS360-012,Moscow,2032-08-10T09:50,2032-08-10T18:15,2.5
CLEAN-003805,EVS360-030,Saint Petersburg,2032-08-10T09:50,2032-08-10T17:00,2.5
CLEAN-003806,EVS360-013,Moscow,2032-08-10T10:10,2032-08-10T18:30,2.5
CLEAN-003807,EVS360-031,Saint Petersburg,2032-08-10T10:10,2032-08-10T17:30,2.5
CLEAN-003808,EVS360-014,Moscow,2032-08-10T10:50,2032-08-10T19:00,2.5
CLEAN-003809,EVS360-032,Saint Petersburg,2032-08-10T10:50,2032-08-10T18:00,2.5
CLEAN-003810,EVS360-015,Moscow,2032-08-10T11:20,2032-08-10T19:30,2.5
CLEAN-003811,EVS360-033,Saint Petersburg,2032-08-10T11:20,2032-08-10T18:15,2.5
CLEAN-003812,EVS360-016,Moscow,2032-08-10T11:50,2032-08-10T20:00,2.5
CLEAN-003813,EVS360-034,Saint Petersburg,2032-08-10T11:50,2032-08-10T18:30,2.5
CLEAN-003814,EVS360-017,Moscow,2032-08-10T12:10,2032-08-10T20:15,2.5
CLEAN-003815,EVS360-035,Saint Petersburg,2032-08-10T12:10,2032-08-10T19:00,2.5
CLEAN-003816,EVS360-018,Moscow,2032-08-10T12:35,2032-08-10T20:30,2.5
CLEAN-003817,EVS360-036,Saint Petersburg,2032-08-10T12:35,2032-08-10T19:30,2.5
CLEAN-003818,EVS360-019,Moscow,2032-08-10T12:50,2032-08-10T21:00,2.5
CLEAN-003819,EVS360-037,Saint Petersburg,2032-08-10T12:50,2032-08-10T20:00,2.5
CLEAN-003820,EVS360-020,Moscow,2032-08-10T13:20,2032-08-10T21:30,2.5
CLEAN-003821,EVS360-038,Saint Petersburg,2032-08-10T13:20,2032-08-10T20:30,2.5
CLEAN-003822,EVS360-039,Saint Petersburg,2032-08-10T13:50,2032-08-10T21:00,2.5
CLEAN-003823,EVS360-001,Moscow,2032-08-12T08:50,2032-08-12T16:30,2.5
CLEAN-003824,EVS360-002,Moscow,2032-08-12T09:20,2032-08-12T17:30,2.5
CLEAN-003825,EVS360-021,Saint Petersburg,2032-08-12T09:20,2032-08-12T16:30,2.5
CLEAN-003826,EVS360-003,Moscow,2032-08-12T09:35,2032-08-12T18:00,2.5
CLEAN-003827,EVS360-004,Moscow,2032-08-12T09:50,2032-08-12T18:15,2.5
CLEAN-003828,EVS360-022,Saint Petersburg,2032-08-12T09:50,2032-08-12T17:00,2.5
CLEAN-003829,EVS360-005,Moscow,2032-08-12T10:10,2032-08-12T18:30,2.5
CLEAN-003830,EVS360-023,Saint Petersburg,2032-08-12T10:10,2032-08-12T17:30,2.5
CLEAN-003831,EVS360-006,Moscow,2032-08-12T10:50,2032-08-12T19:00,2.5
CLEAN-003832,EVS360-024,Saint Petersburg,2032-08-12T10:50,2032-08-12T18:00,2.5
CLEAN-003833,EVS360-007,Moscow,2032-08-12T11:20,2032-08-12T19:30,2.5
CLEAN-003834,EVS360-025,Saint Petersburg,2032-08-12T11:20,2032-08-12T18:15,2.5
CLEAN-003835,EVS360-008,Moscow,2032-08-12T11:50,2032-08-12T20:00,2.5
CLEAN-003836,EVS360-026,Saint Petersburg,2032-08-12T11:50,2032-08-12T18:30,2.5
CLEAN-003837,EVS360-009,Moscow,2032-08-12T12:10,2032-08-12T20:15,2.5
CLEAN-003838,EVS360-027,Saint Petersburg,2032-08-12T12:10,2032-08-12T19:00,2.5
CLEAN-003839,EVS360-010,Moscow,2032-08-12T12:35,2032-08-12T20:30,2.5
CLEAN-003840,EVS360-028,Saint Petersburg,2032-08-12T12:35,2032-08-12T19:30,2.5
CLEAN-003841,EVS360-011,Moscow,2032-08-12T12:50,2032-08-12T21:00,2.5
CLEAN-003842,EVS360-029,Saint Petersburg,2032-08-12T12:50,2032-08-12T20:00,2.5
CLEAN-003843,EVS360-012,Moscow,2032-08-12T13:20,2032-08-12T21:30,2.5
CLEAN-003844,EVS360-030,Saint Petersburg,2032-08-12T13:20,2032-08-12T20:30,2.5
CLEAN-003845,EVS360-013,Moscow,2032-08-12T13:50,2032-08-12T22:00,2.5
CLEAN-003846,EVS360-031,Saint Petersburg,2032-08-12T13:50,2032-08-12T21:00,2.5
CLEAN-003847,EVS360-014,Moscow,2032-08-12T14:10,2032-08-13T06:00,2.5
CLEAN-003848,EVS360-032,Saint Petersburg,2032-08-12T14:10,2032-08-12T21:30,2.5
CLEAN-003849,EVS360-015,Moscow,2032-08-12T14:50,2032-08-13T06:15,2.5
CLEAN-003850,EVS360-033,Saint Petersburg,2032-08-12T14:50,2032-08-12T22:00,2.5
CLEAN-003851,EVS360-016,Moscow,2032-08-12T15:20,2032-08-13T06:30,2.5
CLEAN-003852,EVS360-034,Saint Petersburg,2032-08-12T15:20,2032-08-13T06:00,2.5
CLEAN-003853,EVS360-035,Saint Petersburg,2032-08-12T15:50,2032-08-13T06:15,2.5
CLEAN-003854,EVS360-017,Moscow,2032-08-12T16:10,2032-08-13T07:00,2.5
CLEAN-003855,EVS360-036,Saint Petersburg,2032-08-12T16:10,2032-08-13T06:30,2.5
CLEAN-003856,EVS360-018,Moscow,2032-08-12T16:50,2032-08-13T07:30,2.5
CLEAN-003857,EVS360-037,Saint Petersburg,2032-08-12T16:50,2032-08-13T07:00,2.5
CLEAN-003858,EVS360-019,Moscow,2032-08-12T17:20,2032-08-13T08:00,2.5
CLEAN-003859,EVS360-038,Saint Petersburg,2032-08-12T17:20,2032-08-13T07:15,2.5
CLEAN-003860,EVS360-020,Moscow,2032-08-12T18:10,2032-08-13T08:30,2.5
CLEAN-003861,EVS360-039,Saint Petersburg,2032-08-12T18:10,2032-08-13T07:30,2.5
CLEAN-003862,EVS360-001,Moscow,2032-08-14T12:10,2032-08-14T20:15,2.5
CLEAN-003863,EVS360-002,Moscow,2032-08-14T12:35,2032-08-14T20:30,2.5
CLEAN-003864,EVS360-003,Moscow,2032-08-14T12:50,2032-08-14T21:00,2.5
CLEAN-003865,EVS360-021,Saint Petersburg,2032-08-14T12:50,2032-08-14T20:00,2.5
CLEAN-003866,EVS360-004,Moscow,2032-08-14T13:20,2032-08-14T21:30,2.5
CLEAN-003867,EVS360-022,Saint Petersburg,2032-08-14T13:20,2032-08-14T20:30,2.5
CLEAN-003868,EVS360-005,Moscow,2032-08-14T13:50,2032-08-14T22:00,2.5
CLEAN-003869,EVS360-023,Saint Petersburg,2032-08-14T13:50,2032-08-14T21:00,2.5
CLEAN-003870,EVS360-006,Moscow,2032-08-14T14:10,2032-08-15T06:00,2.5
CLEAN-003871,EVS360-024,Saint Petersburg,2032-08-14T14:10,2032-08-14T21:30,2.5
CLEAN-003872,EVS360-007,Moscow,2032-08-14T14:50,2032-08-15T06:15,2.5
CLEAN-003873,EVS360-025,Saint Petersburg,2032-08-14T14:50,2032-08-14T22:00,2.5
CLEAN-003874,EVS360-008,Moscow,2032-08-14T15:20,2032-08-15T06:30,2.5
CLEAN-003875,EVS360-026,Saint Petersburg,2032-08-14T15:20,2032-08-15T06:00,2.5
CLEAN-003876,EVS360-027,Saint Petersburg,2032-08-14T15:50,2032-08-15T06:15,2.5
CLEAN-003877,EVS360-009,Moscow,2032-08-14T16:10,2032-08-15T07:00,2.5
CLEAN-003878,EVS360-028,Saint Petersburg,2032-08-14T16:10,2032-08-15T06:30,2.5
CLEAN-003879,EVS360-010,Moscow,2032-08-14T16:50,2032-08-15T07:30,2.5
CLEAN-003880,EVS360-029,Saint Petersburg,2032-08-14T16:50,2032-08-15T07:00,2.5
CLEAN-003881,EVS360-011,Moscow,2032-08-14T17:20,2032-08-15T08:00,2.5
CLEAN-003882,EVS360-030,Saint Petersburg,2032-08-14T17:20,2032-08-15T07:15,2.5
CLEAN-003883,EVS360-012,Moscow,2032-08-14T18:10,2032-08-15T08:30,2.5
CLEAN-003884,EVS360-031,Saint Petersburg,2032-08-14T18:10,2032-08-15T07:30,2.5
CLEAN-003885,EVS360-013,Moscow,2032-08-14T18:50,2032-08-15T09:00,2.5
CLEAN-003886,EVS360-032,Saint Petersburg,2032-08-14T18:50,2032-08-15T08:00,2.5
CLEAN-003887,EVS360-014,Moscow,2032-08-14T19:20,2032-08-15T09:30,2.5
CLEAN-003888,EVS360-015,Moscow,2032-08-14T19:50,2032-08-15T10:00,2.5
CLEAN-003889,EVS360-033,Saint Petersburg,2032-08-14T19:50,2032-08-15T08:30,2.5
CLEAN-003890,EVS360-016,Moscow,2032-08-14T20:10,2032-08-15T10:15,2.5
CLEAN-003891,EVS360-034,Saint Petersburg,2032-08-14T20:10,2032-08-15T09:00,2.5
CLEAN-003892,EVS360-017,Moscow,2032-08-14T20:35,2032-08-15T10:30,2.5
CLEAN-003893,EVS360-035,Saint Petersburg,2032-08-14T20:35,2032-08-15T09:30,2.5
CLEAN-003894,EVS360-018,Moscow,2032-08-14T20:50,2032-08-15T11:00,2.5
CLEAN-003895,EVS360-036,Saint Petersburg,2032-08-14T20:50,2032-08-15T10:00,2.5
CLEAN-003896,EVS360-019,Moscow,2032-08-14T21:20,2032-08-15T11:30,2.5
CLEAN-003897,EVS360-037,Saint Petersburg,2032-08-14T21:20,2032-08-15T10:15,2.5
CLEAN-003898,EVS360-020,Moscow,2032-08-14T21:50,2032-08-15T12:00,2.5
CLEAN-003899,EVS360-038,Saint Petersburg,2032-08-14T21:50,2032-08-15T10:30,2.5
CLEAN-003900,EVS360-039,Saint Petersburg,2032-08-14T22:10,2032-08-15T11:00,2.5
CLEAN-003901,EVS360-001,Moscow,2032-08-16T16:10,2032-08-17T07:00,2.5
CLEAN-003902,EVS360-002,Moscow,2032-08-16T16:50,2032-08-17T07:30,2.5
CLEAN-003903,EVS360-021,Saint Petersburg,2032-08-16T16:50,2032-08-17T07:00,2.5
CLEAN-003904,EVS360-003,Moscow,2032-08-16T17:20,2032-08-17T08:00,2.5
CLEAN-003905,EVS360-022,Saint Petersburg,2032-08-16T17:20,2032-08-17T07:15,2.5
CLEAN-003906,EVS360-004,Moscow,2032-08-16T18:10,2032-08-17T08:30,2.5
CLEAN-003907,EVS360-023,Saint Petersburg,2032-08-16T18:10,2032-08-17T07:30,2.5
CLEAN-003908,EVS360-005,Moscow,2032-08-16T18:50,2032-08-17T09:00,2.5
CLEAN-003909,EVS360-024,Saint Petersburg,2032-08-16T18:50,2032-08-17T08:00,2.5
CLEAN-003910,EVS360-006,Moscow,2032-08-16T19:20,2032-08-17T09:30,2.5
CLEAN-003911,EVS360-007,Moscow,2032-08-16T19:50,2032-08-17T10:00,2.5
CLEAN-003912,EVS360-025,Saint Petersburg,2032-08-16T19:50,2032-08-17T08:30,2.5
CLEAN-003913,EVS360-008,Moscow,2032-08-16T20:10,2032-08-17T10:15,2.5
CLEAN-003914,EVS360-026,Saint Petersburg,2032-08-16T20:10,2032-08-17T09:00,2.5
CLEAN-003915,EVS360-009,Moscow,2032-08-16T20:35,2032-08-17T10:30,2.5
CLEAN-003916,EVS360-027,Saint Petersburg,2032-08-16T20:35,2032-08-17T09:30,2.5
CLEAN-003917,EVS360-010,Moscow,2032-08-16T20:50,2032-08-17T11:00,2.5
CLEAN-003918,EVS360-028,Saint Petersburg,2032-08-16T20:50,2032-08-17T10:00,2.5
CLEAN-003919,EVS360-011,Moscow,2032-08-16T21:20,2032-08-17T11:30,2.5
CLEAN-003920,EVS360-029,Saint Petersburg,2032-08-16T21:20,2032-08-17T10:15,2.5
CLEAN-003921,EVS360-012,Moscow,2032-08-16T21:50,2032-08-17T12:00,2.5
CLEAN-003922,EVS360-030,Saint Petersburg,2032-08-16T21:50,2032-08-17T10:30,2.5
CLEAN-003923,EVS360-013,Moscow,2032-08-16T22:10,2032-08-17T12:30,2.5
CLEAN-003924,EVS360-031,Saint Petersburg,2032-08-16T22:10,2032-08-17T11:00,2.5
CLEAN-003925,EVS360-032,Saint Petersburg,2032-08-16T22:35,2032-08-17T11:30,2.5
CLEAN-003926,EVS360-014,Moscow,2032-08-16T22:50,2032-08-17T13:00,2.5
CLEAN-003927,EVS360-033,Saint Petersburg,2032-08-16T22:50,2032-08-17T12:00,2.5
CLEAN-003928,EVS360-015,Moscow,2032-08-16T23:20,2032-08-17T13:30,2.5
CLEAN-003929,EVS360-034,Saint Petersburg,2032-08-16T23:20,2032-08-17T12:30,2.5
CLEAN-003930,EVS360-016,Moscow,2032-08-16T23:50,2032-08-17T14:00,2.5
CLEAN-003931,EVS360-035,Saint Petersburg,2032-08-16T23:50,2032-08-17T13:00,2.5
CLEAN-003932,EVS360-017,Moscow,2032-08-17T00:10,2032-08-17T14:30,2.5
CLEAN-003933,EVS360-036,Saint Petersburg,2032-08-17T00:10,2032-08-17T14:00,2.5
CLEAN-003934,EVS360-018,Moscow,2032-08-17T08:10,2032-08-17T15:00,2.5
CLEAN-003935,EVS360-037,Saint Petersburg,2032-08-17T08:10,2032-08-17T14:30,2.5
CLEAN-003936,EVS360-019,Moscow,2032-08-17T08:35,2032-08-17T16:00,2.5
CLEAN-003937,EVS360-038,Saint Petersburg,2032-08-17T08:35,2032-08-17T15:00,2.5
CLEAN-003938,EVS360-020,Moscow,2032-08-17T08:50,2032-08-17T16:30,2.5
CLEAN-003939,EVS360-039,Saint Petersburg,2032-08-17T08:50,2032-08-17T16:00,2.5
CLEAN-003940,EVS360-001,Moscow,2032-08-18T20:35,2032-08-19T10:30,2.5
CLEAN-003941,EVS360-002,Moscow,2032-08-18T20:50,2032-08-19T11:00,2.5
CLEAN-003942,EVS360-003,Moscow,2032-08-18T21:20,2032-08-19T11:30,2.5
CLEAN-003943,EVS360-021,Saint Petersburg,2032-08-18T21:20,2032-08-19T10:15,2.5
CLEAN-003944,EVS360-004,Moscow,2032-08-18T21:50,2032-08-19T12:00,2.5
CLEAN-003945,EVS360-022,Saint Petersburg,2032-08-18T21:50,2032-08-19T10:30,2.5
CLEAN-003946,EVS360-005,Moscow,2032-08-18T22:10,2032-08-19T12:30,2.5
CLEAN-003947,EVS360-023,Saint Petersburg,2032-08-18T22:10,2032-08-19T11:00,2.5
CLEAN-003948,EVS360-024,Saint Petersburg,2032-08-18T22:35,2032-08-19T11:30,2.5
CLEAN-003949,EVS360-006,Moscow,2032-08-18T22:50,2032-08-19T13:00,2.5
CLEAN-003950,EVS360-025,Saint Petersburg,2032-08-18T22:50,2032-08-19T12:00,2.5
CLEAN-003951,EVS360-007,Moscow,2032-08-18T23:20,2032-08-19T13:30,2.5
CLEAN-003952,EVS360-026,Saint Petersburg,2032-08-18T23:20,2032-08-19T12:30,2.5
CLEAN-003953,EVS360-008,Moscow,2032-08-18T23:50,2032-08-19T14:00,2.5
CLEAN-003954,EVS360-027,Saint Petersburg,2032-08-18T23:50,2032-08-19T13:00,2.5
CLEAN-003955,EVS360-009,Moscow,2032-08-19T00:10,2032-08-19T14:30,2.5
CLEAN-003956,EVS360-028,Saint Petersburg,2032-08-19T00:10,2032-08-19T14:00,2.5
CLEAN-003957,EVS360-010,Moscow,2032-08-19T08:10,2032-08-19T15:00,2.5
CLEAN-003958,EVS360-029,Saint Petersburg,2032-08-19T08:10,2032-08-19T14:30,2.5
CLEAN-003959,EVS360-011,Moscow,2032-08-19T08:35,2032-08-19T16:00,2.5
CLEAN-003960,EVS360-030,Saint Petersburg,2032-08-19T08:35,2032-08-19T15:00,2.5
CLEAN-003961,EVS360-012,Moscow,2032-08-19T08:50,2032-08-19T16:30,2.5
CLEAN-003962,EVS360-031,Saint Petersburg,2032-08-19T08:50,2032-08-19T16:00,2.5
CLEAN-003963,EVS360-013,Moscow,2032-08-19T09:20,2032-08-19T17:30,2.5
CLEAN-003964,EVS360-032,Saint Petersburg,2032-08-19T09:20,2032-08-19T16:30,2.5
CLEAN-003965,EVS360-014,Moscow,2032-08-19T09:35,2032-08-19T18:00,2.5
CLEAN-003966,EVS360-015,Moscow,2032-08-19T09:50,2032-08-19T18:15,2.5
CLEAN-003967,EVS360-033,Saint Petersburg,2032-08-19T09:50,2032-08-19T17:00,2.5
CLEAN-003968,EVS360-016,Moscow,2032-08-19T10:10,2032-08-19T18:30,2.5
CLEAN-003969,EVS360-034,Saint Petersburg,2032-08-19T10:10,2032-08-19T17:30,2.5
CLEAN-003970,EVS360-017,Moscow,2032-08-19T10:50,2032-08-19T19:00,2.5
CLEAN-003971,EVS360-035,Saint Petersburg,2032-08-19T10:50,2032-08-19T18:00,2.5
CLEAN-003972,EVS360-018,Moscow,2032-08-19T11:20,2032-08-19T19:30,2.5
CLEAN-003973,EVS360-036,Saint Petersburg,2032-08-19T11:20,2032-08-19T18:15,2.5
CLEAN-003974,EVS360-019,Moscow,2032-08-19T11:50,2032-08-19T20:00,2.5
CLEAN-003975,EVS360-037,Saint Petersburg,2032-08-19T11:50,2032-08-19T18:30,2.5
CLEAN-003976,EVS360-020,Moscow,2032-08-19T12:10,2032-08-19T20:15,2.5
CLEAN-003977,EVS360-038,Saint Petersburg,2032-08-19T12:10,2032-08-19T19:00,2.5
CLEAN-003978,EVS360-039,Saint Petersburg,2032-08-19T12:35,2032-08-19T19:30,2.5
CLEAN-003979,EVS360-001,Moscow,2032-08-21T00:10,2032-08-21T14:30,2.5
CLEAN-003980,EVS360-002,Moscow,2032-08-21T08:10,2032-08-21T15:00,2.5
CLEAN-003981,EVS360-021,Saint Petersburg,2032-08-21T08:10,2032-08-21T14:30,2.5
CLEAN-003982,EVS360-003,Moscow,2032-08-21T08:35,2032-08-21T16:00,2.5
CLEAN-003983,EVS360-022,Saint Petersburg,2032-08-21T08:35,2032-08-21T15:00,2.5
CLEAN-003984,EVS360-004,Moscow,2032-08-21T08:50,2032-08-21T16:30,2.5
CLEAN-003985,EVS360-023,Saint Petersburg,2032-08-21T08:50,2032-08-21T16:00,2.5
CLEAN-003986,EVS360-005,Moscow,2032-08-21T09:20,2032-08-21T17:30,2.5
CLEAN-003987,EVS360-024,Saint Petersburg,2032-08-21T09:20,2032-08-21T16:30,2.5
CLEAN-003988,EVS360-006,Moscow,2032-08-21T09:35,2032-08-21T18:00,2.5
CLEAN-003989,EVS360-007,Moscow,2032-08-21T09:50,2032-08-21T18:15,2.5
CLEAN-003990,EVS360-025,Saint Petersburg,2032-08-21T09:50,2032-08-21T17:00,2.5
CLEAN-003991,EVS360-008,Moscow,2032-08-21T10:10,2032-08-21T18:30,2.5
CLEAN-003992,EVS360-026,Saint Petersburg,2032-08-21T10:10,2032-08-21T17:30,2.5
CLEAN-003993,EVS360-009,Moscow,2032-08-21T10:50,2032-08-21T19:00,2.5
CLEAN-003994,EVS360-027,Saint Petersburg,2032-08-21T10:50,2032-08-21T18:00,2.5
CLEAN-003995,EVS360-010,Moscow,2032-08-21T11:20,2032-08-21T19:30,2.5
CLEAN-003996,EVS360-028,Saint Petersburg,2032-08-21T11:20,2032-08-21T18:15,2.5
CLEAN-003997,EVS360-011,Moscow,2032-08-21T11:50,2032-08-21T20:00,2.5
CLEAN-003998,EVS360-029,Saint Petersburg,2032-08-21T11:50,2032-08-21T18:30,2.5
CLEAN-003999,EVS360-012,Moscow,2032-08-21T12:10,2032-08-21T20:15,2.5
CLEAN-004000,EVS360-030,Saint Petersburg,2032-08-21T12:10,2032-08-21T19:00,2.5
CLEAN-004001,EVS360-013,Moscow,2032-08-21T12:35,2032-08-21T20:30,2.5
CLEAN-004002,EVS360-031,Saint Petersburg,2032-08-21T12:35,2032-08-21T19:30,2.5
CLEAN-004003,EVS360-014,Moscow,2032-08-21T12:50,2032-08-21T21:00,2.5
CLEAN-004004,EVS360-032,Saint Petersburg,2032-08-21T12:50,2032-08-21T20:00,2.5
CLEAN-004005,EVS360-015,Moscow,2032-08-21T13:20,2032-08-21T21:30,2.5
CLEAN-004006,EVS360-033,Saint Petersburg,2032-08-21T13:20,2032-08-21T20:30,2.5
CLEAN-004007,EVS360-016,Moscow,2032-08-21T13:50,2032-08-21T22:00,2.5
CLEAN-004008,EVS360-034,Saint Petersburg,2032-08-21T13:50,2032-08-21T21:00,2.5
CLEAN-004009,EVS360-017,Moscow,2032-08-21T14:10,2032-08-22T06:00,2.5
CLEAN-004010,EVS360-035,Saint Petersburg,2032-08-21T14:10,2032-08-21T21:30,2.5
CLEAN-004011,EVS360-018,Moscow,2032-08-21T14:50,2032-08-22T06:15,2.5
CLEAN-004012,EVS360-036,Saint Petersburg,2032-08-21T14:50,2032-08-21T22:00,2.5
CLEAN-004013,EVS360-019,Moscow,2032-08-21T15:20,2032-08-22T06:30,2.5
CLEAN-004014,EVS360-037,Saint Petersburg,2032-08-21T15:20,2032-08-22T06:00,2.5
CLEAN-004015,EVS360-038,Saint Petersburg,2032-08-21T15:50,2032-08-22T06:15,2.5
CLEAN-004016,EVS360-020,Moscow,2032-08-21T16:10,2032-08-22T07:00,2.5
CLEAN-004017,EVS360-039,Saint Petersburg,2032-08-21T16:10,2032-08-22T06:30,2.5
CLEAN-004018,EVS360-001,Moscow,2032-08-23T10:50,2032-08-23T19:00,2.5
CLEAN-004019,EVS360-002,Moscow,2032-08-23T11:20,2032-08-23T19:30,2.5
CLEAN-004020,EVS360-003,Moscow,2032-08-23T11:50,2032-08-23T20:00,2.5
CLEAN-004021,EVS360-021,Saint Petersburg,2032-08-23T11:50,2032-08-23T18:30,2.5
CLEAN-004022,EVS360-004,Moscow,2032-08-23T12:10,2032-08-23T20:15,2.5
CLEAN-004023,EVS360-022,Saint Petersburg,2032-08-23T12:10,2032-08-23T19:00,2.5
CLEAN-004024,EVS360-005,Moscow,2032-08-23T12:35,2032-08-23T20:30,2.5
CLEAN-004025,EVS360-023,Saint Petersburg,2032-08-23T12:35,2032-08-23T19:30,2.5
CLEAN-004026,EVS360-006,Moscow,2032-08-23T12:50,2032-08-23T21:00,2.5
CLEAN-004027,EVS360-024,Saint Petersburg,2032-08-23T12:50,2032-08-23T20:00,2.5
CLEAN-004028,EVS360-007,Moscow,2032-08-23T13:20,2032-08-23T21:30,2.5
CLEAN-004029,EVS360-025,Saint Petersburg,2032-08-23T13:20,2032-08-23T20:30,2.5
CLEAN-004030,EVS360-008,Moscow,2032-08-23T13:50,2032-08-23T22:00,2.5
CLEAN-004031,EVS360-026,Saint Petersburg,2032-08-23T13:50,2032-08-23T21:00,2.5
CLEAN-004032,EVS360-009,Moscow,2032-08-23T14:10,2032-08-24T06:00,2.5
CLEAN-004033,EVS360-027,Saint Petersburg,2032-08-23T14:10,2032-08-23T21:30,2.5
CLEAN-004034,EVS360-010,Moscow,2032-08-23T14:50,2032-08-24T06:15,2.5
CLEAN-004035,EVS360-028,Saint Petersburg,2032-08-23T14:50,2032-08-23T22:00,2.5
CLEAN-004036,EVS360-011,Moscow,2032-08-23T15:20,2032-08-24T06:30,2.5
CLEAN-004037,EVS360-029,Saint Petersburg,2032-08-23T15:20,2032-08-24T06:00,2.5
CLEAN-004038,EVS360-030,Saint Petersburg,2032-08-23T15:50,2032-08-24T06:15,2.5
CLEAN-004039,EVS360-012,Moscow,2032-08-23T16:10,2032-08-24T07:00,2.5
CLEAN-004040,EVS360-031,Saint Petersburg,2032-08-23T16:10,2032-08-24T06:30,2.5
CLEAN-004041,EVS360-013,Moscow,2032-08-23T16:50,2032-08-24T07:30,2.5
CLEAN-004042,EVS360-032,Saint Petersburg,2032-08-23T16:50,2032-08-24T07:00,2.5
CLEAN-004043,EVS360-014,Moscow,2032-08-23T17:20,2032-08-24T08:00,2.5
CLEAN-004044,EVS360-033,Saint Petersburg,2032-08-23T17:20,2032-08-24T07:15,2.5
CLEAN-004045,EVS360-015,Moscow,2032-08-23T18:10,2032-08-24T08:30,2.5
CLEAN-004046,EVS360-034,Saint Petersburg,2032-08-23T18:10,2032-08-24T07:30,2.5
CLEAN-004047,EVS360-016,Moscow,2032-08-23T18:50,2032-08-24T09:00,2.5
CLEAN-004048,EVS360-035,Saint Petersburg,2032-08-23T18:50,2032-08-24T08:00,2.5
CLEAN-004049,EVS360-017,Moscow,2032-08-23T19:20,2032-08-24T09:30,2.5
CLEAN-004050,EVS360-018,Moscow,2032-08-23T19:50,2032-08-24T10:00,2.5
CLEAN-004051,EVS360-036,Saint Petersburg,2032-08-23T19:50,2032-08-24T08:30,2.5
CLEAN-004052,EVS360-019,Moscow,2032-08-23T20:10,2032-08-24T10:15,2.5
CLEAN-004053,EVS360-037,Saint Petersburg,2032-08-23T20:10,2032-08-24T09:00,2.5
CLEAN-004054,EVS360-020,Moscow,2032-08-23T20:35,2032-08-24T10:30,2.5
CLEAN-004055,EVS360-038,Saint Petersburg,2032-08-23T20:35,2032-08-24T09:30,2.5
CLEAN-004056,EVS360-039,Saint Petersburg,2032-08-23T20:50,2032-08-24T10:00,2.5
CLEAN-004057,EVS360-001,Moscow,2032-08-25T14:10,2032-08-26T06:00,2.5
CLEAN-004058,EVS360-002,Moscow,2032-08-25T14:50,2032-08-26T06:15,2.5
CLEAN-004059,EVS360-003,Moscow,2032-08-25T15:20,2032-08-26T06:30,2.5
CLEAN-004060,EVS360-021,Saint Petersburg,2032-08-25T15:20,2032-08-26T06:00,2.5
CLEAN-004061,EVS360-022,Saint Petersburg,2032-08-25T15:50,2032-08-26T06:15,2.5
CLEAN-004062,EVS360-004,Moscow,2032-08-25T16:10,2032-08-26T07:00,2.5
CLEAN-004063,EVS360-023,Saint Petersburg,2032-08-25T16:10,2032-08-26T06:30,2.5
CLEAN-004064,EVS360-005,Moscow,2032-08-25T16:50,2032-08-26T07:30,2.5
CLEAN-004065,EVS360-024,Saint Petersburg,2032-08-25T16:50,2032-08-26T07:00,2.5
CLEAN-004066,EVS360-006,Moscow,2032-08-25T17:20,2032-08-26T08:00,2.5
CLEAN-004067,EVS360-025,Saint Petersburg,2032-08-25T17:20,2032-08-26T07:15,2.5
CLEAN-004068,EVS360-007,Moscow,2032-08-25T18:10,2032-08-26T08:30,2.5
CLEAN-004069,EVS360-026,Saint Petersburg,2032-08-25T18:10,2032-08-26T07:30,2.5
CLEAN-004070,EVS360-008,Moscow,2032-08-25T18:50,2032-08-26T09:00,2.5
CLEAN-004071,EVS360-027,Saint Petersburg,2032-08-25T18:50,2032-08-26T08:00,2.5
CLEAN-004072,EVS360-009,Moscow,2032-08-25T19:20,2032-08-26T09:30,2.5
CLEAN-004073,EVS360-010,Moscow,2032-08-25T19:50,2032-08-26T10:00,2.5
CLEAN-004074,EVS360-028,Saint Petersburg,2032-08-25T19:50,2032-08-26T08:30,2.5
CLEAN-004075,EVS360-011,Moscow,2032-08-25T20:10,2032-08-26T10:15,2.5
CLEAN-004076,EVS360-029,Saint Petersburg,2032-08-25T20:10,2032-08-26T09:00,2.5
CLEAN-004077,EVS360-012,Moscow,2032-08-25T20:35,2032-08-26T10:30,2.5
CLEAN-004078,EVS360-030,Saint Petersburg,2032-08-25T20:35,2032-08-26T09:30,2.5
CLEAN-004079,EVS360-013,Moscow,2032-08-25T20:50,2032-08-26T11:00,2.5
CLEAN-004080,EVS360-031,Saint Petersburg,2032-08-25T20:50,2032-08-26T10:00,2.5
CLEAN-004081,EVS360-014,Moscow,2032-08-25T21:20,2032-08-26T11:30,2.5
CLEAN-004082,EVS360-032,Saint Petersburg,2032-08-25T21:20,2032-08-26T10:15,2.5
CLEAN-004083,EVS360-015,Moscow,2032-08-25T21:50,2032-08-26T12:00,2.5
CLEAN-004084,EVS360-033,Saint Petersburg,2032-08-25T21:50,2032-08-26T10:30,2.5
CLEAN-004085,EVS360-016,Moscow,2032-08-25T22:10,2032-08-26T12:30,2.5
CLEAN-004086,EVS360-034,Saint Petersburg,2032-08-25T22:10,2032-08-26T11:00,2.5
CLEAN-004087,EVS360-035,Saint Petersburg,2032-08-25T22:35,2032-08-26T11:30,2.5
CLEAN-004088,EVS360-017,Moscow,2032-08-25T22:50,2032-08-26T13:00,2.5
CLEAN-004089,EVS360-036,Saint Petersburg,2032-08-25T22:50,2032-08-26T12:00,2.5
CLEAN-004090,EVS360-018,Moscow,2032-08-25T23:20,2032-08-26T13:30,2.5
CLEAN-004091,EVS360-037,Saint Petersburg,2032-08-25T23:20,2032-08-26T12:30,2.5
CLEAN-004092,EVS360-019,Moscow,2032-08-25T23:50,2032-08-26T14:00,2.5
CLEAN-004093,EVS360-038,Saint Petersburg,2032-08-25T23:50,2032-08-26T13:00,2.5
CLEAN-004094,EVS360-020,Moscow,2032-08-26T00:10,2032-08-26T14:30,2.5
CLEAN-004095,EVS360-039,Saint Petersburg,2032-08-26T00:10,2032-08-26T14:00,2.5
CLEAN-004096,EVS360-001,Moscow,2032-08-27T19:20,2032-08-28T09:30,2.5
CLEAN-004097,EVS360-002,Moscow,2032-08-27T19:50,2032-08-28T10:00,2.5
CLEAN-004098,EVS360-003,Moscow,2032-08-27T20:10,2032-08-28T10:15,2.5
CLEAN-004099,EVS360-021,Saint Petersburg,2032-08-27T20:10,2032-08-28T09:00,2.5
CLEAN-004100,EVS360-004,Moscow,2032-08-27T20:35,2032-08-28T10:30,2.5
CLEAN-004101,EVS360-022,Saint Petersburg,2032-08-27T20:35,2032-08-28T09:30,2.5
CLEAN-004102,EVS360-005,Moscow,2032-08-27T20:50,2032-08-28T11:00,2.5
CLEAN-004103,EVS360-023,Saint Petersburg,2032-08-27T20:50,2032-08-28T10:00,2.5
CLEAN-004104,EVS360-006,Moscow,2032-08-27T21:20,2032-08-28T11:30,2.5
CLEAN-004105,EVS360-024,Saint Petersburg,2032-08-27T21:20,2032-08-28T10:15,2.5
CLEAN-004106,EVS360-007,Moscow,2032-08-27T21:50,2032-08-28T12:00,2.5
CLEAN-004107,EVS360-025,Saint Petersburg,2032-08-27T21:50,2032-08-28T10:30,2.5
CLEAN-004108,EVS360-008,Moscow,2032-08-27T22:10,2032-08-28T12:30,2.5
CLEAN-004109,EVS360-026,Saint Petersburg,2032-08-27T22:10,2032-08-28T11:00,2.5
CLEAN-004110,EVS360-027,Saint Petersburg,2032-08-27T22:35,2032-08-28T11:30,2.5
CLEAN-004111,EVS360-009,Moscow,2032-08-27T22:50,2032-08-28T13:00,2.5
CLEAN-004112,EVS360-028,Saint Petersburg,2032-08-27T22:50,2032-08-28T12:00,2.5
CLEAN-004113,EVS360-010,Moscow,2032-08-27T23:20,2032-08-28T13:30,2.5
CLEAN-004114,EVS360-029,Saint Petersburg,2032-08-27T23:20,2032-08-28T12:30,2.5
CLEAN-004115,EVS360-011,Moscow,2032-08-27T23:50,2032-08-28T14:00,2.5
CLEAN-004116,EVS360-030,Saint Petersburg,2032-08-27T23:50,2032-08-28T13:00,2.5
CLEAN-004117,EVS360-012,Moscow,2032-08-28T00:10,2032-08-28T14:30,2.5
CLEAN-004118,EVS360-031,Saint Petersburg,2032-08-28T00:10,2032-08-28T14:00,2.5
CLEAN-004119,EVS360-013,Moscow,2032-08-28T08:10,2032-08-28T15:00,2.5
CLEAN-004120,EVS360-032,Saint Petersburg,2032-08-28T08:10,2032-08-28T14:30,2.5
CLEAN-004121,EVS360-014,Moscow,2032-08-28T08:35,2032-08-28T16:00,2.5
CLEAN-004122,EVS360-033,Saint Petersburg,2032-08-28T08:35,2032-08-28T15:00,2.5
CLEAN-004123,EVS360-015,Moscow,2032-08-28T08:50,2032-08-28T16:30,2.5
CLEAN-004124,EVS360-034,Saint Petersburg,2032-08-28T08:50,2032-08-28T16:00,2.5
CLEAN-004125,EVS360-016,Moscow,2032-08-28T09:20,2032-08-28T17:30,2.5
CLEAN-004126,EVS360-035,Saint Petersburg,2032-08-28T09:20,2032-08-28T16:30,2.5
CLEAN-004127,EVS360-017,Moscow,2032-08-28T09:35,2032-08-28T18:00,2.5
CLEAN-004128,EVS360-018,Moscow,2032-08-28T09:50,2032-08-28T18:15,2.5
CLEAN-004129,EVS360-036,Saint Petersburg,2032-08-28T09:50,2032-08-28T17:00,2.5
CLEAN-004130,EVS360-019,Moscow,2032-08-28T10:10,2032-08-28T18:30,2.5
CLEAN-004131,EVS360-037,Saint Petersburg,2032-08-28T10:10,2032-08-28T17:30,2.5
CLEAN-004132,EVS360-020,Moscow,2032-08-28T10:50,2032-08-28T19:00,2.5
CLEAN-004133,EVS360-038,Saint Petersburg,2032-08-28T10:50,2032-08-28T18:00,2.5
CLEAN-004134,EVS360-039,Saint Petersburg,2032-08-28T11:20,2032-08-28T18:15,2.5
CLEAN-004135,EVS360-001,Moscow,2032-08-29T22:50,2032-08-30T13:00,2.5
CLEAN-004136,EVS360-002,Moscow,2032-08-29T23:20,2032-08-30T13:30,2.5
CLEAN-004137,EVS360-021,Saint Petersburg,2032-08-29T23:20,2032-08-30T12:30,2.5
CLEAN-004138,EVS360-003,Moscow,2032-08-29T23:50,2032-08-30T14:00,2.5
CLEAN-004139,EVS360-022,Saint Petersburg,2032-08-29T23:50,2032-08-30T13:00,2.5
CLEAN-004140,EVS360-004,Moscow,2032-08-30T00:10,2032-08-30T14:30,2.5
CLEAN-004141,EVS360-023,Saint Petersburg,2032-08-30T00:10,2032-08-30T14:00,2.5
CLEAN-004142,EVS360-005,Moscow,2032-08-30T08:10,2032-08-30T15:00,2.5
CLEAN-004143,EVS360-024,Saint Petersburg,2032-08-30T08:10,2032-08-30T14:30,2.5
CLEAN-004144,EVS360-006,Moscow,2032-08-30T08:35,2032-08-30T16:00,2.5
CLEAN-004145,EVS360-025,Saint Petersburg,2032-08-30T08:35,2032-08-30T15:00,2.5
CLEAN-004146,EVS360-007,Moscow,2032-08-30T08:50,2032-08-30T16:30,2.5
CLEAN-004147,EVS360-026,Saint Petersburg,2032-08-30T08:50,2032-08-30T16:00,2.5
CLEAN-004148,EVS360-008,Moscow,2032-08-30T09:20,2032-08-30T17:30,2.5
CLEAN-004149,EVS360-027,Saint Petersburg,2032-08-30T09:20,2032-08-30T16:30,2.5
CLEAN-004150,EVS360-009,Moscow,2032-08-30T09:35,2032-08-30T18:00,2.5
CLEAN-004151,EVS360-010,Moscow,2032-08-30T09:50,2032-08-30T18:15,2.5
CLEAN-004152,EVS360-028,Saint Petersburg,2032-08-30T09:50,2032-08-30T17:00,2.5
CLEAN-004153,EVS360-011,Moscow,2032-08-30T10:10,2032-08-30T18:30,2.5
CLEAN-004154,EVS360-029,Saint Petersburg,2032-08-30T10:10,2032-08-30T17:30,2.5
CLEAN-004155,EVS360-012,Moscow,2032-08-30T10:50,2032-08-30T19:00,2.5
CLEAN-004156,EVS360-030,Saint Petersburg,2032-08-30T10:50,2032-08-30T18:00,2.5
CLEAN-004157,EVS360-013,Moscow,2032-08-30T11:20,2032-08-30T19:30,2.5
CLEAN-004158,EVS360-031,Saint Petersburg,2032-08-30T11:20,2032-08-30T18:15,2.5
CLEAN-004159,EVS360-014,Moscow,2032-08-30T11:50,2032-08-30T20:00,2.5
CLEAN-004160,EVS360-032,Saint Petersburg,2032-08-30T11:50,2032-08-30T18:30,2.5
CLEAN-004161,EVS360-015,Moscow,2032-08-30T12:10,2032-08-30T20:15,2.5
CLEAN-004162,EVS360-033,Saint Petersburg,2032-08-30T12:10,2032-08-30T19:00,2.5
CLEAN-004163,EVS360-016,Moscow,2032-08-30T12:35,2032-08-30T20:30,2.5
CLEAN-004164,EVS360-034,Saint Petersburg,2032-08-30T12:35,2032-08-30T19:30,2.5
CLEAN-004165,EVS360-017,Moscow,2032-08-30T12:50,2032-08-30T21:00,2.5
CLEAN-004166,EVS360-035,Saint Petersburg,2032-08-30T12:50,2032-08-30T20:00,2.5
CLEAN-004167,EVS360-018,Moscow,2032-08-30T13:20,2032-08-30T21:30,2.5
CLEAN-004168,EVS360-036,Saint Petersburg,2032-08-30T13:20,2032-08-30T20:30,2.5
CLEAN-004169,EVS360-019,Moscow,2032-08-30T13:50,2032-08-30T22:00,2.5
CLEAN-004170,EVS360-037,Saint Petersburg,2032-08-30T13:50,2032-08-30T21:00,2.5
CLEAN-004171,EVS360-020,Moscow,2032-08-30T14:10,2032-08-31T06:00,2.5
CLEAN-004172,EVS360-038,Saint Petersburg,2032-08-30T14:10,2032-08-30T21:30,2.5
CLEAN-004173,EVS360-039,Saint Petersburg,2032-08-30T14:50,2032-08-30T22:00,2.5
CLEAN-004174,EVS360-001,Moscow,2032-09-01T09:35,2032-09-01T18:00,2.5
CLEAN-004175,EVS360-002,Moscow,2032-09-01T09:50,2032-09-01T18:15,2.5
CLEAN-004176,EVS360-003,Moscow,2032-09-01T10:10,2032-09-01T18:30,2.5
CLEAN-004177,EVS360-021,Saint Petersburg,2032-09-01T10:10,2032-09-01T17:30,2.5
CLEAN-004178,EVS360-004,Moscow,2032-09-01T10:50,2032-09-01T19:00,2.5
CLEAN-004179,EVS360-022,Saint Petersburg,2032-09-01T10:50,2032-09-01T18:00,2.5
CLEAN-004180,EVS360-005,Moscow,2032-09-01T11:20,2032-09-01T19:30,2.5
CLEAN-004181,EVS360-023,Saint Petersburg,2032-09-01T11:20,2032-09-01T18:15,2.5
CLEAN-004182,EVS360-006,Moscow,2032-09-01T11:50,2032-09-01T20:00,2.5
CLEAN-004183,EVS360-024,Saint Petersburg,2032-09-01T11:50,2032-09-01T18:30,2.5
CLEAN-004184,EVS360-007,Moscow,2032-09-01T12:10,2032-09-01T20:15,2.5
CLEAN-004185,EVS360-025,Saint Petersburg,2032-09-01T12:10,2032-09-01T19:00,2.5
CLEAN-004186,EVS360-008,Moscow,2032-09-01T12:35,2032-09-01T20:30,2.5
CLEAN-004187,EVS360-026,Saint Petersburg,2032-09-01T12:35,2032-09-01T19:30,2.5
CLEAN-004188,EVS360-009,Moscow,2032-09-01T12:50,2032-09-01T21:00,2.5
CLEAN-004189,EVS360-027,Saint Petersburg,2032-09-01T12:50,2032-09-01T20:00,2.5
CLEAN-004190,EVS360-010,Moscow,2032-09-01T13:20,2032-09-01T21:30,2.5
CLEAN-004191,EVS360-028,Saint Petersburg,2032-09-01T13:20,2032-09-01T20:30,2.5
CLEAN-004192,EVS360-011,Moscow,2032-09-01T13:50,2032-09-01T22:00,2.5
CLEAN-004193,EVS360-029,Saint Petersburg,2032-09-01T13:50,2032-09-01T21:00,2.5
CLEAN-004194,EVS360-012,Moscow,2032-09-01T14:10,2032-09-02T06:00,2.5
CLEAN-004195,EVS360-030,Saint Petersburg,2032-09-01T14:10,2032-09-01T21:30,2.5
CLEAN-004196,EVS360-013,Moscow,2032-09-01T14:50,2032-09-02T06:15,2.5
CLEAN-004197,EVS360-031,Saint Petersburg,2032-09-01T14:50,2032-09-01T22:00,2.5
CLEAN-004198,EVS360-014,Moscow,2032-09-01T15:20,2032-09-02T06:30,2.5
CLEAN-004199,EVS360-032,Saint Petersburg,2032-09-01T15:20,2032-09-02T06:00,2.5
CLEAN-004200,EVS360-033,Saint Petersburg,2032-09-01T15:50,2032-09-02T06:15,2.5
CLEAN-004201,EVS360-015,Moscow,2032-09-01T16:10,2032-09-02T07:00,2.5
CLEAN-004202,EVS360-034,Saint Petersburg,2032-09-01T16:10,2032-09-02T06:30,2.5
CLEAN-004203,EVS360-016,Moscow,2032-09-01T16:50,2032-09-02T07:30,2.5
CLEAN-004204,EVS360-035,Saint Petersburg,2032-09-01T16:50,2032-09-02T07:00,2.5
CLEAN-004205,EVS360-017,Moscow,2032-09-01T17:20,2032-09-02T08:00,2.5
CLEAN-004206,EVS360-036,Saint Petersburg,2032-09-01T17:20,2032-09-02T07:15,2.5
CLEAN-004207,EVS360-018,Moscow,2032-09-01T18:10,2032-09-02T08:30,2.5
CLEAN-004208,EVS360-037,Saint Petersburg,2032-09-01T18:10,2032-09-02T07:30,2.5
CLEAN-004209,EVS360-019,Moscow,2032-09-01T18:50,2032-09-02T09:00,2.5
CLEAN-004210,EVS360-038,Saint Petersburg,2032-09-01T18:50,2032-09-02T08:00,2.5
CLEAN-004211,EVS360-020,Moscow,2032-09-01T19:20,2032-09-02T09:30,2.5
CLEAN-004212,EVS360-039,Saint Petersburg,2032-09-01T19:50,2032-09-02T08:30,2.5
CLEAN-004213,EVS360-001,Moscow,2032-09-03T12:50,2032-09-03T21:00,2.5
CLEAN-004214,EVS360-002,Moscow,2032-09-03T13:20,2032-09-03T21:30,2.5
CLEAN-004215,EVS360-003,Moscow,2032-09-03T13:50,2032-09-03T22:00,2.5
CLEAN-004216,EVS360-021,Saint Petersburg,2032-09-03T13:50,2032-09-03T21:00,2.5
CLEAN-004217,EVS360-004,Moscow,2032-09-03T14:10,2032-09-04T06:00,2.5
CLEAN-004218,EVS360-022,Saint Petersburg,2032-09-03T14:10,2032-09-03T21:30,2.5
CLEAN-004219,EVS360-005,Moscow,2032-09-03T14:50,2032-09-04T06:15,2.5
CLEAN-004220,EVS360-023,Saint Petersburg,2032-09-03T14:50,2032-09-03T22:00,2.5
CLEAN-004221,EVS360-006,Moscow,2032-09-03T15:20,2032-09-04T06:30,2.5
CLEAN-004222,EVS360-024,Saint Petersburg,2032-09-03T15:20,2032-09-04T06:00,2.5
CLEAN-004223,EVS360-025,Saint Petersburg,2032-09-03T15:50,2032-09-04T06:15,2.5
CLEAN-004224,EVS360-007,Moscow,2032-09-03T16:10,2032-09-04T07:00,2.5
CLEAN-004225,EVS360-026,Saint Petersburg,2032-09-03T16:10,2032-09-04T06:30,2.5
CLEAN-004226,EVS360-008,Moscow,2032-09-03T16:50,2032-09-04T07:30,2.5
CLEAN-004227,EVS360-027,Saint Petersburg,2032-09-03T16:50,2032-09-04T07:00,2.5
CLEAN-004228,EVS360-009,Moscow,2032-09-03T17:20,2032-09-04T08:00,2.5
CLEAN-004229,EVS360-028,Saint Petersburg,2032-09-03T17:20,2032-09-04T07:15,2.5
CLEAN-004230,EVS360-010,Moscow,2032-09-03T18:10,2032-09-04T08:30,2.5
CLEAN-004231,EVS360-029,Saint Petersburg,2032-09-03T18:10,2032-09-04T07:30,2.5
CLEAN-004232,EVS360-011,Moscow,2032-09-03T18:50,2032-09-04T09:00,2.5
CLEAN-004233,EVS360-030,Saint Petersburg,2032-09-03T18:50,2032-09-04T08:00,2.5
CLEAN-004234,EVS360-012,Moscow,2032-09-03T19:20,2032-09-04T09:30,2.5
CLEAN-004235,EVS360-013,Moscow,2032-09-03T19:50,2032-09-04T10:00,2.5
CLEAN-004236,EVS360-031,Saint Petersburg,2032-09-03T19:50,2032-09-04T08:30,2.5
CLEAN-004237,EVS360-014,Moscow,2032-09-03T20:10,2032-09-04T10:15,2.5
CLEAN-004238,EVS360-032,Saint Petersburg,2032-09-03T20:10,2032-09-04T09:00,2.5
CLEAN-004239,EVS360-015,Moscow,2032-09-03T20:35,2032-09-04T10:30,2.5
CLEAN-004240,EVS360-033,Saint Petersburg,2032-09-03T20:35,2032-09-04T09:30,2.5
CLEAN-004241,EVS360-016,Moscow,2032-09-03T20:50,2032-09-04T11:00,2.5
CLEAN-004242,EVS360-034,Saint Petersburg,2032-09-03T20:50,2032-09-04T10:00,2.5
CLEAN-004243,EVS360-017,Moscow,2032-09-03T21:20,2032-09-04T11:30,2.5
CLEAN-004244,EVS360-035,Saint Petersburg,2032-09-03T21:20,2032-09-04T10:15,2.5
CLEAN-004245,EVS360-018,Moscow,2032-09-03T21:50,2032-09-04T12:00,2.5
CLEAN-004246,EVS360-036,Saint Petersburg,2032-09-03T21:50,2032-09-04T10:30,2.5
CLEAN-004247,EVS360-019,Moscow,2032-09-03T22:10,2032-09-04T12:30,2.5
CLEAN-004248,EVS360-037,Saint Petersburg,2032-09-03T22:10,2032-09-04T11:00,2.5
CLEAN-004249,EVS360-038,Saint Petersburg,2032-09-03T22:35,2032-09-04T11:30,2.5
CLEAN-004250,EVS360-020,Moscow,2032-09-03T22:50,2032-09-04T13:00,2.5
CLEAN-004251,EVS360-039,Saint Petersburg,2032-09-03T22:50,2032-09-04T12:00,2.5
CLEAN-004252,EVS360-001,Moscow,2032-09-05T17:20,2032-09-06T08:00,2.5
CLEAN-004253,EVS360-002,Moscow,2032-09-05T18:10,2032-09-06T08:30,2.5
CLEAN-004254,EVS360-021,Saint Petersburg,2032-09-05T18:10,2032-09-06T07:30,2.5
CLEAN-004255,EVS360-003,Moscow,2032-09-05T18:50,2032-09-06T09:00,2.5
CLEAN-004256,EVS360-022,Saint Petersburg,2032-09-05T18:50,2032-09-06T08:00,2.5
CLEAN-004257,EVS360-004,Moscow,2032-09-05T19:20,2032-09-06T09:30,2.5
CLEAN-004258,EVS360-005,Moscow,2032-09-05T19:50,2032-09-06T10:00,2.5
CLEAN-004259,EVS360-023,Saint Petersburg,2032-09-05T19:50,2032-09-06T08:30,2.5
CLEAN-004260,EVS360-006,Moscow,2032-09-05T20:10,2032-09-06T10:15,2.5
CLEAN-004261,EVS360-024,Saint Petersburg,2032-09-05T20:10,2032-09-06T09:00,2.5
CLEAN-004262,EVS360-007,Moscow,2032-09-05T20:35,2032-09-06T10:30,2.5
CLEAN-004263,EVS360-025,Saint Petersburg,2032-09-05T20:35,2032-09-06T09:30,2.5
CLEAN-004264,EVS360-008,Moscow,2032-09-05T20:50,2032-09-06T11:00,2.5
CLEAN-004265,EVS360-026,Saint Petersburg,2032-09-05T20:50,2032-09-06T10:00,2.5
CLEAN-004266,EVS360-009,Moscow,2032-09-05T21:20,2032-09-06T11:30,2.5
CLEAN-004267,EVS360-027,Saint Petersburg,2032-09-05T21:20,2032-09-06T10:15,2.5
CLEAN-004268,EVS360-010,Moscow,2032-09-05T21:50,2032-09-06T12:00,2.5
CLEAN-004269,EVS360-028,Saint Petersburg,2032-09-05T21:50,2032-09-06T10:30,2.5
CLEAN-004270,EVS360-011,Moscow,2032-09-05T22:10,2032-09-06T12:30,2.5
CLEAN-004271,EVS360-029,Saint Petersburg,2032-09-05T22:10,2032-09-06T11:00,2.5
CLEAN-004272,EVS360-030,Saint Petersburg,2032-09-05T22:35,2032-09-06T11:30,2.5
CLEAN-004273,EVS360-012,Moscow,2032-09-05T22:50,2032-09-06T13:00,2.5
CLEAN-004274,EVS360-031,Saint Petersburg,2032-09-05T22:50,2032-09-06T12:00,2.5
CLEAN-004275,EVS360-013,Moscow,2032-09-05T23:20,2032-09-06T13:30,2.5
CLEAN-004276,EVS360-032,Saint Petersburg,2032-09-05T23:20,2032-09-06T12:30,2.5
CLEAN-004277,EVS360-014,Moscow,2032-09-05T23:50,2032-09-06T14:00,2.5
CLEAN-004278,EVS360-033,Saint Petersburg,2032-09-05T23:50,2032-09-06T13:00,2.5
CLEAN-004279,EVS360-015,Moscow,2032-09-06T00:10,2032-09-06T14:30,2.5
CLEAN-004280,EVS360-034,Saint Petersburg,2032-09-06T00:10,2032-09-06T14:00,2.5
CLEAN-004281,EVS360-016,Moscow,2032-09-06T08:10,2032-09-06T15:00,2.5
CLEAN-004282,EVS360-035,Saint Petersburg,2032-09-06T08:10,2032-09-06T14:30,2.5
CLEAN-004283,EVS360-017,Moscow,2032-09-06T08:35,2032-09-06T16:00,2.5
CLEAN-004284,EVS360-036,Saint Petersburg,2032-09-06T08:35,2032-09-06T15:00,2.5
CLEAN-004285,EVS360-018,Moscow,2032-09-06T08:50,2032-09-06T16:30,2.5
CLEAN-004286,EVS360-037,Saint Petersburg,2032-09-06T08:50,2032-09-06T16:00,2.5
CLEAN-004287,EVS360-019,Moscow,2032-09-06T09:20,2032-09-06T17:30,2.5
CLEAN-004288,EVS360-038,Saint Petersburg,2032-09-06T09:20,2032-09-06T16:30,2.5
CLEAN-004289,EVS360-020,Moscow,2032-09-06T09:35,2032-09-06T18:00,2.5
CLEAN-004290,EVS360-039,Saint Petersburg,2032-09-06T09:50,2032-09-06T17:00,2.5
CLEAN-004291,EVS360-001,Moscow,2032-09-07T21:20,2032-09-08T11:30,2.5
CLEAN-004292,EVS360-002,Moscow,2032-09-07T21:50,2032-09-08T12:00,2.5
CLEAN-004293,EVS360-003,Moscow,2032-09-07T22:10,2032-09-08T12:30,2.5
CLEAN-004294,EVS360-021,Saint Petersburg,2032-09-07T22:10,2032-09-08T11:00,2.5
CLEAN-004295,EVS360-022,Saint Petersburg,2032-09-07T22:35,2032-09-08T11:30,2.5
CLEAN-004296,EVS360-004,Moscow,2032-09-07T22:50,2032-09-08T13:00,2.5
CLEAN-004297,EVS360-023,Saint Petersburg,2032-09-07T22:50,2032-09-08T12:00,2.5
CLEAN-004298,EVS360-005,Moscow,2032-09-07T23:20,2032-09-08T13:30,2.5
CLEAN-004299,EVS360-024,Saint Petersburg,2032-09-07T23:20,2032-09-08T12:30,2.5
CLEAN-004300,EVS360-006,Moscow,2032-09-07T23:50,2032-09-08T14:00,2.5
CLEAN-004301,EVS360-025,Saint Petersburg,2032-09-07T23:50,2032-09-08T13:00,2.5
CLEAN-004302,EVS360-007,Moscow,2032-09-08T00:10,2032-09-08T14:30,2.5
CLEAN-004303,EVS360-026,Saint Petersburg,2032-09-08T00:10,2032-09-08T14:00,2.5
CLEAN-004304,EVS360-008,Moscow,2032-09-08T08:10,2032-09-08T15:00,2.5
CLEAN-004305,EVS360-027,Saint Petersburg,2032-09-08T08:10,2032-09-08T14:30,2.5
CLEAN-004306,EVS360-009,Moscow,2032-09-08T08:35,2032-09-08T16:00,2.5
CLEAN-004307,EVS360-028,Saint Petersburg,2032-09-08T08:35,2032-09-08T15:00,2.5
CLEAN-004308,EVS360-010,Moscow,2032-09-08T08:50,2032-09-08T16:30,2.5
CLEAN-004309,EVS360-029,Saint Petersburg,2032-09-08T08:50,2032-09-08T16:00,2.5
CLEAN-004310,EVS360-011,Moscow,2032-09-08T09:20,2032-09-08T17:30,2.5
CLEAN-004311,EVS360-030,Saint Petersburg,2032-09-08T09:20,2032-09-08T16:30,2.5
CLEAN-004312,EVS360-012,Moscow,2032-09-08T09:35,2032-09-08T18:00,2.5
CLEAN-004313,EVS360-013,Moscow,2032-09-08T09:50,2032-09-08T18:15,2.5
CLEAN-004314,EVS360-031,Saint Petersburg,2032-09-08T09:50,2032-09-08T17:00,2.5
CLEAN-004315,EVS360-014,Moscow,2032-09-08T10:10,2032-09-08T18:30,2.5
CLEAN-004316,EVS360-032,Saint Petersburg,2032-09-08T10:10,2032-09-08T17:30,2.5
CLEAN-004317,EVS360-015,Moscow,2032-09-08T10:50,2032-09-08T19:00,2.5
CLEAN-004318,EVS360-033,Saint Petersburg,2032-09-08T10:50,2032-09-08T18:00,2.5
CLEAN-004319,EVS360-016,Moscow,2032-09-08T11:20,2032-09-08T19:30,2.5
CLEAN-004320,EVS360-034,Saint Petersburg,2032-09-08T11:20,2032-09-08T18:15,2.5
CLEAN-004321,EVS360-017,Moscow,2032-09-08T11:50,2032-09-08T20:00,2.5
CLEAN-004322,EVS360-035,Saint Petersburg,2032-09-08T11:50,2032-09-08T18:30,2.5
CLEAN-004323,EVS360-018,Moscow,2032-09-08T12:10,2032-09-08T20:15,2.5
CLEAN-004324,EVS360-036,Saint Petersburg,2032-09-08T12:10,2032-09-08T19:00,2.5
CLEAN-004325,EVS360-019,Moscow,2032-09-08T12:35,2032-09-08T20:30,2.5
CLEAN-004326,EVS360-037,Saint Petersburg,2032-09-08T12:35,2032-09-08T19:30,2.5
CLEAN-004327,EVS360-020,Moscow,2032-09-08T12:50,2032-09-08T21:00,2.5
CLEAN-004328,EVS360-038,Saint Petersburg,2032-09-08T12:50,2032-09-08T20:00,2.5
CLEAN-004329,EVS360-039,Saint Petersburg,2032-09-08T13:20,2032-09-08T20:30,2.5
CLEAN-004330,EVS360-001,Moscow,2032-09-10T08:35,2032-09-10T16:00,2.5
CLEAN-004331,EVS360-002,Moscow,2032-09-10T08:50,2032-09-10T16:30,2.5
CLEAN-004332,EVS360-021,Saint Petersburg,2032-09-10T08:50,2032-09-10T16:00,2.5
CLEAN-004333,EVS360-003,Moscow,2032-09-10T09:20,2032-09-10T17:30,2.5
CLEAN-004334,EVS360-022,Saint Petersburg,2032-09-10T09:20,2032-09-10T16:30,2.5
CLEAN-004335,EVS360-004,Moscow,2032-09-10T09:35,2032-09-10T18:00,2.5
CLEAN-004336,EVS360-005,Moscow,2032-09-10T09:50,2032-09-10T18:15,2.5
CLEAN-004337,EVS360-023,Saint Petersburg,2032-09-10T09:50,2032-09-10T17:00,2.5
CLEAN-004338,EVS360-006,Moscow,2032-09-10T10:10,2032-09-10T18:30,2.5
CLEAN-004339,EVS360-024,Saint Petersburg,2032-09-10T10:10,2032-09-10T17:30,2.5
CLEAN-004340,EVS360-007,Moscow,2032-09-10T10:50,2032-09-10T19:00,2.5
CLEAN-004341,EVS360-025,Saint Petersburg,2032-09-10T10:50,2032-09-10T18:00,2.5
CLEAN-004342,EVS360-008,Moscow,2032-09-10T11:20,2032-09-10T19:30,2.5
CLEAN-004343,EVS360-026,Saint Petersburg,2032-09-10T11:20,2032-09-10T18:15,2.5
CLEAN-004344,EVS360-009,Moscow,2032-09-10T11:50,2032-09-10T20:00,2.5
CLEAN-004345,EVS360-027,Saint Petersburg,2032-09-10T11:50,2032-09-10T18:30,2.5
CLEAN-004346,EVS360-010,Moscow,2032-09-10T12:10,2032-09-10T20:15,2.5
CLEAN-004347,EVS360-028,Saint Petersburg,2032-09-10T12:10,2032-09-10T19:00,2.5
CLEAN-004348,EVS360-011,Moscow,2032-09-10T12:35,2032-09-10T20:30,2.5
CLEAN-004349,EVS360-029,Saint Petersburg,2032-09-10T12:35,2032-09-10T19:30,2.5
CLEAN-004350,EVS360-012,Moscow,2032-09-10T12:50,2032-09-10T21:00,2.5
CLEAN-004351,EVS360-030,Saint Petersburg,2032-09-10T12:50,2032-09-10T20:00,2.5
CLEAN-004352,EVS360-013,Moscow,2032-09-10T13:20,2032-09-10T21:30,2.5
CLEAN-004353,EVS360-031,Saint Petersburg,2032-09-10T13:20,2032-09-10T20:30,2.5
CLEAN-004354,EVS360-014,Moscow,2032-09-10T13:50,2032-09-10T22:00,2.5
CLEAN-004355,EVS360-032,Saint Petersburg,2032-09-10T13:50,2032-09-10T21:00,2.5
CLEAN-004356,EVS360-015,Moscow,2032-09-10T14:10,2032-09-11T06:00,2.5
CLEAN-004357,EVS360-033,Saint Petersburg,2032-09-10T14:10,2032-09-10T21:30,2.5
CLEAN-004358,EVS360-016,Moscow,2032-09-10T14:50,2032-09-11T06:15,2.5
CLEAN-004359,EVS360-034,Saint Petersburg,2032-09-10T14:50,2032-09-10T22:00,2.5
CLEAN-004360,EVS360-017,Moscow,2032-09-10T15:20,2032-09-11T06:30,2.5
CLEAN-004361,EVS360-035,Saint Petersburg,2032-09-10T15:20,2032-09-11T06:00,2.5
CLEAN-004362,EVS360-036,Saint Petersburg,2032-09-10T15:50,2032-09-11T06:15,2.5
CLEAN-004363,EVS360-018,Moscow,2032-09-10T16:10,2032-09-11T07:00,2.5
CLEAN-004364,EVS360-037,Saint Petersburg,2032-09-10T16:10,2032-09-11T06:30,2.5
CLEAN-004365,EVS360-019,Moscow,2032-09-10T16:50,2032-09-11T07:30,2.5
CLEAN-004366,EVS360-038,Saint Petersburg,2032-09-10T16:50,2032-09-11T07:00,2.5
CLEAN-004367,EVS360-020,Moscow,2032-09-10T17:20,2032-09-11T08:00,2.5
CLEAN-004368,EVS360-039,Saint Petersburg,2032-09-10T17:20,2032-09-11T07:15,2.5
CLEAN-004369,EVS360-001,Moscow,2032-09-12T11:50,2032-09-12T20:00,2.5
CLEAN-004370,EVS360-002,Moscow,2032-09-12T12:10,2032-09-12T20:15,2.5
CLEAN-004371,EVS360-003,Moscow,2032-09-12T12:35,2032-09-12T20:30,2.5
CLEAN-004372,EVS360-021,Saint Petersburg,2032-09-12T12:35,2032-09-12T19:30,2.5
CLEAN-004373,EVS360-004,Moscow,2032-09-12T12:50,2032-09-12T21:00,2.5
CLEAN-004374,EVS360-022,Saint Petersburg,2032-09-12T12:50,2032-09-12T20:00,2.5
CLEAN-004375,EVS360-005,Moscow,2032-09-12T13:20,2032-09-12T21:30,2.5
CLEAN-004376,EVS360-023,Saint Petersburg,2032-09-12T13:20,2032-09-12T20:30,2.5
CLEAN-004377,EVS360-006,Moscow,2032-09-12T13:50,2032-09-12T22:00,2.5
CLEAN-004378,EVS360-024,Saint Petersburg,2032-09-12T13:50,2032-09-12T21:00,2.5
CLEAN-004379,EVS360-007,Moscow,2032-09-12T14:10,2032-09-13T06:00,2.5
CLEAN-004380,EVS360-025,Saint Petersburg,2032-09-12T14:10,2032-09-12T21:30,2.5
CLEAN-004381,EVS360-008,Moscow,2032-09-12T14:50,2032-09-13T06:15,2.5
CLEAN-004382,EVS360-026,Saint Petersburg,2032-09-12T14:50,2032-09-12T22:00,2.5
CLEAN-004383,EVS360-009,Moscow,2032-09-12T15:20,2032-09-13T06:30,2.5
CLEAN-004384,EVS360-027,Saint Petersburg,2032-09-12T15:20,2032-09-13T06:00,2.5
CLEAN-004385,EVS360-028,Saint Petersburg,2032-09-12T15:50,2032-09-13T06:15,2.5
CLEAN-004386,EVS360-010,Moscow,2032-09-12T16:10,2032-09-13T07:00,2.5
CLEAN-004387,EVS360-029,Saint Petersburg,2032-09-12T16:10,2032-09-13T06:30,2.5
CLEAN-004388,EVS360-011,Moscow,2032-09-12T16:50,2032-09-13T07:30,2.5
CLEAN-004389,EVS360-030,Saint Petersburg,2032-09-12T16:50,2032-09-13T07:00,2.5
CLEAN-004390,EVS360-012,Moscow,2032-09-12T17:20,2032-09-13T08:00,2.5
CLEAN-004391,EVS360-031,Saint Petersburg,2032-09-12T17:20,2032-09-13T07:15,2.5
CLEAN-004392,EVS360-013,Moscow,2032-09-12T18:10,2032-09-13T08:30,2.5
CLEAN-004393,EVS360-032,Saint Petersburg,2032-09-12T18:10,2032-09-13T07:30,2.5
CLEAN-004394,EVS360-014,Moscow,2032-09-12T18:50,2032-09-13T09:00,2.5
CLEAN-004395,EVS360-033,Saint Petersburg,2032-09-12T18:50,2032-09-13T08:00,2.5
CLEAN-004396,EVS360-015,Moscow,2032-09-12T19:20,2032-09-13T09:30,2.5
CLEAN-004397,EVS360-016,Moscow,2032-09-12T19:50,2032-09-13T10:00,2.5
CLEAN-004398,EVS360-034,Saint Petersburg,2032-09-12T19:50,2032-09-13T08:30,2.5
CLEAN-004399,EVS360-017,Moscow,2032-09-12T20:10,2032-09-13T10:15,2.5
CLEAN-004400,EVS360-035,Saint Petersburg,2032-09-12T20:10,2032-09-13T09:00,2.5
CLEAN-004401,EVS360-018,Moscow,2032-09-12T20:35,2032-09-13T10:30,2.5
CLEAN-004402,EVS360-036,Saint Petersburg,2032-09-12T20:35,2032-09-13T09:30,2.5
CLEAN-004403,EVS360-019,Moscow,2032-09-12T20:50,2032-09-13T11:00,2.5
CLEAN-004404,EVS360-037,Saint Petersburg,2032-09-12T20:50,2032-09-13T10:00,2.5
CLEAN-004405,EVS360-020,Moscow,2032-09-12T21:20,2032-09-13T11:30,2.5
CLEAN-004406,EVS360-038,Saint Petersburg,2032-09-12T21:20,2032-09-13T10:15,2.5
CLEAN-004407,EVS360-039,Saint Petersburg,2032-09-12T21:50,2032-09-13T10:30,2.5
CLEAN-004408,EVS360-001,Moscow,2032-09-14T15:20,2032-09-15T06:30,2.5
CLEAN-004409,EVS360-002,Moscow,2032-09-14T16:10,2032-09-15T07:00,2.5
CLEAN-004410,EVS360-021,Saint Petersburg,2032-09-14T16:10,2032-09-15T06:30,2.5
CLEAN-004411,EVS360-003,Moscow,2032-09-14T16:50,2032-09-15T07:30,2.5
CLEAN-004412,EVS360-022,Saint Petersburg,2032-09-14T16:50,2032-09-15T07:00,2.5
CLEAN-004413,EVS360-004,Moscow,2032-09-14T17:20,2032-09-15T08:00,2.5
CLEAN-004414,EVS360-023,Saint Petersburg,2032-09-14T17:20,2032-09-15T07:15,2.5
CLEAN-004415,EVS360-005,Moscow,2032-09-14T18:10,2032-09-15T08:30,2.5
CLEAN-004416,EVS360-024,Saint Petersburg,2032-09-14T18:10,2032-09-15T07:30,2.5
CLEAN-004417,EVS360-006,Moscow,2032-09-14T18:50,2032-09-15T09:00,2.5
CLEAN-004418,EVS360-025,Saint Petersburg,2032-09-14T18:50,2032-09-15T08:00,2.5
CLEAN-004419,EVS360-007,Moscow,2032-09-14T19:20,2032-09-15T09:30,2.5
CLEAN-004420,EVS360-008,Moscow,2032-09-14T19:50,2032-09-15T10:00,2.5
CLEAN-004421,EVS360-026,Saint Petersburg,2032-09-14T19:50,2032-09-15T08:30,2.5
CLEAN-004422,EVS360-009,Moscow,2032-09-14T20:10,2032-09-15T10:15,2.5
CLEAN-004423,EVS360-027,Saint Petersburg,2032-09-14T20:10,2032-09-15T09:00,2.5
CLEAN-004424,EVS360-010,Moscow,2032-09-14T20:35,2032-09-15T10:30,2.5
CLEAN-004425,EVS360-028,Saint Petersburg,2032-09-14T20:35,2032-09-15T09:30,2.5
CLEAN-004426,EVS360-011,Moscow,2032-09-14T20:50,2032-09-15T11:00,2.5
CLEAN-004427,EVS360-029,Saint Petersburg,2032-09-14T20:50,2032-09-15T10:00,2.5
CLEAN-004428,EVS360-012,Moscow,2032-09-14T21:20,2032-09-15T11:30,2.5
CLEAN-004429,EVS360-030,Saint Petersburg,2032-09-14T21:20,2032-09-15T10:15,2.5
CLEAN-004430,EVS360-013,Moscow,2032-09-14T21:50,2032-09-15T12:00,2.5
CLEAN-004431,EVS360-031,Saint Petersburg,2032-09-14T21:50,2032-09-15T10:30,2.5
CLEAN-004432,EVS360-014,Moscow,2032-09-14T22:10,2032-09-15T12:30,2.5
CLEAN-004433,EVS360-032,Saint Petersburg,2032-09-14T22:10,2032-09-15T11:00,2.5
CLEAN-004434,EVS360-033,Saint Petersburg,2032-09-14T22:35,2032-09-15T11:30,2.5
CLEAN-004435,EVS360-015,Moscow,2032-09-14T22:50,2032-09-15T13:00,2.5
CLEAN-004436,EVS360-034,Saint Petersburg,2032-09-14T22:50,2032-09-15T12:00,2.5
CLEAN-004437,EVS360-016,Moscow,2032-09-14T23:20,2032-09-15T13:30,2.5
CLEAN-004438,EVS360-035,Saint Petersburg,2032-09-14T23:20,2032-09-15T12:30,2.5
CLEAN-004439,EVS360-017,Moscow,2032-09-14T23:50,2032-09-15T14:00,2.5
CLEAN-004440,EVS360-036,Saint Petersburg,2032-09-14T23:50,2032-09-15T13:00,2.5
CLEAN-004441,EVS360-018,Moscow,2032-09-15T00:10,2032-09-15T14:30,2.5
CLEAN-004442,EVS360-037,Saint Petersburg,2032-09-15T00:10,2032-09-15T14:00,2.5
CLEAN-004443,EVS360-019,Moscow,2032-09-15T08:10,2032-09-15T15:00,2.5
CLEAN-004444,EVS360-038,Saint Petersburg,2032-09-15T08:10,2032-09-15T14:30,2.5
CLEAN-004445,EVS360-020,Moscow,2032-09-15T08:35,2032-09-15T16:00,2.5
CLEAN-004446,EVS360-039,Saint Petersburg,2032-09-15T08:35,2032-09-15T15:00,2.5
CLEAN-004447,EVS360-001,Moscow,2032-09-16T20:10,2032-09-17T10:15,2.5
CLEAN-004448,EVS360-002,Moscow,2032-09-16T20:35,2032-09-17T10:30,2.5
CLEAN-004449,EVS360-003,Moscow,2032-09-16T20:50,2032-09-17T11:00,2.5
CLEAN-004450,EVS360-021,Saint Petersburg,2032-09-16T20:50,2032-09-17T10:00,2.5
CLEAN-004451,EVS360-004,Moscow,2032-09-16T21:20,2032-09-17T11:30,2.5
CLEAN-004452,EVS360-022,Saint Petersburg,2032-09-16T21:20,2032-09-17T10:15,2.5
CLEAN-004453,EVS360-005,Moscow,2032-09-16T21:50,2032-09-17T12:00,2.5
CLEAN-004454,EVS360-023,Saint Petersburg,2032-09-16T21:50,2032-09-17T10:30,2.5
CLEAN-004455,EVS360-006,Moscow,2032-09-16T22:10,2032-09-17T12:30,2.5
CLEAN-004456,EVS360-024,Saint Petersburg,2032-09-16T22:10,2032-09-17T11:00,2.5
CLEAN-004457,EVS360-025,Saint Petersburg,2032-09-16T22:35,2032-09-17T11:30,2.5
CLEAN-004458,EVS360-007,Moscow,2032-09-16T22:50,2032-09-17T13:00,2.5
CLEAN-004459,EVS360-026,Saint Petersburg,2032-09-16T22:50,2032-09-17T12:00,2.5
CLEAN-004460,EVS360-008,Moscow,2032-09-16T23:20,2032-09-17T13:30,2.5
CLEAN-004461,EVS360-027,Saint Petersburg,2032-09-16T23:20,2032-09-17T12:30,2.5
CLEAN-004462,EVS360-009,Moscow,2032-09-16T23:50,2032-09-17T14:00,2.5
CLEAN-004463,EVS360-028,Saint Petersburg,2032-09-16T23:50,2032-09-17T13:00,2.5
CLEAN-004464,EVS360-010,Moscow,2032-09-17T00:10,2032-09-17T14:30,2.5
CLEAN-004465,EVS360-029,Saint Petersburg,2032-09-17T00:10,2032-09-17T14:00,2.5
CLEAN-004466,EVS360-011,Moscow,2032-09-17T08:10,2032-09-17T15:00,2.5
CLEAN-004467,EVS360-030,Saint Petersburg,2032-09-17T08:10,2032-09-17T14:30,2.5
CLEAN-004468,EVS360-012,Moscow,2032-09-17T08:35,2032-09-17T16:00,2.5
CLEAN-004469,EVS360-031,Saint Petersburg,2032-09-17T08:35,2032-09-17T15:00,2.5
CLEAN-004470,EVS360-013,Moscow,2032-09-17T08:50,2032-09-17T16:30,2.5
CLEAN-004471,EVS360-032,Saint Petersburg,2032-09-17T08:50,2032-09-17T16:00,2.5
CLEAN-004472,EVS360-014,Moscow,2032-09-17T09:20,2032-09-17T17:30,2.5
CLEAN-004473,EVS360-033,Saint Petersburg,2032-09-17T09:20,2032-09-17T16:30,2.5
CLEAN-004474,EVS360-015,Moscow,2032-09-17T09:35,2032-09-17T18:00,2.5
CLEAN-004475,EVS360-016,Moscow,2032-09-17T09:50,2032-09-17T18:15,2.5
CLEAN-004476,EVS360-034,Saint Petersburg,2032-09-17T09:50,2032-09-17T17:00,2.5
CLEAN-004477,EVS360-017,Moscow,2032-09-17T10:10,2032-09-17T18:30,2.5
CLEAN-004478,EVS360-035,Saint Petersburg,2032-09-17T10:10,2032-09-17T17:30,2.5
CLEAN-004479,EVS360-018,Moscow,2032-09-17T10:50,2032-09-17T19:00,2.5
CLEAN-004480,EVS360-036,Saint Petersburg,2032-09-17T10:50,2032-09-17T18:00,2.5
CLEAN-004481,EVS360-019,Moscow,2032-09-17T11:20,2032-09-17T19:30,2.5
CLEAN-004482,EVS360-037,Saint Petersburg,2032-09-17T11:20,2032-09-17T18:15,2.5
CLEAN-004483,EVS360-020,Moscow,2032-09-17T11:50,2032-09-17T20:00,2.5
CLEAN-004484,EVS360-038,Saint Petersburg,2032-09-17T11:50,2032-09-17T18:30,2.5
CLEAN-004485,EVS360-039,Saint Petersburg,2032-09-17T12:10,2032-09-17T19:00,2.5
CLEAN-004486,EVS360-001,Moscow,2032-09-18T23:50,2032-09-19T14:00,2.5
CLEAN-004487,EVS360-002,Moscow,2032-09-19T00:10,2032-09-19T14:30,2.5
CLEAN-004488,EVS360-021,Saint Petersburg,2032-09-19T00:10,2032-09-19T14:00,2.5
CLEAN-004489,EVS360-003,Moscow,2032-09-19T08:10,2032-09-19T15:00,2.5
CLEAN-004490,EVS360-022,Saint Petersburg,2032-09-19T08:10,2032-09-19T14:30,2.5
CLEAN-004491,EVS360-004,Moscow,2032-09-19T08:35,2032-09-19T16:00,2.5
CLEAN-004492,EVS360-023,Saint Petersburg,2032-09-19T08:35,2032-09-19T15:00,2.5
CLEAN-004493,EVS360-005,Moscow,2032-09-19T08:50,2032-09-19T16:30,2.5
CLEAN-004494,EVS360-024,Saint Petersburg,2032-09-19T08:50,2032-09-19T16:00,2.5
CLEAN-004495,EVS360-006,Moscow,2032-09-19T09:20,2032-09-19T17:30,2.5
CLEAN-004496,EVS360-025,Saint Petersburg,2032-09-19T09:20,2032-09-19T16:30,2.5
CLEAN-004497,EVS360-007,Moscow,2032-09-19T09:35,2032-09-19T18:00,2.5
CLEAN-004498,EVS360-008,Moscow,2032-09-19T09:50,2032-09-19T18:15,2.5
CLEAN-004499,EVS360-026,Saint Petersburg,2032-09-19T09:50,2032-09-19T17:00,2.5
CLEAN-004500,EVS360-009,Moscow,2032-09-19T10:10,2032-09-19T18:30,2.5
CLEAN-004501,EVS360-027,Saint Petersburg,2032-09-19T10:10,2032-09-19T17:30,2.5
CLEAN-004502,EVS360-010,Moscow,2032-09-19T10:50,2032-09-19T19:00,2.5
CLEAN-004503,EVS360-028,Saint Petersburg,2032-09-19T10:50,2032-09-19T18:00,2.5
CLEAN-004504,EVS360-011,Moscow,2032-09-19T11:20,2032-09-19T19:30,2.5
CLEAN-004505,EVS360-029,Saint Petersburg,2032-09-19T11:20,2032-09-19T18:15,2.5
CLEAN-004506,EVS360-012,Moscow,2032-09-19T11:50,2032-09-19T20:00,2.5
CLEAN-004507,EVS360-030,Saint Petersburg,2032-09-19T11:50,2032-09-19T18:30,2.5
CLEAN-004508,EVS360-013,Moscow,2032-09-19T12:10,2032-09-19T20:15,2.5
CLEAN-004509,EVS360-031,Saint Petersburg,2032-09-19T12:10,2032-09-19T19:00,2.5
CLEAN-004510,EVS360-014,Moscow,2032-09-19T12:35,2032-09-19T20:30,2.5
CLEAN-004511,EVS360-032,Saint Petersburg,2032-09-19T12:35,2032-09-19T19:30,2.5
CLEAN-004512,EVS360-015,Moscow,2032-09-19T12:50,2032-09-19T21:00,2.5
CLEAN-004513,EVS360-033,Saint Petersburg,2032-09-19T12:50,2032-09-19T20:00,2.5
CLEAN-004514,EVS360-016,Moscow,2032-09-19T13:20,2032-09-19T21:30,2.5
CLEAN-004515,EVS360-034,Saint Petersburg,2032-09-19T13:20,2032-09-19T20:30,2.5
CLEAN-004516,EVS360-017,Moscow,2032-09-19T13:50,2032-09-19T22:00,2.5
CLEAN-004517,EVS360-035,Saint Petersburg,2032-09-19T13:50,2032-09-19T21:00,2.5
CLEAN-004518,EVS360-018,Moscow,2032-09-19T14:10,2032-09-20T06:00,2.5
CLEAN-004519,EVS360-036,Saint Petersburg,2032-09-19T14:10,2032-09-19T21:30,2.5
CLEAN-004520,EVS360-019,Moscow,2032-09-19T14:50,2032-09-20T06:15,2.5
CLEAN-004521,EVS360-037,Saint Petersburg,2032-09-19T14:50,2032-09-19T22:00,2.5
CLEAN-004522,EVS360-020,Moscow,2032-09-19T15:20,2032-09-20T06:30,2.5
CLEAN-004523,EVS360-038,Saint Petersburg,2032-09-19T15:20,2032-09-20T06:00,2.5
CLEAN-004524,EVS360-039,Saint Petersburg,2032-09-19T15:50,2032-09-20T06:15,2.5
CLEAN-004525,EVS360-001,Moscow,2032-09-21T10:10,2032-09-21T18:30,2.5
CLEAN-004526,EVS360-002,Moscow,2032-09-21T10:50,2032-09-21T19:00,2.5
CLEAN-004527,EVS360-003,Moscow,2032-09-21T11:20,2032-09-21T19:30,2.5
CLEAN-004528,EVS360-021,Saint Petersburg,2032-09-21T11:20,2032-09-21T18:15,2.5
CLEAN-004529,EVS360-004,Moscow,2032-09-21T11:50,2032-09-21T20:00,2.5
CLEAN-004530,EVS360-022,Saint Petersburg,2032-09-21T11:50,2032-09-21T18:30,2.5
CLEAN-004531,EVS360-005,Moscow,2032-09-21T12:10,2032-09-21T20:15,2.5
CLEAN-004532,EVS360-023,Saint Petersburg,2032-09-21T12:10,2032-09-21T19:00,2.5
CLEAN-004533,EVS360-006,Moscow,2032-09-21T12:35,2032-09-21T20:30,2.5
CLEAN-004534,EVS360-024,Saint Petersburg,2032-09-21T12:35,2032-09-21T19:30,2.5
CLEAN-004535,EVS360-007,Moscow,2032-09-21T12:50,2032-09-21T21:00,2.5
CLEAN-004536,EVS360-025,Saint Petersburg,2032-09-21T12:50,2032-09-21T20:00,2.5
CLEAN-004537,EVS360-008,Moscow,2032-09-21T13:20,2032-09-21T21:30,2.5
CLEAN-004538,EVS360-026,Saint Petersburg,2032-09-21T13:20,2032-09-21T20:30,2.5
CLEAN-004539,EVS360-009,Moscow,2032-09-21T13:50,2032-09-21T22:00,2.5
CLEAN-004540,EVS360-027,Saint Petersburg,2032-09-21T13:50,2032-09-21T21:00,2.5
CLEAN-004541,EVS360-010,Moscow,2032-09-21T14:10,2032-09-22T06:00,2.5
CLEAN-004542,EVS360-028,Saint Petersburg,2032-09-21T14:10,2032-09-21T21:30,2.5
CLEAN-004543,EVS360-011,Moscow,2032-09-21T14:50,2032-09-22T06:15,2.5
CLEAN-004544,EVS360-029,Saint Petersburg,2032-09-21T14:50,2032-09-21T22:00,2.5
CLEAN-004545,EVS360-012,Moscow,2032-09-21T15:20,2032-09-22T06:30,2.5
CLEAN-004546,EVS360-030,Saint Petersburg,2032-09-21T15:20,2032-09-22T06:00,2.5
CLEAN-004547,EVS360-031,Saint Petersburg,2032-09-21T15:50,2032-09-22T06:15,2.5
CLEAN-004548,EVS360-013,Moscow,2032-09-21T16:10,2032-09-22T07:00,2.5
CLEAN-004549,EVS360-032,Saint Petersburg,2032-09-21T16:10,2032-09-22T06:30,2.5
CLEAN-004550,EVS360-014,Moscow,2032-09-21T16:50,2032-09-22T07:30,2.5
CLEAN-004551,EVS360-033,Saint Petersburg,2032-09-21T16:50,2032-09-22T07:00,2.5
CLEAN-004552,EVS360-015,Moscow,2032-09-21T17:20,2032-09-22T08:00,2.5
CLEAN-004553,EVS360-034,Saint Petersburg,2032-09-21T17:20,2032-09-22T07:15,2.5
CLEAN-004554,EVS360-016,Moscow,2032-09-21T18:10,2032-09-22T08:30,2.5
CLEAN-004555,EVS360-035,Saint Petersburg,2032-09-21T18:10,2032-09-22T07:30,2.5
CLEAN-004556,EVS360-017,Moscow,2032-09-21T18:50,2032-09-22T09:00,2.5
CLEAN-004557,EVS360-036,Saint Petersburg,2032-09-21T18:50,2032-09-22T08:00,2.5
CLEAN-004558,EVS360-018,Moscow,2032-09-21T19:20,2032-09-22T09:30,2.5
CLEAN-004559,EVS360-019,Moscow,2032-09-21T19:50,2032-09-22T10:00,2.5
CLEAN-004560,EVS360-037,Saint Petersburg,2032-09-21T19:50,2032-09-22T08:30,2.5
CLEAN-004561,EVS360-020,Moscow,2032-09-21T20:10,2032-09-22T10:15,2.5
CLEAN-004562,EVS360-038,Saint Petersburg,2032-09-21T20:10,2032-09-22T09:00,2.5
CLEAN-004563,EVS360-039,Saint Petersburg,2032-09-21T20:35,2032-09-22T09:30,2.5
CLEAN-004564,EVS360-001,Moscow,2032-09-23T13:50,2032-09-23T22:00,2.5
CLEAN-004565,EVS360-002,Moscow,2032-09-23T14:10,2032-09-24T06:00,2.5
CLEAN-004566,EVS360-003,Moscow,2032-09-23T14:50,2032-09-24T06:15,2.5
CLEAN-004567,EVS360-021,Saint Petersburg,2032-09-23T14:50,2032-09-23T22:00,2.5
CLEAN-004568,EVS360-004,Moscow,2032-09-23T15:20,2032-09-24T06:30,2.5
CLEAN-004569,EVS360-022,Saint Petersburg,2032-09-23T15:20,2032-09-24T06:00,2.5
CLEAN-004570,EVS360-023,Saint Petersburg,2032-09-23T15:50,2032-09-24T06:15,2.5
CLEAN-004571,EVS360-005,Moscow,2032-09-23T16:10,2032-09-24T07:00,2.5
CLEAN-004572,EVS360-024,Saint Petersburg,2032-09-23T16:10,2032-09-24T06:30,2.5
CLEAN-004573,EVS360-006,Moscow,2032-09-23T16:50,2032-09-24T07:30,2.5
CLEAN-004574,EVS360-025,Saint Petersburg,2032-09-23T16:50,2032-09-24T07:00,2.5
CLEAN-004575,EVS360-007,Moscow,2032-09-23T17:20,2032-09-24T08:00,2.5
CLEAN-004576,EVS360-026,Saint Petersburg,2032-09-23T17:20,2032-09-24T07:15,2.5
CLEAN-004577,EVS360-008,Moscow,2032-09-23T18:10,2032-09-24T08:30,2.5
CLEAN-004578,EVS360-027,Saint Petersburg,2032-09-23T18:10,2032-09-24T07:30,2.5
CLEAN-004579,EVS360-009,Moscow,2032-09-23T18:50,2032-09-24T09:00,2.5
CLEAN-004580,EVS360-028,Saint Petersburg,2032-09-23T18:50,2032-09-24T08:00,2.5
CLEAN-004581,EVS360-010,Moscow,2032-09-23T19:20,2032-09-24T09:30,2.5
CLEAN-004582,EVS360-011,Moscow,2032-09-23T19:50,2032-09-24T10:00,2.5
CLEAN-004583,EVS360-029,Saint Petersburg,2032-09-23T19:50,2032-09-24T08:30,2.5
CLEAN-004584,EVS360-012,Moscow,2032-09-23T20:10,2032-09-24T10:15,2.5
CLEAN-004585,EVS360-030,Saint Petersburg,2032-09-23T20:10,2032-09-24T09:00,2.5
CLEAN-004586,EVS360-013,Moscow,2032-09-23T20:35,2032-09-24T10:30,2.5
CLEAN-004587,EVS360-031,Saint Petersburg,2032-09-23T20:35,2032-09-24T09:30,2.5
CLEAN-004588,EVS360-014,Moscow,2032-09-23T20:50,2032-09-24T11:00,2.5
CLEAN-004589,EVS360-032,Saint Petersburg,2032-09-23T20:50,2032-09-24T10:00,2.5
CLEAN-004590,EVS360-015,Moscow,2032-09-23T21:20,2032-09-24T11:30,2.5
CLEAN-004591,EVS360-033,Saint Petersburg,2032-09-23T21:20,2032-09-24T10:15,2.5
CLEAN-004592,EVS360-016,Moscow,2032-09-23T21:50,2032-09-24T12:00,2.5
CLEAN-004593,EVS360-034,Saint Petersburg,2032-09-23T21:50,2032-09-24T10:30,2.5
CLEAN-004594,EVS360-017,Moscow,2032-09-23T22:10,2032-09-24T12:30,2.5
CLEAN-004595,EVS360-035,Saint Petersburg,2032-09-23T22:10,2032-09-24T11:00,2.5
CLEAN-004596,EVS360-036,Saint Petersburg,2032-09-23T22:35,2032-09-24T11:30,2.5
CLEAN-004597,EVS360-018,Moscow,2032-09-23T22:50,2032-09-24T13:00,2.5
CLEAN-004598,EVS360-037,Saint Petersburg,2032-09-23T22:50,2032-09-24T12:00,2.5
CLEAN-004599,EVS360-019,Moscow,2032-09-23T23:20,2032-09-24T13:30,2.5
CLEAN-004600,EVS360-038,Saint Petersburg,2032-09-23T23:20,2032-09-24T12:30,2.5
CLEAN-004601,EVS360-020,Moscow,2032-09-23T23:50,2032-09-24T14:00,2.5
CLEAN-004602,EVS360-039,Saint Petersburg,2032-09-23T23:50,2032-09-24T13:00,2.5
CLEAN-004603,EVS360-001,Moscow,2032-09-25T18:50,2032-09-26T09:00,2.5
CLEAN-004604,EVS360-002,Moscow,2032-09-25T19:20,2032-09-26T09:30,2.5
CLEAN-004605,EVS360-003,Moscow,2032-09-25T19:50,2032-09-26T10:00,2.5
CLEAN-004606,EVS360-021,Saint Petersburg,2032-09-25T19:50,2032-09-26T08:30,2.5
CLEAN-004607,EVS360-004,Moscow,2032-09-25T20:10,2032-09-26T10:15,2.5
CLEAN-004608,EVS360-022,Saint Petersburg,2032-09-25T20:10,2032-09-26T09:00,2.5
CLEAN-004609,EVS360-005,Moscow,2032-09-25T20:35,2032-09-26T10:30,2.5
CLEAN-004610,EVS360-023,Saint Petersburg,2032-09-25T20:35,2032-09-26T09:30,2.5
CLEAN-004611,EVS360-006,Moscow,2032-09-25T20:50,2032-09-26T11:00,2.5
CLEAN-004612,EVS360-024,Saint Petersburg,2032-09-25T20:50,2032-09-26T10:00,2.5
CLEAN-004613,EVS360-007,Moscow,2032-09-25T21:20,2032-09-26T11:30,2.5
CLEAN-004614,EVS360-025,Saint Petersburg,2032-09-25T21:20,2032-09-26T10:15,2.5
CLEAN-004615,EVS360-008,Moscow,2032-09-25T21:50,2032-09-26T12:00,2.5
CLEAN-004616,EVS360-026,Saint Petersburg,2032-09-25T21:50,2032-09-26T10:30,2.5
CLEAN-004617,EVS360-009,Moscow,2032-09-25T22:10,2032-09-26T12:30,2.5
CLEAN-004618,EVS360-027,Saint Petersburg,2032-09-25T22:10,2032-09-26T11:00,2.5
CLEAN-004619,EVS360-028,Saint Petersburg,2032-09-25T22:35,2032-09-26T11:30,2.5
CLEAN-004620,EVS360-010,Moscow,2032-09-25T22:50,2032-09-26T13:00,2.5
CLEAN-004621,EVS360-029,Saint Petersburg,2032-09-25T22:50,2032-09-26T12:00,2.5
CLEAN-004622,EVS360-011,Moscow,2032-09-25T23:20,2032-09-26T13:30,2.5
CLEAN-004623,EVS360-030,Saint Petersburg,2032-09-25T23:20,2032-09-26T12:30,2.5
CLEAN-004624,EVS360-012,Moscow,2032-09-25T23:50,2032-09-26T14:00,2.5
CLEAN-004625,EVS360-031,Saint Petersburg,2032-09-25T23:50,2032-09-26T13:00,2.5
CLEAN-004626,EVS360-013,Moscow,2032-09-26T00:10,2032-09-26T14:30,2.5
CLEAN-004627,EVS360-032,Saint Petersburg,2032-09-26T00:10,2032-09-26T14:00,2.5
CLEAN-004628,EVS360-014,Moscow,2032-09-26T08:10,2032-09-26T15:00,2.5
CLEAN-004629,EVS360-033,Saint Petersburg,2032-09-26T08:10,2032-09-26T14:30,2.5
CLEAN-004630,EVS360-015,Moscow,2032-09-26T08:35,2032-09-26T16:00,2.5
CLEAN-004631,EVS360-034,Saint Petersburg,2032-09-26T08:35,2032-09-26T15:00,2.5
CLEAN-004632,EVS360-016,Moscow,2032-09-26T08:50,2032-09-26T16:30,2.5
CLEAN-004633,EVS360-035,Saint Petersburg,2032-09-26T08:50,2032-09-26T16:00,2.5
CLEAN-004634,EVS360-017,Moscow,2032-09-26T09:20,2032-09-26T17:30,2.5
CLEAN-004635,EVS360-036,Saint Petersburg,2032-09-26T09:20,2032-09-26T16:30,2.5
CLEAN-004636,EVS360-018,Moscow,2032-09-26T09:35,2032-09-26T18:00,2.5
CLEAN-004637,EVS360-019,Moscow,2032-09-26T09:50,2032-09-26T18:15,2.5
CLEAN-004638,EVS360-037,Saint Petersburg,2032-09-26T09:50,2032-09-26T17:00,2.5
CLEAN-004639,EVS360-020,Moscow,2032-09-26T10:10,2032-09-26T18:30,2.5
CLEAN-004640,EVS360-038,Saint Petersburg,2032-09-26T10:10,2032-09-26T17:30,2.5
CLEAN-004641,EVS360-039,Saint Petersburg,2032-09-26T10:50,2032-09-26T18:00,2.5
CLEAN-004642,EVS360-001,Moscow,2032-09-27T22:10,2032-09-28T12:30,2.5
CLEAN-004643,EVS360-002,Moscow,2032-09-27T22:50,2032-09-28T13:00,2.5
CLEAN-004644,EVS360-021,Saint Petersburg,2032-09-27T22:50,2032-09-28T12:00,2.5
CLEAN-004645,EVS360-003,Moscow,2032-09-27T23:20,2032-09-28T13:30,2.5
CLEAN-004646,EVS360-022,Saint Petersburg,2032-09-27T23:20,2032-09-28T12:30,2.5
CLEAN-004647,EVS360-004,Moscow,2032-09-27T23:50,2032-09-28T14:00,2.5
CLEAN-004648,EVS360-023,Saint Petersburg,2032-09-27T23:50,2032-09-28T13:00,2.5
CLEAN-004649,EVS360-005,Moscow,2032-09-28T00:10,2032-09-28T14:30,2.5
CLEAN-004650,EVS360-024,Saint Petersburg,2032-09-28T00:10,2032-09-28T14:00,2.5
CLEAN-004651,EVS360-006,Moscow,2032-09-28T08:10,2032-09-28T15:00,2.5
CLEAN-004652,EVS360-025,Saint Petersburg,2032-09-28T08:10,2032-09-28T14:30,2.5
CLEAN-004653,EVS360-007,Moscow,2032-09-28T08:35,2032-09-28T16:00,2.5
CLEAN-004654,EVS360-026,Saint Petersburg,2032-09-28T08:35,2032-09-28T15:00,2.5
CLEAN-004655,EVS360-008,Moscow,2032-09-28T08:50,2032-09-28T16:30,2.5
CLEAN-004656,EVS360-027,Saint Petersburg,2032-09-28T08:50,2032-09-28T16:00,2.5
CLEAN-004657,EVS360-009,Moscow,2032-09-28T09:20,2032-09-28T17:30,2.5
CLEAN-004658,EVS360-028,Saint Petersburg,2032-09-28T09:20,2032-09-28T16:30,2.5
CLEAN-004659,EVS360-010,Moscow,2032-09-28T09:35,2032-09-28T18:00,2.5
CLEAN-004660,EVS360-011,Moscow,2032-09-28T09:50,2032-09-28T18:15,2.5
CLEAN-004661,EVS360-029,Saint Petersburg,2032-09-28T09:50,2032-09-28T17:00,2.5
CLEAN-004662,EVS360-012,Moscow,2032-09-28T10:10,2032-09-28T18:30,2.5
CLEAN-004663,EVS360-030,Saint Petersburg,2032-09-28T10:10,2032-09-28T17:30,2.5
CLEAN-004664,EVS360-013,Moscow,2032-09-28T10:50,2032-09-28T19:00,2.5
CLEAN-004665,EVS360-031,Saint Petersburg,2032-09-28T10:50,2032-09-28T18:00,2.5
CLEAN-004666,EVS360-014,Moscow,2032-09-28T11:20,2032-09-28T19:30,2.5
CLEAN-004667,EVS360-032,Saint Petersburg,2032-09-28T11:20,2032-09-28T18:15,2.5
CLEAN-004668,EVS360-015,Moscow,2032-09-28T11:50,2032-09-28T20:00,2.5
CLEAN-004669,EVS360-033,Saint Petersburg,2032-09-28T11:50,2032-09-28T18:30,2.5
CLEAN-004670,EVS360-016,Moscow,2032-09-28T12:10,2032-09-28T20:15,2.5
CLEAN-004671,EVS360-034,Saint Petersburg,2032-09-28T12:10,2032-09-28T19:00,2.5
CLEAN-004672,EVS360-017,Moscow,2032-09-28T12:35,2032-09-28T20:30,2.5
CLEAN-004673,EVS360-035,Saint Petersburg,2032-09-28T12:35,2032-09-28T19:30,2.5
CLEAN-004674,EVS360-018,Moscow,2032-09-28T12:50,2032-09-28T21:00,2.5
CLEAN-004675,EVS360-036,Saint Petersburg,2032-09-28T12:50,2032-09-28T20:00,2.5
CLEAN-004676,EVS360-019,Moscow,2032-09-28T13:20,2032-09-28T21:30,2.5
CLEAN-004677,EVS360-037,Saint Petersburg,2032-09-28T13:20,2032-09-28T20:30,2.5
CLEAN-004678,EVS360-020,Moscow,2032-09-28T13:50,2032-09-28T22:00,2.5
CLEAN-004679,EVS360-038,Saint Petersburg,2032-09-28T13:50,2032-09-28T21:00,2.5
CLEAN-004680,EVS360-039,Saint Petersburg,2032-09-28T14:10,2032-09-28T21:30,2.5
CLEAN-004681,EVS360-001,Moscow,2032-09-30T09:20,2032-09-30T17:30,2.5
CLEAN-004682,EVS360-002,Moscow,2032-09-30T09:35,2032-09-30T18:00,2.5
CLEAN-004683,EVS360-003,Moscow,2032-09-30T09:50,2032-09-30T18:15,2.5
CLEAN-004684,EVS360-021,Saint Petersburg,2032-09-30T09:50,2032-09-30T17:00,2.5
CLEAN-004685,EVS360-004,Moscow,2032-09-30T10:10,2032-09-30T18:30,2.5
CLEAN-004686,EVS360-022,Saint Petersburg,2032-09-30T10:10,2032-09-30T17:30,2.5
CLEAN-004687,EVS360-005,Moscow,2032-09-30T10:50,2032-09-30T19:00,2.5
CLEAN-004688,EVS360-023,Saint Petersburg,2032-09-30T10:50,2032-09-30T18:00,2.5
CLEAN-004689,EVS360-006,Moscow,2032-09-30T11:20,2032-09-30T19:30,2.5
CLEAN-004690,EVS360-024,Saint Petersburg,2032-09-30T11:20,2032-09-30T18:15,2.5
CLEAN-004691,EVS360-007,Moscow,2032-09-30T11:50,2032-09-30T20:00,2.5
CLEAN-004692,EVS360-025,Saint Petersburg,2032-09-30T11:50,2032-09-30T18:30,2.5
CLEAN-004693,EVS360-008,Moscow,2032-09-30T12:10,2032-09-30T20:15,2.5
CLEAN-004694,EVS360-026,Saint Petersburg,2032-09-30T12:10,2032-09-30T19:00,2.5
CLEAN-004695,EVS360-009,Moscow,2032-09-30T12:35,2032-09-30T20:30,2.5
CLEAN-004696,EVS360-027,Saint Petersburg,2032-09-30T12:35,2032-09-30T19:30,2.5
CLEAN-004697,EVS360-010,Moscow,2032-09-30T12:50,2032-09-30T21:00,2.5
CLEAN-004698,EVS360-028,Saint Petersburg,2032-09-30T12:50,2032-09-30T20:00,2.5
CLEAN-004699,EVS360-011,Moscow,2032-09-30T13:20,2032-09-30T21:30,2.5
CLEAN-004700,EVS360-029,Saint Petersburg,2032-09-30T13:20,2032-09-30T20:30,2.5
CLEAN-004701,EVS360-012,Moscow,2032-09-30T13:50,2032-09-30T22:00,2.5
CLEAN-004702,EVS360-030,Saint Petersburg,2032-09-30T13:50,2032-09-30T21:00,2.5
CLEAN-004703,EVS360-013,Moscow,2032-09-30T14:10,2032-10-01T06:00,2.5
CLEAN-004704,EVS360-031,Saint Petersburg,2032-09-30T14:10,2032-09-30T21:30,2.5
CLEAN-004705,EVS360-014,Moscow,2032-09-30T14:50,2032-10-01T06:15,2.5
CLEAN-004706,EVS360-032,Saint Petersburg,2032-09-30T14:50,2032-09-30T22:00,2.5
CLEAN-004707,EVS360-015,Moscow,2032-09-30T15:20,2032-10-01T06:30,2.5
CLEAN-004708,EVS360-033,Saint Petersburg,2032-09-30T15:20,2032-10-01T06:00,2.5
CLEAN-004709,EVS360-034,Saint Petersburg,2032-09-30T15:50,2032-10-01T06:15,2.5
CLEAN-004710,EVS360-016,Moscow,2032-09-30T16:10,2032-10-01T07:00,2.5
CLEAN-004711,EVS360-035,Saint Petersburg,2032-09-30T16:10,2032-10-01T06:30,2.5
CLEAN-004712,EVS360-017,Moscow,2032-09-30T16:50,2032-10-01T07:30,2.5
CLEAN-004713,EVS360-036,Saint Petersburg,2032-09-30T16:50,2032-10-01T07:00,2.5
CLEAN-004714,EVS360-018,Moscow,2032-09-30T17:20,2032-10-01T08:00,2.5
CLEAN-004715,EVS360-037,Saint Petersburg,2032-09-30T17:20,2032-10-01T07:15,2.5
CLEAN-004716,EVS360-019,Moscow,2032-09-30T18:10,2032-10-01T08:30,2.5
CLEAN-004717,EVS360-038,Saint Petersburg,2032-09-30T18:10,2032-10-01T07:30,2.5
CLEAN-004718,EVS360-020,Moscow,2032-09-30T18:50,2032-10-01T09:00,2.5
CLEAN-004719,EVS360-039,Saint Petersburg,2032-09-30T18:50,2032-10-01T08:00,2.5
CLEAN-004720,EVS360-001,Moscow,2032-10-02T12:35,2032-10-02T20:30,2.5
CLEAN-004721,EVS360-002,Moscow,2032-10-02T12:50,2032-10-02T21:00,2.5
CLEAN-004722,EVS360-003,Moscow,2032-10-02T13:20,2032-10-02T21:30,2.5
CLEAN-004723,EVS360-021,Saint Petersburg,2032-10-02T13:20,2032-10-02T20:30,2.5
CLEAN-004724,EVS360-004,Moscow,2032-10-02T13:50,2032-10-02T22:00,2.5
CLEAN-004725,EVS360-022,Saint Petersburg,2032-10-02T13:50,2032-10-02T21:00,2.5
CLEAN-004726,EVS360-005,Moscow,2032-10-02T14:10,2032-10-03T06:00,2.5
CLEAN-004727,EVS360-023,Saint Petersburg,2032-10-02T14:10,2032-10-02T21:30,2.5
CLEAN-004728,EVS360-006,Moscow,2032-10-02T14:50,2032-10-03T06:15,2.5
CLEAN-004729,EVS360-024,Saint Petersburg,2032-10-02T14:50,2032-10-02T22:00,2.5
CLEAN-004730,EVS360-007,Moscow,2032-10-02T15:20,2032-10-03T06:30,2.5
CLEAN-004731,EVS360-025,Saint Petersburg,2032-10-02T15:20,2032-10-03T06:00,2.5
CLEAN-004732,EVS360-026,Saint Petersburg,2032-10-02T15:50,2032-10-03T06:15,2.5
CLEAN-004733,EVS360-008,Moscow,2032-10-02T16:10,2032-10-03T07:00,2.5
CLEAN-004734,EVS360-027,Saint Petersburg,2032-10-02T16:10,2032-10-03T06:30,2.5
CLEAN-004735,EVS360-009,Moscow,2032-10-02T16:50,2032-10-03T07:30,2.5
CLEAN-004736,EVS360-028,Saint Petersburg,2032-10-02T16:50,2032-10-03T07:00,2.5
CLEAN-004737,EVS360-010,Moscow,2032-10-02T17:20,2032-10-03T08:00,2.5
CLEAN-004738,EVS360-029,Saint Petersburg,2032-10-02T17:20,2032-10-03T07:15,2.5
CLEAN-004739,EVS360-011,Moscow,2032-10-02T18:10,2032-10-03T08:30,2.5
CLEAN-004740,EVS360-030,Saint Petersburg,2032-10-02T18:10,2032-10-03T07:30,2.5
CLEAN-004741,EVS360-012,Moscow,2032-10-02T18:50,2032-10-03T09:00,2.5
CLEAN-004742,EVS360-031,Saint Petersburg,2032-10-02T18:50,2032-10-03T08:00,2.5
CLEAN-004743,EVS360-013,Moscow,2032-10-02T19:20,2032-10-03T09:30,2.5
CLEAN-004744,EVS360-014,Moscow,2032-10-02T19:50,2032-10-03T10:00,2.5
CLEAN-004745,EVS360-032,Saint Petersburg,2032-10-02T19:50,2032-10-03T08:30,2.5
CLEAN-004746,EVS360-015,Moscow,2032-10-02T20:10,2032-10-03T10:15,2.5
CLEAN-004747,EVS360-033,Saint Petersburg,2032-10-02T20:10,2032-10-03T09:00,2.5
CLEAN-004748,EVS360-016,Moscow,2032-10-02T20:35,2032-10-03T10:30,2.5
CLEAN-004749,EVS360-034,Saint Petersburg,2032-10-02T20:35,2032-10-03T09:30,2.5
CLEAN-004750,EVS360-017,Moscow,2032-10-02T20:50,2032-10-03T11:00,2.5
CLEAN-004751,EVS360-035,Saint Petersburg,2032-10-02T20:50,2032-10-03T10:00,2.5
CLEAN-004752,EVS360-018,Moscow,2032-10-02T21:20,2032-10-03T11:30,2.5
CLEAN-004753,EVS360-036,Saint Petersburg,2032-10-02T21:20,2032-10-03T10:15,2.5
CLEAN-004754,EVS360-019,Moscow,2032-10-02T21:50,2032-10-03T12:00,2.5
CLEAN-004755,EVS360-037,Saint Petersburg,2032-10-02T21:50,2032-10-03T10:30,2.5
CLEAN-004756,EVS360-020,Moscow,2032-10-02T22:10,2032-10-03T12:30,2.5
CLEAN-004757,EVS360-038,Saint Petersburg,2032-10-02T22:10,2032-10-03T11:00,2.5
CLEAN-004758,EVS360-039,Saint Petersburg,2032-10-02T22:35,2032-10-03T11:30,2.5
CLEAN-004759,EVS360-001,Moscow,2032-10-04T16:50,2032-10-05T07:30,2.5
CLEAN-004760,EVS360-002,Moscow,2032-10-04T17:20,2032-10-05T08:00,2.5
CLEAN-004761,EVS360-021,Saint Petersburg,2032-10-04T17:20,2032-10-05T07:15,2.5
CLEAN-004762,EVS360-003,Moscow,2032-10-04T18:10,2032-10-05T08:30,2.5
CLEAN-004763,EVS360-022,Saint Petersburg,2032-10-04T18:10,2032-10-05T07:30,2.5
CLEAN-004764,EVS360-004,Moscow,2032-10-04T18:50,2032-10-05T09:00,2.5
CLEAN-004765,EVS360-023,Saint Petersburg,2032-10-04T18:50,2032-10-05T08:00,2.5
CLEAN-004766,EVS360-005,Moscow,2032-10-04T19:20,2032-10-05T09:30,2.5
CLEAN-004767,EVS360-006,Moscow,2032-10-04T19:50,2032-10-05T10:00,2.5
CLEAN-004768,EVS360-024,Saint Petersburg,2032-10-04T19:50,2032-10-05T08:30,2.5
CLEAN-004769,EVS360-007,Moscow,2032-10-04T20:10,2032-10-05T10:15,2.5
CLEAN-004770,EVS360-025,Saint Petersburg,2032-10-04T20:10,2032-10-05T09:00,2.5
CLEAN-004771,EVS360-008,Moscow,2032-10-04T20:35,2032-10-05T10:30,2.5
CLEAN-004772,EVS360-026,Saint Petersburg,2032-10-04T20:35,2032-10-05T09:30,2.5
CLEAN-004773,EVS360-009,Moscow,2032-10-04T20:50,2032-10-05T11:00,2.5
CLEAN-004774,EVS360-027,Saint Petersburg,2032-10-04T20:50,2032-10-05T10:00,2.5
CLEAN-004775,EVS360-010,Moscow,2032-10-04T21:20,2032-10-05T11:30,2.5
CLEAN-004776,EVS360-028,Saint Petersburg,2032-10-04T21:20,2032-10-05T10:15,2.5
CLEAN-004777,EVS360-011,Moscow,2032-10-04T21:50,2032-10-05T12:00,2.5
CLEAN-004778,EVS360-029,Saint Petersburg,2032-10-04T21:50,2032-10-05T10:30,2.5
CLEAN-004779,EVS360-012,Moscow,2032-10-04T22:10,2032-10-05T12:30,2.5
CLEAN-004780,EVS360-030,Saint Petersburg,2032-10-04T22:10,2032-10-05T11:00,2.5
CLEAN-004781,EVS360-031,Saint Petersburg,2032-10-04T22:35,2032-10-05T11:30,2.5
CLEAN-004782,EVS360-013,Moscow,2032-10-04T22:50,2032-10-05T13:00,2.5
CLEAN-004783,EVS360-032,Saint Petersburg,2032-10-04T22:50,2032-10-05T12:00,2.5
CLEAN-004784,EVS360-014,Moscow,2032-10-04T23:20,2032-10-05T13:30,2.5
CLEAN-004785,EVS360-033,Saint Petersburg,2032-10-04T23:20,2032-10-05T12:30,2.5
CLEAN-004786,EVS360-015,Moscow,2032-10-04T23:50,2032-10-05T14:00,2.5
CLEAN-004787,EVS360-034,Saint Petersburg,2032-10-04T23:50,2032-10-05T13:00,2.5
CLEAN-004788,EVS360-016,Moscow,2032-10-05T00:10,2032-10-05T14:30,2.5
CLEAN-004789,EVS360-035,Saint Petersburg,2032-10-05T00:10,2032-10-05T14:00,2.5
CLEAN-004790,EVS360-017,Moscow,2032-10-05T08:10,2032-10-05T15:00,2.5
CLEAN-004791,EVS360-036,Saint Petersburg,2032-10-05T08:10,2032-10-05T14:30,2.5
CLEAN-004792,EVS360-018,Moscow,2032-10-05T08:35,2032-10-05T16:00,2.5
CLEAN-004793,EVS360-037,Saint Petersburg,2032-10-05T08:35,2032-10-05T15:00,2.5
CLEAN-004794,EVS360-019,Moscow,2032-10-05T08:50,2032-10-05T16:30,2.5
CLEAN-004795,EVS360-038,Saint Petersburg,2032-10-05T08:50,2032-10-05T16:00,2.5
CLEAN-004796,EVS360-020,Moscow,2032-10-05T09:20,2032-10-05T17:30,2.5
CLEAN-004797,EVS360-039,Saint Petersburg,2032-10-05T09:20,2032-10-05T16:30,2.5
CLEAN-004798,EVS360-001,Moscow,2032-10-06T20:50,2032-10-07T11:00,2.5
CLEAN-004799,EVS360-002,Moscow,2032-10-06T21:20,2032-10-07T11:30,2.5
CLEAN-004800,EVS360-003,Moscow,2032-10-06T21:50,2032-10-07T12:00,2.5
CLEAN-004801,EVS360-021,Saint Petersburg,2032-10-06T21:50,2032-10-07T10:30,2.5
CLEAN-004802,EVS360-004,Moscow,2032-10-06T22:10,2032-10-07T12:30,2.5
CLEAN-004803,EVS360-022,Saint Petersburg,2032-10-06T22:10,2032-10-07T11:00,2.5
CLEAN-004804,EVS360-023,Saint Petersburg,2032-10-06T22:35,2032-10-07T11:30,2.5
CLEAN-004805,EVS360-005,Moscow,2032-10-06T22:50,2032-10-07T13:00,2.5
CLEAN-004806,EVS360-024,Saint Petersburg,2032-10-06T22:50,2032-10-07T12:00,2.5
CLEAN-004807,EVS360-006,Moscow,2032-10-06T23:20,2032-10-07T13:30,2.5
CLEAN-004808,EVS360-025,Saint Petersburg,2032-10-06T23:20,2032-10-07T12:30,2.5
CLEAN-004809,EVS360-007,Moscow,2032-10-06T23:50,2032-10-07T14:00,2.5
CLEAN-004810,EVS360-026,Saint Petersburg,2032-10-06T23:50,2032-10-07T13:00,2.5
CLEAN-004811,EVS360-008,Moscow,2032-10-07T00:10,2032-10-07T14:30,2.5
CLEAN-004812,EVS360-027,Saint Petersburg,2032-10-07T00:10,2032-10-07T14:00,2.5
CLEAN-004813,EVS360-009,Moscow,2032-10-07T08:10,2032-10-07T15:00,2.5
CLEAN-004814,EVS360-028,Saint Petersburg,2032-10-07T08:10,2032-10-07T14:30,2.5
CLEAN-004815,EVS360-010,Moscow,2032-10-07T08:35,2032-10-07T16:00,2.5
CLEAN-004816,EVS360-029,Saint Petersburg,2032-10-07T08:35,2032-10-07T15:00,2.5
CLEAN-004817,EVS360-011,Moscow,2032-10-07T08:50,2032-10-07T16:30,2.5
CLEAN-004818,EVS360-030,Saint Petersburg,2032-10-07T08:50,2032-10-07T16:00,2.5
CLEAN-004819,EVS360-012,Moscow,2032-10-07T09:20,2032-10-07T17:30,2.5
CLEAN-004820,EVS360-031,Saint Petersburg,2032-10-07T09:20,2032-10-07T16:30,2.5
CLEAN-004821,EVS360-013,Moscow,2032-10-07T09:35,2032-10-07T18:00,2.5
CLEAN-004822,EVS360-014,Moscow,2032-10-07T09:50,2032-10-07T18:15,2.5
CLEAN-004823,EVS360-032,Saint Petersburg,2032-10-07T09:50,2032-10-07T17:00,2.5
CLEAN-004824,EVS360-015,Moscow,2032-10-07T10:10,2032-10-07T18:30,2.5
CLEAN-004825,EVS360-033,Saint Petersburg,2032-10-07T10:10,2032-10-07T17:30,2.5
CLEAN-004826,EVS360-016,Moscow,2032-10-07T10:50,2032-10-07T19:00,2.5
CLEAN-004827,EVS360-034,Saint Petersburg,2032-10-07T10:50,2032-10-07T18:00,2.5
CLEAN-004828,EVS360-017,Moscow,2032-10-07T11:20,2032-10-07T19:30,2.5
CLEAN-004829,EVS360-035,Saint Petersburg,2032-10-07T11:20,2032-10-07T18:15,2.5
CLEAN-004830,EVS360-018,Moscow,2032-10-07T11:50,2032-10-07T20:00,2.5
CLEAN-004831,EVS360-036,Saint Petersburg,2032-10-07T11:50,2032-10-07T18:30,2.5
CLEAN-004832,EVS360-019,Moscow,2032-10-07T12:10,2032-10-07T20:15,2.5
CLEAN-004833,EVS360-037,Saint Petersburg,2032-10-07T12:10,2032-10-07T19:00,2.5
CLEAN-004834,EVS360-020,Moscow,2032-10-07T12:35,2032-10-07T20:30,2.5
CLEAN-004835,EVS360-038,Saint Petersburg,2032-10-07T12:35,2032-10-07T19:30,2.5
CLEAN-004836,EVS360-039,Saint Petersburg,2032-10-07T12:50,2032-10-07T20:00,2.5
CLEAN-004837,EVS360-001,Moscow,2032-10-09T08:10,2032-10-09T15:00,2.5
CLEAN-004838,EVS360-002,Moscow,2032-10-09T08:35,2032-10-09T16:00,2.5
CLEAN-004839,EVS360-021,Saint Petersburg,2032-10-09T08:35,2032-10-09T15:00,2.5
CLEAN-004840,EVS360-003,Moscow,2032-10-09T08:50,2032-10-09T16:30,2.5
CLEAN-004841,EVS360-022,Saint Petersburg,2032-10-09T08:50,2032-10-09T16:00,2.5
CLEAN-004842,EVS360-004,Moscow,2032-10-09T09:20,2032-10-09T17:30,2.5
CLEAN-004843,EVS360-023,Saint Petersburg,2032-10-09T09:20,2032-10-09T16:30,2.5
CLEAN-004844,EVS360-005,Moscow,2032-10-09T09:35,2032-10-09T18:00,2.5
CLEAN-004845,EVS360-006,Moscow,2032-10-09T09:50,2032-10-09T18:15,2.5
CLEAN-004846,EVS360-024,Saint Petersburg,2032-10-09T09:50,2032-10-09T17:00,2.5
CLEAN-004847,EVS360-007,Moscow,2032-10-09T10:10,2032-10-09T18:30,2.5
CLEAN-004848,EVS360-025,Saint Petersburg,2032-10-09T10:10,2032-10-09T17:30,2.5
CLEAN-004849,EVS360-008,Moscow,2032-10-09T10:50,2032-10-09T19:00,2.5
CLEAN-004850,EVS360-026,Saint Petersburg,2032-10-09T10:50,2032-10-09T18:00,2.5
CLEAN-004851,EVS360-009,Moscow,2032-10-09T11:20,2032-10-09T19:30,2.5
CLEAN-004852,EVS360-027,Saint Petersburg,2032-10-09T11:20,2032-10-09T18:15,2.5
CLEAN-004853,EVS360-010,Moscow,2032-10-09T11:50,2032-10-09T20:00,2.5
CLEAN-004854,EVS360-028,Saint Petersburg,2032-10-09T11:50,2032-10-09T18:30,2.5
CLEAN-004855,EVS360-011,Moscow,2032-10-09T12:10,2032-10-09T20:15,2.5
CLEAN-004856,EVS360-029,Saint Petersburg,2032-10-09T12:10,2032-10-09T19:00,2.5
CLEAN-004857,EVS360-012,Moscow,2032-10-09T12:35,2032-10-09T20:30,2.5
CLEAN-004858,EVS360-030,Saint Petersburg,2032-10-09T12:35,2032-10-09T19:30,2.5
CLEAN-004859,EVS360-013,Moscow,2032-10-09T12:50,2032-10-09T21:00,2.5
CLEAN-004860,EVS360-031,Saint Petersburg,2032-10-09T12:50,2032-10-09T20:00,2.5
CLEAN-004861,EVS360-014,Moscow,2032-10-09T13:20,2032-10-09T21:30,2.5
CLEAN-004862,EVS360-032,Saint Petersburg,2032-10-09T13:20,2032-10-09T20:30,2.5
CLEAN-004863,EVS360-015,Moscow,2032-10-09T13:50,2032-10-09T22:00,2.5
CLEAN-004864,EVS360-033,Saint Petersburg,2032-10-09T13:50,2032-10-09T21:00,2.5
CLEAN-004865,EVS360-016,Moscow,2032-10-09T14:10,2032-10-10T06:00,2.5
CLEAN-004866,EVS360-034,Saint Petersburg,2032-10-09T14:10,2032-10-09T21:30,2.5
CLEAN-004867,EVS360-017,Moscow,2032-10-09T14:50,2032-10-10T06:15,2.5
CLEAN-004868,EVS360-035,Saint Petersburg,2032-10-09T14:50,2032-10-09T22:00,2.5
CLEAN-004869,EVS360-018,Moscow,2032-10-09T15:20,2032-10-10T06:30,2.5
CLEAN-004870,EVS360-036,Saint Petersburg,2032-10-09T15:20,2032-10-10T06:00,2.5
CLEAN-004871,EVS360-037,Saint Petersburg,2032-10-09T15:50,2032-10-10T06:15,2.5
CLEAN-004872,EVS360-019,Moscow,2032-10-09T16:10,2032-10-10T07:00,2.5
CLEAN-004873,EVS360-038,Saint Petersburg,2032-10-09T16:10,2032-10-10T06:30,2.5
CLEAN-004874,EVS360-020,Moscow,2032-10-09T16:50,2032-10-10T07:30,2.5
CLEAN-004875,EVS360-039,Saint Petersburg,2032-10-09T16:50,2032-10-10T07:00,2.5
CLEAN-004876,EVS360-001,Moscow,2032-10-11T11:20,2032-10-11T19:30,2.5
CLEAN-004877,EVS360-002,Moscow,2032-10-11T11:50,2032-10-11T20:00,2.5
CLEAN-004878,EVS360-003,Moscow,2032-10-11T12:10,2032-10-11T20:15,2.5
CLEAN-004879,EVS360-021,Saint Petersburg,2032-10-11T12:10,2032-10-11T19:00,2.5
CLEAN-004880,EVS360-004,Moscow,2032-10-11T12:35,2032-10-11T20:30,2.5
CLEAN-004881,EVS360-022,Saint Petersburg,2032-10-11T12:35,2032-10-11T19:30,2.5
CLEAN-004882,EVS360-005,Moscow,2032-10-11T12:50,2032-10-11T21:00,2.5
CLEAN-004883,EVS360-023,Saint Petersburg,2032-10-11T12:50,2032-10-11T20:00,2.5
CLEAN-004884,EVS360-006,Moscow,2032-10-11T13:20,2032-10-11T21:30,2.5
CLEAN-004885,EVS360-024,Saint Petersburg,2032-10-11T13:20,2032-10-11T20:30,2.5
CLEAN-004886,EVS360-007,Moscow,2032-10-11T13:50,2032-10-11T22:00,2.5
CLEAN-004887,EVS360-025,Saint Petersburg,2032-10-11T13:50,2032-10-11T21:00,2.5
CLEAN-004888,EVS360-008,Moscow,2032-10-11T14:10,2032-10-12T06:00,2.5
CLEAN-004889,EVS360-026,Saint Petersburg,2032-10-11T14:10,2032-10-11T21:30,2.5
CLEAN-004890,EVS360-009,Moscow,2032-10-11T14:50,2032-10-12T06:15,2.5
CLEAN-004891,EVS360-027,Saint Petersburg,2032-10-11T14:50,2032-10-11T22:00,2.5
CLEAN-004892,EVS360-010,Moscow,2032-10-11T15:20,2032-10-12T06:30,2.5
CLEAN-004893,EVS360-028,Saint Petersburg,2032-10-11T15:20,2032-10-12T06:00,2.5
CLEAN-004894,EVS360-029,Saint Petersburg,2032-10-11T15:50,2032-10-12T06:15,2.5
CLEAN-004895,EVS360-011,Moscow,2032-10-11T16:10,2032-10-12T07:00,2.5
CLEAN-004896,EVS360-030,Saint Petersburg,2032-10-11T16:10,2032-10-12T06:30,2.5
CLEAN-004897,EVS360-012,Moscow,2032-10-11T16:50,2032-10-12T07:30,2.5
CLEAN-004898,EVS360-031,Saint Petersburg,2032-10-11T16:50,2032-10-12T07:00,2.5
CLEAN-004899,EVS360-013,Moscow,2032-10-11T17:20,2032-10-12T08:00,2.5
CLEAN-004900,EVS360-032,Saint Petersburg,2032-10-11T17:20,2032-10-12T07:15,2.5
CLEAN-004901,EVS360-014,Moscow,2032-10-11T18:10,2032-10-12T08:30,2.5
CLEAN-004902,EVS360-033,Saint Petersburg,2032-10-11T18:10,2032-10-12T07:30,2.5
CLEAN-004903,EVS360-015,Moscow,2032-10-11T18:50,2032-10-12T09:00,2.5
CLEAN-004904,EVS360-034,Saint Petersburg,2032-10-11T18:50,2032-10-12T08:00,2.5
CLEAN-004905,EVS360-016,Moscow,2032-10-11T19:20,2032-10-12T09:30,2.5
CLEAN-004906,EVS360-017,Moscow,2032-10-11T19:50,2032-10-12T10:00,2.5
CLEAN-004907,EVS360-035,Saint Petersburg,2032-10-11T19:50,2032-10-12T08:30,2.5
CLEAN-004908,EVS360-018,Moscow,2032-10-11T20:10,2032-10-12T10:15,2.5
CLEAN-004909,EVS360-036,Saint Petersburg,2032-10-11T20:10,2032-10-12T09:00,2.5
CLEAN-004910,EVS360-019,Moscow,2032-10-11T20:35,2032-10-12T10:30,2.5
CLEAN-004911,EVS360-037,Saint Petersburg,2032-10-11T20:35,2032-10-12T09:30,2.5
CLEAN-004912,EVS360-020,Moscow,2032-10-11T20:50,2032-10-12T11:00,2.5
CLEAN-004913,EVS360-038,Saint Petersburg,2032-10-11T20:50,2032-10-12T10:00,2.5
CLEAN-004914,EVS360-039,Saint Petersburg,2032-10-11T21:20,2032-10-12T10:15,2.5
CLEAN-004915,EVS360-001,Moscow,2032-10-13T14:50,2032-10-14T06:15,2.5
CLEAN-004916,EVS360-002,Moscow,2032-10-13T15:20,2032-10-14T06:30,2.5
CLEAN-004917,EVS360-021,Saint Petersburg,2032-10-13T15:50,2032-10-14T06:15,2.5
CLEAN-004918,EVS360-003,Moscow,2032-10-13T16:10,2032-10-14T07:00,2.5
CLEAN-004919,EVS360-022,Saint Petersburg,2032-10-13T16:10,2032-10-14T06:30,2.5
CLEAN-004920,EVS360-004,Moscow,2032-10-13T16:50,2032-10-14T07:30,2.5
CLEAN-004921,EVS360-023,Saint Petersburg,2032-10-13T16:50,2032-10-14T07:00,2.5
CLEAN-004922,EVS360-005,Moscow,2032-10-13T17:20,2032-10-14T08:00,2.5
CLEAN-004923,EVS360-024,Saint Petersburg,2032-10-13T17:20,2032-10-14T07:15,2.5
CLEAN-004924,EVS360-006,Moscow,2032-10-13T18:10,2032-10-14T08:30,2.5
CLEAN-004925,EVS360-025,Saint Petersburg,2032-10-13T18:10,2032-10-14T07:30,2.5
CLEAN-004926,EVS360-007,Moscow,2032-10-13T18:50,2032-10-14T09:00,2.5
CLEAN-004927,EVS360-026,Saint Petersburg,2032-10-13T18:50,2032-10-14T08:00,2.5
CLEAN-004928,EVS360-008,Moscow,2032-10-13T19:20,2032-10-14T09:30,2.5
CLEAN-004929,EVS360-009,Moscow,2032-10-13T19:50,2032-10-14T10:00,2.5
CLEAN-004930,EVS360-027,Saint Petersburg,2032-10-13T19:50,2032-10-14T08:30,2.5
CLEAN-004931,EVS360-010,Moscow,2032-10-13T20:10,2032-10-14T10:15,2.5
CLEAN-004932,EVS360-028,Saint Petersburg,2032-10-13T20:10,2032-10-14T09:00,2.5
CLEAN-004933,EVS360-011,Moscow,2032-10-13T20:35,2032-10-14T10:30,2.5
CLEAN-004934,EVS360-029,Saint Petersburg,2032-10-13T20:35,2032-10-14T09:30,2.5
CLEAN-004935,EVS360-012,Moscow,2032-10-13T20:50,2032-10-14T11:00,2.5
CLEAN-004936,EVS360-030,Saint Petersburg,2032-10-13T20:50,2032-10-14T10:00,2.5
CLEAN-004937,EVS360-013,Moscow,2032-10-13T21:20,2032-10-14T11:30,2.5
CLEAN-004938,EVS360-031,Saint Petersburg,2032-10-13T21:20,2032-10-14T10:15,2.5
CLEAN-004939,EVS360-014,Moscow,2032-10-13T21:50,2032-10-14T12:00,2.5
CLEAN-004940,EVS360-032,Saint Petersburg,2032-10-13T21:50,2032-10-14T10:30,2.5
CLEAN-004941,EVS360-015,Moscow,2032-10-13T22:10,2032-10-14T12:30,2.5
CLEAN-004942,EVS360-033,Saint Petersburg,2032-10-13T22:10,2032-10-14T11:00,2.5
CLEAN-004943,EVS360-034,Saint Petersburg,2032-10-13T22:35,2032-10-14T11:30,2.5
CLEAN-004944,EVS360-016,Moscow,2032-10-13T22:50,2032-10-14T13:00,2.5
CLEAN-004945,EVS360-035,Saint Petersburg,2032-10-13T22:50,2032-10-14T12:00,2.5
CLEAN-004946,EVS360-017,Moscow,2032-10-13T23:20,2032-10-14T13:30,2.5
CLEAN-004947,EVS360-036,Saint Petersburg,2032-10-13T23:20,2032-10-14T12:30,2.5
CLEAN-004948,EVS360-018,Moscow,2032-10-13T23:50,2032-10-14T14:00,2.5
CLEAN-004949,EVS360-037,Saint Petersburg,2032-10-13T23:50,2032-10-14T13:00,2.5
CLEAN-004950,EVS360-019,Moscow,2032-10-14T00:10,2032-10-14T14:30,2.5
CLEAN-004951,EVS360-038,Saint Petersburg,2032-10-14T00:10,2032-10-14T14:00,2.5
CLEAN-004952,EVS360-020,Moscow,2032-10-14T08:10,2032-10-14T15:00,2.5
CLEAN-004953,EVS360-039,Saint Petersburg,2032-10-14T08:10,2032-10-14T14:30,2.5
CLEAN-004954,EVS360-001,Moscow,2032-10-15T19:50,2032-10-16T10:00,2.5
CLEAN-004955,EVS360-002,Moscow,2032-10-15T20:10,2032-10-16T10:15,2.5
CLEAN-004956,EVS360-003,Moscow,2032-10-15T20:35,2032-10-16T10:30,2.5
CLEAN-004957,EVS360-021,Saint Petersburg,2032-10-15T20:35,2032-10-16T09:30,2.5
CLEAN-004958,EVS360-004,Moscow,2032-10-15T20:50,2032-10-16T11:00,2.5
CLEAN-004959,EVS360-022,Saint Petersburg,2032-10-15T20:50,2032-10-16T10:00,2.5
CLEAN-004960,EVS360-005,Moscow,2032-10-15T21:20,2032-10-16T11:30,2.5
CLEAN-004961,EVS360-023,Saint Petersburg,2032-10-15T21:20,2032-10-16T10:15,2.5
CLEAN-004962,EVS360-006,Moscow,2032-10-15T21:50,2032-10-16T12:00,2.5
CLEAN-004963,EVS360-024,Saint Petersburg,2032-10-15T21:50,2032-10-16T10:30,2.5
CLEAN-004964,EVS360-007,Moscow,2032-10-15T22:10,2032-10-16T12:30,2.5
CLEAN-004965,EVS360-025,Saint Petersburg,2032-10-15T22:10,2032-10-16T11:00,2.5
CLEAN-004966,EVS360-026,Saint Petersburg,2032-10-15T22:35,2032-10-16T11:30,2.5
CLEAN-004967,EVS360-008,Moscow,2032-10-15T22:50,2032-10-16T13:00,2.5
CLEAN-004968,EVS360-027,Saint Petersburg,2032-10-15T22:50,2032-10-16T12:00,2.5
CLEAN-004969,EVS360-009,Moscow,2032-10-15T23:20,2032-10-16T13:30,2.5
CLEAN-004970,EVS360-028,Saint Petersburg,2032-10-15T23:20,2032-10-16T12:30,2.5
CLEAN-004971,EVS360-010,Moscow,2032-10-15T23:50,2032-10-16T14:00,2.5
CLEAN-004972,EVS360-029,Saint Petersburg,2032-10-15T23:50,2032-10-16T13:00,2.5
CLEAN-004973,EVS360-011,Moscow,2032-10-16T00:10,2032-10-16T14:30,2.5
CLEAN-004974,EVS360-030,Saint Petersburg,2032-10-16T00:10,2032-10-16T14:00,2.5
CLEAN-004975,EVS360-012,Moscow,2032-10-16T08:10,2032-10-16T15:00,2.5
CLEAN-004976,EVS360-031,Saint Petersburg,2032-10-16T08:10,2032-10-16T14:30,2.5
CLEAN-004977,EVS360-013,Moscow,2032-10-16T08:35,2032-10-16T16:00,2.5
CLEAN-004978,EVS360-032,Saint Petersburg,2032-10-16T08:35,2032-10-16T15:00,2.5
CLEAN-004979,EVS360-014,Moscow,2032-10-16T08:50,2032-10-16T16:30,2.5
CLEAN-004980,EVS360-033,Saint Petersburg,2032-10-16T08:50,2032-10-16T16:00,2.5
CLEAN-004981,EVS360-015,Moscow,2032-10-16T09:20,2032-10-16T17:30,2.5
CLEAN-004982,EVS360-034,Saint Petersburg,2032-10-16T09:20,2032-10-16T16:30,2.5
CLEAN-004983,EVS360-016,Moscow,2032-10-16T09:35,2032-10-16T18:00,2.5
CLEAN-004984,EVS360-017,Moscow,2032-10-16T09:50,2032-10-16T18:15,2.5
CLEAN-004985,EVS360-035,Saint Petersburg,2032-10-16T09:50,2032-10-16T17:00,2.5
CLEAN-004986,EVS360-018,Moscow,2032-10-16T10:10,2032-10-16T18:30,2.5
CLEAN-004987,EVS360-036,Saint Petersburg,2032-10-16T10:10,2032-10-16T17:30,2.5
CLEAN-004988,EVS360-019,Moscow,2032-10-16T10:50,2032-10-16T19:00,2.5
CLEAN-004989,EVS360-037,Saint Petersburg,2032-10-16T10:50,2032-10-16T18:00,2.5
CLEAN-004990,EVS360-020,Moscow,2032-10-16T11:20,2032-10-16T19:30,2.5
CLEAN-004991,EVS360-038,Saint Petersburg,2032-10-16T11:20,2032-10-16T18:15,2.5
CLEAN-004992,EVS360-039,Saint Petersburg,2032-10-16T11:50,2032-10-16T18:30,2.5
CLEAN-004993,EVS360-001,Moscow,2032-10-17T23:20,2032-10-18T13:30,2.5
CLEAN-004994,EVS360-002,Moscow,2032-10-17T23:50,2032-10-18T14:00,2.5
CLEAN-004995,EVS360-021,Saint Petersburg,2032-10-17T23:50,2032-10-18T13:00,2.5
CLEAN-004996,EVS360-003,Moscow,2032-10-18T00:10,2032-10-18T14:30,2.5
CLEAN-004997,EVS360-022,Saint Petersburg,2032-10-18T00:10,2032-10-18T14:00,2.5
CLEAN-004998,EVS360-004,Moscow,2032-10-18T08:10,2032-10-18T15:00,2.5
CLEAN-004999,EVS360-023,Saint Petersburg,2032-10-18T08:10,2032-10-18T14:30,2.5
CLEAN-005000,EVS360-005,Moscow,2032-10-18T08:35,2032-10-18T16:00,2.5
CLEAN-005001,EVS360-024,Saint Petersburg,2032-10-18T08:35,2032-10-18T15:00,2.5
CLEAN-005002,EVS360-006,Moscow,2032-10-18T08:50,2032-10-18T16:30,2.5
CLEAN-005003,EVS360-025,Saint Petersburg,2032-10-18T08:50,2032-10-18T16:00,2.5
CLEAN-005004,EVS360-007,Moscow,2032-10-18T09:20,2032-10-18T17:30,2.5
CLEAN-005005,EVS360-026,Saint Petersburg,2032-10-18T09:20,2032-10-18T16:30,2.5
CLEAN-005006,EVS360-008,Moscow,2032-10-18T09:35,2032-10-18T18:00,2.5
CLEAN-005007,EVS360-009,Moscow,2032-10-18T09:50,2032-10-18T18:15,2.5
CLEAN-005008,EVS360-027,Saint Petersburg,2032-10-18T09:50,2032-10-18T17:00,2.5
CLEAN-005009,EVS360-010,Moscow,2032-10-18T10:10,2032-10-18T18:30,2.5
CLEAN-005010,EVS360-028,Saint Petersburg,2032-10-18T10:10,2032-10-18T17:30,2.5
CLEAN-005011,EVS360-011,Moscow,2032-10-18T10:50,2032-10-18T19:00,2.5
CLEAN-005012,EVS360-029,Saint Petersburg,2032-10-18T10:50,2032-10-18T18:00,2.5
CLEAN-005013,EVS360-012,Moscow,2032-10-18T11:20,2032-10-18T19:30,2.5
CLEAN-005014,EVS360-030,Saint Petersburg,2032-10-18T11:20,2032-10-18T18:15,2.5
CLEAN-005015,EVS360-013,Moscow,2032-10-18T11:50,2032-10-18T20:00,2.5
CLEAN-005016,EVS360-031,Saint Petersburg,2032-10-18T11:50,2032-10-18T18:30,2.5
CLEAN-005017,EVS360-014,Moscow,2032-10-18T12:10,2032-10-18T20:15,2.5
CLEAN-005018,EVS360-032,Saint Petersburg,2032-10-18T12:10,2032-10-18T19:00,2.5
CLEAN-005019,EVS360-015,Moscow,2032-10-18T12:35,2032-10-18T20:30,2.5
CLEAN-005020,EVS360-033,Saint Petersburg,2032-10-18T12:35,2032-10-18T19:30,2.5
CLEAN-005021,EVS360-016,Moscow,2032-10-18T12:50,2032-10-18T21:00,2.5
CLEAN-005022,EVS360-034,Saint Petersburg,2032-10-18T12:50,2032-10-18T20:00,2.5
CLEAN-005023,EVS360-017,Moscow,2032-10-18T13:20,2032-10-18T21:30,2.5
CLEAN-005024,EVS360-035,Saint Petersburg,2032-10-18T13:20,2032-10-18T20:30,2.5
CLEAN-005025,EVS360-018,Moscow,2032-10-18T13:50,2032-10-18T22:00,2.5
CLEAN-005026,EVS360-036,Saint Petersburg,2032-10-18T13:50,2032-10-18T21:00,2.5
CLEAN-005027,EVS360-019,Moscow,2032-10-18T14:10,2032-10-19T06:00,2.5
CLEAN-005028,EVS360-037,Saint Petersburg,2032-10-18T14:10,2032-10-18T21:30,2.5
CLEAN-005029,EVS360-020,Moscow,2032-10-18T14:50,2032-10-19T06:15,2.5
CLEAN-005030,EVS360-038,Saint Petersburg,2032-10-18T14:50,2032-10-18T22:00,2.5
CLEAN-005031,EVS360-039,Saint Petersburg,2032-10-18T15:20,2032-10-19T06:00,2.5
CLEAN-005032,EVS360-001,Moscow,2032-10-20T09:50,2032-10-20T18:15,2.5
CLEAN-005033,EVS360-002,Moscow,2032-10-20T10:10,2032-10-20T18:30,2.5
CLEAN-005034,EVS360-003,Moscow,2032-10-20T10:50,2032-10-20T19:00,2.5
CLEAN-005035,EVS360-021,Saint Petersburg,2032-10-20T10:50,2032-10-20T18:00,2.5
CLEAN-005036,EVS360-004,Moscow,2032-10-20T11:20,2032-10-20T19:30,2.5
CLEAN-005037,EVS360-022,Saint Petersburg,2032-10-20T11:20,2032-10-20T18:15,2.5
CLEAN-005038,EVS360-005,Moscow,2032-10-20T11:50,2032-10-20T20:00,2.5
CLEAN-005039,EVS360-023,Saint Petersburg,2032-10-20T11:50,2032-10-20T18:30,2.5
CLEAN-005040,EVS360-006,Moscow,2032-10-20T12:10,2032-10-20T20:15,2.5
CLEAN-005041,EVS360-024,Saint Petersburg,2032-10-20T12:10,2032-10-20T19:00,2.5
CLEAN-005042,EVS360-007,Moscow,2032-10-20T12:35,2032-10-20T20:30,2.5
CLEAN-005043,EVS360-025,Saint Petersburg,2032-10-20T12:35,2032-10-20T19:30,2.5
CLEAN-005044,EVS360-008,Moscow,2032-10-20T12:50,2032-10-20T21:00,2.5
CLEAN-005045,EVS360-026,Saint Petersburg,2032-10-20T12:50,2032-10-20T20:00,2.5
CLEAN-005046,EVS360-009,Moscow,2032-10-20T13:20,2032-10-20T21:30,2.5
CLEAN-005047,EVS360-027,Saint Petersburg,2032-10-20T13:20,2032-10-20T20:30,2.5
CLEAN-005048,EVS360-010,Moscow,2032-10-20T13:50,2032-10-20T22:00,2.5
CLEAN-005049,EVS360-028,Saint Petersburg,2032-10-20T13:50,2032-10-20T21:00,2.5
CLEAN-005050,EVS360-011,Moscow,2032-10-20T14:10,2032-10-21T06:00,2.5
CLEAN-005051,EVS360-029,Saint Petersburg,2032-10-20T14:10,2032-10-20T21:30,2.5
CLEAN-005052,EVS360-012,Moscow,2032-10-20T14:50,2032-10-21T06:15,2.5
CLEAN-005053,EVS360-030,Saint Petersburg,2032-10-20T14:50,2032-10-20T22:00,2.5
CLEAN-005054,EVS360-013,Moscow,2032-10-20T15:20,2032-10-21T06:30,2.5
CLEAN-005055,EVS360-031,Saint Petersburg,2032-10-20T15:20,2032-10-21T06:00,2.5
CLEAN-005056,EVS360-032,Saint Petersburg,2032-10-20T15:50,2032-10-21T06:15,2.5
CLEAN-005057,EVS360-014,Moscow,2032-10-20T16:10,2032-10-21T07:00,2.5
CLEAN-005058,EVS360-033,Saint Petersburg,2032-10-20T16:10,2032-10-21T06:30,2.5
CLEAN-005059,EVS360-015,Moscow,2032-10-20T16:50,2032-10-21T07:30,2.5
CLEAN-005060,EVS360-034,Saint Petersburg,2032-10-20T16:50,2032-10-21T07:00,2.5
CLEAN-005061,EVS360-016,Moscow,2032-10-20T17:20,2032-10-21T08:00,2.5
CLEAN-005062,EVS360-035,Saint Petersburg,2032-10-20T17:20,2032-10-21T07:15,2.5
CLEAN-005063,EVS360-017,Moscow,2032-10-20T18:10,2032-10-21T08:30,2.5
CLEAN-005064,EVS360-036,Saint Petersburg,2032-10-20T18:10,2032-10-21T07:30,2.5
CLEAN-005065,EVS360-018,Moscow,2032-10-20T18:50,2032-10-21T09:00,2.5
CLEAN-005066,EVS360-037,Saint Petersburg,2032-10-20T18:50,2032-10-21T08:00,2.5
CLEAN-005067,EVS360-019,Moscow,2032-10-20T19:20,2032-10-21T09:30,2.5
CLEAN-005068,EVS360-020,Moscow,2032-10-20T19:50,2032-10-21T10:00,2.5
CLEAN-005069,EVS360-038,Saint Petersburg,2032-10-20T19:50,2032-10-21T08:30,2.5
CLEAN-005070,EVS360-039,Saint Petersburg,2032-10-20T20:10,2032-10-21T09:00,2.5
CLEAN-005071,EVS360-001,Moscow,2032-10-22T13:20,2032-10-22T21:30,2.5
CLEAN-005072,EVS360-002,Moscow,2032-10-22T13:50,2032-10-22T22:00,2.5
CLEAN-005073,EVS360-003,Moscow,2032-10-22T14:10,2032-10-23T06:00,2.5
CLEAN-005074,EVS360-021,Saint Petersburg,2032-10-22T14:10,2032-10-22T21:30,2.5
CLEAN-005075,EVS360-004,Moscow,2032-10-22T14:50,2032-10-23T06:15,2.5
CLEAN-005076,EVS360-022,Saint Petersburg,2032-10-22T14:50,2032-10-22T22:00,2.5
CLEAN-005077,EVS360-005,Moscow,2032-10-22T15:20,2032-10-23T06:30,2.5
CLEAN-005078,EVS360-023,Saint Petersburg,2032-10-22T15:20,2032-10-23T06:00,2.5
CLEAN-005079,EVS360-024,Saint Petersburg,2032-10-22T15:50,2032-10-23T06:15,2.5
CLEAN-005080,EVS360-006,Moscow,2032-10-22T16:10,2032-10-23T07:00,2.5
CLEAN-005081,EVS360-025,Saint Petersburg,2032-10-22T16:10,2032-10-23T06:30,2.5
CLEAN-005082,EVS360-007,Moscow,2032-10-22T16:50,2032-10-23T07:30,2.5
CLEAN-005083,EVS360-026,Saint Petersburg,2032-10-22T16:50,2032-10-23T07:00,2.5
CLEAN-005084,EVS360-008,Moscow,2032-10-22T17:20,2032-10-23T08:00,2.5
CLEAN-005085,EVS360-027,Saint Petersburg,2032-10-22T17:20,2032-10-23T07:15,2.5
CLEAN-005086,EVS360-009,Moscow,2032-10-22T18:10,2032-10-23T08:30,2.5
CLEAN-005087,EVS360-028,Saint Petersburg,2032-10-22T18:10,2032-10-23T07:30,2.5
CLEAN-005088,EVS360-010,Moscow,2032-10-22T18:50,2032-10-23T09:00,2.5
CLEAN-005089,EVS360-029,Saint Petersburg,2032-10-22T18:50,2032-10-23T08:00,2.5
CLEAN-005090,EVS360-011,Moscow,2032-10-22T19:20,2032-10-23T09:30,2.5
CLEAN-005091,EVS360-012,Moscow,2032-10-22T19:50,2032-10-23T10:00,2.5
CLEAN-005092,EVS360-030,Saint Petersburg,2032-10-22T19:50,2032-10-23T08:30,2.5
CLEAN-005093,EVS360-013,Moscow,2032-10-22T20:10,2032-10-23T10:15,2.5
CLEAN-005094,EVS360-031,Saint Petersburg,2032-10-22T20:10,2032-10-23T09:00,2.5
CLEAN-005095,EVS360-014,Moscow,2032-10-22T20:35,2032-10-23T10:30,2.5
CLEAN-005096,EVS360-032,Saint Petersburg,2032-10-22T20:35,2032-10-23T09:30,2.5
CLEAN-005097,EVS360-015,Moscow,2032-10-22T20:50,2032-10-23T11:00,2.5
CLEAN-005098,EVS360-033,Saint Petersburg,2032-10-22T20:50,2032-10-23T10:00,2.5
CLEAN-005099,EVS360-016,Moscow,2032-10-22T21:20,2032-10-23T11:30,2.5
CLEAN-005100,EVS360-034,Saint Petersburg,2032-10-22T21:20,2032-10-23T10:15,2.5
CLEAN-005101,EVS360-017,Moscow,2032-10-22T21:50,2032-10-23T12:00,2.5
CLEAN-005102,EVS360-035,Saint Petersburg,2032-10-22T21:50,2032-10-23T10:30,2.5
CLEAN-005103,EVS360-018,Moscow,2032-10-22T22:10,2032-10-23T12:30,2.5
CLEAN-005104,EVS360-036,Saint Petersburg,2032-10-22T22:10,2032-10-23T11:00,2.5
CLEAN-005105,EVS360-037,Saint Petersburg,2032-10-22T22:35,2032-10-23T11:30,2.5
CLEAN-005106,EVS360-019,Moscow,2032-10-22T22:50,2032-10-23T13:00,2.5
CLEAN-005107,EVS360-038,Saint Petersburg,2032-10-22T22:50,2032-10-23T12:00,2.5
CLEAN-005108,EVS360-020,Moscow,2032-10-22T23:20,2032-10-23T13:30,2.5
CLEAN-005109,EVS360-039,Saint Petersburg,2032-10-22T23:20,2032-10-23T12:30,2.5
CLEAN-005110,EVS360-001,Moscow,2032-10-24T18:10,2032-10-25T08:30,2.5
CLEAN-005111,EVS360-002,Moscow,2032-10-24T18:50,2032-10-25T09:00,2.5
CLEAN-005112,EVS360-021,Saint Petersburg,2032-10-24T18:50,2032-10-25T08:00,2.5
CLEAN-005113,EVS360-003,Moscow,2032-10-24T19:20,2032-10-25T09:30,2.5
CLEAN-005114,EVS360-004,Moscow,2032-10-24T19:50,2032-10-25T10:00,2.5
CLEAN-005115,EVS360-022,Saint Petersburg,2032-10-24T19:50,2032-10-25T08:30,2.5
CLEAN-005116,EVS360-005,Moscow,2032-10-24T20:10,2032-10-25T10:15,2.5
CLEAN-005117,EVS360-023,Saint Petersburg,2032-10-24T20:10,2032-10-25T09:00,2.5
CLEAN-005118,EVS360-006,Moscow,2032-10-24T20:35,2032-10-25T10:30,2.5
CLEAN-005119,EVS360-024,Saint Petersburg,2032-10-24T20:35,2032-10-25T09:30,2.5
CLEAN-005120,EVS360-007,Moscow,2032-10-24T20:50,2032-10-25T11:00,2.5
CLEAN-005121,EVS360-025,Saint Petersburg,2032-10-24T20:50,2032-10-25T10:00,2.5
CLEAN-005122,EVS360-008,Moscow,2032-10-24T21:20,2032-10-25T11:30,2.5
CLEAN-005123,EVS360-026,Saint Petersburg,2032-10-24T21:20,2032-10-25T10:15,2.5
CLEAN-005124,EVS360-009,Moscow,2032-10-24T21:50,2032-10-25T12:00,2.5
CLEAN-005125,EVS360-027,Saint Petersburg,2032-10-24T21:50,2032-10-25T10:30,2.5
CLEAN-005126,EVS360-010,Moscow,2032-10-24T22:10,2032-10-25T12:30,2.5
CLEAN-005127,EVS360-028,Saint Petersburg,2032-10-24T22:10,2032-10-25T11:00,2.5
CLEAN-005128,EVS360-029,Saint Petersburg,2032-10-24T22:35,2032-10-25T11:30,2.5
CLEAN-005129,EVS360-011,Moscow,2032-10-24T22:50,2032-10-25T13:00,2.5
CLEAN-005130,EVS360-030,Saint Petersburg,2032-10-24T22:50,2032-10-25T12:00,2.5
CLEAN-005131,EVS360-012,Moscow,2032-10-24T23:20,2032-10-25T13:30,2.5
CLEAN-005132,EVS360-031,Saint Petersburg,2032-10-24T23:20,2032-10-25T12:30,2.5
CLEAN-005133,EVS360-013,Moscow,2032-10-24T23:50,2032-10-25T14:00,2.5
CLEAN-005134,EVS360-032,Saint Petersburg,2032-10-24T23:50,2032-10-25T13:00,2.5
CLEAN-005135,EVS360-014,Moscow,2032-10-25T00:10,2032-10-25T14:30,2.5
CLEAN-005136,EVS360-033,Saint Petersburg,2032-10-25T00:10,2032-10-25T14:00,2.5
CLEAN-005137,EVS360-015,Moscow,2032-10-25T08:10,2032-10-25T15:00,2.5
CLEAN-005138,EVS360-034,Saint Petersburg,2032-10-25T08:10,2032-10-25T14:30,2.5
CLEAN-005139,EVS360-016,Moscow,2032-10-25T08:35,2032-10-25T16:00,2.5
CLEAN-005140,EVS360-035,Saint Petersburg,2032-10-25T08:35,2032-10-25T15:00,2.5
CLEAN-005141,EVS360-017,Moscow,2032-10-25T08:50,2032-10-25T16:30,2.5
CLEAN-005142,EVS360-036,Saint Petersburg,2032-10-25T08:50,2032-10-25T16:00,2.5
CLEAN-005143,EVS360-018,Moscow,2032-10-25T09:20,2032-10-25T17:30,2.5
CLEAN-005144,EVS360-037,Saint Petersburg,2032-10-25T09:20,2032-10-25T16:30,2.5
CLEAN-005145,EVS360-019,Moscow,2032-10-25T09:35,2032-10-25T18:00,2.5
CLEAN-005146,EVS360-020,Moscow,2032-10-25T09:50,2032-10-25T18:15,2.5
CLEAN-005147,EVS360-038,Saint Petersburg,2032-10-25T09:50,2032-10-25T17:00,2.5
CLEAN-005148,EVS360-039,Saint Petersburg,2032-10-25T10:10,2032-10-25T17:30,2.5
CLEAN-005149,EVS360-001,Moscow,2032-10-26T21:50,2032-10-27T12:00,2.5
CLEAN-005150,EVS360-002,Moscow,2032-10-26T22:10,2032-10-27T12:30,2.5
CLEAN-005151,EVS360-021,Saint Petersburg,2032-10-26T22:35,2032-10-27T11:30,2.5
CLEAN-005152,EVS360-003,Moscow,2032-10-26T22:50,2032-10-27T13:00,2.5
CLEAN-005153,EVS360-022,Saint Petersburg,2032-10-26T22:50,2032-10-27T12:00,2.5
CLEAN-005154,EVS360-004,Moscow,2032-10-26T23:20,2032-10-27T13:30,2.5
CLEAN-005155,EVS360-023,Saint Petersburg,2032-10-26T23:20,2032-10-27T12:30,2.5
CLEAN-005156,EVS360-005,Moscow,2032-10-26T23:50,2032-10-27T14:00,2.5
CLEAN-005157,EVS360-024,Saint Petersburg,2032-10-26T23:50,2032-10-27T13:00,2.5
CLEAN-005158,EVS360-006,Moscow,2032-10-27T00:10,2032-10-27T14:30,2.5
CLEAN-005159,EVS360-025,Saint Petersburg,2032-10-27T00:10,2032-10-27T14:00,2.5
CLEAN-005160,EVS360-007,Moscow,2032-10-27T08:10,2032-10-27T15:00,2.5
CLEAN-005161,EVS360-026,Saint Petersburg,2032-10-27T08:10,2032-10-27T14:30,2.5
CLEAN-005162,EVS360-008,Moscow,2032-10-27T08:35,2032-10-27T16:00,2.5
CLEAN-005163,EVS360-027,Saint Petersburg,2032-10-27T08:35,2032-10-27T15:00,2.5
CLEAN-005164,EVS360-009,Moscow,2032-10-27T08:50,2032-10-27T16:30,2.5
CLEAN-005165,EVS360-028,Saint Petersburg,2032-10-27T08:50,2032-10-27T16:00,2.5
CLEAN-005166,EVS360-010,Moscow,2032-10-27T09:20,2032-10-27T17:30,2.5
CLEAN-005167,EVS360-029,Saint Petersburg,2032-10-27T09:20,2032-10-27T16:30,2.5
CLEAN-005168,EVS360-011,Moscow,2032-10-27T09:35,2032-10-27T18:00,2.5
CLEAN-005169,EVS360-012,Moscow,2032-10-27T09:50,2032-10-27T18:15,2.5
CLEAN-005170,EVS360-030,Saint Petersburg,2032-10-27T09:50,2032-10-27T17:00,2.5
CLEAN-005171,EVS360-013,Moscow,2032-10-27T10:10,2032-10-27T18:30,2.5
CLEAN-005172,EVS360-031,Saint Petersburg,2032-10-27T10:10,2032-10-27T17:30,2.5
CLEAN-005173,EVS360-014,Moscow,2032-10-27T10:50,2032-10-27T19:00,2.5
CLEAN-005174,EVS360-032,Saint Petersburg,2032-10-27T10:50,2032-10-27T18:00,2.5
CLEAN-005175,EVS360-015,Moscow,2032-10-27T11:20,2032-10-27T19:30,2.5
CLEAN-005176,EVS360-033,Saint Petersburg,2032-10-27T11:20,2032-10-27T18:15,2.5
CLEAN-005177,EVS360-016,Moscow,2032-10-27T11:50,2032-10-27T20:00,2.5
CLEAN-005178,EVS360-034,Saint Petersburg,2032-10-27T11:50,2032-10-27T18:30,2.5
CLEAN-005179,EVS360-017,Moscow,2032-10-27T12:10,2032-10-27T20:15,2.5
CLEAN-005180,EVS360-035,Saint Petersburg,2032-10-27T12:10,2032-10-27T19:00,2.5
CLEAN-005181,EVS360-018,Moscow,2032-10-27T12:35,2032-10-27T20:30,2.5
CLEAN-005182,EVS360-036,Saint Petersburg,2032-10-27T12:35,2032-10-27T19:30,2.5
CLEAN-005183,EVS360-019,Moscow,2032-10-27T12:50,2032-10-27T21:00,2.5
CLEAN-005184,EVS360-037,Saint Petersburg,2032-10-27T12:50,2032-10-27T20:00,2.5
CLEAN-005185,EVS360-020,Moscow,2032-10-27T13:20,2032-10-27T21:30,2.5
CLEAN-005186,EVS360-038,Saint Petersburg,2032-10-27T13:20,2032-10-27T20:30,2.5
CLEAN-005187,EVS360-039,Saint Petersburg,2032-10-27T13:50,2032-10-27T21:00,2.5
CLEAN-005188,EVS360-001,Moscow,2032-10-29T08:50,2032-10-29T16:30,2.5
CLEAN-005189,EVS360-002,Moscow,2032-10-29T09:20,2032-10-29T17:30,2.5
CLEAN-005190,EVS360-021,Saint Petersburg,2032-10-29T09:20,2032-10-29T16:30,2.5
CLEAN-005191,EVS360-003,Moscow,2032-10-29T09:35,2032-10-29T18:00,2.5
CLEAN-005192,EVS360-004,Moscow,2032-10-29T09:50,2032-10-29T18:15,2.5
CLEAN-005193,EVS360-022,Saint Petersburg,2032-10-29T09:50,2032-10-29T17:00,2.5
CLEAN-005194,EVS360-005,Moscow,2032-10-29T10:10,2032-10-29T18:30,2.5
CLEAN-005195,EVS360-023,Saint Petersburg,2032-10-29T10:10,2032-10-29T17:30,2.5
CLEAN-005196,EVS360-006,Moscow,2032-10-29T10:50,2032-10-29T19:00,2.5
CLEAN-005197,EVS360-024,Saint Petersburg,2032-10-29T10:50,2032-10-29T18:00,2.5
CLEAN-005198,EVS360-007,Moscow,2032-10-29T11:20,2032-10-29T19:30,2.5
CLEAN-005199,EVS360-025,Saint Petersburg,2032-10-29T11:20,2032-10-29T18:15,2.5
CLEAN-005200,EVS360-008,Moscow,2032-10-29T11:50,2032-10-29T20:00,2.5
CLEAN-005201,EVS360-026,Saint Petersburg,2032-10-29T11:50,2032-10-29T18:30,2.5
CLEAN-005202,EVS360-009,Moscow,2032-10-29T12:10,2032-10-29T20:15,2.5
CLEAN-005203,EVS360-027,Saint Petersburg,2032-10-29T12:10,2032-10-29T19:00,2.5
CLEAN-005204,EVS360-010,Moscow,2032-10-29T12:35,2032-10-29T20:30,2.5
CLEAN-005205,EVS360-028,Saint Petersburg,2032-10-29T12:35,2032-10-29T19:30,2.5
CLEAN-005206,EVS360-011,Moscow,2032-10-29T12:50,2032-10-29T21:00,2.5
CLEAN-005207,EVS360-029,Saint Petersburg,2032-10-29T12:50,2032-10-29T20:00,2.5
CLEAN-005208,EVS360-012,Moscow,2032-10-29T13:20,2032-10-29T21:30,2.5
CLEAN-005209,EVS360-030,Saint Petersburg,2032-10-29T13:20,2032-10-29T20:30,2.5
CLEAN-005210,EVS360-013,Moscow,2032-10-29T13:50,2032-10-29T22:00,2.5
CLEAN-005211,EVS360-031,Saint Petersburg,2032-10-29T13:50,2032-10-29T21:00,2.5
CLEAN-005212,EVS360-014,Moscow,2032-10-29T14:10,2032-10-30T06:00,2.5
CLEAN-005213,EVS360-032,Saint Petersburg,2032-10-29T14:10,2032-10-29T21:30,2.5
CLEAN-005214,EVS360-015,Moscow,2032-10-29T14:50,2032-10-30T06:15,2.5
CLEAN-005215,EVS360-033,Saint Petersburg,2032-10-29T14:50,2032-10-29T22:00,2.5
CLEAN-005216,EVS360-016,Moscow,2032-10-29T15:20,2032-10-30T06:30,2.5
CLEAN-005217,EVS360-034,Saint Petersburg,2032-10-29T15:20,2032-10-30T06:00,2.5
CLEAN-005218,EVS360-035,Saint Petersburg,2032-10-29T15:50,2032-10-30T06:15,2.5
CLEAN-005219,EVS360-017,Moscow,2032-10-29T16:10,2032-10-30T07:00,2.5
CLEAN-005220,EVS360-036,Saint Petersburg,2032-10-29T16:10,2032-10-30T06:30,2.5
CLEAN-005221,EVS360-018,Moscow,2032-10-29T16:50,2032-10-30T07:30,2.5
CLEAN-005222,EVS360-037,Saint Petersburg,2032-10-29T16:50,2032-10-30T07:00,2.5
CLEAN-005223,EVS360-019,Moscow,2032-10-29T17:20,2032-10-30T08:00,2.5
CLEAN-005224,EVS360-038,Saint Petersburg,2032-10-29T17:20,2032-10-30T07:15,2.5
CLEAN-005225,EVS360-020,Moscow,2032-10-29T18:10,2032-10-30T08:30,2.5
CLEAN-005226,EVS360-039,Saint Petersburg,2032-10-29T18:10,2032-10-30T07:30,2.5
CLEAN-005227,EVS360-001,Moscow,2032-10-31T12:10,2032-10-31T20:15,2.5
CLEAN-005228,EVS360-002,Moscow,2032-10-31T12:35,2032-10-31T20:30,2.5
CLEAN-005229,EVS360-003,Moscow,2032-10-31T12:50,2032-10-31T21:00,2.5
CLEAN-005230,EVS360-021,Saint Petersburg,2032-10-31T12:50,2032-10-31T20:00,2.5
CLEAN-005231,EVS360-004,Moscow,2032-10-31T13:20,2032-10-31T21:30,2.5
CLEAN-005232,EVS360-022,Saint Petersburg,2032-10-31T13:20,2032-10-31T20:30,2.5
CLEAN-005233,EVS360-005,Moscow,2032-10-31T13:50,2032-10-31T22:00,2.5
CLEAN-005234,EVS360-023,Saint Petersburg,2032-10-31T13:50,2032-10-31T21:00,2.5
CLEAN-005235,EVS360-006,Moscow,2032-10-31T14:10,2032-11-01T06:00,2.5
CLEAN-005236,EVS360-024,Saint Petersburg,2032-10-31T14:10,2032-10-31T21:30,2.5
CLEAN-005237,EVS360-007,Moscow,2032-10-31T14:50,2032-11-01T06:15,2.5
CLEAN-005238,EVS360-025,Saint Petersburg,2032-10-31T14:50,2032-10-31T22:00,2.5
CLEAN-005239,EVS360-008,Moscow,2032-10-31T15:20,2032-11-01T06:30,2.5
CLEAN-005240,EVS360-026,Saint Petersburg,2032-10-31T15:20,2032-11-01T06:00,2.5
CLEAN-005241,EVS360-027,Saint Petersburg,2032-10-31T15:50,2032-11-01T06:15,2.5
CLEAN-005242,EVS360-009,Moscow,2032-10-31T16:10,2032-11-01T07:00,2.5
CLEAN-005243,EVS360-028,Saint Petersburg,2032-10-31T16:10,2032-11-01T06:30,2.5
CLEAN-005244,EVS360-010,Moscow,2032-10-31T16:50,2032-11-01T07:30,2.5
CLEAN-005245,EVS360-029,Saint Petersburg,2032-10-31T16:50,2032-11-01T07:00,2.5
CLEAN-005246,EVS360-011,Moscow,2032-10-31T17:20,2032-11-01T08:00,2.5
CLEAN-005247,EVS360-030,Saint Petersburg,2032-10-31T17:20,2032-11-01T07:15,2.5
CLEAN-005248,EVS360-012,Moscow,2032-10-31T18:10,2032-11-01T08:30,2.5
CLEAN-005249,EVS360-031,Saint Petersburg,2032-10-31T18:10,2032-11-01T07:30,2.5
CLEAN-005250,EVS360-013,Moscow,2032-10-31T18:50,2032-11-01T09:00,2.5
CLEAN-005251,EVS360-032,Saint Petersburg,2032-10-31T18:50,2032-11-01T08:00,2.5
CLEAN-005252,EVS360-014,Moscow,2032-10-31T19:20,2032-11-01T09:30,2.5
CLEAN-005253,EVS360-015,Moscow,2032-10-31T19:50,2032-11-01T10:00,2.5
CLEAN-005254,EVS360-033,Saint Petersburg,2032-10-31T19:50,2032-11-01T08:30,2.5
CLEAN-005255,EVS360-016,Moscow,2032-10-31T20:10,2032-11-01T10:15,2.5
CLEAN-005256,EVS360-034,Saint Petersburg,2032-10-31T20:10,2032-11-01T09:00,2.5
CLEAN-005257,EVS360-017,Moscow,2032-10-31T20:35,2032-11-01T10:30,2.5
CLEAN-005258,EVS360-035,Saint Petersburg,2032-10-31T20:35,2032-11-01T09:30,2.5
CLEAN-005259,EVS360-018,Moscow,2032-10-31T20:50,2032-11-01T11:00,2.5
CLEAN-005260,EVS360-036,Saint Petersburg,2032-10-31T20:50,2032-11-01T10:00,2.5
CLEAN-005261,EVS360-019,Moscow,2032-10-31T21:20,2032-11-01T11:30,2.5
CLEAN-005262,EVS360-037,Saint Petersburg,2032-10-31T21:20,2032-11-01T10:15,2.5
CLEAN-005263,EVS360-020,Moscow,2032-10-31T21:50,2032-11-01T12:00,2.5
CLEAN-005264,EVS360-038,Saint Petersburg,2032-10-31T21:50,2032-11-01T10:30,2.5
CLEAN-005265,EVS360-039,Saint Petersburg,2032-10-31T22:10,2032-11-01T11:00,2.5
CLEAN-005266,EVS360-001,Moscow,2032-11-02T16:10,2032-11-03T07:00,2.5
CLEAN-005267,EVS360-002,Moscow,2032-11-02T16:50,2032-11-03T07:30,2.5
CLEAN-005268,EVS360-021,Saint Petersburg,2032-11-02T16:50,2032-11-03T07:00,2.5
CLEAN-005269,EVS360-003,Moscow,2032-11-02T17:20,2032-11-03T08:00,2.5
CLEAN-005270,EVS360-022,Saint Petersburg,2032-11-02T17:20,2032-11-03T07:15,2.5
CLEAN-005271,EVS360-004,Moscow,2032-11-02T18:10,2032-11-03T08:30,2.5
CLEAN-005272,EVS360-023,Saint Petersburg,2032-11-02T18:10,2032-11-03T07:30,2.5
CLEAN-005273,EVS360-005,Moscow,2032-11-02T18:50,2032-11-03T09:00,2.5
CLEAN-005274,EVS360-024,Saint Petersburg,2032-11-02T18:50,2032-11-03T08:00,2.5
CLEAN-005275,EVS360-006,Moscow,2032-11-02T19:20,2032-11-03T09:30,2.5
CLEAN-005276,EVS360-007,Moscow,2032-11-02T19:50,2032-11-03T10:00,2.5
CLEAN-005277,EVS360-025,Saint Petersburg,2032-11-02T19:50,2032-11-03T08:30,2.5
CLEAN-005278,EVS360-008,Moscow,2032-11-02T20:10,2032-11-03T10:15,2.5
CLEAN-005279,EVS360-026,Saint Petersburg,2032-11-02T20:10,2032-11-03T09:00,2.5
CLEAN-005280,EVS360-009,Moscow,2032-11-02T20:35,2032-11-03T10:30,2.5
CLEAN-005281,EVS360-027,Saint Petersburg,2032-11-02T20:35,2032-11-03T09:30,2.5
CLEAN-005282,EVS360-010,Moscow,2032-11-02T20:50,2032-11-03T11:00,2.5
CLEAN-005283,EVS360-028,Saint Petersburg,2032-11-02T20:50,2032-11-03T10:00,2.5
CLEAN-005284,EVS360-011,Moscow,2032-11-02T21:20,2032-11-03T11:30,2.5
CLEAN-005285,EVS360-029,Saint Petersburg,2032-11-02T21:20,2032-11-03T10:15,2.5
CLEAN-005286,EVS360-012,Moscow,2032-11-02T21:50,2032-11-03T12:00,2.5
CLEAN-005287,EVS360-030,Saint Petersburg,2032-11-02T21:50,2032-11-03T10:30,2.5
CLEAN-005288,EVS360-013,Moscow,2032-11-02T22:10,2032-11-03T12:30,2.5
CLEAN-005289,EVS360-031,Saint Petersburg,2032-11-02T22:10,2032-11-03T11:00,2.5
CLEAN-005290,EVS360-032,Saint Petersburg,2032-11-02T22:35,2032-11-03T11:30,2.5
CLEAN-005291,EVS360-014,Moscow,2032-11-02T22:50,2032-11-03T13:00,2.5
CLEAN-005292,EVS360-033,Saint Petersburg,2032-11-02T22:50,2032-11-03T12:00,2.5
CLEAN-005293,EVS360-015,Moscow,2032-11-02T23:20,2032-11-03T13:30,2.5
CLEAN-005294,EVS360-034,Saint Petersburg,2032-11-02T23:20,2032-11-03T12:30,2.5
CLEAN-005295,EVS360-016,Moscow,2032-11-02T23:50,2032-11-03T14:00,2.5
CLEAN-005296,EVS360-035,Saint Petersburg,2032-11-02T23:50,2032-11-03T13:00,2.5
CLEAN-005297,EVS360-017,Moscow,2032-11-03T00:10,2032-11-03T14:30,2.5
CLEAN-005298,EVS360-036,Saint Petersburg,2032-11-03T00:10,2032-11-03T14:00,2.5
CLEAN-005299,EVS360-018,Moscow,2032-11-03T08:10,2032-11-03T15:00,2.5
CLEAN-005300,EVS360-037,Saint Petersburg,2032-11-03T08:10,2032-11-03T14:30,2.5
CLEAN-005301,EVS360-019,Moscow,2032-11-03T08:35,2032-11-03T16:00,2.5
CLEAN-005302,EVS360-038,Saint Petersburg,2032-11-03T08:35,2032-11-03T15:00,2.5
CLEAN-005303,EVS360-020,Moscow,2032-11-03T08:50,2032-11-03T16:30,2.5
CLEAN-005304,EVS360-039,Saint Petersburg,2032-11-03T08:50,2032-11-03T16:00,2.5
CLEAN-005305,EVS360-001,Moscow,2032-11-04T20:35,2032-11-05T10:30,2.5
CLEAN-005306,EVS360-002,Moscow,2032-11-04T20:50,2032-11-05T11:00,2.5
CLEAN-005307,EVS360-003,Moscow,2032-11-04T21:20,2032-11-05T11:30,2.5
CLEAN-005308,EVS360-021,Saint Petersburg,2032-11-04T21:20,2032-11-05T10:15,2.5
CLEAN-005309,EVS360-004,Moscow,2032-11-04T21:50,2032-11-05T12:00,2.5
CLEAN-005310,EVS360-022,Saint Petersburg,2032-11-04T21:50,2032-11-05T10:30,2.5
CLEAN-005311,EVS360-005,Moscow,2032-11-04T22:10,2032-11-05T12:30,2.5
CLEAN-005312,EVS360-023,Saint Petersburg,2032-11-04T22:10,2032-11-05T11:00,2.5
CLEAN-005313,EVS360-024,Saint Petersburg,2032-11-04T22:35,2032-11-05T11:30,2.5
CLEAN-005314,EVS360-006,Moscow,2032-11-04T22:50,2032-11-05T13:00,2.5
CLEAN-005315,EVS360-025,Saint Petersburg,2032-11-04T22:50,2032-11-05T12:00,2.5
CLEAN-005316,EVS360-007,Moscow,2032-11-04T23:20,2032-11-05T13:30,2.5
CLEAN-005317,EVS360-026,Saint Petersburg,2032-11-04T23:20,2032-11-05T12:30,2.5
CLEAN-005318,EVS360-008,Moscow,2032-11-04T23:50,2032-11-05T14:00,2.5
CLEAN-005319,EVS360-027,Saint Petersburg,2032-11-04T23:50,2032-11-05T13:00,2.5
CLEAN-005320,EVS360-009,Moscow,2032-11-05T00:10,2032-11-05T14:30,2.5
CLEAN-005321,EVS360-028,Saint Petersburg,2032-11-05T00:10,2032-11-05T14:00,2.5
CLEAN-005322,EVS360-010,Moscow,2032-11-05T08:10,2032-11-05T15:00,2.5
CLEAN-005323,EVS360-029,Saint Petersburg,2032-11-05T08:10,2032-11-05T14:30,2.5
CLEAN-005324,EVS360-011,Moscow,2032-11-05T08:35,2032-11-05T16:00,2.5
CLEAN-005325,EVS360-030,Saint Petersburg,2032-11-05T08:35,2032-11-05T15:00,2.5
CLEAN-005326,EVS360-012,Moscow,2032-11-05T08:50,2032-11-05T16:30,2.5
CLEAN-005327,EVS360-031,Saint Petersburg,2032-11-05T08:50,2032-11-05T16:00,2.5
CLEAN-005328,EVS360-013,Moscow,2032-11-05T09:20,2032-11-05T17:30,2.5
CLEAN-005329,EVS360-032,Saint Petersburg,2032-11-05T09:20,2032-11-05T16:30,2.5
CLEAN-005330,EVS360-014,Moscow,2032-11-05T09:35,2032-11-05T18:00,2.5
CLEAN-005331,EVS360-015,Moscow,2032-11-05T09:50,2032-11-05T18:15,2.5
CLEAN-005332,EVS360-033,Saint Petersburg,2032-11-05T09:50,2032-11-05T17:00,2.5
CLEAN-005333,EVS360-016,Moscow,2032-11-05T10:10,2032-11-05T18:30,2.5
CLEAN-005334,EVS360-034,Saint Petersburg,2032-11-05T10:10,2032-11-05T17:30,2.5
CLEAN-005335,EVS360-017,Moscow,2032-11-05T10:50,2032-11-05T19:00,2.5
CLEAN-005336,EVS360-035,Saint Petersburg,2032-11-05T10:50,2032-11-05T18:00,2.5
CLEAN-005337,EVS360-018,Moscow,2032-11-05T11:20,2032-11-05T19:30,2.5
CLEAN-005338,EVS360-036,Saint Petersburg,2032-11-05T11:20,2032-11-05T18:15,2.5
CLEAN-005339,EVS360-019,Moscow,2032-11-05T11:50,2032-11-05T20:00,2.5
CLEAN-005340,EVS360-037,Saint Petersburg,2032-11-05T11:50,2032-11-05T18:30,2.5
CLEAN-005341,EVS360-020,Moscow,2032-11-05T12:10,2032-11-05T20:15,2.5
CLEAN-005342,EVS360-038,Saint Petersburg,2032-11-05T12:10,2032-11-05T19:00,2.5
CLEAN-005343,EVS360-039,Saint Petersburg,2032-11-05T12:35,2032-11-05T19:30,2.5
CLEAN-005344,EVS360-001,Moscow,2032-11-07T00:10,2032-11-07T14:30,2.5
CLEAN-005345,EVS360-002,Moscow,2032-11-07T08:10,2032-11-07T15:00,2.5
CLEAN-005346,EVS360-021,Saint Petersburg,2032-11-07T08:10,2032-11-07T14:30,2.5
CLEAN-005347,EVS360-003,Moscow,2032-11-07T08:35,2032-11-07T16:00,2.5
CLEAN-005348,EVS360-022,Saint Petersburg,2032-11-07T08:35,2032-11-07T15:00,2.5
CLEAN-005349,EVS360-004,Moscow,2032-11-07T08:50,2032-11-07T16:30,2.5
CLEAN-005350,EVS360-023,Saint Petersburg,2032-11-07T08:50,2032-11-07T16:00,2.5
CLEAN-005351,EVS360-005,Moscow,2032-11-07T09:20,2032-11-07T17:30,2.5
CLEAN-005352,EVS360-024,Saint Petersburg,2032-11-07T09:20,2032-11-07T16:30,2.5
CLEAN-005353,EVS360-006,Moscow,2032-11-07T09:35,2032-11-07T18:00,2.5
CLEAN-005354,EVS360-007,Moscow,2032-11-07T09:50,2032-11-07T18:15,2.5
CLEAN-005355,EVS360-025,Saint Petersburg,2032-11-07T09:50,2032-11-07T17:00,2.5
CLEAN-005356,EVS360-008,Moscow,2032-11-07T10:10,2032-11-07T18:30,2.5
CLEAN-005357,EVS360-026,Saint Petersburg,2032-11-07T10:10,2032-11-07T17:30,2.5
CLEAN-005358,EVS360-009,Moscow,2032-11-07T10:50,2032-11-07T19:00,2.5
CLEAN-005359,EVS360-027,Saint Petersburg,2032-11-07T10:50,2032-11-07T18:00,2.5
CLEAN-005360,EVS360-010,Moscow,2032-11-07T11:20,2032-11-07T19:30,2.5
CLEAN-005361,EVS360-028,Saint Petersburg,2032-11-07T11:20,2032-11-07T18:15,2.5
CLEAN-005362,EVS360-011,Moscow,2032-11-07T11:50,2032-11-07T20:00,2.5
CLEAN-005363,EVS360-029,Saint Petersburg,2032-11-07T11:50,2032-11-07T18:30,2.5
CLEAN-005364,EVS360-012,Moscow,2032-11-07T12:10,2032-11-07T20:15,2.5
CLEAN-005365,EVS360-030,Saint Petersburg,2032-11-07T12:10,2032-11-07T19:00,2.5
CLEAN-005366,EVS360-013,Moscow,2032-11-07T12:35,2032-11-07T20:30,2.5
CLEAN-005367,EVS360-031,Saint Petersburg,2032-11-07T12:35,2032-11-07T19:30,2.5
CLEAN-005368,EVS360-014,Moscow,2032-11-07T12:50,2032-11-07T21:00,2.5
CLEAN-005369,EVS360-032,Saint Petersburg,2032-11-07T12:50,2032-11-07T20:00,2.5
CLEAN-005370,EVS360-015,Moscow,2032-11-07T13:20,2032-11-07T21:30,2.5
CLEAN-005371,EVS360-033,Saint Petersburg,2032-11-07T13:20,2032-11-07T20:30,2.5
CLEAN-005372,EVS360-016,Moscow,2032-11-07T13:50,2032-11-07T22:00,2.5
CLEAN-005373,EVS360-034,Saint Petersburg,2032-11-07T13:50,2032-11-07T21:00,2.5
CLEAN-005374,EVS360-017,Moscow,2032-11-07T14:10,2032-11-08T06:00,2.5
CLEAN-005375,EVS360-035,Saint Petersburg,2032-11-07T14:10,2032-11-07T21:30,2.5
CLEAN-005376,EVS360-018,Moscow,2032-11-07T14:50,2032-11-08T06:15,2.5
CLEAN-005377,EVS360-036,Saint Petersburg,2032-11-07T14:50,2032-11-07T22:00,2.5
CLEAN-005378,EVS360-019,Moscow,2032-11-07T15:20,2032-11-08T06:30,2.5
CLEAN-005379,EVS360-037,Saint Petersburg,2032-11-07T15:20,2032-11-08T06:00,2.5
CLEAN-005380,EVS360-038,Saint Petersburg,2032-11-07T15:50,2032-11-08T06:15,2.5
CLEAN-005381,EVS360-020,Moscow,2032-11-07T16:10,2032-11-08T07:00,2.5
CLEAN-005382,EVS360-039,Saint Petersburg,2032-11-07T16:10,2032-11-08T06:30,2.5
CLEAN-005383,EVS360-001,Moscow,2032-11-09T10:50,2032-11-09T19:00,2.5
CLEAN-005384,EVS360-002,Moscow,2032-11-09T11:20,2032-11-09T19:30,2.5
CLEAN-005385,EVS360-003,Moscow,2032-11-09T11:50,2032-11-09T20:00,2.5
CLEAN-005386,EVS360-021,Saint Petersburg,2032-11-09T11:50,2032-11-09T18:30,2.5
CLEAN-005387,EVS360-004,Moscow,2032-11-09T12:10,2032-11-09T20:15,2.5
CLEAN-005388,EVS360-022,Saint Petersburg,2032-11-09T12:10,2032-11-09T19:00,2.5
CLEAN-005389,EVS360-005,Moscow,2032-11-09T12:35,2032-11-09T20:30,2.5
CLEAN-005390,EVS360-023,Saint Petersburg,2032-11-09T12:35,2032-11-09T19:30,2.5
CLEAN-005391,EVS360-006,Moscow,2032-11-09T12:50,2032-11-09T21:00,2.5
CLEAN-005392,EVS360-024,Saint Petersburg,2032-11-09T12:50,2032-11-09T20:00,2.5
CLEAN-005393,EVS360-007,Moscow,2032-11-09T13:20,2032-11-09T21:30,2.5
CLEAN-005394,EVS360-025,Saint Petersburg,2032-11-09T13:20,2032-11-09T20:30,2.5
CLEAN-005395,EVS360-008,Moscow,2032-11-09T13:50,2032-11-09T22:00,2.5
CLEAN-005396,EVS360-026,Saint Petersburg,2032-11-09T13:50,2032-11-09T21:00,2.5
CLEAN-005397,EVS360-009,Moscow,2032-11-09T14:10,2032-11-10T06:00,2.5
CLEAN-005398,EVS360-027,Saint Petersburg,2032-11-09T14:10,2032-11-09T21:30,2.5
CLEAN-005399,EVS360-010,Moscow,2032-11-09T14:50,2032-11-10T06:15,2.5
CLEAN-005400,EVS360-028,Saint Petersburg,2032-11-09T14:50,2032-11-09T22:00,2.5
CLEAN-005401,EVS360-011,Moscow,2032-11-09T15:20,2032-11-10T06:30,2.5
CLEAN-005402,EVS360-029,Saint Petersburg,2032-11-09T15:20,2032-11-10T06:00,2.5
CLEAN-005403,EVS360-030,Saint Petersburg,2032-11-09T15:50,2032-11-10T06:15,2.5
CLEAN-005404,EVS360-012,Moscow,2032-11-09T16:10,2032-11-10T07:00,2.5
CLEAN-005405,EVS360-031,Saint Petersburg,2032-11-09T16:10,2032-11-10T06:30,2.5
CLEAN-005406,EVS360-013,Moscow,2032-11-09T16:50,2032-11-10T07:30,2.5
CLEAN-005407,EVS360-032,Saint Petersburg,2032-11-09T16:50,2032-11-10T07:00,2.5
CLEAN-005408,EVS360-014,Moscow,2032-11-09T17:20,2032-11-10T08:00,2.5
CLEAN-005409,EVS360-033,Saint Petersburg,2032-11-09T17:20,2032-11-10T07:15,2.5
CLEAN-005410,EVS360-015,Moscow,2032-11-09T18:10,2032-11-10T08:30,2.5
CLEAN-005411,EVS360-034,Saint Petersburg,2032-11-09T18:10,2032-11-10T07:30,2.5
CLEAN-005412,EVS360-016,Moscow,2032-11-09T18:50,2032-11-10T09:00,2.5
CLEAN-005413,EVS360-035,Saint Petersburg,2032-11-09T18:50,2032-11-10T08:00,2.5
CLEAN-005414,EVS360-017,Moscow,2032-11-09T19:20,2032-11-10T09:30,2.5
CLEAN-005415,EVS360-018,Moscow,2032-11-09T19:50,2032-11-10T10:00,2.5
CLEAN-005416,EVS360-036,Saint Petersburg,2032-11-09T19:50,2032-11-10T08:30,2.5
CLEAN-005417,EVS360-019,Moscow,2032-11-09T20:10,2032-11-10T10:15,2.5
CLEAN-005418,EVS360-037,Saint Petersburg,2032-11-09T20:10,2032-11-10T09:00,2.5
CLEAN-005419,EVS360-020,Moscow,2032-11-09T20:35,2032-11-10T10:30,2.5
CLEAN-005420,EVS360-038,Saint Petersburg,2032-11-09T20:35,2032-11-10T09:30,2.5
CLEAN-005421,EVS360-039,Saint Petersburg,2032-11-09T20:50,2032-11-10T10:00,2.5
CLEAN-005422,EVS360-001,Moscow,2032-11-11T14:10,2032-11-12T06:00,2.5
CLEAN-005423,EVS360-002,Moscow,2032-11-11T14:50,2032-11-12T06:15,2.5
CLEAN-005424,EVS360-003,Moscow,2032-11-11T15:20,2032-11-12T06:30,2.5
CLEAN-005425,EVS360-021,Saint Petersburg,2032-11-11T15:20,2032-11-12T06:00,2.5
CLEAN-005426,EVS360-022,Saint Petersburg,2032-11-11T15:50,2032-11-12T06:15,2.5
CLEAN-005427,EVS360-004,Moscow,2032-11-11T16:10,2032-11-12T07:00,2.5
CLEAN-005428,EVS360-023,Saint Petersburg,2032-11-11T16:10,2032-11-12T06:30,2.5
CLEAN-005429,EVS360-005,Moscow,2032-11-11T16:50,2032-11-12T07:30,2.5
CLEAN-005430,EVS360-024,Saint Petersburg,2032-11-11T16:50,2032-11-12T07:00,2.5
CLEAN-005431,EVS360-006,Moscow,2032-11-11T17:20,2032-11-12T08:00,2.5
CLEAN-005432,EVS360-025,Saint Petersburg,2032-11-11T17:20,2032-11-12T07:15,2.5
CLEAN-005433,EVS360-007,Moscow,2032-11-11T18:10,2032-11-12T08:30,2.5
CLEAN-005434,EVS360-026,Saint Petersburg,2032-11-11T18:10,2032-11-12T07:30,2.5
CLEAN-005435,EVS360-008,Moscow,2032-11-11T18:50,2032-11-12T09:00,2.5
CLEAN-005436,EVS360-027,Saint Petersburg,2032-11-11T18:50,2032-11-12T08:00,2.5
CLEAN-005437,EVS360-009,Moscow,2032-11-11T19:20,2032-11-12T09:30,2.5
CLEAN-005438,EVS360-010,Moscow,2032-11-11T19:50,2032-11-12T10:00,2.5
CLEAN-005439,EVS360-028,Saint Petersburg,2032-11-11T19:50,2032-11-12T08:30,2.5
CLEAN-005440,EVS360-011,Moscow,2032-11-11T20:10,2032-11-12T10:15,2.5
CLEAN-005441,EVS360-029,Saint Petersburg,2032-11-11T20:10,2032-11-12T09:00,2.5
CLEAN-005442,EVS360-012,Moscow,2032-11-11T20:35,2032-11-12T10:30,2.5
CLEAN-005443,EVS360-030,Saint Petersburg,2032-11-11T20:35,2032-11-12T09:30,2.5
CLEAN-005444,EVS360-013,Moscow,2032-11-11T20:50,2032-11-12T11:00,2.5
CLEAN-005445,EVS360-031,Saint Petersburg,2032-11-11T20:50,2032-11-12T10:00,2.5
CLEAN-005446,EVS360-014,Moscow,2032-11-11T21:20,2032-11-12T11:30,2.5
CLEAN-005447,EVS360-032,Saint Petersburg,2032-11-11T21:20,2032-11-12T10:15,2.5
CLEAN-005448,EVS360-015,Moscow,2032-11-11T21:50,2032-11-12T12:00,2.5
CLEAN-005449,EVS360-033,Saint Petersburg,2032-11-11T21:50,2032-11-12T10:30,2.5
CLEAN-005450,EVS360-016,Moscow,2032-11-11T22:10,2032-11-12T12:30,2.5
CLEAN-005451,EVS360-034,Saint Petersburg,2032-11-11T22:10,2032-11-12T11:00,2.5
CLEAN-005452,EVS360-035,Saint Petersburg,2032-11-11T22:35,2032-11-12T11:30,2.5
CLEAN-005453,EVS360-017,Moscow,2032-11-11T22:50,2032-11-12T13:00,2.5
CLEAN-005454,EVS360-036,Saint Petersburg,2032-11-11T22:50,2032-11-12T12:00,2.5
CLEAN-005455,EVS360-018,Moscow,2032-11-11T23:20,2032-11-12T13:30,2.5
CLEAN-005456,EVS360-037,Saint Petersburg,2032-11-11T23:20,2032-11-12T12:30,2.5
CLEAN-005457,EVS360-019,Moscow,2032-11-11T23:50,2032-11-12T14:00,2.5
CLEAN-005458,EVS360-038,Saint Petersburg,2032-11-11T23:50,2032-11-12T13:00,2.5
CLEAN-005459,EVS360-020,Moscow,2032-11-12T00:10,2032-11-12T14:30,2.5
CLEAN-005460,EVS360-039,Saint Petersburg,2032-11-12T00:10,2032-11-12T14:00,2.5
CLEAN-005461,EVS360-001,Moscow,2032-11-13T19:20,2032-11-14T09:30,2.5
CLEAN-005462,EVS360-002,Moscow,2032-11-13T19:50,2032-11-14T10:00,2.5
CLEAN-005463,EVS360-003,Moscow,2032-11-13T20:10,2032-11-14T10:15,2.5
CLEAN-005464,EVS360-021,Saint Petersburg,2032-11-13T20:10,2032-11-14T09:00,2.5
CLEAN-005465,EVS360-004,Moscow,2032-11-13T20:35,2032-11-14T10:30,2.5
CLEAN-005466,EVS360-022,Saint Petersburg,2032-11-13T20:35,2032-11-14T09:30,2.5
CLEAN-005467,EVS360-005,Moscow,2032-11-13T20:50,2032-11-14T11:00,2.5
CLEAN-005468,EVS360-023,Saint Petersburg,2032-11-13T20:50,2032-11-14T10:00,2.5
CLEAN-005469,EVS360-006,Moscow,2032-11-13T21:20,2032-11-14T11:30,2.5
CLEAN-005470,EVS360-024,Saint Petersburg,2032-11-13T21:20,2032-11-14T10:15,2.5
CLEAN-005471,EVS360-007,Moscow,2032-11-13T21:50,2032-11-14T12:00,2.5
CLEAN-005472,EVS360-025,Saint Petersburg,2032-11-13T21:50,2032-11-14T10:30,2.5
CLEAN-005473,EVS360-008,Moscow,2032-11-13T22:10,2032-11-14T12:30,2.5
CLEAN-005474,EVS360-026,Saint Petersburg,2032-11-13T22:10,2032-11-14T11:00,2.5
CLEAN-005475,EVS360-027,Saint Petersburg,2032-11-13T22:35,2032-11-14T11:30,2.5
CLEAN-005476,EVS360-009,Moscow,2032-11-13T22:50,2032-11-14T13:00,2.5
CLEAN-005477,EVS360-028,Saint Petersburg,2032-11-13T22:50,2032-11-14T12:00,2.5
CLEAN-005478,EVS360-010,Moscow,2032-11-13T23:20,2032-11-14T13:30,2.5
CLEAN-005479,EVS360-029,Saint Petersburg,2032-11-13T23:20,2032-11-14T12:30,2.5
CLEAN-005480,EVS360-011,Moscow,2032-11-13T23:50,2032-11-14T14:00,2.5
CLEAN-005481,EVS360-030,Saint Petersburg,2032-11-13T23:50,2032-11-14T13:00,2.5
CLEAN-005482,EVS360-012,Moscow,2032-11-14T00:10,2032-11-14T14:30,2.5
CLEAN-005483,EVS360-031,Saint Petersburg,2032-11-14T00:10,2032-11-14T14:00,2.5
CLEAN-005484,EVS360-013,Moscow,2032-11-14T08:10,2032-11-14T15:00,2.5
CLEAN-005485,EVS360-032,Saint Petersburg,2032-11-14T08:10,2032-11-14T14:30,2.5
CLEAN-005486,EVS360-014,Moscow,2032-11-14T08:35,2032-11-14T16:00,2.5
CLEAN-005487,EVS360-033,Saint Petersburg,2032-11-14T08:35,2032-11-14T15:00,2.5
CLEAN-005488,EVS360-015,Moscow,2032-11-14T08:50,2032-11-14T16:30,2.5
CLEAN-005489,EVS360-034,Saint Petersburg,2032-11-14T08:50,2032-11-14T16:00,2.5
CLEAN-005490,EVS360-016,Moscow,2032-11-14T09:20,2032-11-14T17:30,2.5
CLEAN-005491,EVS360-035,Saint Petersburg,2032-11-14T09:20,2032-11-14T16:30,2.5
CLEAN-005492,EVS360-017,Moscow,2032-11-14T09:35,2032-11-14T18:00,2.5
CLEAN-005493,EVS360-018,Moscow,2032-11-14T09:50,2032-11-14T18:15,2.5
CLEAN-005494,EVS360-036,Saint Petersburg,2032-11-14T09:50,2032-11-14T17:00,2.5
CLEAN-005495,EVS360-019,Moscow,2032-11-14T10:10,2032-11-14T18:30,2.5
CLEAN-005496,EVS360-037,Saint Petersburg,2032-11-14T10:10,2032-11-14T17:30,2.5
CLEAN-005497,EVS360-020,Moscow,2032-11-14T10:50,2032-11-14T19:00,2.5
CLEAN-005498,EVS360-038,Saint Petersburg,2032-11-14T10:50,2032-11-14T18:00,2.5
CLEAN-005499,EVS360-039,Saint Petersburg,2032-11-14T11:20,2032-11-14T18:15,2.5
CLEAN-005500,EVS360-001,Moscow,2032-11-15T22:50,2032-11-16T13:00,2.5
CLEAN-005501,EVS360-002,Moscow,2032-11-15T23:20,2032-11-16T13:30,2.5
CLEAN-005502,EVS360-021,Saint Petersburg,2032-11-15T23:20,2032-11-16T12:30,2.5
CLEAN-005503,EVS360-003,Moscow,2032-11-15T23:50,2032-11-16T14:00,2.5
CLEAN-005504,EVS360-022,Saint Petersburg,2032-11-15T23:50,2032-11-16T13:00,2.5
CLEAN-005505,EVS360-004,Moscow,2032-11-16T00:10,2032-11-16T14:30,2.5
CLEAN-005506,EVS360-023,Saint Petersburg,2032-11-16T00:10,2032-11-16T14:00,2.5
CLEAN-005507,EVS360-005,Moscow,2032-11-16T08:10,2032-11-16T15:00,2.5
CLEAN-005508,EVS360-024,Saint Petersburg,2032-11-16T08:10,2032-11-16T14:30,2.5
CLEAN-005509,EVS360-006,Moscow,2032-11-16T08:35,2032-11-16T16:00,2.5
CLEAN-005510,EVS360-025,Saint Petersburg,2032-11-16T08:35,2032-11-16T15:00,2.5
CLEAN-005511,EVS360-007,Moscow,2032-11-16T08:50,2032-11-16T16:30,2.5
CLEAN-005512,EVS360-026,Saint Petersburg,2032-11-16T08:50,2032-11-16T16:00,2.5
CLEAN-005513,EVS360-008,Moscow,2032-11-16T09:20,2032-11-16T17:30,2.5
CLEAN-005514,EVS360-027,Saint Petersburg,2032-11-16T09:20,2032-11-16T16:30,2.5
CLEAN-005515,EVS360-009,Moscow,2032-11-16T09:35,2032-11-16T18:00,2.5
CLEAN-005516,EVS360-010,Moscow,2032-11-16T09:50,2032-11-16T18:15,2.5
CLEAN-005517,EVS360-028,Saint Petersburg,2032-11-16T09:50,2032-11-16T17:00,2.5
CLEAN-005518,EVS360-011,Moscow,2032-11-16T10:10,2032-11-16T18:30,2.5
CLEAN-005519,EVS360-029,Saint Petersburg,2032-11-16T10:10,2032-11-16T17:30,2.5
CLEAN-005520,EVS360-012,Moscow,2032-11-16T10:50,2032-11-16T19:00,2.5
CLEAN-005521,EVS360-030,Saint Petersburg,2032-11-16T10:50,2032-11-16T18:00,2.5
CLEAN-005522,EVS360-013,Moscow,2032-11-16T11:20,2032-11-16T19:30,2.5
CLEAN-005523,EVS360-031,Saint Petersburg,2032-11-16T11:20,2032-11-16T18:15,2.5
CLEAN-005524,EVS360-014,Moscow,2032-11-16T11:50,2032-11-16T20:00,2.5
CLEAN-005525,EVS360-032,Saint Petersburg,2032-11-16T11:50,2032-11-16T18:30,2.5
CLEAN-005526,EVS360-015,Moscow,2032-11-16T12:10,2032-11-16T20:15,2.5
CLEAN-005527,EVS360-033,Saint Petersburg,2032-11-16T12:10,2032-11-16T19:00,2.5
CLEAN-005528,EVS360-016,Moscow,2032-11-16T12:35,2032-11-16T20:30,2.5
CLEAN-005529,EVS360-034,Saint Petersburg,2032-11-16T12:35,2032-11-16T19:30,2.5
CLEAN-005530,EVS360-017,Moscow,2032-11-16T12:50,2032-11-16T21:00,2.5
CLEAN-005531,EVS360-035,Saint Petersburg,2032-11-16T12:50,2032-11-16T20:00,2.5
CLEAN-005532,EVS360-018,Moscow,2032-11-16T13:20,2032-11-16T21:30,2.5
CLEAN-005533,EVS360-036,Saint Petersburg,2032-11-16T13:20,2032-11-16T20:30,2.5
CLEAN-005534,EVS360-019,Moscow,2032-11-16T13:50,2032-11-16T22:00,2.5
CLEAN-005535,EVS360-037,Saint Petersburg,2032-11-16T13:50,2032-11-16T21:00,2.5
CLEAN-005536,EVS360-020,Moscow,2032-11-16T14:10,2032-11-17T06:00,2.5
CLEAN-005537,EVS360-038,Saint Petersburg,2032-11-16T14:10,2032-11-16T21:30,2.5
CLEAN-005538,EVS360-039,Saint Petersburg,2032-11-16T14:50,2032-11-16T22:00,2.5
CLEAN-005539,EVS360-001,Moscow,2032-11-18T09:35,2032-11-18T18:00,2.5
CLEAN-005540,EVS360-002,Moscow,2032-11-18T09:50,2032-11-18T18:15,2.5
CLEAN-005541,EVS360-003,Moscow,2032-11-18T10:10,2032-11-18T18:30,2.5
CLEAN-005542,EVS360-021,Saint Petersburg,2032-11-18T10:10,2032-11-18T17:30,2.5
CLEAN-005543,EVS360-004,Moscow,2032-11-18T10:50,2032-11-18T19:00,2.5
CLEAN-005544,EVS360-022,Saint Petersburg,2032-11-18T10:50,2032-11-18T18:00,2.5
CLEAN-005545,EVS360-005,Moscow,2032-11-18T11:20,2032-11-18T19:30,2.5
CLEAN-005546,EVS360-023,Saint Petersburg,2032-11-18T11:20,2032-11-18T18:15,2.5
CLEAN-005547,EVS360-006,Moscow,2032-11-18T11:50,2032-11-18T20:00,2.5
CLEAN-005548,EVS360-024,Saint Petersburg,2032-11-18T11:50,2032-11-18T18:30,2.5
CLEAN-005549,EVS360-007,Moscow,2032-11-18T12:10,2032-11-18T20:15,2.5
CLEAN-005550,EVS360-025,Saint Petersburg,2032-11-18T12:10,2032-11-18T19:00,2.5
CLEAN-005551,EVS360-008,Moscow,2032-11-18T12:35,2032-11-18T20:30,2.5
CLEAN-005552,EVS360-026,Saint Petersburg,2032-11-18T12:35,2032-11-18T19:30,2.5
CLEAN-005553,EVS360-009,Moscow,2032-11-18T12:50,2032-11-18T21:00,2.5
CLEAN-005554,EVS360-027,Saint Petersburg,2032-11-18T12:50,2032-11-18T20:00,2.5
CLEAN-005555,EVS360-010,Moscow,2032-11-18T13:20,2032-11-18T21:30,2.5
CLEAN-005556,EVS360-028,Saint Petersburg,2032-11-18T13:20,2032-11-18T20:30,2.5
CLEAN-005557,EVS360-011,Moscow,2032-11-18T13:50,2032-11-18T22:00,2.5
CLEAN-005558,EVS360-029,Saint Petersburg,2032-11-18T13:50,2032-11-18T21:00,2.5
CLEAN-005559,EVS360-012,Moscow,2032-11-18T14:10,2032-11-19T06:00,2.5
CLEAN-005560,EVS360-030,Saint Petersburg,2032-11-18T14:10,2032-11-18T21:30,2.5
CLEAN-005561,EVS360-013,Moscow,2032-11-18T14:50,2032-11-19T06:15,2.5
CLEAN-005562,EVS360-031,Saint Petersburg,2032-11-18T14:50,2032-11-18T22:00,2.5
CLEAN-005563,EVS360-014,Moscow,2032-11-18T15:20,2032-11-19T06:30,2.5
CLEAN-005564,EVS360-032,Saint Petersburg,2032-11-18T15:20,2032-11-19T06:00,2.5
CLEAN-005565,EVS360-033,Saint Petersburg,2032-11-18T15:50,2032-11-19T06:15,2.5
CLEAN-005566,EVS360-015,Moscow,2032-11-18T16:10,2032-11-19T07:00,2.5
CLEAN-005567,EVS360-034,Saint Petersburg,2032-11-18T16:10,2032-11-19T06:30,2.5
CLEAN-005568,EVS360-016,Moscow,2032-11-18T16:50,2032-11-19T07:30,2.5
CLEAN-005569,EVS360-035,Saint Petersburg,2032-11-18T16:50,2032-11-19T07:00,2.5
CLEAN-005570,EVS360-017,Moscow,2032-11-18T17:20,2032-11-19T08:00,2.5
CLEAN-005571,EVS360-036,Saint Petersburg,2032-11-18T17:20,2032-11-19T07:15,2.5
CLEAN-005572,EVS360-018,Moscow,2032-11-18T18:10,2032-11-19T08:30,2.5
CLEAN-005573,EVS360-037,Saint Petersburg,2032-11-18T18:10,2032-11-19T07:30,2.5
CLEAN-005574,EVS360-019,Moscow,2032-11-18T18:50,2032-11-19T09:00,2.5
CLEAN-005575,EVS360-038,Saint Petersburg,2032-11-18T18:50,2032-11-19T08:00,2.5
CLEAN-005576,EVS360-020,Moscow,2032-11-18T19:20,2032-11-19T09:30,2.5
CLEAN-005577,EVS360-039,Saint Petersburg,2032-11-18T19:50,2032-11-19T08:30,2.5
CLEAN-005578,EVS360-001,Moscow,2032-11-20T12:50,2032-11-20T21:00,2.5
CLEAN-005579,EVS360-002,Moscow,2032-11-20T13:20,2032-11-20T21:30,2.5
CLEAN-005580,EVS360-003,Moscow,2032-11-20T13:50,2032-11-20T22:00,2.5
CLEAN-005581,EVS360-021,Saint Petersburg,2032-11-20T13:50,2032-11-20T21:00,2.5
CLEAN-005582,EVS360-004,Moscow,2032-11-20T14:10,2032-11-21T06:00,2.5
CLEAN-005583,EVS360-022,Saint Petersburg,2032-11-20T14:10,2032-11-20T21:30,2.5
CLEAN-005584,EVS360-005,Moscow,2032-11-20T14:50,2032-11-21T06:15,2.5
CLEAN-005585,EVS360-023,Saint Petersburg,2032-11-20T14:50,2032-11-20T22:00,2.5
CLEAN-005586,EVS360-006,Moscow,2032-11-20T15:20,2032-11-21T06:30,2.5
CLEAN-005587,EVS360-024,Saint Petersburg,2032-11-20T15:20,2032-11-21T06:00,2.5
CLEAN-005588,EVS360-025,Saint Petersburg,2032-11-20T15:50,2032-11-21T06:15,2.5
CLEAN-005589,EVS360-007,Moscow,2032-11-20T16:10,2032-11-21T07:00,2.5
CLEAN-005590,EVS360-026,Saint Petersburg,2032-11-20T16:10,2032-11-21T06:30,2.5
CLEAN-005591,EVS360-008,Moscow,2032-11-20T16:50,2032-11-21T07:30,2.5
CLEAN-005592,EVS360-027,Saint Petersburg,2032-11-20T16:50,2032-11-21T07:00,2.5
CLEAN-005593,EVS360-009,Moscow,2032-11-20T17:20,2032-11-21T08:00,2.5
CLEAN-005594,EVS360-028,Saint Petersburg,2032-11-20T17:20,2032-11-21T07:15,2.5
CLEAN-005595,EVS360-010,Moscow,2032-11-20T18:10,2032-11-21T08:30,2.5
CLEAN-005596,EVS360-029,Saint Petersburg,2032-11-20T18:10,2032-11-21T07:30,2.5
CLEAN-005597,EVS360-011,Moscow,2032-11-20T18:50,2032-11-21T09:00,2.5
CLEAN-005598,EVS360-030,Saint Petersburg,2032-11-20T18:50,2032-11-21T08:00,2.5
CLEAN-005599,EVS360-012,Moscow,2032-11-20T19:20,2032-11-21T09:30,2.5
CLEAN-005600,EVS360-013,Moscow,2032-11-20T19:50,2032-11-21T10:00,2.5
CLEAN-005601,EVS360-031,Saint Petersburg,2032-11-20T19:50,2032-11-21T08:30,2.5
CLEAN-005602,EVS360-014,Moscow,2032-11-20T20:10,2032-11-21T10:15,2.5
CLEAN-005603,EVS360-032,Saint Petersburg,2032-11-20T20:10,2032-11-21T09:00,2.5
CLEAN-005604,EVS360-015,Moscow,2032-11-20T20:35,2032-11-21T10:30,2.5
CLEAN-005605,EVS360-033,Saint Petersburg,2032-11-20T20:35,2032-11-21T09:30,2.5
CLEAN-005606,EVS360-016,Moscow,2032-11-20T20:50,2032-11-21T11:00,2.5
CLEAN-005607,EVS360-034,Saint Petersburg,2032-11-20T20:50,2032-11-21T10:00,2.5
CLEAN-005608,EVS360-017,Moscow,2032-11-20T21:20,2032-11-21T11:30,2.5
CLEAN-005609,EVS360-035,Saint Petersburg,2032-11-20T21:20,2032-11-21T10:15,2.5
CLEAN-005610,EVS360-018,Moscow,2032-11-20T21:50,2032-11-21T12:00,2.5
CLEAN-005611,EVS360-036,Saint Petersburg,2032-11-20T21:50,2032-11-21T10:30,2.5
CLEAN-005612,EVS360-019,Moscow,2032-11-20T22:10,2032-11-21T12:30,2.5
CLEAN-005613,EVS360-037,Saint Petersburg,2032-11-20T22:10,2032-11-21T11:00,2.5
CLEAN-005614,EVS360-038,Saint Petersburg,2032-11-20T22:35,2032-11-21T11:30,2.5
CLEAN-005615,EVS360-020,Moscow,2032-11-20T22:50,2032-11-21T13:00,2.5
CLEAN-005616,EVS360-039,Saint Petersburg,2032-11-20T22:50,2032-11-21T12:00,2.5
CLEAN-005617,EVS360-001,Moscow,2032-11-22T17:20,2032-11-23T08:00,2.5
CLEAN-005618,EVS360-002,Moscow,2032-11-22T18:10,2032-11-23T08:30,2.5
CLEAN-005619,EVS360-021,Saint Petersburg,2032-11-22T18:10,2032-11-23T07:30,2.5
CLEAN-005620,EVS360-003,Moscow,2032-11-22T18:50,2032-11-23T09:00,2.5
CLEAN-005621,EVS360-022,Saint Petersburg,2032-11-22T18:50,2032-11-23T08:00,2.5
CLEAN-005622,EVS360-004,Moscow,2032-11-22T19:20,2032-11-23T09:30,2.5
CLEAN-005623,EVS360-005,Moscow,2032-11-22T19:50,2032-11-23T10:00,2.5
CLEAN-005624,EVS360-023,Saint Petersburg,2032-11-22T19:50,2032-11-23T08:30,2.5
CLEAN-005625,EVS360-006,Moscow,2032-11-22T20:10,2032-11-23T10:15,2.5
CLEAN-005626,EVS360-024,Saint Petersburg,2032-11-22T20:10,2032-11-23T09:00,2.5
CLEAN-005627,EVS360-007,Moscow,2032-11-22T20:35,2032-11-23T10:30,2.5
CLEAN-005628,EVS360-025,Saint Petersburg,2032-11-22T20:35,2032-11-23T09:30,2.5
CLEAN-005629,EVS360-008,Moscow,2032-11-22T20:50,2032-11-23T11:00,2.5
CLEAN-005630,EVS360-026,Saint Petersburg,2032-11-22T20:50,2032-11-23T10:00,2.5
CLEAN-005631,EVS360-009,Moscow,2032-11-22T21:20,2032-11-23T11:30,2.5
CLEAN-005632,EVS360-027,Saint Petersburg,2032-11-22T21:20,2032-11-23T10:15,2.5
CLEAN-005633,EVS360-010,Moscow,2032-11-22T21:50,2032-11-23T12:00,2.5
CLEAN-005634,EVS360-028,Saint Petersburg,2032-11-22T21:50,2032-11-23T10:30,2.5
CLEAN-005635,EVS360-011,Moscow,2032-11-22T22:10,2032-11-23T12:30,2.5
CLEAN-005636,EVS360-029,Saint Petersburg,2032-11-22T22:10,2032-11-23T11:00,2.5
CLEAN-005637,EVS360-030,Saint Petersburg,2032-11-22T22:35,2032-11-23T11:30,2.5
CLEAN-005638,EVS360-012,Moscow,2032-11-22T22:50,2032-11-23T13:00,2.5
CLEAN-005639,EVS360-031,Saint Petersburg,2032-11-22T22:50,2032-11-23T12:00,2.5
CLEAN-005640,EVS360-013,Moscow,2032-11-22T23:20,2032-11-23T13:30,2.5
CLEAN-005641,EVS360-032,Saint Petersburg,2032-11-22T23:20,2032-11-23T12:30,2.5
CLEAN-005642,EVS360-014,Moscow,2032-11-22T23:50,2032-11-23T14:00,2.5
CLEAN-005643,EVS360-033,Saint Petersburg,2032-11-22T23:50,2032-11-23T13:00,2.5
CLEAN-005644,EVS360-015,Moscow,2032-11-23T00:10,2032-11-23T14:30,2.5
CLEAN-005645,EVS360-034,Saint Petersburg,2032-11-23T00:10,2032-11-23T14:00,2.5
CLEAN-005646,EVS360-016,Moscow,2032-11-23T08:10,2032-11-23T15:00,2.5
CLEAN-005647,EVS360-035,Saint Petersburg,2032-11-23T08:10,2032-11-23T14:30,2.5
CLEAN-005648,EVS360-017,Moscow,2032-11-23T08:35,2032-11-23T16:00,2.5
CLEAN-005649,EVS360-036,Saint Petersburg,2032-11-23T08:35,2032-11-23T15:00,2.5
CLEAN-005650,EVS360-018,Moscow,2032-11-23T08:50,2032-11-23T16:30,2.5
CLEAN-005651,EVS360-037,Saint Petersburg,2032-11-23T08:50,2032-11-23T16:00,2.5
CLEAN-005652,EVS360-019,Moscow,2032-11-23T09:20,2032-11-23T17:30,2.5
CLEAN-005653,EVS360-038,Saint Petersburg,2032-11-23T09:20,2032-11-23T16:30,2.5
CLEAN-005654,EVS360-020,Moscow,2032-11-23T09:35,2032-11-23T18:00,2.5
CLEAN-005655,EVS360-039,Saint Petersburg,2032-11-23T09:50,2032-11-23T17:00,2.5
CLEAN-005656,EVS360-001,Moscow,2032-11-24T21:20,2032-11-25T11:30,2.5
CLEAN-005657,EVS360-002,Moscow,2032-11-24T21:50,2032-11-25T12:00,2.5
CLEAN-005658,EVS360-003,Moscow,2032-11-24T22:10,2032-11-25T12:30,2.5
CLEAN-005659,EVS360-021,Saint Petersburg,2032-11-24T22:10,2032-11-25T11:00,2.5
CLEAN-005660,EVS360-022,Saint Petersburg,2032-11-24T22:35,2032-11-25T11:30,2.5
CLEAN-005661,EVS360-004,Moscow,2032-11-24T22:50,2032-11-25T13:00,2.5
CLEAN-005662,EVS360-023,Saint Petersburg,2032-11-24T22:50,2032-11-25T12:00,2.5
CLEAN-005663,EVS360-005,Moscow,2032-11-24T23:20,2032-11-25T13:30,2.5
CLEAN-005664,EVS360-024,Saint Petersburg,2032-11-24T23:20,2032-11-25T12:30,2.5
CLEAN-005665,EVS360-006,Moscow,2032-11-24T23:50,2032-11-25T14:00,2.5
CLEAN-005666,EVS360-025,Saint Petersburg,2032-11-24T23:50,2032-11-25T13:00,2.5
CLEAN-005667,EVS360-007,Moscow,2032-11-25T00:10,2032-11-25T14:30,2.5
CLEAN-005668,EVS360-026,Saint Petersburg,2032-11-25T00:10,2032-11-25T14:00,2.5
CLEAN-005669,EVS360-008,Moscow,2032-11-25T08:10,2032-11-25T15:00,2.5
CLEAN-005670,EVS360-027,Saint Petersburg,2032-11-25T08:10,2032-11-25T14:30,2.5
CLEAN-005671,EVS360-009,Moscow,2032-11-25T08:35,2032-11-25T16:00,2.5
CLEAN-005672,EVS360-028,Saint Petersburg,2032-11-25T08:35,2032-11-25T15:00,2.5
CLEAN-005673,EVS360-010,Moscow,2032-11-25T08:50,2032-11-25T16:30,2.5
CLEAN-005674,EVS360-029,Saint Petersburg,2032-11-25T08:50,2032-11-25T16:00,2.5
CLEAN-005675,EVS360-011,Moscow,2032-11-25T09:20,2032-11-25T17:30,2.5
CLEAN-005676,EVS360-030,Saint Petersburg,2032-11-25T09:20,2032-11-25T16:30,2.5
CLEAN-005677,EVS360-012,Moscow,2032-11-25T09:35,2032-11-25T18:00,2.5
CLEAN-005678,EVS360-013,Moscow,2032-11-25T09:50,2032-11-25T18:15,2.5
CLEAN-005679,EVS360-031,Saint Petersburg,2032-11-25T09:50,2032-11-25T17:00,2.5
CLEAN-005680,EVS360-014,Moscow,2032-11-25T10:10,2032-11-25T18:30,2.5
CLEAN-005681,EVS360-032,Saint Petersburg,2032-11-25T10:10,2032-11-25T17:30,2.5
CLEAN-005682,EVS360-015,Moscow,2032-11-25T10:50,2032-11-25T19:00,2.5
CLEAN-005683,EVS360-033,Saint Petersburg,2032-11-25T10:50,2032-11-25T18:00,2.5
CLEAN-005684,EVS360-016,Moscow,2032-11-25T11:20,2032-11-25T19:30,2.5
CLEAN-005685,EVS360-034,Saint Petersburg,2032-11-25T11:20,2032-11-25T18:15,2.5
CLEAN-005686,EVS360-017,Moscow,2032-11-25T11:50,2032-11-25T20:00,2.5
CLEAN-005687,EVS360-035,Saint Petersburg,2032-11-25T11:50,2032-11-25T18:30,2.5
CLEAN-005688,EVS360-018,Moscow,2032-11-25T12:10,2032-11-25T20:15,2.5
CLEAN-005689,EVS360-036,Saint Petersburg,2032-11-25T12:10,2032-11-25T19:00,2.5
CLEAN-005690,EVS360-019,Moscow,2032-11-25T12:35,2032-11-25T20:30,2.5
CLEAN-005691,EVS360-037,Saint Petersburg,2032-11-25T12:35,2032-11-25T19:30,2.5
CLEAN-005692,EVS360-020,Moscow,2032-11-25T12:50,2032-11-25T21:00,2.5
CLEAN-005693,EVS360-038,Saint Petersburg,2032-11-25T12:50,2032-11-25T20:00,2.5
CLEAN-005694,EVS360-039,Saint Petersburg,2032-11-25T13:20,2032-11-25T20:30,2.5
CLEAN-005695,EVS360-001,Moscow,2032-11-27T08:35,2032-11-27T16:00,2.5
CLEAN-005696,EVS360-002,Moscow,2032-11-27T08:50,2032-11-27T16:30,2.5
CLEAN-005697,EVS360-021,Saint Petersburg,2032-11-27T08:50,2032-11-27T16:00,2.5
CLEAN-005698,EVS360-003,Moscow,2032-11-27T09:20,2032-11-27T17:30,2.5
CLEAN-005699,EVS360-022,Saint Petersburg,2032-11-27T09:20,2032-11-27T16:30,2.5
CLEAN-005700,EVS360-004,Moscow,2032-11-27T09:35,2032-11-27T18:00,2.5
CLEAN-005701,EVS360-005,Moscow,2032-11-27T09:50,2032-11-27T18:15,2.5
CLEAN-005702,EVS360-023,Saint Petersburg,2032-11-27T09:50,2032-11-27T17:00,2.5
CLEAN-005703,EVS360-006,Moscow,2032-11-27T10:10,2032-11-27T18:30,2.5
CLEAN-005704,EVS360-024,Saint Petersburg,2032-11-27T10:10,2032-11-27T17:30,2.5
CLEAN-005705,EVS360-007,Moscow,2032-11-27T10:50,2032-11-27T19:00,2.5
CLEAN-005706,EVS360-025,Saint Petersburg,2032-11-27T10:50,2032-11-27T18:00,2.5
CLEAN-005707,EVS360-008,Moscow,2032-11-27T11:20,2032-11-27T19:30,2.5
CLEAN-005708,EVS360-026,Saint Petersburg,2032-11-27T11:20,2032-11-27T18:15,2.5
CLEAN-005709,EVS360-009,Moscow,2032-11-27T11:50,2032-11-27T20:00,2.5
CLEAN-005710,EVS360-027,Saint Petersburg,2032-11-27T11:50,2032-11-27T18:30,2.5
CLEAN-005711,EVS360-010,Moscow,2032-11-27T12:10,2032-11-27T20:15,2.5
CLEAN-005712,EVS360-028,Saint Petersburg,2032-11-27T12:10,2032-11-27T19:00,2.5
CLEAN-005713,EVS360-011,Moscow,2032-11-27T12:35,2032-11-27T20:30,2.5
CLEAN-005714,EVS360-029,Saint Petersburg,2032-11-27T12:35,2032-11-27T19:30,2.5
CLEAN-005715,EVS360-012,Moscow,2032-11-27T12:50,2032-11-27T21:00,2.5
CLEAN-005716,EVS360-030,Saint Petersburg,2032-11-27T12:50,2032-11-27T20:00,2.5
CLEAN-005717,EVS360-013,Moscow,2032-11-27T13:20,2032-11-27T21:30,2.5
CLEAN-005718,EVS360-031,Saint Petersburg,2032-11-27T13:20,2032-11-27T20:30,2.5
CLEAN-005719,EVS360-014,Moscow,2032-11-27T13:50,2032-11-27T22:00,2.5
CLEAN-005720,EVS360-032,Saint Petersburg,2032-11-27T13:50,2032-11-27T21:00,2.5
CLEAN-005721,EVS360-015,Moscow,2032-11-27T14:10,2032-11-28T06:00,2.5
CLEAN-005722,EVS360-033,Saint Petersburg,2032-11-27T14:10,2032-11-27T21:30,2.5
CLEAN-005723,EVS360-016,Moscow,2032-11-27T14:50,2032-11-28T06:15,2.5
CLEAN-005724,EVS360-034,Saint Petersburg,2032-11-27T14:50,2032-11-27T22:00,2.5
CLEAN-005725,EVS360-017,Moscow,2032-11-27T15:20,2032-11-28T06:30,2.5
CLEAN-005726,EVS360-035,Saint Petersburg,2032-11-27T15:20,2032-11-28T06:00,2.5
CLEAN-005727,EVS360-036,Saint Petersburg,2032-11-27T15:50,2032-11-28T06:15,2.5
CLEAN-005728,EVS360-018,Moscow,2032-11-27T16:10,2032-11-28T07:00,2.5
CLEAN-005729,EVS360-037,Saint Petersburg,2032-11-27T16:10,2032-11-28T06:30,2.5
CLEAN-005730,EVS360-019,Moscow,2032-11-27T16:50,2032-11-28T07:30,2.5
CLEAN-005731,EVS360-038,Saint Petersburg,2032-11-27T16:50,2032-11-28T07:00,2.5
CLEAN-005732,EVS360-020,Moscow,2032-11-27T17:20,2032-11-28T08:00,2.5
CLEAN-005733,EVS360-039,Saint Petersburg,2032-11-27T17:20,2032-11-28T07:15,2.5
CLEAN-005734,EVS360-001,Moscow,2032-11-29T11:50,2032-11-29T20:00,2.5
CLEAN-005735,EVS360-002,Moscow,2032-11-29T12:10,2032-11-29T20:15,2.5
CLEAN-005736,EVS360-003,Moscow,2032-11-29T12:35,2032-11-29T20:30,2.5
CLEAN-005737,EVS360-021,Saint Petersburg,2032-11-29T12:35,2032-11-29T19:30,2.5
CLEAN-005738,EVS360-004,Moscow,2032-11-29T12:50,2032-11-29T21:00,2.5
CLEAN-005739,EVS360-022,Saint Petersburg,2032-11-29T12:50,2032-11-29T20:00,2.5
CLEAN-005740,EVS360-005,Moscow,2032-11-29T13:20,2032-11-29T21:30,2.5
CLEAN-005741,EVS360-023,Saint Petersburg,2032-11-29T13:20,2032-11-29T20:30,2.5
CLEAN-005742,EVS360-006,Moscow,2032-11-29T13:50,2032-11-29T22:00,2.5
CLEAN-005743,EVS360-024,Saint Petersburg,2032-11-29T13:50,2032-11-29T21:00,2.5
CLEAN-005744,EVS360-007,Moscow,2032-11-29T14:10,2032-11-30T06:00,2.5
CLEAN-005745,EVS360-025,Saint Petersburg,2032-11-29T14:10,2032-11-29T21:30,2.5
CLEAN-005746,EVS360-008,Moscow,2032-11-29T14:50,2032-11-30T06:15,2.5
CLEAN-005747,EVS360-026,Saint Petersburg,2032-11-29T14:50,2032-11-29T22:00,2.5
CLEAN-005748,EVS360-009,Moscow,2032-11-29T15:20,2032-11-30T06:30,2.5
CLEAN-005749,EVS360-027,Saint Petersburg,2032-11-29T15:20,2032-11-30T06:00,2.5
CLEAN-005750,EVS360-028,Saint Petersburg,2032-11-29T15:50,2032-11-30T06:15,2.5
CLEAN-005751,EVS360-010,Moscow,2032-11-29T16:10,2032-11-30T07:00,2.5
CLEAN-005752,EVS360-029,Saint Petersburg,2032-11-29T16:10,2032-11-30T06:30,2.5
CLEAN-005753,EVS360-011,Moscow,2032-11-29T16:50,2032-11-30T07:30,2.5
CLEAN-005754,EVS360-030,Saint Petersburg,2032-11-29T16:50,2032-11-30T07:00,2.5
CLEAN-005755,EVS360-012,Moscow,2032-11-29T17:20,2032-11-30T08:00,2.5
CLEAN-005756,EVS360-031,Saint Petersburg,2032-11-29T17:20,2032-11-30T07:15,2.5
CLEAN-005757,EVS360-013,Moscow,2032-11-29T18:10,2032-11-30T08:30,2.5
CLEAN-005758,EVS360-032,Saint Petersburg,2032-11-29T18:10,2032-11-30T07:30,2.5
CLEAN-005759,EVS360-014,Moscow,2032-11-29T18:50,2032-11-30T09:00,2.5
CLEAN-005760,EVS360-033,Saint Petersburg,2032-11-29T18:50,2032-11-30T08:00,2.5
CLEAN-005761,EVS360-015,Moscow,2032-11-29T19:20,2032-11-30T09:30,2.5
CLEAN-005762,EVS360-016,Moscow,2032-11-29T19:50,2032-11-30T10:00,2.5
CLEAN-005763,EVS360-034,Saint Petersburg,2032-11-29T19:50,2032-11-30T08:30,2.5
CLEAN-005764,EVS360-017,Moscow,2032-11-29T20:10,2032-11-30T10:15,2.5
CLEAN-005765,EVS360-035,Saint Petersburg,2032-11-29T20:10,2032-11-30T09:00,2.5
CLEAN-005766,EVS360-018,Moscow,2032-11-29T20:35,2032-11-30T10:30,2.5
CLEAN-005767,EVS360-036,Saint Petersburg,2032-11-29T20:35,2032-11-30T09:30,2.5
CLEAN-005768,EVS360-019,Moscow,2032-11-29T20:50,2032-11-30T11:00,2.5
CLEAN-005769,EVS360-037,Saint Petersburg,2032-11-29T20:50,2032-11-30T10:00,2.5
CLEAN-005770,EVS360-020,Moscow,2032-11-29T21:20,2032-11-30T11:30,2.5
CLEAN-005771,EVS360-038,Saint Petersburg,2032-11-29T21:20,2032-11-30T10:15,2.5
CLEAN-005772,EVS360-039,Saint Petersburg,2032-11-29T21:50,2032-11-30T10:30,2.5
CLEAN-005773,EVS360-001,Moscow,2032-12-01T15:20,2032-12-02T06:30,2.5
CLEAN-005774,EVS360-002,Moscow,2032-12-01T16:10,2032-12-02T07:00,2.5
CLEAN-005775,EVS360-021,Saint Petersburg,2032-12-01T16:10,2032-12-02T06:30,2.5
CLEAN-005776,EVS360-003,Moscow,2032-12-01T16:50,2032-12-02T07:30,2.5
CLEAN-005777,EVS360-022,Saint Petersburg,2032-12-01T16:50,2032-12-02T07:00,2.5
CLEAN-005778,EVS360-004,Moscow,2032-12-01T17:20,2032-12-02T08:00,2.5
CLEAN-005779,EVS360-023,Saint Petersburg,2032-12-01T17:20,2032-12-02T07:15,2.5
CLEAN-005780,EVS360-005,Moscow,2032-12-01T18:10,2032-12-02T08:30,2.5
CLEAN-005781,EVS360-024,Saint Petersburg,2032-12-01T18:10,2032-12-02T07:30,2.5
CLEAN-005782,EVS360-006,Moscow,2032-12-01T18:50,2032-12-02T09:00,2.5
CLEAN-005783,EVS360-025,Saint Petersburg,2032-12-01T18:50,2032-12-02T08:00,2.5
CLEAN-005784,EVS360-007,Moscow,2032-12-01T19:20,2032-12-02T09:30,2.5
CLEAN-005785,EVS360-008,Moscow,2032-12-01T19:50,2032-12-02T10:00,2.5
CLEAN-005786,EVS360-026,Saint Petersburg,2032-12-01T19:50,2032-12-02T08:30,2.5
CLEAN-005787,EVS360-009,Moscow,2032-12-01T20:10,2032-12-02T10:15,2.5
CLEAN-005788,EVS360-027,Saint Petersburg,2032-12-01T20:10,2032-12-02T09:00,2.5
CLEAN-005789,EVS360-010,Moscow,2032-12-01T20:35,2032-12-02T10:30,2.5
CLEAN-005790,EVS360-028,Saint Petersburg,2032-12-01T20:35,2032-12-02T09:30,2.5
CLEAN-005791,EVS360-011,Moscow,2032-12-01T20:50,2032-12-02T11:00,2.5
CLEAN-005792,EVS360-029,Saint Petersburg,2032-12-01T20:50,2032-12-02T10:00,2.5
CLEAN-005793,EVS360-012,Moscow,2032-12-01T21:20,2032-12-02T11:30,2.5
CLEAN-005794,EVS360-030,Saint Petersburg,2032-12-01T21:20,2032-12-02T10:15,2.5
CLEAN-005795,EVS360-013,Moscow,2032-12-01T21:50,2032-12-02T12:00,2.5
CLEAN-005796,EVS360-031,Saint Petersburg,2032-12-01T21:50,2032-12-02T10:30,2.5
CLEAN-005797,EVS360-014,Moscow,2032-12-01T22:10,2032-12-02T12:30,2.5
CLEAN-005798,EVS360-032,Saint Petersburg,2032-12-01T22:10,2032-12-02T11:00,2.5
CLEAN-005799,EVS360-033,Saint Petersburg,2032-12-01T22:35,2032-12-02T11:30,2.5
CLEAN-005800,EVS360-015,Moscow,2032-12-01T22:50,2032-12-02T13:00,2.5
CLEAN-005801,EVS360-034,Saint Petersburg,2032-12-01T22:50,2032-12-02T12:00,2.5
CLEAN-005802,EVS360-016,Moscow,2032-12-01T23:20,2032-12-02T13:30,2.5
CLEAN-005803,EVS360-035,Saint Petersburg,2032-12-01T23:20,2032-12-02T12:30,2.5
CLEAN-005804,EVS360-017,Moscow,2032-12-01T23:50,2032-12-02T14:00,2.5
CLEAN-005805,EVS360-036,Saint Petersburg,2032-12-01T23:50,2032-12-02T13:00,2.5
CLEAN-005806,EVS360-018,Moscow,2032-12-02T00:10,2032-12-02T14:30,2.5
CLEAN-005807,EVS360-037,Saint Petersburg,2032-12-02T00:10,2032-12-02T14:00,2.5
CLEAN-005808,EVS360-019,Moscow,2032-12-02T08:10,2032-12-02T15:00,2.5
CLEAN-005809,EVS360-038,Saint Petersburg,2032-12-02T08:10,2032-12-02T14:30,2.5
CLEAN-005810,EVS360-020,Moscow,2032-12-02T08:35,2032-12-02T16:00,2.5
CLEAN-005811,EVS360-039,Saint Petersburg,2032-12-02T08:35,2032-12-02T15:00,2.5
CLEAN-005812,EVS360-001,Moscow,2032-12-03T20:10,2032-12-04T10:15,2.5
CLEAN-005813,EVS360-002,Moscow,2032-12-03T20:35,2032-12-04T10:30,2.5
CLEAN-005814,EVS360-003,Moscow,2032-12-03T20:50,2032-12-04T11:00,2.5
CLEAN-005815,EVS360-021,Saint Petersburg,2032-12-03T20:50,2032-12-04T10:00,2.5
CLEAN-005816,EVS360-004,Moscow,2032-12-03T21:20,2032-12-04T11:30,2.5
CLEAN-005817,EVS360-022,Saint Petersburg,2032-12-03T21:20,2032-12-04T10:15,2.5
CLEAN-005818,EVS360-005,Moscow,2032-12-03T21:50,2032-12-04T12:00,2.5
CLEAN-005819,EVS360-023,Saint Petersburg,2032-12-03T21:50,2032-12-04T10:30,2.5
CLEAN-005820,EVS360-006,Moscow,2032-12-03T22:10,2032-12-04T12:30,2.5
CLEAN-005821,EVS360-024,Saint Petersburg,2032-12-03T22:10,2032-12-04T11:00,2.5
CLEAN-005822,EVS360-025,Saint Petersburg,2032-12-03T22:35,2032-12-04T11:30,2.5
CLEAN-005823,EVS360-007,Moscow,2032-12-03T22:50,2032-12-04T13:00,2.5
CLEAN-005824,EVS360-026,Saint Petersburg,2032-12-03T22:50,2032-12-04T12:00,2.5
CLEAN-005825,EVS360-008,Moscow,2032-12-03T23:20,2032-12-04T13:30,2.5
CLEAN-005826,EVS360-027,Saint Petersburg,2032-12-03T23:20,2032-12-04T12:30,2.5
CLEAN-005827,EVS360-009,Moscow,2032-12-03T23:50,2032-12-04T14:00,2.5
CLEAN-005828,EVS360-028,Saint Petersburg,2032-12-03T23:50,2032-12-04T13:00,2.5
CLEAN-005829,EVS360-010,Moscow,2032-12-04T00:10,2032-12-04T14:30,2.5
CLEAN-005830,EVS360-029,Saint Petersburg,2032-12-04T00:10,2032-12-04T14:00,2.5
CLEAN-005831,EVS360-011,Moscow,2032-12-04T08:10,2032-12-04T15:00,2.5
CLEAN-005832,EVS360-030,Saint Petersburg,2032-12-04T08:10,2032-12-04T14:30,2.5
CLEAN-005833,EVS360-012,Moscow,2032-12-04T08:35,2032-12-04T16:00,2.5
CLEAN-005834,EVS360-031,Saint Petersburg,2032-12-04T08:35,2032-12-04T15:00,2.5
CLEAN-005835,EVS360-013,Moscow,2032-12-04T08:50,2032-12-04T16:30,2.5
CLEAN-005836,EVS360-032,Saint Petersburg,2032-12-04T08:50,2032-12-04T16:00,2.5
CLEAN-005837,EVS360-014,Moscow,2032-12-04T09:20,2032-12-04T17:30,2.5
CLEAN-005838,EVS360-033,Saint Petersburg,2032-12-04T09:20,2032-12-04T16:30,2.5
CLEAN-005839,EVS360-015,Moscow,2032-12-04T09:35,2032-12-04T18:00,2.5
CLEAN-005840,EVS360-016,Moscow,2032-12-04T09:50,2032-12-04T18:15,2.5
CLEAN-005841,EVS360-034,Saint Petersburg,2032-12-04T09:50,2032-12-04T17:00,2.5
CLEAN-005842,EVS360-017,Moscow,2032-12-04T10:10,2032-12-04T18:30,2.5
CLEAN-005843,EVS360-035,Saint Petersburg,2032-12-04T10:10,2032-12-04T17:30,2.5
CLEAN-005844,EVS360-018,Moscow,2032-12-04T10:50,2032-12-04T19:00,2.5
CLEAN-005845,EVS360-036,Saint Petersburg,2032-12-04T10:50,2032-12-04T18:00,2.5
CLEAN-005846,EVS360-019,Moscow,2032-12-04T11:20,2032-12-04T19:30,2.5
CLEAN-005847,EVS360-037,Saint Petersburg,2032-12-04T11:20,2032-12-04T18:15,2.5
CLEAN-005848,EVS360-020,Moscow,2032-12-04T11:50,2032-12-04T20:00,2.5
CLEAN-005849,EVS360-038,Saint Petersburg,2032-12-04T11:50,2032-12-04T18:30,2.5
CLEAN-005850,EVS360-039,Saint Petersburg,2032-12-04T12:10,2032-12-04T19:00,2.5
CLEAN-005851,EVS360-001,Moscow,2032-12-05T23:50,2032-12-06T14:00,2.5
CLEAN-005852,EVS360-002,Moscow,2032-12-06T00:10,2032-12-06T14:30,2.5
CLEAN-005853,EVS360-021,Saint Petersburg,2032-12-06T00:10,2032-12-06T14:00,2.5
CLEAN-005854,EVS360-003,Moscow,2032-12-06T08:10,2032-12-06T15:00,2.5
CLEAN-005855,EVS360-022,Saint Petersburg,2032-12-06T08:10,2032-12-06T14:30,2.5
CLEAN-005856,EVS360-004,Moscow,2032-12-06T08:35,2032-12-06T16:00,2.5
CLEAN-005857,EVS360-023,Saint Petersburg,2032-12-06T08:35,2032-12-06T15:00,2.5
CLEAN-005858,EVS360-005,Moscow,2032-12-06T08:50,2032-12-06T16:30,2.5
CLEAN-005859,EVS360-024,Saint Petersburg,2032-12-06T08:50,2032-12-06T16:00,2.5
CLEAN-005860,EVS360-006,Moscow,2032-12-06T09:20,2032-12-06T17:30,2.5
CLEAN-005861,EVS360-025,Saint Petersburg,2032-12-06T09:20,2032-12-06T16:30,2.5
CLEAN-005862,EVS360-007,Moscow,2032-12-06T09:35,2032-12-06T18:00,2.5
CLEAN-005863,EVS360-008,Moscow,2032-12-06T09:50,2032-12-06T18:15,2.5
CLEAN-005864,EVS360-026,Saint Petersburg,2032-12-06T09:50,2032-12-06T17:00,2.5
CLEAN-005865,EVS360-009,Moscow,2032-12-06T10:10,2032-12-06T18:30,2.5
CLEAN-005866,EVS360-027,Saint Petersburg,2032-12-06T10:10,2032-12-06T17:30,2.5
CLEAN-005867,EVS360-010,Moscow,2032-12-06T10:50,2032-12-06T19:00,2.5
CLEAN-005868,EVS360-028,Saint Petersburg,2032-12-06T10:50,2032-12-06T18:00,2.5
CLEAN-005869,EVS360-011,Moscow,2032-12-06T11:20,2032-12-06T19:30,2.5
CLEAN-005870,EVS360-029,Saint Petersburg,2032-12-06T11:20,2032-12-06T18:15,2.5
CLEAN-005871,EVS360-012,Moscow,2032-12-06T11:50,2032-12-06T20:00,2.5
CLEAN-005872,EVS360-030,Saint Petersburg,2032-12-06T11:50,2032-12-06T18:30,2.5
CLEAN-005873,EVS360-013,Moscow,2032-12-06T12:10,2032-12-06T20:15,2.5
CLEAN-005874,EVS360-031,Saint Petersburg,2032-12-06T12:10,2032-12-06T19:00,2.5
CLEAN-005875,EVS360-014,Moscow,2032-12-06T12:35,2032-12-06T20:30,2.5
CLEAN-005876,EVS360-032,Saint Petersburg,2032-12-06T12:35,2032-12-06T19:30,2.5
CLEAN-005877,EVS360-015,Moscow,2032-12-06T12:50,2032-12-06T21:00,2.5
CLEAN-005878,EVS360-033,Saint Petersburg,2032-12-06T12:50,2032-12-06T20:00,2.5
CLEAN-005879,EVS360-016,Moscow,2032-12-06T13:20,2032-12-06T21:30,2.5
CLEAN-005880,EVS360-034,Saint Petersburg,2032-12-06T13:20,2032-12-06T20:30,2.5
CLEAN-005881,EVS360-017,Moscow,2032-12-06T13:50,2032-12-06T22:00,2.5
CLEAN-005882,EVS360-035,Saint Petersburg,2032-12-06T13:50,2032-12-06T21:00,2.5
CLEAN-005883,EVS360-018,Moscow,2032-12-06T14:10,2032-12-07T06:00,2.5
CLEAN-005884,EVS360-036,Saint Petersburg,2032-12-06T14:10,2032-12-06T21:30,2.5
CLEAN-005885,EVS360-019,Moscow,2032-12-06T14:50,2032-12-07T06:15,2.5
CLEAN-005886,EVS360-037,Saint Petersburg,2032-12-06T14:50,2032-12-06T22:00,2.5
CLEAN-005887,EVS360-020,Moscow,2032-12-06T15:20,2032-12-07T06:30,2.5
CLEAN-005888,EVS360-038,Saint Petersburg,2032-12-06T15:20,2032-12-07T06:00,2.5
CLEAN-005889,EVS360-039,Saint Petersburg,2032-12-06T15:50,2032-12-07T06:15,2.5
CLEAN-005890,EVS360-001,Moscow,2032-12-08T10:10,2032-12-08T18:30,2.5
CLEAN-005891,EVS360-002,Moscow,2032-12-08T10:50,2032-12-08T19:00,2.5
CLEAN-005892,EVS360-003,Moscow,2032-12-08T11:20,2032-12-08T19:30,2.5
CLEAN-005893,EVS360-021,Saint Petersburg,2032-12-08T11:20,2032-12-08T18:15,2.5
CLEAN-005894,EVS360-004,Moscow,2032-12-08T11:50,2032-12-08T20:00,2.5
CLEAN-005895,EVS360-022,Saint Petersburg,2032-12-08T11:50,2032-12-08T18:30,2.5
CLEAN-005896,EVS360-005,Moscow,2032-12-08T12:10,2032-12-08T20:15,2.5
CLEAN-005897,EVS360-023,Saint Petersburg,2032-12-08T12:10,2032-12-08T19:00,2.5
CLEAN-005898,EVS360-006,Moscow,2032-12-08T12:35,2032-12-08T20:30,2.5
CLEAN-005899,EVS360-024,Saint Petersburg,2032-12-08T12:35,2032-12-08T19:30,2.5
CLEAN-005900,EVS360-007,Moscow,2032-12-08T12:50,2032-12-08T21:00,2.5
CLEAN-005901,EVS360-025,Saint Petersburg,2032-12-08T12:50,2032-12-08T20:00,2.5
CLEAN-005902,EVS360-008,Moscow,2032-12-08T13:20,2032-12-08T21:30,2.5
CLEAN-005903,EVS360-026,Saint Petersburg,2032-12-08T13:20,2032-12-08T20:30,2.5
CLEAN-005904,EVS360-009,Moscow,2032-12-08T13:50,2032-12-08T22:00,2.5
CLEAN-005905,EVS360-027,Saint Petersburg,2032-12-08T13:50,2032-12-08T21:00,2.5
CLEAN-005906,EVS360-010,Moscow,2032-12-08T14:10,2032-12-09T06:00,2.5
CLEAN-005907,EVS360-028,Saint Petersburg,2032-12-08T14:10,2032-12-08T21:30,2.5
CLEAN-005908,EVS360-011,Moscow,2032-12-08T14:50,2032-12-09T06:15,2.5
CLEAN-005909,EVS360-029,Saint Petersburg,2032-12-08T14:50,2032-12-08T22:00,2.5
CLEAN-005910,EVS360-012,Moscow,2032-12-08T15:20,2032-12-09T06:30,2.5
CLEAN-005911,EVS360-030,Saint Petersburg,2032-12-08T15:20,2032-12-09T06:00,2.5
CLEAN-005912,EVS360-031,Saint Petersburg,2032-12-08T15:50,2032-12-09T06:15,2.5
CLEAN-005913,EVS360-013,Moscow,2032-12-08T16:10,2032-12-09T07:00,2.5
CLEAN-005914,EVS360-032,Saint Petersburg,2032-12-08T16:10,2032-12-09T06:30,2.5
CLEAN-005915,EVS360-014,Moscow,2032-12-08T16:50,2032-12-09T07:30,2.5
CLEAN-005916,EVS360-033,Saint Petersburg,2032-12-08T16:50,2032-12-09T07:00,2.5
CLEAN-005917,EVS360-015,Moscow,2032-12-08T17:20,2032-12-09T08:00,2.5
CLEAN-005918,EVS360-034,Saint Petersburg,2032-12-08T17:20,2032-12-09T07:15,2.5
CLEAN-005919,EVS360-016,Moscow,2032-12-08T18:10,2032-12-09T08:30,2.5
CLEAN-005920,EVS360-035,Saint Petersburg,2032-12-08T18:10,2032-12-09T07:30,2.5
CLEAN-005921,EVS360-017,Moscow,2032-12-08T18:50,2032-12-09T09:00,2.5
CLEAN-005922,EVS360-036,Saint Petersburg,2032-12-08T18:50,2032-12-09T08:00,2.5
CLEAN-005923,EVS360-018,Moscow,2032-12-08T19:20,2032-12-09T09:30,2.5
CLEAN-005924,EVS360-019,Moscow,2032-12-08T19:50,2032-12-09T10:00,2.5
CLEAN-005925,EVS360-037,Saint Petersburg,2032-12-08T19:50,2032-12-09T08:30,2.5
CLEAN-005926,EVS360-020,Moscow,2032-12-08T20:10,2032-12-09T10:15,2.5
CLEAN-005927,EVS360-038,Saint Petersburg,2032-12-08T20:10,2032-12-09T09:00,2.5
CLEAN-005928,EVS360-039,Saint Petersburg,2032-12-08T20:35,2032-12-09T09:30,2.5
CLEAN-005929,EVS360-001,Moscow,2032-12-10T13:50,2032-12-10T22:00,2.5
CLEAN-005930,EVS360-002,Moscow,2032-12-10T14:10,2032-12-11T06:00,2.5
CLEAN-005931,EVS360-003,Moscow,2032-12-10T14:50,2032-12-11T06:15,2.5
CLEAN-005932,EVS360-021,Saint Petersburg,2032-12-10T14:50,2032-12-10T22:00,2.5
CLEAN-005933,EVS360-004,Moscow,2032-12-10T15:20,2032-12-11T06:30,2.5
CLEAN-005934,EVS360-022,Saint Petersburg,2032-12-10T15:20,2032-12-11T06:00,2.5
CLEAN-005935,EVS360-023,Saint Petersburg,2032-12-10T15:50,2032-12-11T06:15,2.5
CLEAN-005936,EVS360-005,Moscow,2032-12-10T16:10,2032-12-11T07:00,2.5
CLEAN-005937,EVS360-024,Saint Petersburg,2032-12-10T16:10,2032-12-11T06:30,2.5
CLEAN-005938,EVS360-006,Moscow,2032-12-10T16:50,2032-12-11T07:30,2.5
CLEAN-005939,EVS360-025,Saint Petersburg,2032-12-10T16:50,2032-12-11T07:00,2.5
CLEAN-005940,EVS360-007,Moscow,2032-12-10T17:20,2032-12-11T08:00,2.5
CLEAN-005941,EVS360-026,Saint Petersburg,2032-12-10T17:20,2032-12-11T07:15,2.5
CLEAN-005942,EVS360-008,Moscow,2032-12-10T18:10,2032-12-11T08:30,2.5
CLEAN-005943,EVS360-027,Saint Petersburg,2032-12-10T18:10,2032-12-11T07:30,2.5
CLEAN-005944,EVS360-009,Moscow,2032-12-10T18:50,2032-12-11T09:00,2.5
CLEAN-005945,EVS360-028,Saint Petersburg,2032-12-10T18:50,2032-12-11T08:00,2.5
CLEAN-005946,EVS360-010,Moscow,2032-12-10T19:20,2032-12-11T09:30,2.5
CLEAN-005947,EVS360-011,Moscow,2032-12-10T19:50,2032-12-11T10:00,2.5
CLEAN-005948,EVS360-029,Saint Petersburg,2032-12-10T19:50,2032-12-11T08:30,2.5
CLEAN-005949,EVS360-012,Moscow,2032-12-10T20:10,2032-12-11T10:15,2.5
CLEAN-005950,EVS360-030,Saint Petersburg,2032-12-10T20:10,2032-12-11T09:00,2.5
CLEAN-005951,EVS360-013,Moscow,2032-12-10T20:35,2032-12-11T10:30,2.5
CLEAN-005952,EVS360-031,Saint Petersburg,2032-12-10T20:35,2032-12-11T09:30,2.5
CLEAN-005953,EVS360-014,Moscow,2032-12-10T20:50,2032-12-11T11:00,2.5
CLEAN-005954,EVS360-032,Saint Petersburg,2032-12-10T20:50,2032-12-11T10:00,2.5
CLEAN-005955,EVS360-015,Moscow,2032-12-10T21:20,2032-12-11T11:30,2.5
CLEAN-005956,EVS360-033,Saint Petersburg,2032-12-10T21:20,2032-12-11T10:15,2.5
CLEAN-005957,EVS360-016,Moscow,2032-12-10T21:50,2032-12-11T12:00,2.5
CLEAN-005958,EVS360-034,Saint Petersburg,2032-12-10T21:50,2032-12-11T10:30,2.5
CLEAN-005959,EVS360-017,Moscow,2032-12-10T22:10,2032-12-11T12:30,2.5
CLEAN-005960,EVS360-035,Saint Petersburg,2032-12-10T22:10,2032-12-11T11:00,2.5
CLEAN-005961,EVS360-036,Saint Petersburg,2032-12-10T22:35,2032-12-11T11:30,2.5
CLEAN-005962,EVS360-018,Moscow,2032-12-10T22:50,2032-12-11T13:00,2.5
CLEAN-005963,EVS360-037,Saint Petersburg,2032-12-10T22:50,2032-12-11T12:00,2.5
CLEAN-005964,EVS360-019,Moscow,2032-12-10T23:20,2032-12-11T13:30,2.5
CLEAN-005965,EVS360-038,Saint Petersburg,2032-12-10T23:20,2032-12-11T12:30,2.5
CLEAN-005966,EVS360-020,Moscow,2032-12-10T23:50,2032-12-11T14:00,2.5
CLEAN-005967,EVS360-039,Saint Petersburg,2032-12-10T23:50,2032-12-11T13:00,2.5
CLEAN-005968,EVS360-001,Moscow,2032-12-12T18:50,2032-12-13T09:00,2.5
CLEAN-005969,EVS360-002,Moscow,2032-12-12T19:20,2032-12-13T09:30,2.5
CLEAN-005970,EVS360-003,Moscow,2032-12-12T19:50,2032-12-13T10:00,2.5
CLEAN-005971,EVS360-021,Saint Petersburg,2032-12-12T19:50,2032-12-13T08:30,2.5
CLEAN-005972,EVS360-004,Moscow,2032-12-12T20:10,2032-12-13T10:15,2.5
CLEAN-005973,EVS360-022,Saint Petersburg,2032-12-12T20:10,2032-12-13T09:00,2.5
CLEAN-005974,EVS360-005,Moscow,2032-12-12T20:35,2032-12-13T10:30,2.5
CLEAN-005975,EVS360-023,Saint Petersburg,2032-12-12T20:35,2032-12-13T09:30,2.5
CLEAN-005976,EVS360-006,Moscow,2032-12-12T20:50,2032-12-13T11:00,2.5
CLEAN-005977,EVS360-024,Saint Petersburg,2032-12-12T20:50,2032-12-13T10:00,2.5
CLEAN-005978,EVS360-007,Moscow,2032-12-12T21:20,2032-12-13T11:30,2.5
CLEAN-005979,EVS360-025,Saint Petersburg,2032-12-12T21:20,2032-12-13T10:15,2.5
CLEAN-005980,EVS360-008,Moscow,2032-12-12T21:50,2032-12-13T12:00,2.5
CLEAN-005981,EVS360-026,Saint Petersburg,2032-12-12T21:50,2032-12-13T10:30,2.5
CLEAN-005982,EVS360-009,Moscow,2032-12-12T22:10,2032-12-13T12:30,2.5
CLEAN-005983,EVS360-027,Saint Petersburg,2032-12-12T22:10,2032-12-13T11:00,2.5
CLEAN-005984,EVS360-028,Saint Petersburg,2032-12-12T22:35,2032-12-13T11:30,2.5
CLEAN-005985,EVS360-010,Moscow,2032-12-12T22:50,2032-12-13T13:00,2.5
CLEAN-005986,EVS360-029,Saint Petersburg,2032-12-12T22:50,2032-12-13T12:00,2.5
CLEAN-005987,EVS360-011,Moscow,2032-12-12T23:20,2032-12-13T13:30,2.5
CLEAN-005988,EVS360-030,Saint Petersburg,2032-12-12T23:20,2032-12-13T12:30,2.5
CLEAN-005989,EVS360-012,Moscow,2032-12-12T23:50,2032-12-13T14:00,2.5
CLEAN-005990,EVS360-031,Saint Petersburg,2032-12-12T23:50,2032-12-13T13:00,2.5
CLEAN-005991,EVS360-013,Moscow,2032-12-13T00:10,2032-12-13T14:30,2.5
CLEAN-005992,EVS360-032,Saint Petersburg,2032-12-13T00:10,2032-12-13T14:00,2.5
CLEAN-005993,EVS360-014,Moscow,2032-12-13T08:10,2032-12-13T15:00,2.5
CLEAN-005994,EVS360-033,Saint Petersburg,2032-12-13T08:10,2032-12-13T14:30,2.5
CLEAN-005995,EVS360-015,Moscow,2032-12-13T08:35,2032-12-13T16:00,2.5
CLEAN-005996,EVS360-034,Saint Petersburg,2032-12-13T08:35,2032-12-13T15:00,2.5
CLEAN-005997,EVS360-016,Moscow,2032-12-13T08:50,2032-12-13T16:30,2.5
CLEAN-005998,EVS360-035,Saint Petersburg,2032-12-13T08:50,2032-12-13T16:00,2.5
CLEAN-005999,EVS360-017,Moscow,2032-12-13T09:20,2032-12-13T17:30,2.5
CLEAN-006000,EVS360-036,Saint Petersburg,2032-12-13T09:20,2032-12-13T16:30,2.5
CLEAN-006001,EVS360-018,Moscow,2032-12-13T09:35,2032-12-13T18:00,2.5
CLEAN-006002,EVS360-019,Moscow,2032-12-13T09:50,2032-12-13T18:15,2.5
CLEAN-006003,EVS360-037,Saint Petersburg,2032-12-13T09:50,2032-12-13T17:00,2.5
CLEAN-006004,EVS360-020,Moscow,2032-12-13T10:10,2032-12-13T18:30,2.5
CLEAN-006005,EVS360-038,Saint Petersburg,2032-12-13T10:10,2032-12-13T17:30,2.5
CLEAN-006006,EVS360-039,Saint Petersburg,2032-12-13T10:50,2032-12-13T18:00,2.5
CLEAN-006007,EVS360-001,Moscow,2032-12-14T22:10,2032-12-15T12:30,2.5
CLEAN-006008,EVS360-002,Moscow,2032-12-14T22:50,2032-12-15T13:00,2.5
CLEAN-006009,EVS360-021,Saint Petersburg,2032-12-14T22:50,2032-12-15T12:00,2.5
CLEAN-006010,EVS360-003,Moscow,2032-12-14T23:20,2032-12-15T13:30,2.5
CLEAN-006011,EVS360-022,Saint Petersburg,2032-12-14T23:20,2032-12-15T12:30,2.5
CLEAN-006012,EVS360-004,Moscow,2032-12-14T23:50,2032-12-15T14:00,2.5
CLEAN-006013,EVS360-023,Saint Petersburg,2032-12-14T23:50,2032-12-15T13:00,2.5
CLEAN-006014,EVS360-005,Moscow,2032-12-15T00:10,2032-12-15T14:30,2.5
CLEAN-006015,EVS360-024,Saint Petersburg,2032-12-15T00:10,2032-12-15T14:00,2.5
CLEAN-006016,EVS360-006,Moscow,2032-12-15T08:10,2032-12-15T15:00,2.5
CLEAN-006017,EVS360-025,Saint Petersburg,2032-12-15T08:10,2032-12-15T14:30,2.5
CLEAN-006018,EVS360-007,Moscow,2032-12-15T08:35,2032-12-15T16:00,2.5
CLEAN-006019,EVS360-026,Saint Petersburg,2032-12-15T08:35,2032-12-15T15:00,2.5
CLEAN-006020,EVS360-008,Moscow,2032-12-15T08:50,2032-12-15T16:30,2.5
CLEAN-006021,EVS360-027,Saint Petersburg,2032-12-15T08:50,2032-12-15T16:00,2.5
CLEAN-006022,EVS360-009,Moscow,2032-12-15T09:20,2032-12-15T17:30,2.5
CLEAN-006023,EVS360-028,Saint Petersburg,2032-12-15T09:20,2032-12-15T16:30,2.5
CLEAN-006024,EVS360-010,Moscow,2032-12-15T09:35,2032-12-15T18:00,2.5
CLEAN-006025,EVS360-011,Moscow,2032-12-15T09:50,2032-12-15T18:15,2.5
CLEAN-006026,EVS360-029,Saint Petersburg,2032-12-15T09:50,2032-12-15T17:00,2.5
CLEAN-006027,EVS360-012,Moscow,2032-12-15T10:10,2032-12-15T18:30,2.5
CLEAN-006028,EVS360-030,Saint Petersburg,2032-12-15T10:10,2032-12-15T17:30,2.5
CLEAN-006029,EVS360-013,Moscow,2032-12-15T10:50,2032-12-15T19:00,2.5
CLEAN-006030,EVS360-031,Saint Petersburg,2032-12-15T10:50,2032-12-15T18:00,2.5
CLEAN-006031,EVS360-014,Moscow,2032-12-15T11:20,2032-12-15T19:30,2.5
CLEAN-006032,EVS360-032,Saint Petersburg,2032-12-15T11:20,2032-12-15T18:15,2.5
CLEAN-006033,EVS360-015,Moscow,2032-12-15T11:50,2032-12-15T20:00,2.5
CLEAN-006034,EVS360-033,Saint Petersburg,2032-12-15T11:50,2032-12-15T18:30,2.5
CLEAN-006035,EVS360-016,Moscow,2032-12-15T12:10,2032-12-15T20:15,2.5
CLEAN-006036,EVS360-034,Saint Petersburg,2032-12-15T12:10,2032-12-15T19:00,2.5
CLEAN-006037,EVS360-017,Moscow,2032-12-15T12:35,2032-12-15T20:30,2.5
CLEAN-006038,EVS360-035,Saint Petersburg,2032-12-15T12:35,2032-12-15T19:30,2.5
CLEAN-006039,EVS360-018,Moscow,2032-12-15T12:50,2032-12-15T21:00,2.5
CLEAN-006040,EVS360-036,Saint Petersburg,2032-12-15T12:50,2032-12-15T20:00,2.5
CLEAN-006041,EVS360-019,Moscow,2032-12-15T13:20,2032-12-15T21:30,2.5
CLEAN-006042,EVS360-037,Saint Petersburg,2032-12-15T13:20,2032-12-15T20:30,2.5
CLEAN-006043,EVS360-020,Moscow,2032-12-15T13:50,2032-12-15T22:00,2.5
CLEAN-006044,EVS360-038,Saint Petersburg,2032-12-15T13:50,2032-12-15T21:00,2.5
CLEAN-006045,EVS360-039,Saint Petersburg,2032-12-15T14:10,2032-12-15T21:30,2.5
CLEAN-006046,EVS360-001,Moscow,2032-12-17T09:20,2032-12-17T17:30,2.5
CLEAN-006047,EVS360-002,Moscow,2032-12-17T09:35,2032-12-17T18:00,2.5
CLEAN-006048,EVS360-003,Moscow,2032-12-17T09:50,2032-12-17T18:15,2.5
CLEAN-006049,EVS360-021,Saint Petersburg,2032-12-17T09:50,2032-12-17T17:00,2.5
CLEAN-006050,EVS360-004,Moscow,2032-12-17T10:10,2032-12-17T18:30,2.5
CLEAN-006051,EVS360-022,Saint Petersburg,2032-12-17T10:10,2032-12-17T17:30,2.5
CLEAN-006052,EVS360-005,Moscow,2032-12-17T10:50,2032-12-17T19:00,2.5
CLEAN-006053,EVS360-023,Saint Petersburg,2032-12-17T10:50,2032-12-17T18:00,2.5
CLEAN-006054,EVS360-006,Moscow,2032-12-17T11:20,2032-12-17T19:30,2.5
CLEAN-006055,EVS360-024,Saint Petersburg,2032-12-17T11:20,2032-12-17T18:15,2.5
CLEAN-006056,EVS360-007,Moscow,2032-12-17T11:50,2032-12-17T20:00,2.5
CLEAN-006057,EVS360-025,Saint Petersburg,2032-12-17T11:50,2032-12-17T18:30,2.5
CLEAN-006058,EVS360-008,Moscow,2032-12-17T12:10,2032-12-17T20:15,2.5
CLEAN-006059,EVS360-026,Saint Petersburg,2032-12-17T12:10,2032-12-17T19:00,2.5
CLEAN-006060,EVS360-009,Moscow,2032-12-17T12:35,2032-12-17T20:30,2.5
CLEAN-006061,EVS360-027,Saint Petersburg,2032-12-17T12:35,2032-12-17T19:30,2.5
CLEAN-006062,EVS360-010,Moscow,2032-12-17T12:50,2032-12-17T21:00,2.5
CLEAN-006063,EVS360-028,Saint Petersburg,2032-12-17T12:50,2032-12-17T20:00,2.5
CLEAN-006064,EVS360-011,Moscow,2032-12-17T13:20,2032-12-17T21:30,2.5
CLEAN-006065,EVS360-029,Saint Petersburg,2032-12-17T13:20,2032-12-17T20:30,2.5
CLEAN-006066,EVS360-012,Moscow,2032-12-17T13:50,2032-12-17T22:00,2.5
CLEAN-006067,EVS360-030,Saint Petersburg,2032-12-17T13:50,2032-12-17T21:00,2.5
CLEAN-006068,EVS360-013,Moscow,2032-12-17T14:10,2032-12-18T06:00,2.5
CLEAN-006069,EVS360-031,Saint Petersburg,2032-12-17T14:10,2032-12-17T21:30,2.5
CLEAN-006070,EVS360-014,Moscow,2032-12-17T14:50,2032-12-18T06:15,2.5
CLEAN-006071,EVS360-032,Saint Petersburg,2032-12-17T14:50,2032-12-17T22:00,2.5
CLEAN-006072,EVS360-015,Moscow,2032-12-17T15:20,2032-12-18T06:30,2.5
CLEAN-006073,EVS360-033,Saint Petersburg,2032-12-17T15:20,2032-12-18T06:00,2.5
CLEAN-006074,EVS360-034,Saint Petersburg,2032-12-17T15:50,2032-12-18T06:15,2.5
CLEAN-006075,EVS360-016,Moscow,2032-12-17T16:10,2032-12-18T07:00,2.5
CLEAN-006076,EVS360-035,Saint Petersburg,2032-12-17T16:10,2032-12-18T06:30,2.5
CLEAN-006077,EVS360-017,Moscow,2032-12-17T16:50,2032-12-18T07:30,2.5
CLEAN-006078,EVS360-036,Saint Petersburg,2032-12-17T16:50,2032-12-18T07:00,2.5
CLEAN-006079,EVS360-018,Moscow,2032-12-17T17:20,2032-12-18T08:00,2.5
CLEAN-006080,EVS360-037,Saint Petersburg,2032-12-17T17:20,2032-12-18T07:15,2.5
CLEAN-006081,EVS360-019,Moscow,2032-12-17T18:10,2032-12-18T08:30,2.5
CLEAN-006082,EVS360-038,Saint Petersburg,2032-12-17T18:10,2032-12-18T07:30,2.5
CLEAN-006083,EVS360-020,Moscow,2032-12-17T18:50,2032-12-18T09:00,2.5
CLEAN-006084,EVS360-039,Saint Petersburg,2032-12-17T18:50,2032-12-18T08:00,2.5
CLEAN-006085,EVS360-001,Moscow,2032-12-19T12:35,2032-12-19T20:30,2.5
CLEAN-006086,EVS360-002,Moscow,2032-12-19T12:50,2032-12-19T21:00,2.5
CLEAN-006087,EVS360-003,Moscow,2032-12-19T13:20,2032-12-19T21:30,2.5
CLEAN-006088,EVS360-021,Saint Petersburg,2032-12-19T13:20,2032-12-19T20:30,2.5
CLEAN-006089,EVS360-004,Moscow,2032-12-19T13:50,2032-12-19T22:00,2.5
CLEAN-006090,EVS360-022,Saint Petersburg,2032-12-19T13:50,2032-12-19T21:00,2.5
CLEAN-006091,EVS360-005,Moscow,2032-12-19T14:10,2032-12-20T06:00,2.5
CLEAN-006092,EVS360-023,Saint Petersburg,2032-12-19T14:10,2032-12-19T21:30,2.5
CLEAN-006093,EVS360-006,Moscow,2032-12-19T14:50,2032-12-20T06:15,2.5
CLEAN-006094,EVS360-024,Saint Petersburg,2032-12-19T14:50,2032-12-19T22:00,2.5
CLEAN-006095,EVS360-007,Moscow,2032-12-19T15:20,2032-12-20T06:30,2.5
CLEAN-006096,EVS360-025,Saint Petersburg,2032-12-19T15:20,2032-12-20T06:00,2.5
CLEAN-006097,EVS360-026,Saint Petersburg,2032-12-19T15:50,2032-12-20T06:15,2.5
CLEAN-006098,EVS360-008,Moscow,2032-12-19T16:10,2032-12-20T07:00,2.5
CLEAN-006099,EVS360-027,Saint Petersburg,2032-12-19T16:10,2032-12-20T06:30,2.5
CLEAN-006100,EVS360-009,Moscow,2032-12-19T16:50,2032-12-20T07:30,2.5
CLEAN-006101,EVS360-028,Saint Petersburg,2032-12-19T16:50,2032-12-20T07:00,2.5
CLEAN-006102,EVS360-010,Moscow,2032-12-19T17:20,2032-12-20T08:00,2.5
CLEAN-006103,EVS360-029,Saint Petersburg,2032-12-19T17:20,2032-12-20T07:15,2.5
CLEAN-006104,EVS360-011,Moscow,2032-12-19T18:10,2032-12-20T08:30,2.5
CLEAN-006105,EVS360-030,Saint Petersburg,2032-12-19T18:10,2032-12-20T07:30,2.5
CLEAN-006106,EVS360-012,Moscow,2032-12-19T18:50,2032-12-20T09:00,2.5
CLEAN-006107,EVS360-031,Saint Petersburg,2032-12-19T18:50,2032-12-20T08:00,2.5
CLEAN-006108,EVS360-013,Moscow,2032-12-19T19:20,2032-12-20T09:30,2.5
CLEAN-006109,EVS360-014,Moscow,2032-12-19T19:50,2032-12-20T10:00,2.5
CLEAN-006110,EVS360-032,Saint Petersburg,2032-12-19T19:50,2032-12-20T08:30,2.5
CLEAN-006111,EVS360-015,Moscow,2032-12-19T20:10,2032-12-20T10:15,2.5
CLEAN-006112,EVS360-033,Saint Petersburg,2032-12-19T20:10,2032-12-20T09:00,2.5
CLEAN-006113,EVS360-016,Moscow,2032-12-19T20:35,2032-12-20T10:30,2.5
CLEAN-006114,EVS360-034,Saint Petersburg,2032-12-19T20:35,2032-12-20T09:30,2.5
CLEAN-006115,EVS360-017,Moscow,2032-12-19T20:50,2032-12-20T11:00,2.5
CLEAN-006116,EVS360-035,Saint Petersburg,2032-12-19T20:50,2032-12-20T10:00,2.5
CLEAN-006117,EVS360-018,Moscow,2032-12-19T21:20,2032-12-20T11:30,2.5
CLEAN-006118,EVS360-036,Saint Petersburg,2032-12-19T21:20,2032-12-20T10:15,2.5
CLEAN-006119,EVS360-019,Moscow,2032-12-19T21:50,2032-12-20T12:00,2.5
CLEAN-006120,EVS360-037,Saint Petersburg,2032-12-19T21:50,2032-12-20T10:30,2.5
CLEAN-006121,EVS360-020,Moscow,2032-12-19T22:10,2032-12-20T12:30,2.5
CLEAN-006122,EVS360-038,Saint Petersburg,2032-12-19T22:10,2032-12-20T11:00,2.5
CLEAN-006123,EVS360-039,Saint Petersburg,2032-12-19T22:35,2032-12-20T11:30,2.5
CLEAN-006124,EVS360-001,Moscow,2032-12-21T16:50,2032-12-22T07:30,2.5
CLEAN-006125,EVS360-002,Moscow,2032-12-21T17:20,2032-12-22T08:00,2.5
CLEAN-006126,EVS360-021,Saint Petersburg,2032-12-21T17:20,2032-12-22T07:15,2.5
CLEAN-006127,EVS360-003,Moscow,2032-12-21T18:10,2032-12-22T08:30,2.5
CLEAN-006128,EVS360-022,Saint Petersburg,2032-12-21T18:10,2032-12-22T07:30,2.5
CLEAN-006129,EVS360-004,Moscow,2032-12-21T18:50,2032-12-22T09:00,2.5
CLEAN-006130,EVS360-023,Saint Petersburg,2032-12-21T18:50,2032-12-22T08:00,2.5
CLEAN-006131,EVS360-005,Moscow,2032-12-21T19:20,2032-12-22T09:30,2.5
CLEAN-006132,EVS360-006,Moscow,2032-12-21T19:50,2032-12-22T10:00,2.5
CLEAN-006133,EVS360-024,Saint Petersburg,2032-12-21T19:50,2032-12-22T08:30,2.5
CLEAN-006134,EVS360-007,Moscow,2032-12-21T20:10,2032-12-22T10:15,2.5
CLEAN-006135,EVS360-025,Saint Petersburg,2032-12-21T20:10,2032-12-22T09:00,2.5
CLEAN-006136,EVS360-008,Moscow,2032-12-21T20:35,2032-12-22T10:30,2.5
CLEAN-006137,EVS360-026,Saint Petersburg,2032-12-21T20:35,2032-12-22T09:30,2.5
CLEAN-006138,EVS360-009,Moscow,2032-12-21T20:50,2032-12-22T11:00,2.5
CLEAN-006139,EVS360-027,Saint Petersburg,2032-12-21T20:50,2032-12-22T10:00,2.5
CLEAN-006140,EVS360-010,Moscow,2032-12-21T21:20,2032-12-22T11:30,2.5
CLEAN-006141,EVS360-028,Saint Petersburg,2032-12-21T21:20,2032-12-22T10:15,2.5
CLEAN-006142,EVS360-011,Moscow,2032-12-21T21:50,2032-12-22T12:00,2.5
CLEAN-006143,EVS360-029,Saint Petersburg,2032-12-21T21:50,2032-12-22T10:30,2.5
CLEAN-006144,EVS360-012,Moscow,2032-12-21T22:10,2032-12-22T12:30,2.5
CLEAN-006145,EVS360-030,Saint Petersburg,2032-12-21T22:10,2032-12-22T11:00,2.5
CLEAN-006146,EVS360-031,Saint Petersburg,2032-12-21T22:35,2032-12-22T11:30,2.5
CLEAN-006147,EVS360-013,Moscow,2032-12-21T22:50,2032-12-22T13:00,2.5
CLEAN-006148,EVS360-032,Saint Petersburg,2032-12-21T22:50,2032-12-22T12:00,2.5
CLEAN-006149,EVS360-014,Moscow,2032-12-21T23:20,2032-12-22T13:30,2.5
CLEAN-006150,EVS360-033,Saint Petersburg,2032-12-21T23:20,2032-12-22T12:30,2.5
CLEAN-006151,EVS360-015,Moscow,2032-12-21T23:50,2032-12-22T14:00,2.5
CLEAN-006152,EVS360-034,Saint Petersburg,2032-12-21T23:50,2032-12-22T13:00,2.5
CLEAN-006153,EVS360-016,Moscow,2032-12-22T00:10,2032-12-22T14:30,2.5
CLEAN-006154,EVS360-035,Saint Petersburg,2032-12-22T00:10,2032-12-22T14:00,2.5
CLEAN-006155,EVS360-017,Moscow,2032-12-22T08:10,2032-12-22T15:00,2.5
CLEAN-006156,EVS360-036,Saint Petersburg,2032-12-22T08:10,2032-12-22T14:30,2.5
CLEAN-006157,EVS360-018,Moscow,2032-12-22T08:35,2032-12-22T16:00,2.5
CLEAN-006158,EVS360-037,Saint Petersburg,2032-12-22T08:35,2032-12-22T15:00,2.5
CLEAN-006159,EVS360-019,Moscow,2032-12-22T08:50,2032-12-22T16:30,2.5
CLEAN-006160,EVS360-038,Saint Petersburg,2032-12-22T08:50,2032-12-22T16:00,2.5
CLEAN-006161,EVS360-020,Moscow,2032-12-22T09:20,2032-12-22T17:30,2.5
CLEAN-006162,EVS360-039,Saint Petersburg,2032-12-22T09:20,2032-12-22T16:30,2.5
CLEAN-006163,EVS360-001,Moscow,2032-12-23T20:50,2032-12-24T11:00,2.5
CLEAN-006164,EVS360-002,Moscow,2032-12-23T21:20,2032-12-24T11:30,2.5
CLEAN-006165,EVS360-003,Moscow,2032-12-23T21:50,2032-12-24T12:00,2.5
CLEAN-006166,EVS360-021,Saint Petersburg,2032-12-23T21:50,2032-12-24T10:30,2.5
CLEAN-006167,EVS360-004,Moscow,2032-12-23T22:10,2032-12-24T12:30,2.5
CLEAN-006168,EVS360-022,Saint Petersburg,2032-12-23T22:10,2032-12-24T11:00,2.5
CLEAN-006169,EVS360-023,Saint Petersburg,2032-12-23T22:35,2032-12-24T11:30,2.5
CLEAN-006170,EVS360-005,Moscow,2032-12-23T22:50,2032-12-24T13:00,2.5
CLEAN-006171,EVS360-024,Saint Petersburg,2032-12-23T22:50,2032-12-24T12:00,2.5
CLEAN-006172,EVS360-006,Moscow,2032-12-23T23:20,2032-12-24T13:30,2.5
CLEAN-006173,EVS360-025,Saint Petersburg,2032-12-23T23:20,2032-12-24T12:30,2.5
CLEAN-006174,EVS360-007,Moscow,2032-12-23T23:50,2032-12-24T14:00,2.5
CLEAN-006175,EVS360-026,Saint Petersburg,2032-12-23T23:50,2032-12-24T13:00,2.5
CLEAN-006176,EVS360-008,Moscow,2032-12-24T00:10,2032-12-24T14:30,2.5
CLEAN-006177,EVS360-027,Saint Petersburg,2032-12-24T00:10,2032-12-24T14:00,2.5
CLEAN-006178,EVS360-009,Moscow,2032-12-24T08:10,2032-12-24T15:00,2.5
CLEAN-006179,EVS360-028,Saint Petersburg,2032-12-24T08:10,2032-12-24T14:30,2.5
CLEAN-006180,EVS360-010,Moscow,2032-12-24T08:35,2032-12-24T16:00,2.5
CLEAN-006181,EVS360-029,Saint Petersburg,2032-12-24T08:35,2032-12-24T15:00,2.5
CLEAN-006182,EVS360-011,Moscow,2032-12-24T08:50,2032-12-24T16:30,2.5
CLEAN-006183,EVS360-030,Saint Petersburg,2032-12-24T08:50,2032-12-24T16:00,2.5
CLEAN-006184,EVS360-012,Moscow,2032-12-24T09:20,2032-12-24T17:30,2.5
CLEAN-006185,EVS360-031,Saint Petersburg,2032-12-24T09:20,2032-12-24T16:30,2.5
CLEAN-006186,EVS360-013,Moscow,2032-12-24T09:35,2032-12-24T18:00,2.5
CLEAN-006187,EVS360-014,Moscow,2032-12-24T09:50,2032-12-24T18:15,2.5
CLEAN-006188,EVS360-032,Saint Petersburg,2032-12-24T09:50,2032-12-24T17:00,2.5
CLEAN-006189,EVS360-015,Moscow,2032-12-24T10:10,2032-12-24T18:30,2.5
CLEAN-006190,EVS360-033,Saint Petersburg,2032-12-24T10:10,2032-12-24T17:30,2.5
CLEAN-006191,EVS360-016,Moscow,2032-12-24T10:50,2032-12-24T19:00,2.5
CLEAN-006192,EVS360-034,Saint Petersburg,2032-12-24T10:50,2032-12-24T18:00,2.5
CLEAN-006193,EVS360-017,Moscow,2032-12-24T11:20,2032-12-24T19:30,2.5
CLEAN-006194,EVS360-035,Saint Petersburg,2032-12-24T11:20,2032-12-24T18:15,2.5
CLEAN-006195,EVS360-018,Moscow,2032-12-24T11:50,2032-12-24T20:00,2.5
CLEAN-006196,EVS360-036,Saint Petersburg,2032-12-24T11:50,2032-12-24T18:30,2.5
CLEAN-006197,EVS360-019,Moscow,2032-12-24T12:10,2032-12-24T20:15,2.5
CLEAN-006198,EVS360-037,Saint Petersburg,2032-12-24T12:10,2032-12-24T19:00,2.5
CLEAN-006199,EVS360-020,Moscow,2032-12-24T12:35,2032-12-24T20:30,2.5
CLEAN-006200,EVS360-038,Saint Petersburg,2032-12-24T12:35,2032-12-24T19:30,2.5
CLEAN-006201,EVS360-039,Saint Petersburg,2032-12-24T12:50,2032-12-24T20:00,2.5
CLEAN-006202,EVS360-001,Moscow,2032-12-26T08:10,2032-12-26T15:00,2.5
CLEAN-006203,EVS360-002,Moscow,2032-12-26T08:35,2032-12-26T16:00,2.5
CLEAN-006204,EVS360-021,Saint Petersburg,2032-12-26T08:35,2032-12-26T15:00,2.5
CLEAN-006205,EVS360-003,Moscow,2032-12-26T08:50,2032-12-26T16:30,2.5
CLEAN-006206,EVS360-022,Saint Petersburg,2032-12-26T08:50,2032-12-26T16:00,2.5
CLEAN-006207,EVS360-004,Moscow,2032-12-26T09:20,2032-12-26T17:30,2.5
CLEAN-006208,EVS360-023,Saint Petersburg,2032-12-26T09:20,2032-12-26T16:30,2.5
CLEAN-006209,EVS360-005,Moscow,2032-12-26T09:35,2032-12-26T18:00,2.5
CLEAN-006210,EVS360-006,Moscow,2032-12-26T09:50,2032-12-26T18:15,2.5
CLEAN-006211,EVS360-024,Saint Petersburg,2032-12-26T09:50,2032-12-26T17:00,2.5
CLEAN-006212,EVS360-007,Moscow,2032-12-26T10:10,2032-12-26T18:30,2.5
CLEAN-006213,EVS360-025,Saint Petersburg,2032-12-26T10:10,2032-12-26T17:30,2.5
CLEAN-006214,EVS360-008,Moscow,2032-12-26T10:50,2032-12-26T19:00,2.5
CLEAN-006215,EVS360-026,Saint Petersburg,2032-12-26T10:50,2032-12-26T18:00,2.5
CLEAN-006216,EVS360-009,Moscow,2032-12-26T11:20,2032-12-26T19:30,2.5
CLEAN-006217,EVS360-027,Saint Petersburg,2032-12-26T11:20,2032-12-26T18:15,2.5
CLEAN-006218,EVS360-010,Moscow,2032-12-26T11:50,2032-12-26T20:00,2.5
CLEAN-006219,EVS360-028,Saint Petersburg,2032-12-26T11:50,2032-12-26T18:30,2.5
CLEAN-006220,EVS360-011,Moscow,2032-12-26T12:10,2032-12-26T20:15,2.5
CLEAN-006221,EVS360-029,Saint Petersburg,2032-12-26T12:10,2032-12-26T19:00,2.5
CLEAN-006222,EVS360-012,Moscow,2032-12-26T12:35,2032-12-26T20:30,2.5
CLEAN-006223,EVS360-030,Saint Petersburg,2032-12-26T12:35,2032-12-26T19:30,2.5
CLEAN-006224,EVS360-013,Moscow,2032-12-26T12:50,2032-12-26T21:00,2.5
CLEAN-006225,EVS360-031,Saint Petersburg,2032-12-26T12:50,2032-12-26T20:00,2.5
CLEAN-006226,EVS360-014,Moscow,2032-12-26T13:20,2032-12-26T21:30,2.5
CLEAN-006227,EVS360-032,Saint Petersburg,2032-12-26T13:20,2032-12-26T20:30,2.5
CLEAN-006228,EVS360-015,Moscow,2032-12-26T13:50,2032-12-26T22:00,2.5
CLEAN-006229,EVS360-033,Saint Petersburg,2032-12-26T13:50,2032-12-26T21:00,2.5
CLEAN-006230,EVS360-016,Moscow,2032-12-26T14:10,2032-12-27T06:00,2.5
CLEAN-006231,EVS360-034,Saint Petersburg,2032-12-26T14:10,2032-12-26T21:30,2.5
CLEAN-006232,EVS360-017,Moscow,2032-12-26T14:50,2032-12-27T06:15,2.5
CLEAN-006233,EVS360-035,Saint Petersburg,2032-12-26T14:50,2032-12-26T22:00,2.5
CLEAN-006234,EVS360-018,Moscow,2032-12-26T15:20,2032-12-27T06:30,2.5
CLEAN-006235,EVS360-036,Saint Petersburg,2032-12-26T15:20,2032-12-27T06:00,2.5
CLEAN-006236,EVS360-037,Saint Petersburg,2032-12-26T15:50,2032-12-27T06:15,2.5
CLEAN-006237,EVS360-019,Moscow,2032-12-26T16:10,2032-12-27T07:00,2.5
CLEAN-006238,EVS360-038,Saint Petersburg,2032-12-26T16:10,2032-12-27T06:30,2.5
CLEAN-006239,EVS360-020,Moscow,2032-12-26T16:50,2032-12-27T07:30,2.5
CLEAN-006240,EVS360-039,Saint Petersburg,2032-12-26T16:50,2032-12-27T07:00,2.5
CLEAN-006241,EVS360-001,Moscow,2032-12-28T11:20,2032-12-28T19:30,2.5
CLEAN-006242,EVS360-002,Moscow,2032-12-28T11:50,2032-12-28T20:00,2.5
CLEAN-006243,EVS360-003,Moscow,2032-12-28T12:10,2032-12-28T20:15,2.5
CLEAN-006244,EVS360-021,Saint Petersburg,2032-12-28T12:10,2032-12-28T19:00,2.5
CLEAN-006245,EVS360-004,Moscow,2032-12-28T12:35,2032-12-28T20:30,2.5
CLEAN-006246,EVS360-022,Saint Petersburg,2032-12-28T12:35,2032-12-28T19:30,2.5
CLEAN-006247,EVS360-005,Moscow,2032-12-28T12:50,2032-12-28T21:00,2.5
CLEAN-006248,EVS360-023,Saint Petersburg,2032-12-28T12:50,2032-12-28T20:00,2.5
CLEAN-006249,EVS360-006,Moscow,2032-12-28T13:20,2032-12-28T21:30,2.5
CLEAN-006250,EVS360-024,Saint Petersburg,2032-12-28T13:20,2032-12-28T20:30,2.5
CLEAN-006251,EVS360-007,Moscow,2032-12-28T13:50,2032-12-28T22:00,2.5
CLEAN-006252,EVS360-025,Saint Petersburg,2032-12-28T13:50,2032-12-28T21:00,2.5
CLEAN-006253,EVS360-008,Moscow,2032-12-28T14:10,2032-12-29T06:00,2.5
CLEAN-006254,EVS360-026,Saint Petersburg,2032-12-28T14:10,2032-12-28T21:30,2.5
CLEAN-006255,EVS360-009,Moscow,2032-12-28T14:50,2032-12-29T06:15,2.5
CLEAN-006256,EVS360-027,Saint Petersburg,2032-12-28T14:50,2032-12-28T22:00,2.5
CLEAN-006257,EVS360-010,Moscow,2032-12-28T15:20,2032-12-29T06:30,2.5
CLEAN-006258,EVS360-028,Saint Petersburg,2032-12-28T15:20,2032-12-29T06:00,2.5
CLEAN-006259,EVS360-029,Saint Petersburg,2032-12-28T15:50,2032-12-29T06:15,2.5
CLEAN-006260,EVS360-011,Moscow,2032-12-28T16:10,2032-12-29T07:00,2.5
CLEAN-006261,EVS360-030,Saint Petersburg,2032-12-28T16:10,2032-12-29T06:30,2.5
CLEAN-006262,EVS360-012,Moscow,2032-12-28T16:50,2032-12-29T07:30,2.5
CLEAN-006263,EVS360-031,Saint Petersburg,2032-12-28T16:50,2032-12-29T07:00,2.5
CLEAN-006264,EVS360-013,Moscow,2032-12-28T17:20,2032-12-29T08:00,2.5
CLEAN-006265,EVS360-032,Saint Petersburg,2032-12-28T17:20,2032-12-29T07:15,2.5
CLEAN-006266,EVS360-014,Moscow,2032-12-28T18:10,2032-12-29T08:30,2.5
CLEAN-006267,EVS360-033,Saint Petersburg,2032-12-28T18:10,2032-12-29T07:30,2.5
CLEAN-006268,EVS360-015,Moscow,2032-12-28T18:50,2032-12-29T09:00,2.5
CLEAN-006269,EVS360-034,Saint Petersburg,2032-12-28T18:50,2032-12-29T08:00,2.5
CLEAN-006270,EVS360-016,Moscow,2032-12-28T19:20,2032-12-29T09:30,2.5
CLEAN-006271,EVS360-017,Moscow,2032-12-28T19:50,2032-12-29T10:00,2.5
CLEAN-006272,EVS360-035,Saint Petersburg,2032-12-28T19:50,2032-12-29T08:30,2.5
CLEAN-006273,EVS360-018,Moscow,2032-12-28T20:10,2032-12-29T10:15,2.5
CLEAN-006274,EVS360-036,Saint Petersburg,2032-12-28T20:10,2032-12-29T09:00,2.5
CLEAN-006275,EVS360-019,Moscow,2032-12-28T20:35,2032-12-29T10:30,2.5
CLEAN-006276,EVS360-037,Saint Petersburg,2032-12-28T20:35,2032-12-29T09:30,2.5
CLEAN-006277,EVS360-020,Moscow,2032-12-28T20:50,2032-12-29T11:00,2.5
CLEAN-006278,EVS360-038,Saint Petersburg,2032-12-28T20:50,2032-12-29T10:00,2.5
CLEAN-006279,EVS360-039,Saint Petersburg,2032-12-28T21:20,2032-12-29T10:15,2.5
CLEAN-006280,EVS360-001,Moscow,2032-12-30T14:50,2032-12-31T06:15,2.5
CLEAN-006281,EVS360-002,Moscow,2032-12-30T15:20,2032-12-31T06:30,2.5
CLEAN-006282,EVS360-021,Saint Petersburg,2032-12-30T15:50,2032-12-31T06:15,2.5
CLEAN-006283,EVS360-003,Moscow,2032-12-30T16:10,2032-12-31T07:00,2.5
CLEAN-006284,EVS360-022,Saint Petersburg,2032-12-30T16:10,2032-12-31T06:30,2.5
CLEAN-006285,EVS360-004,Moscow,2032-12-30T16:50,2032-12-31T07:30,2.5
CLEAN-006286,EVS360-023,Saint Petersburg,2032-12-30T16:50,2032-12-31T07:00,2.5
CLEAN-006287,EVS360-005,Moscow,2032-12-30T17:20,2032-12-31T08:00,2.5
CLEAN-006288,EVS360-024,Saint Petersburg,2032-12-30T17:20,2032-12-31T07:15,2.5
CLEAN-006289,EVS360-006,Moscow,2032-12-30T18:10,2032-12-31T08:30,2.5
CLEAN-006290,EVS360-025,Saint Petersburg,2032-12-30T18:10,2032-12-31T07:30,2.5
CLEAN-006291,EVS360-007,Moscow,2032-12-30T18:50,2032-12-31T09:00,2.5
CLEAN-006292,EVS360-026,Saint Petersburg,2032-12-30T18:50,2032-12-31T08:00,2.5
CLEAN-006293,EVS360-008,Moscow,2032-12-30T19:20,2032-12-31T09:30,2.5
CLEAN-006294,EVS360-009,Moscow,2032-12-30T19:50,2032-12-31T10:00,2.5
CLEAN-006295,EVS360-027,Saint Petersburg,2032-12-30T19:50,2032-12-31T08:30,2.5
CLEAN-006296,EVS360-010,Moscow,2032-12-30T20:10,2032-12-31T10:15,2.5
CLEAN-006297,EVS360-028,Saint Petersburg,2032-12-30T20:10,2032-12-31T09:00,2.5
CLEAN-006298,EVS360-011,Moscow,2032-12-30T20:35,2032-12-31T10:30,2.5
CLEAN-006299,EVS360-029,Saint Petersburg,2032-12-30T20:35,2032-12-31T09:30,2.5
CLEAN-006300,EVS360-012,Moscow,2032-12-30T20:50,2032-12-31T11:00,2.5
CLEAN-006301,EVS360-030,Saint Petersburg,2032-12-30T20:50,2032-12-31T10:00,2.5
CLEAN-006302,EVS360-013,Moscow,2032-12-30T21:20,2032-12-31T11:30,2.5
CLEAN-006303,EVS360-031,Saint Petersburg,2032-12-30T21:20,2032-12-31T10:15,2.5
CLEAN-006304,EVS360-014,Moscow,2032-12-30T21:50,2032-12-31T12:00,2.5
CLEAN-006305,EVS360-032,Saint Petersburg,2032-12-30T21:50,2032-12-31T10:30,2.5
CLEAN-006306,EVS360-015,Moscow,2032-12-30T22:10,2032-12-31T12:30,2.5
CLEAN-006307,EVS360-033,Saint Petersburg,2032-12-30T22:10,2032-12-31T11:00,2.5
CLEAN-006308,EVS360-034,Saint Petersburg,2032-12-30T22:35,2032-12-31T11:30,2.5
CLEAN-006309,EVS360-016,Moscow,2032-12-30T22:50,2032-12-31T13:00,2.5
CLEAN-006310,EVS360-035,Saint Petersburg,2032-12-30T22:50,2032-12-31T12:00,2.5
CLEAN-006311,EVS360-017,Moscow,2032-12-30T23:20,2032-12-31T13:30,2.5
CLEAN-006312,EVS360-036,Saint Petersburg,2032-12-30T23:20,2032-12-31T12:30,2.5
CLEAN-006313,EVS360-018,Moscow,2032-12-30T23:50,2032-12-31T14:00,2.5
CLEAN-006314,EVS360-037,Saint Petersburg,2032-12-30T23:50,2032-12-31T13:00,2.5
CLEAN-006315,EVS360-019,Moscow,2032-12-31T00:10,2032-12-31T14:30,2.5
CLEAN-006316,EVS360-038,Saint Petersburg,2032-12-31T00:10,2032-12-31T14:00,2.5
CLEAN-006317,EVS360-020,Moscow,2032-12-31T08:10,2032-12-31T15:00,2.5
CLEAN-006318,EVS360-039,Saint Petersburg,2032-12-31T08:10,2032-12-31T14:30,2.5
CLEAN-006319,EVS360-001,Moscow,2033-01-01T19:50,2033-01-02T10:00,2.5
CLEAN-006320,EVS360-002,Moscow,2033-01-01T20:10,2033-01-02T10:15,2.5
CLEAN-006321,EVS360-003,Moscow,2033-01-01T20:35,2033-01-02T10:30,2.5
CLEAN-006322,EVS360-021,Saint Petersburg,2033-01-01T20:35,2033-01-02T09:30,2.5
CLEAN-006323,EVS360-004,Moscow,2033-01-01T20:50,2033-01-02T11:00,2.5
CLEAN-006324,EVS360-022,Saint Petersburg,2033-01-01T20:50,2033-01-02T10:00,2.5
CLEAN-006325,EVS360-005,Moscow,2033-01-01T21:20,2033-01-02T11:30,2.5
CLEAN-006326,EVS360-023,Saint Petersburg,2033-01-01T21:20,2033-01-02T10:15,2.5
CLEAN-006327,EVS360-006,Moscow,2033-01-01T21:50,2033-01-02T12:00,2.5
CLEAN-006328,EVS360-024,Saint Petersburg,2033-01-01T21:50,2033-01-02T10:30,2.5
CLEAN-006329,EVS360-007,Moscow,2033-01-01T22:10,2033-01-02T12:30,2.5
CLEAN-006330,EVS360-025,Saint Petersburg,2033-01-01T22:10,2033-01-02T11:00,2.5
CLEAN-006331,EVS360-026,Saint Petersburg,2033-01-01T22:35,2033-01-02T11:30,2.5
CLEAN-006332,EVS360-008,Moscow,2033-01-01T22:50,2033-01-02T13:00,2.5
CLEAN-006333,EVS360-027,Saint Petersburg,2033-01-01T22:50,2033-01-02T12:00,2.5
CLEAN-006334,EVS360-009,Moscow,2033-01-01T23:20,2033-01-02T13:30,2.5
CLEAN-006335,EVS360-028,Saint Petersburg,2033-01-01T23:20,2033-01-02T12:30,2.5
CLEAN-006336,EVS360-010,Moscow,2033-01-01T23:50,2033-01-02T14:00,2.5
CLEAN-006337,EVS360-029,Saint Petersburg,2033-01-01T23:50,2033-01-02T13:00,2.5
CLEAN-006338,EVS360-011,Moscow,2033-01-02T00:10,2033-01-02T14:30,2.5
CLEAN-006339,EVS360-030,Saint Petersburg,2033-01-02T00:10,2033-01-02T14:00,2.5
CLEAN-006340,EVS360-012,Moscow,2033-01-02T08:10,2033-01-02T15:00,2.5
CLEAN-006341,EVS360-031,Saint Petersburg,2033-01-02T08:10,2033-01-02T14:30,2.5
CLEAN-006342,EVS360-013,Moscow,2033-01-02T08:35,2033-01-02T16:00,2.5
CLEAN-006343,EVS360-032,Saint Petersburg,2033-01-02T08:35,2033-01-02T15:00,2.5
CLEAN-006344,EVS360-014,Moscow,2033-01-02T08:50,2033-01-02T16:30,2.5
CLEAN-006345,EVS360-033,Saint Petersburg,2033-01-02T08:50,2033-01-02T16:00,2.5
CLEAN-006346,EVS360-015,Moscow,2033-01-02T09:20,2033-01-02T17:30,2.5
CLEAN-006347,EVS360-034,Saint Petersburg,2033-01-02T09:20,2033-01-02T16:30,2.5
CLEAN-006348,EVS360-016,Moscow,2033-01-02T09:35,2033-01-02T18:00,2.5
CLEAN-006349,EVS360-017,Moscow,2033-01-02T09:50,2033-01-02T18:15,2.5
CLEAN-006350,EVS360-035,Saint Petersburg,2033-01-02T09:50,2033-01-02T17:00,2.5
CLEAN-006351,EVS360-018,Moscow,2033-01-02T10:10,2033-01-02T18:30,2.5
CLEAN-006352,EVS360-036,Saint Petersburg,2033-01-02T10:10,2033-01-02T17:30,2.5
CLEAN-006353,EVS360-019,Moscow,2033-01-02T10:50,2033-01-02T19:00,2.5
CLEAN-006354,EVS360-037,Saint Petersburg,2033-01-02T10:50,2033-01-02T18:00,2.5
CLEAN-006355,EVS360-020,Moscow,2033-01-02T11:20,2033-01-02T19:30,2.5
CLEAN-006356,EVS360-038,Saint Petersburg,2033-01-02T11:20,2033-01-02T18:15,2.5
CLEAN-006357,EVS360-039,Saint Petersburg,2033-01-02T11:50,2033-01-02T18:30,2.5
CLEAN-006358,EVS360-001,Moscow,2033-01-03T23:20,2033-01-04T13:30,2.5
CLEAN-006359,EVS360-002,Moscow,2033-01-03T23:50,2033-01-04T14:00,2.5
CLEAN-006360,EVS360-021,Saint Petersburg,2033-01-03T23:50,2033-01-04T13:00,2.5
CLEAN-006361,EVS360-003,Moscow,2033-01-04T00:10,2033-01-04T14:30,2.5
CLEAN-006362,EVS360-022,Saint Petersburg,2033-01-04T00:10,2033-01-04T14:00,2.5
CLEAN-006363,EVS360-004,Moscow,2033-01-04T08:10,2033-01-04T15:00,2.5
CLEAN-006364,EVS360-023,Saint Petersburg,2033-01-04T08:10,2033-01-04T14:30,2.5
CLEAN-006365,EVS360-005,Moscow,2033-01-04T08:35,2033-01-04T16:00,2.5
CLEAN-006366,EVS360-024,Saint Petersburg,2033-01-04T08:35,2033-01-04T15:00,2.5
CLEAN-006367,EVS360-006,Moscow,2033-01-04T08:50,2033-01-04T16:30,2.5
CLEAN-006368,EVS360-025,Saint Petersburg,2033-01-04T08:50,2033-01-04T16:00,2.5
CLEAN-006369,EVS360-007,Moscow,2033-01-04T09:20,2033-01-04T17:30,2.5
CLEAN-006370,EVS360-026,Saint Petersburg,2033-01-04T09:20,2033-01-04T16:30,2.5
CLEAN-006371,EVS360-008,Moscow,2033-01-04T09:35,2033-01-04T18:00,2.5
CLEAN-006372,EVS360-009,Moscow,2033-01-04T09:50,2033-01-04T18:15,2.5
CLEAN-006373,EVS360-027,Saint Petersburg,2033-01-04T09:50,2033-01-04T17:00,2.5
CLEAN-006374,EVS360-010,Moscow,2033-01-04T10:10,2033-01-04T18:30,2.5
CLEAN-006375,EVS360-028,Saint Petersburg,2033-01-04T10:10,2033-01-04T17:30,2.5
CLEAN-006376,EVS360-011,Moscow,2033-01-04T10:50,2033-01-04T19:00,2.5
CLEAN-006377,EVS360-029,Saint Petersburg,2033-01-04T10:50,2033-01-04T18:00,2.5
CLEAN-006378,EVS360-012,Moscow,2033-01-04T11:20,2033-01-04T19:30,2.5
CLEAN-006379,EVS360-030,Saint Petersburg,2033-01-04T11:20,2033-01-04T18:15,2.5
CLEAN-006380,EVS360-013,Moscow,2033-01-04T11:50,2033-01-04T20:00,2.5
CLEAN-006381,EVS360-031,Saint Petersburg,2033-01-04T11:50,2033-01-04T18:30,2.5
CLEAN-006382,EVS360-014,Moscow,2033-01-04T12:10,2033-01-04T20:15,2.5
CLEAN-006383,EVS360-032,Saint Petersburg,2033-01-04T12:10,2033-01-04T19:00,2.5
CLEAN-006384,EVS360-015,Moscow,2033-01-04T12:35,2033-01-04T20:30,2.5
CLEAN-006385,EVS360-033,Saint Petersburg,2033-01-04T12:35,2033-01-04T19:30,2.5
CLEAN-006386,EVS360-016,Moscow,2033-01-04T12:50,2033-01-04T21:00,2.5
CLEAN-006387,EVS360-034,Saint Petersburg,2033-01-04T12:50,2033-01-04T20:00,2.5
CLEAN-006388,EVS360-017,Moscow,2033-01-04T13:20,2033-01-04T21:30,2.5
CLEAN-006389,EVS360-035,Saint Petersburg,2033-01-04T13:20,2033-01-04T20:30,2.5
CLEAN-006390,EVS360-018,Moscow,2033-01-04T13:50,2033-01-04T22:00,2.5
CLEAN-006391,EVS360-036,Saint Petersburg,2033-01-04T13:50,2033-01-04T21:00,2.5
CLEAN-006392,EVS360-019,Moscow,2033-01-04T14:10,2033-01-05T06:00,2.5
CLEAN-006393,EVS360-037,Saint Petersburg,2033-01-04T14:10,2033-01-04T21:30,2.5
CLEAN-006394,EVS360-020,Moscow,2033-01-04T14:50,2033-01-05T06:15,2.5
CLEAN-006395,EVS360-038,Saint Petersburg,2033-01-04T14:50,2033-01-04T22:00,2.5
CLEAN-006396,EVS360-039,Saint Petersburg,2033-01-04T15:20,2033-01-05T06:00,2.5
CLEAN-006397,EVS360-001,Moscow,2033-01-06T09:50,2033-01-06T18:15,2.5
CLEAN-006398,EVS360-002,Moscow,2033-01-06T10:10,2033-01-06T18:30,2.5
CLEAN-006399,EVS360-003,Moscow,2033-01-06T10:50,2033-01-06T19:00,2.5
CLEAN-006400,EVS360-021,Saint Petersburg,2033-01-06T10:50,2033-01-06T18:00,2.5
CLEAN-006401,EVS360-004,Moscow,2033-01-06T11:20,2033-01-06T19:30,2.5
CLEAN-006402,EVS360-022,Saint Petersburg,2033-01-06T11:20,2033-01-06T18:15,2.5
CLEAN-006403,EVS360-005,Moscow,2033-01-06T11:50,2033-01-06T20:00,2.5
CLEAN-006404,EVS360-023,Saint Petersburg,2033-01-06T11:50,2033-01-06T18:30,2.5
CLEAN-006405,EVS360-006,Moscow,2033-01-06T12:10,2033-01-06T20:15,2.5
CLEAN-006406,EVS360-024,Saint Petersburg,2033-01-06T12:10,2033-01-06T19:00,2.5
CLEAN-006407,EVS360-007,Moscow,2033-01-06T12:35,2033-01-06T20:30,2.5
CLEAN-006408,EVS360-025,Saint Petersburg,2033-01-06T12:35,2033-01-06T19:30,2.5
CLEAN-006409,EVS360-008,Moscow,2033-01-06T12:50,2033-01-06T21:00,2.5
CLEAN-006410,EVS360-026,Saint Petersburg,2033-01-06T12:50,2033-01-06T20:00,2.5
CLEAN-006411,EVS360-009,Moscow,2033-01-06T13:20,2033-01-06T21:30,2.5
CLEAN-006412,EVS360-027,Saint Petersburg,2033-01-06T13:20,2033-01-06T20:30,2.5
CLEAN-006413,EVS360-010,Moscow,2033-01-06T13:50,2033-01-06T22:00,2.5
CLEAN-006414,EVS360-028,Saint Petersburg,2033-01-06T13:50,2033-01-06T21:00,2.5
CLEAN-006415,EVS360-011,Moscow,2033-01-06T14:10,2033-01-07T06:00,2.5
CLEAN-006416,EVS360-029,Saint Petersburg,2033-01-06T14:10,2033-01-06T21:30,2.5
CLEAN-006417,EVS360-012,Moscow,2033-01-06T14:50,2033-01-07T06:15,2.5
CLEAN-006418,EVS360-030,Saint Petersburg,2033-01-06T14:50,2033-01-06T22:00,2.5
CLEAN-006419,EVS360-013,Moscow,2033-01-06T15:20,2033-01-07T06:30,2.5
CLEAN-006420,EVS360-031,Saint Petersburg,2033-01-06T15:20,2033-01-07T06:00,2.5
CLEAN-006421,EVS360-032,Saint Petersburg,2033-01-06T15:50,2033-01-07T06:15,2.5
CLEAN-006422,EVS360-014,Moscow,2033-01-06T16:10,2033-01-07T07:00,2.5
CLEAN-006423,EVS360-033,Saint Petersburg,2033-01-06T16:10,2033-01-07T06:30,2.5
CLEAN-006424,EVS360-015,Moscow,2033-01-06T16:50,2033-01-07T07:30,2.5
CLEAN-006425,EVS360-034,Saint Petersburg,2033-01-06T16:50,2033-01-07T07:00,2.5
CLEAN-006426,EVS360-016,Moscow,2033-01-06T17:20,2033-01-07T08:00,2.5
CLEAN-006427,EVS360-035,Saint Petersburg,2033-01-06T17:20,2033-01-07T07:15,2.5
CLEAN-006428,EVS360-017,Moscow,2033-01-06T18:10,2033-01-07T08:30,2.5
CLEAN-006429,EVS360-036,Saint Petersburg,2033-01-06T18:10,2033-01-07T07:30,2.5
CLEAN-006430,EVS360-018,Moscow,2033-01-06T18:50,2033-01-07T09:00,2.5
CLEAN-006431,EVS360-037,Saint Petersburg,2033-01-06T18:50,2033-01-07T08:00,2.5
CLEAN-006432,EVS360-019,Moscow,2033-01-06T19:20,2033-01-07T09:30,2.5
CLEAN-006433,EVS360-020,Moscow,2033-01-06T19:50,2033-01-07T10:00,2.5
CLEAN-006434,EVS360-038,Saint Petersburg,2033-01-06T19:50,2033-01-07T08:30,2.5
CLEAN-006435,EVS360-039,Saint Petersburg,2033-01-06T20:10,2033-01-07T09:00,2.5
CLEAN-006436,EVS360-001,Moscow,2033-01-08T13:20,2033-01-08T21:30,2.5
CLEAN-006437,EVS360-002,Moscow,2033-01-08T13:50,2033-01-08T22:00,2.5
CLEAN-006438,EVS360-003,Moscow,2033-01-08T14:10,2033-01-09T06:00,2.5
CLEAN-006439,EVS360-021,Saint Petersburg,2033-01-08T14:10,2033-01-08T21:30,2.5
CLEAN-006440,EVS360-004,Moscow,2033-01-08T14:50,2033-01-09T06:15,2.5
CLEAN-006441,EVS360-022,Saint Petersburg,2033-01-08T14:50,2033-01-08T22:00,2.5
CLEAN-006442,EVS360-005,Moscow,2033-01-08T15:20,2033-01-09T06:30,2.5
CLEAN-006443,EVS360-023,Saint Petersburg,2033-01-08T15:20,2033-01-09T06:00,2.5
CLEAN-006444,EVS360-024,Saint Petersburg,2033-01-08T15:50,2033-01-09T06:15,2.5
CLEAN-006445,EVS360-006,Moscow,2033-01-08T16:10,2033-01-09T07:00,2.5
CLEAN-006446,EVS360-025,Saint Petersburg,2033-01-08T16:10,2033-01-09T06:30,2.5
CLEAN-006447,EVS360-007,Moscow,2033-01-08T16:50,2033-01-09T07:30,2.5
CLEAN-006448,EVS360-026,Saint Petersburg,2033-01-08T16:50,2033-01-09T07:00,2.5
CLEAN-006449,EVS360-008,Moscow,2033-01-08T17:20,2033-01-09T08:00,2.5
CLEAN-006450,EVS360-027,Saint Petersburg,2033-01-08T17:20,2033-01-09T07:15,2.5
CLEAN-006451,EVS360-009,Moscow,2033-01-08T18:10,2033-01-09T08:30,2.5
CLEAN-006452,EVS360-028,Saint Petersburg,2033-01-08T18:10,2033-01-09T07:30,2.5
CLEAN-006453,EVS360-010,Moscow,2033-01-08T18:50,2033-01-09T09:00,2.5
CLEAN-006454,EVS360-029,Saint Petersburg,2033-01-08T18:50,2033-01-09T08:00,2.5
CLEAN-006455,EVS360-011,Moscow,2033-01-08T19:20,2033-01-09T09:30,2.5
CLEAN-006456,EVS360-012,Moscow,2033-01-08T19:50,2033-01-09T10:00,2.5
CLEAN-006457,EVS360-030,Saint Petersburg,2033-01-08T19:50,2033-01-09T08:30,2.5
CLEAN-006458,EVS360-013,Moscow,2033-01-08T20:10,2033-01-09T10:15,2.5
CLEAN-006459,EVS360-031,Saint Petersburg,2033-01-08T20:10,2033-01-09T09:00,2.5
CLEAN-006460,EVS360-014,Moscow,2033-01-08T20:35,2033-01-09T10:30,2.5
CLEAN-006461,EVS360-032,Saint Petersburg,2033-01-08T20:35,2033-01-09T09:30,2.5
CLEAN-006462,EVS360-015,Moscow,2033-01-08T20:50,2033-01-09T11:00,2.5
CLEAN-006463,EVS360-033,Saint Petersburg,2033-01-08T20:50,2033-01-09T10:00,2.5
CLEAN-006464,EVS360-016,Moscow,2033-01-08T21:20,2033-01-09T11:30,2.5
CLEAN-006465,EVS360-034,Saint Petersburg,2033-01-08T21:20,2033-01-09T10:15,2.5
CLEAN-006466,EVS360-017,Moscow,2033-01-08T21:50,2033-01-09T12:00,2.5
CLEAN-006467,EVS360-035,Saint Petersburg,2033-01-08T21:50,2033-01-09T10:30,2.5
CLEAN-006468,EVS360-018,Moscow,2033-01-08T22:10,2033-01-09T12:30,2.5
CLEAN-006469,EVS360-036,Saint Petersburg,2033-01-08T22:10,2033-01-09T11:00,2.5
CLEAN-006470,EVS360-037,Saint Petersburg,2033-01-08T22:35,2033-01-09T11:30,2.5
CLEAN-006471,EVS360-019,Moscow,2033-01-08T22:50,2033-01-09T13:00,2.5
CLEAN-006472,EVS360-038,Saint Petersburg,2033-01-08T22:50,2033-01-09T12:00,2.5
CLEAN-006473,EVS360-020,Moscow,2033-01-08T23:20,2033-01-09T13:30,2.5
CLEAN-006474,EVS360-039,Saint Petersburg,2033-01-08T23:20,2033-01-09T12:30,2.5
CLEAN-006475,EVS360-001,Moscow,2033-01-10T18:10,2033-01-11T08:30,2.5
CLEAN-006476,EVS360-002,Moscow,2033-01-10T18:50,2033-01-11T09:00,2.5
CLEAN-006477,EVS360-021,Saint Petersburg,2033-01-10T18:50,2033-01-11T08:00,2.5
CLEAN-006478,EVS360-003,Moscow,2033-01-10T19:20,2033-01-11T09:30,2.5
CLEAN-006479,EVS360-004,Moscow,2033-01-10T19:50,2033-01-11T10:00,2.5
CLEAN-006480,EVS360-022,Saint Petersburg,2033-01-10T19:50,2033-01-11T08:30,2.5
CLEAN-006481,EVS360-005,Moscow,2033-01-10T20:10,2033-01-11T10:15,2.5
CLEAN-006482,EVS360-023,Saint Petersburg,2033-01-10T20:10,2033-01-11T09:00,2.5
CLEAN-006483,EVS360-006,Moscow,2033-01-10T20:35,2033-01-11T10:30,2.5
CLEAN-006484,EVS360-024,Saint Petersburg,2033-01-10T20:35,2033-01-11T09:30,2.5
CLEAN-006485,EVS360-007,Moscow,2033-01-10T20:50,2033-01-11T11:00,2.5
CLEAN-006486,EVS360-025,Saint Petersburg,2033-01-10T20:50,2033-01-11T10:00,2.5
CLEAN-006487,EVS360-008,Moscow,2033-01-10T21:20,2033-01-11T11:30,2.5
CLEAN-006488,EVS360-026,Saint Petersburg,2033-01-10T21:20,2033-01-11T10:15,2.5
CLEAN-006489,EVS360-009,Moscow,2033-01-10T21:50,2033-01-11T12:00,2.5
CLEAN-006490,EVS360-027,Saint Petersburg,2033-01-10T21:50,2033-01-11T10:30,2.5
CLEAN-006491,EVS360-010,Moscow,2033-01-10T22:10,2033-01-11T12:30,2.5
CLEAN-006492,EVS360-028,Saint Petersburg,2033-01-10T22:10,2033-01-11T11:00,2.5
CLEAN-006493,EVS360-029,Saint Petersburg,2033-01-10T22:35,2033-01-11T11:30,2.5
CLEAN-006494,EVS360-011,Moscow,2033-01-10T22:50,2033-01-11T13:00,2.5
CLEAN-006495,EVS360-030,Saint Petersburg,2033-01-10T22:50,2033-01-11T12:00,2.5
CLEAN-006496,EVS360-012,Moscow,2033-01-10T23:20,2033-01-11T13:30,2.5
CLEAN-006497,EVS360-031,Saint Petersburg,2033-01-10T23:20,2033-01-11T12:30,2.5
CLEAN-006498,EVS360-013,Moscow,2033-01-10T23:50,2033-01-11T14:00,2.5
CLEAN-006499,EVS360-032,Saint Petersburg,2033-01-10T23:50,2033-01-11T13:00,2.5
CLEAN-006500,EVS360-014,Moscow,2033-01-11T00:10,2033-01-11T14:30,2.5
CLEAN-006501,EVS360-033,Saint Petersburg,2033-01-11T00:10,2033-01-11T14:00,2.5
CLEAN-006502,EVS360-015,Moscow,2033-01-11T08:10,2033-01-11T15:00,2.5
CLEAN-006503,EVS360-034,Saint Petersburg,2033-01-11T08:10,2033-01-11T14:30,2.5
CLEAN-006504,EVS360-016,Moscow,2033-01-11T08:35,2033-01-11T16:00,2.5
CLEAN-006505,EVS360-035,Saint Petersburg,2033-01-11T08:35,2033-01-11T15:00,2.5
CLEAN-006506,EVS360-017,Moscow,2033-01-11T08:50,2033-01-11T16:30,2.5
CLEAN-006507,EVS360-036,Saint Petersburg,2033-01-11T08:50,2033-01-11T16:00,2.5
CLEAN-006508,EVS360-018,Moscow,2033-01-11T09:20,2033-01-11T17:30,2.5
CLEAN-006509,EVS360-037,Saint Petersburg,2033-01-11T09:20,2033-01-11T16:30,2.5
CLEAN-006510,EVS360-019,Moscow,2033-01-11T09:35,2033-01-11T18:00,2.5
CLEAN-006511,EVS360-020,Moscow,2033-01-11T09:50,2033-01-11T18:15,2.5
CLEAN-006512,EVS360-038,Saint Petersburg,2033-01-11T09:50,2033-01-11T17:00,2.5
CLEAN-006513,EVS360-039,Saint Petersburg,2033-01-11T10:10,2033-01-11T17:30,2.5
CLEAN-006514,EVS360-001,Moscow,2033-01-12T21:50,2033-01-13T12:00,2.5
CLEAN-006515,EVS360-002,Moscow,2033-01-12T22:10,2033-01-13T12:30,2.5
CLEAN-006516,EVS360-021,Saint Petersburg,2033-01-12T22:35,2033-01-13T11:30,2.5
CLEAN-006517,EVS360-003,Moscow,2033-01-12T22:50,2033-01-13T13:00,2.5
CLEAN-006518,EVS360-022,Saint Petersburg,2033-01-12T22:50,2033-01-13T12:00,2.5
CLEAN-006519,EVS360-004,Moscow,2033-01-12T23:20,2033-01-13T13:30,2.5
CLEAN-006520,EVS360-023,Saint Petersburg,2033-01-12T23:20,2033-01-13T12:30,2.5
CLEAN-006521,EVS360-005,Moscow,2033-01-12T23:50,2033-01-13T14:00,2.5
CLEAN-006522,EVS360-024,Saint Petersburg,2033-01-12T23:50,2033-01-13T13:00,2.5
CLEAN-006523,EVS360-006,Moscow,2033-01-13T00:10,2033-01-13T14:30,2.5
CLEAN-006524,EVS360-025,Saint Petersburg,2033-01-13T00:10,2033-01-13T14:00,2.5
CLEAN-006525,EVS360-007,Moscow,2033-01-13T08:10,2033-01-13T15:00,2.5
CLEAN-006526,EVS360-026,Saint Petersburg,2033-01-13T08:10,2033-01-13T14:30,2.5
CLEAN-006527,EVS360-008,Moscow,2033-01-13T08:35,2033-01-13T16:00,2.5
CLEAN-006528,EVS360-027,Saint Petersburg,2033-01-13T08:35,2033-01-13T15:00,2.5
CLEAN-006529,EVS360-009,Moscow,2033-01-13T08:50,2033-01-13T16:30,2.5
CLEAN-006530,EVS360-028,Saint Petersburg,2033-01-13T08:50,2033-01-13T16:00,2.5
CLEAN-006531,EVS360-010,Moscow,2033-01-13T09:20,2033-01-13T17:30,2.5
CLEAN-006532,EVS360-029,Saint Petersburg,2033-01-13T09:20,2033-01-13T16:30,2.5
CLEAN-006533,EVS360-011,Moscow,2033-01-13T09:35,2033-01-13T18:00,2.5
CLEAN-006534,EVS360-012,Moscow,2033-01-13T09:50,2033-01-13T18:15,2.5
CLEAN-006535,EVS360-030,Saint Petersburg,2033-01-13T09:50,2033-01-13T17:00,2.5
CLEAN-006536,EVS360-013,Moscow,2033-01-13T10:10,2033-01-13T18:30,2.5
CLEAN-006537,EVS360-031,Saint Petersburg,2033-01-13T10:10,2033-01-13T17:30,2.5
CLEAN-006538,EVS360-014,Moscow,2033-01-13T10:50,2033-01-13T19:00,2.5
CLEAN-006539,EVS360-032,Saint Petersburg,2033-01-13T10:50,2033-01-13T18:00,2.5
CLEAN-006540,EVS360-015,Moscow,2033-01-13T11:20,2033-01-13T19:30,2.5
CLEAN-006541,EVS360-033,Saint Petersburg,2033-01-13T11:20,2033-01-13T18:15,2.5
CLEAN-006542,EVS360-016,Moscow,2033-01-13T11:50,2033-01-13T20:00,2.5
CLEAN-006543,EVS360-034,Saint Petersburg,2033-01-13T11:50,2033-01-13T18:30,2.5
CLEAN-006544,EVS360-017,Moscow,2033-01-13T12:10,2033-01-13T20:15,2.5
CLEAN-006545,EVS360-035,Saint Petersburg,2033-01-13T12:10,2033-01-13T19:00,2.5
CLEAN-006546,EVS360-018,Moscow,2033-01-13T12:35,2033-01-13T20:30,2.5
CLEAN-006547,EVS360-036,Saint Petersburg,2033-01-13T12:35,2033-01-13T19:30,2.5
CLEAN-006548,EVS360-019,Moscow,2033-01-13T12:50,2033-01-13T21:00,2.5
CLEAN-006549,EVS360-037,Saint Petersburg,2033-01-13T12:50,2033-01-13T20:00,2.5
CLEAN-006550,EVS360-020,Moscow,2033-01-13T13:20,2033-01-13T21:30,2.5
CLEAN-006551,EVS360-038,Saint Petersburg,2033-01-13T13:20,2033-01-13T20:30,2.5
CLEAN-006552,EVS360-039,Saint Petersburg,2033-01-13T13:50,2033-01-13T21:00,2.5
CLEAN-006553,EVS360-001,Moscow,2033-01-15T08:50,2033-01-15T16:30,2.5
CLEAN-006554,EVS360-002,Moscow,2033-01-15T09:20,2033-01-15T17:30,2.5
CLEAN-006555,EVS360-021,Saint Petersburg,2033-01-15T09:20,2033-01-15T16:30,2.5
CLEAN-006556,EVS360-003,Moscow,2033-01-15T09:35,2033-01-15T18:00,2.5
CLEAN-006557,EVS360-004,Moscow,2033-01-15T09:50,2033-01-15T18:15,2.5
CLEAN-006558,EVS360-022,Saint Petersburg,2033-01-15T09:50,2033-01-15T17:00,2.5
CLEAN-006559,EVS360-005,Moscow,2033-01-15T10:10,2033-01-15T18:30,2.5
CLEAN-006560,EVS360-023,Saint Petersburg,2033-01-15T10:10,2033-01-15T17:30,2.5
CLEAN-006561,EVS360-006,Moscow,2033-01-15T10:50,2033-01-15T19:00,2.5
CLEAN-006562,EVS360-024,Saint Petersburg,2033-01-15T10:50,2033-01-15T18:00,2.5
CLEAN-006563,EVS360-007,Moscow,2033-01-15T11:20,2033-01-15T19:30,2.5
CLEAN-006564,EVS360-025,Saint Petersburg,2033-01-15T11:20,2033-01-15T18:15,2.5
CLEAN-006565,EVS360-008,Moscow,2033-01-15T11:50,2033-01-15T20:00,2.5
CLEAN-006566,EVS360-026,Saint Petersburg,2033-01-15T11:50,2033-01-15T18:30,2.5
CLEAN-006567,EVS360-009,Moscow,2033-01-15T12:10,2033-01-15T20:15,2.5
CLEAN-006568,EVS360-027,Saint Petersburg,2033-01-15T12:10,2033-01-15T19:00,2.5
CLEAN-006569,EVS360-010,Moscow,2033-01-15T12:35,2033-01-15T20:30,2.5
CLEAN-006570,EVS360-028,Saint Petersburg,2033-01-15T12:35,2033-01-15T19:30,2.5
CLEAN-006571,EVS360-011,Moscow,2033-01-15T12:50,2033-01-15T21:00,2.5
CLEAN-006572,EVS360-029,Saint Petersburg,2033-01-15T12:50,2033-01-15T20:00,2.5
CLEAN-006573,EVS360-012,Moscow,2033-01-15T13:20,2033-01-15T21:30,2.5
CLEAN-006574,EVS360-030,Saint Petersburg,2033-01-15T13:20,2033-01-15T20:30,2.5
CLEAN-006575,EVS360-013,Moscow,2033-01-15T13:50,2033-01-15T22:00,2.5
CLEAN-006576,EVS360-031,Saint Petersburg,2033-01-15T13:50,2033-01-15T21:00,2.5
CLEAN-006577,EVS360-014,Moscow,2033-01-15T14:10,2033-01-16T06:00,2.5
CLEAN-006578,EVS360-032,Saint Petersburg,2033-01-15T14:10,2033-01-15T21:30,2.5
CLEAN-006579,EVS360-015,Moscow,2033-01-15T14:50,2033-01-16T06:15,2.5
CLEAN-006580,EVS360-033,Saint Petersburg,2033-01-15T14:50,2033-01-15T22:00,2.5
CLEAN-006581,EVS360-016,Moscow,2033-01-15T15:20,2033-01-16T06:30,2.5
CLEAN-006582,EVS360-034,Saint Petersburg,2033-01-15T15:20,2033-01-16T06:00,2.5
CLEAN-006583,EVS360-035,Saint Petersburg,2033-01-15T15:50,2033-01-16T06:15,2.5
CLEAN-006584,EVS360-017,Moscow,2033-01-15T16:10,2033-01-16T07:00,2.5
CLEAN-006585,EVS360-036,Saint Petersburg,2033-01-15T16:10,2033-01-16T06:30,2.5
CLEAN-006586,EVS360-018,Moscow,2033-01-15T16:50,2033-01-16T07:30,2.5
CLEAN-006587,EVS360-037,Saint Petersburg,2033-01-15T16:50,2033-01-16T07:00,2.5
CLEAN-006588,EVS360-019,Moscow,2033-01-15T17:20,2033-01-16T08:00,2.5
CLEAN-006589,EVS360-038,Saint Petersburg,2033-01-15T17:20,2033-01-16T07:15,2.5
CLEAN-006590,EVS360-020,Moscow,2033-01-15T18:10,2033-01-16T08:30,2.5
CLEAN-006591,EVS360-039,Saint Petersburg,2033-01-15T18:10,2033-01-16T07:30,2.5
CLEAN-006592,EVS360-001,Moscow,2033-01-17T12:10,2033-01-17T20:15,2.5
CLEAN-006593,EVS360-002,Moscow,2033-01-17T12:35,2033-01-17T20:30,2.5
CLEAN-006594,EVS360-003,Moscow,2033-01-17T12:50,2033-01-17T21:00,2.5
CLEAN-006595,EVS360-021,Saint Petersburg,2033-01-17T12:50,2033-01-17T20:00,2.5
CLEAN-006596,EVS360-004,Moscow,2033-01-17T13:20,2033-01-17T21:30,2.5
CLEAN-006597,EVS360-022,Saint Petersburg,2033-01-17T13:20,2033-01-17T20:30,2.5
CLEAN-006598,EVS360-005,Moscow,2033-01-17T13:50,2033-01-17T22:00,2.5
CLEAN-006599,EVS360-023,Saint Petersburg,2033-01-17T13:50,2033-01-17T21:00,2.5
CLEAN-006600,EVS360-006,Moscow,2033-01-17T14:10,2033-01-18T06:00,2.5
CLEAN-006601,EVS360-024,Saint Petersburg,2033-01-17T14:10,2033-01-17T21:30,2.5
CLEAN-006602,EVS360-007,Moscow,2033-01-17T14:50,2033-01-18T06:15,2.5
CLEAN-006603,EVS360-025,Saint Petersburg,2033-01-17T14:50,2033-01-17T22:00,2.5
CLEAN-006604,EVS360-008,Moscow,2033-01-17T15:20,2033-01-18T06:30,2.5
CLEAN-006605,EVS360-026,Saint Petersburg,2033-01-17T15:20,2033-01-18T06:00,2.5
CLEAN-006606,EVS360-027,Saint Petersburg,2033-01-17T15:50,2033-01-18T06:15,2.5
CLEAN-006607,EVS360-009,Moscow,2033-01-17T16:10,2033-01-18T07:00,2.5
CLEAN-006608,EVS360-028,Saint Petersburg,2033-01-17T16:10,2033-01-18T06:30,2.5
CLEAN-006609,EVS360-010,Moscow,2033-01-17T16:50,2033-01-18T07:30,2.5
CLEAN-006610,EVS360-029,Saint Petersburg,2033-01-17T16:50,2033-01-18T07:00,2.5
CLEAN-006611,EVS360-011,Moscow,2033-01-17T17:20,2033-01-18T08:00,2.5
CLEAN-006612,EVS360-030,Saint Petersburg,2033-01-17T17:20,2033-01-18T07:15,2.5
CLEAN-006613,EVS360-012,Moscow,2033-01-17T18:10,2033-01-18T08:30,2.5
CLEAN-006614,EVS360-031,Saint Petersburg,2033-01-17T18:10,2033-01-18T07:30,2.5
CLEAN-006615,EVS360-013,Moscow,2033-01-17T18:50,2033-01-18T09:00,2.5
CLEAN-006616,EVS360-032,Saint Petersburg,2033-01-17T18:50,2033-01-18T08:00,2.5
CLEAN-006617,EVS360-014,Moscow,2033-01-17T19:20,2033-01-18T09:30,2.5
CLEAN-006618,EVS360-015,Moscow,2033-01-17T19:50,2033-01-18T10:00,2.5
CLEAN-006619,EVS360-033,Saint Petersburg,2033-01-17T19:50,2033-01-18T08:30,2.5
CLEAN-006620,EVS360-016,Moscow,2033-01-17T20:10,2033-01-18T10:15,2.5
CLEAN-006621,EVS360-034,Saint Petersburg,2033-01-17T20:10,2033-01-18T09:00,2.5
CLEAN-006622,EVS360-017,Moscow,2033-01-17T20:35,2033-01-18T10:30,2.5
CLEAN-006623,EVS360-035,Saint Petersburg,2033-01-17T20:35,2033-01-18T09:30,2.5
CLEAN-006624,EVS360-018,Moscow,2033-01-17T20:50,2033-01-18T11:00,2.5
CLEAN-006625,EVS360-036,Saint Petersburg,2033-01-17T20:50,2033-01-18T10:00,2.5
CLEAN-006626,EVS360-019,Moscow,2033-01-17T21:20,2033-01-18T11:30,2.5
CLEAN-006627,EVS360-037,Saint Petersburg,2033-01-17T21:20,2033-01-18T10:15,2.5
CLEAN-006628,EVS360-020,Moscow,2033-01-17T21:50,2033-01-18T12:00,2.5
CLEAN-006629,EVS360-038,Saint Petersburg,2033-01-17T21:50,2033-01-18T10:30,2.5
CLEAN-006630,EVS360-039,Saint Petersburg,2033-01-17T22:10,2033-01-18T11:00,2.5
CLEAN-006631,EVS360-001,Moscow,2033-01-19T16:10,2033-01-20T07:00,2.5
CLEAN-006632,EVS360-002,Moscow,2033-01-19T16:50,2033-01-20T07:30,2.5
CLEAN-006633,EVS360-021,Saint Petersburg,2033-01-19T16:50,2033-01-20T07:00,2.5
CLEAN-006634,EVS360-003,Moscow,2033-01-19T17:20,2033-01-20T08:00,2.5
CLEAN-006635,EVS360-022,Saint Petersburg,2033-01-19T17:20,2033-01-20T07:15,2.5
CLEAN-006636,EVS360-004,Moscow,2033-01-19T18:10,2033-01-20T08:30,2.5
CLEAN-006637,EVS360-023,Saint Petersburg,2033-01-19T18:10,2033-01-20T07:30,2.5
CLEAN-006638,EVS360-005,Moscow,2033-01-19T18:50,2033-01-20T09:00,2.5
CLEAN-006639,EVS360-024,Saint Petersburg,2033-01-19T18:50,2033-01-20T08:00,2.5
CLEAN-006640,EVS360-006,Moscow,2033-01-19T19:20,2033-01-20T09:30,2.5
CLEAN-006641,EVS360-007,Moscow,2033-01-19T19:50,2033-01-20T10:00,2.5
CLEAN-006642,EVS360-025,Saint Petersburg,2033-01-19T19:50,2033-01-20T08:30,2.5
CLEAN-006643,EVS360-008,Moscow,2033-01-19T20:10,2033-01-20T10:15,2.5
CLEAN-006644,EVS360-026,Saint Petersburg,2033-01-19T20:10,2033-01-20T09:00,2.5
CLEAN-006645,EVS360-009,Moscow,2033-01-19T20:35,2033-01-20T10:30,2.5
CLEAN-006646,EVS360-027,Saint Petersburg,2033-01-19T20:35,2033-01-20T09:30,2.5
CLEAN-006647,EVS360-010,Moscow,2033-01-19T20:50,2033-01-20T11:00,2.5
CLEAN-006648,EVS360-028,Saint Petersburg,2033-01-19T20:50,2033-01-20T10:00,2.5
CLEAN-006649,EVS360-011,Moscow,2033-01-19T21:20,2033-01-20T11:30,2.5
CLEAN-006650,EVS360-029,Saint Petersburg,2033-01-19T21:20,2033-01-20T10:15,2.5
CLEAN-006651,EVS360-012,Moscow,2033-01-19T21:50,2033-01-20T12:00,2.5
CLEAN-006652,EVS360-030,Saint Petersburg,2033-01-19T21:50,2033-01-20T10:30,2.5
CLEAN-006653,EVS360-013,Moscow,2033-01-19T22:10,2033-01-20T12:30,2.5
CLEAN-006654,EVS360-031,Saint Petersburg,2033-01-19T22:10,2033-01-20T11:00,2.5
CLEAN-006655,EVS360-032,Saint Petersburg,2033-01-19T22:35,2033-01-20T11:30,2.5
CLEAN-006656,EVS360-014,Moscow,2033-01-19T22:50,2033-01-20T13:00,2.5
CLEAN-006657,EVS360-033,Saint Petersburg,2033-01-19T22:50,2033-01-20T12:00,2.5
CLEAN-006658,EVS360-015,Moscow,2033-01-19T23:20,2033-01-20T13:30,2.5
CLEAN-006659,EVS360-034,Saint Petersburg,2033-01-19T23:20,2033-01-20T12:30,2.5
CLEAN-006660,EVS360-016,Moscow,2033-01-19T23:50,2033-01-20T14:00,2.5
CLEAN-006661,EVS360-035,Saint Petersburg,2033-01-19T23:50,2033-01-20T13:00,2.5
CLEAN-006662,EVS360-017,Moscow,2033-01-20T00:10,2033-01-20T14:30,2.5
CLEAN-006663,EVS360-036,Saint Petersburg,2033-01-20T00:10,2033-01-20T14:00,2.5
CLEAN-006664,EVS360-018,Moscow,2033-01-20T08:10,2033-01-20T15:00,2.5
CLEAN-006665,EVS360-037,Saint Petersburg,2033-01-20T08:10,2033-01-20T14:30,2.5
CLEAN-006666,EVS360-019,Moscow,2033-01-20T08:35,2033-01-20T16:00,2.5
CLEAN-006667,EVS360-038,Saint Petersburg,2033-01-20T08:35,2033-01-20T15:00,2.5
CLEAN-006668,EVS360-020,Moscow,2033-01-20T08:50,2033-01-20T16:30,2.5
CLEAN-006669,EVS360-039,Saint Petersburg,2033-01-20T08:50,2033-01-20T16:00,2.5
CLEAN-006670,EVS360-001,Moscow,2033-01-21T20:35,2033-01-22T10:30,2.5
CLEAN-006671,EVS360-002,Moscow,2033-01-21T20:50,2033-01-22T11:00,2.5
CLEAN-006672,EVS360-003,Moscow,2033-01-21T21:20,2033-01-22T11:30,2.5
CLEAN-006673,EVS360-021,Saint Petersburg,2033-01-21T21:20,2033-01-22T10:15,2.5
CLEAN-006674,EVS360-004,Moscow,2033-01-21T21:50,2033-01-22T12:00,2.5
CLEAN-006675,EVS360-022,Saint Petersburg,2033-01-21T21:50,2033-01-22T10:30,2.5
CLEAN-006676,EVS360-005,Moscow,2033-01-21T22:10,2033-01-22T12:30,2.5
CLEAN-006677,EVS360-023,Saint Petersburg,2033-01-21T22:10,2033-01-22T11:00,2.5
CLEAN-006678,EVS360-024,Saint Petersburg,2033-01-21T22:35,2033-01-22T11:30,2.5
CLEAN-006679,EVS360-006,Moscow,2033-01-21T22:50,2033-01-22T13:00,2.5
CLEAN-006680,EVS360-025,Saint Petersburg,2033-01-21T22:50,2033-01-22T12:00,2.5
CLEAN-006681,EVS360-007,Moscow,2033-01-21T23:20,2033-01-22T13:30,2.5
CLEAN-006682,EVS360-026,Saint Petersburg,2033-01-21T23:20,2033-01-22T12:30,2.5
CLEAN-006683,EVS360-008,Moscow,2033-01-21T23:50,2033-01-22T14:00,2.5
CLEAN-006684,EVS360-027,Saint Petersburg,2033-01-21T23:50,2033-01-22T13:00,2.5
CLEAN-006685,EVS360-009,Moscow,2033-01-22T00:10,2033-01-22T14:30,2.5
CLEAN-006686,EVS360-028,Saint Petersburg,2033-01-22T00:10,2033-01-22T14:00,2.5
CLEAN-006687,EVS360-010,Moscow,2033-01-22T08:10,2033-01-22T15:00,2.5
CLEAN-006688,EVS360-029,Saint Petersburg,2033-01-22T08:10,2033-01-22T14:30,2.5
CLEAN-006689,EVS360-011,Moscow,2033-01-22T08:35,2033-01-22T16:00,2.5
CLEAN-006690,EVS360-030,Saint Petersburg,2033-01-22T08:35,2033-01-22T15:00,2.5
CLEAN-006691,EVS360-012,Moscow,2033-01-22T08:50,2033-01-22T16:30,2.5
CLEAN-006692,EVS360-031,Saint Petersburg,2033-01-22T08:50,2033-01-22T16:00,2.5
CLEAN-006693,EVS360-013,Moscow,2033-01-22T09:20,2033-01-22T17:30,2.5
CLEAN-006694,EVS360-032,Saint Petersburg,2033-01-22T09:20,2033-01-22T16:30,2.5
CLEAN-006695,EVS360-014,Moscow,2033-01-22T09:35,2033-01-22T18:00,2.5
CLEAN-006696,EVS360-015,Moscow,2033-01-22T09:50,2033-01-22T18:15,2.5
CLEAN-006697,EVS360-033,Saint Petersburg,2033-01-22T09:50,2033-01-22T17:00,2.5
CLEAN-006698,EVS360-016,Moscow,2033-01-22T10:10,2033-01-22T18:30,2.5
CLEAN-006699,EVS360-034,Saint Petersburg,2033-01-22T10:10,2033-01-22T17:30,2.5
CLEAN-006700,EVS360-017,Moscow,2033-01-22T10:50,2033-01-22T19:00,2.5
CLEAN-006701,EVS360-035,Saint Petersburg,2033-01-22T10:50,2033-01-22T18:00,2.5
CLEAN-006702,EVS360-018,Moscow,2033-01-22T11:20,2033-01-22T19:30,2.5
CLEAN-006703,EVS360-036,Saint Petersburg,2033-01-22T11:20,2033-01-22T18:15,2.5
CLEAN-006704,EVS360-019,Moscow,2033-01-22T11:50,2033-01-22T20:00,2.5
CLEAN-006705,EVS360-037,Saint Petersburg,2033-01-22T11:50,2033-01-22T18:30,2.5
CLEAN-006706,EVS360-020,Moscow,2033-01-22T12:10,2033-01-22T20:15,2.5
CLEAN-006707,EVS360-038,Saint Petersburg,2033-01-22T12:10,2033-01-22T19:00,2.5
CLEAN-006708,EVS360-039,Saint Petersburg,2033-01-22T12:35,2033-01-22T19:30,2.5
CLEAN-006709,EVS360-001,Moscow,2033-01-24T00:10,2033-01-24T14:30,2.5
CLEAN-006710,EVS360-002,Moscow,2033-01-24T08:10,2033-01-24T15:00,2.5
CLEAN-006711,EVS360-021,Saint Petersburg,2033-01-24T08:10,2033-01-24T14:30,2.5
CLEAN-006712,EVS360-003,Moscow,2033-01-24T08:35,2033-01-24T16:00,2.5
CLEAN-006713,EVS360-022,Saint Petersburg,2033-01-24T08:35,2033-01-24T15:00,2.5
CLEAN-006714,EVS360-004,Moscow,2033-01-24T08:50,2033-01-24T16:30,2.5
CLEAN-006715,EVS360-023,Saint Petersburg,2033-01-24T08:50,2033-01-24T16:00,2.5
CLEAN-006716,EVS360-005,Moscow,2033-01-24T09:20,2033-01-24T17:30,2.5
CLEAN-006717,EVS360-024,Saint Petersburg,2033-01-24T09:20,2033-01-24T16:30,2.5
CLEAN-006718,EVS360-006,Moscow,2033-01-24T09:35,2033-01-24T18:00,2.5
CLEAN-006719,EVS360-007,Moscow,2033-01-24T09:50,2033-01-24T18:15,2.5
CLEAN-006720,EVS360-025,Saint Petersburg,2033-01-24T09:50,2033-01-24T17:00,2.5
CLEAN-006721,EVS360-008,Moscow,2033-01-24T10:10,2033-01-24T18:30,2.5
CLEAN-006722,EVS360-026,Saint Petersburg,2033-01-24T10:10,2033-01-24T17:30,2.5
CLEAN-006723,EVS360-009,Moscow,2033-01-24T10:50,2033-01-24T19:00,2.5
CLEAN-006724,EVS360-027,Saint Petersburg,2033-01-24T10:50,2033-01-24T18:00,2.5
CLEAN-006725,EVS360-010,Moscow,2033-01-24T11:20,2033-01-24T19:30,2.5
CLEAN-006726,EVS360-028,Saint Petersburg,2033-01-24T11:20,2033-01-24T18:15,2.5
CLEAN-006727,EVS360-011,Moscow,2033-01-24T11:50,2033-01-24T20:00,2.5
CLEAN-006728,EVS360-029,Saint Petersburg,2033-01-24T11:50,2033-01-24T18:30,2.5
CLEAN-006729,EVS360-012,Moscow,2033-01-24T12:10,2033-01-24T20:15,2.5
CLEAN-006730,EVS360-030,Saint Petersburg,2033-01-24T12:10,2033-01-24T19:00,2.5
CLEAN-006731,EVS360-013,Moscow,2033-01-24T12:35,2033-01-24T20:30,2.5
CLEAN-006732,EVS360-031,Saint Petersburg,2033-01-24T12:35,2033-01-24T19:30,2.5
CLEAN-006733,EVS360-014,Moscow,2033-01-24T12:50,2033-01-24T21:00,2.5
CLEAN-006734,EVS360-032,Saint Petersburg,2033-01-24T12:50,2033-01-24T20:00,2.5
CLEAN-006735,EVS360-015,Moscow,2033-01-24T13:20,2033-01-24T21:30,2.5
CLEAN-006736,EVS360-033,Saint Petersburg,2033-01-24T13:20,2033-01-24T20:30,2.5
CLEAN-006737,EVS360-016,Moscow,2033-01-24T13:50,2033-01-24T22:00,2.5
CLEAN-006738,EVS360-034,Saint Petersburg,2033-01-24T13:50,2033-01-24T21:00,2.5
CLEAN-006739,EVS360-017,Moscow,2033-01-24T14:10,2033-01-25T06:00,2.5
CLEAN-006740,EVS360-035,Saint Petersburg,2033-01-24T14:10,2033-01-24T21:30,2.5
CLEAN-006741,EVS360-018,Moscow,2033-01-24T14:50,2033-01-25T06:15,2.5
CLEAN-006742,EVS360-036,Saint Petersburg,2033-01-24T14:50,2033-01-24T22:00,2.5
CLEAN-006743,EVS360-019,Moscow,2033-01-24T15:20,2033-01-25T06:30,2.5
CLEAN-006744,EVS360-037,Saint Petersburg,2033-01-24T15:20,2033-01-25T06:00,2.5
CLEAN-006745,EVS360-038,Saint Petersburg,2033-01-24T15:50,2033-01-25T06:15,2.5
CLEAN-006746,EVS360-020,Moscow,2033-01-24T16:10,2033-01-25T07:00,2.5
CLEAN-006747,EVS360-039,Saint Petersburg,2033-01-24T16:10,2033-01-25T06:30,2.5
CLEAN-006748,EVS360-001,Moscow,2033-01-26T10:50,2033-01-26T19:00,2.5
CLEAN-006749,EVS360-002,Moscow,2033-01-26T11:20,2033-01-26T19:30,2.5
CLEAN-006750,EVS360-003,Moscow,2033-01-26T11:50,2033-01-26T20:00,2.5
CLEAN-006751,EVS360-021,Saint Petersburg,2033-01-26T11:50,2033-01-26T18:30,2.5
CLEAN-006752,EVS360-004,Moscow,2033-01-26T12:10,2033-01-26T20:15,2.5
CLEAN-006753,EVS360-022,Saint Petersburg,2033-01-26T12:10,2033-01-26T19:00,2.5
CLEAN-006754,EVS360-005,Moscow,2033-01-26T12:35,2033-01-26T20:30,2.5
CLEAN-006755,EVS360-023,Saint Petersburg,2033-01-26T12:35,2033-01-26T19:30,2.5
CLEAN-006756,EVS360-006,Moscow,2033-01-26T12:50,2033-01-26T21:00,2.5
CLEAN-006757,EVS360-024,Saint Petersburg,2033-01-26T12:50,2033-01-26T20:00,2.5
CLEAN-006758,EVS360-007,Moscow,2033-01-26T13:20,2033-01-26T21:30,2.5
CLEAN-006759,EVS360-025,Saint Petersburg,2033-01-26T13:20,2033-01-26T20:30,2.5
CLEAN-006760,EVS360-008,Moscow,2033-01-26T13:50,2033-01-26T22:00,2.5
CLEAN-006761,EVS360-026,Saint Petersburg,2033-01-26T13:50,2033-01-26T21:00,2.5
CLEAN-006762,EVS360-009,Moscow,2033-01-26T14:10,2033-01-27T06:00,2.5
CLEAN-006763,EVS360-027,Saint Petersburg,2033-01-26T14:10,2033-01-26T21:30,2.5
CLEAN-006764,EVS360-010,Moscow,2033-01-26T14:50,2033-01-27T06:15,2.5
CLEAN-006765,EVS360-028,Saint Petersburg,2033-01-26T14:50,2033-01-26T22:00,2.5
CLEAN-006766,EVS360-011,Moscow,2033-01-26T15:20,2033-01-27T06:30,2.5
CLEAN-006767,EVS360-029,Saint Petersburg,2033-01-26T15:20,2033-01-27T06:00,2.5
CLEAN-006768,EVS360-030,Saint Petersburg,2033-01-26T15:50,2033-01-27T06:15,2.5
CLEAN-006769,EVS360-012,Moscow,2033-01-26T16:10,2033-01-27T07:00,2.5
CLEAN-006770,EVS360-031,Saint Petersburg,2033-01-26T16:10,2033-01-27T06:30,2.5
CLEAN-006771,EVS360-013,Moscow,2033-01-26T16:50,2033-01-27T07:30,2.5
CLEAN-006772,EVS360-032,Saint Petersburg,2033-01-26T16:50,2033-01-27T07:00,2.5
CLEAN-006773,EVS360-014,Moscow,2033-01-26T17:20,2033-01-27T08:00,2.5
CLEAN-006774,EVS360-033,Saint Petersburg,2033-01-26T17:20,2033-01-27T07:15,2.5
CLEAN-006775,EVS360-015,Moscow,2033-01-26T18:10,2033-01-27T08:30,2.5
CLEAN-006776,EVS360-034,Saint Petersburg,2033-01-26T18:10,2033-01-27T07:30,2.5
CLEAN-006777,EVS360-016,Moscow,2033-01-26T18:50,2033-01-27T09:00,2.5
CLEAN-006778,EVS360-035,Saint Petersburg,2033-01-26T18:50,2033-01-27T08:00,2.5
CLEAN-006779,EVS360-017,Moscow,2033-01-26T19:20,2033-01-27T09:30,2.5
CLEAN-006780,EVS360-018,Moscow,2033-01-26T19:50,2033-01-27T10:00,2.5
CLEAN-006781,EVS360-036,Saint Petersburg,2033-01-26T19:50,2033-01-27T08:30,2.5
CLEAN-006782,EVS360-019,Moscow,2033-01-26T20:10,2033-01-27T10:15,2.5
CLEAN-006783,EVS360-037,Saint Petersburg,2033-01-26T20:10,2033-01-27T09:00,2.5
CLEAN-006784,EVS360-020,Moscow,2033-01-26T20:35,2033-01-27T10:30,2.5
CLEAN-006785,EVS360-038,Saint Petersburg,2033-01-26T20:35,2033-01-27T09:30,2.5
CLEAN-006786,EVS360-039,Saint Petersburg,2033-01-26T20:50,2033-01-27T10:00,2.5
CLEAN-006787,EVS360-001,Moscow,2033-01-28T14:10,2033-01-29T06:00,2.5
CLEAN-006788,EVS360-002,Moscow,2033-01-28T14:50,2033-01-29T06:15,2.5
CLEAN-006789,EVS360-003,Moscow,2033-01-28T15:20,2033-01-29T06:30,2.5
CLEAN-006790,EVS360-021,Saint Petersburg,2033-01-28T15:20,2033-01-29T06:00,2.5
CLEAN-006791,EVS360-022,Saint Petersburg,2033-01-28T15:50,2033-01-29T06:15,2.5
CLEAN-006792,EVS360-004,Moscow,2033-01-28T16:10,2033-01-29T07:00,2.5
CLEAN-006793,EVS360-023,Saint Petersburg,2033-01-28T16:10,2033-01-29T06:30,2.5
CLEAN-006794,EVS360-005,Moscow,2033-01-28T16:50,2033-01-29T07:30,2.5
CLEAN-006795,EVS360-024,Saint Petersburg,2033-01-28T16:50,2033-01-29T07:00,2.5
CLEAN-006796,EVS360-006,Moscow,2033-01-28T17:20,2033-01-29T08:00,2.5
CLEAN-006797,EVS360-025,Saint Petersburg,2033-01-28T17:20,2033-01-29T07:15,2.5
CLEAN-006798,EVS360-007,Moscow,2033-01-28T18:10,2033-01-29T08:30,2.5
CLEAN-006799,EVS360-026,Saint Petersburg,2033-01-28T18:10,2033-01-29T07:30,2.5
CLEAN-006800,EVS360-008,Moscow,2033-01-28T18:50,2033-01-29T09:00,2.5
CLEAN-006801,EVS360-027,Saint Petersburg,2033-01-28T18:50,2033-01-29T08:00,2.5
CLEAN-006802,EVS360-009,Moscow,2033-01-28T19:20,2033-01-29T09:30,2.5
CLEAN-006803,EVS360-010,Moscow,2033-01-28T19:50,2033-01-29T10:00,2.5
CLEAN-006804,EVS360-028,Saint Petersburg,2033-01-28T19:50,2033-01-29T08:30,2.5
CLEAN-006805,EVS360-011,Moscow,2033-01-28T20:10,2033-01-29T10:15,2.5
CLEAN-006806,EVS360-029,Saint Petersburg,2033-01-28T20:10,2033-01-29T09:00,2.5
CLEAN-006807,EVS360-012,Moscow,2033-01-28T20:35,2033-01-29T10:30,2.5
CLEAN-006808,EVS360-030,Saint Petersburg,2033-01-28T20:35,2033-01-29T09:30,2.5
CLEAN-006809,EVS360-013,Moscow,2033-01-28T20:50,2033-01-29T11:00,2.5
CLEAN-006810,EVS360-031,Saint Petersburg,2033-01-28T20:50,2033-01-29T10:00,2.5
CLEAN-006811,EVS360-014,Moscow,2033-01-28T21:20,2033-01-29T11:30,2.5
CLEAN-006812,EVS360-032,Saint Petersburg,2033-01-28T21:20,2033-01-29T10:15,2.5
CLEAN-006813,EVS360-015,Moscow,2033-01-28T21:50,2033-01-29T12:00,2.5
CLEAN-006814,EVS360-033,Saint Petersburg,2033-01-28T21:50,2033-01-29T10:30,2.5
CLEAN-006815,EVS360-016,Moscow,2033-01-28T22:10,2033-01-29T12:30,2.5
CLEAN-006816,EVS360-034,Saint Petersburg,2033-01-28T22:10,2033-01-29T11:00,2.5
CLEAN-006817,EVS360-035,Saint Petersburg,2033-01-28T22:35,2033-01-29T11:30,2.5
CLEAN-006818,EVS360-017,Moscow,2033-01-28T22:50,2033-01-29T13:00,2.5
CLEAN-006819,EVS360-036,Saint Petersburg,2033-01-28T22:50,2033-01-29T12:00,2.5
CLEAN-006820,EVS360-018,Moscow,2033-01-28T23:20,2033-01-29T13:30,2.5
CLEAN-006821,EVS360-037,Saint Petersburg,2033-01-28T23:20,2033-01-29T12:30,2.5
CLEAN-006822,EVS360-019,Moscow,2033-01-28T23:50,2033-01-29T14:00,2.5
CLEAN-006823,EVS360-038,Saint Petersburg,2033-01-28T23:50,2033-01-29T13:00,2.5
CLEAN-006824,EVS360-020,Moscow,2033-01-29T00:10,2033-01-29T14:30,2.5
CLEAN-006825,EVS360-039,Saint Petersburg,2033-01-29T00:10,2033-01-29T14:00,2.5
CLEAN-006826,EVS360-001,Moscow,2033-01-30T19:20,2033-01-31T09:30,2.5
CLEAN-006827,EVS360-002,Moscow,2033-01-30T19:50,2033-01-31T10:00,2.5
CLEAN-006828,EVS360-003,Moscow,2033-01-30T20:10,2033-01-31T10:15,2.5
CLEAN-006829,EVS360-021,Saint Petersburg,2033-01-30T20:10,2033-01-31T09:00,2.5
CLEAN-006830,EVS360-004,Moscow,2033-01-30T20:35,2033-01-31T10:30,2.5
CLEAN-006831,EVS360-022,Saint Petersburg,2033-01-30T20:35,2033-01-31T09:30,2.5
CLEAN-006832,EVS360-005,Moscow,2033-01-30T20:50,2033-01-31T11:00,2.5
CLEAN-006833,EVS360-023,Saint Petersburg,2033-01-30T20:50,2033-01-31T10:00,2.5
CLEAN-006834,EVS360-006,Moscow,2033-01-30T21:20,2033-01-31T11:30,2.5
CLEAN-006835,EVS360-024,Saint Petersburg,2033-01-30T21:20,2033-01-31T10:15,2.5
CLEAN-006836,EVS360-007,Moscow,2033-01-30T21:50,2033-01-31T12:00,2.5
CLEAN-006837,EVS360-025,Saint Petersburg,2033-01-30T21:50,2033-01-31T10:30,2.5
CLEAN-006838,EVS360-008,Moscow,2033-01-30T22:10,2033-01-31T12:30,2.5
CLEAN-006839,EVS360-026,Saint Petersburg,2033-01-30T22:10,2033-01-31T11:00,2.5
CLEAN-006840,EVS360-027,Saint Petersburg,2033-01-30T22:35,2033-01-31T11:30,2.5
CLEAN-006841,EVS360-009,Moscow,2033-01-30T22:50,2033-01-31T13:00,2.5
CLEAN-006842,EVS360-028,Saint Petersburg,2033-01-30T22:50,2033-01-31T12:00,2.5
CLEAN-006843,EVS360-010,Moscow,2033-01-30T23:20,2033-01-31T13:30,2.5
CLEAN-006844,EVS360-029,Saint Petersburg,2033-01-30T23:20,2033-01-31T12:30,2.5
CLEAN-006845,EVS360-011,Moscow,2033-01-30T23:50,2033-01-31T14:00,2.5
CLEAN-006846,EVS360-030,Saint Petersburg,2033-01-30T23:50,2033-01-31T13:00,2.5
CLEAN-006847,EVS360-012,Moscow,2033-01-31T00:10,2033-01-31T14:30,2.5
CLEAN-006848,EVS360-031,Saint Petersburg,2033-01-31T00:10,2033-01-31T14:00,2.5
CLEAN-006849,EVS360-013,Moscow,2033-01-31T08:10,2033-01-31T15:00,2.5
CLEAN-006850,EVS360-032,Saint Petersburg,2033-01-31T08:10,2033-01-31T14:30,2.5
CLEAN-006851,EVS360-014,Moscow,2033-01-31T08:35,2033-01-31T16:00,2.5
CLEAN-006852,EVS360-033,Saint Petersburg,2033-01-31T08:35,2033-01-31T15:00,2.5
CLEAN-006853,EVS360-015,Moscow,2033-01-31T08:50,2033-01-31T16:30,2.5
CLEAN-006854,EVS360-034,Saint Petersburg,2033-01-31T08:50,2033-01-31T16:00,2.5
CLEAN-006855,EVS360-016,Moscow,2033-01-31T09:20,2033-01-31T17:30,2.5
CLEAN-006856,EVS360-035,Saint Petersburg,2033-01-31T09:20,2033-01-31T16:30,2.5
CLEAN-006857,EVS360-017,Moscow,2033-01-31T09:35,2033-01-31T18:00,2.5
CLEAN-006858,EVS360-018,Moscow,2033-01-31T09:50,2033-01-31T18:15,2.5
CLEAN-006859,EVS360-036,Saint Petersburg,2033-01-31T09:50,2033-01-31T17:00,2.5
CLEAN-006860,EVS360-019,Moscow,2033-01-31T10:10,2033-01-31T18:30,2.5
CLEAN-006861,EVS360-037,Saint Petersburg,2033-01-31T10:10,2033-01-31T17:30,2.5
CLEAN-006862,EVS360-020,Moscow,2033-01-31T10:50,2033-01-31T19:00,2.5
CLEAN-006863,EVS360-038,Saint Petersburg,2033-01-31T10:50,2033-01-31T18:00,2.5
CLEAN-006864,EVS360-039,Saint Petersburg,2033-01-31T11:20,2033-01-31T18:15,2.5
CLEAN-006865,EVS360-001,Moscow,2033-02-01T22:50,2033-02-02T13:00,2.5
CLEAN-006866,EVS360-002,Moscow,2033-02-01T23:20,2033-02-02T13:30,2.5
CLEAN-006867,EVS360-021,Saint Petersburg,2033-02-01T23:20,2033-02-02T12:30,2.5
CLEAN-006868,EVS360-003,Moscow,2033-02-01T23:50,2033-02-02T14:00,2.5
CLEAN-006869,EVS360-022,Saint Petersburg,2033-02-01T23:50,2033-02-02T13:00,2.5
CLEAN-006870,EVS360-004,Moscow,2033-02-02T00:10,2033-02-02T14:30,2.5
CLEAN-006871,EVS360-023,Saint Petersburg,2033-02-02T00:10,2033-02-02T14:00,2.5
CLEAN-006872,EVS360-005,Moscow,2033-02-02T08:10,2033-02-02T15:00,2.5
CLEAN-006873,EVS360-024,Saint Petersburg,2033-02-02T08:10,2033-02-02T14:30,2.5
CLEAN-006874,EVS360-006,Moscow,2033-02-02T08:35,2033-02-02T16:00,2.5
CLEAN-006875,EVS360-025,Saint Petersburg,2033-02-02T08:35,2033-02-02T15:00,2.5
CLEAN-006876,EVS360-007,Moscow,2033-02-02T08:50,2033-02-02T16:30,2.5
CLEAN-006877,EVS360-026,Saint Petersburg,2033-02-02T08:50,2033-02-02T16:00,2.5
CLEAN-006878,EVS360-008,Moscow,2033-02-02T09:20,2033-02-02T17:30,2.5
CLEAN-006879,EVS360-027,Saint Petersburg,2033-02-02T09:20,2033-02-02T16:30,2.5
CLEAN-006880,EVS360-009,Moscow,2033-02-02T09:35,2033-02-02T18:00,2.5
CLEAN-006881,EVS360-010,Moscow,2033-02-02T09:50,2033-02-02T18:15,2.5
CLEAN-006882,EVS360-028,Saint Petersburg,2033-02-02T09:50,2033-02-02T17:00,2.5
CLEAN-006883,EVS360-011,Moscow,2033-02-02T10:10,2033-02-02T18:30,2.5
CLEAN-006884,EVS360-029,Saint Petersburg,2033-02-02T10:10,2033-02-02T17:30,2.5
CLEAN-006885,EVS360-012,Moscow,2033-02-02T10:50,2033-02-02T19:00,2.5
CLEAN-006886,EVS360-030,Saint Petersburg,2033-02-02T10:50,2033-02-02T18:00,2.5
CLEAN-006887,EVS360-013,Moscow,2033-02-02T11:20,2033-02-02T19:30,2.5
CLEAN-006888,EVS360-031,Saint Petersburg,2033-02-02T11:20,2033-02-02T18:15,2.5
CLEAN-006889,EVS360-014,Moscow,2033-02-02T11:50,2033-02-02T20:00,2.5
CLEAN-006890,EVS360-032,Saint Petersburg,2033-02-02T11:50,2033-02-02T18:30,2.5
CLEAN-006891,EVS360-015,Moscow,2033-02-02T12:10,2033-02-02T20:15,2.5
CLEAN-006892,EVS360-033,Saint Petersburg,2033-02-02T12:10,2033-02-02T19:00,2.5
CLEAN-006893,EVS360-016,Moscow,2033-02-02T12:35,2033-02-02T20:30,2.5
CLEAN-006894,EVS360-034,Saint Petersburg,2033-02-02T12:35,2033-02-02T19:30,2.5
CLEAN-006895,EVS360-017,Moscow,2033-02-02T12:50,2033-02-02T21:00,2.5
CLEAN-006896,EVS360-035,Saint Petersburg,2033-02-02T12:50,2033-02-02T20:00,2.5
CLEAN-006897,EVS360-018,Moscow,2033-02-02T13:20,2033-02-02T21:30,2.5
CLEAN-006898,EVS360-036,Saint Petersburg,2033-02-02T13:20,2033-02-02T20:30,2.5
CLEAN-006899,EVS360-019,Moscow,2033-02-02T13:50,2033-02-02T22:00,2.5
CLEAN-006900,EVS360-037,Saint Petersburg,2033-02-02T13:50,2033-02-02T21:00,2.5
CLEAN-006901,EVS360-020,Moscow,2033-02-02T14:10,2033-02-03T06:00,2.5
CLEAN-006902,EVS360-038,Saint Petersburg,2033-02-02T14:10,2033-02-02T21:30,2.5
CLEAN-006903,EVS360-039,Saint Petersburg,2033-02-02T14:50,2033-02-02T22:00,2.5
CLEAN-006904,EVS360-001,Moscow,2033-02-04T09:35,2033-02-04T18:00,2.5
CLEAN-006905,EVS360-002,Moscow,2033-02-04T09:50,2033-02-04T18:15,2.5
CLEAN-006906,EVS360-003,Moscow,2033-02-04T10:10,2033-02-04T18:30,2.5
CLEAN-006907,EVS360-021,Saint Petersburg,2033-02-04T10:10,2033-02-04T17:30,2.5
CLEAN-006908,EVS360-004,Moscow,2033-02-04T10:50,2033-02-04T19:00,2.5
CLEAN-006909,EVS360-022,Saint Petersburg,2033-02-04T10:50,2033-02-04T18:00,2.5
CLEAN-006910,EVS360-005,Moscow,2033-02-04T11:20,2033-02-04T19:30,2.5
CLEAN-006911,EVS360-023,Saint Petersburg,2033-02-04T11:20,2033-02-04T18:15,2.5
CLEAN-006912,EVS360-006,Moscow,2033-02-04T11:50,2033-02-04T20:00,2.5
CLEAN-006913,EVS360-024,Saint Petersburg,2033-02-04T11:50,2033-02-04T18:30,2.5
CLEAN-006914,EVS360-007,Moscow,2033-02-04T12:10,2033-02-04T20:15,2.5
CLEAN-006915,EVS360-025,Saint Petersburg,2033-02-04T12:10,2033-02-04T19:00,2.5
CLEAN-006916,EVS360-008,Moscow,2033-02-04T12:35,2033-02-04T20:30,2.5
CLEAN-006917,EVS360-026,Saint Petersburg,2033-02-04T12:35,2033-02-04T19:30,2.5
CLEAN-006918,EVS360-009,Moscow,2033-02-04T12:50,2033-02-04T21:00,2.5
CLEAN-006919,EVS360-027,Saint Petersburg,2033-02-04T12:50,2033-02-04T20:00,2.5
CLEAN-006920,EVS360-010,Moscow,2033-02-04T13:20,2033-02-04T21:30,2.5
CLEAN-006921,EVS360-028,Saint Petersburg,2033-02-04T13:20,2033-02-04T20:30,2.5
CLEAN-006922,EVS360-011,Moscow,2033-02-04T13:50,2033-02-04T22:00,2.5
CLEAN-006923,EVS360-029,Saint Petersburg,2033-02-04T13:50,2033-02-04T21:00,2.5
CLEAN-006924,EVS360-012,Moscow,2033-02-04T14:10,2033-02-05T06:00,2.5
CLEAN-006925,EVS360-030,Saint Petersburg,2033-02-04T14:10,2033-02-04T21:30,2.5
CLEAN-006926,EVS360-013,Moscow,2033-02-04T14:50,2033-02-05T06:15,2.5
CLEAN-006927,EVS360-031,Saint Petersburg,2033-02-04T14:50,2033-02-04T22:00,2.5
CLEAN-006928,EVS360-014,Moscow,2033-02-04T15:20,2033-02-05T06:30,2.5
CLEAN-006929,EVS360-032,Saint Petersburg,2033-02-04T15:20,2033-02-05T06:00,2.5
CLEAN-006930,EVS360-033,Saint Petersburg,2033-02-04T15:50,2033-02-05T06:15,2.5
CLEAN-006931,EVS360-015,Moscow,2033-02-04T16:10,2033-02-05T07:00,2.5
CLEAN-006932,EVS360-034,Saint Petersburg,2033-02-04T16:10,2033-02-05T06:30,2.5
CLEAN-006933,EVS360-016,Moscow,2033-02-04T16:50,2033-02-05T07:30,2.5
CLEAN-006934,EVS360-035,Saint Petersburg,2033-02-04T16:50,2033-02-05T07:00,2.5
CLEAN-006935,EVS360-017,Moscow,2033-02-04T17:20,2033-02-05T08:00,2.5
CLEAN-006936,EVS360-036,Saint Petersburg,2033-02-04T17:20,2033-02-05T07:15,2.5
CLEAN-006937,EVS360-018,Moscow,2033-02-04T18:10,2033-02-05T08:30,2.5
CLEAN-006938,EVS360-037,Saint Petersburg,2033-02-04T18:10,2033-02-05T07:30,2.5
CLEAN-006939,EVS360-019,Moscow,2033-02-04T18:50,2033-02-05T09:00,2.5
CLEAN-006940,EVS360-038,Saint Petersburg,2033-02-04T18:50,2033-02-05T08:00,2.5
CLEAN-006941,EVS360-020,Moscow,2033-02-04T19:20,2033-02-05T09:30,2.5
CLEAN-006942,EVS360-039,Saint Petersburg,2033-02-04T19:50,2033-02-05T08:30,2.5
CLEAN-006943,EVS360-001,Moscow,2033-02-06T12:50,2033-02-06T21:00,2.5
CLEAN-006944,EVS360-002,Moscow,2033-02-06T13:20,2033-02-06T21:30,2.5
CLEAN-006945,EVS360-003,Moscow,2033-02-06T13:50,2033-02-06T22:00,2.5
CLEAN-006946,EVS360-021,Saint Petersburg,2033-02-06T13:50,2033-02-06T21:00,2.5
CLEAN-006947,EVS360-004,Moscow,2033-02-06T14:10,2033-02-07T06:00,2.5
CLEAN-006948,EVS360-022,Saint Petersburg,2033-02-06T14:10,2033-02-06T21:30,2.5
CLEAN-006949,EVS360-005,Moscow,2033-02-06T14:50,2033-02-07T06:15,2.5
CLEAN-006950,EVS360-023,Saint Petersburg,2033-02-06T14:50,2033-02-06T22:00,2.5
CLEAN-006951,EVS360-006,Moscow,2033-02-06T15:20,2033-02-07T06:30,2.5
CLEAN-006952,EVS360-024,Saint Petersburg,2033-02-06T15:20,2033-02-07T06:00,2.5
CLEAN-006953,EVS360-025,Saint Petersburg,2033-02-06T15:50,2033-02-07T06:15,2.5
CLEAN-006954,EVS360-007,Moscow,2033-02-06T16:10,2033-02-07T07:00,2.5
CLEAN-006955,EVS360-026,Saint Petersburg,2033-02-06T16:10,2033-02-07T06:30,2.5
CLEAN-006956,EVS360-008,Moscow,2033-02-06T16:50,2033-02-07T07:30,2.5
CLEAN-006957,EVS360-027,Saint Petersburg,2033-02-06T16:50,2033-02-07T07:00,2.5
CLEAN-006958,EVS360-009,Moscow,2033-02-06T17:20,2033-02-07T08:00,2.5
CLEAN-006959,EVS360-028,Saint Petersburg,2033-02-06T17:20,2033-02-07T07:15,2.5
CLEAN-006960,EVS360-010,Moscow,2033-02-06T18:10,2033-02-07T08:30,2.5
CLEAN-006961,EVS360-029,Saint Petersburg,2033-02-06T18:10,2033-02-07T07:30,2.5
CLEAN-006962,EVS360-011,Moscow,2033-02-06T18:50,2033-02-07T09:00,2.5
CLEAN-006963,EVS360-030,Saint Petersburg,2033-02-06T18:50,2033-02-07T08:00,2.5
CLEAN-006964,EVS360-012,Moscow,2033-02-06T19:20,2033-02-07T09:30,2.5
CLEAN-006965,EVS360-013,Moscow,2033-02-06T19:50,2033-02-07T10:00,2.5
CLEAN-006966,EVS360-031,Saint Petersburg,2033-02-06T19:50,2033-02-07T08:30,2.5
CLEAN-006967,EVS360-014,Moscow,2033-02-06T20:10,2033-02-07T10:15,2.5
CLEAN-006968,EVS360-032,Saint Petersburg,2033-02-06T20:10,2033-02-07T09:00,2.5
CLEAN-006969,EVS360-015,Moscow,2033-02-06T20:35,2033-02-07T10:30,2.5
CLEAN-006970,EVS360-033,Saint Petersburg,2033-02-06T20:35,2033-02-07T09:30,2.5
CLEAN-006971,EVS360-016,Moscow,2033-02-06T20:50,2033-02-07T11:00,2.5
CLEAN-006972,EVS360-034,Saint Petersburg,2033-02-06T20:50,2033-02-07T10:00,2.5
CLEAN-006973,EVS360-017,Moscow,2033-02-06T21:20,2033-02-07T11:30,2.5
CLEAN-006974,EVS360-035,Saint Petersburg,2033-02-06T21:20,2033-02-07T10:15,2.5
CLEAN-006975,EVS360-018,Moscow,2033-02-06T21:50,2033-02-07T12:00,2.5
CLEAN-006976,EVS360-036,Saint Petersburg,2033-02-06T21:50,2033-02-07T10:30,2.5
CLEAN-006977,EVS360-019,Moscow,2033-02-06T22:10,2033-02-07T12:30,2.5
CLEAN-006978,EVS360-037,Saint Petersburg,2033-02-06T22:10,2033-02-07T11:00,2.5
CLEAN-006979,EVS360-038,Saint Petersburg,2033-02-06T22:35,2033-02-07T11:30,2.5
CLEAN-006980,EVS360-020,Moscow,2033-02-06T22:50,2033-02-07T13:00,2.5
CLEAN-006981,EVS360-039,Saint Petersburg,2033-02-06T22:50,2033-02-07T12:00,2.5
CLEAN-006982,EVS360-001,Moscow,2033-02-08T17:20,2033-02-09T08:00,2.5
CLEAN-006983,EVS360-002,Moscow,2033-02-08T18:10,2033-02-09T08:30,2.5
CLEAN-006984,EVS360-021,Saint Petersburg,2033-02-08T18:10,2033-02-09T07:30,2.5
CLEAN-006985,EVS360-003,Moscow,2033-02-08T18:50,2033-02-09T09:00,2.5
CLEAN-006986,EVS360-022,Saint Petersburg,2033-02-08T18:50,2033-02-09T08:00,2.5
CLEAN-006987,EVS360-004,Moscow,2033-02-08T19:20,2033-02-09T09:30,2.5
CLEAN-006988,EVS360-005,Moscow,2033-02-08T19:50,2033-02-09T10:00,2.5
CLEAN-006989,EVS360-023,Saint Petersburg,2033-02-08T19:50,2033-02-09T08:30,2.5
CLEAN-006990,EVS360-006,Moscow,2033-02-08T20:10,2033-02-09T10:15,2.5
CLEAN-006991,EVS360-024,Saint Petersburg,2033-02-08T20:10,2033-02-09T09:00,2.5
CLEAN-006992,EVS360-007,Moscow,2033-02-08T20:35,2033-02-09T10:30,2.5
CLEAN-006993,EVS360-025,Saint Petersburg,2033-02-08T20:35,2033-02-09T09:30,2.5
CLEAN-006994,EVS360-008,Moscow,2033-02-08T20:50,2033-02-09T11:00,2.5
CLEAN-006995,EVS360-026,Saint Petersburg,2033-02-08T20:50,2033-02-09T10:00,2.5
CLEAN-006996,EVS360-009,Moscow,2033-02-08T21:20,2033-02-09T11:30,2.5
CLEAN-006997,EVS360-027,Saint Petersburg,2033-02-08T21:20,2033-02-09T10:15,2.5
CLEAN-006998,EVS360-010,Moscow,2033-02-08T21:50,2033-02-09T12:00,2.5
CLEAN-006999,EVS360-028,Saint Petersburg,2033-02-08T21:50,2033-02-09T10:30,2.5
CLEAN-007000,EVS360-011,Moscow,2033-02-08T22:10,2033-02-09T12:30,2.5
CLEAN-007001,EVS360-029,Saint Petersburg,2033-02-08T22:10,2033-02-09T11:00,2.5
CLEAN-007002,EVS360-030,Saint Petersburg,2033-02-08T22:35,2033-02-09T11:30,2.5
CLEAN-007003,EVS360-012,Moscow,2033-02-08T22:50,2033-02-09T13:00,2.5
CLEAN-007004,EVS360-031,Saint Petersburg,2033-02-08T22:50,2033-02-09T12:00,2.5
CLEAN-007005,EVS360-013,Moscow,2033-02-08T23:20,2033-02-09T13:30,2.5
CLEAN-007006,EVS360-032,Saint Petersburg,2033-02-08T23:20,2033-02-09T12:30,2.5
CLEAN-007007,EVS360-014,Moscow,2033-02-08T23:50,2033-02-09T14:00,2.5
CLEAN-007008,EVS360-033,Saint Petersburg,2033-02-08T23:50,2033-02-09T13:00,2.5
CLEAN-007009,EVS360-015,Moscow,2033-02-09T00:10,2033-02-09T14:30,2.5
CLEAN-007010,EVS360-034,Saint Petersburg,2033-02-09T00:10,2033-02-09T14:00,2.5
CLEAN-007011,EVS360-016,Moscow,2033-02-09T08:10,2033-02-09T15:00,2.5
CLEAN-007012,EVS360-035,Saint Petersburg,2033-02-09T08:10,2033-02-09T14:30,2.5
CLEAN-007013,EVS360-017,Moscow,2033-02-09T08:35,2033-02-09T16:00,2.5
CLEAN-007014,EVS360-036,Saint Petersburg,2033-02-09T08:35,2033-02-09T15:00,2.5
CLEAN-007015,EVS360-018,Moscow,2033-02-09T08:50,2033-02-09T16:30,2.5
CLEAN-007016,EVS360-037,Saint Petersburg,2033-02-09T08:50,2033-02-09T16:00,2.5
CLEAN-007017,EVS360-019,Moscow,2033-02-09T09:20,2033-02-09T17:30,2.5
CLEAN-007018,EVS360-038,Saint Petersburg,2033-02-09T09:20,2033-02-09T16:30,2.5
CLEAN-007019,EVS360-020,Moscow,2033-02-09T09:35,2033-02-09T18:00,2.5
CLEAN-007020,EVS360-039,Saint Petersburg,2033-02-09T09:50,2033-02-09T17:00,2.5
CLEAN-007021,EVS360-001,Moscow,2033-02-10T21:20,2033-02-11T11:30,2.5
CLEAN-007022,EVS360-002,Moscow,2033-02-10T21:50,2033-02-11T12:00,2.5
CLEAN-007023,EVS360-003,Moscow,2033-02-10T22:10,2033-02-11T12:30,2.5
CLEAN-007024,EVS360-021,Saint Petersburg,2033-02-10T22:10,2033-02-11T11:00,2.5
CLEAN-007025,EVS360-022,Saint Petersburg,2033-02-10T22:35,2033-02-11T11:30,2.5
CLEAN-007026,EVS360-004,Moscow,2033-02-10T22:50,2033-02-11T13:00,2.5
CLEAN-007027,EVS360-023,Saint Petersburg,2033-02-10T22:50,2033-02-11T12:00,2.5
CLEAN-007028,EVS360-005,Moscow,2033-02-10T23:20,2033-02-11T13:30,2.5
CLEAN-007029,EVS360-024,Saint Petersburg,2033-02-10T23:20,2033-02-11T12:30,2.5
CLEAN-007030,EVS360-006,Moscow,2033-02-10T23:50,2033-02-11T14:00,2.5
CLEAN-007031,EVS360-025,Saint Petersburg,2033-02-10T23:50,2033-02-11T13:00,2.5
CLEAN-007032,EVS360-007,Moscow,2033-02-11T00:10,2033-02-11T14:30,2.5
CLEAN-007033,EVS360-026,Saint Petersburg,2033-02-11T00:10,2033-02-11T14:00,2.5
CLEAN-007034,EVS360-008,Moscow,2033-02-11T08:10,2033-02-11T15:00,2.5
CLEAN-007035,EVS360-027,Saint Petersburg,2033-02-11T08:10,2033-02-11T14:30,2.5
CLEAN-007036,EVS360-009,Moscow,2033-02-11T08:35,2033-02-11T16:00,2.5
CLEAN-007037,EVS360-028,Saint Petersburg,2033-02-11T08:35,2033-02-11T15:00,2.5
CLEAN-007038,EVS360-010,Moscow,2033-02-11T08:50,2033-02-11T16:30,2.5
CLEAN-007039,EVS360-029,Saint Petersburg,2033-02-11T08:50,2033-02-11T16:00,2.5
CLEAN-007040,EVS360-011,Moscow,2033-02-11T09:20,2033-02-11T17:30,2.5
CLEAN-007041,EVS360-030,Saint Petersburg,2033-02-11T09:20,2033-02-11T16:30,2.5
CLEAN-007042,EVS360-012,Moscow,2033-02-11T09:35,2033-02-11T18:00,2.5
CLEAN-007043,EVS360-013,Moscow,2033-02-11T09:50,2033-02-11T18:15,2.5
CLEAN-007044,EVS360-031,Saint Petersburg,2033-02-11T09:50,2033-02-11T17:00,2.5
CLEAN-007045,EVS360-014,Moscow,2033-02-11T10:10,2033-02-11T18:30,2.5
CLEAN-007046,EVS360-032,Saint Petersburg,2033-02-11T10:10,2033-02-11T17:30,2.5
CLEAN-007047,EVS360-015,Moscow,2033-02-11T10:50,2033-02-11T19:00,2.5
CLEAN-007048,EVS360-033,Saint Petersburg,2033-02-11T10:50,2033-02-11T18:00,2.5
CLEAN-007049,EVS360-016,Moscow,2033-02-11T11:20,2033-02-11T19:30,2.5
CLEAN-007050,EVS360-034,Saint Petersburg,2033-02-11T11:20,2033-02-11T18:15,2.5
CLEAN-007051,EVS360-017,Moscow,2033-02-11T11:50,2033-02-11T20:00,2.5
CLEAN-007052,EVS360-035,Saint Petersburg,2033-02-11T11:50,2033-02-11T18:30,2.5
CLEAN-007053,EVS360-018,Moscow,2033-02-11T12:10,2033-02-11T20:15,2.5
CLEAN-007054,EVS360-036,Saint Petersburg,2033-02-11T12:10,2033-02-11T19:00,2.5
CLEAN-007055,EVS360-019,Moscow,2033-02-11T12:35,2033-02-11T20:30,2.5
CLEAN-007056,EVS360-037,Saint Petersburg,2033-02-11T12:35,2033-02-11T19:30,2.5
CLEAN-007057,EVS360-020,Moscow,2033-02-11T12:50,2033-02-11T21:00,2.5
CLEAN-007058,EVS360-038,Saint Petersburg,2033-02-11T12:50,2033-02-11T20:00,2.5
CLEAN-007059,EVS360-039,Saint Petersburg,2033-02-11T13:20,2033-02-11T20:30,2.5
CLEAN-007060,EVS360-001,Moscow,2033-02-13T08:35,2033-02-13T16:00,2.5
CLEAN-007061,EVS360-002,Moscow,2033-02-13T08:50,2033-02-13T16:30,2.5
CLEAN-007062,EVS360-021,Saint Petersburg,2033-02-13T08:50,2033-02-13T16:00,2.5
CLEAN-007063,EVS360-003,Moscow,2033-02-13T09:20,2033-02-13T17:30,2.5
CLEAN-007064,EVS360-022,Saint Petersburg,2033-02-13T09:20,2033-02-13T16:30,2.5
CLEAN-007065,EVS360-004,Moscow,2033-02-13T09:35,2033-02-13T18:00,2.5
CLEAN-007066,EVS360-005,Moscow,2033-02-13T09:50,2033-02-13T18:15,2.5
CLEAN-007067,EVS360-023,Saint Petersburg,2033-02-13T09:50,2033-02-13T17:00,2.5
CLEAN-007068,EVS360-006,Moscow,2033-02-13T10:10,2033-02-13T18:30,2.5
CLEAN-007069,EVS360-024,Saint Petersburg,2033-02-13T10:10,2033-02-13T17:30,2.5
CLEAN-007070,EVS360-007,Moscow,2033-02-13T10:50,2033-02-13T19:00,2.5
CLEAN-007071,EVS360-025,Saint Petersburg,2033-02-13T10:50,2033-02-13T18:00,2.5
CLEAN-007072,EVS360-008,Moscow,2033-02-13T11:20,2033-02-13T19:30,2.5
CLEAN-007073,EVS360-026,Saint Petersburg,2033-02-13T11:20,2033-02-13T18:15,2.5
CLEAN-007074,EVS360-009,Moscow,2033-02-13T11:50,2033-02-13T20:00,2.5
CLEAN-007075,EVS360-027,Saint Petersburg,2033-02-13T11:50,2033-02-13T18:30,2.5
CLEAN-007076,EVS360-010,Moscow,2033-02-13T12:10,2033-02-13T20:15,2.5
CLEAN-007077,EVS360-028,Saint Petersburg,2033-02-13T12:10,2033-02-13T19:00,2.5
CLEAN-007078,EVS360-011,Moscow,2033-02-13T12:35,2033-02-13T20:30,2.5
CLEAN-007079,EVS360-029,Saint Petersburg,2033-02-13T12:35,2033-02-13T19:30,2.5
CLEAN-007080,EVS360-012,Moscow,2033-02-13T12:50,2033-02-13T21:00,2.5
CLEAN-007081,EVS360-030,Saint Petersburg,2033-02-13T12:50,2033-02-13T20:00,2.5
CLEAN-007082,EVS360-013,Moscow,2033-02-13T13:20,2033-02-13T21:30,2.5
CLEAN-007083,EVS360-031,Saint Petersburg,2033-02-13T13:20,2033-02-13T20:30,2.5
CLEAN-007084,EVS360-014,Moscow,2033-02-13T13:50,2033-02-13T22:00,2.5
CLEAN-007085,EVS360-032,Saint Petersburg,2033-02-13T13:50,2033-02-13T21:00,2.5
CLEAN-007086,EVS360-015,Moscow,2033-02-13T14:10,2033-02-14T06:00,2.5
CLEAN-007087,EVS360-033,Saint Petersburg,2033-02-13T14:10,2033-02-13T21:30,2.5
CLEAN-007088,EVS360-016,Moscow,2033-02-13T14:50,2033-02-14T06:15,2.5
CLEAN-007089,EVS360-034,Saint Petersburg,2033-02-13T14:50,2033-02-13T22:00,2.5
CLEAN-007090,EVS360-017,Moscow,2033-02-13T15:20,2033-02-14T06:30,2.5
CLEAN-007091,EVS360-035,Saint Petersburg,2033-02-13T15:20,2033-02-14T06:00,2.5
CLEAN-007092,EVS360-036,Saint Petersburg,2033-02-13T15:50,2033-02-14T06:15,2.5
CLEAN-007093,EVS360-018,Moscow,2033-02-13T16:10,2033-02-14T07:00,2.5
CLEAN-007094,EVS360-037,Saint Petersburg,2033-02-13T16:10,2033-02-14T06:30,2.5
CLEAN-007095,EVS360-019,Moscow,2033-02-13T16:50,2033-02-14T07:30,2.5
CLEAN-007096,EVS360-038,Saint Petersburg,2033-02-13T16:50,2033-02-14T07:00,2.5
CLEAN-007097,EVS360-020,Moscow,2033-02-13T17:20,2033-02-14T08:00,2.5
CLEAN-007098,EVS360-039,Saint Petersburg,2033-02-13T17:20,2033-02-14T07:15,2.5
CLEAN-007099,EVS360-001,Moscow,2033-02-15T11:50,2033-02-15T20:00,2.5
CLEAN-007100,EVS360-002,Moscow,2033-02-15T12:10,2033-02-15T20:15,2.5
CLEAN-007101,EVS360-003,Moscow,2033-02-15T12:35,2033-02-15T20:30,2.5
CLEAN-007102,EVS360-021,Saint Petersburg,2033-02-15T12:35,2033-02-15T19:30,2.5
CLEAN-007103,EVS360-004,Moscow,2033-02-15T12:50,2033-02-15T21:00,2.5
CLEAN-007104,EVS360-022,Saint Petersburg,2033-02-15T12:50,2033-02-15T20:00,2.5
CLEAN-007105,EVS360-005,Moscow,2033-02-15T13:20,2033-02-15T21:30,2.5
CLEAN-007106,EVS360-023,Saint Petersburg,2033-02-15T13:20,2033-02-15T20:30,2.5
CLEAN-007107,EVS360-006,Moscow,2033-02-15T13:50,2033-02-15T22:00,2.5
CLEAN-007108,EVS360-024,Saint Petersburg,2033-02-15T13:50,2033-02-15T21:00,2.5
CLEAN-007109,EVS360-007,Moscow,2033-02-15T14:10,2033-02-16T06:00,2.5
CLEAN-007110,EVS360-025,Saint Petersburg,2033-02-15T14:10,2033-02-15T21:30,2.5
CLEAN-007111,EVS360-008,Moscow,2033-02-15T14:50,2033-02-16T06:15,2.5
CLEAN-007112,EVS360-026,Saint Petersburg,2033-02-15T14:50,2033-02-15T22:00,2.5
CLEAN-007113,EVS360-009,Moscow,2033-02-15T15:20,2033-02-16T06:30,2.5
CLEAN-007114,EVS360-027,Saint Petersburg,2033-02-15T15:20,2033-02-16T06:00,2.5
CLEAN-007115,EVS360-028,Saint Petersburg,2033-02-15T15:50,2033-02-16T06:15,2.5
CLEAN-007116,EVS360-010,Moscow,2033-02-15T16:10,2033-02-16T07:00,2.5
CLEAN-007117,EVS360-029,Saint Petersburg,2033-02-15T16:10,2033-02-16T06:30,2.5
CLEAN-007118,EVS360-011,Moscow,2033-02-15T16:50,2033-02-16T07:30,2.5
CLEAN-007119,EVS360-030,Saint Petersburg,2033-02-15T16:50,2033-02-16T07:00,2.5
CLEAN-007120,EVS360-012,Moscow,2033-02-15T17:20,2033-02-16T08:00,2.5
CLEAN-007121,EVS360-031,Saint Petersburg,2033-02-15T17:20,2033-02-16T07:15,2.5
CLEAN-007122,EVS360-013,Moscow,2033-02-15T18:10,2033-02-16T08:30,2.5
CLEAN-007123,EVS360-032,Saint Petersburg,2033-02-15T18:10,2033-02-16T07:30,2.5
CLEAN-007124,EVS360-014,Moscow,2033-02-15T18:50,2033-02-16T09:00,2.5
CLEAN-007125,EVS360-033,Saint Petersburg,2033-02-15T18:50,2033-02-16T08:00,2.5
CLEAN-007126,EVS360-015,Moscow,2033-02-15T19:20,2033-02-16T09:30,2.5
CLEAN-007127,EVS360-016,Moscow,2033-02-15T19:50,2033-02-16T10:00,2.5
CLEAN-007128,EVS360-034,Saint Petersburg,2033-02-15T19:50,2033-02-16T08:30,2.5
CLEAN-007129,EVS360-017,Moscow,2033-02-15T20:10,2033-02-16T10:15,2.5
CLEAN-007130,EVS360-035,Saint Petersburg,2033-02-15T20:10,2033-02-16T09:00,2.5
CLEAN-007131,EVS360-018,Moscow,2033-02-15T20:35,2033-02-16T10:30,2.5
CLEAN-007132,EVS360-036,Saint Petersburg,2033-02-15T20:35,2033-02-16T09:30,2.5
CLEAN-007133,EVS360-019,Moscow,2033-02-15T20:50,2033-02-16T11:00,2.5
CLEAN-007134,EVS360-037,Saint Petersburg,2033-02-15T20:50,2033-02-16T10:00,2.5
CLEAN-007135,EVS360-020,Moscow,2033-02-15T21:20,2033-02-16T11:30,2.5
CLEAN-007136,EVS360-038,Saint Petersburg,2033-02-15T21:20,2033-02-16T10:15,2.5
CLEAN-007137,EVS360-039,Saint Petersburg,2033-02-15T21:50,2033-02-16T10:30,2.5
CLEAN-007138,EVS360-001,Moscow,2033-02-17T15:20,2033-02-18T06:30,2.5
CLEAN-007139,EVS360-002,Moscow,2033-02-17T16:10,2033-02-18T07:00,2.5
CLEAN-007140,EVS360-021,Saint Petersburg,2033-02-17T16:10,2033-02-18T06:30,2.5
CLEAN-007141,EVS360-003,Moscow,2033-02-17T16:50,2033-02-18T07:30,2.5
CLEAN-007142,EVS360-022,Saint Petersburg,2033-02-17T16:50,2033-02-18T07:00,2.5
CLEAN-007143,EVS360-004,Moscow,2033-02-17T17:20,2033-02-18T08:00,2.5
CLEAN-007144,EVS360-023,Saint Petersburg,2033-02-17T17:20,2033-02-18T07:15,2.5
CLEAN-007145,EVS360-005,Moscow,2033-02-17T18:10,2033-02-18T08:30,2.5
CLEAN-007146,EVS360-024,Saint Petersburg,2033-02-17T18:10,2033-02-18T07:30,2.5
CLEAN-007147,EVS360-006,Moscow,2033-02-17T18:50,2033-02-18T09:00,2.5
CLEAN-007148,EVS360-025,Saint Petersburg,2033-02-17T18:50,2033-02-18T08:00,2.5
CLEAN-007149,EVS360-007,Moscow,2033-02-17T19:20,2033-02-18T09:30,2.5
CLEAN-007150,EVS360-008,Moscow,2033-02-17T19:50,2033-02-18T10:00,2.5
CLEAN-007151,EVS360-026,Saint Petersburg,2033-02-17T19:50,2033-02-18T08:30,2.5
CLEAN-007152,EVS360-009,Moscow,2033-02-17T20:10,2033-02-18T10:15,2.5
CLEAN-007153,EVS360-027,Saint Petersburg,2033-02-17T20:10,2033-02-18T09:00,2.5
CLEAN-007154,EVS360-010,Moscow,2033-02-17T20:35,2033-02-18T10:30,2.5
CLEAN-007155,EVS360-028,Saint Petersburg,2033-02-17T20:35,2033-02-18T09:30,2.5
CLEAN-007156,EVS360-011,Moscow,2033-02-17T20:50,2033-02-18T11:00,2.5
CLEAN-007157,EVS360-029,Saint Petersburg,2033-02-17T20:50,2033-02-18T10:00,2.5
CLEAN-007158,EVS360-012,Moscow,2033-02-17T21:20,2033-02-18T11:30,2.5
CLEAN-007159,EVS360-030,Saint Petersburg,2033-02-17T21:20,2033-02-18T10:15,2.5
CLEAN-007160,EVS360-013,Moscow,2033-02-17T21:50,2033-02-18T12:00,2.5
CLEAN-007161,EVS360-031,Saint Petersburg,2033-02-17T21:50,2033-02-18T10:30,2.5
CLEAN-007162,EVS360-014,Moscow,2033-02-17T22:10,2033-02-18T12:30,2.5
CLEAN-007163,EVS360-032,Saint Petersburg,2033-02-17T22:10,2033-02-18T11:00,2.5
CLEAN-007164,EVS360-033,Saint Petersburg,2033-02-17T22:35,2033-02-18T11:30,2.5
CLEAN-007165,EVS360-015,Moscow,2033-02-17T22:50,2033-02-18T13:00,2.5
CLEAN-007166,EVS360-034,Saint Petersburg,2033-02-17T22:50,2033-02-18T12:00,2.5
CLEAN-007167,EVS360-016,Moscow,2033-02-17T23:20,2033-02-18T13:30,2.5
CLEAN-007168,EVS360-035,Saint Petersburg,2033-02-17T23:20,2033-02-18T12:30,2.5
CLEAN-007169,EVS360-017,Moscow,2033-02-17T23:50,2033-02-18T14:00,2.5
CLEAN-007170,EVS360-036,Saint Petersburg,2033-02-17T23:50,2033-02-18T13:00,2.5
CLEAN-007171,EVS360-018,Moscow,2033-02-18T00:10,2033-02-18T14:30,2.5
CLEAN-007172,EVS360-037,Saint Petersburg,2033-02-18T00:10,2033-02-18T14:00,2.5
CLEAN-007173,EVS360-019,Moscow,2033-02-18T08:10,2033-02-18T15:00,2.5
CLEAN-007174,EVS360-038,Saint Petersburg,2033-02-18T08:10,2033-02-18T14:30,2.5
CLEAN-007175,EVS360-020,Moscow,2033-02-18T08:35,2033-02-18T16:00,2.5
CLEAN-007176,EVS360-039,Saint Petersburg,2033-02-18T08:35,2033-02-18T15:00,2.5
CLEAN-007177,EVS360-001,Moscow,2033-02-19T20:10,2033-02-20T10:15,2.5
CLEAN-007178,EVS360-002,Moscow,2033-02-19T20:35,2033-02-20T10:30,2.5
CLEAN-007179,EVS360-003,Moscow,2033-02-19T20:50,2033-02-20T11:00,2.5
CLEAN-007180,EVS360-021,Saint Petersburg,2033-02-19T20:50,2033-02-20T10:00,2.5
CLEAN-007181,EVS360-004,Moscow,2033-02-19T21:20,2033-02-20T11:30,2.5
CLEAN-007182,EVS360-022,Saint Petersburg,2033-02-19T21:20,2033-02-20T10:15,2.5
CLEAN-007183,EVS360-005,Moscow,2033-02-19T21:50,2033-02-20T12:00,2.5
CLEAN-007184,EVS360-023,Saint Petersburg,2033-02-19T21:50,2033-02-20T10:30,2.5
CLEAN-007185,EVS360-006,Moscow,2033-02-19T22:10,2033-02-20T12:30,2.5
CLEAN-007186,EVS360-024,Saint Petersburg,2033-02-19T22:10,2033-02-20T11:00,2.5
CLEAN-007187,EVS360-025,Saint Petersburg,2033-02-19T22:35,2033-02-20T11:30,2.5
CLEAN-007188,EVS360-007,Moscow,2033-02-19T22:50,2033-02-20T13:00,2.5
CLEAN-007189,EVS360-026,Saint Petersburg,2033-02-19T22:50,2033-02-20T12:00,2.5
CLEAN-007190,EVS360-008,Moscow,2033-02-19T23:20,2033-02-20T13:30,2.5
CLEAN-007191,EVS360-027,Saint Petersburg,2033-02-19T23:20,2033-02-20T12:30,2.5
CLEAN-007192,EVS360-009,Moscow,2033-02-19T23:50,2033-02-20T14:00,2.5
CLEAN-007193,EVS360-028,Saint Petersburg,2033-02-19T23:50,2033-02-20T13:00,2.5
CLEAN-007194,EVS360-010,Moscow,2033-02-20T00:10,2033-02-20T14:30,2.5
CLEAN-007195,EVS360-029,Saint Petersburg,2033-02-20T00:10,2033-02-20T14:00,2.5
CLEAN-007196,EVS360-011,Moscow,2033-02-20T08:10,2033-02-20T15:00,2.5
CLEAN-007197,EVS360-030,Saint Petersburg,2033-02-20T08:10,2033-02-20T14:30,2.5
CLEAN-007198,EVS360-012,Moscow,2033-02-20T08:35,2033-02-20T16:00,2.5
CLEAN-007199,EVS360-031,Saint Petersburg,2033-02-20T08:35,2033-02-20T15:00,2.5
CLEAN-007200,EVS360-013,Moscow,2033-02-20T08:50,2033-02-20T16:30,2.5
CLEAN-007201,EVS360-032,Saint Petersburg,2033-02-20T08:50,2033-02-20T16:00,2.5
CLEAN-007202,EVS360-014,Moscow,2033-02-20T09:20,2033-02-20T17:30,2.5
CLEAN-007203,EVS360-033,Saint Petersburg,2033-02-20T09:20,2033-02-20T16:30,2.5
CLEAN-007204,EVS360-015,Moscow,2033-02-20T09:35,2033-02-20T18:00,2.5
CLEAN-007205,EVS360-016,Moscow,2033-02-20T09:50,2033-02-20T18:15,2.5
CLEAN-007206,EVS360-034,Saint Petersburg,2033-02-20T09:50,2033-02-20T17:00,2.5
CLEAN-007207,EVS360-017,Moscow,2033-02-20T10:10,2033-02-20T18:30,2.5
CLEAN-007208,EVS360-035,Saint Petersburg,2033-02-20T10:10,2033-02-20T17:30,2.5
CLEAN-007209,EVS360-018,Moscow,2033-02-20T10:50,2033-02-20T19:00,2.5
CLEAN-007210,EVS360-036,Saint Petersburg,2033-02-20T10:50,2033-02-20T18:00,2.5
CLEAN-007211,EVS360-019,Moscow,2033-02-20T11:20,2033-02-20T19:30,2.5
CLEAN-007212,EVS360-037,Saint Petersburg,2033-02-20T11:20,2033-02-20T18:15,2.5
CLEAN-007213,EVS360-020,Moscow,2033-02-20T11:50,2033-02-20T20:00,2.5
CLEAN-007214,EVS360-038,Saint Petersburg,2033-02-20T11:50,2033-02-20T18:30,2.5
CLEAN-007215,EVS360-039,Saint Petersburg,2033-02-20T12:10,2033-02-20T19:00,2.5
CLEAN-007216,EVS360-001,Moscow,2033-02-21T23:50,2033-02-22T14:00,2.5
CLEAN-007217,EVS360-002,Moscow,2033-02-22T00:10,2033-02-22T14:30,2.5
CLEAN-007218,EVS360-021,Saint Petersburg,2033-02-22T00:10,2033-02-22T14:00,2.5
CLEAN-007219,EVS360-003,Moscow,2033-02-22T08:10,2033-02-22T15:00,2.5
CLEAN-007220,EVS360-022,Saint Petersburg,2033-02-22T08:10,2033-02-22T14:30,2.5
CLEAN-007221,EVS360-004,Moscow,2033-02-22T08:35,2033-02-22T16:00,2.5
CLEAN-007222,EVS360-023,Saint Petersburg,2033-02-22T08:35,2033-02-22T15:00,2.5
CLEAN-007223,EVS360-005,Moscow,2033-02-22T08:50,2033-02-22T16:30,2.5
CLEAN-007224,EVS360-024,Saint Petersburg,2033-02-22T08:50,2033-02-22T16:00,2.5
CLEAN-007225,EVS360-006,Moscow,2033-02-22T09:20,2033-02-22T17:30,2.5
CLEAN-007226,EVS360-025,Saint Petersburg,2033-02-22T09:20,2033-02-22T16:30,2.5
CLEAN-007227,EVS360-007,Moscow,2033-02-22T09:35,2033-02-22T18:00,2.5
CLEAN-007228,EVS360-008,Moscow,2033-02-22T09:50,2033-02-22T18:15,2.5
CLEAN-007229,EVS360-026,Saint Petersburg,2033-02-22T09:50,2033-02-22T17:00,2.5
CLEAN-007230,EVS360-009,Moscow,2033-02-22T10:10,2033-02-22T18:30,2.5
CLEAN-007231,EVS360-027,Saint Petersburg,2033-02-22T10:10,2033-02-22T17:30,2.5
CLEAN-007232,EVS360-010,Moscow,2033-02-22T10:50,2033-02-22T19:00,2.5
CLEAN-007233,EVS360-028,Saint Petersburg,2033-02-22T10:50,2033-02-22T18:00,2.5
CLEAN-007234,EVS360-011,Moscow,2033-02-22T11:20,2033-02-22T19:30,2.5
CLEAN-007235,EVS360-029,Saint Petersburg,2033-02-22T11:20,2033-02-22T18:15,2.5
CLEAN-007236,EVS360-012,Moscow,2033-02-22T11:50,2033-02-22T20:00,2.5
CLEAN-007237,EVS360-030,Saint Petersburg,2033-02-22T11:50,2033-02-22T18:30,2.5
CLEAN-007238,EVS360-013,Moscow,2033-02-22T12:10,2033-02-22T20:15,2.5
CLEAN-007239,EVS360-031,Saint Petersburg,2033-02-22T12:10,2033-02-22T19:00,2.5
CLEAN-007240,EVS360-014,Moscow,2033-02-22T12:35,2033-02-22T20:30,2.5
CLEAN-007241,EVS360-032,Saint Petersburg,2033-02-22T12:35,2033-02-22T19:30,2.5
CLEAN-007242,EVS360-015,Moscow,2033-02-22T12:50,2033-02-22T21:00,2.5
CLEAN-007243,EVS360-033,Saint Petersburg,2033-02-22T12:50,2033-02-22T20:00,2.5
CLEAN-007244,EVS360-016,Moscow,2033-02-22T13:20,2033-02-22T21:30,2.5
CLEAN-007245,EVS360-034,Saint Petersburg,2033-02-22T13:20,2033-02-22T20:30,2.5
CLEAN-007246,EVS360-017,Moscow,2033-02-22T13:50,2033-02-22T22:00,2.5
CLEAN-007247,EVS360-035,Saint Petersburg,2033-02-22T13:50,2033-02-22T21:00,2.5
CLEAN-007248,EVS360-018,Moscow,2033-02-22T14:10,2033-02-23T06:00,2.5
CLEAN-007249,EVS360-036,Saint Petersburg,2033-02-22T14:10,2033-02-22T21:30,2.5
CLEAN-007250,EVS360-019,Moscow,2033-02-22T14:50,2033-02-23T06:15,2.5
CLEAN-007251,EVS360-037,Saint Petersburg,2033-02-22T14:50,2033-02-22T22:00,2.5
CLEAN-007252,EVS360-020,Moscow,2033-02-22T15:20,2033-02-23T06:30,2.5
CLEAN-007253,EVS360-038,Saint Petersburg,2033-02-22T15:20,2033-02-23T06:00,2.5
CLEAN-007254,EVS360-039,Saint Petersburg,2033-02-22T15:50,2033-02-23T06:15,2.5
CLEAN-007255,EVS360-001,Moscow,2033-02-24T10:10,2033-02-24T18:30,2.5
CLEAN-007256,EVS360-002,Moscow,2033-02-24T10:50,2033-02-24T19:00,2.5
CLEAN-007257,EVS360-003,Moscow,2033-02-24T11:20,2033-02-24T19:30,2.5
CLEAN-007258,EVS360-021,Saint Petersburg,2033-02-24T11:20,2033-02-24T18:15,2.5
CLEAN-007259,EVS360-004,Moscow,2033-02-24T11:50,2033-02-24T20:00,2.5
CLEAN-007260,EVS360-022,Saint Petersburg,2033-02-24T11:50,2033-02-24T18:30,2.5
CLEAN-007261,EVS360-005,Moscow,2033-02-24T12:10,2033-02-24T20:15,2.5
CLEAN-007262,EVS360-023,Saint Petersburg,2033-02-24T12:10,2033-02-24T19:00,2.5
CLEAN-007263,EVS360-006,Moscow,2033-02-24T12:35,2033-02-24T20:30,2.5
CLEAN-007264,EVS360-024,Saint Petersburg,2033-02-24T12:35,2033-02-24T19:30,2.5
CLEAN-007265,EVS360-007,Moscow,2033-02-24T12:50,2033-02-24T21:00,2.5
CLEAN-007266,EVS360-025,Saint Petersburg,2033-02-24T12:50,2033-02-24T20:00,2.5
CLEAN-007267,EVS360-008,Moscow,2033-02-24T13:20,2033-02-24T21:30,2.5
CLEAN-007268,EVS360-026,Saint Petersburg,2033-02-24T13:20,2033-02-24T20:30,2.5
CLEAN-007269,EVS360-009,Moscow,2033-02-24T13:50,2033-02-24T22:00,2.5
CLEAN-007270,EVS360-027,Saint Petersburg,2033-02-24T13:50,2033-02-24T21:00,2.5
CLEAN-007271,EVS360-010,Moscow,2033-02-24T14:10,2033-02-25T06:00,2.5
CLEAN-007272,EVS360-028,Saint Petersburg,2033-02-24T14:10,2033-02-24T21:30,2.5
CLEAN-007273,EVS360-011,Moscow,2033-02-24T14:50,2033-02-25T06:15,2.5
CLEAN-007274,EVS360-029,Saint Petersburg,2033-02-24T14:50,2033-02-24T22:00,2.5
CLEAN-007275,EVS360-012,Moscow,2033-02-24T15:20,2033-02-25T06:30,2.5
CLEAN-007276,EVS360-030,Saint Petersburg,2033-02-24T15:20,2033-02-25T06:00,2.5
CLEAN-007277,EVS360-031,Saint Petersburg,2033-02-24T15:50,2033-02-25T06:15,2.5
CLEAN-007278,EVS360-013,Moscow,2033-02-24T16:10,2033-02-25T07:00,2.5
CLEAN-007279,EVS360-032,Saint Petersburg,2033-02-24T16:10,2033-02-25T06:30,2.5
CLEAN-007280,EVS360-014,Moscow,2033-02-24T16:50,2033-02-25T07:30,2.5
CLEAN-007281,EVS360-033,Saint Petersburg,2033-02-24T16:50,2033-02-25T07:00,2.5
CLEAN-007282,EVS360-015,Moscow,2033-02-24T17:20,2033-02-25T08:00,2.5
CLEAN-007283,EVS360-034,Saint Petersburg,2033-02-24T17:20,2033-02-25T07:15,2.5
CLEAN-007284,EVS360-016,Moscow,2033-02-24T18:10,2033-02-25T08:30,2.5
CLEAN-007285,EVS360-035,Saint Petersburg,2033-02-24T18:10,2033-02-25T07:30,2.5
CLEAN-007286,EVS360-017,Moscow,2033-02-24T18:50,2033-02-25T09:00,2.5
CLEAN-007287,EVS360-036,Saint Petersburg,2033-02-24T18:50,2033-02-25T08:00,2.5
CLEAN-007288,EVS360-018,Moscow,2033-02-24T19:20,2033-02-25T09:30,2.5
CLEAN-007289,EVS360-019,Moscow,2033-02-24T19:50,2033-02-25T10:00,2.5
CLEAN-007290,EVS360-037,Saint Petersburg,2033-02-24T19:50,2033-02-25T08:30,2.5
CLEAN-007291,EVS360-020,Moscow,2033-02-24T20:10,2033-02-25T10:15,2.5
CLEAN-007292,EVS360-038,Saint Petersburg,2033-02-24T20:10,2033-02-25T09:00,2.5
CLEAN-007293,EVS360-039,Saint Petersburg,2033-02-24T20:35,2033-02-25T09:30,2.5
CLEAN-007294,EVS360-001,Moscow,2033-02-26T13:50,2033-02-26T22:00,2.5
CLEAN-007295,EVS360-002,Moscow,2033-02-26T14:10,2033-02-27T06:00,2.5
CLEAN-007296,EVS360-003,Moscow,2033-02-26T14:50,2033-02-27T06:15,2.5
CLEAN-007297,EVS360-021,Saint Petersburg,2033-02-26T14:50,2033-02-26T22:00,2.5
CLEAN-007298,EVS360-004,Moscow,2033-02-26T15:20,2033-02-27T06:30,2.5
CLEAN-007299,EVS360-022,Saint Petersburg,2033-02-26T15:20,2033-02-27T06:00,2.5
CLEAN-007300,EVS360-023,Saint Petersburg,2033-02-26T15:50,2033-02-27T06:15,2.5
CLEAN-007301,EVS360-005,Moscow,2033-02-26T16:10,2033-02-27T07:00,2.5
CLEAN-007302,EVS360-024,Saint Petersburg,2033-02-26T16:10,2033-02-27T06:30,2.5
CLEAN-007303,EVS360-006,Moscow,2033-02-26T16:50,2033-02-27T07:30,2.5
CLEAN-007304,EVS360-025,Saint Petersburg,2033-02-26T16:50,2033-02-27T07:00,2.5
CLEAN-007305,EVS360-007,Moscow,2033-02-26T17:20,2033-02-27T08:00,2.5
CLEAN-007306,EVS360-026,Saint Petersburg,2033-02-26T17:20,2033-02-27T07:15,2.5
CLEAN-007307,EVS360-008,Moscow,2033-02-26T18:10,2033-02-27T08:30,2.5
CLEAN-007308,EVS360-027,Saint Petersburg,2033-02-26T18:10,2033-02-27T07:30,2.5
CLEAN-007309,EVS360-009,Moscow,2033-02-26T18:50,2033-02-27T09:00,2.5
CLEAN-007310,EVS360-028,Saint Petersburg,2033-02-26T18:50,2033-02-27T08:00,2.5
CLEAN-007311,EVS360-010,Moscow,2033-02-26T19:20,2033-02-27T09:30,2.5
CLEAN-007312,EVS360-011,Moscow,2033-02-26T19:50,2033-02-27T10:00,2.5
CLEAN-007313,EVS360-029,Saint Petersburg,2033-02-26T19:50,2033-02-27T08:30,2.5
CLEAN-007314,EVS360-012,Moscow,2033-02-26T20:10,2033-02-27T10:15,2.5
CLEAN-007315,EVS360-030,Saint Petersburg,2033-02-26T20:10,2033-02-27T09:00,2.5
CLEAN-007316,EVS360-013,Moscow,2033-02-26T20:35,2033-02-27T10:30,2.5
CLEAN-007317,EVS360-031,Saint Petersburg,2033-02-26T20:35,2033-02-27T09:30,2.5
CLEAN-007318,EVS360-014,Moscow,2033-02-26T20:50,2033-02-27T11:00,2.5
CLEAN-007319,EVS360-032,Saint Petersburg,2033-02-26T20:50,2033-02-27T10:00,2.5
CLEAN-007320,EVS360-015,Moscow,2033-02-26T21:20,2033-02-27T11:30,2.5
CLEAN-007321,EVS360-033,Saint Petersburg,2033-02-26T21:20,2033-02-27T10:15,2.5
CLEAN-007322,EVS360-016,Moscow,2033-02-26T21:50,2033-02-27T12:00,2.5
CLEAN-007323,EVS360-034,Saint Petersburg,2033-02-26T21:50,2033-02-27T10:30,2.5
CLEAN-007324,EVS360-017,Moscow,2033-02-26T22:10,2033-02-27T12:30,2.5
CLEAN-007325,EVS360-035,Saint Petersburg,2033-02-26T22:10,2033-02-27T11:00,2.5
CLEAN-007326,EVS360-036,Saint Petersburg,2033-02-26T22:35,2033-02-27T11:30,2.5
CLEAN-007327,EVS360-018,Moscow,2033-02-26T22:50,2033-02-27T13:00,2.5
CLEAN-007328,EVS360-037,Saint Petersburg,2033-02-26T22:50,2033-02-27T12:00,2.5
CLEAN-007329,EVS360-019,Moscow,2033-02-26T23:20,2033-02-27T13:30,2.5
CLEAN-007330,EVS360-038,Saint Petersburg,2033-02-26T23:20,2033-02-27T12:30,2.5
CLEAN-007331,EVS360-020,Moscow,2033-02-26T23:50,2033-02-27T14:00,2.5
CLEAN-007332,EVS360-039,Saint Petersburg,2033-02-26T23:50,2033-02-27T13:00,2.5
CLEAN-007333,EVS360-001,Moscow,2033-02-28T18:50,2033-03-01T09:00,2.5
CLEAN-007334,EVS360-002,Moscow,2033-02-28T19:20,2033-03-01T09:30,2.5
CLEAN-007335,EVS360-003,Moscow,2033-02-28T19:50,2033-03-01T10:00,2.5
CLEAN-007336,EVS360-021,Saint Petersburg,2033-02-28T19:50,2033-03-01T08:30,2.5
CLEAN-007337,EVS360-004,Moscow,2033-02-28T20:10,2033-03-01T10:15,2.5
CLEAN-007338,EVS360-022,Saint Petersburg,2033-02-28T20:10,2033-03-01T09:00,2.5
CLEAN-007339,EVS360-005,Moscow,2033-02-28T20:35,2033-03-01T10:30,2.5
CLEAN-007340,EVS360-023,Saint Petersburg,2033-02-28T20:35,2033-03-01T09:30,2.5
CLEAN-007341,EVS360-006,Moscow,2033-02-28T20:50,2033-03-01T11:00,2.5
CLEAN-007342,EVS360-024,Saint Petersburg,2033-02-28T20:50,2033-03-01T10:00,2.5
CLEAN-007343,EVS360-007,Moscow,2033-02-28T21:20,2033-03-01T11:30,2.5
CLEAN-007344,EVS360-025,Saint Petersburg,2033-02-28T21:20,2033-03-01T10:15,2.5
CLEAN-007345,EVS360-008,Moscow,2033-02-28T21:50,2033-03-01T12:00,2.5
CLEAN-007346,EVS360-026,Saint Petersburg,2033-02-28T21:50,2033-03-01T10:30,2.5
CLEAN-007347,EVS360-009,Moscow,2033-02-28T22:10,2033-03-01T12:30,2.5
CLEAN-007348,EVS360-027,Saint Petersburg,2033-02-28T22:10,2033-03-01T11:00,2.5
CLEAN-007349,EVS360-028,Saint Petersburg,2033-02-28T22:35,2033-03-01T11:30,2.5
CLEAN-007350,EVS360-010,Moscow,2033-02-28T22:50,2033-03-01T13:00,2.5
CLEAN-007351,EVS360-029,Saint Petersburg,2033-02-28T22:50,2033-03-01T12:00,2.5
CLEAN-007352,EVS360-011,Moscow,2033-02-28T23:20,2033-03-01T13:30,2.5
CLEAN-007353,EVS360-030,Saint Petersburg,2033-02-28T23:20,2033-03-01T12:30,2.5
CLEAN-007354,EVS360-012,Moscow,2033-02-28T23:50,2033-03-01T14:00,2.5
CLEAN-007355,EVS360-031,Saint Petersburg,2033-02-28T23:50,2033-03-01T13:00,2.5
CLEAN-007356,EVS360-013,Moscow,2033-03-01T00:10,2033-03-01T14:30,2.5
CLEAN-007357,EVS360-032,Saint Petersburg,2033-03-01T00:10,2033-03-01T14:00,2.5
CLEAN-007358,EVS360-014,Moscow,2033-03-01T08:10,2033-03-01T15:00,2.5
CLEAN-007359,EVS360-033,Saint Petersburg,2033-03-01T08:10,2033-03-01T14:30,2.5
CLEAN-007360,EVS360-015,Moscow,2033-03-01T08:35,2033-03-01T16:00,2.5
CLEAN-007361,EVS360-034,Saint Petersburg,2033-03-01T08:35,2033-03-01T15:00,2.5
CLEAN-007362,EVS360-016,Moscow,2033-03-01T08:50,2033-03-01T16:30,2.5
CLEAN-007363,EVS360-035,Saint Petersburg,2033-03-01T08:50,2033-03-01T16:00,2.5
CLEAN-007364,EVS360-017,Moscow,2033-03-01T09:20,2033-03-01T17:30,2.5
CLEAN-007365,EVS360-036,Saint Petersburg,2033-03-01T09:20,2033-03-01T16:30,2.5
CLEAN-007366,EVS360-018,Moscow,2033-03-01T09:35,2033-03-01T18:00,2.5
CLEAN-007367,EVS360-019,Moscow,2033-03-01T09:50,2033-03-01T18:15,2.5
CLEAN-007368,EVS360-037,Saint Petersburg,2033-03-01T09:50,2033-03-01T17:00,2.5
CLEAN-007369,EVS360-020,Moscow,2033-03-01T10:10,2033-03-01T18:30,2.5
CLEAN-007370,EVS360-038,Saint Petersburg,2033-03-01T10:10,2033-03-01T17:30,2.5
CLEAN-007371,EVS360-039,Saint Petersburg,2033-03-01T10:50,2033-03-01T18:00,2.5
CLEAN-007372,EVS360-001,Moscow,2033-03-02T22:10,2033-03-03T12:30,2.5
CLEAN-007373,EVS360-002,Moscow,2033-03-02T22:50,2033-03-03T13:00,2.5
CLEAN-007374,EVS360-021,Saint Petersburg,2033-03-02T22:50,2033-03-03T12:00,2.5
CLEAN-007375,EVS360-003,Moscow,2033-03-02T23:20,2033-03-03T13:30,2.5
CLEAN-007376,EVS360-022,Saint Petersburg,2033-03-02T23:20,2033-03-03T12:30,2.5
CLEAN-007377,EVS360-004,Moscow,2033-03-02T23:50,2033-03-03T14:00,2.5
CLEAN-007378,EVS360-023,Saint Petersburg,2033-03-02T23:50,2033-03-03T13:00,2.5
CLEAN-007379,EVS360-005,Moscow,2033-03-03T00:10,2033-03-03T14:30,2.5
CLEAN-007380,EVS360-024,Saint Petersburg,2033-03-03T00:10,2033-03-03T14:00,2.5
CLEAN-007381,EVS360-006,Moscow,2033-03-03T08:10,2033-03-03T15:00,2.5
CLEAN-007382,EVS360-025,Saint Petersburg,2033-03-03T08:10,2033-03-03T14:30,2.5
CLEAN-007383,EVS360-007,Moscow,2033-03-03T08:35,2033-03-03T16:00,2.5
CLEAN-007384,EVS360-026,Saint Petersburg,2033-03-03T08:35,2033-03-03T15:00,2.5
CLEAN-007385,EVS360-008,Moscow,2033-03-03T08:50,2033-03-03T16:30,2.5
CLEAN-007386,EVS360-027,Saint Petersburg,2033-03-03T08:50,2033-03-03T16:00,2.5
CLEAN-007387,EVS360-009,Moscow,2033-03-03T09:20,2033-03-03T17:30,2.5
CLEAN-007388,EVS360-028,Saint Petersburg,2033-03-03T09:20,2033-03-03T16:30,2.5
CLEAN-007389,EVS360-010,Moscow,2033-03-03T09:35,2033-03-03T18:00,2.5
CLEAN-007390,EVS360-011,Moscow,2033-03-03T09:50,2033-03-03T18:15,2.5
CLEAN-007391,EVS360-029,Saint Petersburg,2033-03-03T09:50,2033-03-03T17:00,2.5
CLEAN-007392,EVS360-012,Moscow,2033-03-03T10:10,2033-03-03T18:30,2.5
CLEAN-007393,EVS360-030,Saint Petersburg,2033-03-03T10:10,2033-03-03T17:30,2.5
CLEAN-007394,EVS360-013,Moscow,2033-03-03T10:50,2033-03-03T19:00,2.5
CLEAN-007395,EVS360-031,Saint Petersburg,2033-03-03T10:50,2033-03-03T18:00,2.5
CLEAN-007396,EVS360-014,Moscow,2033-03-03T11:20,2033-03-03T19:30,2.5
CLEAN-007397,EVS360-032,Saint Petersburg,2033-03-03T11:20,2033-03-03T18:15,2.5
CLEAN-007398,EVS360-015,Moscow,2033-03-03T11:50,2033-03-03T20:00,2.5
CLEAN-007399,EVS360-033,Saint Petersburg,2033-03-03T11:50,2033-03-03T18:30,2.5
CLEAN-007400,EVS360-016,Moscow,2033-03-03T12:10,2033-03-03T20:15,2.5
CLEAN-007401,EVS360-034,Saint Petersburg,2033-03-03T12:10,2033-03-03T19:00,2.5
CLEAN-007402,EVS360-017,Moscow,2033-03-03T12:35,2033-03-03T20:30,2.5
CLEAN-007403,EVS360-035,Saint Petersburg,2033-03-03T12:35,2033-03-03T19:30,2.5
CLEAN-007404,EVS360-018,Moscow,2033-03-03T12:50,2033-03-03T21:00,2.5
CLEAN-007405,EVS360-036,Saint Petersburg,2033-03-03T12:50,2033-03-03T20:00,2.5
CLEAN-007406,EVS360-019,Moscow,2033-03-03T13:20,2033-03-03T21:30,2.5
CLEAN-007407,EVS360-037,Saint Petersburg,2033-03-03T13:20,2033-03-03T20:30,2.5
CLEAN-007408,EVS360-020,Moscow,2033-03-03T13:50,2033-03-03T22:00,2.5
CLEAN-007409,EVS360-038,Saint Petersburg,2033-03-03T13:50,2033-03-03T21:00,2.5
CLEAN-007410,EVS360-039,Saint Petersburg,2033-03-03T14:10,2033-03-03T21:30,2.5
CLEAN-007411,EVS360-001,Moscow,2033-03-05T09:20,2033-03-05T17:30,2.5
CLEAN-007412,EVS360-002,Moscow,2033-03-05T09:35,2033-03-05T18:00,2.5
CLEAN-007413,EVS360-003,Moscow,2033-03-05T09:50,2033-03-05T18:15,2.5
CLEAN-007414,EVS360-021,Saint Petersburg,2033-03-05T09:50,2033-03-05T17:00,2.5
CLEAN-007415,EVS360-004,Moscow,2033-03-05T10:10,2033-03-05T18:30,2.5
CLEAN-007416,EVS360-022,Saint Petersburg,2033-03-05T10:10,2033-03-05T17:30,2.5
CLEAN-007417,EVS360-005,Moscow,2033-03-05T10:50,2033-03-05T19:00,2.5
CLEAN-007418,EVS360-023,Saint Petersburg,2033-03-05T10:50,2033-03-05T18:00,2.5
CLEAN-007419,EVS360-006,Moscow,2033-03-05T11:20,2033-03-05T19:30,2.5
CLEAN-007420,EVS360-024,Saint Petersburg,2033-03-05T11:20,2033-03-05T18:15,2.5
CLEAN-007421,EVS360-007,Moscow,2033-03-05T11:50,2033-03-05T20:00,2.5
CLEAN-007422,EVS360-025,Saint Petersburg,2033-03-05T11:50,2033-03-05T18:30,2.5
CLEAN-007423,EVS360-008,Moscow,2033-03-05T12:10,2033-03-05T20:15,2.5
CLEAN-007424,EVS360-026,Saint Petersburg,2033-03-05T12:10,2033-03-05T19:00,2.5
CLEAN-007425,EVS360-009,Moscow,2033-03-05T12:35,2033-03-05T20:30,2.5
CLEAN-007426,EVS360-027,Saint Petersburg,2033-03-05T12:35,2033-03-05T19:30,2.5
CLEAN-007427,EVS360-010,Moscow,2033-03-05T12:50,2033-03-05T21:00,2.5
CLEAN-007428,EVS360-028,Saint Petersburg,2033-03-05T12:50,2033-03-05T20:00,2.5
CLEAN-007429,EVS360-011,Moscow,2033-03-05T13:20,2033-03-05T21:30,2.5
CLEAN-007430,EVS360-029,Saint Petersburg,2033-03-05T13:20,2033-03-05T20:30,2.5
CLEAN-007431,EVS360-012,Moscow,2033-03-05T13:50,2033-03-05T22:00,2.5
CLEAN-007432,EVS360-030,Saint Petersburg,2033-03-05T13:50,2033-03-05T21:00,2.5
CLEAN-007433,EVS360-013,Moscow,2033-03-05T14:10,2033-03-06T06:00,2.5
CLEAN-007434,EVS360-031,Saint Petersburg,2033-03-05T14:10,2033-03-05T21:30,2.5
CLEAN-007435,EVS360-014,Moscow,2033-03-05T14:50,2033-03-06T06:15,2.5
CLEAN-007436,EVS360-032,Saint Petersburg,2033-03-05T14:50,2033-03-05T22:00,2.5
CLEAN-007437,EVS360-015,Moscow,2033-03-05T15:20,2033-03-06T06:30,2.5
CLEAN-007438,EVS360-033,Saint Petersburg,2033-03-05T15:20,2033-03-06T06:00,2.5
CLEAN-007439,EVS360-034,Saint Petersburg,2033-03-05T15:50,2033-03-06T06:15,2.5
CLEAN-007440,EVS360-016,Moscow,2033-03-05T16:10,2033-03-06T07:00,2.5
CLEAN-007441,EVS360-035,Saint Petersburg,2033-03-05T16:10,2033-03-06T06:30,2.5
CLEAN-007442,EVS360-017,Moscow,2033-03-05T16:50,2033-03-06T07:30,2.5
CLEAN-007443,EVS360-036,Saint Petersburg,2033-03-05T16:50,2033-03-06T07:00,2.5
CLEAN-007444,EVS360-018,Moscow,2033-03-05T17:20,2033-03-06T08:00,2.5
CLEAN-007445,EVS360-037,Saint Petersburg,2033-03-05T17:20,2033-03-06T07:15,2.5
CLEAN-007446,EVS360-019,Moscow,2033-03-05T18:10,2033-03-06T08:30,2.5
CLEAN-007447,EVS360-038,Saint Petersburg,2033-03-05T18:10,2033-03-06T07:30,2.5
CLEAN-007448,EVS360-020,Moscow,2033-03-05T18:50,2033-03-06T09:00,2.5
CLEAN-007449,EVS360-039,Saint Petersburg,2033-03-05T18:50,2033-03-06T08:00,2.5
CLEAN-007450,EVS360-001,Moscow,2033-03-07T12:35,2033-03-07T20:30,2.5
CLEAN-007451,EVS360-002,Moscow,2033-03-07T12:50,2033-03-07T21:00,2.5
CLEAN-007452,EVS360-003,Moscow,2033-03-07T13:20,2033-03-07T21:30,2.5
CLEAN-007453,EVS360-021,Saint Petersburg,2033-03-07T13:20,2033-03-07T20:30,2.5
CLEAN-007454,EVS360-004,Moscow,2033-03-07T13:50,2033-03-07T22:00,2.5
CLEAN-007455,EVS360-022,Saint Petersburg,2033-03-07T13:50,2033-03-07T21:00,2.5
CLEAN-007456,EVS360-005,Moscow,2033-03-07T14:10,2033-03-08T06:00,2.5
CLEAN-007457,EVS360-023,Saint Petersburg,2033-03-07T14:10,2033-03-07T21:30,2.5
CLEAN-007458,EVS360-006,Moscow,2033-03-07T14:50,2033-03-08T06:15,2.5
CLEAN-007459,EVS360-024,Saint Petersburg,2033-03-07T14:50,2033-03-07T22:00,2.5
CLEAN-007460,EVS360-007,Moscow,2033-03-07T15:20,2033-03-08T06:30,2.5
CLEAN-007461,EVS360-025,Saint Petersburg,2033-03-07T15:20,2033-03-08T06:00,2.5
CLEAN-007462,EVS360-026,Saint Petersburg,2033-03-07T15:50,2033-03-08T06:15,2.5
CLEAN-007463,EVS360-008,Moscow,2033-03-07T16:10,2033-03-08T07:00,2.5
CLEAN-007464,EVS360-027,Saint Petersburg,2033-03-07T16:10,2033-03-08T06:30,2.5
CLEAN-007465,EVS360-009,Moscow,2033-03-07T16:50,2033-03-08T07:30,2.5
CLEAN-007466,EVS360-028,Saint Petersburg,2033-03-07T16:50,2033-03-08T07:00,2.5
CLEAN-007467,EVS360-010,Moscow,2033-03-07T17:20,2033-03-08T08:00,2.5
CLEAN-007468,EVS360-029,Saint Petersburg,2033-03-07T17:20,2033-03-08T07:15,2.5
CLEAN-007469,EVS360-011,Moscow,2033-03-07T18:10,2033-03-08T08:30,2.5
CLEAN-007470,EVS360-030,Saint Petersburg,2033-03-07T18:10,2033-03-08T07:30,2.5
CLEAN-007471,EVS360-012,Moscow,2033-03-07T18:50,2033-03-08T09:00,2.5
CLEAN-007472,EVS360-031,Saint Petersburg,2033-03-07T18:50,2033-03-08T08:00,2.5
CLEAN-007473,EVS360-013,Moscow,2033-03-07T19:20,2033-03-08T09:30,2.5
CLEAN-007474,EVS360-014,Moscow,2033-03-07T19:50,2033-03-08T10:00,2.5
CLEAN-007475,EVS360-032,Saint Petersburg,2033-03-07T19:50,2033-03-08T08:30,2.5
CLEAN-007476,EVS360-015,Moscow,2033-03-07T20:10,2033-03-08T10:15,2.5
CLEAN-007477,EVS360-033,Saint Petersburg,2033-03-07T20:10,2033-03-08T09:00,2.5
CLEAN-007478,EVS360-016,Moscow,2033-03-07T20:35,2033-03-08T10:30,2.5
CLEAN-007479,EVS360-034,Saint Petersburg,2033-03-07T20:35,2033-03-08T09:30,2.5
CLEAN-007480,EVS360-017,Moscow,2033-03-07T20:50,2033-03-08T11:00,2.5
CLEAN-007481,EVS360-035,Saint Petersburg,2033-03-07T20:50,2033-03-08T10:00,2.5
CLEAN-007482,EVS360-018,Moscow,2033-03-07T21:20,2033-03-08T11:30,2.5
CLEAN-007483,EVS360-036,Saint Petersburg,2033-03-07T21:20,2033-03-08T10:15,2.5
CLEAN-007484,EVS360-019,Moscow,2033-03-07T21:50,2033-03-08T12:00,2.5
CLEAN-007485,EVS360-037,Saint Petersburg,2033-03-07T21:50,2033-03-08T10:30,2.5
CLEAN-007486,EVS360-020,Moscow,2033-03-07T22:10,2033-03-08T12:30,2.5
CLEAN-007487,EVS360-038,Saint Petersburg,2033-03-07T22:10,2033-03-08T11:00,2.5
CLEAN-007488,EVS360-039,Saint Petersburg,2033-03-07T22:35,2033-03-08T11:30,2.5
CLEAN-007489,EVS360-001,Moscow,2033-03-09T16:50,2033-03-10T07:30,2.5
CLEAN-007490,EVS360-002,Moscow,2033-03-09T17:20,2033-03-10T08:00,2.5
CLEAN-007491,EVS360-021,Saint Petersburg,2033-03-09T17:20,2033-03-10T07:15,2.5
CLEAN-007492,EVS360-003,Moscow,2033-03-09T18:10,2033-03-10T08:30,2.5
CLEAN-007493,EVS360-022,Saint Petersburg,2033-03-09T18:10,2033-03-10T07:30,2.5
CLEAN-007494,EVS360-004,Moscow,2033-03-09T18:50,2033-03-10T09:00,2.5
CLEAN-007495,EVS360-023,Saint Petersburg,2033-03-09T18:50,2033-03-10T08:00,2.5
CLEAN-007496,EVS360-005,Moscow,2033-03-09T19:20,2033-03-10T09:30,2.5
CLEAN-007497,EVS360-006,Moscow,2033-03-09T19:50,2033-03-10T10:00,2.5
CLEAN-007498,EVS360-024,Saint Petersburg,2033-03-09T19:50,2033-03-10T08:30,2.5
CLEAN-007499,EVS360-007,Moscow,2033-03-09T20:10,2033-03-10T10:15,2.5
CLEAN-007500,EVS360-025,Saint Petersburg,2033-03-09T20:10,2033-03-10T09:00,2.5
CLEAN-007501,EVS360-008,Moscow,2033-03-09T20:35,2033-03-10T10:30,2.5
CLEAN-007502,EVS360-026,Saint Petersburg,2033-03-09T20:35,2033-03-10T09:30,2.5
CLEAN-007503,EVS360-009,Moscow,2033-03-09T20:50,2033-03-10T11:00,2.5
CLEAN-007504,EVS360-027,Saint Petersburg,2033-03-09T20:50,2033-03-10T10:00,2.5
CLEAN-007505,EVS360-010,Moscow,2033-03-09T21:20,2033-03-10T11:30,2.5
CLEAN-007506,EVS360-028,Saint Petersburg,2033-03-09T21:20,2033-03-10T10:15,2.5
CLEAN-007507,EVS360-011,Moscow,2033-03-09T21:50,2033-03-10T12:00,2.5
CLEAN-007508,EVS360-029,Saint Petersburg,2033-03-09T21:50,2033-03-10T10:30,2.5
CLEAN-007509,EVS360-012,Moscow,2033-03-09T22:10,2033-03-10T12:30,2.5
CLEAN-007510,EVS360-030,Saint Petersburg,2033-03-09T22:10,2033-03-10T11:00,2.5
CLEAN-007511,EVS360-031,Saint Petersburg,2033-03-09T22:35,2033-03-10T11:30,2.5
CLEAN-007512,EVS360-013,Moscow,2033-03-09T22:50,2033-03-10T13:00,2.5
CLEAN-007513,EVS360-032,Saint Petersburg,2033-03-09T22:50,2033-03-10T12:00,2.5
CLEAN-007514,EVS360-014,Moscow,2033-03-09T23:20,2033-03-10T13:30,2.5
CLEAN-007515,EVS360-033,Saint Petersburg,2033-03-09T23:20,2033-03-10T12:30,2.5
CLEAN-007516,EVS360-015,Moscow,2033-03-09T23:50,2033-03-10T14:00,2.5
CLEAN-007517,EVS360-034,Saint Petersburg,2033-03-09T23:50,2033-03-10T13:00,2.5
CLEAN-007518,EVS360-016,Moscow,2033-03-10T00:10,2033-03-10T14:30,2.5
CLEAN-007519,EVS360-035,Saint Petersburg,2033-03-10T00:10,2033-03-10T14:00,2.5
CLEAN-007520,EVS360-017,Moscow,2033-03-10T08:10,2033-03-10T15:00,2.5
CLEAN-007521,EVS360-036,Saint Petersburg,2033-03-10T08:10,2033-03-10T14:30,2.5
CLEAN-007522,EVS360-018,Moscow,2033-03-10T08:35,2033-03-10T16:00,2.5
CLEAN-007523,EVS360-037,Saint Petersburg,2033-03-10T08:35,2033-03-10T15:00,2.5
CLEAN-007524,EVS360-019,Moscow,2033-03-10T08:50,2033-03-10T16:30,2.5
CLEAN-007525,EVS360-038,Saint Petersburg,2033-03-10T08:50,2033-03-10T16:00,2.5
CLEAN-007526,EVS360-020,Moscow,2033-03-10T09:20,2033-03-10T17:30,2.5
CLEAN-007527,EVS360-039,Saint Petersburg,2033-03-10T09:20,2033-03-10T16:30,2.5
CLEAN-007528,EVS360-001,Moscow,2033-03-11T20:50,2033-03-12T11:00,2.5
CLEAN-007529,EVS360-002,Moscow,2033-03-11T21:20,2033-03-12T11:30,2.5
CLEAN-007530,EVS360-003,Moscow,2033-03-11T21:50,2033-03-12T12:00,2.5
CLEAN-007531,EVS360-021,Saint Petersburg,2033-03-11T21:50,2033-03-12T10:30,2.5
CLEAN-007532,EVS360-004,Moscow,2033-03-11T22:10,2033-03-12T12:30,2.5
CLEAN-007533,EVS360-022,Saint Petersburg,2033-03-11T22:10,2033-03-12T11:00,2.5
CLEAN-007534,EVS360-023,Saint Petersburg,2033-03-11T22:35,2033-03-12T11:30,2.5
CLEAN-007535,EVS360-005,Moscow,2033-03-11T22:50,2033-03-12T13:00,2.5
CLEAN-007536,EVS360-024,Saint Petersburg,2033-03-11T22:50,2033-03-12T12:00,2.5
CLEAN-007537,EVS360-006,Moscow,2033-03-11T23:20,2033-03-12T13:30,2.5
CLEAN-007538,EVS360-025,Saint Petersburg,2033-03-11T23:20,2033-03-12T12:30,2.5
CLEAN-007539,EVS360-007,Moscow,2033-03-11T23:50,2033-03-12T14:00,2.5
CLEAN-007540,EVS360-026,Saint Petersburg,2033-03-11T23:50,2033-03-12T13:00,2.5
CLEAN-007541,EVS360-008,Moscow,2033-03-12T00:10,2033-03-12T14:30,2.5
CLEAN-007542,EVS360-027,Saint Petersburg,2033-03-12T00:10,2033-03-12T14:00,2.5
CLEAN-007543,EVS360-009,Moscow,2033-03-12T08:10,2033-03-12T15:00,2.5
CLEAN-007544,EVS360-028,Saint Petersburg,2033-03-12T08:10,2033-03-12T14:30,2.5
CLEAN-007545,EVS360-010,Moscow,2033-03-12T08:35,2033-03-12T16:00,2.5
CLEAN-007546,EVS360-029,Saint Petersburg,2033-03-12T08:35,2033-03-12T15:00,2.5
CLEAN-007547,EVS360-011,Moscow,2033-03-12T08:50,2033-03-12T16:30,2.5
CLEAN-007548,EVS360-030,Saint Petersburg,2033-03-12T08:50,2033-03-12T16:00,2.5
CLEAN-007549,EVS360-012,Moscow,2033-03-12T09:20,2033-03-12T17:30,2.5
CLEAN-007550,EVS360-031,Saint Petersburg,2033-03-12T09:20,2033-03-12T16:30,2.5
CLEAN-007551,EVS360-013,Moscow,2033-03-12T09:35,2033-03-12T18:00,2.5
CLEAN-007552,EVS360-014,Moscow,2033-03-12T09:50,2033-03-12T18:15,2.5
CLEAN-007553,EVS360-032,Saint Petersburg,2033-03-12T09:50,2033-03-12T17:00,2.5
CLEAN-007554,EVS360-015,Moscow,2033-03-12T10:10,2033-03-12T18:30,2.5
CLEAN-007555,EVS360-033,Saint Petersburg,2033-03-12T10:10,2033-03-12T17:30,2.5
CLEAN-007556,EVS360-016,Moscow,2033-03-12T10:50,2033-03-12T19:00,2.5
CLEAN-007557,EVS360-034,Saint Petersburg,2033-03-12T10:50,2033-03-12T18:00,2.5
CLEAN-007558,EVS360-017,Moscow,2033-03-12T11:20,2033-03-12T19:30,2.5
CLEAN-007559,EVS360-035,Saint Petersburg,2033-03-12T11:20,2033-03-12T18:15,2.5
CLEAN-007560,EVS360-018,Moscow,2033-03-12T11:50,2033-03-12T20:00,2.5
CLEAN-007561,EVS360-036,Saint Petersburg,2033-03-12T11:50,2033-03-12T18:30,2.5
CLEAN-007562,EVS360-019,Moscow,2033-03-12T12:10,2033-03-12T20:15,2.5
CLEAN-007563,EVS360-037,Saint Petersburg,2033-03-12T12:10,2033-03-12T19:00,2.5
CLEAN-007564,EVS360-020,Moscow,2033-03-12T12:35,2033-03-12T20:30,2.5
CLEAN-007565,EVS360-038,Saint Petersburg,2033-03-12T12:35,2033-03-12T19:30,2.5
CLEAN-007566,EVS360-039,Saint Petersburg,2033-03-12T12:50,2033-03-12T20:00,2.5
CLEAN-007567,EVS360-001,Moscow,2033-03-14T08:10,2033-03-14T15:00,2.5
CLEAN-007568,EVS360-002,Moscow,2033-03-14T08:35,2033-03-14T16:00,2.5
CLEAN-007569,EVS360-021,Saint Petersburg,2033-03-14T08:35,2033-03-14T15:00,2.5
CLEAN-007570,EVS360-003,Moscow,2033-03-14T08:50,2033-03-14T16:30,2.5
CLEAN-007571,EVS360-022,Saint Petersburg,2033-03-14T08:50,2033-03-14T16:00,2.5
CLEAN-007572,EVS360-004,Moscow,2033-03-14T09:20,2033-03-14T17:30,2.5
CLEAN-007573,EVS360-023,Saint Petersburg,2033-03-14T09:20,2033-03-14T16:30,2.5
CLEAN-007574,EVS360-005,Moscow,2033-03-14T09:35,2033-03-14T18:00,2.5
CLEAN-007575,EVS360-006,Moscow,2033-03-14T09:50,2033-03-14T18:15,2.5
CLEAN-007576,EVS360-024,Saint Petersburg,2033-03-14T09:50,2033-03-14T17:00,2.5
CLEAN-007577,EVS360-007,Moscow,2033-03-14T10:10,2033-03-14T18:30,2.5
CLEAN-007578,EVS360-025,Saint Petersburg,2033-03-14T10:10,2033-03-14T17:30,2.5
CLEAN-007579,EVS360-008,Moscow,2033-03-14T10:50,2033-03-14T19:00,2.5
CLEAN-007580,EVS360-026,Saint Petersburg,2033-03-14T10:50,2033-03-14T18:00,2.5
CLEAN-007581,EVS360-009,Moscow,2033-03-14T11:20,2033-03-14T19:30,2.5
CLEAN-007582,EVS360-027,Saint Petersburg,2033-03-14T11:20,2033-03-14T18:15,2.5
CLEAN-007583,EVS360-010,Moscow,2033-03-14T11:50,2033-03-14T20:00,2.5
CLEAN-007584,EVS360-028,Saint Petersburg,2033-03-14T11:50,2033-03-14T18:30,2.5
CLEAN-007585,EVS360-011,Moscow,2033-03-14T12:10,2033-03-14T20:15,2.5
CLEAN-007586,EVS360-029,Saint Petersburg,2033-03-14T12:10,2033-03-14T19:00,2.5
CLEAN-007587,EVS360-012,Moscow,2033-03-14T12:35,2033-03-14T20:30,2.5
CLEAN-007588,EVS360-030,Saint Petersburg,2033-03-14T12:35,2033-03-14T19:30,2.5
CLEAN-007589,EVS360-013,Moscow,2033-03-14T12:50,2033-03-14T21:00,2.5
CLEAN-007590,EVS360-031,Saint Petersburg,2033-03-14T12:50,2033-03-14T20:00,2.5
CLEAN-007591,EVS360-014,Moscow,2033-03-14T13:20,2033-03-14T21:30,2.5
CLEAN-007592,EVS360-032,Saint Petersburg,2033-03-14T13:20,2033-03-14T20:30,2.5
CLEAN-007593,EVS360-015,Moscow,2033-03-14T13:50,2033-03-14T22:00,2.5
CLEAN-007594,EVS360-033,Saint Petersburg,2033-03-14T13:50,2033-03-14T21:00,2.5
CLEAN-007595,EVS360-016,Moscow,2033-03-14T14:10,2033-03-15T06:00,2.5
CLEAN-007596,EVS360-034,Saint Petersburg,2033-03-14T14:10,2033-03-14T21:30,2.5
CLEAN-007597,EVS360-017,Moscow,2033-03-14T14:50,2033-03-15T06:15,2.5
CLEAN-007598,EVS360-035,Saint Petersburg,2033-03-14T14:50,2033-03-14T22:00,2.5
CLEAN-007599,EVS360-018,Moscow,2033-03-14T15:20,2033-03-15T06:30,2.5
CLEAN-007600,EVS360-036,Saint Petersburg,2033-03-14T15:20,2033-03-15T06:00,2.5
CLEAN-007601,EVS360-037,Saint Petersburg,2033-03-14T15:50,2033-03-15T06:15,2.5
CLEAN-007602,EVS360-019,Moscow,2033-03-14T16:10,2033-03-15T07:00,2.5
CLEAN-007603,EVS360-038,Saint Petersburg,2033-03-14T16:10,2033-03-15T06:30,2.5
CLEAN-007604,EVS360-020,Moscow,2033-03-14T16:50,2033-03-15T07:30,2.5
CLEAN-007605,EVS360-039,Saint Petersburg,2033-03-14T16:50,2033-03-15T07:00,2.5
CLEAN-007606,EVS360-001,Moscow,2033-03-16T11:20,2033-03-16T19:30,2.5
CLEAN-007607,EVS360-002,Moscow,2033-03-16T11:50,2033-03-16T20:00,2.5
CLEAN-007608,EVS360-003,Moscow,2033-03-16T12:10,2033-03-16T20:15,2.5
CLEAN-007609,EVS360-021,Saint Petersburg,2033-03-16T12:10,2033-03-16T19:00,2.5
CLEAN-007610,EVS360-004,Moscow,2033-03-16T12:35,2033-03-16T20:30,2.5
CLEAN-007611,EVS360-022,Saint Petersburg,2033-03-16T12:35,2033-03-16T19:30,2.5
CLEAN-007612,EVS360-005,Moscow,2033-03-16T12:50,2033-03-16T21:00,2.5
CLEAN-007613,EVS360-023,Saint Petersburg,2033-03-16T12:50,2033-03-16T20:00,2.5
CLEAN-007614,EVS360-006,Moscow,2033-03-16T13:20,2033-03-16T21:30,2.5
CLEAN-007615,EVS360-024,Saint Petersburg,2033-03-16T13:20,2033-03-16T20:30,2.5
CLEAN-007616,EVS360-007,Moscow,2033-03-16T13:50,2033-03-16T22:00,2.5
CLEAN-007617,EVS360-025,Saint Petersburg,2033-03-16T13:50,2033-03-16T21:00,2.5
CLEAN-007618,EVS360-008,Moscow,2033-03-16T14:10,2033-03-17T06:00,2.5
CLEAN-007619,EVS360-026,Saint Petersburg,2033-03-16T14:10,2033-03-16T21:30,2.5
CLEAN-007620,EVS360-009,Moscow,2033-03-16T14:50,2033-03-17T06:15,2.5
CLEAN-007621,EVS360-027,Saint Petersburg,2033-03-16T14:50,2033-03-16T22:00,2.5
CLEAN-007622,EVS360-010,Moscow,2033-03-16T15:20,2033-03-17T06:30,2.5
CLEAN-007623,EVS360-028,Saint Petersburg,2033-03-16T15:20,2033-03-17T06:00,2.5
CLEAN-007624,EVS360-029,Saint Petersburg,2033-03-16T15:50,2033-03-17T06:15,2.5
CLEAN-007625,EVS360-011,Moscow,2033-03-16T16:10,2033-03-17T07:00,2.5
CLEAN-007626,EVS360-030,Saint Petersburg,2033-03-16T16:10,2033-03-17T06:30,2.5
CLEAN-007627,EVS360-012,Moscow,2033-03-16T16:50,2033-03-17T07:30,2.5
CLEAN-007628,EVS360-031,Saint Petersburg,2033-03-16T16:50,2033-03-17T07:00,2.5
CLEAN-007629,EVS360-013,Moscow,2033-03-16T17:20,2033-03-17T08:00,2.5
CLEAN-007630,EVS360-032,Saint Petersburg,2033-03-16T17:20,2033-03-17T07:15,2.5
CLEAN-007631,EVS360-014,Moscow,2033-03-16T18:10,2033-03-17T08:30,2.5
CLEAN-007632,EVS360-033,Saint Petersburg,2033-03-16T18:10,2033-03-17T07:30,2.5
CLEAN-007633,EVS360-015,Moscow,2033-03-16T18:50,2033-03-17T09:00,2.5
CLEAN-007634,EVS360-034,Saint Petersburg,2033-03-16T18:50,2033-03-17T08:00,2.5
CLEAN-007635,EVS360-016,Moscow,2033-03-16T19:20,2033-03-17T09:30,2.5
CLEAN-007636,EVS360-017,Moscow,2033-03-16T19:50,2033-03-17T10:00,2.5
CLEAN-007637,EVS360-035,Saint Petersburg,2033-03-16T19:50,2033-03-17T08:30,2.5
CLEAN-007638,EVS360-018,Moscow,2033-03-16T20:10,2033-03-17T10:15,2.5
CLEAN-007639,EVS360-036,Saint Petersburg,2033-03-16T20:10,2033-03-17T09:00,2.5
CLEAN-007640,EVS360-019,Moscow,2033-03-16T20:35,2033-03-17T10:30,2.5
CLEAN-007641,EVS360-037,Saint Petersburg,2033-03-16T20:35,2033-03-17T09:30,2.5
CLEAN-007642,EVS360-020,Moscow,2033-03-16T20:50,2033-03-17T11:00,2.5
CLEAN-007643,EVS360-038,Saint Petersburg,2033-03-16T20:50,2033-03-17T10:00,2.5
CLEAN-007644,EVS360-039,Saint Petersburg,2033-03-16T21:20,2033-03-17T10:15,2.5
CLEAN-007645,EVS360-001,Moscow,2033-03-18T14:50,2033-03-19T06:15,2.5
CLEAN-007646,EVS360-002,Moscow,2033-03-18T15:20,2033-03-19T06:30,2.5
CLEAN-007647,EVS360-021,Saint Petersburg,2033-03-18T15:50,2033-03-19T06:15,2.5
CLEAN-007648,EVS360-003,Moscow,2033-03-18T16:10,2033-03-19T07:00,2.5
CLEAN-007649,EVS360-022,Saint Petersburg,2033-03-18T16:10,2033-03-19T06:30,2.5
CLEAN-007650,EVS360-004,Moscow,2033-03-18T16:50,2033-03-19T07:30,2.5
CLEAN-007651,EVS360-023,Saint Petersburg,2033-03-18T16:50,2033-03-19T07:00,2.5
CLEAN-007652,EVS360-005,Moscow,2033-03-18T17:20,2033-03-19T08:00,2.5
CLEAN-007653,EVS360-024,Saint Petersburg,2033-03-18T17:20,2033-03-19T07:15,2.5
CLEAN-007654,EVS360-006,Moscow,2033-03-18T18:10,2033-03-19T08:30,2.5
CLEAN-007655,EVS360-025,Saint Petersburg,2033-03-18T18:10,2033-03-19T07:30,2.5
CLEAN-007656,EVS360-007,Moscow,2033-03-18T18:50,2033-03-19T09:00,2.5
CLEAN-007657,EVS360-026,Saint Petersburg,2033-03-18T18:50,2033-03-19T08:00,2.5
CLEAN-007658,EVS360-008,Moscow,2033-03-18T19:20,2033-03-19T09:30,2.5
CLEAN-007659,EVS360-009,Moscow,2033-03-18T19:50,2033-03-19T10:00,2.5
CLEAN-007660,EVS360-027,Saint Petersburg,2033-03-18T19:50,2033-03-19T08:30,2.5
CLEAN-007661,EVS360-010,Moscow,2033-03-18T20:10,2033-03-19T10:15,2.5
CLEAN-007662,EVS360-028,Saint Petersburg,2033-03-18T20:10,2033-03-19T09:00,2.5
CLEAN-007663,EVS360-011,Moscow,2033-03-18T20:35,2033-03-19T10:30,2.5
CLEAN-007664,EVS360-029,Saint Petersburg,2033-03-18T20:35,2033-03-19T09:30,2.5
CLEAN-007665,EVS360-012,Moscow,2033-03-18T20:50,2033-03-19T11:00,2.5
CLEAN-007666,EVS360-030,Saint Petersburg,2033-03-18T20:50,2033-03-19T10:00,2.5
CLEAN-007667,EVS360-013,Moscow,2033-03-18T21:20,2033-03-19T11:30,2.5
CLEAN-007668,EVS360-031,Saint Petersburg,2033-03-18T21:20,2033-03-19T10:15,2.5
CLEAN-007669,EVS360-014,Moscow,2033-03-18T21:50,2033-03-19T12:00,2.5
CLEAN-007670,EVS360-032,Saint Petersburg,2033-03-18T21:50,2033-03-19T10:30,2.5
CLEAN-007671,EVS360-015,Moscow,2033-03-18T22:10,2033-03-19T12:30,2.5
CLEAN-007672,EVS360-033,Saint Petersburg,2033-03-18T22:10,2033-03-19T11:00,2.5
CLEAN-007673,EVS360-034,Saint Petersburg,2033-03-18T22:35,2033-03-19T11:30,2.5
CLEAN-007674,EVS360-016,Moscow,2033-03-18T22:50,2033-03-19T13:00,2.5
CLEAN-007675,EVS360-035,Saint Petersburg,2033-03-18T22:50,2033-03-19T12:00,2.5
CLEAN-007676,EVS360-017,Moscow,2033-03-18T23:20,2033-03-19T13:30,2.5
CLEAN-007677,EVS360-036,Saint Petersburg,2033-03-18T23:20,2033-03-19T12:30,2.5
CLEAN-007678,EVS360-018,Moscow,2033-03-18T23:50,2033-03-19T14:00,2.5
CLEAN-007679,EVS360-037,Saint Petersburg,2033-03-18T23:50,2033-03-19T13:00,2.5
CLEAN-007680,EVS360-019,Moscow,2033-03-19T00:10,2033-03-19T14:30,2.5
CLEAN-007681,EVS360-038,Saint Petersburg,2033-03-19T00:10,2033-03-19T14:00,2.5
CLEAN-007682,EVS360-020,Moscow,2033-03-19T08:10,2033-03-19T15:00,2.5
CLEAN-007683,EVS360-039,Saint Petersburg,2033-03-19T08:10,2033-03-19T14:30,2.5
CLEAN-007684,EVS360-001,Moscow,2033-03-20T19:50,2033-03-21T10:00,2.5
CLEAN-007685,EVS360-002,Moscow,2033-03-20T20:10,2033-03-21T10:15,2.5
CLEAN-007686,EVS360-003,Moscow,2033-03-20T20:35,2033-03-21T10:30,2.5
CLEAN-007687,EVS360-021,Saint Petersburg,2033-03-20T20:35,2033-03-21T09:30,2.5
CLEAN-007688,EVS360-004,Moscow,2033-03-20T20:50,2033-03-21T11:00,2.5
CLEAN-007689,EVS360-022,Saint Petersburg,2033-03-20T20:50,2033-03-21T10:00,2.5
CLEAN-007690,EVS360-005,Moscow,2033-03-20T21:20,2033-03-21T11:30,2.5
CLEAN-007691,EVS360-023,Saint Petersburg,2033-03-20T21:20,2033-03-21T10:15,2.5
CLEAN-007692,EVS360-006,Moscow,2033-03-20T21:50,2033-03-21T12:00,2.5
CLEAN-007693,EVS360-024,Saint Petersburg,2033-03-20T21:50,2033-03-21T10:30,2.5
CLEAN-007694,EVS360-007,Moscow,2033-03-20T22:10,2033-03-21T12:30,2.5
CLEAN-007695,EVS360-025,Saint Petersburg,2033-03-20T22:10,2033-03-21T11:00,2.5
CLEAN-007696,EVS360-026,Saint Petersburg,2033-03-20T22:35,2033-03-21T11:30,2.5
CLEAN-007697,EVS360-008,Moscow,2033-03-20T22:50,2033-03-21T13:00,2.5
CLEAN-007698,EVS360-027,Saint Petersburg,2033-03-20T22:50,2033-03-21T12:00,2.5
CLEAN-007699,EVS360-009,Moscow,2033-03-20T23:20,2033-03-21T13:30,2.5
CLEAN-007700,EVS360-028,Saint Petersburg,2033-03-20T23:20,2033-03-21T12:30,2.5
CLEAN-007701,EVS360-010,Moscow,2033-03-20T23:50,2033-03-21T14:00,2.5
CLEAN-007702,EVS360-029,Saint Petersburg,2033-03-20T23:50,2033-03-21T13:00,2.5
CLEAN-007703,EVS360-011,Moscow,2033-03-21T00:10,2033-03-21T14:30,2.5
CLEAN-007704,EVS360-030,Saint Petersburg,2033-03-21T00:10,2033-03-21T14:00,2.5
CLEAN-007705,EVS360-012,Moscow,2033-03-21T08:10,2033-03-21T15:00,2.5
CLEAN-007706,EVS360-031,Saint Petersburg,2033-03-21T08:10,2033-03-21T14:30,2.5
CLEAN-007707,EVS360-013,Moscow,2033-03-21T08:35,2033-03-21T16:00,2.5
CLEAN-007708,EVS360-032,Saint Petersburg,2033-03-21T08:35,2033-03-21T15:00,2.5
CLEAN-007709,EVS360-014,Moscow,2033-03-21T08:50,2033-03-21T16:30,2.5
CLEAN-007710,EVS360-033,Saint Petersburg,2033-03-21T08:50,2033-03-21T16:00,2.5
CLEAN-007711,EVS360-015,Moscow,2033-03-21T09:20,2033-03-21T17:30,2.5
CLEAN-007712,EVS360-034,Saint Petersburg,2033-03-21T09:20,2033-03-21T16:30,2.5
CLEAN-007713,EVS360-016,Moscow,2033-03-21T09:35,2033-03-21T18:00,2.5
CLEAN-007714,EVS360-017,Moscow,2033-03-21T09:50,2033-03-21T18:15,2.5
CLEAN-007715,EVS360-035,Saint Petersburg,2033-03-21T09:50,2033-03-21T17:00,2.5
CLEAN-007716,EVS360-018,Moscow,2033-03-21T10:10,2033-03-21T18:30,2.5
CLEAN-007717,EVS360-036,Saint Petersburg,2033-03-21T10:10,2033-03-21T17:30,2.5
CLEAN-007718,EVS360-019,Moscow,2033-03-21T10:50,2033-03-21T19:00,2.5
CLEAN-007719,EVS360-037,Saint Petersburg,2033-03-21T10:50,2033-03-21T18:00,2.5
CLEAN-007720,EVS360-020,Moscow,2033-03-21T11:20,2033-03-21T19:30,2.5
CLEAN-007721,EVS360-038,Saint Petersburg,2033-03-21T11:20,2033-03-21T18:15,2.5
CLEAN-007722,EVS360-039,Saint Petersburg,2033-03-21T11:50,2033-03-21T18:30,2.5
CLEAN-007723,EVS360-001,Moscow,2033-03-22T23:20,2033-03-23T13:30,2.5
CLEAN-007724,EVS360-002,Moscow,2033-03-22T23:50,2033-03-23T14:00,2.5
CLEAN-007725,EVS360-021,Saint Petersburg,2033-03-22T23:50,2033-03-23T13:00,2.5
CLEAN-007726,EVS360-003,Moscow,2033-03-23T00:10,2033-03-23T14:30,2.5
CLEAN-007727,EVS360-022,Saint Petersburg,2033-03-23T00:10,2033-03-23T14:00,2.5
CLEAN-007728,EVS360-004,Moscow,2033-03-23T08:10,2033-03-23T15:00,2.5
CLEAN-007729,EVS360-023,Saint Petersburg,2033-03-23T08:10,2033-03-23T14:30,2.5
CLEAN-007730,EVS360-005,Moscow,2033-03-23T08:35,2033-03-23T16:00,2.5
CLEAN-007731,EVS360-024,Saint Petersburg,2033-03-23T08:35,2033-03-23T15:00,2.5
CLEAN-007732,EVS360-006,Moscow,2033-03-23T08:50,2033-03-23T16:30,2.5
CLEAN-007733,EVS360-025,Saint Petersburg,2033-03-23T08:50,2033-03-23T16:00,2.5
CLEAN-007734,EVS360-007,Moscow,2033-03-23T09:20,2033-03-23T17:30,2.5
CLEAN-007735,EVS360-026,Saint Petersburg,2033-03-23T09:20,2033-03-23T16:30,2.5
CLEAN-007736,EVS360-008,Moscow,2033-03-23T09:35,2033-03-23T18:00,2.5
CLEAN-007737,EVS360-009,Moscow,2033-03-23T09:50,2033-03-23T18:15,2.5
CLEAN-007738,EVS360-027,Saint Petersburg,2033-03-23T09:50,2033-03-23T17:00,2.5
CLEAN-007739,EVS360-010,Moscow,2033-03-23T10:10,2033-03-23T18:30,2.5
CLEAN-007740,EVS360-028,Saint Petersburg,2033-03-23T10:10,2033-03-23T17:30,2.5
CLEAN-007741,EVS360-011,Moscow,2033-03-23T10:50,2033-03-23T19:00,2.5
CLEAN-007742,EVS360-029,Saint Petersburg,2033-03-23T10:50,2033-03-23T18:00,2.5
CLEAN-007743,EVS360-012,Moscow,2033-03-23T11:20,2033-03-23T19:30,2.5
CLEAN-007744,EVS360-030,Saint Petersburg,2033-03-23T11:20,2033-03-23T18:15,2.5
CLEAN-007745,EVS360-013,Moscow,2033-03-23T11:50,2033-03-23T20:00,2.5
CLEAN-007746,EVS360-031,Saint Petersburg,2033-03-23T11:50,2033-03-23T18:30,2.5
CLEAN-007747,EVS360-014,Moscow,2033-03-23T12:10,2033-03-23T20:15,2.5
CLEAN-007748,EVS360-032,Saint Petersburg,2033-03-23T12:10,2033-03-23T19:00,2.5
CLEAN-007749,EVS360-015,Moscow,2033-03-23T12:35,2033-03-23T20:30,2.5
CLEAN-007750,EVS360-033,Saint Petersburg,2033-03-23T12:35,2033-03-23T19:30,2.5
CLEAN-007751,EVS360-016,Moscow,2033-03-23T12:50,2033-03-23T21:00,2.5
CLEAN-007752,EVS360-034,Saint Petersburg,2033-03-23T12:50,2033-03-23T20:00,2.5
CLEAN-007753,EVS360-017,Moscow,2033-03-23T13:20,2033-03-23T21:30,2.5
CLEAN-007754,EVS360-035,Saint Petersburg,2033-03-23T13:20,2033-03-23T20:30,2.5
CLEAN-007755,EVS360-018,Moscow,2033-03-23T13:50,2033-03-23T22:00,2.5
CLEAN-007756,EVS360-036,Saint Petersburg,2033-03-23T13:50,2033-03-23T21:00,2.5
CLEAN-007757,EVS360-019,Moscow,2033-03-23T14:10,2033-03-24T06:00,2.5
CLEAN-007758,EVS360-037,Saint Petersburg,2033-03-23T14:10,2033-03-23T21:30,2.5
CLEAN-007759,EVS360-020,Moscow,2033-03-23T14:50,2033-03-24T06:15,2.5
CLEAN-007760,EVS360-038,Saint Petersburg,2033-03-23T14:50,2033-03-23T22:00,2.5
CLEAN-007761,EVS360-039,Saint Petersburg,2033-03-23T15:20,2033-03-24T06:00,2.5
CLEAN-007762,EVS360-001,Moscow,2033-03-25T09:50,2033-03-25T18:15,2.5
CLEAN-007763,EVS360-002,Moscow,2033-03-25T10:10,2033-03-25T18:30,2.5
CLEAN-007764,EVS360-003,Moscow,2033-03-25T10:50,2033-03-25T19:00,2.5
CLEAN-007765,EVS360-021,Saint Petersburg,2033-03-25T10:50,2033-03-25T18:00,2.5
CLEAN-007766,EVS360-004,Moscow,2033-03-25T11:20,2033-03-25T19:30,2.5
CLEAN-007767,EVS360-022,Saint Petersburg,2033-03-25T11:20,2033-03-25T18:15,2.5
CLEAN-007768,EVS360-005,Moscow,2033-03-25T11:50,2033-03-25T20:00,2.5
CLEAN-007769,EVS360-023,Saint Petersburg,2033-03-25T11:50,2033-03-25T18:30,2.5
CLEAN-007770,EVS360-006,Moscow,2033-03-25T12:10,2033-03-25T20:15,2.5
CLEAN-007771,EVS360-024,Saint Petersburg,2033-03-25T12:10,2033-03-25T19:00,2.5
CLEAN-007772,EVS360-007,Moscow,2033-03-25T12:35,2033-03-25T20:30,2.5
CLEAN-007773,EVS360-025,Saint Petersburg,2033-03-25T12:35,2033-03-25T19:30,2.5
CLEAN-007774,EVS360-008,Moscow,2033-03-25T12:50,2033-03-25T21:00,2.5
CLEAN-007775,EVS360-026,Saint Petersburg,2033-03-25T12:50,2033-03-25T20:00,2.5
CLEAN-007776,EVS360-009,Moscow,2033-03-25T13:20,2033-03-25T21:30,2.5
CLEAN-007777,EVS360-027,Saint Petersburg,2033-03-25T13:20,2033-03-25T20:30,2.5
CLEAN-007778,EVS360-010,Moscow,2033-03-25T13:50,2033-03-25T22:00,2.5
CLEAN-007779,EVS360-028,Saint Petersburg,2033-03-25T13:50,2033-03-25T21:00,2.5
CLEAN-007780,EVS360-011,Moscow,2033-03-25T14:10,2033-03-26T06:00,2.5
CLEAN-007781,EVS360-029,Saint Petersburg,2033-03-25T14:10,2033-03-25T21:30,2.5
CLEAN-007782,EVS360-012,Moscow,2033-03-25T14:50,2033-03-26T06:15,2.5
CLEAN-007783,EVS360-030,Saint Petersburg,2033-03-25T14:50,2033-03-25T22:00,2.5
CLEAN-007784,EVS360-013,Moscow,2033-03-25T15:20,2033-03-26T06:30,2.5
CLEAN-007785,EVS360-031,Saint Petersburg,2033-03-25T15:20,2033-03-26T06:00,2.5
CLEAN-007786,EVS360-032,Saint Petersburg,2033-03-25T15:50,2033-03-26T06:15,2.5
CLEAN-007787,EVS360-014,Moscow,2033-03-25T16:10,2033-03-26T07:00,2.5
CLEAN-007788,EVS360-033,Saint Petersburg,2033-03-25T16:10,2033-03-26T06:30,2.5
CLEAN-007789,EVS360-015,Moscow,2033-03-25T16:50,2033-03-26T07:30,2.5
CLEAN-007790,EVS360-034,Saint Petersburg,2033-03-25T16:50,2033-03-26T07:00,2.5
CLEAN-007791,EVS360-016,Moscow,2033-03-25T17:20,2033-03-26T08:00,2.5
CLEAN-007792,EVS360-035,Saint Petersburg,2033-03-25T17:20,2033-03-26T07:15,2.5
CLEAN-007793,EVS360-017,Moscow,2033-03-25T18:10,2033-03-26T08:30,2.5
CLEAN-007794,EVS360-036,Saint Petersburg,2033-03-25T18:10,2033-03-26T07:30,2.5
CLEAN-007795,EVS360-018,Moscow,2033-03-25T18:50,2033-03-26T09:00,2.5
CLEAN-007796,EVS360-037,Saint Petersburg,2033-03-25T18:50,2033-03-26T08:00,2.5
CLEAN-007797,EVS360-019,Moscow,2033-03-25T19:20,2033-03-26T09:30,2.5
CLEAN-007798,EVS360-020,Moscow,2033-03-25T19:50,2033-03-26T10:00,2.5
CLEAN-007799,EVS360-038,Saint Petersburg,2033-03-25T19:50,2033-03-26T08:30,2.5
CLEAN-007800,EVS360-039,Saint Petersburg,2033-03-25T20:10,2033-03-26T09:00,2.5
CLEAN-007801,EVS360-001,Moscow,2033-03-27T13:20,2033-03-27T21:30,2.5
CLEAN-007802,EVS360-002,Moscow,2033-03-27T13:50,2033-03-27T22:00,2.5
CLEAN-007803,EVS360-003,Moscow,2033-03-27T14:10,2033-03-28T06:00,2.5
CLEAN-007804,EVS360-021,Saint Petersburg,2033-03-27T14:10,2033-03-27T21:30,2.5
CLEAN-007805,EVS360-004,Moscow,2033-03-27T14:50,2033-03-28T06:15,2.5
CLEAN-007806,EVS360-022,Saint Petersburg,2033-03-27T14:50,2033-03-27T22:00,2.5
CLEAN-007807,EVS360-005,Moscow,2033-03-27T15:20,2033-03-28T06:30,2.5
CLEAN-007808,EVS360-023,Saint Petersburg,2033-03-27T15:20,2033-03-28T06:00,2.5
CLEAN-007809,EVS360-024,Saint Petersburg,2033-03-27T15:50,2033-03-28T06:15,2.5
CLEAN-007810,EVS360-006,Moscow,2033-03-27T16:10,2033-03-28T07:00,2.5
CLEAN-007811,EVS360-025,Saint Petersburg,2033-03-27T16:10,2033-03-28T06:30,2.5
CLEAN-007812,EVS360-007,Moscow,2033-03-27T16:50,2033-03-28T07:30,2.5
CLEAN-007813,EVS360-026,Saint Petersburg,2033-03-27T16:50,2033-03-28T07:00,2.5
CLEAN-007814,EVS360-008,Moscow,2033-03-27T17:20,2033-03-28T08:00,2.5
CLEAN-007815,EVS360-027,Saint Petersburg,2033-03-27T17:20,2033-03-28T07:15,2.5
CLEAN-007816,EVS360-009,Moscow,2033-03-27T18:10,2033-03-28T08:30,2.5
CLEAN-007817,EVS360-028,Saint Petersburg,2033-03-27T18:10,2033-03-28T07:30,2.5
CLEAN-007818,EVS360-010,Moscow,2033-03-27T18:50,2033-03-28T09:00,2.5
CLEAN-007819,EVS360-029,Saint Petersburg,2033-03-27T18:50,2033-03-28T08:00,2.5
CLEAN-007820,EVS360-011,Moscow,2033-03-27T19:20,2033-03-28T09:30,2.5
CLEAN-007821,EVS360-012,Moscow,2033-03-27T19:50,2033-03-28T10:00,2.5
CLEAN-007822,EVS360-030,Saint Petersburg,2033-03-27T19:50,2033-03-28T08:30,2.5
CLEAN-007823,EVS360-013,Moscow,2033-03-27T20:10,2033-03-28T10:15,2.5
CLEAN-007824,EVS360-031,Saint Petersburg,2033-03-27T20:10,2033-03-28T09:00,2.5
CLEAN-007825,EVS360-014,Moscow,2033-03-27T20:35,2033-03-28T10:30,2.5
CLEAN-007826,EVS360-032,Saint Petersburg,2033-03-27T20:35,2033-03-28T09:30,2.5
CLEAN-007827,EVS360-015,Moscow,2033-03-27T20:50,2033-03-28T11:00,2.5
CLEAN-007828,EVS360-033,Saint Petersburg,2033-03-27T20:50,2033-03-28T10:00,2.5
CLEAN-007829,EVS360-016,Moscow,2033-03-27T21:20,2033-03-28T11:30,2.5
CLEAN-007830,EVS360-034,Saint Petersburg,2033-03-27T21:20,2033-03-28T10:15,2.5
CLEAN-007831,EVS360-017,Moscow,2033-03-27T21:50,2033-03-28T12:00,2.5
CLEAN-007832,EVS360-035,Saint Petersburg,2033-03-27T21:50,2033-03-28T10:30,2.5
CLEAN-007833,EVS360-018,Moscow,2033-03-27T22:10,2033-03-28T12:30,2.5
CLEAN-007834,EVS360-036,Saint Petersburg,2033-03-27T22:10,2033-03-28T11:00,2.5
CLEAN-007835,EVS360-037,Saint Petersburg,2033-03-27T22:35,2033-03-28T11:30,2.5
CLEAN-007836,EVS360-019,Moscow,2033-03-27T22:50,2033-03-28T13:00,2.5
CLEAN-007837,EVS360-038,Saint Petersburg,2033-03-27T22:50,2033-03-28T12:00,2.5
CLEAN-007838,EVS360-020,Moscow,2033-03-27T23:20,2033-03-28T13:30,2.5
CLEAN-007839,EVS360-039,Saint Petersburg,2033-03-27T23:20,2033-03-28T12:30,2.5
CLEAN-007840,EVS360-001,Moscow,2033-03-29T18:10,2033-03-30T08:30,2.5
CLEAN-007841,EVS360-002,Moscow,2033-03-29T18:50,2033-03-30T09:00,2.5
CLEAN-007842,EVS360-021,Saint Petersburg,2033-03-29T18:50,2033-03-30T08:00,2.5
CLEAN-007843,EVS360-003,Moscow,2033-03-29T19:20,2033-03-30T09:30,2.5
CLEAN-007844,EVS360-004,Moscow,2033-03-29T19:50,2033-03-30T10:00,2.5
CLEAN-007845,EVS360-022,Saint Petersburg,2033-03-29T19:50,2033-03-30T08:30,2.5
CLEAN-007846,EVS360-005,Moscow,2033-03-29T20:10,2033-03-30T10:15,2.5
CLEAN-007847,EVS360-023,Saint Petersburg,2033-03-29T20:10,2033-03-30T09:00,2.5
CLEAN-007848,EVS360-006,Moscow,2033-03-29T20:35,2033-03-30T10:30,2.5
CLEAN-007849,EVS360-024,Saint Petersburg,2033-03-29T20:35,2033-03-30T09:30,2.5
CLEAN-007850,EVS360-007,Moscow,2033-03-29T20:50,2033-03-30T11:00,2.5
CLEAN-007851,EVS360-025,Saint Petersburg,2033-03-29T20:50,2033-03-30T10:00,2.5
CLEAN-007852,EVS360-008,Moscow,2033-03-29T21:20,2033-03-30T11:30,2.5
CLEAN-007853,EVS360-026,Saint Petersburg,2033-03-29T21:20,2033-03-30T10:15,2.5
CLEAN-007854,EVS360-009,Moscow,2033-03-29T21:50,2033-03-30T12:00,2.5
CLEAN-007855,EVS360-027,Saint Petersburg,2033-03-29T21:50,2033-03-30T10:30,2.5
CLEAN-007856,EVS360-010,Moscow,2033-03-29T22:10,2033-03-30T12:30,2.5
CLEAN-007857,EVS360-028,Saint Petersburg,2033-03-29T22:10,2033-03-30T11:00,2.5
CLEAN-007858,EVS360-029,Saint Petersburg,2033-03-29T22:35,2033-03-30T11:30,2.5
CLEAN-007859,EVS360-011,Moscow,2033-03-29T22:50,2033-03-30T13:00,2.5
CLEAN-007860,EVS360-030,Saint Petersburg,2033-03-29T22:50,2033-03-30T12:00,2.5
CLEAN-007861,EVS360-012,Moscow,2033-03-29T23:20,2033-03-30T13:30,2.5
CLEAN-007862,EVS360-031,Saint Petersburg,2033-03-29T23:20,2033-03-30T12:30,2.5
CLEAN-007863,EVS360-013,Moscow,2033-03-29T23:50,2033-03-30T14:00,2.5
CLEAN-007864,EVS360-032,Saint Petersburg,2033-03-29T23:50,2033-03-30T13:00,2.5
CLEAN-007865,EVS360-014,Moscow,2033-03-30T00:10,2033-03-30T14:30,2.5
CLEAN-007866,EVS360-033,Saint Petersburg,2033-03-30T00:10,2033-03-30T14:00,2.5
CLEAN-007867,EVS360-015,Moscow,2033-03-30T08:10,2033-03-30T15:00,2.5
CLEAN-007868,EVS360-034,Saint Petersburg,2033-03-30T08:10,2033-03-30T14:30,2.5
CLEAN-007869,EVS360-016,Moscow,2033-03-30T08:35,2033-03-30T16:00,2.5
CLEAN-007870,EVS360-035,Saint Petersburg,2033-03-30T08:35,2033-03-30T15:00,2.5
CLEAN-007871,EVS360-017,Moscow,2033-03-30T08:50,2033-03-30T16:30,2.5
CLEAN-007872,EVS360-036,Saint Petersburg,2033-03-30T08:50,2033-03-30T16:00,2.5
CLEAN-007873,EVS360-018,Moscow,2033-03-30T09:20,2033-03-30T17:30,2.5
CLEAN-007874,EVS360-037,Saint Petersburg,2033-03-30T09:20,2033-03-30T16:30,2.5
CLEAN-007875,EVS360-019,Moscow,2033-03-30T09:35,2033-03-30T18:00,2.5
CLEAN-007876,EVS360-020,Moscow,2033-03-30T09:50,2033-03-30T18:15,2.5
CLEAN-007877,EVS360-038,Saint Petersburg,2033-03-30T09:50,2033-03-30T17:00,2.5
CLEAN-007878,EVS360-039,Saint Petersburg,2033-03-30T10:10,2033-03-30T17:30,2.5
CLEAN-007879,EVS360-001,Moscow,2033-03-31T21:50,2033-04-01T12:00,2.5
CLEAN-007880,EVS360-002,Moscow,2033-03-31T22:10,2033-04-01T12:30,2.5
CLEAN-007881,EVS360-021,Saint Petersburg,2033-03-31T22:35,2033-04-01T11:30,2.5
CLEAN-007882,EVS360-003,Moscow,2033-03-31T22:50,2033-04-01T13:00,2.5
CLEAN-007883,EVS360-022,Saint Petersburg,2033-03-31T22:50,2033-04-01T12:00,2.5
CLEAN-007884,EVS360-004,Moscow,2033-03-31T23:20,2033-04-01T13:30,2.5
CLEAN-007885,EVS360-023,Saint Petersburg,2033-03-31T23:20,2033-04-01T12:30,2.5
CLEAN-007886,EVS360-005,Moscow,2033-03-31T23:50,2033-04-01T14:00,2.5
CLEAN-007887,EVS360-024,Saint Petersburg,2033-03-31T23:50,2033-04-01T13:00,2.5
CLEAN-007888,EVS360-006,Moscow,2033-04-01T00:10,2033-04-01T14:30,2.5
CLEAN-007889,EVS360-025,Saint Petersburg,2033-04-01T00:10,2033-04-01T14:00,2.5
CLEAN-007890,EVS360-007,Moscow,2033-04-01T08:10,2033-04-01T15:00,2.5
CLEAN-007891,EVS360-026,Saint Petersburg,2033-04-01T08:10,2033-04-01T14:30,2.5
CLEAN-007892,EVS360-008,Moscow,2033-04-01T08:35,2033-04-01T16:00,2.5
CLEAN-007893,EVS360-027,Saint Petersburg,2033-04-01T08:35,2033-04-01T15:00,2.5
CLEAN-007894,EVS360-009,Moscow,2033-04-01T08:50,2033-04-01T16:30,2.5
CLEAN-007895,EVS360-028,Saint Petersburg,2033-04-01T08:50,2033-04-01T16:00,2.5
CLEAN-007896,EVS360-010,Moscow,2033-04-01T09:20,2033-04-01T17:30,2.5
CLEAN-007897,EVS360-029,Saint Petersburg,2033-04-01T09:20,2033-04-01T16:30,2.5
CLEAN-007898,EVS360-011,Moscow,2033-04-01T09:35,2033-04-01T18:00,2.5
CLEAN-007899,EVS360-012,Moscow,2033-04-01T09:50,2033-04-01T18:15,2.5
CLEAN-007900,EVS360-030,Saint Petersburg,2033-04-01T09:50,2033-04-01T17:00,2.5
CLEAN-007901,EVS360-013,Moscow,2033-04-01T10:10,2033-04-01T18:30,2.5
CLEAN-007902,EVS360-031,Saint Petersburg,2033-04-01T10:10,2033-04-01T17:30,2.5
CLEAN-007903,EVS360-014,Moscow,2033-04-01T10:50,2033-04-01T19:00,2.5
CLEAN-007904,EVS360-032,Saint Petersburg,2033-04-01T10:50,2033-04-01T18:00,2.5
CLEAN-007905,EVS360-015,Moscow,2033-04-01T11:20,2033-04-01T19:30,2.5
CLEAN-007906,EVS360-033,Saint Petersburg,2033-04-01T11:20,2033-04-01T18:15,2.5
CLEAN-007907,EVS360-016,Moscow,2033-04-01T11:50,2033-04-01T20:00,2.5
CLEAN-007908,EVS360-034,Saint Petersburg,2033-04-01T11:50,2033-04-01T18:30,2.5
CLEAN-007909,EVS360-017,Moscow,2033-04-01T12:10,2033-04-01T20:15,2.5
CLEAN-007910,EVS360-035,Saint Petersburg,2033-04-01T12:10,2033-04-01T19:00,2.5
CLEAN-007911,EVS360-018,Moscow,2033-04-01T12:35,2033-04-01T20:30,2.5
CLEAN-007912,EVS360-036,Saint Petersburg,2033-04-01T12:35,2033-04-01T19:30,2.5
CLEAN-007913,EVS360-019,Moscow,2033-04-01T12:50,2033-04-01T21:00,2.5
CLEAN-007914,EVS360-037,Saint Petersburg,2033-04-01T12:50,2033-04-01T20:00,2.5
CLEAN-007915,EVS360-020,Moscow,2033-04-01T13:20,2033-04-01T21:30,2.5
CLEAN-007916,EVS360-038,Saint Petersburg,2033-04-01T13:20,2033-04-01T20:30,2.5
CLEAN-007917,EVS360-039,Saint Petersburg,2033-04-01T13:50,2033-04-01T21:00,2.5
CLEAN-007918,EVS360-001,Moscow,2033-04-03T08:50,2033-04-03T16:30,2.5
CLEAN-007919,EVS360-002,Moscow,2033-04-03T09:20,2033-04-03T17:30,2.5
CLEAN-007920,EVS360-021,Saint Petersburg,2033-04-03T09:20,2033-04-03T16:30,2.5
CLEAN-007921,EVS360-003,Moscow,2033-04-03T09:35,2033-04-03T18:00,2.5
CLEAN-007922,EVS360-004,Moscow,2033-04-03T09:50,2033-04-03T18:15,2.5
CLEAN-007923,EVS360-022,Saint Petersburg,2033-04-03T09:50,2033-04-03T17:00,2.5
CLEAN-007924,EVS360-005,Moscow,2033-04-03T10:10,2033-04-03T18:30,2.5
CLEAN-007925,EVS360-023,Saint Petersburg,2033-04-03T10:10,2033-04-03T17:30,2.5
CLEAN-007926,EVS360-006,Moscow,2033-04-03T10:50,2033-04-03T19:00,2.5
CLEAN-007927,EVS360-024,Saint Petersburg,2033-04-03T10:50,2033-04-03T18:00,2.5
CLEAN-007928,EVS360-007,Moscow,2033-04-03T11:20,2033-04-03T19:30,2.5
CLEAN-007929,EVS360-025,Saint Petersburg,2033-04-03T11:20,2033-04-03T18:15,2.5
CLEAN-007930,EVS360-008,Moscow,2033-04-03T11:50,2033-04-03T20:00,2.5
CLEAN-007931,EVS360-026,Saint Petersburg,2033-04-03T11:50,2033-04-03T18:30,2.5
CLEAN-007932,EVS360-009,Moscow,2033-04-03T12:10,2033-04-03T20:15,2.5
CLEAN-007933,EVS360-027,Saint Petersburg,2033-04-03T12:10,2033-04-03T19:00,2.5
CLEAN-007934,EVS360-010,Moscow,2033-04-03T12:35,2033-04-03T20:30,2.5
CLEAN-007935,EVS360-028,Saint Petersburg,2033-04-03T12:35,2033-04-03T19:30,2.5
CLEAN-007936,EVS360-011,Moscow,2033-04-03T12:50,2033-04-03T21:00,2.5
CLEAN-007937,EVS360-029,Saint Petersburg,2033-04-03T12:50,2033-04-03T20:00,2.5
CLEAN-007938,EVS360-012,Moscow,2033-04-03T13:20,2033-04-03T21:30,2.5
CLEAN-007939,EVS360-030,Saint Petersburg,2033-04-03T13:20,2033-04-03T20:30,2.5
CLEAN-007940,EVS360-013,Moscow,2033-04-03T13:50,2033-04-03T22:00,2.5
CLEAN-007941,EVS360-031,Saint Petersburg,2033-04-03T13:50,2033-04-03T21:00,2.5
CLEAN-007942,EVS360-014,Moscow,2033-04-03T14:10,2033-04-04T06:00,2.5
CLEAN-007943,EVS360-032,Saint Petersburg,2033-04-03T14:10,2033-04-03T21:30,2.5
CLEAN-007944,EVS360-015,Moscow,2033-04-03T14:50,2033-04-04T06:15,2.5
CLEAN-007945,EVS360-033,Saint Petersburg,2033-04-03T14:50,2033-04-03T22:00,2.5
CLEAN-007946,EVS360-016,Moscow,2033-04-03T15:20,2033-04-04T06:30,2.5
CLEAN-007947,EVS360-034,Saint Petersburg,2033-04-03T15:20,2033-04-04T06:00,2.5
CLEAN-007948,EVS360-035,Saint Petersburg,2033-04-03T15:50,2033-04-04T06:15,2.5
CLEAN-007949,EVS360-017,Moscow,2033-04-03T16:10,2033-04-04T07:00,2.5
CLEAN-007950,EVS360-036,Saint Petersburg,2033-04-03T16:10,2033-04-04T06:30,2.5
CLEAN-007951,EVS360-018,Moscow,2033-04-03T16:50,2033-04-04T07:30,2.5
CLEAN-007952,EVS360-037,Saint Petersburg,2033-04-03T16:50,2033-04-04T07:00,2.5
CLEAN-007953,EVS360-019,Moscow,2033-04-03T17:20,2033-04-04T08:00,2.5
CLEAN-007954,EVS360-038,Saint Petersburg,2033-04-03T17:20,2033-04-04T07:15,2.5
CLEAN-007955,EVS360-020,Moscow,2033-04-03T18:10,2033-04-04T08:30,2.5
CLEAN-007956,EVS360-039,Saint Petersburg,2033-04-03T18:10,2033-04-04T07:30,2.5
CLEAN-007957,EVS360-001,Moscow,2033-04-05T12:10,2033-04-05T20:15,2.5
CLEAN-007958,EVS360-002,Moscow,2033-04-05T12:35,2033-04-05T20:30,2.5
CLEAN-007959,EVS360-003,Moscow,2033-04-05T12:50,2033-04-05T21:00,2.5
CLEAN-007960,EVS360-021,Saint Petersburg,2033-04-05T12:50,2033-04-05T20:00,2.5
CLEAN-007961,EVS360-004,Moscow,2033-04-05T13:20,2033-04-05T21:30,2.5
CLEAN-007962,EVS360-022,Saint Petersburg,2033-04-05T13:20,2033-04-05T20:30,2.5
CLEAN-007963,EVS360-005,Moscow,2033-04-05T13:50,2033-04-05T22:00,2.5
CLEAN-007964,EVS360-023,Saint Petersburg,2033-04-05T13:50,2033-04-05T21:00,2.5
CLEAN-007965,EVS360-006,Moscow,2033-04-05T14:10,2033-04-06T06:00,2.5
CLEAN-007966,EVS360-024,Saint Petersburg,2033-04-05T14:10,2033-04-05T21:30,2.5
CLEAN-007967,EVS360-007,Moscow,2033-04-05T14:50,2033-04-06T06:15,2.5
CLEAN-007968,EVS360-025,Saint Petersburg,2033-04-05T14:50,2033-04-05T22:00,2.5
CLEAN-007969,EVS360-008,Moscow,2033-04-05T15:20,2033-04-06T06:30,2.5
CLEAN-007970,EVS360-026,Saint Petersburg,2033-04-05T15:20,2033-04-06T06:00,2.5
CLEAN-007971,EVS360-027,Saint Petersburg,2033-04-05T15:50,2033-04-06T06:15,2.5
CLEAN-007972,EVS360-009,Moscow,2033-04-05T16:10,2033-04-06T07:00,2.5
CLEAN-007973,EVS360-028,Saint Petersburg,2033-04-05T16:10,2033-04-06T06:30,2.5
CLEAN-007974,EVS360-010,Moscow,2033-04-05T16:50,2033-04-06T07:30,2.5
CLEAN-007975,EVS360-029,Saint Petersburg,2033-04-05T16:50,2033-04-06T07:00,2.5
CLEAN-007976,EVS360-011,Moscow,2033-04-05T17:20,2033-04-06T08:00,2.5
CLEAN-007977,EVS360-030,Saint Petersburg,2033-04-05T17:20,2033-04-06T07:15,2.5
CLEAN-007978,EVS360-012,Moscow,2033-04-05T18:10,2033-04-06T08:30,2.5
CLEAN-007979,EVS360-031,Saint Petersburg,2033-04-05T18:10,2033-04-06T07:30,2.5
CLEAN-007980,EVS360-013,Moscow,2033-04-05T18:50,2033-04-06T09:00,2.5
CLEAN-007981,EVS360-032,Saint Petersburg,2033-04-05T18:50,2033-04-06T08:00,2.5
CLEAN-007982,EVS360-014,Moscow,2033-04-05T19:20,2033-04-06T09:30,2.5
CLEAN-007983,EVS360-015,Moscow,2033-04-05T19:50,2033-04-06T10:00,2.5
CLEAN-007984,EVS360-033,Saint Petersburg,2033-04-05T19:50,2033-04-06T08:30,2.5
CLEAN-007985,EVS360-016,Moscow,2033-04-05T20:10,2033-04-06T10:15,2.5
CLEAN-007986,EVS360-034,Saint Petersburg,2033-04-05T20:10,2033-04-06T09:00,2.5
CLEAN-007987,EVS360-017,Moscow,2033-04-05T20:35,2033-04-06T10:30,2.5
CLEAN-007988,EVS360-035,Saint Petersburg,2033-04-05T20:35,2033-04-06T09:30,2.5
CLEAN-007989,EVS360-018,Moscow,2033-04-05T20:50,2033-04-06T11:00,2.5
CLEAN-007990,EVS360-036,Saint Petersburg,2033-04-05T20:50,2033-04-06T10:00,2.5
CLEAN-007991,EVS360-019,Moscow,2033-04-05T21:20,2033-04-06T11:30,2.5
CLEAN-007992,EVS360-037,Saint Petersburg,2033-04-05T21:20,2033-04-06T10:15,2.5
CLEAN-007993,EVS360-020,Moscow,2033-04-05T21:50,2033-04-06T12:00,2.5
CLEAN-007994,EVS360-038,Saint Petersburg,2033-04-05T21:50,2033-04-06T10:30,2.5
CLEAN-007995,EVS360-039,Saint Petersburg,2033-04-05T22:10,2033-04-06T11:00,2.5
CLEAN-007996,EVS360-001,Moscow,2033-04-07T16:10,2033-04-08T07:00,2.5
CLEAN-007997,EVS360-002,Moscow,2033-04-07T16:50,2033-04-08T07:30,2.5
CLEAN-007998,EVS360-021,Saint Petersburg,2033-04-07T16:50,2033-04-08T07:00,2.5
CLEAN-007999,EVS360-003,Moscow,2033-04-07T17:20,2033-04-08T08:00,2.5
CLEAN-008000,EVS360-022,Saint Petersburg,2033-04-07T17:20,2033-04-08T07:15,2.5
CLEAN-008001,EVS360-004,Moscow,2033-04-07T18:10,2033-04-08T08:30,2.5
CLEAN-008002,EVS360-023,Saint Petersburg,2033-04-07T18:10,2033-04-08T07:30,2.5
CLEAN-008003,EVS360-005,Moscow,2033-04-07T18:50,2033-04-08T09:00,2.5
CLEAN-008004,EVS360-024,Saint Petersburg,2033-04-07T18:50,2033-04-08T08:00,2.5
CLEAN-008005,EVS360-006,Moscow,2033-04-07T19:20,2033-04-08T09:30,2.5
CLEAN-008006,EVS360-007,Moscow,2033-04-07T19:50,2033-04-08T10:00,2.5
CLEAN-008007,EVS360-025,Saint Petersburg,2033-04-07T19:50,2033-04-08T08:30,2.5
CLEAN-008008,EVS360-008,Moscow,2033-04-07T20:10,2033-04-08T10:15,2.5
CLEAN-008009,EVS360-026,Saint Petersburg,2033-04-07T20:10,2033-04-08T09:00,2.5
CLEAN-008010,EVS360-009,Moscow,2033-04-07T20:35,2033-04-08T10:30,2.5
CLEAN-008011,EVS360-027,Saint Petersburg,2033-04-07T20:35,2033-04-08T09:30,2.5
CLEAN-008012,EVS360-010,Moscow,2033-04-07T20:50,2033-04-08T11:00,2.5
CLEAN-008013,EVS360-028,Saint Petersburg,2033-04-07T20:50,2033-04-08T10:00,2.5
CLEAN-008014,EVS360-011,Moscow,2033-04-07T21:20,2033-04-08T11:30,2.5
CLEAN-008015,EVS360-029,Saint Petersburg,2033-04-07T21:20,2033-04-08T10:15,2.5
CLEAN-008016,EVS360-012,Moscow,2033-04-07T21:50,2033-04-08T12:00,2.5
CLEAN-008017,EVS360-030,Saint Petersburg,2033-04-07T21:50,2033-04-08T10:30,2.5
CLEAN-008018,EVS360-013,Moscow,2033-04-07T22:10,2033-04-08T12:30,2.5
CLEAN-008019,EVS360-031,Saint Petersburg,2033-04-07T22:10,2033-04-08T11:00,2.5
CLEAN-008020,EVS360-032,Saint Petersburg,2033-04-07T22:35,2033-04-08T11:30,2.5
CLEAN-008021,EVS360-014,Moscow,2033-04-07T22:50,2033-04-08T13:00,2.5
CLEAN-008022,EVS360-033,Saint Petersburg,2033-04-07T22:50,2033-04-08T12:00,2.5
CLEAN-008023,EVS360-015,Moscow,2033-04-07T23:20,2033-04-08T13:30,2.5
CLEAN-008024,EVS360-034,Saint Petersburg,2033-04-07T23:20,2033-04-08T12:30,2.5
CLEAN-008025,EVS360-016,Moscow,2033-04-07T23:50,2033-04-08T14:00,2.5
CLEAN-008026,EVS360-035,Saint Petersburg,2033-04-07T23:50,2033-04-08T13:00,2.5
CLEAN-008027,EVS360-017,Moscow,2033-04-08T00:10,2033-04-08T14:30,2.5
CLEAN-008028,EVS360-036,Saint Petersburg,2033-04-08T00:10,2033-04-08T14:00,2.5
CLEAN-008029,EVS360-018,Moscow,2033-04-08T08:10,2033-04-08T15:00,2.5
CLEAN-008030,EVS360-037,Saint Petersburg,2033-04-08T08:10,2033-04-08T14:30,2.5
CLEAN-008031,EVS360-019,Moscow,2033-04-08T08:35,2033-04-08T16:00,2.5
CLEAN-008032,EVS360-038,Saint Petersburg,2033-04-08T08:35,2033-04-08T15:00,2.5
CLEAN-008033,EVS360-020,Moscow,2033-04-08T08:50,2033-04-08T16:30,2.5
CLEAN-008034,EVS360-039,Saint Petersburg,2033-04-08T08:50,2033-04-08T16:00,2.5
CLEAN-008035,EVS360-001,Moscow,2033-04-09T20:35,2033-04-10T10:30,2.5
CLEAN-008036,EVS360-002,Moscow,2033-04-09T20:50,2033-04-10T11:00,2.5
CLEAN-008037,EVS360-003,Moscow,2033-04-09T21:20,2033-04-10T11:30,2.5
CLEAN-008038,EVS360-021,Saint Petersburg,2033-04-09T21:20,2033-04-10T10:15,2.5
CLEAN-008039,EVS360-004,Moscow,2033-04-09T21:50,2033-04-10T12:00,2.5
CLEAN-008040,EVS360-022,Saint Petersburg,2033-04-09T21:50,2033-04-10T10:30,2.5
CLEAN-008041,EVS360-005,Moscow,2033-04-09T22:10,2033-04-10T12:30,2.5
CLEAN-008042,EVS360-023,Saint Petersburg,2033-04-09T22:10,2033-04-10T11:00,2.5
CLEAN-008043,EVS360-024,Saint Petersburg,2033-04-09T22:35,2033-04-10T11:30,2.5
CLEAN-008044,EVS360-006,Moscow,2033-04-09T22:50,2033-04-10T13:00,2.5
CLEAN-008045,EVS360-025,Saint Petersburg,2033-04-09T22:50,2033-04-10T12:00,2.5
CLEAN-008046,EVS360-007,Moscow,2033-04-09T23:20,2033-04-10T13:30,2.5
CLEAN-008047,EVS360-026,Saint Petersburg,2033-04-09T23:20,2033-04-10T12:30,2.5
CLEAN-008048,EVS360-008,Moscow,2033-04-09T23:50,2033-04-10T14:00,2.5
CLEAN-008049,EVS360-027,Saint Petersburg,2033-04-09T23:50,2033-04-10T13:00,2.5
CLEAN-008050,EVS360-009,Moscow,2033-04-10T00:10,2033-04-10T14:30,2.5
CLEAN-008051,EVS360-028,Saint Petersburg,2033-04-10T00:10,2033-04-10T14:00,2.5
CLEAN-008052,EVS360-010,Moscow,2033-04-10T08:10,2033-04-10T15:00,2.5
CLEAN-008053,EVS360-029,Saint Petersburg,2033-04-10T08:10,2033-04-10T14:30,2.5
CLEAN-008054,EVS360-011,Moscow,2033-04-10T08:35,2033-04-10T16:00,2.5
CLEAN-008055,EVS360-030,Saint Petersburg,2033-04-10T08:35,2033-04-10T15:00,2.5
CLEAN-008056,EVS360-012,Moscow,2033-04-10T08:50,2033-04-10T16:30,2.5
CLEAN-008057,EVS360-031,Saint Petersburg,2033-04-10T08:50,2033-04-10T16:00,2.5
CLEAN-008058,EVS360-013,Moscow,2033-04-10T09:20,2033-04-10T17:30,2.5
CLEAN-008059,EVS360-032,Saint Petersburg,2033-04-10T09:20,2033-04-10T16:30,2.5
CLEAN-008060,EVS360-014,Moscow,2033-04-10T09:35,2033-04-10T18:00,2.5
CLEAN-008061,EVS360-015,Moscow,2033-04-10T09:50,2033-04-10T18:15,2.5
CLEAN-008062,EVS360-033,Saint Petersburg,2033-04-10T09:50,2033-04-10T17:00,2.5
CLEAN-008063,EVS360-016,Moscow,2033-04-10T10:10,2033-04-10T18:30,2.5
CLEAN-008064,EVS360-034,Saint Petersburg,2033-04-10T10:10,2033-04-10T17:30,2.5
CLEAN-008065,EVS360-017,Moscow,2033-04-10T10:50,2033-04-10T19:00,2.5
CLEAN-008066,EVS360-035,Saint Petersburg,2033-04-10T10:50,2033-04-10T18:00,2.5
CLEAN-008067,EVS360-018,Moscow,2033-04-10T11:20,2033-04-10T19:30,2.5
CLEAN-008068,EVS360-036,Saint Petersburg,2033-04-10T11:20,2033-04-10T18:15,2.5
CLEAN-008069,EVS360-019,Moscow,2033-04-10T11:50,2033-04-10T20:00,2.5
CLEAN-008070,EVS360-037,Saint Petersburg,2033-04-10T11:50,2033-04-10T18:30,2.5
CLEAN-008071,EVS360-020,Moscow,2033-04-10T12:10,2033-04-10T20:15,2.5
CLEAN-008072,EVS360-038,Saint Petersburg,2033-04-10T12:10,2033-04-10T19:00,2.5
CLEAN-008073,EVS360-039,Saint Petersburg,2033-04-10T12:35,2033-04-10T19:30,2.5
CLEAN-008074,EVS360-001,Moscow,2033-04-12T00:10,2033-04-12T14:30,2.5
CLEAN-008075,EVS360-002,Moscow,2033-04-12T08:10,2033-04-12T15:00,2.5
CLEAN-008076,EVS360-021,Saint Petersburg,2033-04-12T08:10,2033-04-12T14:30,2.5
CLEAN-008077,EVS360-003,Moscow,2033-04-12T08:35,2033-04-12T16:00,2.5
CLEAN-008078,EVS360-022,Saint Petersburg,2033-04-12T08:35,2033-04-12T15:00,2.5
CLEAN-008079,EVS360-004,Moscow,2033-04-12T08:50,2033-04-12T16:30,2.5
CLEAN-008080,EVS360-023,Saint Petersburg,2033-04-12T08:50,2033-04-12T16:00,2.5
CLEAN-008081,EVS360-005,Moscow,2033-04-12T09:20,2033-04-12T17:30,2.5
CLEAN-008082,EVS360-024,Saint Petersburg,2033-04-12T09:20,2033-04-12T16:30,2.5
CLEAN-008083,EVS360-006,Moscow,2033-04-12T09:35,2033-04-12T18:00,2.5
CLEAN-008084,EVS360-007,Moscow,2033-04-12T09:50,2033-04-12T18:15,2.5
CLEAN-008085,EVS360-025,Saint Petersburg,2033-04-12T09:50,2033-04-12T17:00,2.5
CLEAN-008086,EVS360-008,Moscow,2033-04-12T10:10,2033-04-12T18:30,2.5
CLEAN-008087,EVS360-026,Saint Petersburg,2033-04-12T10:10,2033-04-12T17:30,2.5
CLEAN-008088,EVS360-009,Moscow,2033-04-12T10:50,2033-04-12T19:00,2.5
CLEAN-008089,EVS360-027,Saint Petersburg,2033-04-12T10:50,2033-04-12T18:00,2.5
CLEAN-008090,EVS360-010,Moscow,2033-04-12T11:20,2033-04-12T19:30,2.5
CLEAN-008091,EVS360-028,Saint Petersburg,2033-04-12T11:20,2033-04-12T18:15,2.5
CLEAN-008092,EVS360-011,Moscow,2033-04-12T11:50,2033-04-12T20:00,2.5
CLEAN-008093,EVS360-029,Saint Petersburg,2033-04-12T11:50,2033-04-12T18:30,2.5
CLEAN-008094,EVS360-012,Moscow,2033-04-12T12:10,2033-04-12T20:15,2.5
CLEAN-008095,EVS360-030,Saint Petersburg,2033-04-12T12:10,2033-04-12T19:00,2.5
CLEAN-008096,EVS360-013,Moscow,2033-04-12T12:35,2033-04-12T20:30,2.5
CLEAN-008097,EVS360-031,Saint Petersburg,2033-04-12T12:35,2033-04-12T19:30,2.5
CLEAN-008098,EVS360-014,Moscow,2033-04-12T12:50,2033-04-12T21:00,2.5
CLEAN-008099,EVS360-032,Saint Petersburg,2033-04-12T12:50,2033-04-12T20:00,2.5
CLEAN-008100,EVS360-015,Moscow,2033-04-12T13:20,2033-04-12T21:30,2.5
CLEAN-008101,EVS360-033,Saint Petersburg,2033-04-12T13:20,2033-04-12T20:30,2.5
CLEAN-008102,EVS360-016,Moscow,2033-04-12T13:50,2033-04-12T22:00,2.5
CLEAN-008103,EVS360-034,Saint Petersburg,2033-04-12T13:50,2033-04-12T21:00,2.5
CLEAN-008104,EVS360-017,Moscow,2033-04-12T14:10,2033-04-13T06:00,2.5
CLEAN-008105,EVS360-035,Saint Petersburg,2033-04-12T14:10,2033-04-12T21:30,2.5
CLEAN-008106,EVS360-018,Moscow,2033-04-12T14:50,2033-04-13T06:15,2.5
CLEAN-008107,EVS360-036,Saint Petersburg,2033-04-12T14:50,2033-04-12T22:00,2.5
CLEAN-008108,EVS360-019,Moscow,2033-04-12T15:20,2033-04-13T06:30,2.5
CLEAN-008109,EVS360-037,Saint Petersburg,2033-04-12T15:20,2033-04-13T06:00,2.5
CLEAN-008110,EVS360-038,Saint Petersburg,2033-04-12T15:50,2033-04-13T06:15,2.5
CLEAN-008111,EVS360-020,Moscow,2033-04-12T16:10,2033-04-13T07:00,2.5
CLEAN-008112,EVS360-039,Saint Petersburg,2033-04-12T16:10,2033-04-13T06:30,2.5
CLEAN-008113,EVS360-001,Moscow,2033-04-14T10:50,2033-04-14T19:00,2.5
CLEAN-008114,EVS360-002,Moscow,2033-04-14T11:20,2033-04-14T19:30,2.5
CLEAN-008115,EVS360-003,Moscow,2033-04-14T11:50,2033-04-14T20:00,2.5
CLEAN-008116,EVS360-021,Saint Petersburg,2033-04-14T11:50,2033-04-14T18:30,2.5
CLEAN-008117,EVS360-004,Moscow,2033-04-14T12:10,2033-04-14T20:15,2.5
CLEAN-008118,EVS360-022,Saint Petersburg,2033-04-14T12:10,2033-04-14T19:00,2.5
CLEAN-008119,EVS360-005,Moscow,2033-04-14T12:35,2033-04-14T20:30,2.5
CLEAN-008120,EVS360-023,Saint Petersburg,2033-04-14T12:35,2033-04-14T19:30,2.5
CLEAN-008121,EVS360-006,Moscow,2033-04-14T12:50,2033-04-14T21:00,2.5
CLEAN-008122,EVS360-024,Saint Petersburg,2033-04-14T12:50,2033-04-14T20:00,2.5
CLEAN-008123,EVS360-007,Moscow,2033-04-14T13:20,2033-04-14T21:30,2.5
CLEAN-008124,EVS360-025,Saint Petersburg,2033-04-14T13:20,2033-04-14T20:30,2.5
CLEAN-008125,EVS360-008,Moscow,2033-04-14T13:50,2033-04-14T22:00,2.5
CLEAN-008126,EVS360-026,Saint Petersburg,2033-04-14T13:50,2033-04-14T21:00,2.5
CLEAN-008127,EVS360-009,Moscow,2033-04-14T14:10,2033-04-15T06:00,2.5
CLEAN-008128,EVS360-027,Saint Petersburg,2033-04-14T14:10,2033-04-14T21:30,2.5
CLEAN-008129,EVS360-010,Moscow,2033-04-14T14:50,2033-04-15T06:15,2.5
CLEAN-008130,EVS360-028,Saint Petersburg,2033-04-14T14:50,2033-04-14T22:00,2.5
CLEAN-008131,EVS360-011,Moscow,2033-04-14T15:20,2033-04-15T06:30,2.5
CLEAN-008132,EVS360-029,Saint Petersburg,2033-04-14T15:20,2033-04-15T06:00,2.5
CLEAN-008133,EVS360-030,Saint Petersburg,2033-04-14T15:50,2033-04-15T06:15,2.5
CLEAN-008134,EVS360-012,Moscow,2033-04-14T16:10,2033-04-15T07:00,2.5
CLEAN-008135,EVS360-031,Saint Petersburg,2033-04-14T16:10,2033-04-15T06:30,2.5
CLEAN-008136,EVS360-013,Moscow,2033-04-14T16:50,2033-04-15T07:30,2.5
CLEAN-008137,EVS360-032,Saint Petersburg,2033-04-14T16:50,2033-04-15T07:00,2.5
CLEAN-008138,EVS360-014,Moscow,2033-04-14T17:20,2033-04-15T08:00,2.5
CLEAN-008139,EVS360-033,Saint Petersburg,2033-04-14T17:20,2033-04-15T07:15,2.5
CLEAN-008140,EVS360-015,Moscow,2033-04-14T18:10,2033-04-15T08:30,2.5
CLEAN-008141,EVS360-034,Saint Petersburg,2033-04-14T18:10,2033-04-15T07:30,2.5
CLEAN-008142,EVS360-016,Moscow,2033-04-14T18:50,2033-04-15T09:00,2.5
CLEAN-008143,EVS360-035,Saint Petersburg,2033-04-14T18:50,2033-04-15T08:00,2.5
CLEAN-008144,EVS360-017,Moscow,2033-04-14T19:20,2033-04-15T09:30,2.5
CLEAN-008145,EVS360-018,Moscow,2033-04-14T19:50,2033-04-15T10:00,2.5
CLEAN-008146,EVS360-036,Saint Petersburg,2033-04-14T19:50,2033-04-15T08:30,2.5
CLEAN-008147,EVS360-019,Moscow,2033-04-14T20:10,2033-04-15T10:15,2.5
CLEAN-008148,EVS360-037,Saint Petersburg,2033-04-14T20:10,2033-04-15T09:00,2.5
CLEAN-008149,EVS360-020,Moscow,2033-04-14T20:35,2033-04-15T10:30,2.5
CLEAN-008150,EVS360-038,Saint Petersburg,2033-04-14T20:35,2033-04-15T09:30,2.5
CLEAN-008151,EVS360-039,Saint Petersburg,2033-04-14T20:50,2033-04-15T10:00,2.5
CLEAN-008152,EVS360-001,Moscow,2033-04-16T14:10,2033-04-17T06:00,2.5
CLEAN-008153,EVS360-002,Moscow,2033-04-16T14:50,2033-04-17T06:15,2.5
CLEAN-008154,EVS360-003,Moscow,2033-04-16T15:20,2033-04-17T06:30,2.5
CLEAN-008155,EVS360-021,Saint Petersburg,2033-04-16T15:20,2033-04-17T06:00,2.5
CLEAN-008156,EVS360-022,Saint Petersburg,2033-04-16T15:50,2033-04-17T06:15,2.5
CLEAN-008157,EVS360-004,Moscow,2033-04-16T16:10,2033-04-17T07:00,2.5
CLEAN-008158,EVS360-023,Saint Petersburg,2033-04-16T16:10,2033-04-17T06:30,2.5
CLEAN-008159,EVS360-005,Moscow,2033-04-16T16:50,2033-04-17T07:30,2.5
CLEAN-008160,EVS360-024,Saint Petersburg,2033-04-16T16:50,2033-04-17T07:00,2.5
CLEAN-008161,EVS360-006,Moscow,2033-04-16T17:20,2033-04-17T08:00,2.5
CLEAN-008162,EVS360-025,Saint Petersburg,2033-04-16T17:20,2033-04-17T07:15,2.5
CLEAN-008163,EVS360-007,Moscow,2033-04-16T18:10,2033-04-17T08:30,2.5
CLEAN-008164,EVS360-026,Saint Petersburg,2033-04-16T18:10,2033-04-17T07:30,2.5
CLEAN-008165,EVS360-008,Moscow,2033-04-16T18:50,2033-04-17T09:00,2.5
CLEAN-008166,EVS360-027,Saint Petersburg,2033-04-16T18:50,2033-04-17T08:00,2.5
CLEAN-008167,EVS360-009,Moscow,2033-04-16T19:20,2033-04-17T09:30,2.5
CLEAN-008168,EVS360-010,Moscow,2033-04-16T19:50,2033-04-17T10:00,2.5
CLEAN-008169,EVS360-028,Saint Petersburg,2033-04-16T19:50,2033-04-17T08:30,2.5
CLEAN-008170,EVS360-011,Moscow,2033-04-16T20:10,2033-04-17T10:15,2.5
CLEAN-008171,EVS360-029,Saint Petersburg,2033-04-16T20:10,2033-04-17T09:00,2.5
CLEAN-008172,EVS360-012,Moscow,2033-04-16T20:35,2033-04-17T10:30,2.5
CLEAN-008173,EVS360-030,Saint Petersburg,2033-04-16T20:35,2033-04-17T09:30,2.5
CLEAN-008174,EVS360-013,Moscow,2033-04-16T20:50,2033-04-17T11:00,2.5
CLEAN-008175,EVS360-031,Saint Petersburg,2033-04-16T20:50,2033-04-17T10:00,2.5
CLEAN-008176,EVS360-014,Moscow,2033-04-16T21:20,2033-04-17T11:30,2.5
CLEAN-008177,EVS360-032,Saint Petersburg,2033-04-16T21:20,2033-04-17T10:15,2.5
CLEAN-008178,EVS360-015,Moscow,2033-04-16T21:50,2033-04-17T12:00,2.5
CLEAN-008179,EVS360-033,Saint Petersburg,2033-04-16T21:50,2033-04-17T10:30,2.5
CLEAN-008180,EVS360-016,Moscow,2033-04-16T22:10,2033-04-17T12:30,2.5
CLEAN-008181,EVS360-034,Saint Petersburg,2033-04-16T22:10,2033-04-17T11:00,2.5
CLEAN-008182,EVS360-035,Saint Petersburg,2033-04-16T22:35,2033-04-17T11:30,2.5
CLEAN-008183,EVS360-017,Moscow,2033-04-16T22:50,2033-04-17T13:00,2.5
CLEAN-008184,EVS360-036,Saint Petersburg,2033-04-16T22:50,2033-04-17T12:00,2.5
CLEAN-008185,EVS360-018,Moscow,2033-04-16T23:20,2033-04-17T13:30,2.5
CLEAN-008186,EVS360-037,Saint Petersburg,2033-04-16T23:20,2033-04-17T12:30,2.5
CLEAN-008187,EVS360-019,Moscow,2033-04-16T23:50,2033-04-17T14:00,2.5
CLEAN-008188,EVS360-038,Saint Petersburg,2033-04-16T23:50,2033-04-17T13:00,2.5
CLEAN-008189,EVS360-020,Moscow,2033-04-17T00:10,2033-04-17T14:30,2.5
CLEAN-008190,EVS360-039,Saint Petersburg,2033-04-17T00:10,2033-04-17T14:00,2.5
CLEAN-008191,EVS360-001,Moscow,2033-04-18T19:20,2033-04-19T09:30,2.5
CLEAN-008192,EVS360-002,Moscow,2033-04-18T19:50,2033-04-19T10:00,2.5
CLEAN-008193,EVS360-003,Moscow,2033-04-18T20:10,2033-04-19T10:15,2.5
CLEAN-008194,EVS360-021,Saint Petersburg,2033-04-18T20:10,2033-04-19T09:00,2.5
CLEAN-008195,EVS360-004,Moscow,2033-04-18T20:35,2033-04-19T10:30,2.5
CLEAN-008196,EVS360-022,Saint Petersburg,2033-04-18T20:35,2033-04-19T09:30,2.5
CLEAN-008197,EVS360-005,Moscow,2033-04-18T20:50,2033-04-19T11:00,2.5
CLEAN-008198,EVS360-023,Saint Petersburg,2033-04-18T20:50,2033-04-19T10:00,2.5
CLEAN-008199,EVS360-006,Moscow,2033-04-18T21:20,2033-04-19T11:30,2.5
CLEAN-008200,EVS360-024,Saint Petersburg,2033-04-18T21:20,2033-04-19T10:15,2.5
CLEAN-008201,EVS360-007,Moscow,2033-04-18T21:50,2033-04-19T12:00,2.5
CLEAN-008202,EVS360-025,Saint Petersburg,2033-04-18T21:50,2033-04-19T10:30,2.5
CLEAN-008203,EVS360-008,Moscow,2033-04-18T22:10,2033-04-19T12:30,2.5
CLEAN-008204,EVS360-026,Saint Petersburg,2033-04-18T22:10,2033-04-19T11:00,2.5
CLEAN-008205,EVS360-027,Saint Petersburg,2033-04-18T22:35,2033-04-19T11:30,2.5
CLEAN-008206,EVS360-009,Moscow,2033-04-18T22:50,2033-04-19T13:00,2.5
CLEAN-008207,EVS360-028,Saint Petersburg,2033-04-18T22:50,2033-04-19T12:00,2.5
CLEAN-008208,EVS360-010,Moscow,2033-04-18T23:20,2033-04-19T13:30,2.5
CLEAN-008209,EVS360-029,Saint Petersburg,2033-04-18T23:20,2033-04-19T12:30,2.5
CLEAN-008210,EVS360-011,Moscow,2033-04-18T23:50,2033-04-19T14:00,2.5
CLEAN-008211,EVS360-030,Saint Petersburg,2033-04-18T23:50,2033-04-19T13:00,2.5
CLEAN-008212,EVS360-012,Moscow,2033-04-19T00:10,2033-04-19T14:30,2.5
CLEAN-008213,EVS360-031,Saint Petersburg,2033-04-19T00:10,2033-04-19T14:00,2.5
CLEAN-008214,EVS360-013,Moscow,2033-04-19T08:10,2033-04-19T15:00,2.5
CLEAN-008215,EVS360-032,Saint Petersburg,2033-04-19T08:10,2033-04-19T14:30,2.5
CLEAN-008216,EVS360-014,Moscow,2033-04-19T08:35,2033-04-19T16:00,2.5
CLEAN-008217,EVS360-033,Saint Petersburg,2033-04-19T08:35,2033-04-19T15:00,2.5
CLEAN-008218,EVS360-015,Moscow,2033-04-19T08:50,2033-04-19T16:30,2.5
CLEAN-008219,EVS360-034,Saint Petersburg,2033-04-19T08:50,2033-04-19T16:00,2.5
CLEAN-008220,EVS360-016,Moscow,2033-04-19T09:20,2033-04-19T17:30,2.5
CLEAN-008221,EVS360-035,Saint Petersburg,2033-04-19T09:20,2033-04-19T16:30,2.5
CLEAN-008222,EVS360-017,Moscow,2033-04-19T09:35,2033-04-19T18:00,2.5
CLEAN-008223,EVS360-018,Moscow,2033-04-19T09:50,2033-04-19T18:15,2.5
CLEAN-008224,EVS360-036,Saint Petersburg,2033-04-19T09:50,2033-04-19T17:00,2.5
CLEAN-008225,EVS360-019,Moscow,2033-04-19T10:10,2033-04-19T18:30,2.5
CLEAN-008226,EVS360-037,Saint Petersburg,2033-04-19T10:10,2033-04-19T17:30,2.5
CLEAN-008227,EVS360-020,Moscow,2033-04-19T10:50,2033-04-19T19:00,2.5
CLEAN-008228,EVS360-038,Saint Petersburg,2033-04-19T10:50,2033-04-19T18:00,2.5
CLEAN-008229,EVS360-039,Saint Petersburg,2033-04-19T11:20,2033-04-19T18:15,2.5
CLEAN-008230,EVS360-001,Moscow,2033-04-20T22:50,2033-04-21T13:00,2.5
CLEAN-008231,EVS360-002,Moscow,2033-04-20T23:20,2033-04-21T13:30,2.5
CLEAN-008232,EVS360-021,Saint Petersburg,2033-04-20T23:20,2033-04-21T12:30,2.5
CLEAN-008233,EVS360-003,Moscow,2033-04-20T23:50,2033-04-21T14:00,2.5
CLEAN-008234,EVS360-022,Saint Petersburg,2033-04-20T23:50,2033-04-21T13:00,2.5
CLEAN-008235,EVS360-004,Moscow,2033-04-21T00:10,2033-04-21T14:30,2.5
CLEAN-008236,EVS360-023,Saint Petersburg,2033-04-21T00:10,2033-04-21T14:00,2.5
CLEAN-008237,EVS360-005,Moscow,2033-04-21T08:10,2033-04-21T15:00,2.5
CLEAN-008238,EVS360-024,Saint Petersburg,2033-04-21T08:10,2033-04-21T14:30,2.5
CLEAN-008239,EVS360-006,Moscow,2033-04-21T08:35,2033-04-21T16:00,2.5
CLEAN-008240,EVS360-025,Saint Petersburg,2033-04-21T08:35,2033-04-21T15:00,2.5
CLEAN-008241,EVS360-007,Moscow,2033-04-21T08:50,2033-04-21T16:30,2.5
CLEAN-008242,EVS360-026,Saint Petersburg,2033-04-21T08:50,2033-04-21T16:00,2.5
CLEAN-008243,EVS360-008,Moscow,2033-04-21T09:20,2033-04-21T17:30,2.5
CLEAN-008244,EVS360-027,Saint Petersburg,2033-04-21T09:20,2033-04-21T16:30,2.5
CLEAN-008245,EVS360-009,Moscow,2033-04-21T09:35,2033-04-21T18:00,2.5
CLEAN-008246,EVS360-010,Moscow,2033-04-21T09:50,2033-04-21T18:15,2.5
CLEAN-008247,EVS360-028,Saint Petersburg,2033-04-21T09:50,2033-04-21T17:00,2.5
CLEAN-008248,EVS360-011,Moscow,2033-04-21T10:10,2033-04-21T18:30,2.5
CLEAN-008249,EVS360-029,Saint Petersburg,2033-04-21T10:10,2033-04-21T17:30,2.5
CLEAN-008250,EVS360-012,Moscow,2033-04-21T10:50,2033-04-21T19:00,2.5
CLEAN-008251,EVS360-030,Saint Petersburg,2033-04-21T10:50,2033-04-21T18:00,2.5
CLEAN-008252,EVS360-013,Moscow,2033-04-21T11:20,2033-04-21T19:30,2.5
CLEAN-008253,EVS360-031,Saint Petersburg,2033-04-21T11:20,2033-04-21T18:15,2.5
CLEAN-008254,EVS360-014,Moscow,2033-04-21T11:50,2033-04-21T20:00,2.5
CLEAN-008255,EVS360-032,Saint Petersburg,2033-04-21T11:50,2033-04-21T18:30,2.5
CLEAN-008256,EVS360-015,Moscow,2033-04-21T12:10,2033-04-21T20:15,2.5
CLEAN-008257,EVS360-033,Saint Petersburg,2033-04-21T12:10,2033-04-21T19:00,2.5
CLEAN-008258,EVS360-016,Moscow,2033-04-21T12:35,2033-04-21T20:30,2.5
CLEAN-008259,EVS360-034,Saint Petersburg,2033-04-21T12:35,2033-04-21T19:30,2.5
CLEAN-008260,EVS360-017,Moscow,2033-04-21T12:50,2033-04-21T21:00,2.5
CLEAN-008261,EVS360-035,Saint Petersburg,2033-04-21T12:50,2033-04-21T20:00,2.5
CLEAN-008262,EVS360-018,Moscow,2033-04-21T13:20,2033-04-21T21:30,2.5
CLEAN-008263,EVS360-036,Saint Petersburg,2033-04-21T13:20,2033-04-21T20:30,2.5
CLEAN-008264,EVS360-019,Moscow,2033-04-21T13:50,2033-04-21T22:00,2.5
CLEAN-008265,EVS360-037,Saint Petersburg,2033-04-21T13:50,2033-04-21T21:00,2.5
CLEAN-008266,EVS360-020,Moscow,2033-04-21T14:10,2033-04-22T06:00,2.5
CLEAN-008267,EVS360-038,Saint Petersburg,2033-04-21T14:10,2033-04-21T21:30,2.5
CLEAN-008268,EVS360-039,Saint Petersburg,2033-04-21T14:50,2033-04-21T22:00,2.5
CLEAN-008269,EVS360-001,Moscow,2033-04-23T09:35,2033-04-23T18:00,2.5
CLEAN-008270,EVS360-002,Moscow,2033-04-23T09:50,2033-04-23T18:15,2.5
CLEAN-008271,EVS360-003,Moscow,2033-04-23T10:10,2033-04-23T18:30,2.5
CLEAN-008272,EVS360-021,Saint Petersburg,2033-04-23T10:10,2033-04-23T17:30,2.5
CLEAN-008273,EVS360-004,Moscow,2033-04-23T10:50,2033-04-23T19:00,2.5
CLEAN-008274,EVS360-022,Saint Petersburg,2033-04-23T10:50,2033-04-23T18:00,2.5
CLEAN-008275,EVS360-005,Moscow,2033-04-23T11:20,2033-04-23T19:30,2.5
CLEAN-008276,EVS360-023,Saint Petersburg,2033-04-23T11:20,2033-04-23T18:15,2.5
CLEAN-008277,EVS360-006,Moscow,2033-04-23T11:50,2033-04-23T20:00,2.5
CLEAN-008278,EVS360-024,Saint Petersburg,2033-04-23T11:50,2033-04-23T18:30,2.5
CLEAN-008279,EVS360-007,Moscow,2033-04-23T12:10,2033-04-23T20:15,2.5
CLEAN-008280,EVS360-025,Saint Petersburg,2033-04-23T12:10,2033-04-23T19:00,2.5
CLEAN-008281,EVS360-008,Moscow,2033-04-23T12:35,2033-04-23T20:30,2.5
CLEAN-008282,EVS360-026,Saint Petersburg,2033-04-23T12:35,2033-04-23T19:30,2.5
CLEAN-008283,EVS360-009,Moscow,2033-04-23T12:50,2033-04-23T21:00,2.5
CLEAN-008284,EVS360-027,Saint Petersburg,2033-04-23T12:50,2033-04-23T20:00,2.5
CLEAN-008285,EVS360-010,Moscow,2033-04-23T13:20,2033-04-23T21:30,2.5
CLEAN-008286,EVS360-028,Saint Petersburg,2033-04-23T13:20,2033-04-23T20:30,2.5
CLEAN-008287,EVS360-011,Moscow,2033-04-23T13:50,2033-04-23T22:00,2.5
CLEAN-008288,EVS360-029,Saint Petersburg,2033-04-23T13:50,2033-04-23T21:00,2.5
CLEAN-008289,EVS360-012,Moscow,2033-04-23T14:10,2033-04-24T06:00,2.5
CLEAN-008290,EVS360-030,Saint Petersburg,2033-04-23T14:10,2033-04-23T21:30,2.5
CLEAN-008291,EVS360-013,Moscow,2033-04-23T14:50,2033-04-24T06:15,2.5
CLEAN-008292,EVS360-031,Saint Petersburg,2033-04-23T14:50,2033-04-23T22:00,2.5
CLEAN-008293,EVS360-014,Moscow,2033-04-23T15:20,2033-04-24T06:30,2.5
CLEAN-008294,EVS360-032,Saint Petersburg,2033-04-23T15:20,2033-04-24T06:00,2.5
CLEAN-008295,EVS360-033,Saint Petersburg,2033-04-23T15:50,2033-04-24T06:15,2.5
CLEAN-008296,EVS360-015,Moscow,2033-04-23T16:10,2033-04-24T07:00,2.5
CLEAN-008297,EVS360-034,Saint Petersburg,2033-04-23T16:10,2033-04-24T06:30,2.5
CLEAN-008298,EVS360-016,Moscow,2033-04-23T16:50,2033-04-24T07:30,2.5
CLEAN-008299,EVS360-035,Saint Petersburg,2033-04-23T16:50,2033-04-24T07:00,2.5
CLEAN-008300,EVS360-017,Moscow,2033-04-23T17:20,2033-04-24T08:00,2.5
CLEAN-008301,EVS360-036,Saint Petersburg,2033-04-23T17:20,2033-04-24T07:15,2.5
CLEAN-008302,EVS360-018,Moscow,2033-04-23T18:10,2033-04-24T08:30,2.5
CLEAN-008303,EVS360-037,Saint Petersburg,2033-04-23T18:10,2033-04-24T07:30,2.5
CLEAN-008304,EVS360-019,Moscow,2033-04-23T18:50,2033-04-24T09:00,2.5
CLEAN-008305,EVS360-038,Saint Petersburg,2033-04-23T18:50,2033-04-24T08:00,2.5
CLEAN-008306,EVS360-020,Moscow,2033-04-23T19:20,2033-04-24T09:30,2.5
CLEAN-008307,EVS360-039,Saint Petersburg,2033-04-23T19:50,2033-04-24T08:30,2.5
CLEAN-008308,EVS360-001,Moscow,2033-04-25T12:50,2033-04-25T21:00,2.5
CLEAN-008309,EVS360-002,Moscow,2033-04-25T13:20,2033-04-25T21:30,2.5
CLEAN-008310,EVS360-003,Moscow,2033-04-25T13:50,2033-04-25T22:00,2.5
CLEAN-008311,EVS360-021,Saint Petersburg,2033-04-25T13:50,2033-04-25T21:00,2.5
CLEAN-008312,EVS360-004,Moscow,2033-04-25T14:10,2033-04-26T06:00,2.5
CLEAN-008313,EVS360-022,Saint Petersburg,2033-04-25T14:10,2033-04-25T21:30,2.5
CLEAN-008314,EVS360-005,Moscow,2033-04-25T14:50,2033-04-26T06:15,2.5
CLEAN-008315,EVS360-023,Saint Petersburg,2033-04-25T14:50,2033-04-25T22:00,2.5
CLEAN-008316,EVS360-006,Moscow,2033-04-25T15:20,2033-04-26T06:30,2.5
CLEAN-008317,EVS360-024,Saint Petersburg,2033-04-25T15:20,2033-04-26T06:00,2.5
CLEAN-008318,EVS360-025,Saint Petersburg,2033-04-25T15:50,2033-04-26T06:15,2.5
CLEAN-008319,EVS360-007,Moscow,2033-04-25T16:10,2033-04-26T07:00,2.5
CLEAN-008320,EVS360-026,Saint Petersburg,2033-04-25T16:10,2033-04-26T06:30,2.5
CLEAN-008321,EVS360-008,Moscow,2033-04-25T16:50,2033-04-26T07:30,2.5
CLEAN-008322,EVS360-027,Saint Petersburg,2033-04-25T16:50,2033-04-26T07:00,2.5
CLEAN-008323,EVS360-009,Moscow,2033-04-25T17:20,2033-04-26T08:00,2.5
CLEAN-008324,EVS360-028,Saint Petersburg,2033-04-25T17:20,2033-04-26T07:15,2.5
CLEAN-008325,EVS360-010,Moscow,2033-04-25T18:10,2033-04-26T08:30,2.5
CLEAN-008326,EVS360-029,Saint Petersburg,2033-04-25T18:10,2033-04-26T07:30,2.5
CLEAN-008327,EVS360-011,Moscow,2033-04-25T18:50,2033-04-26T09:00,2.5
CLEAN-008328,EVS360-030,Saint Petersburg,2033-04-25T18:50,2033-04-26T08:00,2.5
CLEAN-008329,EVS360-012,Moscow,2033-04-25T19:20,2033-04-26T09:30,2.5
CLEAN-008330,EVS360-013,Moscow,2033-04-25T19:50,2033-04-26T10:00,2.5
CLEAN-008331,EVS360-031,Saint Petersburg,2033-04-25T19:50,2033-04-26T08:30,2.5
CLEAN-008332,EVS360-014,Moscow,2033-04-25T20:10,2033-04-26T10:15,2.5
CLEAN-008333,EVS360-032,Saint Petersburg,2033-04-25T20:10,2033-04-26T09:00,2.5
CLEAN-008334,EVS360-015,Moscow,2033-04-25T20:35,2033-04-26T10:30,2.5
CLEAN-008335,EVS360-033,Saint Petersburg,2033-04-25T20:35,2033-04-26T09:30,2.5
CLEAN-008336,EVS360-016,Moscow,2033-04-25T20:50,2033-04-26T11:00,2.5
CLEAN-008337,EVS360-034,Saint Petersburg,2033-04-25T20:50,2033-04-26T10:00,2.5
CLEAN-008338,EVS360-017,Moscow,2033-04-25T21:20,2033-04-26T11:30,2.5
CLEAN-008339,EVS360-035,Saint Petersburg,2033-04-25T21:20,2033-04-26T10:15,2.5
CLEAN-008340,EVS360-018,Moscow,2033-04-25T21:50,2033-04-26T12:00,2.5
CLEAN-008341,EVS360-036,Saint Petersburg,2033-04-25T21:50,2033-04-26T10:30,2.5
CLEAN-008342,EVS360-019,Moscow,2033-04-25T22:10,2033-04-26T12:30,2.5
CLEAN-008343,EVS360-037,Saint Petersburg,2033-04-25T22:10,2033-04-26T11:00,2.5
CLEAN-008344,EVS360-038,Saint Petersburg,2033-04-25T22:35,2033-04-26T11:30,2.5
CLEAN-008345,EVS360-020,Moscow,2033-04-25T22:50,2033-04-26T13:00,2.5
CLEAN-008346,EVS360-039,Saint Petersburg,2033-04-25T22:50,2033-04-26T12:00,2.5
CLEAN-008347,EVS360-001,Moscow,2033-04-27T17:20,2033-04-28T08:00,2.5
CLEAN-008348,EVS360-002,Moscow,2033-04-27T18:10,2033-04-28T08:30,2.5
CLEAN-008349,EVS360-021,Saint Petersburg,2033-04-27T18:10,2033-04-28T07:30,2.5
CLEAN-008350,EVS360-003,Moscow,2033-04-27T18:50,2033-04-28T09:00,2.5
CLEAN-008351,EVS360-022,Saint Petersburg,2033-04-27T18:50,2033-04-28T08:00,2.5
CLEAN-008352,EVS360-004,Moscow,2033-04-27T19:20,2033-04-28T09:30,2.5
CLEAN-008353,EVS360-005,Moscow,2033-04-27T19:50,2033-04-28T10:00,2.5
CLEAN-008354,EVS360-023,Saint Petersburg,2033-04-27T19:50,2033-04-28T08:30,2.5
CLEAN-008355,EVS360-006,Moscow,2033-04-27T20:10,2033-04-28T10:15,2.5
CLEAN-008356,EVS360-024,Saint Petersburg,2033-04-27T20:10,2033-04-28T09:00,2.5
CLEAN-008357,EVS360-007,Moscow,2033-04-27T20:35,2033-04-28T10:30,2.5
CLEAN-008358,EVS360-025,Saint Petersburg,2033-04-27T20:35,2033-04-28T09:30,2.5
CLEAN-008359,EVS360-008,Moscow,2033-04-27T20:50,2033-04-28T11:00,2.5
CLEAN-008360,EVS360-026,Saint Petersburg,2033-04-27T20:50,2033-04-28T10:00,2.5
CLEAN-008361,EVS360-009,Moscow,2033-04-27T21:20,2033-04-28T11:30,2.5
CLEAN-008362,EVS360-027,Saint Petersburg,2033-04-27T21:20,2033-04-28T10:15,2.5
CLEAN-008363,EVS360-010,Moscow,2033-04-27T21:50,2033-04-28T12:00,2.5
CLEAN-008364,EVS360-028,Saint Petersburg,2033-04-27T21:50,2033-04-28T10:30,2.5
CLEAN-008365,EVS360-011,Moscow,2033-04-27T22:10,2033-04-28T12:30,2.5
CLEAN-008366,EVS360-029,Saint Petersburg,2033-04-27T22:10,2033-04-28T11:00,2.5
CLEAN-008367,EVS360-030,Saint Petersburg,2033-04-27T22:35,2033-04-28T11:30,2.5
CLEAN-008368,EVS360-012,Moscow,2033-04-27T22:50,2033-04-28T13:00,2.5
CLEAN-008369,EVS360-031,Saint Petersburg,2033-04-27T22:50,2033-04-28T12:00,2.5
CLEAN-008370,EVS360-013,Moscow,2033-04-27T23:20,2033-04-28T13:30,2.5
CLEAN-008371,EVS360-032,Saint Petersburg,2033-04-27T23:20,2033-04-28T12:30,2.5
CLEAN-008372,EVS360-014,Moscow,2033-04-27T23:50,2033-04-28T14:00,2.5
CLEAN-008373,EVS360-033,Saint Petersburg,2033-04-27T23:50,2033-04-28T13:00,2.5
CLEAN-008374,EVS360-015,Moscow,2033-04-28T00:10,2033-04-28T14:30,2.5
CLEAN-008375,EVS360-034,Saint Petersburg,2033-04-28T00:10,2033-04-28T14:00,2.5
CLEAN-008376,EVS360-016,Moscow,2033-04-28T08:10,2033-04-28T15:00,2.5
CLEAN-008377,EVS360-035,Saint Petersburg,2033-04-28T08:10,2033-04-28T14:30,2.5
CLEAN-008378,EVS360-017,Moscow,2033-04-28T08:35,2033-04-28T16:00,2.5
CLEAN-008379,EVS360-036,Saint Petersburg,2033-04-28T08:35,2033-04-28T15:00,2.5
CLEAN-008380,EVS360-018,Moscow,2033-04-28T08:50,2033-04-28T16:30,2.5
CLEAN-008381,EVS360-037,Saint Petersburg,2033-04-28T08:50,2033-04-28T16:00,2.5
CLEAN-008382,EVS360-019,Moscow,2033-04-28T09:20,2033-04-28T17:30,2.5
CLEAN-008383,EVS360-038,Saint Petersburg,2033-04-28T09:20,2033-04-28T16:30,2.5
CLEAN-008384,EVS360-020,Moscow,2033-04-28T09:35,2033-04-28T18:00,2.5
CLEAN-008385,EVS360-039,Saint Petersburg,2033-04-28T09:50,2033-04-28T17:00,2.5
CLEAN-008386,EVS360-001,Moscow,2033-04-29T21:20,2033-04-30T11:30,2.5
CLEAN-008387,EVS360-002,Moscow,2033-04-29T21:50,2033-04-30T12:00,2.5
CLEAN-008388,EVS360-003,Moscow,2033-04-29T22:10,2033-04-30T12:30,2.5
CLEAN-008389,EVS360-021,Saint Petersburg,2033-04-29T22:10,2033-04-30T11:00,2.5
CLEAN-008390,EVS360-022,Saint Petersburg,2033-04-29T22:35,2033-04-30T11:30,2.5
CLEAN-008391,EVS360-004,Moscow,2033-04-29T22:50,2033-04-30T13:00,2.5
CLEAN-008392,EVS360-023,Saint Petersburg,2033-04-29T22:50,2033-04-30T12:00,2.5
CLEAN-008393,EVS360-005,Moscow,2033-04-29T23:20,2033-04-30T13:30,2.5
CLEAN-008394,EVS360-024,Saint Petersburg,2033-04-29T23:20,2033-04-30T12:30,2.5
CLEAN-008395,EVS360-006,Moscow,2033-04-29T23:50,2033-04-30T14:00,2.5
CLEAN-008396,EVS360-025,Saint Petersburg,2033-04-29T23:50,2033-04-30T13:00,2.5
CLEAN-008397,EVS360-007,Moscow,2033-04-30T00:10,2033-04-30T14:30,2.5
CLEAN-008398,EVS360-026,Saint Petersburg,2033-04-30T00:10,2033-04-30T14:00,2.5
CLEAN-008399,EVS360-008,Moscow,2033-04-30T08:10,2033-04-30T15:00,2.5
CLEAN-008400,EVS360-027,Saint Petersburg,2033-04-30T08:10,2033-04-30T14:30,2.5
CLEAN-008401,EVS360-009,Moscow,2033-04-30T08:35,2033-04-30T16:00,2.5
CLEAN-008402,EVS360-028,Saint Petersburg,2033-04-30T08:35,2033-04-30T15:00,2.5
CLEAN-008403,EVS360-010,Moscow,2033-04-30T08:50,2033-04-30T16:30,2.5
CLEAN-008404,EVS360-029,Saint Petersburg,2033-04-30T08:50,2033-04-30T16:00,2.5
CLEAN-008405,EVS360-011,Moscow,2033-04-30T09:20,2033-04-30T17:30,2.5
CLEAN-008406,EVS360-030,Saint Petersburg,2033-04-30T09:20,2033-04-30T16:30,2.5
CLEAN-008407,EVS360-012,Moscow,2033-04-30T09:35,2033-04-30T18:00,2.5
CLEAN-008408,EVS360-013,Moscow,2033-04-30T09:50,2033-04-30T18:15,2.5
CLEAN-008409,EVS360-031,Saint Petersburg,2033-04-30T09:50,2033-04-30T17:00,2.5
CLEAN-008410,EVS360-014,Moscow,2033-04-30T10:10,2033-04-30T18:30,2.5
CLEAN-008411,EVS360-032,Saint Petersburg,2033-04-30T10:10,2033-04-30T17:30,2.5
CLEAN-008412,EVS360-015,Moscow,2033-04-30T10:50,2033-04-30T19:00,2.5
CLEAN-008413,EVS360-033,Saint Petersburg,2033-04-30T10:50,2033-04-30T18:00,2.5
CLEAN-008414,EVS360-016,Moscow,2033-04-30T11:20,2033-04-30T19:30,2.5
CLEAN-008415,EVS360-034,Saint Petersburg,2033-04-30T11:20,2033-04-30T18:15,2.5
CLEAN-008416,EVS360-017,Moscow,2033-04-30T11:50,2033-04-30T20:00,2.5
CLEAN-008417,EVS360-035,Saint Petersburg,2033-04-30T11:50,2033-04-30T18:30,2.5
CLEAN-008418,EVS360-018,Moscow,2033-04-30T12:10,2033-04-30T20:15,2.5
CLEAN-008419,EVS360-036,Saint Petersburg,2033-04-30T12:10,2033-04-30T19:00,2.5
CLEAN-008420,EVS360-019,Moscow,2033-04-30T12:35,2033-04-30T20:30,2.5
CLEAN-008421,EVS360-037,Saint Petersburg,2033-04-30T12:35,2033-04-30T19:30,2.5
CLEAN-008422,EVS360-020,Moscow,2033-04-30T12:50,2033-04-30T21:00,2.5
CLEAN-008423,EVS360-038,Saint Petersburg,2033-04-30T12:50,2033-04-30T20:00,2.5
CLEAN-008424,EVS360-039,Saint Petersburg,2033-04-30T13:20,2033-04-30T20:30,2.5
CLEAN-008425,EVS360-001,Moscow,2033-05-02T08:35,2033-05-02T16:00,2.5
CLEAN-008426,EVS360-002,Moscow,2033-05-02T08:50,2033-05-02T16:30,2.5
CLEAN-008427,EVS360-021,Saint Petersburg,2033-05-02T08:50,2033-05-02T16:00,2.5
CLEAN-008428,EVS360-003,Moscow,2033-05-02T09:20,2033-05-02T17:30,2.5
CLEAN-008429,EVS360-022,Saint Petersburg,2033-05-02T09:20,2033-05-02T16:30,2.5
CLEAN-008430,EVS360-004,Moscow,2033-05-02T09:35,2033-05-02T18:00,2.5
CLEAN-008431,EVS360-005,Moscow,2033-05-02T09:50,2033-05-02T18:15,2.5
CLEAN-008432,EVS360-023,Saint Petersburg,2033-05-02T09:50,2033-05-02T17:00,2.5
CLEAN-008433,EVS360-006,Moscow,2033-05-02T10:10,2033-05-02T18:30,2.5
CLEAN-008434,EVS360-024,Saint Petersburg,2033-05-02T10:10,2033-05-02T17:30,2.5
CLEAN-008435,EVS360-007,Moscow,2033-05-02T10:50,2033-05-02T19:00,2.5
CLEAN-008436,EVS360-025,Saint Petersburg,2033-05-02T10:50,2033-05-02T18:00,2.5
CLEAN-008437,EVS360-008,Moscow,2033-05-02T11:20,2033-05-02T19:30,2.5
CLEAN-008438,EVS360-026,Saint Petersburg,2033-05-02T11:20,2033-05-02T18:15,2.5
CLEAN-008439,EVS360-009,Moscow,2033-05-02T11:50,2033-05-02T20:00,2.5
CLEAN-008440,EVS360-027,Saint Petersburg,2033-05-02T11:50,2033-05-02T18:30,2.5
CLEAN-008441,EVS360-010,Moscow,2033-05-02T12:10,2033-05-02T20:15,2.5
CLEAN-008442,EVS360-028,Saint Petersburg,2033-05-02T12:10,2033-05-02T19:00,2.5
CLEAN-008443,EVS360-011,Moscow,2033-05-02T12:35,2033-05-02T20:30,2.5
CLEAN-008444,EVS360-029,Saint Petersburg,2033-05-02T12:35,2033-05-02T19:30,2.5
CLEAN-008445,EVS360-012,Moscow,2033-05-02T12:50,2033-05-02T21:00,2.5
CLEAN-008446,EVS360-030,Saint Petersburg,2033-05-02T12:50,2033-05-02T20:00,2.5
CLEAN-008447,EVS360-013,Moscow,2033-05-02T13:20,2033-05-02T21:30,2.5
CLEAN-008448,EVS360-031,Saint Petersburg,2033-05-02T13:20,2033-05-02T20:30,2.5
CLEAN-008449,EVS360-014,Moscow,2033-05-02T13:50,2033-05-02T22:00,2.5
CLEAN-008450,EVS360-032,Saint Petersburg,2033-05-02T13:50,2033-05-02T21:00,2.5
CLEAN-008451,EVS360-015,Moscow,2033-05-02T14:10,2033-05-03T06:00,2.5
CLEAN-008452,EVS360-033,Saint Petersburg,2033-05-02T14:10,2033-05-02T21:30,2.5
CLEAN-008453,EVS360-016,Moscow,2033-05-02T14:50,2033-05-03T06:15,2.5
CLEAN-008454,EVS360-034,Saint Petersburg,2033-05-02T14:50,2033-05-02T22:00,2.5
CLEAN-008455,EVS360-017,Moscow,2033-05-02T15:20,2033-05-03T06:30,2.5
CLEAN-008456,EVS360-035,Saint Petersburg,2033-05-02T15:20,2033-05-03T06:00,2.5
CLEAN-008457,EVS360-036,Saint Petersburg,2033-05-02T15:50,2033-05-03T06:15,2.5
CLEAN-008458,EVS360-018,Moscow,2033-05-02T16:10,2033-05-03T07:00,2.5
CLEAN-008459,EVS360-037,Saint Petersburg,2033-05-02T16:10,2033-05-03T06:30,2.5
CLEAN-008460,EVS360-019,Moscow,2033-05-02T16:50,2033-05-03T07:30,2.5
CLEAN-008461,EVS360-038,Saint Petersburg,2033-05-02T16:50,2033-05-03T07:00,2.5
CLEAN-008462,EVS360-020,Moscow,2033-05-02T17:20,2033-05-03T08:00,2.5
CLEAN-008463,EVS360-039,Saint Petersburg,2033-05-02T17:20,2033-05-03T07:15,2.5
CLEAN-008464,EVS360-001,Moscow,2033-05-04T11:50,2033-05-04T20:00,2.5
CLEAN-008465,EVS360-002,Moscow,2033-05-04T12:10,2033-05-04T20:15,2.5
CLEAN-008466,EVS360-003,Moscow,2033-05-04T12:35,2033-05-04T20:30,2.5
CLEAN-008467,EVS360-021,Saint Petersburg,2033-05-04T12:35,2033-05-04T19:30,2.5
CLEAN-008468,EVS360-004,Moscow,2033-05-04T12:50,2033-05-04T21:00,2.5
CLEAN-008469,EVS360-022,Saint Petersburg,2033-05-04T12:50,2033-05-04T20:00,2.5
CLEAN-008470,EVS360-005,Moscow,2033-05-04T13:20,2033-05-04T21:30,2.5
CLEAN-008471,EVS360-023,Saint Petersburg,2033-05-04T13:20,2033-05-04T20:30,2.5
CLEAN-008472,EVS360-006,Moscow,2033-05-04T13:50,2033-05-04T22:00,2.5
CLEAN-008473,EVS360-024,Saint Petersburg,2033-05-04T13:50,2033-05-04T21:00,2.5
CLEAN-008474,EVS360-007,Moscow,2033-05-04T14:10,2033-05-05T06:00,2.5
CLEAN-008475,EVS360-025,Saint Petersburg,2033-05-04T14:10,2033-05-04T21:30,2.5
CLEAN-008476,EVS360-008,Moscow,2033-05-04T14:50,2033-05-05T06:15,2.5
CLEAN-008477,EVS360-026,Saint Petersburg,2033-05-04T14:50,2033-05-04T22:00,2.5
CLEAN-008478,EVS360-009,Moscow,2033-05-04T15:20,2033-05-05T06:30,2.5
CLEAN-008479,EVS360-027,Saint Petersburg,2033-05-04T15:20,2033-05-05T06:00,2.5
CLEAN-008480,EVS360-028,Saint Petersburg,2033-05-04T15:50,2033-05-05T06:15,2.5
CLEAN-008481,EVS360-010,Moscow,2033-05-04T16:10,2033-05-05T07:00,2.5
CLEAN-008482,EVS360-029,Saint Petersburg,2033-05-04T16:10,2033-05-05T06:30,2.5
CLEAN-008483,EVS360-011,Moscow,2033-05-04T16:50,2033-05-05T07:30,2.5
CLEAN-008484,EVS360-030,Saint Petersburg,2033-05-04T16:50,2033-05-05T07:00,2.5
CLEAN-008485,EVS360-012,Moscow,2033-05-04T17:20,2033-05-05T08:00,2.5
CLEAN-008486,EVS360-031,Saint Petersburg,2033-05-04T17:20,2033-05-05T07:15,2.5
CLEAN-008487,EVS360-013,Moscow,2033-05-04T18:10,2033-05-05T08:30,2.5
CLEAN-008488,EVS360-032,Saint Petersburg,2033-05-04T18:10,2033-05-05T07:30,2.5
CLEAN-008489,EVS360-014,Moscow,2033-05-04T18:50,2033-05-05T09:00,2.5
CLEAN-008490,EVS360-033,Saint Petersburg,2033-05-04T18:50,2033-05-05T08:00,2.5
CLEAN-008491,EVS360-015,Moscow,2033-05-04T19:20,2033-05-05T09:30,2.5
CLEAN-008492,EVS360-016,Moscow,2033-05-04T19:50,2033-05-05T10:00,2.5
CLEAN-008493,EVS360-034,Saint Petersburg,2033-05-04T19:50,2033-05-05T08:30,2.5
CLEAN-008494,EVS360-017,Moscow,2033-05-04T20:10,2033-05-05T10:15,2.5
CLEAN-008495,EVS360-035,Saint Petersburg,2033-05-04T20:10,2033-05-05T09:00,2.5
CLEAN-008496,EVS360-018,Moscow,2033-05-04T20:35,2033-05-05T10:30,2.5
CLEAN-008497,EVS360-036,Saint Petersburg,2033-05-04T20:35,2033-05-05T09:30,2.5
CLEAN-008498,EVS360-019,Moscow,2033-05-04T20:50,2033-05-05T11:00,2.5
CLEAN-008499,EVS360-037,Saint Petersburg,2033-05-04T20:50,2033-05-05T10:00,2.5
CLEAN-008500,EVS360-020,Moscow,2033-05-04T21:20,2033-05-05T11:30,2.5
CLEAN-008501,EVS360-038,Saint Petersburg,2033-05-04T21:20,2033-05-05T10:15,2.5
CLEAN-008502,EVS360-039,Saint Petersburg,2033-05-04T21:50,2033-05-05T10:30,2.5
CLEAN-008503,EVS360-001,Moscow,2033-05-06T15:20,2033-05-07T06:30,2.5
CLEAN-008504,EVS360-002,Moscow,2033-05-06T16:10,2033-05-07T07:00,2.5
CLEAN-008505,EVS360-021,Saint Petersburg,2033-05-06T16:10,2033-05-07T06:30,2.5
CLEAN-008506,EVS360-003,Moscow,2033-05-06T16:50,2033-05-07T07:30,2.5
CLEAN-008507,EVS360-022,Saint Petersburg,2033-05-06T16:50,2033-05-07T07:00,2.5
CLEAN-008508,EVS360-004,Moscow,2033-05-06T17:20,2033-05-07T08:00,2.5
CLEAN-008509,EVS360-023,Saint Petersburg,2033-05-06T17:20,2033-05-07T07:15,2.5
CLEAN-008510,EVS360-005,Moscow,2033-05-06T18:10,2033-05-07T08:30,2.5
CLEAN-008511,EVS360-024,Saint Petersburg,2033-05-06T18:10,2033-05-07T07:30,2.5
CLEAN-008512,EVS360-006,Moscow,2033-05-06T18:50,2033-05-07T09:00,2.5
CLEAN-008513,EVS360-025,Saint Petersburg,2033-05-06T18:50,2033-05-07T08:00,2.5
CLEAN-008514,EVS360-007,Moscow,2033-05-06T19:20,2033-05-07T09:30,2.5
CLEAN-008515,EVS360-008,Moscow,2033-05-06T19:50,2033-05-07T10:00,2.5
CLEAN-008516,EVS360-026,Saint Petersburg,2033-05-06T19:50,2033-05-07T08:30,2.5
CLEAN-008517,EVS360-009,Moscow,2033-05-06T20:10,2033-05-07T10:15,2.5
CLEAN-008518,EVS360-027,Saint Petersburg,2033-05-06T20:10,2033-05-07T09:00,2.5
CLEAN-008519,EVS360-010,Moscow,2033-05-06T20:35,2033-05-07T10:30,2.5
CLEAN-008520,EVS360-028,Saint Petersburg,2033-05-06T20:35,2033-05-07T09:30,2.5
CLEAN-008521,EVS360-011,Moscow,2033-05-06T20:50,2033-05-07T11:00,2.5
CLEAN-008522,EVS360-029,Saint Petersburg,2033-05-06T20:50,2033-05-07T10:00,2.5
CLEAN-008523,EVS360-012,Moscow,2033-05-06T21:20,2033-05-07T11:30,2.5
CLEAN-008524,EVS360-030,Saint Petersburg,2033-05-06T21:20,2033-05-07T10:15,2.5
CLEAN-008525,EVS360-013,Moscow,2033-05-06T21:50,2033-05-07T12:00,2.5
CLEAN-008526,EVS360-031,Saint Petersburg,2033-05-06T21:50,2033-05-07T10:30,2.5
CLEAN-008527,EVS360-014,Moscow,2033-05-06T22:10,2033-05-07T12:30,2.5
CLEAN-008528,EVS360-032,Saint Petersburg,2033-05-06T22:10,2033-05-07T11:00,2.5
CLEAN-008529,EVS360-033,Saint Petersburg,2033-05-06T22:35,2033-05-07T11:30,2.5
CLEAN-008530,EVS360-015,Moscow,2033-05-06T22:50,2033-05-07T13:00,2.5
CLEAN-008531,EVS360-034,Saint Petersburg,2033-05-06T22:50,2033-05-07T12:00,2.5
CLEAN-008532,EVS360-016,Moscow,2033-05-06T23:20,2033-05-07T13:30,2.5
CLEAN-008533,EVS360-035,Saint Petersburg,2033-05-06T23:20,2033-05-07T12:30,2.5
CLEAN-008534,EVS360-017,Moscow,2033-05-06T23:50,2033-05-07T14:00,2.5
CLEAN-008535,EVS360-036,Saint Petersburg,2033-05-06T23:50,2033-05-07T13:00,2.5
CLEAN-008536,EVS360-018,Moscow,2033-05-07T00:10,2033-05-07T14:30,2.5
CLEAN-008537,EVS360-037,Saint Petersburg,2033-05-07T00:10,2033-05-07T14:00,2.5
CLEAN-008538,EVS360-019,Moscow,2033-05-07T08:10,2033-05-07T15:00,2.5
CLEAN-008539,EVS360-038,Saint Petersburg,2033-05-07T08:10,2033-05-07T14:30,2.5
CLEAN-008540,EVS360-020,Moscow,2033-05-07T08:35,2033-05-07T16:00,2.5
CLEAN-008541,EVS360-039,Saint Petersburg,2033-05-07T08:35,2033-05-07T15:00,2.5
CLEAN-008542,EVS360-001,Moscow,2033-05-08T20:10,2033-05-09T10:15,2.5
CLEAN-008543,EVS360-002,Moscow,2033-05-08T20:35,2033-05-09T10:30,2.5
CLEAN-008544,EVS360-003,Moscow,2033-05-08T20:50,2033-05-09T11:00,2.5
CLEAN-008545,EVS360-021,Saint Petersburg,2033-05-08T20:50,2033-05-09T10:00,2.5
CLEAN-008546,EVS360-004,Moscow,2033-05-08T21:20,2033-05-09T11:30,2.5
CLEAN-008547,EVS360-022,Saint Petersburg,2033-05-08T21:20,2033-05-09T10:15,2.5
CLEAN-008548,EVS360-005,Moscow,2033-05-08T21:50,2033-05-09T12:00,2.5
CLEAN-008549,EVS360-023,Saint Petersburg,2033-05-08T21:50,2033-05-09T10:30,2.5
CLEAN-008550,EVS360-006,Moscow,2033-05-08T22:10,2033-05-09T12:30,2.5
CLEAN-008551,EVS360-024,Saint Petersburg,2033-05-08T22:10,2033-05-09T11:00,2.5
CLEAN-008552,EVS360-025,Saint Petersburg,2033-05-08T22:35,2033-05-09T11:30,2.5
CLEAN-008553,EVS360-007,Moscow,2033-05-08T22:50,2033-05-09T13:00,2.5
CLEAN-008554,EVS360-026,Saint Petersburg,2033-05-08T22:50,2033-05-09T12:00,2.5
CLEAN-008555,EVS360-008,Moscow,2033-05-08T23:20,2033-05-09T13:30,2.5
CLEAN-008556,EVS360-027,Saint Petersburg,2033-05-08T23:20,2033-05-09T12:30,2.5
CLEAN-008557,EVS360-009,Moscow,2033-05-08T23:50,2033-05-09T14:00,2.5
CLEAN-008558,EVS360-028,Saint Petersburg,2033-05-08T23:50,2033-05-09T13:00,2.5
CLEAN-008559,EVS360-010,Moscow,2033-05-09T00:10,2033-05-09T14:30,2.5
CLEAN-008560,EVS360-029,Saint Petersburg,2033-05-09T00:10,2033-05-09T14:00,2.5
CLEAN-008561,EVS360-011,Moscow,2033-05-09T08:10,2033-05-09T15:00,2.5
CLEAN-008562,EVS360-030,Saint Petersburg,2033-05-09T08:10,2033-05-09T14:30,2.5
CLEAN-008563,EVS360-012,Moscow,2033-05-09T08:35,2033-05-09T16:00,2.5
CLEAN-008564,EVS360-031,Saint Petersburg,2033-05-09T08:35,2033-05-09T15:00,2.5
CLEAN-008565,EVS360-013,Moscow,2033-05-09T08:50,2033-05-09T16:30,2.5
CLEAN-008566,EVS360-032,Saint Petersburg,2033-05-09T08:50,2033-05-09T16:00,2.5
CLEAN-008567,EVS360-014,Moscow,2033-05-09T09:20,2033-05-09T17:30,2.5
CLEAN-008568,EVS360-033,Saint Petersburg,2033-05-09T09:20,2033-05-09T16:30,2.5
CLEAN-008569,EVS360-015,Moscow,2033-05-09T09:35,2033-05-09T18:00,2.5
CLEAN-008570,EVS360-016,Moscow,2033-05-09T09:50,2033-05-09T18:15,2.5
CLEAN-008571,EVS360-034,Saint Petersburg,2033-05-09T09:50,2033-05-09T17:00,2.5
CLEAN-008572,EVS360-017,Moscow,2033-05-09T10:10,2033-05-09T18:30,2.5
CLEAN-008573,EVS360-035,Saint Petersburg,2033-05-09T10:10,2033-05-09T17:30,2.5
CLEAN-008574,EVS360-018,Moscow,2033-05-09T10:50,2033-05-09T19:00,2.5
CLEAN-008575,EVS360-036,Saint Petersburg,2033-05-09T10:50,2033-05-09T18:00,2.5
CLEAN-008576,EVS360-019,Moscow,2033-05-09T11:20,2033-05-09T19:30,2.5
CLEAN-008577,EVS360-037,Saint Petersburg,2033-05-09T11:20,2033-05-09T18:15,2.5
CLEAN-008578,EVS360-020,Moscow,2033-05-09T11:50,2033-05-09T20:00,2.5
CLEAN-008579,EVS360-038,Saint Petersburg,2033-05-09T11:50,2033-05-09T18:30,2.5
CLEAN-008580,EVS360-039,Saint Petersburg,2033-05-09T12:10,2033-05-09T19:00,2.5
CLEAN-008581,EVS360-001,Moscow,2033-05-10T23:50,2033-05-11T14:00,2.5
CLEAN-008582,EVS360-002,Moscow,2033-05-11T00:10,2033-05-11T14:30,2.5
CLEAN-008583,EVS360-021,Saint Petersburg,2033-05-11T00:10,2033-05-11T14:00,2.5
CLEAN-008584,EVS360-003,Moscow,2033-05-11T08:10,2033-05-11T15:00,2.5
CLEAN-008585,EVS360-022,Saint Petersburg,2033-05-11T08:10,2033-05-11T14:30,2.5
CLEAN-008586,EVS360-004,Moscow,2033-05-11T08:35,2033-05-11T16:00,2.5
CLEAN-008587,EVS360-023,Saint Petersburg,2033-05-11T08:35,2033-05-11T15:00,2.5
CLEAN-008588,EVS360-005,Moscow,2033-05-11T08:50,2033-05-11T16:30,2.5
CLEAN-008589,EVS360-024,Saint Petersburg,2033-05-11T08:50,2033-05-11T16:00,2.5
CLEAN-008590,EVS360-006,Moscow,2033-05-11T09:20,2033-05-11T17:30,2.5
CLEAN-008591,EVS360-025,Saint Petersburg,2033-05-11T09:20,2033-05-11T16:30,2.5
CLEAN-008592,EVS360-007,Moscow,2033-05-11T09:35,2033-05-11T18:00,2.5
CLEAN-008593,EVS360-008,Moscow,2033-05-11T09:50,2033-05-11T18:15,2.5
CLEAN-008594,EVS360-026,Saint Petersburg,2033-05-11T09:50,2033-05-11T17:00,2.5
CLEAN-008595,EVS360-009,Moscow,2033-05-11T10:10,2033-05-11T18:30,2.5
CLEAN-008596,EVS360-027,Saint Petersburg,2033-05-11T10:10,2033-05-11T17:30,2.5
CLEAN-008597,EVS360-010,Moscow,2033-05-11T10:50,2033-05-11T19:00,2.5
CLEAN-008598,EVS360-028,Saint Petersburg,2033-05-11T10:50,2033-05-11T18:00,2.5
CLEAN-008599,EVS360-011,Moscow,2033-05-11T11:20,2033-05-11T19:30,2.5
CLEAN-008600,EVS360-029,Saint Petersburg,2033-05-11T11:20,2033-05-11T18:15,2.5
CLEAN-008601,EVS360-012,Moscow,2033-05-11T11:50,2033-05-11T20:00,2.5
CLEAN-008602,EVS360-030,Saint Petersburg,2033-05-11T11:50,2033-05-11T18:30,2.5
CLEAN-008603,EVS360-013,Moscow,2033-05-11T12:10,2033-05-11T20:15,2.5
CLEAN-008604,EVS360-031,Saint Petersburg,2033-05-11T12:10,2033-05-11T19:00,2.5
CLEAN-008605,EVS360-014,Moscow,2033-05-11T12:35,2033-05-11T20:30,2.5
CLEAN-008606,EVS360-032,Saint Petersburg,2033-05-11T12:35,2033-05-11T19:30,2.5
CLEAN-008607,EVS360-015,Moscow,2033-05-11T12:50,2033-05-11T21:00,2.5
CLEAN-008608,EVS360-033,Saint Petersburg,2033-05-11T12:50,2033-05-11T20:00,2.5
CLEAN-008609,EVS360-016,Moscow,2033-05-11T13:20,2033-05-11T21:30,2.5
CLEAN-008610,EVS360-034,Saint Petersburg,2033-05-11T13:20,2033-05-11T20:30,2.5
CLEAN-008611,EVS360-017,Moscow,2033-05-11T13:50,2033-05-11T22:00,2.5
CLEAN-008612,EVS360-035,Saint Petersburg,2033-05-11T13:50,2033-05-11T21:00,2.5
CLEAN-008613,EVS360-018,Moscow,2033-05-11T14:10,2033-05-12T06:00,2.5
CLEAN-008614,EVS360-036,Saint Petersburg,2033-05-11T14:10,2033-05-11T21:30,2.5
CLEAN-008615,EVS360-019,Moscow,2033-05-11T14:50,2033-05-12T06:15,2.5
CLEAN-008616,EVS360-037,Saint Petersburg,2033-05-11T14:50,2033-05-11T22:00,2.5
CLEAN-008617,EVS360-020,Moscow,2033-05-11T15:20,2033-05-12T06:30,2.5
CLEAN-008618,EVS360-038,Saint Petersburg,2033-05-11T15:20,2033-05-12T06:00,2.5
CLEAN-008619,EVS360-039,Saint Petersburg,2033-05-11T15:50,2033-05-12T06:15,2.5
CLEAN-008620,EVS360-001,Moscow,2033-05-13T10:10,2033-05-13T18:30,2.5
CLEAN-008621,EVS360-002,Moscow,2033-05-13T10:50,2033-05-13T19:00,2.5
CLEAN-008622,EVS360-003,Moscow,2033-05-13T11:20,2033-05-13T19:30,2.5
CLEAN-008623,EVS360-021,Saint Petersburg,2033-05-13T11:20,2033-05-13T18:15,2.5
CLEAN-008624,EVS360-004,Moscow,2033-05-13T11:50,2033-05-13T20:00,2.5
CLEAN-008625,EVS360-022,Saint Petersburg,2033-05-13T11:50,2033-05-13T18:30,2.5
CLEAN-008626,EVS360-005,Moscow,2033-05-13T12:10,2033-05-13T20:15,2.5
CLEAN-008627,EVS360-023,Saint Petersburg,2033-05-13T12:10,2033-05-13T19:00,2.5
CLEAN-008628,EVS360-006,Moscow,2033-05-13T12:35,2033-05-13T20:30,2.5
CLEAN-008629,EVS360-024,Saint Petersburg,2033-05-13T12:35,2033-05-13T19:30,2.5
CLEAN-008630,EVS360-007,Moscow,2033-05-13T12:50,2033-05-13T21:00,2.5
CLEAN-008631,EVS360-025,Saint Petersburg,2033-05-13T12:50,2033-05-13T20:00,2.5
CLEAN-008632,EVS360-008,Moscow,2033-05-13T13:20,2033-05-13T21:30,2.5
CLEAN-008633,EVS360-026,Saint Petersburg,2033-05-13T13:20,2033-05-13T20:30,2.5
CLEAN-008634,EVS360-009,Moscow,2033-05-13T13:50,2033-05-13T22:00,2.5
CLEAN-008635,EVS360-027,Saint Petersburg,2033-05-13T13:50,2033-05-13T21:00,2.5
CLEAN-008636,EVS360-010,Moscow,2033-05-13T14:10,2033-05-14T06:00,2.5
CLEAN-008637,EVS360-028,Saint Petersburg,2033-05-13T14:10,2033-05-13T21:30,2.5
CLEAN-008638,EVS360-011,Moscow,2033-05-13T14:50,2033-05-14T06:15,2.5
CLEAN-008639,EVS360-029,Saint Petersburg,2033-05-13T14:50,2033-05-13T22:00,2.5
CLEAN-008640,EVS360-012,Moscow,2033-05-13T15:20,2033-05-14T06:30,2.5
CLEAN-008641,EVS360-030,Saint Petersburg,2033-05-13T15:20,2033-05-14T06:00,2.5
CLEAN-008642,EVS360-031,Saint Petersburg,2033-05-13T15:50,2033-05-14T06:15,2.5
CLEAN-008643,EVS360-013,Moscow,2033-05-13T16:10,2033-05-14T07:00,2.5
CLEAN-008644,EVS360-032,Saint Petersburg,2033-05-13T16:10,2033-05-14T06:30,2.5
CLEAN-008645,EVS360-014,Moscow,2033-05-13T16:50,2033-05-14T07:30,2.5
CLEAN-008646,EVS360-033,Saint Petersburg,2033-05-13T16:50,2033-05-14T07:00,2.5
CLEAN-008647,EVS360-015,Moscow,2033-05-13T17:20,2033-05-14T08:00,2.5
CLEAN-008648,EVS360-034,Saint Petersburg,2033-05-13T17:20,2033-05-14T07:15,2.5
CLEAN-008649,EVS360-016,Moscow,2033-05-13T18:10,2033-05-14T08:30,2.5
CLEAN-008650,EVS360-035,Saint Petersburg,2033-05-13T18:10,2033-05-14T07:30,2.5
CLEAN-008651,EVS360-017,Moscow,2033-05-13T18:50,2033-05-14T09:00,2.5
CLEAN-008652,EVS360-036,Saint Petersburg,2033-05-13T18:50,2033-05-14T08:00,2.5
CLEAN-008653,EVS360-018,Moscow,2033-05-13T19:20,2033-05-14T09:30,2.5
CLEAN-008654,EVS360-019,Moscow,2033-05-13T19:50,2033-05-14T10:00,2.5
CLEAN-008655,EVS360-037,Saint Petersburg,2033-05-13T19:50,2033-05-14T08:30,2.5
CLEAN-008656,EVS360-020,Moscow,2033-05-13T20:10,2033-05-14T10:15,2.5
CLEAN-008657,EVS360-038,Saint Petersburg,2033-05-13T20:10,2033-05-14T09:00,2.5
CLEAN-008658,EVS360-039,Saint Petersburg,2033-05-13T20:35,2033-05-14T09:30,2.5
CLEAN-008659,EVS360-001,Moscow,2033-05-15T13:50,2033-05-15T22:00,2.5
CLEAN-008660,EVS360-002,Moscow,2033-05-15T14:10,2033-05-16T06:00,2.5
CLEAN-008661,EVS360-003,Moscow,2033-05-15T14:50,2033-05-16T06:15,2.5
CLEAN-008662,EVS360-021,Saint Petersburg,2033-05-15T14:50,2033-05-15T22:00,2.5
CLEAN-008663,EVS360-004,Moscow,2033-05-15T15:20,2033-05-16T06:30,2.5
CLEAN-008664,EVS360-022,Saint Petersburg,2033-05-15T15:20,2033-05-16T06:00,2.5
CLEAN-008665,EVS360-023,Saint Petersburg,2033-05-15T15:50,2033-05-16T06:15,2.5
CLEAN-008666,EVS360-005,Moscow,2033-05-15T16:10,2033-05-16T07:00,2.5
CLEAN-008667,EVS360-024,Saint Petersburg,2033-05-15T16:10,2033-05-16T06:30,2.5
CLEAN-008668,EVS360-006,Moscow,2033-05-15T16:50,2033-05-16T07:30,2.5
CLEAN-008669,EVS360-025,Saint Petersburg,2033-05-15T16:50,2033-05-16T07:00,2.5
CLEAN-008670,EVS360-007,Moscow,2033-05-15T17:20,2033-05-16T08:00,2.5
CLEAN-008671,EVS360-026,Saint Petersburg,2033-05-15T17:20,2033-05-16T07:15,2.5
CLEAN-008672,EVS360-008,Moscow,2033-05-15T18:10,2033-05-16T08:30,2.5
CLEAN-008673,EVS360-027,Saint Petersburg,2033-05-15T18:10,2033-05-16T07:30,2.5
CLEAN-008674,EVS360-009,Moscow,2033-05-15T18:50,2033-05-16T09:00,2.5
CLEAN-008675,EVS360-028,Saint Petersburg,2033-05-15T18:50,2033-05-16T08:00,2.5
CLEAN-008676,EVS360-010,Moscow,2033-05-15T19:20,2033-05-16T09:30,2.5
CLEAN-008677,EVS360-011,Moscow,2033-05-15T19:50,2033-05-16T10:00,2.5
CLEAN-008678,EVS360-029,Saint Petersburg,2033-05-15T19:50,2033-05-16T08:30,2.5
CLEAN-008679,EVS360-012,Moscow,2033-05-15T20:10,2033-05-16T10:15,2.5
CLEAN-008680,EVS360-030,Saint Petersburg,2033-05-15T20:10,2033-05-16T09:00,2.5
CLEAN-008681,EVS360-013,Moscow,2033-05-15T20:35,2033-05-16T10:30,2.5
CLEAN-008682,EVS360-031,Saint Petersburg,2033-05-15T20:35,2033-05-16T09:30,2.5
CLEAN-008683,EVS360-014,Moscow,2033-05-15T20:50,2033-05-16T11:00,2.5
CLEAN-008684,EVS360-032,Saint Petersburg,2033-05-15T20:50,2033-05-16T10:00,2.5
CLEAN-008685,EVS360-015,Moscow,2033-05-15T21:20,2033-05-16T11:30,2.5
CLEAN-008686,EVS360-033,Saint Petersburg,2033-05-15T21:20,2033-05-16T10:15,2.5
CLEAN-008687,EVS360-016,Moscow,2033-05-15T21:50,2033-05-16T12:00,2.5
CLEAN-008688,EVS360-034,Saint Petersburg,2033-05-15T21:50,2033-05-16T10:30,2.5
CLEAN-008689,EVS360-017,Moscow,2033-05-15T22:10,2033-05-16T12:30,2.5
CLEAN-008690,EVS360-035,Saint Petersburg,2033-05-15T22:10,2033-05-16T11:00,2.5
CLEAN-008691,EVS360-036,Saint Petersburg,2033-05-15T22:35,2033-05-16T11:30,2.5
CLEAN-008692,EVS360-018,Moscow,2033-05-15T22:50,2033-05-16T13:00,2.5
CLEAN-008693,EVS360-037,Saint Petersburg,2033-05-15T22:50,2033-05-16T12:00,2.5
CLEAN-008694,EVS360-019,Moscow,2033-05-15T23:20,2033-05-16T13:30,2.5
CLEAN-008695,EVS360-038,Saint Petersburg,2033-05-15T23:20,2033-05-16T12:30,2.5
CLEAN-008696,EVS360-020,Moscow,2033-05-15T23:50,2033-05-16T14:00,2.5
CLEAN-008697,EVS360-039,Saint Petersburg,2033-05-15T23:50,2033-05-16T13:00,2.5
CLEAN-008698,EVS360-001,Moscow,2033-05-17T18:50,2033-05-18T09:00,2.5
CLEAN-008699,EVS360-002,Moscow,2033-05-17T19:20,2033-05-18T09:30,2.5
CLEAN-008700,EVS360-003,Moscow,2033-05-17T19:50,2033-05-18T10:00,2.5
CLEAN-008701,EVS360-021,Saint Petersburg,2033-05-17T19:50,2033-05-18T08:30,2.5
CLEAN-008702,EVS360-004,Moscow,2033-05-17T20:10,2033-05-18T10:15,2.5
CLEAN-008703,EVS360-022,Saint Petersburg,2033-05-17T20:10,2033-05-18T09:00,2.5
CLEAN-008704,EVS360-005,Moscow,2033-05-17T20:35,2033-05-18T10:30,2.5
CLEAN-008705,EVS360-023,Saint Petersburg,2033-05-17T20:35,2033-05-18T09:30,2.5
CLEAN-008706,EVS360-006,Moscow,2033-05-17T20:50,2033-05-18T11:00,2.5
CLEAN-008707,EVS360-024,Saint Petersburg,2033-05-17T20:50,2033-05-18T10:00,2.5
CLEAN-008708,EVS360-007,Moscow,2033-05-17T21:20,2033-05-18T11:30,2.5
CLEAN-008709,EVS360-025,Saint Petersburg,2033-05-17T21:20,2033-05-18T10:15,2.5
CLEAN-008710,EVS360-008,Moscow,2033-05-17T21:50,2033-05-18T12:00,2.5
CLEAN-008711,EVS360-026,Saint Petersburg,2033-05-17T21:50,2033-05-18T10:30,2.5
CLEAN-008712,EVS360-009,Moscow,2033-05-17T22:10,2033-05-18T12:30,2.5
CLEAN-008713,EVS360-027,Saint Petersburg,2033-05-17T22:10,2033-05-18T11:00,2.5
CLEAN-008714,EVS360-028,Saint Petersburg,2033-05-17T22:35,2033-05-18T11:30,2.5
CLEAN-008715,EVS360-010,Moscow,2033-05-17T22:50,2033-05-18T13:00,2.5
CLEAN-008716,EVS360-029,Saint Petersburg,2033-05-17T22:50,2033-05-18T12:00,2.5
CLEAN-008717,EVS360-011,Moscow,2033-05-17T23:20,2033-05-18T13:30,2.5
CLEAN-008718,EVS360-030,Saint Petersburg,2033-05-17T23:20,2033-05-18T12:30,2.5
CLEAN-008719,EVS360-012,Moscow,2033-05-17T23:50,2033-05-18T14:00,2.5
CLEAN-008720,EVS360-031,Saint Petersburg,2033-05-17T23:50,2033-05-18T13:00,2.5
CLEAN-008721,EVS360-013,Moscow,2033-05-18T00:10,2033-05-18T14:30,2.5
CLEAN-008722,EVS360-032,Saint Petersburg,2033-05-18T00:10,2033-05-18T14:00,2.5
CLEAN-008723,EVS360-014,Moscow,2033-05-18T08:10,2033-05-18T15:00,2.5
CLEAN-008724,EVS360-033,Saint Petersburg,2033-05-18T08:10,2033-05-18T14:30,2.5
CLEAN-008725,EVS360-015,Moscow,2033-05-18T08:35,2033-05-18T16:00,2.5
CLEAN-008726,EVS360-034,Saint Petersburg,2033-05-18T08:35,2033-05-18T15:00,2.5
CLEAN-008727,EVS360-016,Moscow,2033-05-18T08:50,2033-05-18T16:30,2.5
CLEAN-008728,EVS360-035,Saint Petersburg,2033-05-18T08:50,2033-05-18T16:00,2.5
CLEAN-008729,EVS360-017,Moscow,2033-05-18T09:20,2033-05-18T17:30,2.5
CLEAN-008730,EVS360-036,Saint Petersburg,2033-05-18T09:20,2033-05-18T16:30,2.5
CLEAN-008731,EVS360-018,Moscow,2033-05-18T09:35,2033-05-18T18:00,2.5
CLEAN-008732,EVS360-019,Moscow,2033-05-18T09:50,2033-05-18T18:15,2.5
CLEAN-008733,EVS360-037,Saint Petersburg,2033-05-18T09:50,2033-05-18T17:00,2.5
CLEAN-008734,EVS360-020,Moscow,2033-05-18T10:10,2033-05-18T18:30,2.5
CLEAN-008735,EVS360-038,Saint Petersburg,2033-05-18T10:10,2033-05-18T17:30,2.5
CLEAN-008736,EVS360-039,Saint Petersburg,2033-05-18T10:50,2033-05-18T18:00,2.5
CLEAN-008737,EVS360-001,Moscow,2033-05-19T22:10,2033-05-20T12:30,2.5
CLEAN-008738,EVS360-002,Moscow,2033-05-19T22:50,2033-05-20T13:00,2.5
CLEAN-008739,EVS360-021,Saint Petersburg,2033-05-19T22:50,2033-05-20T12:00,2.5
CLEAN-008740,EVS360-003,Moscow,2033-05-19T23:20,2033-05-20T13:30,2.5
CLEAN-008741,EVS360-022,Saint Petersburg,2033-05-19T23:20,2033-05-20T12:30,2.5
CLEAN-008742,EVS360-004,Moscow,2033-05-19T23:50,2033-05-20T14:00,2.5
CLEAN-008743,EVS360-023,Saint Petersburg,2033-05-19T23:50,2033-05-20T13:00,2.5
CLEAN-008744,EVS360-005,Moscow,2033-05-20T00:10,2033-05-20T14:30,2.5
CLEAN-008745,EVS360-024,Saint Petersburg,2033-05-20T00:10,2033-05-20T14:00,2.5
CLEAN-008746,EVS360-006,Moscow,2033-05-20T08:10,2033-05-20T15:00,2.5
CLEAN-008747,EVS360-025,Saint Petersburg,2033-05-20T08:10,2033-05-20T14:30,2.5
CLEAN-008748,EVS360-007,Moscow,2033-05-20T08:35,2033-05-20T16:00,2.5
CLEAN-008749,EVS360-026,Saint Petersburg,2033-05-20T08:35,2033-05-20T15:00,2.5
CLEAN-008750,EVS360-008,Moscow,2033-05-20T08:50,2033-05-20T16:30,2.5
CLEAN-008751,EVS360-027,Saint Petersburg,2033-05-20T08:50,2033-05-20T16:00,2.5
CLEAN-008752,EVS360-009,Moscow,2033-05-20T09:20,2033-05-20T17:30,2.5
CLEAN-008753,EVS360-028,Saint Petersburg,2033-05-20T09:20,2033-05-20T16:30,2.5
CLEAN-008754,EVS360-010,Moscow,2033-05-20T09:35,2033-05-20T18:00,2.5
CLEAN-008755,EVS360-011,Moscow,2033-05-20T09:50,2033-05-20T18:15,2.5
CLEAN-008756,EVS360-029,Saint Petersburg,2033-05-20T09:50,2033-05-20T17:00,2.5
CLEAN-008757,EVS360-012,Moscow,2033-05-20T10:10,2033-05-20T18:30,2.5
CLEAN-008758,EVS360-030,Saint Petersburg,2033-05-20T10:10,2033-05-20T17:30,2.5
CLEAN-008759,EVS360-013,Moscow,2033-05-20T10:50,2033-05-20T19:00,2.5
CLEAN-008760,EVS360-031,Saint Petersburg,2033-05-20T10:50,2033-05-20T18:00,2.5
CLEAN-008761,EVS360-014,Moscow,2033-05-20T11:20,2033-05-20T19:30,2.5
CLEAN-008762,EVS360-032,Saint Petersburg,2033-05-20T11:20,2033-05-20T18:15,2.5
CLEAN-008763,EVS360-015,Moscow,2033-05-20T11:50,2033-05-20T20:00,2.5
CLEAN-008764,EVS360-033,Saint Petersburg,2033-05-20T11:50,2033-05-20T18:30,2.5
CLEAN-008765,EVS360-016,Moscow,2033-05-20T12:10,2033-05-20T20:15,2.5
CLEAN-008766,EVS360-034,Saint Petersburg,2033-05-20T12:10,2033-05-20T19:00,2.5
CLEAN-008767,EVS360-017,Moscow,2033-05-20T12:35,2033-05-20T20:30,2.5
CLEAN-008768,EVS360-035,Saint Petersburg,2033-05-20T12:35,2033-05-20T19:30,2.5
CLEAN-008769,EVS360-018,Moscow,2033-05-20T12:50,2033-05-20T21:00,2.5
CLEAN-008770,EVS360-036,Saint Petersburg,2033-05-20T12:50,2033-05-20T20:00,2.5
CLEAN-008771,EVS360-019,Moscow,2033-05-20T13:20,2033-05-20T21:30,2.5
CLEAN-008772,EVS360-037,Saint Petersburg,2033-05-20T13:20,2033-05-20T20:30,2.5
CLEAN-008773,EVS360-020,Moscow,2033-05-20T13:50,2033-05-20T22:00,2.5
CLEAN-008774,EVS360-038,Saint Petersburg,2033-05-20T13:50,2033-05-20T21:00,2.5
CLEAN-008775,EVS360-039,Saint Petersburg,2033-05-20T14:10,2033-05-20T21:30,2.5
CLEAN-008776,EVS360-001,Moscow,2033-05-22T09:20,2033-05-22T17:30,2.5
CLEAN-008777,EVS360-002,Moscow,2033-05-22T09:35,2033-05-22T18:00,2.5
CLEAN-008778,EVS360-003,Moscow,2033-05-22T09:50,2033-05-22T18:15,2.5
CLEAN-008779,EVS360-021,Saint Petersburg,2033-05-22T09:50,2033-05-22T17:00,2.5
CLEAN-008780,EVS360-004,Moscow,2033-05-22T10:10,2033-05-22T18:30,2.5
CLEAN-008781,EVS360-022,Saint Petersburg,2033-05-22T10:10,2033-05-22T17:30,2.5
CLEAN-008782,EVS360-005,Moscow,2033-05-22T10:50,2033-05-22T19:00,2.5
CLEAN-008783,EVS360-023,Saint Petersburg,2033-05-22T10:50,2033-05-22T18:00,2.5
CLEAN-008784,EVS360-006,Moscow,2033-05-22T11:20,2033-05-22T19:30,2.5
CLEAN-008785,EVS360-024,Saint Petersburg,2033-05-22T11:20,2033-05-22T18:15,2.5
CLEAN-008786,EVS360-007,Moscow,2033-05-22T11:50,2033-05-22T20:00,2.5
CLEAN-008787,EVS360-025,Saint Petersburg,2033-05-22T11:50,2033-05-22T18:30,2.5
CLEAN-008788,EVS360-008,Moscow,2033-05-22T12:10,2033-05-22T20:15,2.5
CLEAN-008789,EVS360-026,Saint Petersburg,2033-05-22T12:10,2033-05-22T19:00,2.5
CLEAN-008790,EVS360-009,Moscow,2033-05-22T12:35,2033-05-22T20:30,2.5
CLEAN-008791,EVS360-027,Saint Petersburg,2033-05-22T12:35,2033-05-22T19:30,2.5
CLEAN-008792,EVS360-010,Moscow,2033-05-22T12:50,2033-05-22T21:00,2.5
CLEAN-008793,EVS360-028,Saint Petersburg,2033-05-22T12:50,2033-05-22T20:00,2.5
CLEAN-008794,EVS360-011,Moscow,2033-05-22T13:20,2033-05-22T21:30,2.5
CLEAN-008795,EVS360-029,Saint Petersburg,2033-05-22T13:20,2033-05-22T20:30,2.5
CLEAN-008796,EVS360-012,Moscow,2033-05-22T13:50,2033-05-22T22:00,2.5
CLEAN-008797,EVS360-030,Saint Petersburg,2033-05-22T13:50,2033-05-22T21:00,2.5
CLEAN-008798,EVS360-013,Moscow,2033-05-22T14:10,2033-05-23T06:00,2.5
CLEAN-008799,EVS360-031,Saint Petersburg,2033-05-22T14:10,2033-05-22T21:30,2.5
CLEAN-008800,EVS360-014,Moscow,2033-05-22T14:50,2033-05-23T06:15,2.5
CLEAN-008801,EVS360-032,Saint Petersburg,2033-05-22T14:50,2033-05-22T22:00,2.5
CLEAN-008802,EVS360-015,Moscow,2033-05-22T15:20,2033-05-23T06:30,2.5
CLEAN-008803,EVS360-033,Saint Petersburg,2033-05-22T15:20,2033-05-23T06:00,2.5
CLEAN-008804,EVS360-034,Saint Petersburg,2033-05-22T15:50,2033-05-23T06:15,2.5
CLEAN-008805,EVS360-016,Moscow,2033-05-22T16:10,2033-05-23T07:00,2.5
CLEAN-008806,EVS360-035,Saint Petersburg,2033-05-22T16:10,2033-05-23T06:30,2.5
CLEAN-008807,EVS360-017,Moscow,2033-05-22T16:50,2033-05-23T07:30,2.5
CLEAN-008808,EVS360-036,Saint Petersburg,2033-05-22T16:50,2033-05-23T07:00,2.5
CLEAN-008809,EVS360-018,Moscow,2033-05-22T17:20,2033-05-23T08:00,2.5
CLEAN-008810,EVS360-037,Saint Petersburg,2033-05-22T17:20,2033-05-23T07:15,2.5
CLEAN-008811,EVS360-019,Moscow,2033-05-22T18:10,2033-05-23T08:30,2.5
CLEAN-008812,EVS360-038,Saint Petersburg,2033-05-22T18:10,2033-05-23T07:30,2.5
CLEAN-008813,EVS360-020,Moscow,2033-05-22T18:50,2033-05-23T09:00,2.5
CLEAN-008814,EVS360-039,Saint Petersburg,2033-05-22T18:50,2033-05-23T08:00,2.5
CLEAN-008815,EVS360-001,Moscow,2033-05-24T12:35,2033-05-24T20:30,2.5
CLEAN-008816,EVS360-002,Moscow,2033-05-24T12:50,2033-05-24T21:00,2.5
CLEAN-008817,EVS360-003,Moscow,2033-05-24T13:20,2033-05-24T21:30,2.5
CLEAN-008818,EVS360-021,Saint Petersburg,2033-05-24T13:20,2033-05-24T20:30,2.5
CLEAN-008819,EVS360-004,Moscow,2033-05-24T13:50,2033-05-24T22:00,2.5
CLEAN-008820,EVS360-022,Saint Petersburg,2033-05-24T13:50,2033-05-24T21:00,2.5
CLEAN-008821,EVS360-005,Moscow,2033-05-24T14:10,2033-05-25T06:00,2.5
CLEAN-008822,EVS360-023,Saint Petersburg,2033-05-24T14:10,2033-05-24T21:30,2.5
CLEAN-008823,EVS360-006,Moscow,2033-05-24T14:50,2033-05-25T06:15,2.5
CLEAN-008824,EVS360-024,Saint Petersburg,2033-05-24T14:50,2033-05-24T22:00,2.5
CLEAN-008825,EVS360-007,Moscow,2033-05-24T15:20,2033-05-25T06:30,2.5
CLEAN-008826,EVS360-025,Saint Petersburg,2033-05-24T15:20,2033-05-25T06:00,2.5
CLEAN-008827,EVS360-026,Saint Petersburg,2033-05-24T15:50,2033-05-25T06:15,2.5
CLEAN-008828,EVS360-008,Moscow,2033-05-24T16:10,2033-05-25T07:00,2.5
CLEAN-008829,EVS360-027,Saint Petersburg,2033-05-24T16:10,2033-05-25T06:30,2.5
CLEAN-008830,EVS360-009,Moscow,2033-05-24T16:50,2033-05-25T07:30,2.5
CLEAN-008831,EVS360-028,Saint Petersburg,2033-05-24T16:50,2033-05-25T07:00,2.5
CLEAN-008832,EVS360-010,Moscow,2033-05-24T17:20,2033-05-25T08:00,2.5
CLEAN-008833,EVS360-029,Saint Petersburg,2033-05-24T17:20,2033-05-25T07:15,2.5
CLEAN-008834,EVS360-011,Moscow,2033-05-24T18:10,2033-05-25T08:30,2.5
CLEAN-008835,EVS360-030,Saint Petersburg,2033-05-24T18:10,2033-05-25T07:30,2.5
CLEAN-008836,EVS360-012,Moscow,2033-05-24T18:50,2033-05-25T09:00,2.5
CLEAN-008837,EVS360-031,Saint Petersburg,2033-05-24T18:50,2033-05-25T08:00,2.5
CLEAN-008838,EVS360-013,Moscow,2033-05-24T19:20,2033-05-25T09:30,2.5
CLEAN-008839,EVS360-014,Moscow,2033-05-24T19:50,2033-05-25T10:00,2.5
CLEAN-008840,EVS360-032,Saint Petersburg,2033-05-24T19:50,2033-05-25T08:30,2.5
CLEAN-008841,EVS360-015,Moscow,2033-05-24T20:10,2033-05-25T10:15,2.5
CLEAN-008842,EVS360-033,Saint Petersburg,2033-05-24T20:10,2033-05-25T09:00,2.5
CLEAN-008843,EVS360-016,Moscow,2033-05-24T20:35,2033-05-25T10:30,2.5
CLEAN-008844,EVS360-034,Saint Petersburg,2033-05-24T20:35,2033-05-25T09:30,2.5
CLEAN-008845,EVS360-017,Moscow,2033-05-24T20:50,2033-05-25T11:00,2.5
CLEAN-008846,EVS360-035,Saint Petersburg,2033-05-24T20:50,2033-05-25T10:00,2.5
CLEAN-008847,EVS360-018,Moscow,2033-05-24T21:20,2033-05-25T11:30,2.5
CLEAN-008848,EVS360-036,Saint Petersburg,2033-05-24T21:20,2033-05-25T10:15,2.5
CLEAN-008849,EVS360-019,Moscow,2033-05-24T21:50,2033-05-25T12:00,2.5
CLEAN-008850,EVS360-037,Saint Petersburg,2033-05-24T21:50,2033-05-25T10:30,2.5
CLEAN-008851,EVS360-020,Moscow,2033-05-24T22:10,2033-05-25T12:30,2.5
CLEAN-008852,EVS360-038,Saint Petersburg,2033-05-24T22:10,2033-05-25T11:00,2.5
CLEAN-008853,EVS360-039,Saint Petersburg,2033-05-24T22:35,2033-05-25T11:30,2.5
CLEAN-008854,EVS360-001,Moscow,2033-05-26T16:50,2033-05-27T07:30,2.5
CLEAN-008855,EVS360-002,Moscow,2033-05-26T17:20,2033-05-27T08:00,2.5
CLEAN-008856,EVS360-021,Saint Petersburg,2033-05-26T17:20,2033-05-27T07:15,2.5
CLEAN-008857,EVS360-003,Moscow,2033-05-26T18:10,2033-05-27T08:30,2.5
CLEAN-008858,EVS360-022,Saint Petersburg,2033-05-26T18:10,2033-05-27T07:30,2.5
CLEAN-008859,EVS360-004,Moscow,2033-05-26T18:50,2033-05-27T09:00,2.5
CLEAN-008860,EVS360-023,Saint Petersburg,2033-05-26T18:50,2033-05-27T08:00,2.5
CLEAN-008861,EVS360-005,Moscow,2033-05-26T19:20,2033-05-27T09:30,2.5
CLEAN-008862,EVS360-006,Moscow,2033-05-26T19:50,2033-05-27T10:00,2.5
CLEAN-008863,EVS360-024,Saint Petersburg,2033-05-26T19:50,2033-05-27T08:30,2.5
CLEAN-008864,EVS360-007,Moscow,2033-05-26T20:10,2033-05-27T10:15,2.5
CLEAN-008865,EVS360-025,Saint Petersburg,2033-05-26T20:10,2033-05-27T09:00,2.5
CLEAN-008866,EVS360-008,Moscow,2033-05-26T20:35,2033-05-27T10:30,2.5
CLEAN-008867,EVS360-026,Saint Petersburg,2033-05-26T20:35,2033-05-27T09:30,2.5
CLEAN-008868,EVS360-009,Moscow,2033-05-26T20:50,2033-05-27T11:00,2.5
CLEAN-008869,EVS360-027,Saint Petersburg,2033-05-26T20:50,2033-05-27T10:00,2.5
CLEAN-008870,EVS360-010,Moscow,2033-05-26T21:20,2033-05-27T11:30,2.5
CLEAN-008871,EVS360-028,Saint Petersburg,2033-05-26T21:20,2033-05-27T10:15,2.5
CLEAN-008872,EVS360-011,Moscow,2033-05-26T21:50,2033-05-27T12:00,2.5
CLEAN-008873,EVS360-029,Saint Petersburg,2033-05-26T21:50,2033-05-27T10:30,2.5
CLEAN-008874,EVS360-012,Moscow,2033-05-26T22:10,2033-05-27T12:30,2.5
CLEAN-008875,EVS360-030,Saint Petersburg,2033-05-26T22:10,2033-05-27T11:00,2.5
CLEAN-008876,EVS360-031,Saint Petersburg,2033-05-26T22:35,2033-05-27T11:30,2.5
CLEAN-008877,EVS360-013,Moscow,2033-05-26T22:50,2033-05-27T13:00,2.5
CLEAN-008878,EVS360-032,Saint Petersburg,2033-05-26T22:50,2033-05-27T12:00,2.5
CLEAN-008879,EVS360-014,Moscow,2033-05-26T23:20,2033-05-27T13:30,2.5
CLEAN-008880,EVS360-033,Saint Petersburg,2033-05-26T23:20,2033-05-27T12:30,2.5
CLEAN-008881,EVS360-015,Moscow,2033-05-26T23:50,2033-05-27T14:00,2.5
CLEAN-008882,EVS360-034,Saint Petersburg,2033-05-26T23:50,2033-05-27T13:00,2.5
CLEAN-008883,EVS360-016,Moscow,2033-05-27T00:10,2033-05-27T14:30,2.5
CLEAN-008884,EVS360-035,Saint Petersburg,2033-05-27T00:10,2033-05-27T14:00,2.5
CLEAN-008885,EVS360-017,Moscow,2033-05-27T08:10,2033-05-27T15:00,2.5
CLEAN-008886,EVS360-036,Saint Petersburg,2033-05-27T08:10,2033-05-27T14:30,2.5
CLEAN-008887,EVS360-018,Moscow,2033-05-27T08:35,2033-05-27T16:00,2.5
CLEAN-008888,EVS360-037,Saint Petersburg,2033-05-27T08:35,2033-05-27T15:00,2.5
CLEAN-008889,EVS360-019,Moscow,2033-05-27T08:50,2033-05-27T16:30,2.5
CLEAN-008890,EVS360-038,Saint Petersburg,2033-05-27T08:50,2033-05-27T16:00,2.5
CLEAN-008891,EVS360-020,Moscow,2033-05-27T09:20,2033-05-27T17:30,2.5
CLEAN-008892,EVS360-039,Saint Petersburg,2033-05-27T09:20,2033-05-27T16:30,2.5
CLEAN-008893,EVS360-001,Moscow,2033-05-28T20:50,2033-05-29T11:00,2.5
CLEAN-008894,EVS360-002,Moscow,2033-05-28T21:20,2033-05-29T11:30,2.5
CLEAN-008895,EVS360-003,Moscow,2033-05-28T21:50,2033-05-29T12:00,2.5
CLEAN-008896,EVS360-021,Saint Petersburg,2033-05-28T21:50,2033-05-29T10:30,2.5
CLEAN-008897,EVS360-004,Moscow,2033-05-28T22:10,2033-05-29T12:30,2.5
CLEAN-008898,EVS360-022,Saint Petersburg,2033-05-28T22:10,2033-05-29T11:00,2.5
CLEAN-008899,EVS360-023,Saint Petersburg,2033-05-28T22:35,2033-05-29T11:30,2.5
CLEAN-008900,EVS360-005,Moscow,2033-05-28T22:50,2033-05-29T13:00,2.5
CLEAN-008901,EVS360-024,Saint Petersburg,2033-05-28T22:50,2033-05-29T12:00,2.5
CLEAN-008902,EVS360-006,Moscow,2033-05-28T23:20,2033-05-29T13:30,2.5
CLEAN-008903,EVS360-025,Saint Petersburg,2033-05-28T23:20,2033-05-29T12:30,2.5
CLEAN-008904,EVS360-007,Moscow,2033-05-28T23:50,2033-05-29T14:00,2.5
CLEAN-008905,EVS360-026,Saint Petersburg,2033-05-28T23:50,2033-05-29T13:00,2.5
CLEAN-008906,EVS360-008,Moscow,2033-05-29T00:10,2033-05-29T14:30,2.5
CLEAN-008907,EVS360-027,Saint Petersburg,2033-05-29T00:10,2033-05-29T14:00,2.5
CLEAN-008908,EVS360-009,Moscow,2033-05-29T08:10,2033-05-29T15:00,2.5
CLEAN-008909,EVS360-028,Saint Petersburg,2033-05-29T08:10,2033-05-29T14:30,2.5
CLEAN-008910,EVS360-010,Moscow,2033-05-29T08:35,2033-05-29T16:00,2.5
CLEAN-008911,EVS360-029,Saint Petersburg,2033-05-29T08:35,2033-05-29T15:00,2.5
CLEAN-008912,EVS360-011,Moscow,2033-05-29T08:50,2033-05-29T16:30,2.5
CLEAN-008913,EVS360-030,Saint Petersburg,2033-05-29T08:50,2033-05-29T16:00,2.5
CLEAN-008914,EVS360-012,Moscow,2033-05-29T09:20,2033-05-29T17:30,2.5
CLEAN-008915,EVS360-031,Saint Petersburg,2033-05-29T09:20,2033-05-29T16:30,2.5
CLEAN-008916,EVS360-013,Moscow,2033-05-29T09:35,2033-05-29T18:00,2.5
CLEAN-008917,EVS360-014,Moscow,2033-05-29T09:50,2033-05-29T18:15,2.5
CLEAN-008918,EVS360-032,Saint Petersburg,2033-05-29T09:50,2033-05-29T17:00,2.5
CLEAN-008919,EVS360-015,Moscow,2033-05-29T10:10,2033-05-29T18:30,2.5
CLEAN-008920,EVS360-033,Saint Petersburg,2033-05-29T10:10,2033-05-29T17:30,2.5
CLEAN-008921,EVS360-016,Moscow,2033-05-29T10:50,2033-05-29T19:00,2.5
CLEAN-008922,EVS360-034,Saint Petersburg,2033-05-29T10:50,2033-05-29T18:00,2.5
CLEAN-008923,EVS360-017,Moscow,2033-05-29T11:20,2033-05-29T19:30,2.5
CLEAN-008924,EVS360-035,Saint Petersburg,2033-05-29T11:20,2033-05-29T18:15,2.5
CLEAN-008925,EVS360-018,Moscow,2033-05-29T11:50,2033-05-29T20:00,2.5
CLEAN-008926,EVS360-036,Saint Petersburg,2033-05-29T11:50,2033-05-29T18:30,2.5
CLEAN-008927,EVS360-019,Moscow,2033-05-29T12:10,2033-05-29T20:15,2.5
CLEAN-008928,EVS360-037,Saint Petersburg,2033-05-29T12:10,2033-05-29T19:00,2.5
CLEAN-008929,EVS360-020,Moscow,2033-05-29T12:35,2033-05-29T20:30,2.5
CLEAN-008930,EVS360-038,Saint Petersburg,2033-05-29T12:35,2033-05-29T19:30,2.5
CLEAN-008931,EVS360-039,Saint Petersburg,2033-05-29T12:50,2033-05-29T20:00,2.5
CLEAN-008932,EVS360-001,Moscow,2033-05-31T08:10,2033-05-31T15:00,2.5
CLEAN-008933,EVS360-002,Moscow,2033-05-31T08:35,2033-05-31T16:00,2.5
CLEAN-008934,EVS360-021,Saint Petersburg,2033-05-31T08:35,2033-05-31T15:00,2.5
CLEAN-008935,EVS360-003,Moscow,2033-05-31T08:50,2033-05-31T16:30,2.5
CLEAN-008936,EVS360-022,Saint Petersburg,2033-05-31T08:50,2033-05-31T16:00,2.5
CLEAN-008937,EVS360-004,Moscow,2033-05-31T09:20,2033-05-31T17:30,2.5
CLEAN-008938,EVS360-023,Saint Petersburg,2033-05-31T09:20,2033-05-31T16:30,2.5
CLEAN-008939,EVS360-005,Moscow,2033-05-31T09:35,2033-05-31T18:00,2.5
CLEAN-008940,EVS360-006,Moscow,2033-05-31T09:50,2033-05-31T18:15,2.5
CLEAN-008941,EVS360-024,Saint Petersburg,2033-05-31T09:50,2033-05-31T17:00,2.5
CLEAN-008942,EVS360-007,Moscow,2033-05-31T10:10,2033-05-31T18:30,2.5
CLEAN-008943,EVS360-025,Saint Petersburg,2033-05-31T10:10,2033-05-31T17:30,2.5
CLEAN-008944,EVS360-008,Moscow,2033-05-31T10:50,2033-05-31T19:00,2.5
CLEAN-008945,EVS360-026,Saint Petersburg,2033-05-31T10:50,2033-05-31T18:00,2.5
CLEAN-008946,EVS360-009,Moscow,2033-05-31T11:20,2033-05-31T19:30,2.5
CLEAN-008947,EVS360-027,Saint Petersburg,2033-05-31T11:20,2033-05-31T18:15,2.5
CLEAN-008948,EVS360-010,Moscow,2033-05-31T11:50,2033-05-31T20:00,2.5
CLEAN-008949,EVS360-028,Saint Petersburg,2033-05-31T11:50,2033-05-31T18:30,2.5
CLEAN-008950,EVS360-011,Moscow,2033-05-31T12:10,2033-05-31T20:15,2.5
CLEAN-008951,EVS360-029,Saint Petersburg,2033-05-31T12:10,2033-05-31T19:00,2.5
CLEAN-008952,EVS360-012,Moscow,2033-05-31T12:35,2033-05-31T20:30,2.5
CLEAN-008953,EVS360-030,Saint Petersburg,2033-05-31T12:35,2033-05-31T19:30,2.5
CLEAN-008954,EVS360-013,Moscow,2033-05-31T12:50,2033-05-31T21:00,2.5
CLEAN-008955,EVS360-031,Saint Petersburg,2033-05-31T12:50,2033-05-31T20:00,2.5
CLEAN-008956,EVS360-014,Moscow,2033-05-31T13:20,2033-05-31T21:30,2.5
CLEAN-008957,EVS360-032,Saint Petersburg,2033-05-31T13:20,2033-05-31T20:30,2.5
CLEAN-008958,EVS360-015,Moscow,2033-05-31T13:50,2033-05-31T22:00,2.5
CLEAN-008959,EVS360-033,Saint Petersburg,2033-05-31T13:50,2033-05-31T21:00,2.5
CLEAN-008960,EVS360-016,Moscow,2033-05-31T14:10,2033-06-01T06:00,2.5
CLEAN-008961,EVS360-034,Saint Petersburg,2033-05-31T14:10,2033-05-31T21:30,2.5
CLEAN-008962,EVS360-017,Moscow,2033-05-31T14:50,2033-06-01T06:15,2.5
CLEAN-008963,EVS360-035,Saint Petersburg,2033-05-31T14:50,2033-05-31T22:00,2.5
CLEAN-008964,EVS360-018,Moscow,2033-05-31T15:20,2033-06-01T06:30,2.5
CLEAN-008965,EVS360-036,Saint Petersburg,2033-05-31T15:20,2033-06-01T06:00,2.5
CLEAN-008966,EVS360-037,Saint Petersburg,2033-05-31T15:50,2033-06-01T06:15,2.5
CLEAN-008967,EVS360-019,Moscow,2033-05-31T16:10,2033-06-01T07:00,2.5
CLEAN-008968,EVS360-038,Saint Petersburg,2033-05-31T16:10,2033-06-01T06:30,2.5
CLEAN-008969,EVS360-020,Moscow,2033-05-31T16:50,2033-06-01T07:30,2.5
CLEAN-008970,EVS360-039,Saint Petersburg,2033-05-31T16:50,2033-06-01T07:00,2.5
CLEAN-008971,EVS360-001,Moscow,2033-06-02T11:20,2033-06-02T19:30,2.5
CLEAN-008972,EVS360-002,Moscow,2033-06-02T11:50,2033-06-02T20:00,2.5
CLEAN-008973,EVS360-003,Moscow,2033-06-02T12:10,2033-06-02T20:15,2.5
CLEAN-008974,EVS360-021,Saint Petersburg,2033-06-02T12:10,2033-06-02T19:00,2.5
CLEAN-008975,EVS360-004,Moscow,2033-06-02T12:35,2033-06-02T20:30,2.5
CLEAN-008976,EVS360-022,Saint Petersburg,2033-06-02T12:35,2033-06-02T19:30,2.5
CLEAN-008977,EVS360-005,Moscow,2033-06-02T12:50,2033-06-02T21:00,2.5
CLEAN-008978,EVS360-023,Saint Petersburg,2033-06-02T12:50,2033-06-02T20:00,2.5
CLEAN-008979,EVS360-006,Moscow,2033-06-02T13:20,2033-06-02T21:30,2.5
CLEAN-008980,EVS360-024,Saint Petersburg,2033-06-02T13:20,2033-06-02T20:30,2.5
CLEAN-008981,EVS360-007,Moscow,2033-06-02T13:50,2033-06-02T22:00,2.5
CLEAN-008982,EVS360-025,Saint Petersburg,2033-06-02T13:50,2033-06-02T21:00,2.5
CLEAN-008983,EVS360-008,Moscow,2033-06-02T14:10,2033-06-03T06:00,2.5
CLEAN-008984,EVS360-026,Saint Petersburg,2033-06-02T14:10,2033-06-02T21:30,2.5
CLEAN-008985,EVS360-009,Moscow,2033-06-02T14:50,2033-06-03T06:15,2.5
CLEAN-008986,EVS360-027,Saint Petersburg,2033-06-02T14:50,2033-06-02T22:00,2.5
CLEAN-008987,EVS360-010,Moscow,2033-06-02T15:20,2033-06-03T06:30,2.5
CLEAN-008988,EVS360-028,Saint Petersburg,2033-06-02T15:20,2033-06-03T06:00,2.5
CLEAN-008989,EVS360-029,Saint Petersburg,2033-06-02T15:50,2033-06-03T06:15,2.5
CLEAN-008990,EVS360-011,Moscow,2033-06-02T16:10,2033-06-03T07:00,2.5
CLEAN-008991,EVS360-030,Saint Petersburg,2033-06-02T16:10,2033-06-03T06:30,2.5
CLEAN-008992,EVS360-012,Moscow,2033-06-02T16:50,2033-06-03T07:30,2.5
CLEAN-008993,EVS360-031,Saint Petersburg,2033-06-02T16:50,2033-06-03T07:00,2.5
CLEAN-008994,EVS360-013,Moscow,2033-06-02T17:20,2033-06-03T08:00,2.5
CLEAN-008995,EVS360-032,Saint Petersburg,2033-06-02T17:20,2033-06-03T07:15,2.5
CLEAN-008996,EVS360-014,Moscow,2033-06-02T18:10,2033-06-03T08:30,2.5
CLEAN-008997,EVS360-033,Saint Petersburg,2033-06-02T18:10,2033-06-03T07:30,2.5
CLEAN-008998,EVS360-015,Moscow,2033-06-02T18:50,2033-06-03T09:00,2.5
CLEAN-008999,EVS360-034,Saint Petersburg,2033-06-02T18:50,2033-06-03T08:00,2.5
CLEAN-009000,EVS360-016,Moscow,2033-06-02T19:20,2033-06-03T09:30,2.5
CLEAN-009001,EVS360-017,Moscow,2033-06-02T19:50,2033-06-03T10:00,2.5
CLEAN-009002,EVS360-035,Saint Petersburg,2033-06-02T19:50,2033-06-03T08:30,2.5
CLEAN-009003,EVS360-018,Moscow,2033-06-02T20:10,2033-06-03T10:15,2.5
CLEAN-009004,EVS360-036,Saint Petersburg,2033-06-02T20:10,2033-06-03T09:00,2.5
CLEAN-009005,EVS360-019,Moscow,2033-06-02T20:35,2033-06-03T10:30,2.5
CLEAN-009006,EVS360-037,Saint Petersburg,2033-06-02T20:35,2033-06-03T09:30,2.5
CLEAN-009007,EVS360-020,Moscow,2033-06-02T20:50,2033-06-03T11:00,2.5
CLEAN-009008,EVS360-038,Saint Petersburg,2033-06-02T20:50,2033-06-03T10:00,2.5
CLEAN-009009,EVS360-039,Saint Petersburg,2033-06-02T21:20,2033-06-03T10:15,2.5
CLEAN-009010,EVS360-001,Moscow,2033-06-04T14:50,2033-06-05T06:15,2.5
CLEAN-009011,EVS360-002,Moscow,2033-06-04T15:20,2033-06-05T06:30,2.5
CLEAN-009012,EVS360-021,Saint Petersburg,2033-06-04T15:50,2033-06-05T06:15,2.5
CLEAN-009013,EVS360-003,Moscow,2033-06-04T16:10,2033-06-05T07:00,2.5
CLEAN-009014,EVS360-022,Saint Petersburg,2033-06-04T16:10,2033-06-05T06:30,2.5
CLEAN-009015,EVS360-004,Moscow,2033-06-04T16:50,2033-06-05T07:30,2.5
CLEAN-009016,EVS360-023,Saint Petersburg,2033-06-04T16:50,2033-06-05T07:00,2.5
CLEAN-009017,EVS360-005,Moscow,2033-06-04T17:20,2033-06-05T08:00,2.5
CLEAN-009018,EVS360-024,Saint Petersburg,2033-06-04T17:20,2033-06-05T07:15,2.5
CLEAN-009019,EVS360-006,Moscow,2033-06-04T18:10,2033-06-05T08:30,2.5
CLEAN-009020,EVS360-025,Saint Petersburg,2033-06-04T18:10,2033-06-05T07:30,2.5
CLEAN-009021,EVS360-007,Moscow,2033-06-04T18:50,2033-06-05T09:00,2.5
CLEAN-009022,EVS360-026,Saint Petersburg,2033-06-04T18:50,2033-06-05T08:00,2.5
CLEAN-009023,EVS360-008,Moscow,2033-06-04T19:20,2033-06-05T09:30,2.5
CLEAN-009024,EVS360-009,Moscow,2033-06-04T19:50,2033-06-05T10:00,2.5
CLEAN-009025,EVS360-027,Saint Petersburg,2033-06-04T19:50,2033-06-05T08:30,2.5
CLEAN-009026,EVS360-010,Moscow,2033-06-04T20:10,2033-06-05T10:15,2.5
CLEAN-009027,EVS360-028,Saint Petersburg,2033-06-04T20:10,2033-06-05T09:00,2.5
CLEAN-009028,EVS360-011,Moscow,2033-06-04T20:35,2033-06-05T10:30,2.5
CLEAN-009029,EVS360-029,Saint Petersburg,2033-06-04T20:35,2033-06-05T09:30,2.5
CLEAN-009030,EVS360-012,Moscow,2033-06-04T20:50,2033-06-05T11:00,2.5
CLEAN-009031,EVS360-030,Saint Petersburg,2033-06-04T20:50,2033-06-05T10:00,2.5
CLEAN-009032,EVS360-013,Moscow,2033-06-04T21:20,2033-06-05T11:30,2.5
CLEAN-009033,EVS360-031,Saint Petersburg,2033-06-04T21:20,2033-06-05T10:15,2.5
CLEAN-009034,EVS360-014,Moscow,2033-06-04T21:50,2033-06-05T12:00,2.5
CLEAN-009035,EVS360-032,Saint Petersburg,2033-06-04T21:50,2033-06-05T10:30,2.5
CLEAN-009036,EVS360-015,Moscow,2033-06-04T22:10,2033-06-05T12:30,2.5
CLEAN-009037,EVS360-033,Saint Petersburg,2033-06-04T22:10,2033-06-05T11:00,2.5
CLEAN-009038,EVS360-034,Saint Petersburg,2033-06-04T22:35,2033-06-05T11:30,2.5
CLEAN-009039,EVS360-016,Moscow,2033-06-04T22:50,2033-06-05T13:00,2.5
CLEAN-009040,EVS360-035,Saint Petersburg,2033-06-04T22:50,2033-06-05T12:00,2.5
CLEAN-009041,EVS360-017,Moscow,2033-06-04T23:20,2033-06-05T13:30,2.5
CLEAN-009042,EVS360-036,Saint Petersburg,2033-06-04T23:20,2033-06-05T12:30,2.5
CLEAN-009043,EVS360-018,Moscow,2033-06-04T23:50,2033-06-05T14:00,2.5
CLEAN-009044,EVS360-037,Saint Petersburg,2033-06-04T23:50,2033-06-05T13:00,2.5
CLEAN-009045,EVS360-019,Moscow,2033-06-05T00:10,2033-06-05T14:30,2.5
CLEAN-009046,EVS360-038,Saint Petersburg,2033-06-05T00:10,2033-06-05T14:00,2.5
CLEAN-009047,EVS360-020,Moscow,2033-06-05T08:10,2033-06-05T15:00,2.5
CLEAN-009048,EVS360-039,Saint Petersburg,2033-06-05T08:10,2033-06-05T14:30,2.5
CLEAN-009049,EVS360-001,Moscow,2033-06-06T19:50,2033-06-07T10:00,2.5
CLEAN-009050,EVS360-002,Moscow,2033-06-06T20:10,2033-06-07T10:15,2.5
CLEAN-009051,EVS360-003,Moscow,2033-06-06T20:35,2033-06-07T10:30,2.5
CLEAN-009052,EVS360-021,Saint Petersburg,2033-06-06T20:35,2033-06-07T09:30,2.5
CLEAN-009053,EVS360-004,Moscow,2033-06-06T20:50,2033-06-07T11:00,2.5
CLEAN-009054,EVS360-022,Saint Petersburg,2033-06-06T20:50,2033-06-07T10:00,2.5
CLEAN-009055,EVS360-005,Moscow,2033-06-06T21:20,2033-06-07T11:30,2.5
CLEAN-009056,EVS360-023,Saint Petersburg,2033-06-06T21:20,2033-06-07T10:15,2.5
CLEAN-009057,EVS360-006,Moscow,2033-06-06T21:50,2033-06-07T12:00,2.5
CLEAN-009058,EVS360-024,Saint Petersburg,2033-06-06T21:50,2033-06-07T10:30,2.5
CLEAN-009059,EVS360-007,Moscow,2033-06-06T22:10,2033-06-07T12:30,2.5
CLEAN-009060,EVS360-025,Saint Petersburg,2033-06-06T22:10,2033-06-07T11:00,2.5
CLEAN-009061,EVS360-026,Saint Petersburg,2033-06-06T22:35,2033-06-07T11:30,2.5
CLEAN-009062,EVS360-008,Moscow,2033-06-06T22:50,2033-06-07T13:00,2.5
CLEAN-009063,EVS360-027,Saint Petersburg,2033-06-06T22:50,2033-06-07T12:00,2.5
CLEAN-009064,EVS360-009,Moscow,2033-06-06T23:20,2033-06-07T13:30,2.5
CLEAN-009065,EVS360-028,Saint Petersburg,2033-06-06T23:20,2033-06-07T12:30,2.5
CLEAN-009066,EVS360-010,Moscow,2033-06-06T23:50,2033-06-07T14:00,2.5
CLEAN-009067,EVS360-029,Saint Petersburg,2033-06-06T23:50,2033-06-07T13:00,2.5
CLEAN-009068,EVS360-011,Moscow,2033-06-07T00:10,2033-06-07T14:30,2.5
CLEAN-009069,EVS360-030,Saint Petersburg,2033-06-07T00:10,2033-06-07T14:00,2.5
CLEAN-009070,EVS360-012,Moscow,2033-06-07T08:10,2033-06-07T15:00,2.5
CLEAN-009071,EVS360-031,Saint Petersburg,2033-06-07T08:10,2033-06-07T14:30,2.5
CLEAN-009072,EVS360-013,Moscow,2033-06-07T08:35,2033-06-07T16:00,2.5
CLEAN-009073,EVS360-032,Saint Petersburg,2033-06-07T08:35,2033-06-07T15:00,2.5
CLEAN-009074,EVS360-014,Moscow,2033-06-07T08:50,2033-06-07T16:30,2.5
CLEAN-009075,EVS360-033,Saint Petersburg,2033-06-07T08:50,2033-06-07T16:00,2.5
CLEAN-009076,EVS360-015,Moscow,2033-06-07T09:20,2033-06-07T17:30,2.5
CLEAN-009077,EVS360-034,Saint Petersburg,2033-06-07T09:20,2033-06-07T16:30,2.5
CLEAN-009078,EVS360-016,Moscow,2033-06-07T09:35,2033-06-07T18:00,2.5
CLEAN-009079,EVS360-017,Moscow,2033-06-07T09:50,2033-06-07T18:15,2.5
CLEAN-009080,EVS360-035,Saint Petersburg,2033-06-07T09:50,2033-06-07T17:00,2.5
CLEAN-009081,EVS360-018,Moscow,2033-06-07T10:10,2033-06-07T18:30,2.5
CLEAN-009082,EVS360-036,Saint Petersburg,2033-06-07T10:10,2033-06-07T17:30,2.5
CLEAN-009083,EVS360-019,Moscow,2033-06-07T10:50,2033-06-07T19:00,2.5
CLEAN-009084,EVS360-037,Saint Petersburg,2033-06-07T10:50,2033-06-07T18:00,2.5
CLEAN-009085,EVS360-020,Moscow,2033-06-07T11:20,2033-06-07T19:30,2.5
CLEAN-009086,EVS360-038,Saint Petersburg,2033-06-07T11:20,2033-06-07T18:15,2.5
CLEAN-009087,EVS360-039,Saint Petersburg,2033-06-07T11:50,2033-06-07T18:30,2.5
CLEAN-009088,EVS360-001,Moscow,2033-06-08T23:20,2033-06-09T13:30,2.5
CLEAN-009089,EVS360-002,Moscow,2033-06-08T23:50,2033-06-09T14:00,2.5
CLEAN-009090,EVS360-021,Saint Petersburg,2033-06-08T23:50,2033-06-09T13:00,2.5
CLEAN-009091,EVS360-003,Moscow,2033-06-09T00:10,2033-06-09T14:30,2.5
CLEAN-009092,EVS360-022,Saint Petersburg,2033-06-09T00:10,2033-06-09T14:00,2.5
CLEAN-009093,EVS360-004,Moscow,2033-06-09T08:10,2033-06-09T15:00,2.5
CLEAN-009094,EVS360-023,Saint Petersburg,2033-06-09T08:10,2033-06-09T14:30,2.5
CLEAN-009095,EVS360-005,Moscow,2033-06-09T08:35,2033-06-09T16:00,2.5
CLEAN-009096,EVS360-024,Saint Petersburg,2033-06-09T08:35,2033-06-09T15:00,2.5
CLEAN-009097,EVS360-006,Moscow,2033-06-09T08:50,2033-06-09T16:30,2.5
CLEAN-009098,EVS360-025,Saint Petersburg,2033-06-09T08:50,2033-06-09T16:00,2.5
CLEAN-009099,EVS360-007,Moscow,2033-06-09T09:20,2033-06-09T17:30,2.5
CLEAN-009100,EVS360-026,Saint Petersburg,2033-06-09T09:20,2033-06-09T16:30,2.5
CLEAN-009101,EVS360-008,Moscow,2033-06-09T09:35,2033-06-09T18:00,2.5
CLEAN-009102,EVS360-009,Moscow,2033-06-09T09:50,2033-06-09T18:15,2.5
CLEAN-009103,EVS360-027,Saint Petersburg,2033-06-09T09:50,2033-06-09T17:00,2.5
CLEAN-009104,EVS360-010,Moscow,2033-06-09T10:10,2033-06-09T18:30,2.5
CLEAN-009105,EVS360-028,Saint Petersburg,2033-06-09T10:10,2033-06-09T17:30,2.5
CLEAN-009106,EVS360-011,Moscow,2033-06-09T10:50,2033-06-09T19:00,2.5
CLEAN-009107,EVS360-029,Saint Petersburg,2033-06-09T10:50,2033-06-09T18:00,2.5
CLEAN-009108,EVS360-012,Moscow,2033-06-09T11:20,2033-06-09T19:30,2.5
CLEAN-009109,EVS360-030,Saint Petersburg,2033-06-09T11:20,2033-06-09T18:15,2.5
CLEAN-009110,EVS360-013,Moscow,2033-06-09T11:50,2033-06-09T20:00,2.5
CLEAN-009111,EVS360-031,Saint Petersburg,2033-06-09T11:50,2033-06-09T18:30,2.5
CLEAN-009112,EVS360-014,Moscow,2033-06-09T12:10,2033-06-09T20:15,2.5
CLEAN-009113,EVS360-032,Saint Petersburg,2033-06-09T12:10,2033-06-09T19:00,2.5
CLEAN-009114,EVS360-015,Moscow,2033-06-09T12:35,2033-06-09T20:30,2.5
CLEAN-009115,EVS360-033,Saint Petersburg,2033-06-09T12:35,2033-06-09T19:30,2.5
CLEAN-009116,EVS360-016,Moscow,2033-06-09T12:50,2033-06-09T21:00,2.5
CLEAN-009117,EVS360-034,Saint Petersburg,2033-06-09T12:50,2033-06-09T20:00,2.5
CLEAN-009118,EVS360-017,Moscow,2033-06-09T13:20,2033-06-09T21:30,2.5
CLEAN-009119,EVS360-035,Saint Petersburg,2033-06-09T13:20,2033-06-09T20:30,2.5
CLEAN-009120,EVS360-018,Moscow,2033-06-09T13:50,2033-06-09T22:00,2.5
CLEAN-009121,EVS360-036,Saint Petersburg,2033-06-09T13:50,2033-06-09T21:00,2.5
CLEAN-009122,EVS360-019,Moscow,2033-06-09T14:10,2033-06-10T06:00,2.5
CLEAN-009123,EVS360-037,Saint Petersburg,2033-06-09T14:10,2033-06-09T21:30,2.5
CLEAN-009124,EVS360-020,Moscow,2033-06-09T14:50,2033-06-10T06:15,2.5
CLEAN-009125,EVS360-038,Saint Petersburg,2033-06-09T14:50,2033-06-09T22:00,2.5
CLEAN-009126,EVS360-039,Saint Petersburg,2033-06-09T15:20,2033-06-10T06:00,2.5
CLEAN-009127,EVS360-001,Moscow,2033-06-11T09:50,2033-06-11T18:15,2.5
CLEAN-009128,EVS360-002,Moscow,2033-06-11T10:10,2033-06-11T18:30,2.5
CLEAN-009129,EVS360-003,Moscow,2033-06-11T10:50,2033-06-11T19:00,2.5
CLEAN-009130,EVS360-021,Saint Petersburg,2033-06-11T10:50,2033-06-11T18:00,2.5
CLEAN-009131,EVS360-004,Moscow,2033-06-11T11:20,2033-06-11T19:30,2.5
CLEAN-009132,EVS360-022,Saint Petersburg,2033-06-11T11:20,2033-06-11T18:15,2.5
CLEAN-009133,EVS360-005,Moscow,2033-06-11T11:50,2033-06-11T20:00,2.5
CLEAN-009134,EVS360-023,Saint Petersburg,2033-06-11T11:50,2033-06-11T18:30,2.5
CLEAN-009135,EVS360-006,Moscow,2033-06-11T12:10,2033-06-11T20:15,2.5
CLEAN-009136,EVS360-024,Saint Petersburg,2033-06-11T12:10,2033-06-11T19:00,2.5
CLEAN-009137,EVS360-007,Moscow,2033-06-11T12:35,2033-06-11T20:30,2.5
CLEAN-009138,EVS360-025,Saint Petersburg,2033-06-11T12:35,2033-06-11T19:30,2.5
CLEAN-009139,EVS360-008,Moscow,2033-06-11T12:50,2033-06-11T21:00,2.5
CLEAN-009140,EVS360-026,Saint Petersburg,2033-06-11T12:50,2033-06-11T20:00,2.5
CLEAN-009141,EVS360-009,Moscow,2033-06-11T13:20,2033-06-11T21:30,2.5
CLEAN-009142,EVS360-027,Saint Petersburg,2033-06-11T13:20,2033-06-11T20:30,2.5
CLEAN-009143,EVS360-010,Moscow,2033-06-11T13:50,2033-06-11T22:00,2.5
CLEAN-009144,EVS360-028,Saint Petersburg,2033-06-11T13:50,2033-06-11T21:00,2.5
CLEAN-009145,EVS360-011,Moscow,2033-06-11T14:10,2033-06-12T06:00,2.5
CLEAN-009146,EVS360-029,Saint Petersburg,2033-06-11T14:10,2033-06-11T21:30,2.5
CLEAN-009147,EVS360-012,Moscow,2033-06-11T14:50,2033-06-12T06:15,2.5
CLEAN-009148,EVS360-030,Saint Petersburg,2033-06-11T14:50,2033-06-11T22:00,2.5
CLEAN-009149,EVS360-013,Moscow,2033-06-11T15:20,2033-06-12T06:30,2.5
CLEAN-009150,EVS360-031,Saint Petersburg,2033-06-11T15:20,2033-06-12T06:00,2.5
CLEAN-009151,EVS360-032,Saint Petersburg,2033-06-11T15:50,2033-06-12T06:15,2.5
CLEAN-009152,EVS360-014,Moscow,2033-06-11T16:10,2033-06-12T07:00,2.5
CLEAN-009153,EVS360-033,Saint Petersburg,2033-06-11T16:10,2033-06-12T06:30,2.5
CLEAN-009154,EVS360-015,Moscow,2033-06-11T16:50,2033-06-12T07:30,2.5
CLEAN-009155,EVS360-034,Saint Petersburg,2033-06-11T16:50,2033-06-12T07:00,2.5
CLEAN-009156,EVS360-016,Moscow,2033-06-11T17:20,2033-06-12T08:00,2.5
CLEAN-009157,EVS360-035,Saint Petersburg,2033-06-11T17:20,2033-06-12T07:15,2.5
CLEAN-009158,EVS360-017,Moscow,2033-06-11T18:10,2033-06-12T08:30,2.5
CLEAN-009159,EVS360-036,Saint Petersburg,2033-06-11T18:10,2033-06-12T07:30,2.5
CLEAN-009160,EVS360-018,Moscow,2033-06-11T18:50,2033-06-12T09:00,2.5
CLEAN-009161,EVS360-037,Saint Petersburg,2033-06-11T18:50,2033-06-12T08:00,2.5
CLEAN-009162,EVS360-019,Moscow,2033-06-11T19:20,2033-06-12T09:30,2.5
CLEAN-009163,EVS360-020,Moscow,2033-06-11T19:50,2033-06-12T10:00,2.5
CLEAN-009164,EVS360-038,Saint Petersburg,2033-06-11T19:50,2033-06-12T08:30,2.5
CLEAN-009165,EVS360-039,Saint Petersburg,2033-06-11T20:10,2033-06-12T09:00,2.5
CLEAN-009166,EVS360-001,Moscow,2033-06-13T13:20,2033-06-13T21:30,2.5
CLEAN-009167,EVS360-002,Moscow,2033-06-13T13:50,2033-06-13T22:00,2.5
CLEAN-009168,EVS360-003,Moscow,2033-06-13T14:10,2033-06-14T06:00,2.5
CLEAN-009169,EVS360-021,Saint Petersburg,2033-06-13T14:10,2033-06-13T21:30,2.5
CLEAN-009170,EVS360-004,Moscow,2033-06-13T14:50,2033-06-14T06:15,2.5
CLEAN-009171,EVS360-022,Saint Petersburg,2033-06-13T14:50,2033-06-13T22:00,2.5
CLEAN-009172,EVS360-005,Moscow,2033-06-13T15:20,2033-06-14T06:30,2.5
CLEAN-009173,EVS360-023,Saint Petersburg,2033-06-13T15:20,2033-06-14T06:00,2.5
CLEAN-009174,EVS360-024,Saint Petersburg,2033-06-13T15:50,2033-06-14T06:15,2.5
CLEAN-009175,EVS360-006,Moscow,2033-06-13T16:10,2033-06-14T07:00,2.5
CLEAN-009176,EVS360-025,Saint Petersburg,2033-06-13T16:10,2033-06-14T06:30,2.5
CLEAN-009177,EVS360-007,Moscow,2033-06-13T16:50,2033-06-14T07:30,2.5
CLEAN-009178,EVS360-026,Saint Petersburg,2033-06-13T16:50,2033-06-14T07:00,2.5
CLEAN-009179,EVS360-008,Moscow,2033-06-13T17:20,2033-06-14T08:00,2.5
CLEAN-009180,EVS360-027,Saint Petersburg,2033-06-13T17:20,2033-06-14T07:15,2.5
CLEAN-009181,EVS360-009,Moscow,2033-06-13T18:10,2033-06-14T08:30,2.5
CLEAN-009182,EVS360-028,Saint Petersburg,2033-06-13T18:10,2033-06-14T07:30,2.5
CLEAN-009183,EVS360-010,Moscow,2033-06-13T18:50,2033-06-14T09:00,2.5
CLEAN-009184,EVS360-029,Saint Petersburg,2033-06-13T18:50,2033-06-14T08:00,2.5
CLEAN-009185,EVS360-011,Moscow,2033-06-13T19:20,2033-06-14T09:30,2.5
CLEAN-009186,EVS360-012,Moscow,2033-06-13T19:50,2033-06-14T10:00,2.5
CLEAN-009187,EVS360-030,Saint Petersburg,2033-06-13T19:50,2033-06-14T08:30,2.5
CLEAN-009188,EVS360-013,Moscow,2033-06-13T20:10,2033-06-14T10:15,2.5
CLEAN-009189,EVS360-031,Saint Petersburg,2033-06-13T20:10,2033-06-14T09:00,2.5
CLEAN-009190,EVS360-014,Moscow,2033-06-13T20:35,2033-06-14T10:30,2.5
CLEAN-009191,EVS360-032,Saint Petersburg,2033-06-13T20:35,2033-06-14T09:30,2.5
CLEAN-009192,EVS360-015,Moscow,2033-06-13T20:50,2033-06-14T11:00,2.5
CLEAN-009193,EVS360-033,Saint Petersburg,2033-06-13T20:50,2033-06-14T10:00,2.5
CLEAN-009194,EVS360-016,Moscow,2033-06-13T21:20,2033-06-14T11:30,2.5
CLEAN-009195,EVS360-034,Saint Petersburg,2033-06-13T21:20,2033-06-14T10:15,2.5
CLEAN-009196,EVS360-017,Moscow,2033-06-13T21:50,2033-06-14T12:00,2.5
CLEAN-009197,EVS360-035,Saint Petersburg,2033-06-13T21:50,2033-06-14T10:30,2.5
CLEAN-009198,EVS360-018,Moscow,2033-06-13T22:10,2033-06-14T12:30,2.5
CLEAN-009199,EVS360-036,Saint Petersburg,2033-06-13T22:10,2033-06-14T11:00,2.5
CLEAN-009200,EVS360-037,Saint Petersburg,2033-06-13T22:35,2033-06-14T11:30,2.5
CLEAN-009201,EVS360-019,Moscow,2033-06-13T22:50,2033-06-14T13:00,2.5
CLEAN-009202,EVS360-038,Saint Petersburg,2033-06-13T22:50,2033-06-14T12:00,2.5
CLEAN-009203,EVS360-020,Moscow,2033-06-13T23:20,2033-06-14T13:30,2.5
CLEAN-009204,EVS360-039,Saint Petersburg,2033-06-13T23:20,2033-06-14T12:30,2.5
CLEAN-009205,EVS360-001,Moscow,2033-06-15T18:10,2033-06-16T08:30,2.5
CLEAN-009206,EVS360-002,Moscow,2033-06-15T18:50,2033-06-16T09:00,2.5
CLEAN-009207,EVS360-021,Saint Petersburg,2033-06-15T18:50,2033-06-16T08:00,2.5
CLEAN-009208,EVS360-003,Moscow,2033-06-15T19:20,2033-06-16T09:30,2.5
CLEAN-009209,EVS360-004,Moscow,2033-06-15T19:50,2033-06-16T10:00,2.5
CLEAN-009210,EVS360-022,Saint Petersburg,2033-06-15T19:50,2033-06-16T08:30,2.5
CLEAN-009211,EVS360-005,Moscow,2033-06-15T20:10,2033-06-16T10:15,2.5
CLEAN-009212,EVS360-023,Saint Petersburg,2033-06-15T20:10,2033-06-16T09:00,2.5
CLEAN-009213,EVS360-006,Moscow,2033-06-15T20:35,2033-06-16T10:30,2.5
CLEAN-009214,EVS360-024,Saint Petersburg,2033-06-15T20:35,2033-06-16T09:30,2.5
CLEAN-009215,EVS360-007,Moscow,2033-06-15T20:50,2033-06-16T11:00,2.5
CLEAN-009216,EVS360-025,Saint Petersburg,2033-06-15T20:50,2033-06-16T10:00,2.5
CLEAN-009217,EVS360-008,Moscow,2033-06-15T21:20,2033-06-16T11:30,2.5
CLEAN-009218,EVS360-026,Saint Petersburg,2033-06-15T21:20,2033-06-16T10:15,2.5
CLEAN-009219,EVS360-009,Moscow,2033-06-15T21:50,2033-06-16T12:00,2.5
CLEAN-009220,EVS360-027,Saint Petersburg,2033-06-15T21:50,2033-06-16T10:30,2.5
CLEAN-009221,EVS360-010,Moscow,2033-06-15T22:10,2033-06-16T12:30,2.5
CLEAN-009222,EVS360-028,Saint Petersburg,2033-06-15T22:10,2033-06-16T11:00,2.5
CLEAN-009223,EVS360-029,Saint Petersburg,2033-06-15T22:35,2033-06-16T11:30,2.5
CLEAN-009224,EVS360-011,Moscow,2033-06-15T22:50,2033-06-16T13:00,2.5
CLEAN-009225,EVS360-030,Saint Petersburg,2033-06-15T22:50,2033-06-16T12:00,2.5
CLEAN-009226,EVS360-012,Moscow,2033-06-15T23:20,2033-06-16T13:30,2.5
CLEAN-009227,EVS360-031,Saint Petersburg,2033-06-15T23:20,2033-06-16T12:30,2.5
CLEAN-009228,EVS360-013,Moscow,2033-06-15T23:50,2033-06-16T14:00,2.5
CLEAN-009229,EVS360-032,Saint Petersburg,2033-06-15T23:50,2033-06-16T13:00,2.5
CLEAN-009230,EVS360-014,Moscow,2033-06-16T00:10,2033-06-16T14:30,2.5
CLEAN-009231,EVS360-033,Saint Petersburg,2033-06-16T00:10,2033-06-16T14:00,2.5
CLEAN-009232,EVS360-015,Moscow,2033-06-16T08:10,2033-06-16T15:00,2.5
CLEAN-009233,EVS360-034,Saint Petersburg,2033-06-16T08:10,2033-06-16T14:30,2.5
CLEAN-009234,EVS360-016,Moscow,2033-06-16T08:35,2033-06-16T16:00,2.5
CLEAN-009235,EVS360-035,Saint Petersburg,2033-06-16T08:35,2033-06-16T15:00,2.5
CLEAN-009236,EVS360-017,Moscow,2033-06-16T08:50,2033-06-16T16:30,2.5
CLEAN-009237,EVS360-036,Saint Petersburg,2033-06-16T08:50,2033-06-16T16:00,2.5
CLEAN-009238,EVS360-018,Moscow,2033-06-16T09:20,2033-06-16T17:30,2.5
CLEAN-009239,EVS360-037,Saint Petersburg,2033-06-16T09:20,2033-06-16T16:30,2.5
CLEAN-009240,EVS360-019,Moscow,2033-06-16T09:35,2033-06-16T18:00,2.5
CLEAN-009241,EVS360-020,Moscow,2033-06-16T09:50,2033-06-16T18:15,2.5
CLEAN-009242,EVS360-038,Saint Petersburg,2033-06-16T09:50,2033-06-16T17:00,2.5
CLEAN-009243,EVS360-039,Saint Petersburg,2033-06-16T10:10,2033-06-16T17:30,2.5
CLEAN-009244,EVS360-001,Moscow,2033-06-17T21:50,2033-06-18T12:00,2.5
CLEAN-009245,EVS360-002,Moscow,2033-06-17T22:10,2033-06-18T12:30,2.5
CLEAN-009246,EVS360-021,Saint Petersburg,2033-06-17T22:35,2033-06-18T11:30,2.5
CLEAN-009247,EVS360-003,Moscow,2033-06-17T22:50,2033-06-18T13:00,2.5
CLEAN-009248,EVS360-022,Saint Petersburg,2033-06-17T22:50,2033-06-18T12:00,2.5
CLEAN-009249,EVS360-004,Moscow,2033-06-17T23:20,2033-06-18T13:30,2.5
CLEAN-009250,EVS360-023,Saint Petersburg,2033-06-17T23:20,2033-06-18T12:30,2.5
CLEAN-009251,EVS360-005,Moscow,2033-06-17T23:50,2033-06-18T14:00,2.5
CLEAN-009252,EVS360-024,Saint Petersburg,2033-06-17T23:50,2033-06-18T13:00,2.5
CLEAN-009253,EVS360-006,Moscow,2033-06-18T00:10,2033-06-18T14:30,2.5
CLEAN-009254,EVS360-025,Saint Petersburg,2033-06-18T00:10,2033-06-18T14:00,2.5
CLEAN-009255,EVS360-007,Moscow,2033-06-18T08:10,2033-06-18T15:00,2.5
CLEAN-009256,EVS360-026,Saint Petersburg,2033-06-18T08:10,2033-06-18T14:30,2.5
CLEAN-009257,EVS360-008,Moscow,2033-06-18T08:35,2033-06-18T16:00,2.5
CLEAN-009258,EVS360-027,Saint Petersburg,2033-06-18T08:35,2033-06-18T15:00,2.5
CLEAN-009259,EVS360-009,Moscow,2033-06-18T08:50,2033-06-18T16:30,2.5
CLEAN-009260,EVS360-028,Saint Petersburg,2033-06-18T08:50,2033-06-18T16:00,2.5
CLEAN-009261,EVS360-010,Moscow,2033-06-18T09:20,2033-06-18T17:30,2.5
CLEAN-009262,EVS360-029,Saint Petersburg,2033-06-18T09:20,2033-06-18T16:30,2.5
CLEAN-009263,EVS360-011,Moscow,2033-06-18T09:35,2033-06-18T18:00,2.5
CLEAN-009264,EVS360-012,Moscow,2033-06-18T09:50,2033-06-18T18:15,2.5
CLEAN-009265,EVS360-030,Saint Petersburg,2033-06-18T09:50,2033-06-18T17:00,2.5
CLEAN-009266,EVS360-013,Moscow,2033-06-18T10:10,2033-06-18T18:30,2.5
CLEAN-009267,EVS360-031,Saint Petersburg,2033-06-18T10:10,2033-06-18T17:30,2.5
CLEAN-009268,EVS360-014,Moscow,2033-06-18T10:50,2033-06-18T19:00,2.5
CLEAN-009269,EVS360-032,Saint Petersburg,2033-06-18T10:50,2033-06-18T18:00,2.5
CLEAN-009270,EVS360-015,Moscow,2033-06-18T11:20,2033-06-18T19:30,2.5
CLEAN-009271,EVS360-033,Saint Petersburg,2033-06-18T11:20,2033-06-18T18:15,2.5
CLEAN-009272,EVS360-016,Moscow,2033-06-18T11:50,2033-06-18T20:00,2.5
CLEAN-009273,EVS360-034,Saint Petersburg,2033-06-18T11:50,2033-06-18T18:30,2.5
CLEAN-009274,EVS360-017,Moscow,2033-06-18T12:10,2033-06-18T20:15,2.5
CLEAN-009275,EVS360-035,Saint Petersburg,2033-06-18T12:10,2033-06-18T19:00,2.5
CLEAN-009276,EVS360-018,Moscow,2033-06-18T12:35,2033-06-18T20:30,2.5
CLEAN-009277,EVS360-036,Saint Petersburg,2033-06-18T12:35,2033-06-18T19:30,2.5
CLEAN-009278,EVS360-019,Moscow,2033-06-18T12:50,2033-06-18T21:00,2.5
CLEAN-009279,EVS360-037,Saint Petersburg,2033-06-18T12:50,2033-06-18T20:00,2.5
CLEAN-009280,EVS360-020,Moscow,2033-06-18T13:20,2033-06-18T21:30,2.5
CLEAN-009281,EVS360-038,Saint Petersburg,2033-06-18T13:20,2033-06-18T20:30,2.5
CLEAN-009282,EVS360-039,Saint Petersburg,2033-06-18T13:50,2033-06-18T21:00,2.5
CLEAN-009283,EVS360-001,Moscow,2033-06-20T08:50,2033-06-20T16:30,2.5
CLEAN-009284,EVS360-002,Moscow,2033-06-20T09:20,2033-06-20T17:30,2.5
CLEAN-009285,EVS360-021,Saint Petersburg,2033-06-20T09:20,2033-06-20T16:30,2.5
CLEAN-009286,EVS360-003,Moscow,2033-06-20T09:35,2033-06-20T18:00,2.5
CLEAN-009287,EVS360-004,Moscow,2033-06-20T09:50,2033-06-20T18:15,2.5
CLEAN-009288,EVS360-022,Saint Petersburg,2033-06-20T09:50,2033-06-20T17:00,2.5
CLEAN-009289,EVS360-005,Moscow,2033-06-20T10:10,2033-06-20T18:30,2.5
CLEAN-009290,EVS360-023,Saint Petersburg,2033-06-20T10:10,2033-06-20T17:30,2.5
CLEAN-009291,EVS360-006,Moscow,2033-06-20T10:50,2033-06-20T19:00,2.5
CLEAN-009292,EVS360-024,Saint Petersburg,2033-06-20T10:50,2033-06-20T18:00,2.5
CLEAN-009293,EVS360-007,Moscow,2033-06-20T11:20,2033-06-20T19:30,2.5
CLEAN-009294,EVS360-025,Saint Petersburg,2033-06-20T11:20,2033-06-20T18:15,2.5
CLEAN-009295,EVS360-008,Moscow,2033-06-20T11:50,2033-06-20T20:00,2.5
CLEAN-009296,EVS360-026,Saint Petersburg,2033-06-20T11:50,2033-06-20T18:30,2.5
CLEAN-009297,EVS360-009,Moscow,2033-06-20T12:10,2033-06-20T20:15,2.5
CLEAN-009298,EVS360-027,Saint Petersburg,2033-06-20T12:10,2033-06-20T19:00,2.5
CLEAN-009299,EVS360-010,Moscow,2033-06-20T12:35,2033-06-20T20:30,2.5
CLEAN-009300,EVS360-028,Saint Petersburg,2033-06-20T12:35,2033-06-20T19:30,2.5
CLEAN-009301,EVS360-011,Moscow,2033-06-20T12:50,2033-06-20T21:00,2.5
CLEAN-009302,EVS360-029,Saint Petersburg,2033-06-20T12:50,2033-06-20T20:00,2.5
CLEAN-009303,EVS360-012,Moscow,2033-06-20T13:20,2033-06-20T21:30,2.5
CLEAN-009304,EVS360-030,Saint Petersburg,2033-06-20T13:20,2033-06-20T20:30,2.5
CLEAN-009305,EVS360-013,Moscow,2033-06-20T13:50,2033-06-20T22:00,2.5
CLEAN-009306,EVS360-031,Saint Petersburg,2033-06-20T13:50,2033-06-20T21:00,2.5
CLEAN-009307,EVS360-014,Moscow,2033-06-20T14:10,2033-06-21T06:00,2.5
CLEAN-009308,EVS360-032,Saint Petersburg,2033-06-20T14:10,2033-06-20T21:30,2.5
CLEAN-009309,EVS360-015,Moscow,2033-06-20T14:50,2033-06-21T06:15,2.5
CLEAN-009310,EVS360-033,Saint Petersburg,2033-06-20T14:50,2033-06-20T22:00,2.5
CLEAN-009311,EVS360-016,Moscow,2033-06-20T15:20,2033-06-21T06:30,2.5
CLEAN-009312,EVS360-034,Saint Petersburg,2033-06-20T15:20,2033-06-21T06:00,2.5
CLEAN-009313,EVS360-035,Saint Petersburg,2033-06-20T15:50,2033-06-21T06:15,2.5
CLEAN-009314,EVS360-017,Moscow,2033-06-20T16:10,2033-06-21T07:00,2.5
CLEAN-009315,EVS360-036,Saint Petersburg,2033-06-20T16:10,2033-06-21T06:30,2.5
CLEAN-009316,EVS360-018,Moscow,2033-06-20T16:50,2033-06-21T07:30,2.5
CLEAN-009317,EVS360-037,Saint Petersburg,2033-06-20T16:50,2033-06-21T07:00,2.5
CLEAN-009318,EVS360-019,Moscow,2033-06-20T17:20,2033-06-21T08:00,2.5
CLEAN-009319,EVS360-038,Saint Petersburg,2033-06-20T17:20,2033-06-21T07:15,2.5
CLEAN-009320,EVS360-020,Moscow,2033-06-20T18:10,2033-06-21T08:30,2.5
CLEAN-009321,EVS360-039,Saint Petersburg,2033-06-20T18:10,2033-06-21T07:30,2.5
CLEAN-009322,EVS360-001,Moscow,2033-06-22T12:10,2033-06-22T20:15,2.5
CLEAN-009323,EVS360-002,Moscow,2033-06-22T12:35,2033-06-22T20:30,2.5
CLEAN-009324,EVS360-003,Moscow,2033-06-22T12:50,2033-06-22T21:00,2.5
CLEAN-009325,EVS360-021,Saint Petersburg,2033-06-22T12:50,2033-06-22T20:00,2.5
CLEAN-009326,EVS360-004,Moscow,2033-06-22T13:20,2033-06-22T21:30,2.5
CLEAN-009327,EVS360-022,Saint Petersburg,2033-06-22T13:20,2033-06-22T20:30,2.5
CLEAN-009328,EVS360-005,Moscow,2033-06-22T13:50,2033-06-22T22:00,2.5
CLEAN-009329,EVS360-023,Saint Petersburg,2033-06-22T13:50,2033-06-22T21:00,2.5
CLEAN-009330,EVS360-006,Moscow,2033-06-22T14:10,2033-06-23T06:00,2.5
CLEAN-009331,EVS360-024,Saint Petersburg,2033-06-22T14:10,2033-06-22T21:30,2.5
CLEAN-009332,EVS360-007,Moscow,2033-06-22T14:50,2033-06-23T06:15,2.5
CLEAN-009333,EVS360-025,Saint Petersburg,2033-06-22T14:50,2033-06-22T22:00,2.5
CLEAN-009334,EVS360-008,Moscow,2033-06-22T15:20,2033-06-23T06:30,2.5
CLEAN-009335,EVS360-026,Saint Petersburg,2033-06-22T15:20,2033-06-23T06:00,2.5
CLEAN-009336,EVS360-027,Saint Petersburg,2033-06-22T15:50,2033-06-23T06:15,2.5
CLEAN-009337,EVS360-009,Moscow,2033-06-22T16:10,2033-06-23T07:00,2.5
CLEAN-009338,EVS360-028,Saint Petersburg,2033-06-22T16:10,2033-06-23T06:30,2.5
CLEAN-009339,EVS360-010,Moscow,2033-06-22T16:50,2033-06-23T07:30,2.5
CLEAN-009340,EVS360-029,Saint Petersburg,2033-06-22T16:50,2033-06-23T07:00,2.5
CLEAN-009341,EVS360-011,Moscow,2033-06-22T17:20,2033-06-23T08:00,2.5
CLEAN-009342,EVS360-030,Saint Petersburg,2033-06-22T17:20,2033-06-23T07:15,2.5
CLEAN-009343,EVS360-012,Moscow,2033-06-22T18:10,2033-06-23T08:30,2.5
CLEAN-009344,EVS360-031,Saint Petersburg,2033-06-22T18:10,2033-06-23T07:30,2.5
CLEAN-009345,EVS360-013,Moscow,2033-06-22T18:50,2033-06-23T09:00,2.5
CLEAN-009346,EVS360-032,Saint Petersburg,2033-06-22T18:50,2033-06-23T08:00,2.5
CLEAN-009347,EVS360-014,Moscow,2033-06-22T19:20,2033-06-23T09:30,2.5
CLEAN-009348,EVS360-015,Moscow,2033-06-22T19:50,2033-06-23T10:00,2.5
CLEAN-009349,EVS360-033,Saint Petersburg,2033-06-22T19:50,2033-06-23T08:30,2.5
CLEAN-009350,EVS360-016,Moscow,2033-06-22T20:10,2033-06-23T10:15,2.5
CLEAN-009351,EVS360-034,Saint Petersburg,2033-06-22T20:10,2033-06-23T09:00,2.5
CLEAN-009352,EVS360-017,Moscow,2033-06-22T20:35,2033-06-23T10:30,2.5
CLEAN-009353,EVS360-035,Saint Petersburg,2033-06-22T20:35,2033-06-23T09:30,2.5
CLEAN-009354,EVS360-018,Moscow,2033-06-22T20:50,2033-06-23T11:00,2.5
CLEAN-009355,EVS360-036,Saint Petersburg,2033-06-22T20:50,2033-06-23T10:00,2.5
CLEAN-009356,EVS360-019,Moscow,2033-06-22T21:20,2033-06-23T11:30,2.5
CLEAN-009357,EVS360-037,Saint Petersburg,2033-06-22T21:20,2033-06-23T10:15,2.5
CLEAN-009358,EVS360-020,Moscow,2033-06-22T21:50,2033-06-23T12:00,2.5
CLEAN-009359,EVS360-038,Saint Petersburg,2033-06-22T21:50,2033-06-23T10:30,2.5
CLEAN-009360,EVS360-039,Saint Petersburg,2033-06-22T22:10,2033-06-23T11:00,2.5
CLEAN-009361,EVS360-001,Moscow,2033-06-24T16:10,2033-06-25T07:00,2.5
CLEAN-009362,EVS360-002,Moscow,2033-06-24T16:50,2033-06-25T07:30,2.5
CLEAN-009363,EVS360-021,Saint Petersburg,2033-06-24T16:50,2033-06-25T07:00,2.5
CLEAN-009364,EVS360-003,Moscow,2033-06-24T17:20,2033-06-25T08:00,2.5
CLEAN-009365,EVS360-022,Saint Petersburg,2033-06-24T17:20,2033-06-25T07:15,2.5
CLEAN-009366,EVS360-004,Moscow,2033-06-24T18:10,2033-06-25T08:30,2.5
CLEAN-009367,EVS360-023,Saint Petersburg,2033-06-24T18:10,2033-06-25T07:30,2.5
CLEAN-009368,EVS360-005,Moscow,2033-06-24T18:50,2033-06-25T09:00,2.5
CLEAN-009369,EVS360-024,Saint Petersburg,2033-06-24T18:50,2033-06-25T08:00,2.5
CLEAN-009370,EVS360-006,Moscow,2033-06-24T19:20,2033-06-25T09:30,2.5
CLEAN-009371,EVS360-007,Moscow,2033-06-24T19:50,2033-06-25T10:00,2.5
CLEAN-009372,EVS360-025,Saint Petersburg,2033-06-24T19:50,2033-06-25T08:30,2.5
CLEAN-009373,EVS360-008,Moscow,2033-06-24T20:10,2033-06-25T10:15,2.5
CLEAN-009374,EVS360-026,Saint Petersburg,2033-06-24T20:10,2033-06-25T09:00,2.5
CLEAN-009375,EVS360-009,Moscow,2033-06-24T20:35,2033-06-25T10:30,2.5
CLEAN-009376,EVS360-027,Saint Petersburg,2033-06-24T20:35,2033-06-25T09:30,2.5
CLEAN-009377,EVS360-010,Moscow,2033-06-24T20:50,2033-06-25T11:00,2.5
CLEAN-009378,EVS360-028,Saint Petersburg,2033-06-24T20:50,2033-06-25T10:00,2.5
CLEAN-009379,EVS360-011,Moscow,2033-06-24T21:20,2033-06-25T11:30,2.5
CLEAN-009380,EVS360-029,Saint Petersburg,2033-06-24T21:20,2033-06-25T10:15,2.5
CLEAN-009381,EVS360-012,Moscow,2033-06-24T21:50,2033-06-25T12:00,2.5
CLEAN-009382,EVS360-030,Saint Petersburg,2033-06-24T21:50,2033-06-25T10:30,2.5
CLEAN-009383,EVS360-013,Moscow,2033-06-24T22:10,2033-06-25T12:30,2.5
CLEAN-009384,EVS360-031,Saint Petersburg,2033-06-24T22:10,2033-06-25T11:00,2.5
CLEAN-009385,EVS360-032,Saint Petersburg,2033-06-24T22:35,2033-06-25T11:30,2.5
CLEAN-009386,EVS360-014,Moscow,2033-06-24T22:50,2033-06-25T13:00,2.5
CLEAN-009387,EVS360-033,Saint Petersburg,2033-06-24T22:50,2033-06-25T12:00,2.5
CLEAN-009388,EVS360-015,Moscow,2033-06-24T23:20,2033-06-25T13:30,2.5
CLEAN-009389,EVS360-034,Saint Petersburg,2033-06-24T23:20,2033-06-25T12:30,2.5
CLEAN-009390,EVS360-016,Moscow,2033-06-24T23:50,2033-06-25T14:00,2.5
CLEAN-009391,EVS360-035,Saint Petersburg,2033-06-24T23:50,2033-06-25T13:00,2.5
CLEAN-009392,EVS360-017,Moscow,2033-06-25T00:10,2033-06-25T14:30,2.5
CLEAN-009393,EVS360-036,Saint Petersburg,2033-06-25T00:10,2033-06-25T14:00,2.5
CLEAN-009394,EVS360-018,Moscow,2033-06-25T08:10,2033-06-25T15:00,2.5
CLEAN-009395,EVS360-037,Saint Petersburg,2033-06-25T08:10,2033-06-25T14:30,2.5
CLEAN-009396,EVS360-019,Moscow,2033-06-25T08:35,2033-06-25T16:00,2.5
CLEAN-009397,EVS360-038,Saint Petersburg,2033-06-25T08:35,2033-06-25T15:00,2.5
CLEAN-009398,EVS360-020,Moscow,2033-06-25T08:50,2033-06-25T16:30,2.5
CLEAN-009399,EVS360-039,Saint Petersburg,2033-06-25T08:50,2033-06-25T16:00,2.5
CLEAN-009400,EVS360-001,Moscow,2033-06-26T20:35,2033-06-27T10:30,2.5
CLEAN-009401,EVS360-002,Moscow,2033-06-26T20:50,2033-06-27T11:00,2.5
CLEAN-009402,EVS360-003,Moscow,2033-06-26T21:20,2033-06-27T11:30,2.5
CLEAN-009403,EVS360-021,Saint Petersburg,2033-06-26T21:20,2033-06-27T10:15,2.5
CLEAN-009404,EVS360-004,Moscow,2033-06-26T21:50,2033-06-27T12:00,2.5
CLEAN-009405,EVS360-022,Saint Petersburg,2033-06-26T21:50,2033-06-27T10:30,2.5
CLEAN-009406,EVS360-005,Moscow,2033-06-26T22:10,2033-06-27T12:30,2.5
CLEAN-009407,EVS360-023,Saint Petersburg,2033-06-26T22:10,2033-06-27T11:00,2.5
CLEAN-009408,EVS360-024,Saint Petersburg,2033-06-26T22:35,2033-06-27T11:30,2.5
CLEAN-009409,EVS360-006,Moscow,2033-06-26T22:50,2033-06-27T13:00,2.5
CLEAN-009410,EVS360-025,Saint Petersburg,2033-06-26T22:50,2033-06-27T12:00,2.5
CLEAN-009411,EVS360-007,Moscow,2033-06-26T23:20,2033-06-27T13:30,2.5
CLEAN-009412,EVS360-026,Saint Petersburg,2033-06-26T23:20,2033-06-27T12:30,2.5
CLEAN-009413,EVS360-008,Moscow,2033-06-26T23:50,2033-06-27T14:00,2.5
CLEAN-009414,EVS360-027,Saint Petersburg,2033-06-26T23:50,2033-06-27T13:00,2.5
CLEAN-009415,EVS360-009,Moscow,2033-06-27T00:10,2033-06-27T14:30,2.5
CLEAN-009416,EVS360-028,Saint Petersburg,2033-06-27T00:10,2033-06-27T14:00,2.5
CLEAN-009417,EVS360-010,Moscow,2033-06-27T08:10,2033-06-27T15:00,2.5
CLEAN-009418,EVS360-029,Saint Petersburg,2033-06-27T08:10,2033-06-27T14:30,2.5
CLEAN-009419,EVS360-011,Moscow,2033-06-27T08:35,2033-06-27T16:00,2.5
CLEAN-009420,EVS360-030,Saint Petersburg,2033-06-27T08:35,2033-06-27T15:00,2.5
CLEAN-009421,EVS360-012,Moscow,2033-06-27T08:50,2033-06-27T16:30,2.5
CLEAN-009422,EVS360-031,Saint Petersburg,2033-06-27T08:50,2033-06-27T16:00,2.5
CLEAN-009423,EVS360-013,Moscow,2033-06-27T09:20,2033-06-27T17:30,2.5
CLEAN-009424,EVS360-032,Saint Petersburg,2033-06-27T09:20,2033-06-27T16:30,2.5
CLEAN-009425,EVS360-014,Moscow,2033-06-27T09:35,2033-06-27T18:00,2.5
CLEAN-009426,EVS360-015,Moscow,2033-06-27T09:50,2033-06-27T18:15,2.5
CLEAN-009427,EVS360-033,Saint Petersburg,2033-06-27T09:50,2033-06-27T17:00,2.5
CLEAN-009428,EVS360-016,Moscow,2033-06-27T10:10,2033-06-27T18:30,2.5
CLEAN-009429,EVS360-034,Saint Petersburg,2033-06-27T10:10,2033-06-27T17:30,2.5
CLEAN-009430,EVS360-017,Moscow,2033-06-27T10:50,2033-06-27T19:00,2.5
CLEAN-009431,EVS360-035,Saint Petersburg,2033-06-27T10:50,2033-06-27T18:00,2.5
CLEAN-009432,EVS360-018,Moscow,2033-06-27T11:20,2033-06-27T19:30,2.5
CLEAN-009433,EVS360-036,Saint Petersburg,2033-06-27T11:20,2033-06-27T18:15,2.5
CLEAN-009434,EVS360-019,Moscow,2033-06-27T11:50,2033-06-27T20:00,2.5
CLEAN-009435,EVS360-037,Saint Petersburg,2033-06-27T11:50,2033-06-27T18:30,2.5
CLEAN-009436,EVS360-020,Moscow,2033-06-27T12:10,2033-06-27T20:15,2.5
CLEAN-009437,EVS360-038,Saint Petersburg,2033-06-27T12:10,2033-06-27T19:00,2.5
CLEAN-009438,EVS360-039,Saint Petersburg,2033-06-27T12:35,2033-06-27T19:30,2.5
CLEAN-009439,EVS360-001,Moscow,2033-06-29T00:10,2033-06-29T14:30,2.5
CLEAN-009440,EVS360-002,Moscow,2033-06-29T08:10,2033-06-29T15:00,2.5
CLEAN-009441,EVS360-021,Saint Petersburg,2033-06-29T08:10,2033-06-29T14:30,2.5
CLEAN-009442,EVS360-003,Moscow,2033-06-29T08:35,2033-06-29T16:00,2.5
CLEAN-009443,EVS360-022,Saint Petersburg,2033-06-29T08:35,2033-06-29T15:00,2.5
CLEAN-009444,EVS360-004,Moscow,2033-06-29T08:50,2033-06-29T16:30,2.5
CLEAN-009445,EVS360-023,Saint Petersburg,2033-06-29T08:50,2033-06-29T16:00,2.5
CLEAN-009446,EVS360-005,Moscow,2033-06-29T09:20,2033-06-29T17:30,2.5
CLEAN-009447,EVS360-024,Saint Petersburg,2033-06-29T09:20,2033-06-29T16:30,2.5
CLEAN-009448,EVS360-006,Moscow,2033-06-29T09:35,2033-06-29T18:00,2.5
CLEAN-009449,EVS360-007,Moscow,2033-06-29T09:50,2033-06-29T18:15,2.5
CLEAN-009450,EVS360-025,Saint Petersburg,2033-06-29T09:50,2033-06-29T17:00,2.5
CLEAN-009451,EVS360-008,Moscow,2033-06-29T10:10,2033-06-29T18:30,2.5
CLEAN-009452,EVS360-026,Saint Petersburg,2033-06-29T10:10,2033-06-29T17:30,2.5
CLEAN-009453,EVS360-009,Moscow,2033-06-29T10:50,2033-06-29T19:00,2.5
CLEAN-009454,EVS360-027,Saint Petersburg,2033-06-29T10:50,2033-06-29T18:00,2.5
CLEAN-009455,EVS360-010,Moscow,2033-06-29T11:20,2033-06-29T19:30,2.5
CLEAN-009456,EVS360-028,Saint Petersburg,2033-06-29T11:20,2033-06-29T18:15,2.5
CLEAN-009457,EVS360-011,Moscow,2033-06-29T11:50,2033-06-29T20:00,2.5
CLEAN-009458,EVS360-029,Saint Petersburg,2033-06-29T11:50,2033-06-29T18:30,2.5
CLEAN-009459,EVS360-012,Moscow,2033-06-29T12:10,2033-06-29T20:15,2.5
CLEAN-009460,EVS360-030,Saint Petersburg,2033-06-29T12:10,2033-06-29T19:00,2.5
CLEAN-009461,EVS360-013,Moscow,2033-06-29T12:35,2033-06-29T20:30,2.5
CLEAN-009462,EVS360-031,Saint Petersburg,2033-06-29T12:35,2033-06-29T19:30,2.5
CLEAN-009463,EVS360-014,Moscow,2033-06-29T12:50,2033-06-29T21:00,2.5
CLEAN-009464,EVS360-032,Saint Petersburg,2033-06-29T12:50,2033-06-29T20:00,2.5
CLEAN-009465,EVS360-015,Moscow,2033-06-29T13:20,2033-06-29T21:30,2.5
CLEAN-009466,EVS360-033,Saint Petersburg,2033-06-29T13:20,2033-06-29T20:30,2.5
CLEAN-009467,EVS360-016,Moscow,2033-06-29T13:50,2033-06-29T22:00,2.5
CLEAN-009468,EVS360-034,Saint Petersburg,2033-06-29T13:50,2033-06-29T21:00,2.5
CLEAN-009469,EVS360-017,Moscow,2033-06-29T14:10,2033-06-30T06:00,2.5
CLEAN-009470,EVS360-035,Saint Petersburg,2033-06-29T14:10,2033-06-29T21:30,2.5
CLEAN-009471,EVS360-018,Moscow,2033-06-29T14:50,2033-06-30T06:15,2.5
CLEAN-009472,EVS360-036,Saint Petersburg,2033-06-29T14:50,2033-06-29T22:00,2.5
CLEAN-009473,EVS360-019,Moscow,2033-06-29T15:20,2033-06-30T06:30,2.5
CLEAN-009474,EVS360-037,Saint Petersburg,2033-06-29T15:20,2033-06-30T06:00,2.5
CLEAN-009475,EVS360-038,Saint Petersburg,2033-06-29T15:50,2033-06-30T06:15,2.5
CLEAN-009476,EVS360-020,Moscow,2033-06-29T16:10,2033-06-30T07:00,2.5
CLEAN-009477,EVS360-039,Saint Petersburg,2033-06-29T16:10,2033-06-30T06:30,2.5
CLEAN-009478,EVS360-001,Moscow,2033-07-01T10:50,2033-07-01T19:00,2.5
CLEAN-009479,EVS360-002,Moscow,2033-07-01T11:20,2033-07-01T19:30,2.5
CLEAN-009480,EVS360-003,Moscow,2033-07-01T11:50,2033-07-01T20:00,2.5
CLEAN-009481,EVS360-021,Saint Petersburg,2033-07-01T11:50,2033-07-01T18:30,2.5
CLEAN-009482,EVS360-004,Moscow,2033-07-01T12:10,2033-07-01T20:15,2.5
CLEAN-009483,EVS360-022,Saint Petersburg,2033-07-01T12:10,2033-07-01T19:00,2.5
CLEAN-009484,EVS360-005,Moscow,2033-07-01T12:35,2033-07-01T20:30,2.5
CLEAN-009485,EVS360-023,Saint Petersburg,2033-07-01T12:35,2033-07-01T19:30,2.5
CLEAN-009486,EVS360-006,Moscow,2033-07-01T12:50,2033-07-01T21:00,2.5
CLEAN-009487,EVS360-024,Saint Petersburg,2033-07-01T12:50,2033-07-01T20:00,2.5
CLEAN-009488,EVS360-007,Moscow,2033-07-01T13:20,2033-07-01T21:30,2.5
CLEAN-009489,EVS360-025,Saint Petersburg,2033-07-01T13:20,2033-07-01T20:30,2.5
CLEAN-009490,EVS360-008,Moscow,2033-07-01T13:50,2033-07-01T22:00,2.5
CLEAN-009491,EVS360-026,Saint Petersburg,2033-07-01T13:50,2033-07-01T21:00,2.5
CLEAN-009492,EVS360-009,Moscow,2033-07-01T14:10,2033-07-02T06:00,2.5
CLEAN-009493,EVS360-027,Saint Petersburg,2033-07-01T14:10,2033-07-01T21:30,2.5
CLEAN-009494,EVS360-010,Moscow,2033-07-01T14:50,2033-07-02T06:15,2.5
CLEAN-009495,EVS360-028,Saint Petersburg,2033-07-01T14:50,2033-07-01T22:00,2.5
CLEAN-009496,EVS360-011,Moscow,2033-07-01T15:20,2033-07-02T06:30,2.5
CLEAN-009497,EVS360-029,Saint Petersburg,2033-07-01T15:20,2033-07-02T06:00,2.5
CLEAN-009498,EVS360-030,Saint Petersburg,2033-07-01T15:50,2033-07-02T06:15,2.5
CLEAN-009499,EVS360-012,Moscow,2033-07-01T16:10,2033-07-02T07:00,2.5
CLEAN-009500,EVS360-031,Saint Petersburg,2033-07-01T16:10,2033-07-02T06:30,2.5
CLEAN-009501,EVS360-013,Moscow,2033-07-01T16:50,2033-07-02T07:30,2.5
CLEAN-009502,EVS360-032,Saint Petersburg,2033-07-01T16:50,2033-07-02T07:00,2.5
CLEAN-009503,EVS360-014,Moscow,2033-07-01T17:20,2033-07-02T08:00,2.5
CLEAN-009504,EVS360-033,Saint Petersburg,2033-07-01T17:20,2033-07-02T07:15,2.5
CLEAN-009505,EVS360-015,Moscow,2033-07-01T18:10,2033-07-02T08:30,2.5
CLEAN-009506,EVS360-034,Saint Petersburg,2033-07-01T18:10,2033-07-02T07:30,2.5
CLEAN-009507,EVS360-016,Moscow,2033-07-01T18:50,2033-07-02T09:00,2.5
CLEAN-009508,EVS360-035,Saint Petersburg,2033-07-01T18:50,2033-07-02T08:00,2.5
CLEAN-009509,EVS360-017,Moscow,2033-07-01T19:20,2033-07-02T09:30,2.5
CLEAN-009510,EVS360-018,Moscow,2033-07-01T19:50,2033-07-02T10:00,2.5
CLEAN-009511,EVS360-036,Saint Petersburg,2033-07-01T19:50,2033-07-02T08:30,2.5
CLEAN-009512,EVS360-019,Moscow,2033-07-01T20:10,2033-07-02T10:15,2.5
CLEAN-009513,EVS360-037,Saint Petersburg,2033-07-01T20:10,2033-07-02T09:00,2.5
CLEAN-009514,EVS360-020,Moscow,2033-07-01T20:35,2033-07-02T10:30,2.5
CLEAN-009515,EVS360-038,Saint Petersburg,2033-07-01T20:35,2033-07-02T09:30,2.5
CLEAN-009516,EVS360-039,Saint Petersburg,2033-07-01T20:50,2033-07-02T10:00,2.5
CLEAN-009517,EVS360-001,Moscow,2033-07-03T14:10,2033-07-04T06:00,2.5
CLEAN-009518,EVS360-002,Moscow,2033-07-03T14:50,2033-07-04T06:15,2.5
CLEAN-009519,EVS360-003,Moscow,2033-07-03T15:20,2033-07-04T06:30,2.5
CLEAN-009520,EVS360-021,Saint Petersburg,2033-07-03T15:20,2033-07-04T06:00,2.5
CLEAN-009521,EVS360-022,Saint Petersburg,2033-07-03T15:50,2033-07-04T06:15,2.5
CLEAN-009522,EVS360-004,Moscow,2033-07-03T16:10,2033-07-04T07:00,2.5
CLEAN-009523,EVS360-023,Saint Petersburg,2033-07-03T16:10,2033-07-04T06:30,2.5
CLEAN-009524,EVS360-005,Moscow,2033-07-03T16:50,2033-07-04T07:30,2.5
CLEAN-009525,EVS360-024,Saint Petersburg,2033-07-03T16:50,2033-07-04T07:00,2.5
CLEAN-009526,EVS360-006,Moscow,2033-07-03T17:20,2033-07-04T08:00,2.5
CLEAN-009527,EVS360-025,Saint Petersburg,2033-07-03T17:20,2033-07-04T07:15,2.5
CLEAN-009528,EVS360-007,Moscow,2033-07-03T18:10,2033-07-04T08:30,2.5
CLEAN-009529,EVS360-026,Saint Petersburg,2033-07-03T18:10,2033-07-04T07:30,2.5
CLEAN-009530,EVS360-008,Moscow,2033-07-03T18:50,2033-07-04T09:00,2.5
CLEAN-009531,EVS360-027,Saint Petersburg,2033-07-03T18:50,2033-07-04T08:00,2.5
CLEAN-009532,EVS360-009,Moscow,2033-07-03T19:20,2033-07-04T09:30,2.5
CLEAN-009533,EVS360-010,Moscow,2033-07-03T19:50,2033-07-04T10:00,2.5
CLEAN-009534,EVS360-028,Saint Petersburg,2033-07-03T19:50,2033-07-04T08:30,2.5
CLEAN-009535,EVS360-011,Moscow,2033-07-03T20:10,2033-07-04T10:15,2.5
CLEAN-009536,EVS360-029,Saint Petersburg,2033-07-03T20:10,2033-07-04T09:00,2.5
CLEAN-009537,EVS360-012,Moscow,2033-07-03T20:35,2033-07-04T10:30,2.5
CLEAN-009538,EVS360-030,Saint Petersburg,2033-07-03T20:35,2033-07-04T09:30,2.5
CLEAN-009539,EVS360-013,Moscow,2033-07-03T20:50,2033-07-04T11:00,2.5
CLEAN-009540,EVS360-031,Saint Petersburg,2033-07-03T20:50,2033-07-04T10:00,2.5
CLEAN-009541,EVS360-014,Moscow,2033-07-03T21:20,2033-07-04T11:30,2.5
CLEAN-009542,EVS360-032,Saint Petersburg,2033-07-03T21:20,2033-07-04T10:15,2.5
CLEAN-009543,EVS360-015,Moscow,2033-07-03T21:50,2033-07-04T12:00,2.5
CLEAN-009544,EVS360-033,Saint Petersburg,2033-07-03T21:50,2033-07-04T10:30,2.5
CLEAN-009545,EVS360-016,Moscow,2033-07-03T22:10,2033-07-04T12:30,2.5
CLEAN-009546,EVS360-034,Saint Petersburg,2033-07-03T22:10,2033-07-04T11:00,2.5
CLEAN-009547,EVS360-035,Saint Petersburg,2033-07-03T22:35,2033-07-04T11:30,2.5
CLEAN-009548,EVS360-017,Moscow,2033-07-03T22:50,2033-07-04T13:00,2.5
CLEAN-009549,EVS360-036,Saint Petersburg,2033-07-03T22:50,2033-07-04T12:00,2.5
CLEAN-009550,EVS360-018,Moscow,2033-07-03T23:20,2033-07-04T13:30,2.5
CLEAN-009551,EVS360-037,Saint Petersburg,2033-07-03T23:20,2033-07-04T12:30,2.5
CLEAN-009552,EVS360-019,Moscow,2033-07-03T23:50,2033-07-04T14:00,2.5
CLEAN-009553,EVS360-038,Saint Petersburg,2033-07-03T23:50,2033-07-04T13:00,2.5
CLEAN-009554,EVS360-020,Moscow,2033-07-04T00:10,2033-07-04T14:30,2.5
CLEAN-009555,EVS360-039,Saint Petersburg,2033-07-04T00:10,2033-07-04T14:00,2.5
CLEAN-009556,EVS360-001,Moscow,2033-07-05T19:20,2033-07-06T09:30,2.5
CLEAN-009557,EVS360-002,Moscow,2033-07-05T19:50,2033-07-06T10:00,2.5
CLEAN-009558,EVS360-003,Moscow,2033-07-05T20:10,2033-07-06T10:15,2.5
CLEAN-009559,EVS360-021,Saint Petersburg,2033-07-05T20:10,2033-07-06T09:00,2.5
CLEAN-009560,EVS360-004,Moscow,2033-07-05T20:35,2033-07-06T10:30,2.5
CLEAN-009561,EVS360-022,Saint Petersburg,2033-07-05T20:35,2033-07-06T09:30,2.5
CLEAN-009562,EVS360-005,Moscow,2033-07-05T20:50,2033-07-06T11:00,2.5
CLEAN-009563,EVS360-023,Saint Petersburg,2033-07-05T20:50,2033-07-06T10:00,2.5
CLEAN-009564,EVS360-006,Moscow,2033-07-05T21:20,2033-07-06T11:30,2.5
CLEAN-009565,EVS360-024,Saint Petersburg,2033-07-05T21:20,2033-07-06T10:15,2.5
CLEAN-009566,EVS360-007,Moscow,2033-07-05T21:50,2033-07-06T12:00,2.5
CLEAN-009567,EVS360-025,Saint Petersburg,2033-07-05T21:50,2033-07-06T10:30,2.5
CLEAN-009568,EVS360-008,Moscow,2033-07-05T22:10,2033-07-06T12:30,2.5
CLEAN-009569,EVS360-026,Saint Petersburg,2033-07-05T22:10,2033-07-06T11:00,2.5
CLEAN-009570,EVS360-027,Saint Petersburg,2033-07-05T22:35,2033-07-06T11:30,2.5
CLEAN-009571,EVS360-009,Moscow,2033-07-05T22:50,2033-07-06T13:00,2.5
CLEAN-009572,EVS360-028,Saint Petersburg,2033-07-05T22:50,2033-07-06T12:00,2.5
CLEAN-009573,EVS360-010,Moscow,2033-07-05T23:20,2033-07-06T13:30,2.5
CLEAN-009574,EVS360-029,Saint Petersburg,2033-07-05T23:20,2033-07-06T12:30,2.5
CLEAN-009575,EVS360-011,Moscow,2033-07-05T23:50,2033-07-06T14:00,2.5
CLEAN-009576,EVS360-030,Saint Petersburg,2033-07-05T23:50,2033-07-06T13:00,2.5
CLEAN-009577,EVS360-012,Moscow,2033-07-06T00:10,2033-07-06T14:30,2.5
CLEAN-009578,EVS360-031,Saint Petersburg,2033-07-06T00:10,2033-07-06T14:00,2.5
CLEAN-009579,EVS360-013,Moscow,2033-07-06T08:10,2033-07-06T15:00,2.5
CLEAN-009580,EVS360-032,Saint Petersburg,2033-07-06T08:10,2033-07-06T14:30,2.5
CLEAN-009581,EVS360-014,Moscow,2033-07-06T08:35,2033-07-06T16:00,2.5
CLEAN-009582,EVS360-033,Saint Petersburg,2033-07-06T08:35,2033-07-06T15:00,2.5
CLEAN-009583,EVS360-015,Moscow,2033-07-06T08:50,2033-07-06T16:30,2.5
CLEAN-009584,EVS360-034,Saint Petersburg,2033-07-06T08:50,2033-07-06T16:00,2.5
CLEAN-009585,EVS360-016,Moscow,2033-07-06T09:20,2033-07-06T17:30,2.5
CLEAN-009586,EVS360-035,Saint Petersburg,2033-07-06T09:20,2033-07-06T16:30,2.5
CLEAN-009587,EVS360-017,Moscow,2033-07-06T09:35,2033-07-06T18:00,2.5
CLEAN-009588,EVS360-018,Moscow,2033-07-06T09:50,2033-07-06T18:15,2.5
CLEAN-009589,EVS360-036,Saint Petersburg,2033-07-06T09:50,2033-07-06T17:00,2.5
CLEAN-009590,EVS360-019,Moscow,2033-07-06T10:10,2033-07-06T18:30,2.5
CLEAN-009591,EVS360-037,Saint Petersburg,2033-07-06T10:10,2033-07-06T17:30,2.5
CLEAN-009592,EVS360-020,Moscow,2033-07-06T10:50,2033-07-06T19:00,2.5
CLEAN-009593,EVS360-038,Saint Petersburg,2033-07-06T10:50,2033-07-06T18:00,2.5
CLEAN-009594,EVS360-039,Saint Petersburg,2033-07-06T11:20,2033-07-06T18:15,2.5
CLEAN-009595,EVS360-001,Moscow,2033-07-07T22:50,2033-07-08T13:00,2.5
CLEAN-009596,EVS360-002,Moscow,2033-07-07T23:20,2033-07-08T13:30,2.5
CLEAN-009597,EVS360-021,Saint Petersburg,2033-07-07T23:20,2033-07-08T12:30,2.5
CLEAN-009598,EVS360-003,Moscow,2033-07-07T23:50,2033-07-08T14:00,2.5
CLEAN-009599,EVS360-022,Saint Petersburg,2033-07-07T23:50,2033-07-08T13:00,2.5
CLEAN-009600,EVS360-004,Moscow,2033-07-08T00:10,2033-07-08T14:30,2.5
CLEAN-009601,EVS360-023,Saint Petersburg,2033-07-08T00:10,2033-07-08T14:00,2.5
CLEAN-009602,EVS360-005,Moscow,2033-07-08T08:10,2033-07-08T15:00,2.5
CLEAN-009603,EVS360-024,Saint Petersburg,2033-07-08T08:10,2033-07-08T14:30,2.5
CLEAN-009604,EVS360-006,Moscow,2033-07-08T08:35,2033-07-08T16:00,2.5
CLEAN-009605,EVS360-025,Saint Petersburg,2033-07-08T08:35,2033-07-08T15:00,2.5
CLEAN-009606,EVS360-007,Moscow,2033-07-08T08:50,2033-07-08T16:30,2.5
CLEAN-009607,EVS360-026,Saint Petersburg,2033-07-08T08:50,2033-07-08T16:00,2.5
CLEAN-009608,EVS360-008,Moscow,2033-07-08T09:20,2033-07-08T17:30,2.5
CLEAN-009609,EVS360-027,Saint Petersburg,2033-07-08T09:20,2033-07-08T16:30,2.5
CLEAN-009610,EVS360-009,Moscow,2033-07-08T09:35,2033-07-08T18:00,2.5
CLEAN-009611,EVS360-010,Moscow,2033-07-08T09:50,2033-07-08T18:15,2.5
CLEAN-009612,EVS360-028,Saint Petersburg,2033-07-08T09:50,2033-07-08T17:00,2.5
CLEAN-009613,EVS360-011,Moscow,2033-07-08T10:10,2033-07-08T18:30,2.5
CLEAN-009614,EVS360-029,Saint Petersburg,2033-07-08T10:10,2033-07-08T17:30,2.5
CLEAN-009615,EVS360-012,Moscow,2033-07-08T10:50,2033-07-08T19:00,2.5
CLEAN-009616,EVS360-030,Saint Petersburg,2033-07-08T10:50,2033-07-08T18:00,2.5
CLEAN-009617,EVS360-013,Moscow,2033-07-08T11:20,2033-07-08T19:30,2.5
CLEAN-009618,EVS360-031,Saint Petersburg,2033-07-08T11:20,2033-07-08T18:15,2.5
CLEAN-009619,EVS360-014,Moscow,2033-07-08T11:50,2033-07-08T20:00,2.5
CLEAN-009620,EVS360-032,Saint Petersburg,2033-07-08T11:50,2033-07-08T18:30,2.5
CLEAN-009621,EVS360-015,Moscow,2033-07-08T12:10,2033-07-08T20:15,2.5
CLEAN-009622,EVS360-033,Saint Petersburg,2033-07-08T12:10,2033-07-08T19:00,2.5
CLEAN-009623,EVS360-016,Moscow,2033-07-08T12:35,2033-07-08T20:30,2.5
CLEAN-009624,EVS360-034,Saint Petersburg,2033-07-08T12:35,2033-07-08T19:30,2.5
CLEAN-009625,EVS360-017,Moscow,2033-07-08T12:50,2033-07-08T21:00,2.5
CLEAN-009626,EVS360-035,Saint Petersburg,2033-07-08T12:50,2033-07-08T20:00,2.5
CLEAN-009627,EVS360-018,Moscow,2033-07-08T13:20,2033-07-08T21:30,2.5
CLEAN-009628,EVS360-036,Saint Petersburg,2033-07-08T13:20,2033-07-08T20:30,2.5
CLEAN-009629,EVS360-019,Moscow,2033-07-08T13:50,2033-07-08T22:00,2.5
CLEAN-009630,EVS360-037,Saint Petersburg,2033-07-08T13:50,2033-07-08T21:00,2.5
CLEAN-009631,EVS360-020,Moscow,2033-07-08T14:10,2033-07-09T06:00,2.5
CLEAN-009632,EVS360-038,Saint Petersburg,2033-07-08T14:10,2033-07-08T21:30,2.5
CLEAN-009633,EVS360-039,Saint Petersburg,2033-07-08T14:50,2033-07-08T22:00,2.5
CLEAN-009634,EVS360-001,Moscow,2033-07-10T09:35,2033-07-10T18:00,2.5
CLEAN-009635,EVS360-002,Moscow,2033-07-10T09:50,2033-07-10T18:15,2.5
CLEAN-009636,EVS360-003,Moscow,2033-07-10T10:10,2033-07-10T18:30,2.5
CLEAN-009637,EVS360-021,Saint Petersburg,2033-07-10T10:10,2033-07-10T17:30,2.5
CLEAN-009638,EVS360-004,Moscow,2033-07-10T10:50,2033-07-10T19:00,2.5
CLEAN-009639,EVS360-022,Saint Petersburg,2033-07-10T10:50,2033-07-10T18:00,2.5
CLEAN-009640,EVS360-005,Moscow,2033-07-10T11:20,2033-07-10T19:30,2.5
CLEAN-009641,EVS360-023,Saint Petersburg,2033-07-10T11:20,2033-07-10T18:15,2.5
CLEAN-009642,EVS360-006,Moscow,2033-07-10T11:50,2033-07-10T20:00,2.5
CLEAN-009643,EVS360-024,Saint Petersburg,2033-07-10T11:50,2033-07-10T18:30,2.5
CLEAN-009644,EVS360-007,Moscow,2033-07-10T12:10,2033-07-10T20:15,2.5
CLEAN-009645,EVS360-025,Saint Petersburg,2033-07-10T12:10,2033-07-10T19:00,2.5
CLEAN-009646,EVS360-008,Moscow,2033-07-10T12:35,2033-07-10T20:30,2.5
CLEAN-009647,EVS360-026,Saint Petersburg,2033-07-10T12:35,2033-07-10T19:30,2.5
CLEAN-009648,EVS360-009,Moscow,2033-07-10T12:50,2033-07-10T21:00,2.5
CLEAN-009649,EVS360-027,Saint Petersburg,2033-07-10T12:50,2033-07-10T20:00,2.5
CLEAN-009650,EVS360-010,Moscow,2033-07-10T13:20,2033-07-10T21:30,2.5
CLEAN-009651,EVS360-028,Saint Petersburg,2033-07-10T13:20,2033-07-10T20:30,2.5
CLEAN-009652,EVS360-011,Moscow,2033-07-10T13:50,2033-07-10T22:00,2.5
CLEAN-009653,EVS360-029,Saint Petersburg,2033-07-10T13:50,2033-07-10T21:00,2.5
CLEAN-009654,EVS360-012,Moscow,2033-07-10T14:10,2033-07-11T06:00,2.5
CLEAN-009655,EVS360-030,Saint Petersburg,2033-07-10T14:10,2033-07-10T21:30,2.5
CLEAN-009656,EVS360-013,Moscow,2033-07-10T14:50,2033-07-11T06:15,2.5
CLEAN-009657,EVS360-031,Saint Petersburg,2033-07-10T14:50,2033-07-10T22:00,2.5
CLEAN-009658,EVS360-014,Moscow,2033-07-10T15:20,2033-07-11T06:30,2.5
CLEAN-009659,EVS360-032,Saint Petersburg,2033-07-10T15:20,2033-07-11T06:00,2.5
CLEAN-009660,EVS360-033,Saint Petersburg,2033-07-10T15:50,2033-07-11T06:15,2.5
CLEAN-009661,EVS360-015,Moscow,2033-07-10T16:10,2033-07-11T07:00,2.5
CLEAN-009662,EVS360-034,Saint Petersburg,2033-07-10T16:10,2033-07-11T06:30,2.5
CLEAN-009663,EVS360-016,Moscow,2033-07-10T16:50,2033-07-11T07:30,2.5
CLEAN-009664,EVS360-035,Saint Petersburg,2033-07-10T16:50,2033-07-11T07:00,2.5
CLEAN-009665,EVS360-017,Moscow,2033-07-10T17:20,2033-07-11T08:00,2.5
CLEAN-009666,EVS360-036,Saint Petersburg,2033-07-10T17:20,2033-07-11T07:15,2.5
CLEAN-009667,EVS360-018,Moscow,2033-07-10T18:10,2033-07-11T08:30,2.5
CLEAN-009668,EVS360-037,Saint Petersburg,2033-07-10T18:10,2033-07-11T07:30,2.5
CLEAN-009669,EVS360-019,Moscow,2033-07-10T18:50,2033-07-11T09:00,2.5
CLEAN-009670,EVS360-038,Saint Petersburg,2033-07-10T18:50,2033-07-11T08:00,2.5
CLEAN-009671,EVS360-020,Moscow,2033-07-10T19:20,2033-07-11T09:30,2.5
CLEAN-009672,EVS360-039,Saint Petersburg,2033-07-10T19:50,2033-07-11T08:30,2.5
CLEAN-009673,EVS360-001,Moscow,2033-07-12T12:50,2033-07-12T21:00,2.5
CLEAN-009674,EVS360-002,Moscow,2033-07-12T13:20,2033-07-12T21:30,2.5
CLEAN-009675,EVS360-003,Moscow,2033-07-12T13:50,2033-07-12T22:00,2.5
CLEAN-009676,EVS360-021,Saint Petersburg,2033-07-12T13:50,2033-07-12T21:00,2.5
CLEAN-009677,EVS360-004,Moscow,2033-07-12T14:10,2033-07-13T06:00,2.5
CLEAN-009678,EVS360-022,Saint Petersburg,2033-07-12T14:10,2033-07-12T21:30,2.5
CLEAN-009679,EVS360-005,Moscow,2033-07-12T14:50,2033-07-13T06:15,2.5
CLEAN-009680,EVS360-023,Saint Petersburg,2033-07-12T14:50,2033-07-12T22:00,2.5
CLEAN-009681,EVS360-006,Moscow,2033-07-12T15:20,2033-07-13T06:30,2.5
CLEAN-009682,EVS360-024,Saint Petersburg,2033-07-12T15:20,2033-07-13T06:00,2.5
CLEAN-009683,EVS360-025,Saint Petersburg,2033-07-12T15:50,2033-07-13T06:15,2.5
CLEAN-009684,EVS360-007,Moscow,2033-07-12T16:10,2033-07-13T07:00,2.5
CLEAN-009685,EVS360-026,Saint Petersburg,2033-07-12T16:10,2033-07-13T06:30,2.5
CLEAN-009686,EVS360-008,Moscow,2033-07-12T16:50,2033-07-13T07:30,2.5
CLEAN-009687,EVS360-027,Saint Petersburg,2033-07-12T16:50,2033-07-13T07:00,2.5
CLEAN-009688,EVS360-009,Moscow,2033-07-12T17:20,2033-07-13T08:00,2.5
CLEAN-009689,EVS360-028,Saint Petersburg,2033-07-12T17:20,2033-07-13T07:15,2.5
CLEAN-009690,EVS360-010,Moscow,2033-07-12T18:10,2033-07-13T08:30,2.5
CLEAN-009691,EVS360-029,Saint Petersburg,2033-07-12T18:10,2033-07-13T07:30,2.5
CLEAN-009692,EVS360-011,Moscow,2033-07-12T18:50,2033-07-13T09:00,2.5
CLEAN-009693,EVS360-030,Saint Petersburg,2033-07-12T18:50,2033-07-13T08:00,2.5
CLEAN-009694,EVS360-012,Moscow,2033-07-12T19:20,2033-07-13T09:30,2.5
CLEAN-009695,EVS360-013,Moscow,2033-07-12T19:50,2033-07-13T10:00,2.5
CLEAN-009696,EVS360-031,Saint Petersburg,2033-07-12T19:50,2033-07-13T08:30,2.5
CLEAN-009697,EVS360-014,Moscow,2033-07-12T20:10,2033-07-13T10:15,2.5
CLEAN-009698,EVS360-032,Saint Petersburg,2033-07-12T20:10,2033-07-13T09:00,2.5
CLEAN-009699,EVS360-015,Moscow,2033-07-12T20:35,2033-07-13T10:30,2.5
CLEAN-009700,EVS360-033,Saint Petersburg,2033-07-12T20:35,2033-07-13T09:30,2.5
CLEAN-009701,EVS360-016,Moscow,2033-07-12T20:50,2033-07-13T11:00,2.5
CLEAN-009702,EVS360-034,Saint Petersburg,2033-07-12T20:50,2033-07-13T10:00,2.5
CLEAN-009703,EVS360-017,Moscow,2033-07-12T21:20,2033-07-13T11:30,2.5
CLEAN-009704,EVS360-035,Saint Petersburg,2033-07-12T21:20,2033-07-13T10:15,2.5
CLEAN-009705,EVS360-018,Moscow,2033-07-12T21:50,2033-07-13T12:00,2.5
CLEAN-009706,EVS360-036,Saint Petersburg,2033-07-12T21:50,2033-07-13T10:30,2.5
CLEAN-009707,EVS360-019,Moscow,2033-07-12T22:10,2033-07-13T12:30,2.5
CLEAN-009708,EVS360-037,Saint Petersburg,2033-07-12T22:10,2033-07-13T11:00,2.5
CLEAN-009709,EVS360-038,Saint Petersburg,2033-07-12T22:35,2033-07-13T11:30,2.5
CLEAN-009710,EVS360-020,Moscow,2033-07-12T22:50,2033-07-13T13:00,2.5
CLEAN-009711,EVS360-039,Saint Petersburg,2033-07-12T22:50,2033-07-13T12:00,2.5
CLEAN-009712,EVS360-001,Moscow,2033-07-14T17:20,2033-07-15T08:00,2.5
CLEAN-009713,EVS360-002,Moscow,2033-07-14T18:10,2033-07-15T08:30,2.5
CLEAN-009714,EVS360-021,Saint Petersburg,2033-07-14T18:10,2033-07-15T07:30,2.5
CLEAN-009715,EVS360-003,Moscow,2033-07-14T18:50,2033-07-15T09:00,2.5
CLEAN-009716,EVS360-022,Saint Petersburg,2033-07-14T18:50,2033-07-15T08:00,2.5
CLEAN-009717,EVS360-004,Moscow,2033-07-14T19:20,2033-07-15T09:30,2.5
CLEAN-009718,EVS360-005,Moscow,2033-07-14T19:50,2033-07-15T10:00,2.5
CLEAN-009719,EVS360-023,Saint Petersburg,2033-07-14T19:50,2033-07-15T08:30,2.5
CLEAN-009720,EVS360-006,Moscow,2033-07-14T20:10,2033-07-15T10:15,2.5
CLEAN-009721,EVS360-024,Saint Petersburg,2033-07-14T20:10,2033-07-15T09:00,2.5
CLEAN-009722,EVS360-007,Moscow,2033-07-14T20:35,2033-07-15T10:30,2.5
CLEAN-009723,EVS360-025,Saint Petersburg,2033-07-14T20:35,2033-07-15T09:30,2.5
CLEAN-009724,EVS360-008,Moscow,2033-07-14T20:50,2033-07-15T11:00,2.5
CLEAN-009725,EVS360-026,Saint Petersburg,2033-07-14T20:50,2033-07-15T10:00,2.5
CLEAN-009726,EVS360-009,Moscow,2033-07-14T21:20,2033-07-15T11:30,2.5
CLEAN-009727,EVS360-027,Saint Petersburg,2033-07-14T21:20,2033-07-15T10:15,2.5
CLEAN-009728,EVS360-010,Moscow,2033-07-14T21:50,2033-07-15T12:00,2.5
CLEAN-009729,EVS360-028,Saint Petersburg,2033-07-14T21:50,2033-07-15T10:30,2.5
CLEAN-009730,EVS360-011,Moscow,2033-07-14T22:10,2033-07-15T12:30,2.5
CLEAN-009731,EVS360-029,Saint Petersburg,2033-07-14T22:10,2033-07-15T11:00,2.5
CLEAN-009732,EVS360-030,Saint Petersburg,2033-07-14T22:35,2033-07-15T11:30,2.5
CLEAN-009733,EVS360-012,Moscow,2033-07-14T22:50,2033-07-15T13:00,2.5
CLEAN-009734,EVS360-031,Saint Petersburg,2033-07-14T22:50,2033-07-15T12:00,2.5
CLEAN-009735,EVS360-013,Moscow,2033-07-14T23:20,2033-07-15T13:30,2.5
CLEAN-009736,EVS360-032,Saint Petersburg,2033-07-14T23:20,2033-07-15T12:30,2.5
CLEAN-009737,EVS360-014,Moscow,2033-07-14T23:50,2033-07-15T14:00,2.5
CLEAN-009738,EVS360-033,Saint Petersburg,2033-07-14T23:50,2033-07-15T13:00,2.5
CLEAN-009739,EVS360-015,Moscow,2033-07-15T00:10,2033-07-15T14:30,2.5
CLEAN-009740,EVS360-034,Saint Petersburg,2033-07-15T00:10,2033-07-15T14:00,2.5
CLEAN-009741,EVS360-016,Moscow,2033-07-15T08:10,2033-07-15T15:00,2.5
CLEAN-009742,EVS360-035,Saint Petersburg,2033-07-15T08:10,2033-07-15T14:30,2.5
CLEAN-009743,EVS360-017,Moscow,2033-07-15T08:35,2033-07-15T16:00,2.5
CLEAN-009744,EVS360-036,Saint Petersburg,2033-07-15T08:35,2033-07-15T15:00,2.5
CLEAN-009745,EVS360-018,Moscow,2033-07-15T08:50,2033-07-15T16:30,2.5
CLEAN-009746,EVS360-037,Saint Petersburg,2033-07-15T08:50,2033-07-15T16:00,2.5
CLEAN-009747,EVS360-019,Moscow,2033-07-15T09:20,2033-07-15T17:30,2.5
CLEAN-009748,EVS360-038,Saint Petersburg,2033-07-15T09:20,2033-07-15T16:30,2.5
CLEAN-009749,EVS360-020,Moscow,2033-07-15T09:35,2033-07-15T18:00,2.5
CLEAN-009750,EVS360-039,Saint Petersburg,2033-07-15T09:50,2033-07-15T17:00,2.5
CLEAN-009751,EVS360-001,Moscow,2033-07-16T21:20,2033-07-17T11:30,2.5
CLEAN-009752,EVS360-002,Moscow,2033-07-16T21:50,2033-07-17T12:00,2.5
CLEAN-009753,EVS360-003,Moscow,2033-07-16T22:10,2033-07-17T12:30,2.5
CLEAN-009754,EVS360-021,Saint Petersburg,2033-07-16T22:10,2033-07-17T11:00,2.5
CLEAN-009755,EVS360-022,Saint Petersburg,2033-07-16T22:35,2033-07-17T11:30,2.5
CLEAN-009756,EVS360-004,Moscow,2033-07-16T22:50,2033-07-17T13:00,2.5
CLEAN-009757,EVS360-023,Saint Petersburg,2033-07-16T22:50,2033-07-17T12:00,2.5
CLEAN-009758,EVS360-005,Moscow,2033-07-16T23:20,2033-07-17T13:30,2.5
CLEAN-009759,EVS360-024,Saint Petersburg,2033-07-16T23:20,2033-07-17T12:30,2.5
CLEAN-009760,EVS360-006,Moscow,2033-07-16T23:50,2033-07-17T14:00,2.5
CLEAN-009761,EVS360-025,Saint Petersburg,2033-07-16T23:50,2033-07-17T13:00,2.5
CLEAN-009762,EVS360-007,Moscow,2033-07-17T00:10,2033-07-17T14:30,2.5
CLEAN-009763,EVS360-026,Saint Petersburg,2033-07-17T00:10,2033-07-17T14:00,2.5
CLEAN-009764,EVS360-008,Moscow,2033-07-17T08:10,2033-07-17T15:00,2.5
CLEAN-009765,EVS360-027,Saint Petersburg,2033-07-17T08:10,2033-07-17T14:30,2.5
CLEAN-009766,EVS360-009,Moscow,2033-07-17T08:35,2033-07-17T16:00,2.5
CLEAN-009767,EVS360-028,Saint Petersburg,2033-07-17T08:35,2033-07-17T15:00,2.5
CLEAN-009768,EVS360-010,Moscow,2033-07-17T08:50,2033-07-17T16:30,2.5
CLEAN-009769,EVS360-029,Saint Petersburg,2033-07-17T08:50,2033-07-17T16:00,2.5
CLEAN-009770,EVS360-011,Moscow,2033-07-17T09:20,2033-07-17T17:30,2.5
CLEAN-009771,EVS360-030,Saint Petersburg,2033-07-17T09:20,2033-07-17T16:30,2.5
CLEAN-009772,EVS360-012,Moscow,2033-07-17T09:35,2033-07-17T18:00,2.5
CLEAN-009773,EVS360-013,Moscow,2033-07-17T09:50,2033-07-17T18:15,2.5
CLEAN-009774,EVS360-031,Saint Petersburg,2033-07-17T09:50,2033-07-17T17:00,2.5
CLEAN-009775,EVS360-014,Moscow,2033-07-17T10:10,2033-07-17T18:30,2.5
CLEAN-009776,EVS360-032,Saint Petersburg,2033-07-17T10:10,2033-07-17T17:30,2.5
CLEAN-009777,EVS360-015,Moscow,2033-07-17T10:50,2033-07-17T19:00,2.5
CLEAN-009778,EVS360-033,Saint Petersburg,2033-07-17T10:50,2033-07-17T18:00,2.5
CLEAN-009779,EVS360-016,Moscow,2033-07-17T11:20,2033-07-17T19:30,2.5
CLEAN-009780,EVS360-034,Saint Petersburg,2033-07-17T11:20,2033-07-17T18:15,2.5
CLEAN-009781,EVS360-017,Moscow,2033-07-17T11:50,2033-07-17T20:00,2.5
CLEAN-009782,EVS360-035,Saint Petersburg,2033-07-17T11:50,2033-07-17T18:30,2.5
CLEAN-009783,EVS360-018,Moscow,2033-07-17T12:10,2033-07-17T20:15,2.5
CLEAN-009784,EVS360-036,Saint Petersburg,2033-07-17T12:10,2033-07-17T19:00,2.5
CLEAN-009785,EVS360-019,Moscow,2033-07-17T12:35,2033-07-17T20:30,2.5
CLEAN-009786,EVS360-037,Saint Petersburg,2033-07-17T12:35,2033-07-17T19:30,2.5
CLEAN-009787,EVS360-020,Moscow,2033-07-17T12:50,2033-07-17T21:00,2.5
CLEAN-009788,EVS360-038,Saint Petersburg,2033-07-17T12:50,2033-07-17T20:00,2.5
CLEAN-009789,EVS360-039,Saint Petersburg,2033-07-17T13:20,2033-07-17T20:30,2.5
CLEAN-009790,EVS360-001,Moscow,2033-07-19T08:35,2033-07-19T16:00,2.5
CLEAN-009791,EVS360-002,Moscow,2033-07-19T08:50,2033-07-19T16:30,2.5
CLEAN-009792,EVS360-021,Saint Petersburg,2033-07-19T08:50,2033-07-19T16:00,2.5
CLEAN-009793,EVS360-003,Moscow,2033-07-19T09:20,2033-07-19T17:30,2.5
CLEAN-009794,EVS360-022,Saint Petersburg,2033-07-19T09:20,2033-07-19T16:30,2.5
CLEAN-009795,EVS360-004,Moscow,2033-07-19T09:35,2033-07-19T18:00,2.5
CLEAN-009796,EVS360-005,Moscow,2033-07-19T09:50,2033-07-19T18:15,2.5
CLEAN-009797,EVS360-023,Saint Petersburg,2033-07-19T09:50,2033-07-19T17:00,2.5
CLEAN-009798,EVS360-006,Moscow,2033-07-19T10:10,2033-07-19T18:30,2.5
CLEAN-009799,EVS360-024,Saint Petersburg,2033-07-19T10:10,2033-07-19T17:30,2.5
CLEAN-009800,EVS360-007,Moscow,2033-07-19T10:50,2033-07-19T19:00,2.5
CLEAN-009801,EVS360-025,Saint Petersburg,2033-07-19T10:50,2033-07-19T18:00,2.5
CLEAN-009802,EVS360-008,Moscow,2033-07-19T11:20,2033-07-19T19:30,2.5
CLEAN-009803,EVS360-026,Saint Petersburg,2033-07-19T11:20,2033-07-19T18:15,2.5
CLEAN-009804,EVS360-009,Moscow,2033-07-19T11:50,2033-07-19T20:00,2.5
CLEAN-009805,EVS360-027,Saint Petersburg,2033-07-19T11:50,2033-07-19T18:30,2.5
CLEAN-009806,EVS360-010,Moscow,2033-07-19T12:10,2033-07-19T20:15,2.5
CLEAN-009807,EVS360-028,Saint Petersburg,2033-07-19T12:10,2033-07-19T19:00,2.5
CLEAN-009808,EVS360-011,Moscow,2033-07-19T12:35,2033-07-19T20:30,2.5
CLEAN-009809,EVS360-029,Saint Petersburg,2033-07-19T12:35,2033-07-19T19:30,2.5
CLEAN-009810,EVS360-012,Moscow,2033-07-19T12:50,2033-07-19T21:00,2.5
CLEAN-009811,EVS360-030,Saint Petersburg,2033-07-19T12:50,2033-07-19T20:00,2.5
CLEAN-009812,EVS360-013,Moscow,2033-07-19T13:20,2033-07-19T21:30,2.5
CLEAN-009813,EVS360-031,Saint Petersburg,2033-07-19T13:20,2033-07-19T20:30,2.5
CLEAN-009814,EVS360-014,Moscow,2033-07-19T13:50,2033-07-19T22:00,2.5
CLEAN-009815,EVS360-032,Saint Petersburg,2033-07-19T13:50,2033-07-19T21:00,2.5
CLEAN-009816,EVS360-015,Moscow,2033-07-19T14:10,2033-07-20T06:00,2.5
CLEAN-009817,EVS360-033,Saint Petersburg,2033-07-19T14:10,2033-07-19T21:30,2.5
CLEAN-009818,EVS360-016,Moscow,2033-07-19T14:50,2033-07-20T06:15,2.5
CLEAN-009819,EVS360-034,Saint Petersburg,2033-07-19T14:50,2033-07-19T22:00,2.5
CLEAN-009820,EVS360-017,Moscow,2033-07-19T15:20,2033-07-20T06:30,2.5
CLEAN-009821,EVS360-035,Saint Petersburg,2033-07-19T15:20,2033-07-20T06:00,2.5
CLEAN-009822,EVS360-036,Saint Petersburg,2033-07-19T15:50,2033-07-20T06:15,2.5
CLEAN-009823,EVS360-018,Moscow,2033-07-19T16:10,2033-07-20T07:00,2.5
CLEAN-009824,EVS360-037,Saint Petersburg,2033-07-19T16:10,2033-07-20T06:30,2.5
CLEAN-009825,EVS360-019,Moscow,2033-07-19T16:50,2033-07-20T07:30,2.5
CLEAN-009826,EVS360-038,Saint Petersburg,2033-07-19T16:50,2033-07-20T07:00,2.5
CLEAN-009827,EVS360-020,Moscow,2033-07-19T17:20,2033-07-20T08:00,2.5
CLEAN-009828,EVS360-039,Saint Petersburg,2033-07-19T17:20,2033-07-20T07:15,2.5
CLEAN-009829,EVS360-001,Moscow,2033-07-21T11:50,2033-07-21T20:00,2.5
CLEAN-009830,EVS360-002,Moscow,2033-07-21T12:10,2033-07-21T20:15,2.5
CLEAN-009831,EVS360-003,Moscow,2033-07-21T12:35,2033-07-21T20:30,2.5
CLEAN-009832,EVS360-021,Saint Petersburg,2033-07-21T12:35,2033-07-21T19:30,2.5
CLEAN-009833,EVS360-004,Moscow,2033-07-21T12:50,2033-07-21T21:00,2.5
CLEAN-009834,EVS360-022,Saint Petersburg,2033-07-21T12:50,2033-07-21T20:00,2.5
CLEAN-009835,EVS360-005,Moscow,2033-07-21T13:20,2033-07-21T21:30,2.5
CLEAN-009836,EVS360-023,Saint Petersburg,2033-07-21T13:20,2033-07-21T20:30,2.5
CLEAN-009837,EVS360-006,Moscow,2033-07-21T13:50,2033-07-21T22:00,2.5
CLEAN-009838,EVS360-024,Saint Petersburg,2033-07-21T13:50,2033-07-21T21:00,2.5
CLEAN-009839,EVS360-007,Moscow,2033-07-21T14:10,2033-07-22T06:00,2.5
CLEAN-009840,EVS360-025,Saint Petersburg,2033-07-21T14:10,2033-07-21T21:30,2.5
CLEAN-009841,EVS360-008,Moscow,2033-07-21T14:50,2033-07-22T06:15,2.5
CLEAN-009842,EVS360-026,Saint Petersburg,2033-07-21T14:50,2033-07-21T22:00,2.5
CLEAN-009843,EVS360-009,Moscow,2033-07-21T15:20,2033-07-22T06:30,2.5
CLEAN-009844,EVS360-027,Saint Petersburg,2033-07-21T15:20,2033-07-22T06:00,2.5
CLEAN-009845,EVS360-028,Saint Petersburg,2033-07-21T15:50,2033-07-22T06:15,2.5
CLEAN-009846,EVS360-010,Moscow,2033-07-21T16:10,2033-07-22T07:00,2.5
CLEAN-009847,EVS360-029,Saint Petersburg,2033-07-21T16:10,2033-07-22T06:30,2.5
CLEAN-009848,EVS360-011,Moscow,2033-07-21T16:50,2033-07-22T07:30,2.5
CLEAN-009849,EVS360-030,Saint Petersburg,2033-07-21T16:50,2033-07-22T07:00,2.5
CLEAN-009850,EVS360-012,Moscow,2033-07-21T17:20,2033-07-22T08:00,2.5
CLEAN-009851,EVS360-031,Saint Petersburg,2033-07-21T17:20,2033-07-22T07:15,2.5
CLEAN-009852,EVS360-013,Moscow,2033-07-21T18:10,2033-07-22T08:30,2.5
CLEAN-009853,EVS360-032,Saint Petersburg,2033-07-21T18:10,2033-07-22T07:30,2.5
CLEAN-009854,EVS360-014,Moscow,2033-07-21T18:50,2033-07-22T09:00,2.5
CLEAN-009855,EVS360-033,Saint Petersburg,2033-07-21T18:50,2033-07-22T08:00,2.5
CLEAN-009856,EVS360-015,Moscow,2033-07-21T19:20,2033-07-22T09:30,2.5
CLEAN-009857,EVS360-016,Moscow,2033-07-21T19:50,2033-07-22T10:00,2.5
CLEAN-009858,EVS360-034,Saint Petersburg,2033-07-21T19:50,2033-07-22T08:30,2.5
CLEAN-009859,EVS360-017,Moscow,2033-07-21T20:10,2033-07-22T10:15,2.5
CLEAN-009860,EVS360-035,Saint Petersburg,2033-07-21T20:10,2033-07-22T09:00,2.5
CLEAN-009861,EVS360-018,Moscow,2033-07-21T20:35,2033-07-22T10:30,2.5
CLEAN-009862,EVS360-036,Saint Petersburg,2033-07-21T20:35,2033-07-22T09:30,2.5
CLEAN-009863,EVS360-019,Moscow,2033-07-21T20:50,2033-07-22T11:00,2.5
CLEAN-009864,EVS360-037,Saint Petersburg,2033-07-21T20:50,2033-07-22T10:00,2.5
CLEAN-009865,EVS360-020,Moscow,2033-07-21T21:20,2033-07-22T11:30,2.5
CLEAN-009866,EVS360-038,Saint Petersburg,2033-07-21T21:20,2033-07-22T10:15,2.5
CLEAN-009867,EVS360-039,Saint Petersburg,2033-07-21T21:50,2033-07-22T10:30,2.5
CLEAN-009868,EVS360-001,Moscow,2033-07-23T15:20,2033-07-24T06:30,2.5
CLEAN-009869,EVS360-002,Moscow,2033-07-23T16:10,2033-07-24T07:00,2.5
CLEAN-009870,EVS360-021,Saint Petersburg,2033-07-23T16:10,2033-07-24T06:30,2.5
CLEAN-009871,EVS360-003,Moscow,2033-07-23T16:50,2033-07-24T07:30,2.5
CLEAN-009872,EVS360-022,Saint Petersburg,2033-07-23T16:50,2033-07-24T07:00,2.5
CLEAN-009873,EVS360-004,Moscow,2033-07-23T17:20,2033-07-24T08:00,2.5
CLEAN-009874,EVS360-023,Saint Petersburg,2033-07-23T17:20,2033-07-24T07:15,2.5
CLEAN-009875,EVS360-005,Moscow,2033-07-23T18:10,2033-07-24T08:30,2.5
CLEAN-009876,EVS360-024,Saint Petersburg,2033-07-23T18:10,2033-07-24T07:30,2.5
CLEAN-009877,EVS360-006,Moscow,2033-07-23T18:50,2033-07-24T09:00,2.5
CLEAN-009878,EVS360-025,Saint Petersburg,2033-07-23T18:50,2033-07-24T08:00,2.5
CLEAN-009879,EVS360-007,Moscow,2033-07-23T19:20,2033-07-24T09:30,2.5
CLEAN-009880,EVS360-008,Moscow,2033-07-23T19:50,2033-07-24T10:00,2.5
CLEAN-009881,EVS360-026,Saint Petersburg,2033-07-23T19:50,2033-07-24T08:30,2.5
CLEAN-009882,EVS360-009,Moscow,2033-07-23T20:10,2033-07-24T10:15,2.5
CLEAN-009883,EVS360-027,Saint Petersburg,2033-07-23T20:10,2033-07-24T09:00,2.5
CLEAN-009884,EVS360-010,Moscow,2033-07-23T20:35,2033-07-24T10:30,2.5
CLEAN-009885,EVS360-028,Saint Petersburg,2033-07-23T20:35,2033-07-24T09:30,2.5
CLEAN-009886,EVS360-011,Moscow,2033-07-23T20:50,2033-07-24T11:00,2.5
CLEAN-009887,EVS360-029,Saint Petersburg,2033-07-23T20:50,2033-07-24T10:00,2.5
CLEAN-009888,EVS360-012,Moscow,2033-07-23T21:20,2033-07-24T11:30,2.5
CLEAN-009889,EVS360-030,Saint Petersburg,2033-07-23T21:20,2033-07-24T10:15,2.5
CLEAN-009890,EVS360-013,Moscow,2033-07-23T21:50,2033-07-24T12:00,2.5
CLEAN-009891,EVS360-031,Saint Petersburg,2033-07-23T21:50,2033-07-24T10:30,2.5
CLEAN-009892,EVS360-014,Moscow,2033-07-23T22:10,2033-07-24T12:30,2.5
CLEAN-009893,EVS360-032,Saint Petersburg,2033-07-23T22:10,2033-07-24T11:00,2.5
CLEAN-009894,EVS360-033,Saint Petersburg,2033-07-23T22:35,2033-07-24T11:30,2.5
CLEAN-009895,EVS360-015,Moscow,2033-07-23T22:50,2033-07-24T13:00,2.5
CLEAN-009896,EVS360-034,Saint Petersburg,2033-07-23T22:50,2033-07-24T12:00,2.5
CLEAN-009897,EVS360-016,Moscow,2033-07-23T23:20,2033-07-24T13:30,2.5
CLEAN-009898,EVS360-035,Saint Petersburg,2033-07-23T23:20,2033-07-24T12:30,2.5
CLEAN-009899,EVS360-017,Moscow,2033-07-23T23:50,2033-07-24T14:00,2.5
CLEAN-009900,EVS360-036,Saint Petersburg,2033-07-23T23:50,2033-07-24T13:00,2.5
CLEAN-009901,EVS360-018,Moscow,2033-07-24T00:10,2033-07-24T14:30,2.5
CLEAN-009902,EVS360-037,Saint Petersburg,2033-07-24T00:10,2033-07-24T14:00,2.5
CLEAN-009903,EVS360-019,Moscow,2033-07-24T08:10,2033-07-24T15:00,2.5
CLEAN-009904,EVS360-038,Saint Petersburg,2033-07-24T08:10,2033-07-24T14:30,2.5
CLEAN-009905,EVS360-020,Moscow,2033-07-24T08:35,2033-07-24T16:00,2.5
CLEAN-009906,EVS360-039,Saint Petersburg,2033-07-24T08:35,2033-07-24T15:00,2.5
CLEAN-009907,EVS360-001,Moscow,2033-07-25T20:10,2033-07-26T10:15,2.5
CLEAN-009908,EVS360-002,Moscow,2033-07-25T20:35,2033-07-26T10:30,2.5
CLEAN-009909,EVS360-003,Moscow,2033-07-25T20:50,2033-07-26T11:00,2.5
CLEAN-009910,EVS360-021,Saint Petersburg,2033-07-25T20:50,2033-07-26T10:00,2.5
CLEAN-009911,EVS360-004,Moscow,2033-07-25T21:20,2033-07-26T11:30,2.5
CLEAN-009912,EVS360-022,Saint Petersburg,2033-07-25T21:20,2033-07-26T10:15,2.5
CLEAN-009913,EVS360-005,Moscow,2033-07-25T21:50,2033-07-26T12:00,2.5
CLEAN-009914,EVS360-023,Saint Petersburg,2033-07-25T21:50,2033-07-26T10:30,2.5
CLEAN-009915,EVS360-006,Moscow,2033-07-25T22:10,2033-07-26T12:30,2.5
CLEAN-009916,EVS360-024,Saint Petersburg,2033-07-25T22:10,2033-07-26T11:00,2.5
CLEAN-009917,EVS360-025,Saint Petersburg,2033-07-25T22:35,2033-07-26T11:30,2.5
CLEAN-009918,EVS360-007,Moscow,2033-07-25T22:50,2033-07-26T13:00,2.5
CLEAN-009919,EVS360-026,Saint Petersburg,2033-07-25T22:50,2033-07-26T12:00,2.5
CLEAN-009920,EVS360-008,Moscow,2033-07-25T23:20,2033-07-26T13:30,2.5
CLEAN-009921,EVS360-027,Saint Petersburg,2033-07-25T23:20,2033-07-26T12:30,2.5
CLEAN-009922,EVS360-009,Moscow,2033-07-25T23:50,2033-07-26T14:00,2.5
CLEAN-009923,EVS360-028,Saint Petersburg,2033-07-25T23:50,2033-07-26T13:00,2.5
CLEAN-009924,EVS360-010,Moscow,2033-07-26T00:10,2033-07-26T14:30,2.5
CLEAN-009925,EVS360-029,Saint Petersburg,2033-07-26T00:10,2033-07-26T14:00,2.5
CLEAN-009926,EVS360-011,Moscow,2033-07-26T08:10,2033-07-26T15:00,2.5
CLEAN-009927,EVS360-030,Saint Petersburg,2033-07-26T08:10,2033-07-26T14:30,2.5
CLEAN-009928,EVS360-012,Moscow,2033-07-26T08:35,2033-07-26T16:00,2.5
CLEAN-009929,EVS360-031,Saint Petersburg,2033-07-26T08:35,2033-07-26T15:00,2.5
CLEAN-009930,EVS360-013,Moscow,2033-07-26T08:50,2033-07-26T16:30,2.5
CLEAN-009931,EVS360-032,Saint Petersburg,2033-07-26T08:50,2033-07-26T16:00,2.5
CLEAN-009932,EVS360-014,Moscow,2033-07-26T09:20,2033-07-26T17:30,2.5
CLEAN-009933,EVS360-033,Saint Petersburg,2033-07-26T09:20,2033-07-26T16:30,2.5
CLEAN-009934,EVS360-015,Moscow,2033-07-26T09:35,2033-07-26T18:00,2.5
CLEAN-009935,EVS360-016,Moscow,2033-07-26T09:50,2033-07-26T18:15,2.5
CLEAN-009936,EVS360-034,Saint Petersburg,2033-07-26T09:50,2033-07-26T17:00,2.5
CLEAN-009937,EVS360-017,Moscow,2033-07-26T10:10,2033-07-26T18:30,2.5
CLEAN-009938,EVS360-035,Saint Petersburg,2033-07-26T10:10,2033-07-26T17:30,2.5
CLEAN-009939,EVS360-018,Moscow,2033-07-26T10:50,2033-07-26T19:00,2.5
CLEAN-009940,EVS360-036,Saint Petersburg,2033-07-26T10:50,2033-07-26T18:00,2.5
CLEAN-009941,EVS360-019,Moscow,2033-07-26T11:20,2033-07-26T19:30,2.5
CLEAN-009942,EVS360-037,Saint Petersburg,2033-07-26T11:20,2033-07-26T18:15,2.5
CLEAN-009943,EVS360-020,Moscow,2033-07-26T11:50,2033-07-26T20:00,2.5
CLEAN-009944,EVS360-038,Saint Petersburg,2033-07-26T11:50,2033-07-26T18:30,2.5
CLEAN-009945,EVS360-039,Saint Petersburg,2033-07-26T12:10,2033-07-26T19:00,2.5
CLEAN-009946,EVS360-001,Moscow,2033-07-27T23:50,2033-07-28T14:00,2.5
CLEAN-009947,EVS360-002,Moscow,2033-07-28T00:10,2033-07-28T14:30,2.5
CLEAN-009948,EVS360-021,Saint Petersburg,2033-07-28T00:10,2033-07-28T14:00,2.5
CLEAN-009949,EVS360-003,Moscow,2033-07-28T08:10,2033-07-28T15:00,2.5
CLEAN-009950,EVS360-022,Saint Petersburg,2033-07-28T08:10,2033-07-28T14:30,2.5
CLEAN-009951,EVS360-004,Moscow,2033-07-28T08:35,2033-07-28T16:00,2.5
CLEAN-009952,EVS360-023,Saint Petersburg,2033-07-28T08:35,2033-07-28T15:00,2.5
CLEAN-009953,EVS360-005,Moscow,2033-07-28T08:50,2033-07-28T16:30,2.5
CLEAN-009954,EVS360-024,Saint Petersburg,2033-07-28T08:50,2033-07-28T16:00,2.5
CLEAN-009955,EVS360-006,Moscow,2033-07-28T09:20,2033-07-28T17:30,2.5
CLEAN-009956,EVS360-025,Saint Petersburg,2033-07-28T09:20,2033-07-28T16:30,2.5
CLEAN-009957,EVS360-007,Moscow,2033-07-28T09:35,2033-07-28T18:00,2.5
CLEAN-009958,EVS360-008,Moscow,2033-07-28T09:50,2033-07-28T18:15,2.5
CLEAN-009959,EVS360-026,Saint Petersburg,2033-07-28T09:50,2033-07-28T17:00,2.5
CLEAN-009960,EVS360-009,Moscow,2033-07-28T10:10,2033-07-28T18:30,2.5
CLEAN-009961,EVS360-027,Saint Petersburg,2033-07-28T10:10,2033-07-28T17:30,2.5
CLEAN-009962,EVS360-010,Moscow,2033-07-28T10:50,2033-07-28T19:00,2.5
CLEAN-009963,EVS360-028,Saint Petersburg,2033-07-28T10:50,2033-07-28T18:00,2.5
CLEAN-009964,EVS360-011,Moscow,2033-07-28T11:20,2033-07-28T19:30,2.5
CLEAN-009965,EVS360-029,Saint Petersburg,2033-07-28T11:20,2033-07-28T18:15,2.5
CLEAN-009966,EVS360-012,Moscow,2033-07-28T11:50,2033-07-28T20:00,2.5
CLEAN-009967,EVS360-030,Saint Petersburg,2033-07-28T11:50,2033-07-28T18:30,2.5
CLEAN-009968,EVS360-013,Moscow,2033-07-28T12:10,2033-07-28T20:15,2.5
CLEAN-009969,EVS360-031,Saint Petersburg,2033-07-28T12:10,2033-07-28T19:00,2.5
CLEAN-009970,EVS360-014,Moscow,2033-07-28T12:35,2033-07-28T20:30,2.5
CLEAN-009971,EVS360-032,Saint Petersburg,2033-07-28T12:35,2033-07-28T19:30,2.5
CLEAN-009972,EVS360-015,Moscow,2033-07-28T12:50,2033-07-28T21:00,2.5
CLEAN-009973,EVS360-033,Saint Petersburg,2033-07-28T12:50,2033-07-28T20:00,2.5
CLEAN-009974,EVS360-016,Moscow,2033-07-28T13:20,2033-07-28T21:30,2.5
CLEAN-009975,EVS360-034,Saint Petersburg,2033-07-28T13:20,2033-07-28T20:30,2.5
CLEAN-009976,EVS360-017,Moscow,2033-07-28T13:50,2033-07-28T22:00,2.5
CLEAN-009977,EVS360-035,Saint Petersburg,2033-07-28T13:50,2033-07-28T21:00,2.5
CLEAN-009978,EVS360-018,Moscow,2033-07-28T14:10,2033-07-29T06:00,2.5
CLEAN-009979,EVS360-036,Saint Petersburg,2033-07-28T14:10,2033-07-28T21:30,2.5
CLEAN-009980,EVS360-019,Moscow,2033-07-28T14:50,2033-07-29T06:15,2.5
CLEAN-009981,EVS360-037,Saint Petersburg,2033-07-28T14:50,2033-07-28T22:00,2.5
CLEAN-009982,EVS360-020,Moscow,2033-07-28T15:20,2033-07-29T06:30,2.5
CLEAN-009983,EVS360-038,Saint Petersburg,2033-07-28T15:20,2033-07-29T06:00,2.5
CLEAN-009984,EVS360-039,Saint Petersburg,2033-07-28T15:50,2033-07-29T06:15,2.5
CLEAN-009985,EVS360-001,Moscow,2033-07-30T10:10,2033-07-30T18:30,2.5
CLEAN-009986,EVS360-002,Moscow,2033-07-30T10:50,2033-07-30T19:00,2.5
CLEAN-009987,EVS360-003,Moscow,2033-07-30T11:20,2033-07-30T19:30,2.5
CLEAN-009988,EVS360-021,Saint Petersburg,2033-07-30T11:20,2033-07-30T18:15,2.5
CLEAN-009989,EVS360-004,Moscow,2033-07-30T11:50,2033-07-30T20:00,2.5
CLEAN-009990,EVS360-022,Saint Petersburg,2033-07-30T11:50,2033-07-30T18:30,2.5
CLEAN-009991,EVS360-005,Moscow,2033-07-30T12:10,2033-07-30T20:15,2.5
CLEAN-009992,EVS360-023,Saint Petersburg,2033-07-30T12:10,2033-07-30T19:00,2.5
CLEAN-009993,EVS360-006,Moscow,2033-07-30T12:35,2033-07-30T20:30,2.5
CLEAN-009994,EVS360-024,Saint Petersburg,2033-07-30T12:35,2033-07-30T19:30,2.5
CLEAN-009995,EVS360-007,Moscow,2033-07-30T12:50,2033-07-30T21:00,2.5
CLEAN-009996,EVS360-025,Saint Petersburg,2033-07-30T12:50,2033-07-30T20:00,2.5
CLEAN-009997,EVS360-008,Moscow,2033-07-30T13:20,2033-07-30T21:30,2.5
CLEAN-009998,EVS360-026,Saint Petersburg,2033-07-30T13:20,2033-07-30T20:30,2.5
CLEAN-009999,EVS360-009,Moscow,2033-07-30T13:50,2033-07-30T22:00,2.5
CLEAN-010000,EVS360-027,Saint Petersburg,2033-07-30T13:50,2033-07-30T21:00,2.5
CLEAN-010001,EVS360-010,Moscow,2033-07-30T14:10,2033-07-31T06:00,2.5
CLEAN-010002,EVS360-028,Saint Petersburg,2033-07-30T14:10,2033-07-30T21:30,2.5
CLEAN-010003,EVS360-011,Moscow,2033-07-30T14:50,2033-07-31T06:15,2.5
CLEAN-010004,EVS360-029,Saint Petersburg,2033-07-30T14:50,2033-07-30T22:00,2.5
CLEAN-010005,EVS360-012,Moscow,2033-07-30T15:20,2033-07-31T06:30,2.5
CLEAN-010006,EVS360-030,Saint Petersburg,2033-07-30T15:20,2033-07-31T06:00,2.5
CLEAN-010007,EVS360-031,Saint Petersburg,2033-07-30T15:50,2033-07-31T06:15,2.5
CLEAN-010008,EVS360-013,Moscow,2033-07-30T16:10,2033-07-31T07:00,2.5
CLEAN-010009,EVS360-032,Saint Petersburg,2033-07-30T16:10,2033-07-31T06:30,2.5
CLEAN-010010,EVS360-014,Moscow,2033-07-30T16:50,2033-07-31T07:30,2.5
CLEAN-010011,EVS360-033,Saint Petersburg,2033-07-30T16:50,2033-07-31T07:00,2.5
CLEAN-010012,EVS360-015,Moscow,2033-07-30T17:20,2033-07-31T08:00,2.5
CLEAN-010013,EVS360-034,Saint Petersburg,2033-07-30T17:20,2033-07-31T07:15,2.5
CLEAN-010014,EVS360-016,Moscow,2033-07-30T18:10,2033-07-31T08:30,2.5
CLEAN-010015,EVS360-035,Saint Petersburg,2033-07-30T18:10,2033-07-31T07:30,2.5
CLEAN-010016,EVS360-017,Moscow,2033-07-30T18:50,2033-07-31T09:00,2.5
CLEAN-010017,EVS360-036,Saint Petersburg,2033-07-30T18:50,2033-07-31T08:00,2.5
CLEAN-010018,EVS360-018,Moscow,2033-07-30T19:20,2033-07-31T09:30,2.5
CLEAN-010019,EVS360-019,Moscow,2033-07-30T19:50,2033-07-31T10:00,2.5
CLEAN-010020,EVS360-037,Saint Petersburg,2033-07-30T19:50,2033-07-31T08:30,2.5
CLEAN-010021,EVS360-020,Moscow,2033-07-30T20:10,2033-07-31T10:15,2.5
CLEAN-010022,EVS360-038,Saint Petersburg,2033-07-30T20:10,2033-07-31T09:00,2.5
CLEAN-010023,EVS360-039,Saint Petersburg,2033-07-30T20:35,2033-07-31T09:30,2.5
CLEAN-010024,EVS360-001,Moscow,2033-08-01T13:50,2033-08-01T22:00,2.5
CLEAN-010025,EVS360-002,Moscow,2033-08-01T14:10,2033-08-02T06:00,2.5
CLEAN-010026,EVS360-003,Moscow,2033-08-01T14:50,2033-08-02T06:15,2.5
CLEAN-010027,EVS360-021,Saint Petersburg,2033-08-01T14:50,2033-08-01T22:00,2.5
CLEAN-010028,EVS360-004,Moscow,2033-08-01T15:20,2033-08-02T06:30,2.5
CLEAN-010029,EVS360-022,Saint Petersburg,2033-08-01T15:20,2033-08-02T06:00,2.5
CLEAN-010030,EVS360-023,Saint Petersburg,2033-08-01T15:50,2033-08-02T06:15,2.5
CLEAN-010031,EVS360-005,Moscow,2033-08-01T16:10,2033-08-02T07:00,2.5
CLEAN-010032,EVS360-024,Saint Petersburg,2033-08-01T16:10,2033-08-02T06:30,2.5
CLEAN-010033,EVS360-006,Moscow,2033-08-01T16:50,2033-08-02T07:30,2.5
CLEAN-010034,EVS360-025,Saint Petersburg,2033-08-01T16:50,2033-08-02T07:00,2.5
CLEAN-010035,EVS360-007,Moscow,2033-08-01T17:20,2033-08-02T08:00,2.5
CLEAN-010036,EVS360-026,Saint Petersburg,2033-08-01T17:20,2033-08-02T07:15,2.5
CLEAN-010037,EVS360-008,Moscow,2033-08-01T18:10,2033-08-02T08:30,2.5
CLEAN-010038,EVS360-027,Saint Petersburg,2033-08-01T18:10,2033-08-02T07:30,2.5
CLEAN-010039,EVS360-009,Moscow,2033-08-01T18:50,2033-08-02T09:00,2.5
CLEAN-010040,EVS360-028,Saint Petersburg,2033-08-01T18:50,2033-08-02T08:00,2.5
CLEAN-010041,EVS360-010,Moscow,2033-08-01T19:20,2033-08-02T09:30,2.5
CLEAN-010042,EVS360-011,Moscow,2033-08-01T19:50,2033-08-02T10:00,2.5
CLEAN-010043,EVS360-029,Saint Petersburg,2033-08-01T19:50,2033-08-02T08:30,2.5
CLEAN-010044,EVS360-012,Moscow,2033-08-01T20:10,2033-08-02T10:15,2.5
CLEAN-010045,EVS360-030,Saint Petersburg,2033-08-01T20:10,2033-08-02T09:00,2.5
CLEAN-010046,EVS360-013,Moscow,2033-08-01T20:35,2033-08-02T10:30,2.5
CLEAN-010047,EVS360-031,Saint Petersburg,2033-08-01T20:35,2033-08-02T09:30,2.5
CLEAN-010048,EVS360-014,Moscow,2033-08-01T20:50,2033-08-02T11:00,2.5
CLEAN-010049,EVS360-032,Saint Petersburg,2033-08-01T20:50,2033-08-02T10:00,2.5
CLEAN-010050,EVS360-015,Moscow,2033-08-01T21:20,2033-08-02T11:30,2.5
CLEAN-010051,EVS360-033,Saint Petersburg,2033-08-01T21:20,2033-08-02T10:15,2.5
CLEAN-010052,EVS360-016,Moscow,2033-08-01T21:50,2033-08-02T12:00,2.5
CLEAN-010053,EVS360-034,Saint Petersburg,2033-08-01T21:50,2033-08-02T10:30,2.5
CLEAN-010054,EVS360-017,Moscow,2033-08-01T22:10,2033-08-02T12:30,2.5
CLEAN-010055,EVS360-035,Saint Petersburg,2033-08-01T22:10,2033-08-02T11:00,2.5
CLEAN-010056,EVS360-036,Saint Petersburg,2033-08-01T22:35,2033-08-02T11:30,2.5
CLEAN-010057,EVS360-018,Moscow,2033-08-01T22:50,2033-08-02T13:00,2.5
CLEAN-010058,EVS360-037,Saint Petersburg,2033-08-01T22:50,2033-08-02T12:00,2.5
CLEAN-010059,EVS360-019,Moscow,2033-08-01T23:20,2033-08-02T13:30,2.5
CLEAN-010060,EVS360-038,Saint Petersburg,2033-08-01T23:20,2033-08-02T12:30,2.5
CLEAN-010061,EVS360-020,Moscow,2033-08-01T23:50,2033-08-02T14:00,2.5
CLEAN-010062,EVS360-039,Saint Petersburg,2033-08-01T23:50,2033-08-02T13:00,2.5
CLEAN-010063,EVS360-001,Moscow,2033-08-03T18:50,2033-08-04T09:00,2.5
CLEAN-010064,EVS360-002,Moscow,2033-08-03T19:20,2033-08-04T09:30,2.5
CLEAN-010065,EVS360-003,Moscow,2033-08-03T19:50,2033-08-04T10:00,2.5
CLEAN-010066,EVS360-021,Saint Petersburg,2033-08-03T19:50,2033-08-04T08:30,2.5
CLEAN-010067,EVS360-004,Moscow,2033-08-03T20:10,2033-08-04T10:15,2.5
CLEAN-010068,EVS360-022,Saint Petersburg,2033-08-03T20:10,2033-08-04T09:00,2.5
CLEAN-010069,EVS360-005,Moscow,2033-08-03T20:35,2033-08-04T10:30,2.5
CLEAN-010070,EVS360-023,Saint Petersburg,2033-08-03T20:35,2033-08-04T09:30,2.5
CLEAN-010071,EVS360-006,Moscow,2033-08-03T20:50,2033-08-04T11:00,2.5
CLEAN-010072,EVS360-024,Saint Petersburg,2033-08-03T20:50,2033-08-04T10:00,2.5
CLEAN-010073,EVS360-007,Moscow,2033-08-03T21:20,2033-08-04T11:30,2.5
CLEAN-010074,EVS360-025,Saint Petersburg,2033-08-03T21:20,2033-08-04T10:15,2.5
CLEAN-010075,EVS360-008,Moscow,2033-08-03T21:50,2033-08-04T12:00,2.5
CLEAN-010076,EVS360-026,Saint Petersburg,2033-08-03T21:50,2033-08-04T10:30,2.5
CLEAN-010077,EVS360-009,Moscow,2033-08-03T22:10,2033-08-04T12:30,2.5
CLEAN-010078,EVS360-027,Saint Petersburg,2033-08-03T22:10,2033-08-04T11:00,2.5
CLEAN-010079,EVS360-028,Saint Petersburg,2033-08-03T22:35,2033-08-04T11:30,2.5
CLEAN-010080,EVS360-010,Moscow,2033-08-03T22:50,2033-08-04T13:00,2.5
CLEAN-010081,EVS360-029,Saint Petersburg,2033-08-03T22:50,2033-08-04T12:00,2.5
CLEAN-010082,EVS360-011,Moscow,2033-08-03T23:20,2033-08-04T13:30,2.5
CLEAN-010083,EVS360-030,Saint Petersburg,2033-08-03T23:20,2033-08-04T12:30,2.5
CLEAN-010084,EVS360-012,Moscow,2033-08-03T23:50,2033-08-04T14:00,2.5
CLEAN-010085,EVS360-031,Saint Petersburg,2033-08-03T23:50,2033-08-04T13:00,2.5
CLEAN-010086,EVS360-013,Moscow,2033-08-04T00:10,2033-08-04T14:30,2.5
CLEAN-010087,EVS360-032,Saint Petersburg,2033-08-04T00:10,2033-08-04T14:00,2.5
CLEAN-010088,EVS360-014,Moscow,2033-08-04T08:10,2033-08-04T15:00,2.5
CLEAN-010089,EVS360-033,Saint Petersburg,2033-08-04T08:10,2033-08-04T14:30,2.5
CLEAN-010090,EVS360-015,Moscow,2033-08-04T08:35,2033-08-04T16:00,2.5
CLEAN-010091,EVS360-034,Saint Petersburg,2033-08-04T08:35,2033-08-04T15:00,2.5
CLEAN-010092,EVS360-016,Moscow,2033-08-04T08:50,2033-08-04T16:30,2.5
CLEAN-010093,EVS360-035,Saint Petersburg,2033-08-04T08:50,2033-08-04T16:00,2.5
CLEAN-010094,EVS360-017,Moscow,2033-08-04T09:20,2033-08-04T17:30,2.5
CLEAN-010095,EVS360-036,Saint Petersburg,2033-08-04T09:20,2033-08-04T16:30,2.5
CLEAN-010096,EVS360-018,Moscow,2033-08-04T09:35,2033-08-04T18:00,2.5
CLEAN-010097,EVS360-019,Moscow,2033-08-04T09:50,2033-08-04T18:15,2.5
CLEAN-010098,EVS360-037,Saint Petersburg,2033-08-04T09:50,2033-08-04T17:00,2.5
CLEAN-010099,EVS360-020,Moscow,2033-08-04T10:10,2033-08-04T18:30,2.5
CLEAN-010100,EVS360-038,Saint Petersburg,2033-08-04T10:10,2033-08-04T17:30,2.5
CLEAN-010101,EVS360-039,Saint Petersburg,2033-08-04T10:50,2033-08-04T18:00,2.5
CLEAN-010102,EVS360-001,Moscow,2033-08-05T22:10,2033-08-06T12:30,2.5
CLEAN-010103,EVS360-002,Moscow,2033-08-05T22:50,2033-08-06T13:00,2.5
CLEAN-010104,EVS360-021,Saint Petersburg,2033-08-05T22:50,2033-08-06T12:00,2.5
CLEAN-010105,EVS360-003,Moscow,2033-08-05T23:20,2033-08-06T13:30,2.5
CLEAN-010106,EVS360-022,Saint Petersburg,2033-08-05T23:20,2033-08-06T12:30,2.5
CLEAN-010107,EVS360-004,Moscow,2033-08-05T23:50,2033-08-06T14:00,2.5
CLEAN-010108,EVS360-023,Saint Petersburg,2033-08-05T23:50,2033-08-06T13:00,2.5
CLEAN-010109,EVS360-005,Moscow,2033-08-06T00:10,2033-08-06T14:30,2.5
CLEAN-010110,EVS360-024,Saint Petersburg,2033-08-06T00:10,2033-08-06T14:00,2.5
CLEAN-010111,EVS360-006,Moscow,2033-08-06T08:10,2033-08-06T15:00,2.5
CLEAN-010112,EVS360-025,Saint Petersburg,2033-08-06T08:10,2033-08-06T14:30,2.5
CLEAN-010113,EVS360-007,Moscow,2033-08-06T08:35,2033-08-06T16:00,2.5
CLEAN-010114,EVS360-026,Saint Petersburg,2033-08-06T08:35,2033-08-06T15:00,2.5
CLEAN-010115,EVS360-008,Moscow,2033-08-06T08:50,2033-08-06T16:30,2.5
CLEAN-010116,EVS360-027,Saint Petersburg,2033-08-06T08:50,2033-08-06T16:00,2.5
CLEAN-010117,EVS360-009,Moscow,2033-08-06T09:20,2033-08-06T17:30,2.5
CLEAN-010118,EVS360-028,Saint Petersburg,2033-08-06T09:20,2033-08-06T16:30,2.5
CLEAN-010119,EVS360-010,Moscow,2033-08-06T09:35,2033-08-06T18:00,2.5
CLEAN-010120,EVS360-011,Moscow,2033-08-06T09:50,2033-08-06T18:15,2.5
CLEAN-010121,EVS360-029,Saint Petersburg,2033-08-06T09:50,2033-08-06T17:00,2.5
CLEAN-010122,EVS360-012,Moscow,2033-08-06T10:10,2033-08-06T18:30,2.5
CLEAN-010123,EVS360-030,Saint Petersburg,2033-08-06T10:10,2033-08-06T17:30,2.5
CLEAN-010124,EVS360-013,Moscow,2033-08-06T10:50,2033-08-06T19:00,2.5
CLEAN-010125,EVS360-031,Saint Petersburg,2033-08-06T10:50,2033-08-06T18:00,2.5
CLEAN-010126,EVS360-014,Moscow,2033-08-06T11:20,2033-08-06T19:30,2.5
CLEAN-010127,EVS360-032,Saint Petersburg,2033-08-06T11:20,2033-08-06T18:15,2.5
CLEAN-010128,EVS360-015,Moscow,2033-08-06T11:50,2033-08-06T20:00,2.5
CLEAN-010129,EVS360-033,Saint Petersburg,2033-08-06T11:50,2033-08-06T18:30,2.5
CLEAN-010130,EVS360-016,Moscow,2033-08-06T12:10,2033-08-06T20:15,2.5
CLEAN-010131,EVS360-034,Saint Petersburg,2033-08-06T12:10,2033-08-06T19:00,2.5
CLEAN-010132,EVS360-017,Moscow,2033-08-06T12:35,2033-08-06T20:30,2.5
CLEAN-010133,EVS360-035,Saint Petersburg,2033-08-06T12:35,2033-08-06T19:30,2.5
CLEAN-010134,EVS360-018,Moscow,2033-08-06T12:50,2033-08-06T21:00,2.5
CLEAN-010135,EVS360-036,Saint Petersburg,2033-08-06T12:50,2033-08-06T20:00,2.5
CLEAN-010136,EVS360-019,Moscow,2033-08-06T13:20,2033-08-06T21:30,2.5
CLEAN-010137,EVS360-037,Saint Petersburg,2033-08-06T13:20,2033-08-06T20:30,2.5
CLEAN-010138,EVS360-020,Moscow,2033-08-06T13:50,2033-08-06T22:00,2.5
CLEAN-010139,EVS360-038,Saint Petersburg,2033-08-06T13:50,2033-08-06T21:00,2.5
CLEAN-010140,EVS360-039,Saint Petersburg,2033-08-06T14:10,2033-08-06T21:30,2.5
CLEAN-010141,EVS360-001,Moscow,2033-08-08T09:20,2033-08-08T17:30,2.5
CLEAN-010142,EVS360-002,Moscow,2033-08-08T09:35,2033-08-08T18:00,2.5
CLEAN-010143,EVS360-003,Moscow,2033-08-08T09:50,2033-08-08T18:15,2.5
CLEAN-010144,EVS360-021,Saint Petersburg,2033-08-08T09:50,2033-08-08T17:00,2.5
CLEAN-010145,EVS360-004,Moscow,2033-08-08T10:10,2033-08-08T18:30,2.5
CLEAN-010146,EVS360-022,Saint Petersburg,2033-08-08T10:10,2033-08-08T17:30,2.5
CLEAN-010147,EVS360-005,Moscow,2033-08-08T10:50,2033-08-08T19:00,2.5
CLEAN-010148,EVS360-023,Saint Petersburg,2033-08-08T10:50,2033-08-08T18:00,2.5
CLEAN-010149,EVS360-006,Moscow,2033-08-08T11:20,2033-08-08T19:30,2.5
CLEAN-010150,EVS360-024,Saint Petersburg,2033-08-08T11:20,2033-08-08T18:15,2.5
CLEAN-010151,EVS360-007,Moscow,2033-08-08T11:50,2033-08-08T20:00,2.5
CLEAN-010152,EVS360-025,Saint Petersburg,2033-08-08T11:50,2033-08-08T18:30,2.5
CLEAN-010153,EVS360-008,Moscow,2033-08-08T12:10,2033-08-08T20:15,2.5
CLEAN-010154,EVS360-026,Saint Petersburg,2033-08-08T12:10,2033-08-08T19:00,2.5
CLEAN-010155,EVS360-009,Moscow,2033-08-08T12:35,2033-08-08T20:30,2.5
CLEAN-010156,EVS360-027,Saint Petersburg,2033-08-08T12:35,2033-08-08T19:30,2.5
CLEAN-010157,EVS360-010,Moscow,2033-08-08T12:50,2033-08-08T21:00,2.5
CLEAN-010158,EVS360-028,Saint Petersburg,2033-08-08T12:50,2033-08-08T20:00,2.5
CLEAN-010159,EVS360-011,Moscow,2033-08-08T13:20,2033-08-08T21:30,2.5
CLEAN-010160,EVS360-029,Saint Petersburg,2033-08-08T13:20,2033-08-08T20:30,2.5
CLEAN-010161,EVS360-012,Moscow,2033-08-08T13:50,2033-08-08T22:00,2.5
CLEAN-010162,EVS360-030,Saint Petersburg,2033-08-08T13:50,2033-08-08T21:00,2.5
CLEAN-010163,EVS360-013,Moscow,2033-08-08T14:10,2033-08-09T06:00,2.5
CLEAN-010164,EVS360-031,Saint Petersburg,2033-08-08T14:10,2033-08-08T21:30,2.5
CLEAN-010165,EVS360-014,Moscow,2033-08-08T14:50,2033-08-09T06:15,2.5
CLEAN-010166,EVS360-032,Saint Petersburg,2033-08-08T14:50,2033-08-08T22:00,2.5
CLEAN-010167,EVS360-015,Moscow,2033-08-08T15:20,2033-08-09T06:30,2.5
CLEAN-010168,EVS360-033,Saint Petersburg,2033-08-08T15:20,2033-08-09T06:00,2.5
CLEAN-010169,EVS360-034,Saint Petersburg,2033-08-08T15:50,2033-08-09T06:15,2.5
CLEAN-010170,EVS360-016,Moscow,2033-08-08T16:10,2033-08-09T07:00,2.5
CLEAN-010171,EVS360-035,Saint Petersburg,2033-08-08T16:10,2033-08-09T06:30,2.5
CLEAN-010172,EVS360-017,Moscow,2033-08-08T16:50,2033-08-09T07:30,2.5
CLEAN-010173,EVS360-036,Saint Petersburg,2033-08-08T16:50,2033-08-09T07:00,2.5
CLEAN-010174,EVS360-018,Moscow,2033-08-08T17:20,2033-08-09T08:00,2.5
CLEAN-010175,EVS360-037,Saint Petersburg,2033-08-08T17:20,2033-08-09T07:15,2.5
CLEAN-010176,EVS360-019,Moscow,2033-08-08T18:10,2033-08-09T08:30,2.5
CLEAN-010177,EVS360-038,Saint Petersburg,2033-08-08T18:10,2033-08-09T07:30,2.5
CLEAN-010178,EVS360-020,Moscow,2033-08-08T18:50,2033-08-09T09:00,2.5
CLEAN-010179,EVS360-039,Saint Petersburg,2033-08-08T18:50,2033-08-09T08:00,2.5
CLEAN-010180,EVS360-001,Moscow,2033-08-10T12:35,2033-08-10T20:30,2.5
CLEAN-010181,EVS360-002,Moscow,2033-08-10T12:50,2033-08-10T21:00,2.5
CLEAN-010182,EVS360-003,Moscow,2033-08-10T13:20,2033-08-10T21:30,2.5
CLEAN-010183,EVS360-021,Saint Petersburg,2033-08-10T13:20,2033-08-10T20:30,2.5
CLEAN-010184,EVS360-004,Moscow,2033-08-10T13:50,2033-08-10T22:00,2.5
CLEAN-010185,EVS360-022,Saint Petersburg,2033-08-10T13:50,2033-08-10T21:00,2.5
CLEAN-010186,EVS360-005,Moscow,2033-08-10T14:10,2033-08-11T06:00,2.5
CLEAN-010187,EVS360-023,Saint Petersburg,2033-08-10T14:10,2033-08-10T21:30,2.5
CLEAN-010188,EVS360-006,Moscow,2033-08-10T14:50,2033-08-11T06:15,2.5
CLEAN-010189,EVS360-024,Saint Petersburg,2033-08-10T14:50,2033-08-10T22:00,2.5
CLEAN-010190,EVS360-007,Moscow,2033-08-10T15:20,2033-08-11T06:30,2.5
CLEAN-010191,EVS360-025,Saint Petersburg,2033-08-10T15:20,2033-08-11T06:00,2.5
CLEAN-010192,EVS360-026,Saint Petersburg,2033-08-10T15:50,2033-08-11T06:15,2.5
CLEAN-010193,EVS360-008,Moscow,2033-08-10T16:10,2033-08-11T07:00,2.5
CLEAN-010194,EVS360-027,Saint Petersburg,2033-08-10T16:10,2033-08-11T06:30,2.5
CLEAN-010195,EVS360-009,Moscow,2033-08-10T16:50,2033-08-11T07:30,2.5
CLEAN-010196,EVS360-028,Saint Petersburg,2033-08-10T16:50,2033-08-11T07:00,2.5
CLEAN-010197,EVS360-010,Moscow,2033-08-10T17:20,2033-08-11T08:00,2.5
CLEAN-010198,EVS360-029,Saint Petersburg,2033-08-10T17:20,2033-08-11T07:15,2.5
CLEAN-010199,EVS360-011,Moscow,2033-08-10T18:10,2033-08-11T08:30,2.5
CLEAN-010200,EVS360-030,Saint Petersburg,2033-08-10T18:10,2033-08-11T07:30,2.5
CLEAN-010201,EVS360-012,Moscow,2033-08-10T18:50,2033-08-11T09:00,2.5
CLEAN-010202,EVS360-031,Saint Petersburg,2033-08-10T18:50,2033-08-11T08:00,2.5
CLEAN-010203,EVS360-013,Moscow,2033-08-10T19:20,2033-08-11T09:30,2.5
CLEAN-010204,EVS360-014,Moscow,2033-08-10T19:50,2033-08-11T10:00,2.5
CLEAN-010205,EVS360-032,Saint Petersburg,2033-08-10T19:50,2033-08-11T08:30,2.5
CLEAN-010206,EVS360-015,Moscow,2033-08-10T20:10,2033-08-11T10:15,2.5
CLEAN-010207,EVS360-033,Saint Petersburg,2033-08-10T20:10,2033-08-11T09:00,2.5
CLEAN-010208,EVS360-016,Moscow,2033-08-10T20:35,2033-08-11T10:30,2.5
CLEAN-010209,EVS360-034,Saint Petersburg,2033-08-10T20:35,2033-08-11T09:30,2.5
CLEAN-010210,EVS360-017,Moscow,2033-08-10T20:50,2033-08-11T11:00,2.5
CLEAN-010211,EVS360-035,Saint Petersburg,2033-08-10T20:50,2033-08-11T10:00,2.5
CLEAN-010212,EVS360-018,Moscow,2033-08-10T21:20,2033-08-11T11:30,2.5
CLEAN-010213,EVS360-036,Saint Petersburg,2033-08-10T21:20,2033-08-11T10:15,2.5
CLEAN-010214,EVS360-019,Moscow,2033-08-10T21:50,2033-08-11T12:00,2.5
CLEAN-010215,EVS360-037,Saint Petersburg,2033-08-10T21:50,2033-08-11T10:30,2.5
CLEAN-010216,EVS360-020,Moscow,2033-08-10T22:10,2033-08-11T12:30,2.5
CLEAN-010217,EVS360-038,Saint Petersburg,2033-08-10T22:10,2033-08-11T11:00,2.5
CLEAN-010218,EVS360-039,Saint Petersburg,2033-08-10T22:35,2033-08-11T11:30,2.5
CLEAN-010219,EVS360-001,Moscow,2033-08-12T16:50,2033-08-13T07:30,2.5
CLEAN-010220,EVS360-002,Moscow,2033-08-12T17:20,2033-08-13T08:00,2.5
CLEAN-010221,EVS360-021,Saint Petersburg,2033-08-12T17:20,2033-08-13T07:15,2.5
CLEAN-010222,EVS360-003,Moscow,2033-08-12T18:10,2033-08-13T08:30,2.5
CLEAN-010223,EVS360-022,Saint Petersburg,2033-08-12T18:10,2033-08-13T07:30,2.5
CLEAN-010224,EVS360-004,Moscow,2033-08-12T18:50,2033-08-13T09:00,2.5
CLEAN-010225,EVS360-023,Saint Petersburg,2033-08-12T18:50,2033-08-13T08:00,2.5
CLEAN-010226,EVS360-005,Moscow,2033-08-12T19:20,2033-08-13T09:30,2.5
CLEAN-010227,EVS360-006,Moscow,2033-08-12T19:50,2033-08-13T10:00,2.5
CLEAN-010228,EVS360-024,Saint Petersburg,2033-08-12T19:50,2033-08-13T08:30,2.5
CLEAN-010229,EVS360-007,Moscow,2033-08-12T20:10,2033-08-13T10:15,2.5
CLEAN-010230,EVS360-025,Saint Petersburg,2033-08-12T20:10,2033-08-13T09:00,2.5
CLEAN-010231,EVS360-008,Moscow,2033-08-12T20:35,2033-08-13T10:30,2.5
CLEAN-010232,EVS360-026,Saint Petersburg,2033-08-12T20:35,2033-08-13T09:30,2.5
CLEAN-010233,EVS360-009,Moscow,2033-08-12T20:50,2033-08-13T11:00,2.5
CLEAN-010234,EVS360-027,Saint Petersburg,2033-08-12T20:50,2033-08-13T10:00,2.5
CLEAN-010235,EVS360-010,Moscow,2033-08-12T21:20,2033-08-13T11:30,2.5
CLEAN-010236,EVS360-028,Saint Petersburg,2033-08-12T21:20,2033-08-13T10:15,2.5
CLEAN-010237,EVS360-011,Moscow,2033-08-12T21:50,2033-08-13T12:00,2.5
CLEAN-010238,EVS360-029,Saint Petersburg,2033-08-12T21:50,2033-08-13T10:30,2.5
CLEAN-010239,EVS360-012,Moscow,2033-08-12T22:10,2033-08-13T12:30,2.5
CLEAN-010240,EVS360-030,Saint Petersburg,2033-08-12T22:10,2033-08-13T11:00,2.5
CLEAN-010241,EVS360-031,Saint Petersburg,2033-08-12T22:35,2033-08-13T11:30,2.5
CLEAN-010242,EVS360-013,Moscow,2033-08-12T22:50,2033-08-13T13:00,2.5
CLEAN-010243,EVS360-032,Saint Petersburg,2033-08-12T22:50,2033-08-13T12:00,2.5
CLEAN-010244,EVS360-014,Moscow,2033-08-12T23:20,2033-08-13T13:30,2.5
CLEAN-010245,EVS360-033,Saint Petersburg,2033-08-12T23:20,2033-08-13T12:30,2.5
CLEAN-010246,EVS360-015,Moscow,2033-08-12T23:50,2033-08-13T14:00,2.5
CLEAN-010247,EVS360-034,Saint Petersburg,2033-08-12T23:50,2033-08-13T13:00,2.5
CLEAN-010248,EVS360-016,Moscow,2033-08-13T00:10,2033-08-13T14:30,2.5
CLEAN-010249,EVS360-035,Saint Petersburg,2033-08-13T00:10,2033-08-13T14:00,2.5
CLEAN-010250,EVS360-017,Moscow,2033-08-13T08:10,2033-08-13T15:00,2.5
CLEAN-010251,EVS360-036,Saint Petersburg,2033-08-13T08:10,2033-08-13T14:30,2.5
CLEAN-010252,EVS360-018,Moscow,2033-08-13T08:35,2033-08-13T16:00,2.5
CLEAN-010253,EVS360-037,Saint Petersburg,2033-08-13T08:35,2033-08-13T15:00,2.5
CLEAN-010254,EVS360-019,Moscow,2033-08-13T08:50,2033-08-13T16:30,2.5
CLEAN-010255,EVS360-038,Saint Petersburg,2033-08-13T08:50,2033-08-13T16:00,2.5
CLEAN-010256,EVS360-020,Moscow,2033-08-13T09:20,2033-08-13T17:30,2.5
CLEAN-010257,EVS360-039,Saint Petersburg,2033-08-13T09:20,2033-08-13T16:30,2.5
CLEAN-010258,EVS360-001,Moscow,2033-08-14T20:50,2033-08-15T11:00,2.5
CLEAN-010259,EVS360-002,Moscow,2033-08-14T21:20,2033-08-15T11:30,2.5
CLEAN-010260,EVS360-003,Moscow,2033-08-14T21:50,2033-08-15T12:00,2.5
CLEAN-010261,EVS360-021,Saint Petersburg,2033-08-14T21:50,2033-08-15T10:30,2.5
CLEAN-010262,EVS360-004,Moscow,2033-08-14T22:10,2033-08-15T12:30,2.5
CLEAN-010263,EVS360-022,Saint Petersburg,2033-08-14T22:10,2033-08-15T11:00,2.5
CLEAN-010264,EVS360-023,Saint Petersburg,2033-08-14T22:35,2033-08-15T11:30,2.5
CLEAN-010265,EVS360-005,Moscow,2033-08-14T22:50,2033-08-15T13:00,2.5
CLEAN-010266,EVS360-024,Saint Petersburg,2033-08-14T22:50,2033-08-15T12:00,2.5
CLEAN-010267,EVS360-006,Moscow,2033-08-14T23:20,2033-08-15T13:30,2.5
CLEAN-010268,EVS360-025,Saint Petersburg,2033-08-14T23:20,2033-08-15T12:30,2.5
CLEAN-010269,EVS360-007,Moscow,2033-08-14T23:50,2033-08-15T14:00,2.5
CLEAN-010270,EVS360-026,Saint Petersburg,2033-08-14T23:50,2033-08-15T13:00,2.5
CLEAN-010271,EVS360-008,Moscow,2033-08-15T00:10,2033-08-15T14:30,2.5
CLEAN-010272,EVS360-027,Saint Petersburg,2033-08-15T00:10,2033-08-15T14:00,2.5
CLEAN-010273,EVS360-009,Moscow,2033-08-15T08:10,2033-08-15T15:00,2.5
CLEAN-010274,EVS360-028,Saint Petersburg,2033-08-15T08:10,2033-08-15T14:30,2.5
CLEAN-010275,EVS360-010,Moscow,2033-08-15T08:35,2033-08-15T16:00,2.5
CLEAN-010276,EVS360-029,Saint Petersburg,2033-08-15T08:35,2033-08-15T15:00,2.5
CLEAN-010277,EVS360-011,Moscow,2033-08-15T08:50,2033-08-15T16:30,2.5
CLEAN-010278,EVS360-030,Saint Petersburg,2033-08-15T08:50,2033-08-15T16:00,2.5
CLEAN-010279,EVS360-012,Moscow,2033-08-15T09:20,2033-08-15T17:30,2.5
CLEAN-010280,EVS360-031,Saint Petersburg,2033-08-15T09:20,2033-08-15T16:30,2.5
CLEAN-010281,EVS360-013,Moscow,2033-08-15T09:35,2033-08-15T18:00,2.5
CLEAN-010282,EVS360-014,Moscow,2033-08-15T09:50,2033-08-15T18:15,2.5
CLEAN-010283,EVS360-032,Saint Petersburg,2033-08-15T09:50,2033-08-15T17:00,2.5
CLEAN-010284,EVS360-015,Moscow,2033-08-15T10:10,2033-08-15T18:30,2.5
CLEAN-010285,EVS360-033,Saint Petersburg,2033-08-15T10:10,2033-08-15T17:30,2.5
CLEAN-010286,EVS360-016,Moscow,2033-08-15T10:50,2033-08-15T19:00,2.5
CLEAN-010287,EVS360-034,Saint Petersburg,2033-08-15T10:50,2033-08-15T18:00,2.5
CLEAN-010288,EVS360-017,Moscow,2033-08-15T11:20,2033-08-15T19:30,2.5
CLEAN-010289,EVS360-035,Saint Petersburg,2033-08-15T11:20,2033-08-15T18:15,2.5
CLEAN-010290,EVS360-018,Moscow,2033-08-15T11:50,2033-08-15T20:00,2.5
CLEAN-010291,EVS360-036,Saint Petersburg,2033-08-15T11:50,2033-08-15T18:30,2.5
CLEAN-010292,EVS360-019,Moscow,2033-08-15T12:10,2033-08-15T20:15,2.5
CLEAN-010293,EVS360-037,Saint Petersburg,2033-08-15T12:10,2033-08-15T19:00,2.5
CLEAN-010294,EVS360-020,Moscow,2033-08-15T12:35,2033-08-15T20:30,2.5
CLEAN-010295,EVS360-038,Saint Petersburg,2033-08-15T12:35,2033-08-15T19:30,2.5
CLEAN-010296,EVS360-039,Saint Petersburg,2033-08-15T12:50,2033-08-15T20:00,2.5
CLEAN-010297,EVS360-001,Moscow,2033-08-17T08:10,2033-08-17T15:00,2.5
CLEAN-010298,EVS360-002,Moscow,2033-08-17T08:35,2033-08-17T16:00,2.5
CLEAN-010299,EVS360-021,Saint Petersburg,2033-08-17T08:35,2033-08-17T15:00,2.5
CLEAN-010300,EVS360-003,Moscow,2033-08-17T08:50,2033-08-17T16:30,2.5
CLEAN-010301,EVS360-022,Saint Petersburg,2033-08-17T08:50,2033-08-17T16:00,2.5
CLEAN-010302,EVS360-004,Moscow,2033-08-17T09:20,2033-08-17T17:30,2.5
CLEAN-010303,EVS360-023,Saint Petersburg,2033-08-17T09:20,2033-08-17T16:30,2.5
CLEAN-010304,EVS360-005,Moscow,2033-08-17T09:35,2033-08-17T18:00,2.5
CLEAN-010305,EVS360-006,Moscow,2033-08-17T09:50,2033-08-17T18:15,2.5
CLEAN-010306,EVS360-024,Saint Petersburg,2033-08-17T09:50,2033-08-17T17:00,2.5
CLEAN-010307,EVS360-007,Moscow,2033-08-17T10:10,2033-08-17T18:30,2.5
CLEAN-010308,EVS360-025,Saint Petersburg,2033-08-17T10:10,2033-08-17T17:30,2.5
CLEAN-010309,EVS360-008,Moscow,2033-08-17T10:50,2033-08-17T19:00,2.5
CLEAN-010310,EVS360-026,Saint Petersburg,2033-08-17T10:50,2033-08-17T18:00,2.5
CLEAN-010311,EVS360-009,Moscow,2033-08-17T11:20,2033-08-17T19:30,2.5
CLEAN-010312,EVS360-027,Saint Petersburg,2033-08-17T11:20,2033-08-17T18:15,2.5
CLEAN-010313,EVS360-010,Moscow,2033-08-17T11:50,2033-08-17T20:00,2.5
CLEAN-010314,EVS360-028,Saint Petersburg,2033-08-17T11:50,2033-08-17T18:30,2.5
CLEAN-010315,EVS360-011,Moscow,2033-08-17T12:10,2033-08-17T20:15,2.5
CLEAN-010316,EVS360-029,Saint Petersburg,2033-08-17T12:10,2033-08-17T19:00,2.5
CLEAN-010317,EVS360-012,Moscow,2033-08-17T12:35,2033-08-17T20:30,2.5
CLEAN-010318,EVS360-030,Saint Petersburg,2033-08-17T12:35,2033-08-17T19:30,2.5
CLEAN-010319,EVS360-013,Moscow,2033-08-17T12:50,2033-08-17T21:00,2.5
CLEAN-010320,EVS360-031,Saint Petersburg,2033-08-17T12:50,2033-08-17T20:00,2.5
CLEAN-010321,EVS360-014,Moscow,2033-08-17T13:20,2033-08-17T21:30,2.5
CLEAN-010322,EVS360-032,Saint Petersburg,2033-08-17T13:20,2033-08-17T20:30,2.5
CLEAN-010323,EVS360-015,Moscow,2033-08-17T13:50,2033-08-17T22:00,2.5
CLEAN-010324,EVS360-033,Saint Petersburg,2033-08-17T13:50,2033-08-17T21:00,2.5
CLEAN-010325,EVS360-016,Moscow,2033-08-17T14:10,2033-08-18T06:00,2.5
CLEAN-010326,EVS360-034,Saint Petersburg,2033-08-17T14:10,2033-08-17T21:30,2.5
CLEAN-010327,EVS360-017,Moscow,2033-08-17T14:50,2033-08-18T06:15,2.5
CLEAN-010328,EVS360-035,Saint Petersburg,2033-08-17T14:50,2033-08-17T22:00,2.5
CLEAN-010329,EVS360-018,Moscow,2033-08-17T15:20,2033-08-18T06:30,2.5
CLEAN-010330,EVS360-036,Saint Petersburg,2033-08-17T15:20,2033-08-18T06:00,2.5
CLEAN-010331,EVS360-037,Saint Petersburg,2033-08-17T15:50,2033-08-18T06:15,2.5
CLEAN-010332,EVS360-019,Moscow,2033-08-17T16:10,2033-08-18T07:00,2.5
CLEAN-010333,EVS360-038,Saint Petersburg,2033-08-17T16:10,2033-08-18T06:30,2.5
CLEAN-010334,EVS360-020,Moscow,2033-08-17T16:50,2033-08-18T07:30,2.5
CLEAN-010335,EVS360-039,Saint Petersburg,2033-08-17T16:50,2033-08-18T07:00,2.5
CLEAN-010336,EVS360-001,Moscow,2033-08-19T11:20,2033-08-19T19:30,2.5
CLEAN-010337,EVS360-002,Moscow,2033-08-19T11:50,2033-08-19T20:00,2.5
CLEAN-010338,EVS360-003,Moscow,2033-08-19T12:10,2033-08-19T20:15,2.5
CLEAN-010339,EVS360-021,Saint Petersburg,2033-08-19T12:10,2033-08-19T19:00,2.5
CLEAN-010340,EVS360-004,Moscow,2033-08-19T12:35,2033-08-19T20:30,2.5
CLEAN-010341,EVS360-022,Saint Petersburg,2033-08-19T12:35,2033-08-19T19:30,2.5
CLEAN-010342,EVS360-005,Moscow,2033-08-19T12:50,2033-08-19T21:00,2.5
CLEAN-010343,EVS360-023,Saint Petersburg,2033-08-19T12:50,2033-08-19T20:00,2.5
CLEAN-010344,EVS360-006,Moscow,2033-08-19T13:20,2033-08-19T21:30,2.5
CLEAN-010345,EVS360-024,Saint Petersburg,2033-08-19T13:20,2033-08-19T20:30,2.5
CLEAN-010346,EVS360-007,Moscow,2033-08-19T13:50,2033-08-19T22:00,2.5
CLEAN-010347,EVS360-025,Saint Petersburg,2033-08-19T13:50,2033-08-19T21:00,2.5
CLEAN-010348,EVS360-008,Moscow,2033-08-19T14:10,2033-08-20T06:00,2.5
CLEAN-010349,EVS360-026,Saint Petersburg,2033-08-19T14:10,2033-08-19T21:30,2.5
CLEAN-010350,EVS360-009,Moscow,2033-08-19T14:50,2033-08-20T06:15,2.5
CLEAN-010351,EVS360-027,Saint Petersburg,2033-08-19T14:50,2033-08-19T22:00,2.5
CLEAN-010352,EVS360-010,Moscow,2033-08-19T15:20,2033-08-20T06:30,2.5
CLEAN-010353,EVS360-028,Saint Petersburg,2033-08-19T15:20,2033-08-20T06:00,2.5
CLEAN-010354,EVS360-029,Saint Petersburg,2033-08-19T15:50,2033-08-20T06:15,2.5
CLEAN-010355,EVS360-011,Moscow,2033-08-19T16:10,2033-08-20T07:00,2.5
CLEAN-010356,EVS360-030,Saint Petersburg,2033-08-19T16:10,2033-08-20T06:30,2.5
CLEAN-010357,EVS360-012,Moscow,2033-08-19T16:50,2033-08-20T07:30,2.5
CLEAN-010358,EVS360-031,Saint Petersburg,2033-08-19T16:50,2033-08-20T07:00,2.5
CLEAN-010359,EVS360-013,Moscow,2033-08-19T17:20,2033-08-20T08:00,2.5
CLEAN-010360,EVS360-032,Saint Petersburg,2033-08-19T17:20,2033-08-20T07:15,2.5
CLEAN-010361,EVS360-014,Moscow,2033-08-19T18:10,2033-08-20T08:30,2.5
CLEAN-010362,EVS360-033,Saint Petersburg,2033-08-19T18:10,2033-08-20T07:30,2.5
CLEAN-010363,EVS360-015,Moscow,2033-08-19T18:50,2033-08-20T09:00,2.5
CLEAN-010364,EVS360-034,Saint Petersburg,2033-08-19T18:50,2033-08-20T08:00,2.5
CLEAN-010365,EVS360-016,Moscow,2033-08-19T19:20,2033-08-20T09:30,2.5
CLEAN-010366,EVS360-017,Moscow,2033-08-19T19:50,2033-08-20T10:00,2.5
CLEAN-010367,EVS360-035,Saint Petersburg,2033-08-19T19:50,2033-08-20T08:30,2.5
CLEAN-010368,EVS360-018,Moscow,2033-08-19T20:10,2033-08-20T10:15,2.5
CLEAN-010369,EVS360-036,Saint Petersburg,2033-08-19T20:10,2033-08-20T09:00,2.5
CLEAN-010370,EVS360-019,Moscow,2033-08-19T20:35,2033-08-20T10:30,2.5
CLEAN-010371,EVS360-037,Saint Petersburg,2033-08-19T20:35,2033-08-20T09:30,2.5
CLEAN-010372,EVS360-020,Moscow,2033-08-19T20:50,2033-08-20T11:00,2.5
CLEAN-010373,EVS360-038,Saint Petersburg,2033-08-19T20:50,2033-08-20T10:00,2.5
CLEAN-010374,EVS360-039,Saint Petersburg,2033-08-19T21:20,2033-08-20T10:15,2.5
CLEAN-010375,EVS360-001,Moscow,2033-08-21T14:50,2033-08-22T06:15,2.5
CLEAN-010376,EVS360-002,Moscow,2033-08-21T15:20,2033-08-22T06:30,2.5
CLEAN-010377,EVS360-021,Saint Petersburg,2033-08-21T15:50,2033-08-22T06:15,2.5
CLEAN-010378,EVS360-003,Moscow,2033-08-21T16:10,2033-08-22T07:00,2.5
CLEAN-010379,EVS360-022,Saint Petersburg,2033-08-21T16:10,2033-08-22T06:30,2.5
CLEAN-010380,EVS360-004,Moscow,2033-08-21T16:50,2033-08-22T07:30,2.5
CLEAN-010381,EVS360-023,Saint Petersburg,2033-08-21T16:50,2033-08-22T07:00,2.5
CLEAN-010382,EVS360-005,Moscow,2033-08-21T17:20,2033-08-22T08:00,2.5
CLEAN-010383,EVS360-024,Saint Petersburg,2033-08-21T17:20,2033-08-22T07:15,2.5
CLEAN-010384,EVS360-006,Moscow,2033-08-21T18:10,2033-08-22T08:30,2.5
CLEAN-010385,EVS360-025,Saint Petersburg,2033-08-21T18:10,2033-08-22T07:30,2.5
CLEAN-010386,EVS360-007,Moscow,2033-08-21T18:50,2033-08-22T09:00,2.5
CLEAN-010387,EVS360-026,Saint Petersburg,2033-08-21T18:50,2033-08-22T08:00,2.5
CLEAN-010388,EVS360-008,Moscow,2033-08-21T19:20,2033-08-22T09:30,2.5
CLEAN-010389,EVS360-009,Moscow,2033-08-21T19:50,2033-08-22T10:00,2.5
CLEAN-010390,EVS360-027,Saint Petersburg,2033-08-21T19:50,2033-08-22T08:30,2.5
CLEAN-010391,EVS360-010,Moscow,2033-08-21T20:10,2033-08-22T10:15,2.5
CLEAN-010392,EVS360-028,Saint Petersburg,2033-08-21T20:10,2033-08-22T09:00,2.5
CLEAN-010393,EVS360-011,Moscow,2033-08-21T20:35,2033-08-22T10:30,2.5
CLEAN-010394,EVS360-029,Saint Petersburg,2033-08-21T20:35,2033-08-22T09:30,2.5
CLEAN-010395,EVS360-012,Moscow,2033-08-21T20:50,2033-08-22T11:00,2.5
CLEAN-010396,EVS360-030,Saint Petersburg,2033-08-21T20:50,2033-08-22T10:00,2.5
CLEAN-010397,EVS360-013,Moscow,2033-08-21T21:20,2033-08-22T11:30,2.5
CLEAN-010398,EVS360-031,Saint Petersburg,2033-08-21T21:20,2033-08-22T10:15,2.5
CLEAN-010399,EVS360-014,Moscow,2033-08-21T21:50,2033-08-22T12:00,2.5
CLEAN-010400,EVS360-032,Saint Petersburg,2033-08-21T21:50,2033-08-22T10:30,2.5
CLEAN-010401,EVS360-015,Moscow,2033-08-21T22:10,2033-08-22T12:30,2.5
CLEAN-010402,EVS360-033,Saint Petersburg,2033-08-21T22:10,2033-08-22T11:00,2.5
CLEAN-010403,EVS360-034,Saint Petersburg,2033-08-21T22:35,2033-08-22T11:30,2.5
CLEAN-010404,EVS360-016,Moscow,2033-08-21T22:50,2033-08-22T13:00,2.5
CLEAN-010405,EVS360-035,Saint Petersburg,2033-08-21T22:50,2033-08-22T12:00,2.5
CLEAN-010406,EVS360-017,Moscow,2033-08-21T23:20,2033-08-22T13:30,2.5
CLEAN-010407,EVS360-036,Saint Petersburg,2033-08-21T23:20,2033-08-22T12:30,2.5
CLEAN-010408,EVS360-018,Moscow,2033-08-21T23:50,2033-08-22T14:00,2.5
CLEAN-010409,EVS360-037,Saint Petersburg,2033-08-21T23:50,2033-08-22T13:00,2.5
CLEAN-010410,EVS360-019,Moscow,2033-08-22T00:10,2033-08-22T14:30,2.5
CLEAN-010411,EVS360-038,Saint Petersburg,2033-08-22T00:10,2033-08-22T14:00,2.5
CLEAN-010412,EVS360-020,Moscow,2033-08-22T08:10,2033-08-22T15:00,2.5
CLEAN-010413,EVS360-039,Saint Petersburg,2033-08-22T08:10,2033-08-22T14:30,2.5
CLEAN-010414,EVS360-001,Moscow,2033-08-23T19:50,2033-08-24T10:00,2.5
CLEAN-010415,EVS360-002,Moscow,2033-08-23T20:10,2033-08-24T10:15,2.5
CLEAN-010416,EVS360-003,Moscow,2033-08-23T20:35,2033-08-24T10:30,2.5
CLEAN-010417,EVS360-021,Saint Petersburg,2033-08-23T20:35,2033-08-24T09:30,2.5
CLEAN-010418,EVS360-004,Moscow,2033-08-23T20:50,2033-08-24T11:00,2.5
CLEAN-010419,EVS360-022,Saint Petersburg,2033-08-23T20:50,2033-08-24T10:00,2.5
CLEAN-010420,EVS360-005,Moscow,2033-08-23T21:20,2033-08-24T11:30,2.5
CLEAN-010421,EVS360-023,Saint Petersburg,2033-08-23T21:20,2033-08-24T10:15,2.5
CLEAN-010422,EVS360-006,Moscow,2033-08-23T21:50,2033-08-24T12:00,2.5
CLEAN-010423,EVS360-024,Saint Petersburg,2033-08-23T21:50,2033-08-24T10:30,2.5
CLEAN-010424,EVS360-007,Moscow,2033-08-23T22:10,2033-08-24T12:30,2.5
CLEAN-010425,EVS360-025,Saint Petersburg,2033-08-23T22:10,2033-08-24T11:00,2.5
CLEAN-010426,EVS360-026,Saint Petersburg,2033-08-23T22:35,2033-08-24T11:30,2.5
CLEAN-010427,EVS360-008,Moscow,2033-08-23T22:50,2033-08-24T13:00,2.5
CLEAN-010428,EVS360-027,Saint Petersburg,2033-08-23T22:50,2033-08-24T12:00,2.5
CLEAN-010429,EVS360-009,Moscow,2033-08-23T23:20,2033-08-24T13:30,2.5
CLEAN-010430,EVS360-028,Saint Petersburg,2033-08-23T23:20,2033-08-24T12:30,2.5
CLEAN-010431,EVS360-010,Moscow,2033-08-23T23:50,2033-08-24T14:00,2.5
CLEAN-010432,EVS360-029,Saint Petersburg,2033-08-23T23:50,2033-08-24T13:00,2.5
CLEAN-010433,EVS360-011,Moscow,2033-08-24T00:10,2033-08-24T14:30,2.5
CLEAN-010434,EVS360-030,Saint Petersburg,2033-08-24T00:10,2033-08-24T14:00,2.5
CLEAN-010435,EVS360-012,Moscow,2033-08-24T08:10,2033-08-24T15:00,2.5
CLEAN-010436,EVS360-031,Saint Petersburg,2033-08-24T08:10,2033-08-24T14:30,2.5
CLEAN-010437,EVS360-013,Moscow,2033-08-24T08:35,2033-08-24T16:00,2.5
CLEAN-010438,EVS360-032,Saint Petersburg,2033-08-24T08:35,2033-08-24T15:00,2.5
CLEAN-010439,EVS360-014,Moscow,2033-08-24T08:50,2033-08-24T16:30,2.5
CLEAN-010440,EVS360-033,Saint Petersburg,2033-08-24T08:50,2033-08-24T16:00,2.5
CLEAN-010441,EVS360-015,Moscow,2033-08-24T09:20,2033-08-24T17:30,2.5
CLEAN-010442,EVS360-034,Saint Petersburg,2033-08-24T09:20,2033-08-24T16:30,2.5
CLEAN-010443,EVS360-016,Moscow,2033-08-24T09:35,2033-08-24T18:00,2.5
CLEAN-010444,EVS360-017,Moscow,2033-08-24T09:50,2033-08-24T18:15,2.5
CLEAN-010445,EVS360-035,Saint Petersburg,2033-08-24T09:50,2033-08-24T17:00,2.5
CLEAN-010446,EVS360-018,Moscow,2033-08-24T10:10,2033-08-24T18:30,2.5
CLEAN-010447,EVS360-036,Saint Petersburg,2033-08-24T10:10,2033-08-24T17:30,2.5
CLEAN-010448,EVS360-019,Moscow,2033-08-24T10:50,2033-08-24T19:00,2.5
CLEAN-010449,EVS360-037,Saint Petersburg,2033-08-24T10:50,2033-08-24T18:00,2.5
CLEAN-010450,EVS360-020,Moscow,2033-08-24T11:20,2033-08-24T19:30,2.5
CLEAN-010451,EVS360-038,Saint Petersburg,2033-08-24T11:20,2033-08-24T18:15,2.5
CLEAN-010452,EVS360-039,Saint Petersburg,2033-08-24T11:50,2033-08-24T18:30,2.5
CLEAN-010453,EVS360-001,Moscow,2033-08-25T23:20,2033-08-26T13:30,2.5
CLEAN-010454,EVS360-002,Moscow,2033-08-25T23:50,2033-08-26T14:00,2.5
CLEAN-010455,EVS360-021,Saint Petersburg,2033-08-25T23:50,2033-08-26T13:00,2.5
CLEAN-010456,EVS360-003,Moscow,2033-08-26T00:10,2033-08-26T14:30,2.5
CLEAN-010457,EVS360-022,Saint Petersburg,2033-08-26T00:10,2033-08-26T14:00,2.5
CLEAN-010458,EVS360-004,Moscow,2033-08-26T08:10,2033-08-26T15:00,2.5
CLEAN-010459,EVS360-023,Saint Petersburg,2033-08-26T08:10,2033-08-26T14:30,2.5
CLEAN-010460,EVS360-005,Moscow,2033-08-26T08:35,2033-08-26T16:00,2.5
CLEAN-010461,EVS360-024,Saint Petersburg,2033-08-26T08:35,2033-08-26T15:00,2.5
CLEAN-010462,EVS360-006,Moscow,2033-08-26T08:50,2033-08-26T16:30,2.5
CLEAN-010463,EVS360-025,Saint Petersburg,2033-08-26T08:50,2033-08-26T16:00,2.5
CLEAN-010464,EVS360-007,Moscow,2033-08-26T09:20,2033-08-26T17:30,2.5
CLEAN-010465,EVS360-026,Saint Petersburg,2033-08-26T09:20,2033-08-26T16:30,2.5
CLEAN-010466,EVS360-008,Moscow,2033-08-26T09:35,2033-08-26T18:00,2.5
CLEAN-010467,EVS360-009,Moscow,2033-08-26T09:50,2033-08-26T18:15,2.5
CLEAN-010468,EVS360-027,Saint Petersburg,2033-08-26T09:50,2033-08-26T17:00,2.5
CLEAN-010469,EVS360-010,Moscow,2033-08-26T10:10,2033-08-26T18:30,2.5
CLEAN-010470,EVS360-028,Saint Petersburg,2033-08-26T10:10,2033-08-26T17:30,2.5
CLEAN-010471,EVS360-011,Moscow,2033-08-26T10:50,2033-08-26T19:00,2.5
CLEAN-010472,EVS360-029,Saint Petersburg,2033-08-26T10:50,2033-08-26T18:00,2.5
CLEAN-010473,EVS360-012,Moscow,2033-08-26T11:20,2033-08-26T19:30,2.5
CLEAN-010474,EVS360-030,Saint Petersburg,2033-08-26T11:20,2033-08-26T18:15,2.5
CLEAN-010475,EVS360-013,Moscow,2033-08-26T11:50,2033-08-26T20:00,2.5
CLEAN-010476,EVS360-031,Saint Petersburg,2033-08-26T11:50,2033-08-26T18:30,2.5
CLEAN-010477,EVS360-014,Moscow,2033-08-26T12:10,2033-08-26T20:15,2.5
CLEAN-010478,EVS360-032,Saint Petersburg,2033-08-26T12:10,2033-08-26T19:00,2.5
CLEAN-010479,EVS360-015,Moscow,2033-08-26T12:35,2033-08-26T20:30,2.5
CLEAN-010480,EVS360-033,Saint Petersburg,2033-08-26T12:35,2033-08-26T19:30,2.5
CLEAN-010481,EVS360-016,Moscow,2033-08-26T12:50,2033-08-26T21:00,2.5
CLEAN-010482,EVS360-034,Saint Petersburg,2033-08-26T12:50,2033-08-26T20:00,2.5
CLEAN-010483,EVS360-017,Moscow,2033-08-26T13:20,2033-08-26T21:30,2.5
CLEAN-010484,EVS360-035,Saint Petersburg,2033-08-26T13:20,2033-08-26T20:30,2.5
CLEAN-010485,EVS360-018,Moscow,2033-08-26T13:50,2033-08-26T22:00,2.5
CLEAN-010486,EVS360-036,Saint Petersburg,2033-08-26T13:50,2033-08-26T21:00,2.5
CLEAN-010487,EVS360-019,Moscow,2033-08-26T14:10,2033-08-27T06:00,2.5
CLEAN-010488,EVS360-037,Saint Petersburg,2033-08-26T14:10,2033-08-26T21:30,2.5
CLEAN-010489,EVS360-020,Moscow,2033-08-26T14:50,2033-08-27T06:15,2.5
CLEAN-010490,EVS360-038,Saint Petersburg,2033-08-26T14:50,2033-08-26T22:00,2.5
CLEAN-010491,EVS360-039,Saint Petersburg,2033-08-26T15:20,2033-08-27T06:00,2.5
CLEAN-010492,EVS360-001,Moscow,2033-08-28T09:50,2033-08-28T18:15,2.5
CLEAN-010493,EVS360-002,Moscow,2033-08-28T10:10,2033-08-28T18:30,2.5
CLEAN-010494,EVS360-003,Moscow,2033-08-28T10:50,2033-08-28T19:00,2.5
CLEAN-010495,EVS360-021,Saint Petersburg,2033-08-28T10:50,2033-08-28T18:00,2.5
CLEAN-010496,EVS360-004,Moscow,2033-08-28T11:20,2033-08-28T19:30,2.5
CLEAN-010497,EVS360-022,Saint Petersburg,2033-08-28T11:20,2033-08-28T18:15,2.5
CLEAN-010498,EVS360-005,Moscow,2033-08-28T11:50,2033-08-28T20:00,2.5
CLEAN-010499,EVS360-023,Saint Petersburg,2033-08-28T11:50,2033-08-28T18:30,2.5
CLEAN-010500,EVS360-006,Moscow,2033-08-28T12:10,2033-08-28T20:15,2.5
CLEAN-010501,EVS360-024,Saint Petersburg,2033-08-28T12:10,2033-08-28T19:00,2.5
CLEAN-010502,EVS360-007,Moscow,2033-08-28T12:35,2033-08-28T20:30,2.5
CLEAN-010503,EVS360-025,Saint Petersburg,2033-08-28T12:35,2033-08-28T19:30,2.5
CLEAN-010504,EVS360-008,Moscow,2033-08-28T12:50,2033-08-28T21:00,2.5
CLEAN-010505,EVS360-026,Saint Petersburg,2033-08-28T12:50,2033-08-28T20:00,2.5
CLEAN-010506,EVS360-009,Moscow,2033-08-28T13:20,2033-08-28T21:30,2.5
CLEAN-010507,EVS360-027,Saint Petersburg,2033-08-28T13:20,2033-08-28T20:30,2.5
CLEAN-010508,EVS360-010,Moscow,2033-08-28T13:50,2033-08-28T22:00,2.5
CLEAN-010509,EVS360-028,Saint Petersburg,2033-08-28T13:50,2033-08-28T21:00,2.5
CLEAN-010510,EVS360-011,Moscow,2033-08-28T14:10,2033-08-29T06:00,2.5
CLEAN-010511,EVS360-029,Saint Petersburg,2033-08-28T14:10,2033-08-28T21:30,2.5
CLEAN-010512,EVS360-012,Moscow,2033-08-28T14:50,2033-08-29T06:15,2.5
CLEAN-010513,EVS360-030,Saint Petersburg,2033-08-28T14:50,2033-08-28T22:00,2.5
CLEAN-010514,EVS360-013,Moscow,2033-08-28T15:20,2033-08-29T06:30,2.5
CLEAN-010515,EVS360-031,Saint Petersburg,2033-08-28T15:20,2033-08-29T06:00,2.5
CLEAN-010516,EVS360-032,Saint Petersburg,2033-08-28T15:50,2033-08-29T06:15,2.5
CLEAN-010517,EVS360-014,Moscow,2033-08-28T16:10,2033-08-29T07:00,2.5
CLEAN-010518,EVS360-033,Saint Petersburg,2033-08-28T16:10,2033-08-29T06:30,2.5
CLEAN-010519,EVS360-015,Moscow,2033-08-28T16:50,2033-08-29T07:30,2.5
CLEAN-010520,EVS360-034,Saint Petersburg,2033-08-28T16:50,2033-08-29T07:00,2.5
CLEAN-010521,EVS360-016,Moscow,2033-08-28T17:20,2033-08-29T08:00,2.5
CLEAN-010522,EVS360-035,Saint Petersburg,2033-08-28T17:20,2033-08-29T07:15,2.5
CLEAN-010523,EVS360-017,Moscow,2033-08-28T18:10,2033-08-29T08:30,2.5
CLEAN-010524,EVS360-036,Saint Petersburg,2033-08-28T18:10,2033-08-29T07:30,2.5
CLEAN-010525,EVS360-018,Moscow,2033-08-28T18:50,2033-08-29T09:00,2.5
CLEAN-010526,EVS360-037,Saint Petersburg,2033-08-28T18:50,2033-08-29T08:00,2.5
CLEAN-010527,EVS360-019,Moscow,2033-08-28T19:20,2033-08-29T09:30,2.5
CLEAN-010528,EVS360-020,Moscow,2033-08-28T19:50,2033-08-29T10:00,2.5
CLEAN-010529,EVS360-038,Saint Petersburg,2033-08-28T19:50,2033-08-29T08:30,2.5
CLEAN-010530,EVS360-039,Saint Petersburg,2033-08-28T20:10,2033-08-29T09:00,2.5
CLEAN-010531,EVS360-001,Moscow,2033-08-30T13:20,2033-08-30T21:30,2.5
CLEAN-010532,EVS360-002,Moscow,2033-08-30T13:50,2033-08-30T22:00,2.5
CLEAN-010533,EVS360-003,Moscow,2033-08-30T14:10,2033-08-31T06:00,2.5
CLEAN-010534,EVS360-021,Saint Petersburg,2033-08-30T14:10,2033-08-30T21:30,2.5
CLEAN-010535,EVS360-004,Moscow,2033-08-30T14:50,2033-08-31T06:15,2.5
CLEAN-010536,EVS360-022,Saint Petersburg,2033-08-30T14:50,2033-08-30T22:00,2.5
CLEAN-010537,EVS360-005,Moscow,2033-08-30T15:20,2033-08-31T06:30,2.5
CLEAN-010538,EVS360-023,Saint Petersburg,2033-08-30T15:20,2033-08-31T06:00,2.5
CLEAN-010539,EVS360-024,Saint Petersburg,2033-08-30T15:50,2033-08-31T06:15,2.5
CLEAN-010540,EVS360-006,Moscow,2033-08-30T16:10,2033-08-31T07:00,2.5
CLEAN-010541,EVS360-025,Saint Petersburg,2033-08-30T16:10,2033-08-31T06:30,2.5
CLEAN-010542,EVS360-007,Moscow,2033-08-30T16:50,2033-08-31T07:30,2.5
CLEAN-010543,EVS360-026,Saint Petersburg,2033-08-30T16:50,2033-08-31T07:00,2.5
CLEAN-010544,EVS360-008,Moscow,2033-08-30T17:20,2033-08-31T08:00,2.5
CLEAN-010545,EVS360-027,Saint Petersburg,2033-08-30T17:20,2033-08-31T07:15,2.5
CLEAN-010546,EVS360-009,Moscow,2033-08-30T18:10,2033-08-31T08:30,2.5
CLEAN-010547,EVS360-028,Saint Petersburg,2033-08-30T18:10,2033-08-31T07:30,2.5
CLEAN-010548,EVS360-010,Moscow,2033-08-30T18:50,2033-08-31T09:00,2.5
CLEAN-010549,EVS360-029,Saint Petersburg,2033-08-30T18:50,2033-08-31T08:00,2.5
CLEAN-010550,EVS360-011,Moscow,2033-08-30T19:20,2033-08-31T09:30,2.5
CLEAN-010551,EVS360-012,Moscow,2033-08-30T19:50,2033-08-31T10:00,2.5
CLEAN-010552,EVS360-030,Saint Petersburg,2033-08-30T19:50,2033-08-31T08:30,2.5
CLEAN-010553,EVS360-013,Moscow,2033-08-30T20:10,2033-08-31T10:15,2.5
CLEAN-010554,EVS360-031,Saint Petersburg,2033-08-30T20:10,2033-08-31T09:00,2.5
CLEAN-010555,EVS360-014,Moscow,2033-08-30T20:35,2033-08-31T10:30,2.5
CLEAN-010556,EVS360-032,Saint Petersburg,2033-08-30T20:35,2033-08-31T09:30,2.5
CLEAN-010557,EVS360-015,Moscow,2033-08-30T20:50,2033-08-31T11:00,2.5
CLEAN-010558,EVS360-033,Saint Petersburg,2033-08-30T20:50,2033-08-31T10:00,2.5
CLEAN-010559,EVS360-016,Moscow,2033-08-30T21:20,2033-08-31T11:30,2.5
CLEAN-010560,EVS360-034,Saint Petersburg,2033-08-30T21:20,2033-08-31T10:15,2.5
CLEAN-010561,EVS360-017,Moscow,2033-08-30T21:50,2033-08-31T12:00,2.5
CLEAN-010562,EVS360-035,Saint Petersburg,2033-08-30T21:50,2033-08-31T10:30,2.5
CLEAN-010563,EVS360-018,Moscow,2033-08-30T22:10,2033-08-31T12:30,2.5
CLEAN-010564,EVS360-036,Saint Petersburg,2033-08-30T22:10,2033-08-31T11:00,2.5
CLEAN-010565,EVS360-037,Saint Petersburg,2033-08-30T22:35,2033-08-31T11:30,2.5
CLEAN-010566,EVS360-019,Moscow,2033-08-30T22:50,2033-08-31T13:00,2.5
CLEAN-010567,EVS360-038,Saint Petersburg,2033-08-30T22:50,2033-08-31T12:00,2.5
CLEAN-010568,EVS360-020,Moscow,2033-08-30T23:20,2033-08-31T13:30,2.5
CLEAN-010569,EVS360-039,Saint Petersburg,2033-08-30T23:20,2033-08-31T12:30,2.5
CLEAN-010570,EVS360-001,Moscow,2033-09-01T18:10,2033-09-02T08:30,2.5
CLEAN-010571,EVS360-002,Moscow,2033-09-01T18:50,2033-09-02T09:00,2.5
CLEAN-010572,EVS360-021,Saint Petersburg,2033-09-01T18:50,2033-09-02T08:00,2.5
CLEAN-010573,EVS360-003,Moscow,2033-09-01T19:20,2033-09-02T09:30,2.5
CLEAN-010574,EVS360-004,Moscow,2033-09-01T19:50,2033-09-02T10:00,2.5
CLEAN-010575,EVS360-022,Saint Petersburg,2033-09-01T19:50,2033-09-02T08:30,2.5
CLEAN-010576,EVS360-005,Moscow,2033-09-01T20:10,2033-09-02T10:15,2.5
CLEAN-010577,EVS360-023,Saint Petersburg,2033-09-01T20:10,2033-09-02T09:00,2.5
CLEAN-010578,EVS360-006,Moscow,2033-09-01T20:35,2033-09-02T10:30,2.5
CLEAN-010579,EVS360-024,Saint Petersburg,2033-09-01T20:35,2033-09-02T09:30,2.5
CLEAN-010580,EVS360-007,Moscow,2033-09-01T20:50,2033-09-02T11:00,2.5
CLEAN-010581,EVS360-025,Saint Petersburg,2033-09-01T20:50,2033-09-02T10:00,2.5
CLEAN-010582,EVS360-008,Moscow,2033-09-01T21:20,2033-09-02T11:30,2.5
CLEAN-010583,EVS360-026,Saint Petersburg,2033-09-01T21:20,2033-09-02T10:15,2.5
CLEAN-010584,EVS360-009,Moscow,2033-09-01T21:50,2033-09-02T12:00,2.5
CLEAN-010585,EVS360-027,Saint Petersburg,2033-09-01T21:50,2033-09-02T10:30,2.5
CLEAN-010586,EVS360-010,Moscow,2033-09-01T22:10,2033-09-02T12:30,2.5
CLEAN-010587,EVS360-028,Saint Petersburg,2033-09-01T22:10,2033-09-02T11:00,2.5
CLEAN-010588,EVS360-029,Saint Petersburg,2033-09-01T22:35,2033-09-02T11:30,2.5
CLEAN-010589,EVS360-011,Moscow,2033-09-01T22:50,2033-09-02T13:00,2.5
CLEAN-010590,EVS360-030,Saint Petersburg,2033-09-01T22:50,2033-09-02T12:00,2.5
CLEAN-010591,EVS360-012,Moscow,2033-09-01T23:20,2033-09-02T13:30,2.5
CLEAN-010592,EVS360-031,Saint Petersburg,2033-09-01T23:20,2033-09-02T12:30,2.5
CLEAN-010593,EVS360-013,Moscow,2033-09-01T23:50,2033-09-02T14:00,2.5
CLEAN-010594,EVS360-032,Saint Petersburg,2033-09-01T23:50,2033-09-02T13:00,2.5
CLEAN-010595,EVS360-014,Moscow,2033-09-02T00:10,2033-09-02T14:30,2.5
CLEAN-010596,EVS360-033,Saint Petersburg,2033-09-02T00:10,2033-09-02T14:00,2.5
CLEAN-010597,EVS360-015,Moscow,2033-09-02T08:10,2033-09-02T15:00,2.5
CLEAN-010598,EVS360-034,Saint Petersburg,2033-09-02T08:10,2033-09-02T14:30,2.5
CLEAN-010599,EVS360-016,Moscow,2033-09-02T08:35,2033-09-02T16:00,2.5
CLEAN-010600,EVS360-035,Saint Petersburg,2033-09-02T08:35,2033-09-02T15:00,2.5
CLEAN-010601,EVS360-017,Moscow,2033-09-02T08:50,2033-09-02T16:30,2.5
CLEAN-010602,EVS360-036,Saint Petersburg,2033-09-02T08:50,2033-09-02T16:00,2.5
CLEAN-010603,EVS360-018,Moscow,2033-09-02T09:20,2033-09-02T17:30,2.5
CLEAN-010604,EVS360-037,Saint Petersburg,2033-09-02T09:20,2033-09-02T16:30,2.5
CLEAN-010605,EVS360-019,Moscow,2033-09-02T09:35,2033-09-02T18:00,2.5
CLEAN-010606,EVS360-020,Moscow,2033-09-02T09:50,2033-09-02T18:15,2.5
CLEAN-010607,EVS360-038,Saint Petersburg,2033-09-02T09:50,2033-09-02T17:00,2.5
CLEAN-010608,EVS360-039,Saint Petersburg,2033-09-02T10:10,2033-09-02T17:30,2.5
CLEAN-010609,EVS360-001,Moscow,2033-09-03T21:50,2033-09-04T12:00,2.5
CLEAN-010610,EVS360-002,Moscow,2033-09-03T22:10,2033-09-04T12:30,2.5
CLEAN-010611,EVS360-021,Saint Petersburg,2033-09-03T22:35,2033-09-04T11:30,2.5
CLEAN-010612,EVS360-003,Moscow,2033-09-03T22:50,2033-09-04T13:00,2.5
CLEAN-010613,EVS360-022,Saint Petersburg,2033-09-03T22:50,2033-09-04T12:00,2.5
CLEAN-010614,EVS360-004,Moscow,2033-09-03T23:20,2033-09-04T13:30,2.5
CLEAN-010615,EVS360-023,Saint Petersburg,2033-09-03T23:20,2033-09-04T12:30,2.5
CLEAN-010616,EVS360-005,Moscow,2033-09-03T23:50,2033-09-04T14:00,2.5
CLEAN-010617,EVS360-024,Saint Petersburg,2033-09-03T23:50,2033-09-04T13:00,2.5
CLEAN-010618,EVS360-006,Moscow,2033-09-04T00:10,2033-09-04T14:30,2.5
CLEAN-010619,EVS360-025,Saint Petersburg,2033-09-04T00:10,2033-09-04T14:00,2.5
CLEAN-010620,EVS360-007,Moscow,2033-09-04T08:10,2033-09-04T15:00,2.5
CLEAN-010621,EVS360-026,Saint Petersburg,2033-09-04T08:10,2033-09-04T14:30,2.5
CLEAN-010622,EVS360-008,Moscow,2033-09-04T08:35,2033-09-04T16:00,2.5
CLEAN-010623,EVS360-027,Saint Petersburg,2033-09-04T08:35,2033-09-04T15:00,2.5
CLEAN-010624,EVS360-009,Moscow,2033-09-04T08:50,2033-09-04T16:30,2.5
CLEAN-010625,EVS360-028,Saint Petersburg,2033-09-04T08:50,2033-09-04T16:00,2.5
CLEAN-010626,EVS360-010,Moscow,2033-09-04T09:20,2033-09-04T17:30,2.5
CLEAN-010627,EVS360-029,Saint Petersburg,2033-09-04T09:20,2033-09-04T16:30,2.5
CLEAN-010628,EVS360-011,Moscow,2033-09-04T09:35,2033-09-04T18:00,2.5
CLEAN-010629,EVS360-012,Moscow,2033-09-04T09:50,2033-09-04T18:15,2.5
CLEAN-010630,EVS360-030,Saint Petersburg,2033-09-04T09:50,2033-09-04T17:00,2.5
CLEAN-010631,EVS360-013,Moscow,2033-09-04T10:10,2033-09-04T18:30,2.5
CLEAN-010632,EVS360-031,Saint Petersburg,2033-09-04T10:10,2033-09-04T17:30,2.5
CLEAN-010633,EVS360-014,Moscow,2033-09-04T10:50,2033-09-04T19:00,2.5
CLEAN-010634,EVS360-032,Saint Petersburg,2033-09-04T10:50,2033-09-04T18:00,2.5
CLEAN-010635,EVS360-015,Moscow,2033-09-04T11:20,2033-09-04T19:30,2.5
CLEAN-010636,EVS360-033,Saint Petersburg,2033-09-04T11:20,2033-09-04T18:15,2.5
CLEAN-010637,EVS360-016,Moscow,2033-09-04T11:50,2033-09-04T20:00,2.5
CLEAN-010638,EVS360-034,Saint Petersburg,2033-09-04T11:50,2033-09-04T18:30,2.5
CLEAN-010639,EVS360-017,Moscow,2033-09-04T12:10,2033-09-04T20:15,2.5
CLEAN-010640,EVS360-035,Saint Petersburg,2033-09-04T12:10,2033-09-04T19:00,2.5
CLEAN-010641,EVS360-018,Moscow,2033-09-04T12:35,2033-09-04T20:30,2.5
CLEAN-010642,EVS360-036,Saint Petersburg,2033-09-04T12:35,2033-09-04T19:30,2.5
CLEAN-010643,EVS360-019,Moscow,2033-09-04T12:50,2033-09-04T21:00,2.5
CLEAN-010644,EVS360-037,Saint Petersburg,2033-09-04T12:50,2033-09-04T20:00,2.5
CLEAN-010645,EVS360-020,Moscow,2033-09-04T13:20,2033-09-04T21:30,2.5
CLEAN-010646,EVS360-038,Saint Petersburg,2033-09-04T13:20,2033-09-04T20:30,2.5
CLEAN-010647,EVS360-039,Saint Petersburg,2033-09-04T13:50,2033-09-04T21:00,2.5
CLEAN-010648,EVS360-001,Moscow,2033-09-06T08:50,2033-09-06T16:30,2.5
CLEAN-010649,EVS360-002,Moscow,2033-09-06T09:20,2033-09-06T17:30,2.5
CLEAN-010650,EVS360-021,Saint Petersburg,2033-09-06T09:20,2033-09-06T16:30,2.5
CLEAN-010651,EVS360-003,Moscow,2033-09-06T09:35,2033-09-06T18:00,2.5
CLEAN-010652,EVS360-004,Moscow,2033-09-06T09:50,2033-09-06T18:15,2.5
CLEAN-010653,EVS360-022,Saint Petersburg,2033-09-06T09:50,2033-09-06T17:00,2.5
CLEAN-010654,EVS360-005,Moscow,2033-09-06T10:10,2033-09-06T18:30,2.5
CLEAN-010655,EVS360-023,Saint Petersburg,2033-09-06T10:10,2033-09-06T17:30,2.5
CLEAN-010656,EVS360-006,Moscow,2033-09-06T10:50,2033-09-06T19:00,2.5
CLEAN-010657,EVS360-024,Saint Petersburg,2033-09-06T10:50,2033-09-06T18:00,2.5
CLEAN-010658,EVS360-007,Moscow,2033-09-06T11:20,2033-09-06T19:30,2.5
CLEAN-010659,EVS360-025,Saint Petersburg,2033-09-06T11:20,2033-09-06T18:15,2.5
CLEAN-010660,EVS360-008,Moscow,2033-09-06T11:50,2033-09-06T20:00,2.5
CLEAN-010661,EVS360-026,Saint Petersburg,2033-09-06T11:50,2033-09-06T18:30,2.5
CLEAN-010662,EVS360-009,Moscow,2033-09-06T12:10,2033-09-06T20:15,2.5
CLEAN-010663,EVS360-027,Saint Petersburg,2033-09-06T12:10,2033-09-06T19:00,2.5
CLEAN-010664,EVS360-010,Moscow,2033-09-06T12:35,2033-09-06T20:30,2.5
CLEAN-010665,EVS360-028,Saint Petersburg,2033-09-06T12:35,2033-09-06T19:30,2.5
CLEAN-010666,EVS360-011,Moscow,2033-09-06T12:50,2033-09-06T21:00,2.5
CLEAN-010667,EVS360-029,Saint Petersburg,2033-09-06T12:50,2033-09-06T20:00,2.5
CLEAN-010668,EVS360-012,Moscow,2033-09-06T13:20,2033-09-06T21:30,2.5
CLEAN-010669,EVS360-030,Saint Petersburg,2033-09-06T13:20,2033-09-06T20:30,2.5
CLEAN-010670,EVS360-013,Moscow,2033-09-06T13:50,2033-09-06T22:00,2.5
CLEAN-010671,EVS360-031,Saint Petersburg,2033-09-06T13:50,2033-09-06T21:00,2.5
CLEAN-010672,EVS360-014,Moscow,2033-09-06T14:10,2033-09-07T06:00,2.5
CLEAN-010673,EVS360-032,Saint Petersburg,2033-09-06T14:10,2033-09-06T21:30,2.5
CLEAN-010674,EVS360-015,Moscow,2033-09-06T14:50,2033-09-07T06:15,2.5
CLEAN-010675,EVS360-033,Saint Petersburg,2033-09-06T14:50,2033-09-06T22:00,2.5
CLEAN-010676,EVS360-016,Moscow,2033-09-06T15:20,2033-09-07T06:30,2.5
CLEAN-010677,EVS360-034,Saint Petersburg,2033-09-06T15:20,2033-09-07T06:00,2.5
CLEAN-010678,EVS360-035,Saint Petersburg,2033-09-06T15:50,2033-09-07T06:15,2.5
CLEAN-010679,EVS360-017,Moscow,2033-09-06T16:10,2033-09-07T07:00,2.5
CLEAN-010680,EVS360-036,Saint Petersburg,2033-09-06T16:10,2033-09-07T06:30,2.5
CLEAN-010681,EVS360-018,Moscow,2033-09-06T16:50,2033-09-07T07:30,2.5
CLEAN-010682,EVS360-037,Saint Petersburg,2033-09-06T16:50,2033-09-07T07:00,2.5
CLEAN-010683,EVS360-019,Moscow,2033-09-06T17:20,2033-09-07T08:00,2.5
CLEAN-010684,EVS360-038,Saint Petersburg,2033-09-06T17:20,2033-09-07T07:15,2.5
CLEAN-010685,EVS360-020,Moscow,2033-09-06T18:10,2033-09-07T08:30,2.5
CLEAN-010686,EVS360-039,Saint Petersburg,2033-09-06T18:10,2033-09-07T07:30,2.5
CLEAN-010687,EVS360-001,Moscow,2033-09-08T12:10,2033-09-08T20:15,2.5
CLEAN-010688,EVS360-002,Moscow,2033-09-08T12:35,2033-09-08T20:30,2.5
CLEAN-010689,EVS360-003,Moscow,2033-09-08T12:50,2033-09-08T21:00,2.5
CLEAN-010690,EVS360-021,Saint Petersburg,2033-09-08T12:50,2033-09-08T20:00,2.5
CLEAN-010691,EVS360-004,Moscow,2033-09-08T13:20,2033-09-08T21:30,2.5
CLEAN-010692,EVS360-022,Saint Petersburg,2033-09-08T13:20,2033-09-08T20:30,2.5
CLEAN-010693,EVS360-005,Moscow,2033-09-08T13:50,2033-09-08T22:00,2.5
CLEAN-010694,EVS360-023,Saint Petersburg,2033-09-08T13:50,2033-09-08T21:00,2.5
CLEAN-010695,EVS360-006,Moscow,2033-09-08T14:10,2033-09-09T06:00,2.5
CLEAN-010696,EVS360-024,Saint Petersburg,2033-09-08T14:10,2033-09-08T21:30,2.5
CLEAN-010697,EVS360-007,Moscow,2033-09-08T14:50,2033-09-09T06:15,2.5
CLEAN-010698,EVS360-025,Saint Petersburg,2033-09-08T14:50,2033-09-08T22:00,2.5
CLEAN-010699,EVS360-008,Moscow,2033-09-08T15:20,2033-09-09T06:30,2.5
CLEAN-010700,EVS360-026,Saint Petersburg,2033-09-08T15:20,2033-09-09T06:00,2.5
CLEAN-010701,EVS360-027,Saint Petersburg,2033-09-08T15:50,2033-09-09T06:15,2.5
CLEAN-010702,EVS360-009,Moscow,2033-09-08T16:10,2033-09-09T07:00,2.5
CLEAN-010703,EVS360-028,Saint Petersburg,2033-09-08T16:10,2033-09-09T06:30,2.5
CLEAN-010704,EVS360-010,Moscow,2033-09-08T16:50,2033-09-09T07:30,2.5
CLEAN-010705,EVS360-029,Saint Petersburg,2033-09-08T16:50,2033-09-09T07:00,2.5
CLEAN-010706,EVS360-011,Moscow,2033-09-08T17:20,2033-09-09T08:00,2.5
CLEAN-010707,EVS360-030,Saint Petersburg,2033-09-08T17:20,2033-09-09T07:15,2.5
CLEAN-010708,EVS360-012,Moscow,2033-09-08T18:10,2033-09-09T08:30,2.5
CLEAN-010709,EVS360-031,Saint Petersburg,2033-09-08T18:10,2033-09-09T07:30,2.5
CLEAN-010710,EVS360-013,Moscow,2033-09-08T18:50,2033-09-09T09:00,2.5
CLEAN-010711,EVS360-032,Saint Petersburg,2033-09-08T18:50,2033-09-09T08:00,2.5
CLEAN-010712,EVS360-014,Moscow,2033-09-08T19:20,2033-09-09T09:30,2.5
CLEAN-010713,EVS360-015,Moscow,2033-09-08T19:50,2033-09-09T10:00,2.5
CLEAN-010714,EVS360-033,Saint Petersburg,2033-09-08T19:50,2033-09-09T08:30,2.5
CLEAN-010715,EVS360-016,Moscow,2033-09-08T20:10,2033-09-09T10:15,2.5
CLEAN-010716,EVS360-034,Saint Petersburg,2033-09-08T20:10,2033-09-09T09:00,2.5
CLEAN-010717,EVS360-017,Moscow,2033-09-08T20:35,2033-09-09T10:30,2.5
CLEAN-010718,EVS360-035,Saint Petersburg,2033-09-08T20:35,2033-09-09T09:30,2.5
CLEAN-010719,EVS360-018,Moscow,2033-09-08T20:50,2033-09-09T11:00,2.5
CLEAN-010720,EVS360-036,Saint Petersburg,2033-09-08T20:50,2033-09-09T10:00,2.5
CLEAN-010721,EVS360-019,Moscow,2033-09-08T21:20,2033-09-09T11:30,2.5
CLEAN-010722,EVS360-037,Saint Petersburg,2033-09-08T21:20,2033-09-09T10:15,2.5
CLEAN-010723,EVS360-020,Moscow,2033-09-08T21:50,2033-09-09T12:00,2.5
CLEAN-010724,EVS360-038,Saint Petersburg,2033-09-08T21:50,2033-09-09T10:30,2.5
CLEAN-010725,EVS360-039,Saint Petersburg,2033-09-08T22:10,2033-09-09T11:00,2.5
CLEAN-010726,EVS360-001,Moscow,2033-09-10T16:10,2033-09-11T07:00,2.5
CLEAN-010727,EVS360-002,Moscow,2033-09-10T16:50,2033-09-11T07:30,2.5
CLEAN-010728,EVS360-021,Saint Petersburg,2033-09-10T16:50,2033-09-11T07:00,2.5
CLEAN-010729,EVS360-003,Moscow,2033-09-10T17:20,2033-09-11T08:00,2.5
CLEAN-010730,EVS360-022,Saint Petersburg,2033-09-10T17:20,2033-09-11T07:15,2.5
CLEAN-010731,EVS360-004,Moscow,2033-09-10T18:10,2033-09-11T08:30,2.5
CLEAN-010732,EVS360-023,Saint Petersburg,2033-09-10T18:10,2033-09-11T07:30,2.5
CLEAN-010733,EVS360-005,Moscow,2033-09-10T18:50,2033-09-11T09:00,2.5
CLEAN-010734,EVS360-024,Saint Petersburg,2033-09-10T18:50,2033-09-11T08:00,2.5
CLEAN-010735,EVS360-006,Moscow,2033-09-10T19:20,2033-09-11T09:30,2.5
CLEAN-010736,EVS360-007,Moscow,2033-09-10T19:50,2033-09-11T10:00,2.5
CLEAN-010737,EVS360-025,Saint Petersburg,2033-09-10T19:50,2033-09-11T08:30,2.5
CLEAN-010738,EVS360-008,Moscow,2033-09-10T20:10,2033-09-11T10:15,2.5
CLEAN-010739,EVS360-026,Saint Petersburg,2033-09-10T20:10,2033-09-11T09:00,2.5
CLEAN-010740,EVS360-009,Moscow,2033-09-10T20:35,2033-09-11T10:30,2.5
CLEAN-010741,EVS360-027,Saint Petersburg,2033-09-10T20:35,2033-09-11T09:30,2.5
CLEAN-010742,EVS360-010,Moscow,2033-09-10T20:50,2033-09-11T11:00,2.5
CLEAN-010743,EVS360-028,Saint Petersburg,2033-09-10T20:50,2033-09-11T10:00,2.5
CLEAN-010744,EVS360-011,Moscow,2033-09-10T21:20,2033-09-11T11:30,2.5
CLEAN-010745,EVS360-029,Saint Petersburg,2033-09-10T21:20,2033-09-11T10:15,2.5
CLEAN-010746,EVS360-012,Moscow,2033-09-10T21:50,2033-09-11T12:00,2.5
CLEAN-010747,EVS360-030,Saint Petersburg,2033-09-10T21:50,2033-09-11T10:30,2.5
CLEAN-010748,EVS360-013,Moscow,2033-09-10T22:10,2033-09-11T12:30,2.5
CLEAN-010749,EVS360-031,Saint Petersburg,2033-09-10T22:10,2033-09-11T11:00,2.5
CLEAN-010750,EVS360-032,Saint Petersburg,2033-09-10T22:35,2033-09-11T11:30,2.5
CLEAN-010751,EVS360-014,Moscow,2033-09-10T22:50,2033-09-11T13:00,2.5
CLEAN-010752,EVS360-033,Saint Petersburg,2033-09-10T22:50,2033-09-11T12:00,2.5
CLEAN-010753,EVS360-015,Moscow,2033-09-10T23:20,2033-09-11T13:30,2.5
CLEAN-010754,EVS360-034,Saint Petersburg,2033-09-10T23:20,2033-09-11T12:30,2.5
CLEAN-010755,EVS360-016,Moscow,2033-09-10T23:50,2033-09-11T14:00,2.5
CLEAN-010756,EVS360-035,Saint Petersburg,2033-09-10T23:50,2033-09-11T13:00,2.5
CLEAN-010757,EVS360-017,Moscow,2033-09-11T00:10,2033-09-11T14:30,2.5
CLEAN-010758,EVS360-036,Saint Petersburg,2033-09-11T00:10,2033-09-11T14:00,2.5
CLEAN-010759,EVS360-018,Moscow,2033-09-11T08:10,2033-09-11T15:00,2.5
CLEAN-010760,EVS360-037,Saint Petersburg,2033-09-11T08:10,2033-09-11T14:30,2.5
CLEAN-010761,EVS360-019,Moscow,2033-09-11T08:35,2033-09-11T16:00,2.5
CLEAN-010762,EVS360-038,Saint Petersburg,2033-09-11T08:35,2033-09-11T15:00,2.5
CLEAN-010763,EVS360-020,Moscow,2033-09-11T08:50,2033-09-11T16:30,2.5
CLEAN-010764,EVS360-039,Saint Petersburg,2033-09-11T08:50,2033-09-11T16:00,2.5
CLEAN-010765,EVS360-001,Moscow,2033-09-12T20:35,2033-09-13T10:30,2.5
CLEAN-010766,EVS360-002,Moscow,2033-09-12T20:50,2033-09-13T11:00,2.5
CLEAN-010767,EVS360-003,Moscow,2033-09-12T21:20,2033-09-13T11:30,2.5
CLEAN-010768,EVS360-021,Saint Petersburg,2033-09-12T21:20,2033-09-13T10:15,2.5
CLEAN-010769,EVS360-004,Moscow,2033-09-12T21:50,2033-09-13T12:00,2.5
CLEAN-010770,EVS360-022,Saint Petersburg,2033-09-12T21:50,2033-09-13T10:30,2.5
CLEAN-010771,EVS360-005,Moscow,2033-09-12T22:10,2033-09-13T12:30,2.5
CLEAN-010772,EVS360-023,Saint Petersburg,2033-09-12T22:10,2033-09-13T11:00,2.5
CLEAN-010773,EVS360-024,Saint Petersburg,2033-09-12T22:35,2033-09-13T11:30,2.5
CLEAN-010774,EVS360-006,Moscow,2033-09-12T22:50,2033-09-13T13:00,2.5
CLEAN-010775,EVS360-025,Saint Petersburg,2033-09-12T22:50,2033-09-13T12:00,2.5
CLEAN-010776,EVS360-007,Moscow,2033-09-12T23:20,2033-09-13T13:30,2.5
CLEAN-010777,EVS360-026,Saint Petersburg,2033-09-12T23:20,2033-09-13T12:30,2.5
CLEAN-010778,EVS360-008,Moscow,2033-09-12T23:50,2033-09-13T14:00,2.5
CLEAN-010779,EVS360-027,Saint Petersburg,2033-09-12T23:50,2033-09-13T13:00,2.5
CLEAN-010780,EVS360-009,Moscow,2033-09-13T00:10,2033-09-13T14:30,2.5
CLEAN-010781,EVS360-028,Saint Petersburg,2033-09-13T00:10,2033-09-13T14:00,2.5
CLEAN-010782,EVS360-010,Moscow,2033-09-13T08:10,2033-09-13T15:00,2.5
CLEAN-010783,EVS360-029,Saint Petersburg,2033-09-13T08:10,2033-09-13T14:30,2.5
CLEAN-010784,EVS360-011,Moscow,2033-09-13T08:35,2033-09-13T16:00,2.5
CLEAN-010785,EVS360-030,Saint Petersburg,2033-09-13T08:35,2033-09-13T15:00,2.5
CLEAN-010786,EVS360-012,Moscow,2033-09-13T08:50,2033-09-13T16:30,2.5
CLEAN-010787,EVS360-031,Saint Petersburg,2033-09-13T08:50,2033-09-13T16:00,2.5
CLEAN-010788,EVS360-013,Moscow,2033-09-13T09:20,2033-09-13T17:30,2.5
CLEAN-010789,EVS360-032,Saint Petersburg,2033-09-13T09:20,2033-09-13T16:30,2.5
CLEAN-010790,EVS360-014,Moscow,2033-09-13T09:35,2033-09-13T18:00,2.5
CLEAN-010791,EVS360-015,Moscow,2033-09-13T09:50,2033-09-13T18:15,2.5
CLEAN-010792,EVS360-033,Saint Petersburg,2033-09-13T09:50,2033-09-13T17:00,2.5
CLEAN-010793,EVS360-016,Moscow,2033-09-13T10:10,2033-09-13T18:30,2.5
CLEAN-010794,EVS360-034,Saint Petersburg,2033-09-13T10:10,2033-09-13T17:30,2.5
CLEAN-010795,EVS360-017,Moscow,2033-09-13T10:50,2033-09-13T19:00,2.5
CLEAN-010796,EVS360-035,Saint Petersburg,2033-09-13T10:50,2033-09-13T18:00,2.5
CLEAN-010797,EVS360-018,Moscow,2033-09-13T11:20,2033-09-13T19:30,2.5
CLEAN-010798,EVS360-036,Saint Petersburg,2033-09-13T11:20,2033-09-13T18:15,2.5
CLEAN-010799,EVS360-019,Moscow,2033-09-13T11:50,2033-09-13T20:00,2.5
CLEAN-010800,EVS360-037,Saint Petersburg,2033-09-13T11:50,2033-09-13T18:30,2.5
CLEAN-010801,EVS360-020,Moscow,2033-09-13T12:10,2033-09-13T20:15,2.5
CLEAN-010802,EVS360-038,Saint Petersburg,2033-09-13T12:10,2033-09-13T19:00,2.5
CLEAN-010803,EVS360-039,Saint Petersburg,2033-09-13T12:35,2033-09-13T19:30,2.5
CLEAN-010804,EVS360-001,Moscow,2033-09-15T00:10,2033-09-15T14:30,2.5
CLEAN-010805,EVS360-002,Moscow,2033-09-15T08:10,2033-09-15T15:00,2.5
CLEAN-010806,EVS360-021,Saint Petersburg,2033-09-15T08:10,2033-09-15T14:30,2.5
CLEAN-010807,EVS360-003,Moscow,2033-09-15T08:35,2033-09-15T16:00,2.5
CLEAN-010808,EVS360-022,Saint Petersburg,2033-09-15T08:35,2033-09-15T15:00,2.5
CLEAN-010809,EVS360-004,Moscow,2033-09-15T08:50,2033-09-15T16:30,2.5
CLEAN-010810,EVS360-023,Saint Petersburg,2033-09-15T08:50,2033-09-15T16:00,2.5
CLEAN-010811,EVS360-005,Moscow,2033-09-15T09:20,2033-09-15T17:30,2.5
CLEAN-010812,EVS360-024,Saint Petersburg,2033-09-15T09:20,2033-09-15T16:30,2.5
CLEAN-010813,EVS360-006,Moscow,2033-09-15T09:35,2033-09-15T18:00,2.5
CLEAN-010814,EVS360-007,Moscow,2033-09-15T09:50,2033-09-15T18:15,2.5
CLEAN-010815,EVS360-025,Saint Petersburg,2033-09-15T09:50,2033-09-15T17:00,2.5
CLEAN-010816,EVS360-008,Moscow,2033-09-15T10:10,2033-09-15T18:30,2.5
CLEAN-010817,EVS360-026,Saint Petersburg,2033-09-15T10:10,2033-09-15T17:30,2.5
CLEAN-010818,EVS360-009,Moscow,2033-09-15T10:50,2033-09-15T19:00,2.5
CLEAN-010819,EVS360-027,Saint Petersburg,2033-09-15T10:50,2033-09-15T18:00,2.5
CLEAN-010820,EVS360-010,Moscow,2033-09-15T11:20,2033-09-15T19:30,2.5
CLEAN-010821,EVS360-028,Saint Petersburg,2033-09-15T11:20,2033-09-15T18:15,2.5
CLEAN-010822,EVS360-011,Moscow,2033-09-15T11:50,2033-09-15T20:00,2.5
CLEAN-010823,EVS360-029,Saint Petersburg,2033-09-15T11:50,2033-09-15T18:30,2.5
CLEAN-010824,EVS360-012,Moscow,2033-09-15T12:10,2033-09-15T20:15,2.5
CLEAN-010825,EVS360-030,Saint Petersburg,2033-09-15T12:10,2033-09-15T19:00,2.5
CLEAN-010826,EVS360-013,Moscow,2033-09-15T12:35,2033-09-15T20:30,2.5
CLEAN-010827,EVS360-031,Saint Petersburg,2033-09-15T12:35,2033-09-15T19:30,2.5
CLEAN-010828,EVS360-014,Moscow,2033-09-15T12:50,2033-09-15T21:00,2.5
CLEAN-010829,EVS360-032,Saint Petersburg,2033-09-15T12:50,2033-09-15T20:00,2.5
CLEAN-010830,EVS360-015,Moscow,2033-09-15T13:20,2033-09-15T21:30,2.5
CLEAN-010831,EVS360-033,Saint Petersburg,2033-09-15T13:20,2033-09-15T20:30,2.5
CLEAN-010832,EVS360-016,Moscow,2033-09-15T13:50,2033-09-15T22:00,2.5
CLEAN-010833,EVS360-034,Saint Petersburg,2033-09-15T13:50,2033-09-15T21:00,2.5
CLEAN-010834,EVS360-017,Moscow,2033-09-15T14:10,2033-09-16T06:00,2.5
CLEAN-010835,EVS360-035,Saint Petersburg,2033-09-15T14:10,2033-09-15T21:30,2.5
CLEAN-010836,EVS360-018,Moscow,2033-09-15T14:50,2033-09-16T06:15,2.5
CLEAN-010837,EVS360-036,Saint Petersburg,2033-09-15T14:50,2033-09-15T22:00,2.5
CLEAN-010838,EVS360-019,Moscow,2033-09-15T15:20,2033-09-16T06:30,2.5
CLEAN-010839,EVS360-037,Saint Petersburg,2033-09-15T15:20,2033-09-16T06:00,2.5
CLEAN-010840,EVS360-038,Saint Petersburg,2033-09-15T15:50,2033-09-16T06:15,2.5
CLEAN-010841,EVS360-020,Moscow,2033-09-15T16:10,2033-09-16T07:00,2.5
CLEAN-010842,EVS360-039,Saint Petersburg,2033-09-15T16:10,2033-09-16T06:30,2.5
CLEAN-010843,EVS360-001,Moscow,2033-09-17T10:50,2033-09-17T19:00,2.5
CLEAN-010844,EVS360-002,Moscow,2033-09-17T11:20,2033-09-17T19:30,2.5
CLEAN-010845,EVS360-003,Moscow,2033-09-17T11:50,2033-09-17T20:00,2.5
CLEAN-010846,EVS360-021,Saint Petersburg,2033-09-17T11:50,2033-09-17T18:30,2.5
CLEAN-010847,EVS360-004,Moscow,2033-09-17T12:10,2033-09-17T20:15,2.5
CLEAN-010848,EVS360-022,Saint Petersburg,2033-09-17T12:10,2033-09-17T19:00,2.5
CLEAN-010849,EVS360-005,Moscow,2033-09-17T12:35,2033-09-17T20:30,2.5
CLEAN-010850,EVS360-023,Saint Petersburg,2033-09-17T12:35,2033-09-17T19:30,2.5
CLEAN-010851,EVS360-006,Moscow,2033-09-17T12:50,2033-09-17T21:00,2.5
CLEAN-010852,EVS360-024,Saint Petersburg,2033-09-17T12:50,2033-09-17T20:00,2.5
CLEAN-010853,EVS360-007,Moscow,2033-09-17T13:20,2033-09-17T21:30,2.5
CLEAN-010854,EVS360-025,Saint Petersburg,2033-09-17T13:20,2033-09-17T20:30,2.5
CLEAN-010855,EVS360-008,Moscow,2033-09-17T13:50,2033-09-17T22:00,2.5
CLEAN-010856,EVS360-026,Saint Petersburg,2033-09-17T13:50,2033-09-17T21:00,2.5
CLEAN-010857,EVS360-009,Moscow,2033-09-17T14:10,2033-09-18T06:00,2.5
CLEAN-010858,EVS360-027,Saint Petersburg,2033-09-17T14:10,2033-09-17T21:30,2.5
CLEAN-010859,EVS360-010,Moscow,2033-09-17T14:50,2033-09-18T06:15,2.5
CLEAN-010860,EVS360-028,Saint Petersburg,2033-09-17T14:50,2033-09-17T22:00,2.5
CLEAN-010861,EVS360-011,Moscow,2033-09-17T15:20,2033-09-18T06:30,2.5
CLEAN-010862,EVS360-029,Saint Petersburg,2033-09-17T15:20,2033-09-18T06:00,2.5
CLEAN-010863,EVS360-030,Saint Petersburg,2033-09-17T15:50,2033-09-18T06:15,2.5
CLEAN-010864,EVS360-012,Moscow,2033-09-17T16:10,2033-09-18T07:00,2.5
CLEAN-010865,EVS360-031,Saint Petersburg,2033-09-17T16:10,2033-09-18T06:30,2.5
CLEAN-010866,EVS360-013,Moscow,2033-09-17T16:50,2033-09-18T07:30,2.5
CLEAN-010867,EVS360-032,Saint Petersburg,2033-09-17T16:50,2033-09-18T07:00,2.5
CLEAN-010868,EVS360-014,Moscow,2033-09-17T17:20,2033-09-18T08:00,2.5
CLEAN-010869,EVS360-033,Saint Petersburg,2033-09-17T17:20,2033-09-18T07:15,2.5
CLEAN-010870,EVS360-015,Moscow,2033-09-17T18:10,2033-09-18T08:30,2.5
CLEAN-010871,EVS360-034,Saint Petersburg,2033-09-17T18:10,2033-09-18T07:30,2.5
CLEAN-010872,EVS360-016,Moscow,2033-09-17T18:50,2033-09-18T09:00,2.5
CLEAN-010873,EVS360-035,Saint Petersburg,2033-09-17T18:50,2033-09-18T08:00,2.5
CLEAN-010874,EVS360-017,Moscow,2033-09-17T19:20,2033-09-18T09:30,2.5
CLEAN-010875,EVS360-018,Moscow,2033-09-17T19:50,2033-09-18T10:00,2.5
CLEAN-010876,EVS360-036,Saint Petersburg,2033-09-17T19:50,2033-09-18T08:30,2.5
CLEAN-010877,EVS360-019,Moscow,2033-09-17T20:10,2033-09-18T10:15,2.5
CLEAN-010878,EVS360-037,Saint Petersburg,2033-09-17T20:10,2033-09-18T09:00,2.5
CLEAN-010879,EVS360-020,Moscow,2033-09-17T20:35,2033-09-18T10:30,2.5
CLEAN-010880,EVS360-038,Saint Petersburg,2033-09-17T20:35,2033-09-18T09:30,2.5
CLEAN-010881,EVS360-039,Saint Petersburg,2033-09-17T20:50,2033-09-18T10:00,2.5
CLEAN-010882,EVS360-001,Moscow,2033-09-19T14:10,2033-09-20T06:00,2.5
CLEAN-010883,EVS360-002,Moscow,2033-09-19T14:50,2033-09-20T06:15,2.5
CLEAN-010884,EVS360-003,Moscow,2033-09-19T15:20,2033-09-20T06:30,2.5
CLEAN-010885,EVS360-021,Saint Petersburg,2033-09-19T15:20,2033-09-20T06:00,2.5
CLEAN-010886,EVS360-022,Saint Petersburg,2033-09-19T15:50,2033-09-20T06:15,2.5
CLEAN-010887,EVS360-004,Moscow,2033-09-19T16:10,2033-09-20T07:00,2.5
CLEAN-010888,EVS360-023,Saint Petersburg,2033-09-19T16:10,2033-09-20T06:30,2.5
CLEAN-010889,EVS360-005,Moscow,2033-09-19T16:50,2033-09-20T07:30,2.5
CLEAN-010890,EVS360-024,Saint Petersburg,2033-09-19T16:50,2033-09-20T07:00,2.5
CLEAN-010891,EVS360-006,Moscow,2033-09-19T17:20,2033-09-20T08:00,2.5
CLEAN-010892,EVS360-025,Saint Petersburg,2033-09-19T17:20,2033-09-20T07:15,2.5
CLEAN-010893,EVS360-007,Moscow,2033-09-19T18:10,2033-09-20T08:30,2.5
CLEAN-010894,EVS360-026,Saint Petersburg,2033-09-19T18:10,2033-09-20T07:30,2.5
CLEAN-010895,EVS360-008,Moscow,2033-09-19T18:50,2033-09-20T09:00,2.5
CLEAN-010896,EVS360-027,Saint Petersburg,2033-09-19T18:50,2033-09-20T08:00,2.5
CLEAN-010897,EVS360-009,Moscow,2033-09-19T19:20,2033-09-20T09:30,2.5
CLEAN-010898,EVS360-010,Moscow,2033-09-19T19:50,2033-09-20T10:00,2.5
CLEAN-010899,EVS360-028,Saint Petersburg,2033-09-19T19:50,2033-09-20T08:30,2.5
CLEAN-010900,EVS360-011,Moscow,2033-09-19T20:10,2033-09-20T10:15,2.5
CLEAN-010901,EVS360-029,Saint Petersburg,2033-09-19T20:10,2033-09-20T09:00,2.5
CLEAN-010902,EVS360-012,Moscow,2033-09-19T20:35,2033-09-20T10:30,2.5
CLEAN-010903,EVS360-030,Saint Petersburg,2033-09-19T20:35,2033-09-20T09:30,2.5
CLEAN-010904,EVS360-013,Moscow,2033-09-19T20:50,2033-09-20T11:00,2.5
CLEAN-010905,EVS360-031,Saint Petersburg,2033-09-19T20:50,2033-09-20T10:00,2.5
CLEAN-010906,EVS360-014,Moscow,2033-09-19T21:20,2033-09-20T11:30,2.5
CLEAN-010907,EVS360-032,Saint Petersburg,2033-09-19T21:20,2033-09-20T10:15,2.5
CLEAN-010908,EVS360-015,Moscow,2033-09-19T21:50,2033-09-20T12:00,2.5
CLEAN-010909,EVS360-033,Saint Petersburg,2033-09-19T21:50,2033-09-20T10:30,2.5
CLEAN-010910,EVS360-016,Moscow,2033-09-19T22:10,2033-09-20T12:30,2.5
CLEAN-010911,EVS360-034,Saint Petersburg,2033-09-19T22:10,2033-09-20T11:00,2.5
CLEAN-010912,EVS360-035,Saint Petersburg,2033-09-19T22:35,2033-09-20T11:30,2.5
CLEAN-010913,EVS360-017,Moscow,2033-09-19T22:50,2033-09-20T13:00,2.5
CLEAN-010914,EVS360-036,Saint Petersburg,2033-09-19T22:50,2033-09-20T12:00,2.5
CLEAN-010915,EVS360-018,Moscow,2033-09-19T23:20,2033-09-20T13:30,2.5
CLEAN-010916,EVS360-037,Saint Petersburg,2033-09-19T23:20,2033-09-20T12:30,2.5
CLEAN-010917,EVS360-019,Moscow,2033-09-19T23:50,2033-09-20T14:00,2.5
CLEAN-010918,EVS360-038,Saint Petersburg,2033-09-19T23:50,2033-09-20T13:00,2.5
CLEAN-010919,EVS360-020,Moscow,2033-09-20T00:10,2033-09-20T14:30,2.5
CLEAN-010920,EVS360-039,Saint Petersburg,2033-09-20T00:10,2033-09-20T14:00,2.5
CLEAN-010921,EVS360-001,Moscow,2033-09-21T19:20,2033-09-22T09:30,2.5
CLEAN-010922,EVS360-002,Moscow,2033-09-21T19:50,2033-09-22T10:00,2.5
CLEAN-010923,EVS360-003,Moscow,2033-09-21T20:10,2033-09-22T10:15,2.5
CLEAN-010924,EVS360-021,Saint Petersburg,2033-09-21T20:10,2033-09-22T09:00,2.5
CLEAN-010925,EVS360-004,Moscow,2033-09-21T20:35,2033-09-22T10:30,2.5
CLEAN-010926,EVS360-022,Saint Petersburg,2033-09-21T20:35,2033-09-22T09:30,2.5
CLEAN-010927,EVS360-005,Moscow,2033-09-21T20:50,2033-09-22T11:00,2.5
CLEAN-010928,EVS360-023,Saint Petersburg,2033-09-21T20:50,2033-09-22T10:00,2.5
CLEAN-010929,EVS360-006,Moscow,2033-09-21T21:20,2033-09-22T11:30,2.5
CLEAN-010930,EVS360-024,Saint Petersburg,2033-09-21T21:20,2033-09-22T10:15,2.5
CLEAN-010931,EVS360-007,Moscow,2033-09-21T21:50,2033-09-22T12:00,2.5
CLEAN-010932,EVS360-025,Saint Petersburg,2033-09-21T21:50,2033-09-22T10:30,2.5
CLEAN-010933,EVS360-008,Moscow,2033-09-21T22:10,2033-09-22T12:30,2.5
CLEAN-010934,EVS360-026,Saint Petersburg,2033-09-21T22:10,2033-09-22T11:00,2.5
CLEAN-010935,EVS360-027,Saint Petersburg,2033-09-21T22:35,2033-09-22T11:30,2.5
CLEAN-010936,EVS360-009,Moscow,2033-09-21T22:50,2033-09-22T13:00,2.5
CLEAN-010937,EVS360-028,Saint Petersburg,2033-09-21T22:50,2033-09-22T12:00,2.5
CLEAN-010938,EVS360-010,Moscow,2033-09-21T23:20,2033-09-22T13:30,2.5
CLEAN-010939,EVS360-029,Saint Petersburg,2033-09-21T23:20,2033-09-22T12:30,2.5
CLEAN-010940,EVS360-011,Moscow,2033-09-21T23:50,2033-09-22T14:00,2.5
CLEAN-010941,EVS360-030,Saint Petersburg,2033-09-21T23:50,2033-09-22T13:00,2.5
CLEAN-010942,EVS360-012,Moscow,2033-09-22T00:10,2033-09-22T14:30,2.5
CLEAN-010943,EVS360-031,Saint Petersburg,2033-09-22T00:10,2033-09-22T14:00,2.5
CLEAN-010944,EVS360-013,Moscow,2033-09-22T08:10,2033-09-22T15:00,2.5
CLEAN-010945,EVS360-032,Saint Petersburg,2033-09-22T08:10,2033-09-22T14:30,2.5
CLEAN-010946,EVS360-014,Moscow,2033-09-22T08:35,2033-09-22T16:00,2.5
CLEAN-010947,EVS360-033,Saint Petersburg,2033-09-22T08:35,2033-09-22T15:00,2.5
CLEAN-010948,EVS360-015,Moscow,2033-09-22T08:50,2033-09-22T16:30,2.5
CLEAN-010949,EVS360-034,Saint Petersburg,2033-09-22T08:50,2033-09-22T16:00,2.5
CLEAN-010950,EVS360-016,Moscow,2033-09-22T09:20,2033-09-22T17:30,2.5
CLEAN-010951,EVS360-035,Saint Petersburg,2033-09-22T09:20,2033-09-22T16:30,2.5
CLEAN-010952,EVS360-017,Moscow,2033-09-22T09:35,2033-09-22T18:00,2.5
CLEAN-010953,EVS360-018,Moscow,2033-09-22T09:50,2033-09-22T18:15,2.5
CLEAN-010954,EVS360-036,Saint Petersburg,2033-09-22T09:50,2033-09-22T17:00,2.5
CLEAN-010955,EVS360-019,Moscow,2033-09-22T10:10,2033-09-22T18:30,2.5
CLEAN-010956,EVS360-037,Saint Petersburg,2033-09-22T10:10,2033-09-22T17:30,2.5
CLEAN-010957,EVS360-020,Moscow,2033-09-22T10:50,2033-09-22T19:00,2.5
CLEAN-010958,EVS360-038,Saint Petersburg,2033-09-22T10:50,2033-09-22T18:00,2.5
CLEAN-010959,EVS360-039,Saint Petersburg,2033-09-22T11:20,2033-09-22T18:15,2.5
CLEAN-010960,EVS360-001,Moscow,2033-09-23T22:50,2033-09-24T13:00,2.5
CLEAN-010961,EVS360-002,Moscow,2033-09-23T23:20,2033-09-24T13:30,2.5
CLEAN-010962,EVS360-021,Saint Petersburg,2033-09-23T23:20,2033-09-24T12:30,2.5
CLEAN-010963,EVS360-003,Moscow,2033-09-23T23:50,2033-09-24T14:00,2.5
CLEAN-010964,EVS360-022,Saint Petersburg,2033-09-23T23:50,2033-09-24T13:00,2.5
CLEAN-010965,EVS360-004,Moscow,2033-09-24T00:10,2033-09-24T14:30,2.5
CLEAN-010966,EVS360-023,Saint Petersburg,2033-09-24T00:10,2033-09-24T14:00,2.5
CLEAN-010967,EVS360-005,Moscow,2033-09-24T08:10,2033-09-24T15:00,2.5
CLEAN-010968,EVS360-024,Saint Petersburg,2033-09-24T08:10,2033-09-24T14:30,2.5
CLEAN-010969,EVS360-006,Moscow,2033-09-24T08:35,2033-09-24T16:00,2.5
CLEAN-010970,EVS360-025,Saint Petersburg,2033-09-24T08:35,2033-09-24T15:00,2.5
CLEAN-010971,EVS360-007,Moscow,2033-09-24T08:50,2033-09-24T16:30,2.5
CLEAN-010972,EVS360-026,Saint Petersburg,2033-09-24T08:50,2033-09-24T16:00,2.5
CLEAN-010973,EVS360-008,Moscow,2033-09-24T09:20,2033-09-24T17:30,2.5
CLEAN-010974,EVS360-027,Saint Petersburg,2033-09-24T09:20,2033-09-24T16:30,2.5
CLEAN-010975,EVS360-009,Moscow,2033-09-24T09:35,2033-09-24T18:00,2.5
CLEAN-010976,EVS360-010,Moscow,2033-09-24T09:50,2033-09-24T18:15,2.5
CLEAN-010977,EVS360-028,Saint Petersburg,2033-09-24T09:50,2033-09-24T17:00,2.5
CLEAN-010978,EVS360-011,Moscow,2033-09-24T10:10,2033-09-24T18:30,2.5
CLEAN-010979,EVS360-029,Saint Petersburg,2033-09-24T10:10,2033-09-24T17:30,2.5
CLEAN-010980,EVS360-012,Moscow,2033-09-24T10:50,2033-09-24T19:00,2.5
CLEAN-010981,EVS360-030,Saint Petersburg,2033-09-24T10:50,2033-09-24T18:00,2.5
CLEAN-010982,EVS360-013,Moscow,2033-09-24T11:20,2033-09-24T19:30,2.5
CLEAN-010983,EVS360-031,Saint Petersburg,2033-09-24T11:20,2033-09-24T18:15,2.5
CLEAN-010984,EVS360-014,Moscow,2033-09-24T11:50,2033-09-24T20:00,2.5
CLEAN-010985,EVS360-032,Saint Petersburg,2033-09-24T11:50,2033-09-24T18:30,2.5
CLEAN-010986,EVS360-015,Moscow,2033-09-24T12:10,2033-09-24T20:15,2.5
CLEAN-010987,EVS360-033,Saint Petersburg,2033-09-24T12:10,2033-09-24T19:00,2.5
CLEAN-010988,EVS360-016,Moscow,2033-09-24T12:35,2033-09-24T20:30,2.5
CLEAN-010989,EVS360-034,Saint Petersburg,2033-09-24T12:35,2033-09-24T19:30,2.5
CLEAN-010990,EVS360-017,Moscow,2033-09-24T12:50,2033-09-24T21:00,2.5
CLEAN-010991,EVS360-035,Saint Petersburg,2033-09-24T12:50,2033-09-24T20:00,2.5
CLEAN-010992,EVS360-018,Moscow,2033-09-24T13:20,2033-09-24T21:30,2.5
CLEAN-010993,EVS360-036,Saint Petersburg,2033-09-24T13:20,2033-09-24T20:30,2.5
CLEAN-010994,EVS360-019,Moscow,2033-09-24T13:50,2033-09-24T22:00,2.5
CLEAN-010995,EVS360-037,Saint Petersburg,2033-09-24T13:50,2033-09-24T21:00,2.5
CLEAN-010996,EVS360-020,Moscow,2033-09-24T14:10,2033-09-25T06:00,2.5
CLEAN-010997,EVS360-038,Saint Petersburg,2033-09-24T14:10,2033-09-24T21:30,2.5
CLEAN-010998,EVS360-039,Saint Petersburg,2033-09-24T14:50,2033-09-24T22:00,2.5
CLEAN-010999,EVS360-001,Moscow,2033-09-26T09:35,2033-09-26T18:00,2.5
CLEAN-011000,EVS360-002,Moscow,2033-09-26T09:50,2033-09-26T18:15,2.5
CLEAN-011001,EVS360-003,Moscow,2033-09-26T10:10,2033-09-26T18:30,2.5
CLEAN-011002,EVS360-021,Saint Petersburg,2033-09-26T10:10,2033-09-26T17:30,2.5
CLEAN-011003,EVS360-004,Moscow,2033-09-26T10:50,2033-09-26T19:00,2.5
CLEAN-011004,EVS360-022,Saint Petersburg,2033-09-26T10:50,2033-09-26T18:00,2.5
CLEAN-011005,EVS360-005,Moscow,2033-09-26T11:20,2033-09-26T19:30,2.5
CLEAN-011006,EVS360-023,Saint Petersburg,2033-09-26T11:20,2033-09-26T18:15,2.5
CLEAN-011007,EVS360-006,Moscow,2033-09-26T11:50,2033-09-26T20:00,2.5
CLEAN-011008,EVS360-024,Saint Petersburg,2033-09-26T11:50,2033-09-26T18:30,2.5
CLEAN-011009,EVS360-007,Moscow,2033-09-26T12:10,2033-09-26T20:15,2.5
CLEAN-011010,EVS360-025,Saint Petersburg,2033-09-26T12:10,2033-09-26T19:00,2.5
CLEAN-011011,EVS360-008,Moscow,2033-09-26T12:35,2033-09-26T20:30,2.5
CLEAN-011012,EVS360-026,Saint Petersburg,2033-09-26T12:35,2033-09-26T19:30,2.5
CLEAN-011013,EVS360-009,Moscow,2033-09-26T12:50,2033-09-26T21:00,2.5
CLEAN-011014,EVS360-027,Saint Petersburg,2033-09-26T12:50,2033-09-26T20:00,2.5
CLEAN-011015,EVS360-010,Moscow,2033-09-26T13:20,2033-09-26T21:30,2.5
CLEAN-011016,EVS360-028,Saint Petersburg,2033-09-26T13:20,2033-09-26T20:30,2.5
CLEAN-011017,EVS360-011,Moscow,2033-09-26T13:50,2033-09-26T22:00,2.5
CLEAN-011018,EVS360-029,Saint Petersburg,2033-09-26T13:50,2033-09-26T21:00,2.5
CLEAN-011019,EVS360-012,Moscow,2033-09-26T14:10,2033-09-27T06:00,2.5
CLEAN-011020,EVS360-030,Saint Petersburg,2033-09-26T14:10,2033-09-26T21:30,2.5
CLEAN-011021,EVS360-013,Moscow,2033-09-26T14:50,2033-09-27T06:15,2.5
CLEAN-011022,EVS360-031,Saint Petersburg,2033-09-26T14:50,2033-09-26T22:00,2.5
CLEAN-011023,EVS360-014,Moscow,2033-09-26T15:20,2033-09-27T06:30,2.5
CLEAN-011024,EVS360-032,Saint Petersburg,2033-09-26T15:20,2033-09-27T06:00,2.5
CLEAN-011025,EVS360-033,Saint Petersburg,2033-09-26T15:50,2033-09-27T06:15,2.5
CLEAN-011026,EVS360-015,Moscow,2033-09-26T16:10,2033-09-27T07:00,2.5
CLEAN-011027,EVS360-034,Saint Petersburg,2033-09-26T16:10,2033-09-27T06:30,2.5
CLEAN-011028,EVS360-016,Moscow,2033-09-26T16:50,2033-09-27T07:30,2.5
CLEAN-011029,EVS360-035,Saint Petersburg,2033-09-26T16:50,2033-09-27T07:00,2.5
CLEAN-011030,EVS360-017,Moscow,2033-09-26T17:20,2033-09-27T08:00,2.5
CLEAN-011031,EVS360-036,Saint Petersburg,2033-09-26T17:20,2033-09-27T07:15,2.5
CLEAN-011032,EVS360-018,Moscow,2033-09-26T18:10,2033-09-27T08:30,2.5
CLEAN-011033,EVS360-037,Saint Petersburg,2033-09-26T18:10,2033-09-27T07:30,2.5
CLEAN-011034,EVS360-019,Moscow,2033-09-26T18:50,2033-09-27T09:00,2.5
CLEAN-011035,EVS360-038,Saint Petersburg,2033-09-26T18:50,2033-09-27T08:00,2.5
CLEAN-011036,EVS360-020,Moscow,2033-09-26T19:20,2033-09-27T09:30,2.5
CLEAN-011037,EVS360-039,Saint Petersburg,2033-09-26T19:50,2033-09-27T08:30,2.5
CLEAN-011038,EVS360-001,Moscow,2033-09-28T12:50,2033-09-28T21:00,2.5
CLEAN-011039,EVS360-002,Moscow,2033-09-28T13:20,2033-09-28T21:30,2.5
CLEAN-011040,EVS360-003,Moscow,2033-09-28T13:50,2033-09-28T22:00,2.5
CLEAN-011041,EVS360-021,Saint Petersburg,2033-09-28T13:50,2033-09-28T21:00,2.5
CLEAN-011042,EVS360-004,Moscow,2033-09-28T14:10,2033-09-29T06:00,2.5
CLEAN-011043,EVS360-022,Saint Petersburg,2033-09-28T14:10,2033-09-28T21:30,2.5
CLEAN-011044,EVS360-005,Moscow,2033-09-28T14:50,2033-09-29T06:15,2.5
CLEAN-011045,EVS360-023,Saint Petersburg,2033-09-28T14:50,2033-09-28T22:00,2.5
CLEAN-011046,EVS360-006,Moscow,2033-09-28T15:20,2033-09-29T06:30,2.5
CLEAN-011047,EVS360-024,Saint Petersburg,2033-09-28T15:20,2033-09-29T06:00,2.5
CLEAN-011048,EVS360-025,Saint Petersburg,2033-09-28T15:50,2033-09-29T06:15,2.5
CLEAN-011049,EVS360-007,Moscow,2033-09-28T16:10,2033-09-29T07:00,2.5
CLEAN-011050,EVS360-026,Saint Petersburg,2033-09-28T16:10,2033-09-29T06:30,2.5
CLEAN-011051,EVS360-008,Moscow,2033-09-28T16:50,2033-09-29T07:30,2.5
CLEAN-011052,EVS360-027,Saint Petersburg,2033-09-28T16:50,2033-09-29T07:00,2.5
CLEAN-011053,EVS360-009,Moscow,2033-09-28T17:20,2033-09-29T08:00,2.5
CLEAN-011054,EVS360-028,Saint Petersburg,2033-09-28T17:20,2033-09-29T07:15,2.5
CLEAN-011055,EVS360-010,Moscow,2033-09-28T18:10,2033-09-29T08:30,2.5
CLEAN-011056,EVS360-029,Saint Petersburg,2033-09-28T18:10,2033-09-29T07:30,2.5
CLEAN-011057,EVS360-011,Moscow,2033-09-28T18:50,2033-09-29T09:00,2.5
CLEAN-011058,EVS360-030,Saint Petersburg,2033-09-28T18:50,2033-09-29T08:00,2.5
CLEAN-011059,EVS360-012,Moscow,2033-09-28T19:20,2033-09-29T09:30,2.5
CLEAN-011060,EVS360-013,Moscow,2033-09-28T19:50,2033-09-29T10:00,2.5
CLEAN-011061,EVS360-031,Saint Petersburg,2033-09-28T19:50,2033-09-29T08:30,2.5
CLEAN-011062,EVS360-014,Moscow,2033-09-28T20:10,2033-09-29T10:15,2.5
CLEAN-011063,EVS360-032,Saint Petersburg,2033-09-28T20:10,2033-09-29T09:00,2.5
CLEAN-011064,EVS360-015,Moscow,2033-09-28T20:35,2033-09-29T10:30,2.5
CLEAN-011065,EVS360-033,Saint Petersburg,2033-09-28T20:35,2033-09-29T09:30,2.5
CLEAN-011066,EVS360-016,Moscow,2033-09-28T20:50,2033-09-29T11:00,2.5
CLEAN-011067,EVS360-034,Saint Petersburg,2033-09-28T20:50,2033-09-29T10:00,2.5
CLEAN-011068,EVS360-017,Moscow,2033-09-28T21:20,2033-09-29T11:30,2.5
CLEAN-011069,EVS360-035,Saint Petersburg,2033-09-28T21:20,2033-09-29T10:15,2.5
CLEAN-011070,EVS360-018,Moscow,2033-09-28T21:50,2033-09-29T12:00,2.5
CLEAN-011071,EVS360-036,Saint Petersburg,2033-09-28T21:50,2033-09-29T10:30,2.5
CLEAN-011072,EVS360-019,Moscow,2033-09-28T22:10,2033-09-29T12:30,2.5
CLEAN-011073,EVS360-037,Saint Petersburg,2033-09-28T22:10,2033-09-29T11:00,2.5
CLEAN-011074,EVS360-038,Saint Petersburg,2033-09-28T22:35,2033-09-29T11:30,2.5
CLEAN-011075,EVS360-020,Moscow,2033-09-28T22:50,2033-09-29T13:00,2.5
CLEAN-011076,EVS360-039,Saint Petersburg,2033-09-28T22:50,2033-09-29T12:00,2.5
CLEAN-011077,EVS360-001,Moscow,2033-09-30T17:20,2033-10-01T08:00,2.5
CLEAN-011078,EVS360-002,Moscow,2033-09-30T18:10,2033-10-01T08:30,2.5
CLEAN-011079,EVS360-021,Saint Petersburg,2033-09-30T18:10,2033-10-01T07:30,2.5
CLEAN-011080,EVS360-003,Moscow,2033-09-30T18:50,2033-10-01T09:00,2.5
CLEAN-011081,EVS360-022,Saint Petersburg,2033-09-30T18:50,2033-10-01T08:00,2.5
CLEAN-011082,EVS360-004,Moscow,2033-09-30T19:20,2033-10-01T09:30,2.5
CLEAN-011083,EVS360-005,Moscow,2033-09-30T19:50,2033-10-01T10:00,2.5
CLEAN-011084,EVS360-023,Saint Petersburg,2033-09-30T19:50,2033-10-01T08:30,2.5
CLEAN-011085,EVS360-006,Moscow,2033-09-30T20:10,2033-10-01T10:15,2.5
CLEAN-011086,EVS360-024,Saint Petersburg,2033-09-30T20:10,2033-10-01T09:00,2.5
CLEAN-011087,EVS360-007,Moscow,2033-09-30T20:35,2033-10-01T10:30,2.5
CLEAN-011088,EVS360-025,Saint Petersburg,2033-09-30T20:35,2033-10-01T09:30,2.5
CLEAN-011089,EVS360-008,Moscow,2033-09-30T20:50,2033-10-01T11:00,2.5
CLEAN-011090,EVS360-026,Saint Petersburg,2033-09-30T20:50,2033-10-01T10:00,2.5
CLEAN-011091,EVS360-009,Moscow,2033-09-30T21:20,2033-10-01T11:30,2.5
CLEAN-011092,EVS360-027,Saint Petersburg,2033-09-30T21:20,2033-10-01T10:15,2.5
CLEAN-011093,EVS360-010,Moscow,2033-09-30T21:50,2033-10-01T12:00,2.5
CLEAN-011094,EVS360-028,Saint Petersburg,2033-09-30T21:50,2033-10-01T10:30,2.5
CLEAN-011095,EVS360-011,Moscow,2033-09-30T22:10,2033-10-01T12:30,2.5
CLEAN-011096,EVS360-029,Saint Petersburg,2033-09-30T22:10,2033-10-01T11:00,2.5
CLEAN-011097,EVS360-030,Saint Petersburg,2033-09-30T22:35,2033-10-01T11:30,2.5
CLEAN-011098,EVS360-012,Moscow,2033-09-30T22:50,2033-10-01T13:00,2.5
CLEAN-011099,EVS360-031,Saint Petersburg,2033-09-30T22:50,2033-10-01T12:00,2.5
CLEAN-011100,EVS360-013,Moscow,2033-09-30T23:20,2033-10-01T13:30,2.5
CLEAN-011101,EVS360-032,Saint Petersburg,2033-09-30T23:20,2033-10-01T12:30,2.5
CLEAN-011102,EVS360-014,Moscow,2033-09-30T23:50,2033-10-01T14:00,2.5
CLEAN-011103,EVS360-033,Saint Petersburg,2033-09-30T23:50,2033-10-01T13:00,2.5
CLEAN-011104,EVS360-015,Moscow,2033-10-01T00:10,2033-10-01T14:30,2.5
CLEAN-011105,EVS360-034,Saint Petersburg,2033-10-01T00:10,2033-10-01T14:00,2.5
CLEAN-011106,EVS360-016,Moscow,2033-10-01T08:10,2033-10-01T15:00,2.5
CLEAN-011107,EVS360-035,Saint Petersburg,2033-10-01T08:10,2033-10-01T14:30,2.5
CLEAN-011108,EVS360-017,Moscow,2033-10-01T08:35,2033-10-01T16:00,2.5
CLEAN-011109,EVS360-036,Saint Petersburg,2033-10-01T08:35,2033-10-01T15:00,2.5
CLEAN-011110,EVS360-018,Moscow,2033-10-01T08:50,2033-10-01T16:30,2.5
CLEAN-011111,EVS360-037,Saint Petersburg,2033-10-01T08:50,2033-10-01T16:00,2.5
CLEAN-011112,EVS360-019,Moscow,2033-10-01T09:20,2033-10-01T17:30,2.5
CLEAN-011113,EVS360-038,Saint Petersburg,2033-10-01T09:20,2033-10-01T16:30,2.5
CLEAN-011114,EVS360-020,Moscow,2033-10-01T09:35,2033-10-01T18:00,2.5
CLEAN-011115,EVS360-039,Saint Petersburg,2033-10-01T09:50,2033-10-01T17:00,2.5
CLEAN-011116,EVS360-001,Moscow,2033-10-02T21:20,2033-10-03T11:30,2.5
CLEAN-011117,EVS360-002,Moscow,2033-10-02T21:50,2033-10-03T12:00,2.5
CLEAN-011118,EVS360-003,Moscow,2033-10-02T22:10,2033-10-03T12:30,2.5
CLEAN-011119,EVS360-021,Saint Petersburg,2033-10-02T22:10,2033-10-03T11:00,2.5
CLEAN-011120,EVS360-022,Saint Petersburg,2033-10-02T22:35,2033-10-03T11:30,2.5
CLEAN-011121,EVS360-004,Moscow,2033-10-02T22:50,2033-10-03T13:00,2.5
CLEAN-011122,EVS360-023,Saint Petersburg,2033-10-02T22:50,2033-10-03T12:00,2.5
CLEAN-011123,EVS360-005,Moscow,2033-10-02T23:20,2033-10-03T13:30,2.5
CLEAN-011124,EVS360-024,Saint Petersburg,2033-10-02T23:20,2033-10-03T12:30,2.5
CLEAN-011125,EVS360-006,Moscow,2033-10-02T23:50,2033-10-03T14:00,2.5
CLEAN-011126,EVS360-025,Saint Petersburg,2033-10-02T23:50,2033-10-03T13:00,2.5
CLEAN-011127,EVS360-007,Moscow,2033-10-03T00:10,2033-10-03T14:30,2.5
CLEAN-011128,EVS360-026,Saint Petersburg,2033-10-03T00:10,2033-10-03T14:00,2.5
CLEAN-011129,EVS360-008,Moscow,2033-10-03T08:10,2033-10-03T15:00,2.5
CLEAN-011130,EVS360-027,Saint Petersburg,2033-10-03T08:10,2033-10-03T14:30,2.5
CLEAN-011131,EVS360-009,Moscow,2033-10-03T08:35,2033-10-03T16:00,2.5
CLEAN-011132,EVS360-028,Saint Petersburg,2033-10-03T08:35,2033-10-03T15:00,2.5
CLEAN-011133,EVS360-010,Moscow,2033-10-03T08:50,2033-10-03T16:30,2.5
CLEAN-011134,EVS360-029,Saint Petersburg,2033-10-03T08:50,2033-10-03T16:00,2.5
CLEAN-011135,EVS360-011,Moscow,2033-10-03T09:20,2033-10-03T17:30,2.5
CLEAN-011136,EVS360-030,Saint Petersburg,2033-10-03T09:20,2033-10-03T16:30,2.5
CLEAN-011137,EVS360-012,Moscow,2033-10-03T09:35,2033-10-03T18:00,2.5
CLEAN-011138,EVS360-013,Moscow,2033-10-03T09:50,2033-10-03T18:15,2.5
CLEAN-011139,EVS360-031,Saint Petersburg,2033-10-03T09:50,2033-10-03T17:00,2.5
CLEAN-011140,EVS360-014,Moscow,2033-10-03T10:10,2033-10-03T18:30,2.5
CLEAN-011141,EVS360-032,Saint Petersburg,2033-10-03T10:10,2033-10-03T17:30,2.5
CLEAN-011142,EVS360-015,Moscow,2033-10-03T10:50,2033-10-03T19:00,2.5
CLEAN-011143,EVS360-033,Saint Petersburg,2033-10-03T10:50,2033-10-03T18:00,2.5
CLEAN-011144,EVS360-016,Moscow,2033-10-03T11:20,2033-10-03T19:30,2.5
CLEAN-011145,EVS360-034,Saint Petersburg,2033-10-03T11:20,2033-10-03T18:15,2.5
CLEAN-011146,EVS360-017,Moscow,2033-10-03T11:50,2033-10-03T20:00,2.5
CLEAN-011147,EVS360-035,Saint Petersburg,2033-10-03T11:50,2033-10-03T18:30,2.5
CLEAN-011148,EVS360-018,Moscow,2033-10-03T12:10,2033-10-03T20:15,2.5
CLEAN-011149,EVS360-036,Saint Petersburg,2033-10-03T12:10,2033-10-03T19:00,2.5
CLEAN-011150,EVS360-019,Moscow,2033-10-03T12:35,2033-10-03T20:30,2.5
CLEAN-011151,EVS360-037,Saint Petersburg,2033-10-03T12:35,2033-10-03T19:30,2.5
CLEAN-011152,EVS360-020,Moscow,2033-10-03T12:50,2033-10-03T21:00,2.5
CLEAN-011153,EVS360-038,Saint Petersburg,2033-10-03T12:50,2033-10-03T20:00,2.5
CLEAN-011154,EVS360-039,Saint Petersburg,2033-10-03T13:20,2033-10-03T20:30,2.5
CLEAN-011155,EVS360-001,Moscow,2033-10-05T08:35,2033-10-05T16:00,2.5
CLEAN-011156,EVS360-002,Moscow,2033-10-05T08:50,2033-10-05T16:30,2.5
CLEAN-011157,EVS360-021,Saint Petersburg,2033-10-05T08:50,2033-10-05T16:00,2.5
CLEAN-011158,EVS360-003,Moscow,2033-10-05T09:20,2033-10-05T17:30,2.5
CLEAN-011159,EVS360-022,Saint Petersburg,2033-10-05T09:20,2033-10-05T16:30,2.5
CLEAN-011160,EVS360-004,Moscow,2033-10-05T09:35,2033-10-05T18:00,2.5
CLEAN-011161,EVS360-005,Moscow,2033-10-05T09:50,2033-10-05T18:15,2.5
CLEAN-011162,EVS360-023,Saint Petersburg,2033-10-05T09:50,2033-10-05T17:00,2.5
CLEAN-011163,EVS360-006,Moscow,2033-10-05T10:10,2033-10-05T18:30,2.5
CLEAN-011164,EVS360-024,Saint Petersburg,2033-10-05T10:10,2033-10-05T17:30,2.5
CLEAN-011165,EVS360-007,Moscow,2033-10-05T10:50,2033-10-05T19:00,2.5
CLEAN-011166,EVS360-025,Saint Petersburg,2033-10-05T10:50,2033-10-05T18:00,2.5
CLEAN-011167,EVS360-008,Moscow,2033-10-05T11:20,2033-10-05T19:30,2.5
CLEAN-011168,EVS360-026,Saint Petersburg,2033-10-05T11:20,2033-10-05T18:15,2.5
CLEAN-011169,EVS360-009,Moscow,2033-10-05T11:50,2033-10-05T20:00,2.5
CLEAN-011170,EVS360-027,Saint Petersburg,2033-10-05T11:50,2033-10-05T18:30,2.5
CLEAN-011171,EVS360-010,Moscow,2033-10-05T12:10,2033-10-05T20:15,2.5
CLEAN-011172,EVS360-028,Saint Petersburg,2033-10-05T12:10,2033-10-05T19:00,2.5
CLEAN-011173,EVS360-011,Moscow,2033-10-05T12:35,2033-10-05T20:30,2.5
CLEAN-011174,EVS360-029,Saint Petersburg,2033-10-05T12:35,2033-10-05T19:30,2.5
CLEAN-011175,EVS360-012,Moscow,2033-10-05T12:50,2033-10-05T21:00,2.5
CLEAN-011176,EVS360-030,Saint Petersburg,2033-10-05T12:50,2033-10-05T20:00,2.5
CLEAN-011177,EVS360-013,Moscow,2033-10-05T13:20,2033-10-05T21:30,2.5
CLEAN-011178,EVS360-031,Saint Petersburg,2033-10-05T13:20,2033-10-05T20:30,2.5
CLEAN-011179,EVS360-014,Moscow,2033-10-05T13:50,2033-10-05T22:00,2.5
CLEAN-011180,EVS360-032,Saint Petersburg,2033-10-05T13:50,2033-10-05T21:00,2.5
CLEAN-011181,EVS360-015,Moscow,2033-10-05T14:10,2033-10-06T06:00,2.5
CLEAN-011182,EVS360-033,Saint Petersburg,2033-10-05T14:10,2033-10-05T21:30,2.5
CLEAN-011183,EVS360-016,Moscow,2033-10-05T14:50,2033-10-06T06:15,2.5
CLEAN-011184,EVS360-034,Saint Petersburg,2033-10-05T14:50,2033-10-05T22:00,2.5
CLEAN-011185,EVS360-017,Moscow,2033-10-05T15:20,2033-10-06T06:30,2.5
CLEAN-011186,EVS360-035,Saint Petersburg,2033-10-05T15:20,2033-10-06T06:00,2.5
CLEAN-011187,EVS360-036,Saint Petersburg,2033-10-05T15:50,2033-10-06T06:15,2.5
CLEAN-011188,EVS360-018,Moscow,2033-10-05T16:10,2033-10-06T07:00,2.5
CLEAN-011189,EVS360-037,Saint Petersburg,2033-10-05T16:10,2033-10-06T06:30,2.5
CLEAN-011190,EVS360-019,Moscow,2033-10-05T16:50,2033-10-06T07:30,2.5
CLEAN-011191,EVS360-038,Saint Petersburg,2033-10-05T16:50,2033-10-06T07:00,2.5
CLEAN-011192,EVS360-020,Moscow,2033-10-05T17:20,2033-10-06T08:00,2.5
CLEAN-011193,EVS360-039,Saint Petersburg,2033-10-05T17:20,2033-10-06T07:15,2.5
CLEAN-011194,EVS360-001,Moscow,2033-10-07T11:50,2033-10-07T20:00,2.5
CLEAN-011195,EVS360-002,Moscow,2033-10-07T12:10,2033-10-07T20:15,2.5
CLEAN-011196,EVS360-003,Moscow,2033-10-07T12:35,2033-10-07T20:30,2.5
CLEAN-011197,EVS360-021,Saint Petersburg,2033-10-07T12:35,2033-10-07T19:30,2.5
CLEAN-011198,EVS360-004,Moscow,2033-10-07T12:50,2033-10-07T21:00,2.5
CLEAN-011199,EVS360-022,Saint Petersburg,2033-10-07T12:50,2033-10-07T20:00,2.5
CLEAN-011200,EVS360-005,Moscow,2033-10-07T13:20,2033-10-07T21:30,2.5
CLEAN-011201,EVS360-023,Saint Petersburg,2033-10-07T13:20,2033-10-07T20:30,2.5
CLEAN-011202,EVS360-006,Moscow,2033-10-07T13:50,2033-10-07T22:00,2.5
CLEAN-011203,EVS360-024,Saint Petersburg,2033-10-07T13:50,2033-10-07T21:00,2.5
CLEAN-011204,EVS360-007,Moscow,2033-10-07T14:10,2033-10-08T06:00,2.5
CLEAN-011205,EVS360-025,Saint Petersburg,2033-10-07T14:10,2033-10-07T21:30,2.5
CLEAN-011206,EVS360-008,Moscow,2033-10-07T14:50,2033-10-08T06:15,2.5
CLEAN-011207,EVS360-026,Saint Petersburg,2033-10-07T14:50,2033-10-07T22:00,2.5
CLEAN-011208,EVS360-009,Moscow,2033-10-07T15:20,2033-10-08T06:30,2.5
CLEAN-011209,EVS360-027,Saint Petersburg,2033-10-07T15:20,2033-10-08T06:00,2.5
CLEAN-011210,EVS360-028,Saint Petersburg,2033-10-07T15:50,2033-10-08T06:15,2.5
CLEAN-011211,EVS360-010,Moscow,2033-10-07T16:10,2033-10-08T07:00,2.5
CLEAN-011212,EVS360-029,Saint Petersburg,2033-10-07T16:10,2033-10-08T06:30,2.5
CLEAN-011213,EVS360-011,Moscow,2033-10-07T16:50,2033-10-08T07:30,2.5
CLEAN-011214,EVS360-030,Saint Petersburg,2033-10-07T16:50,2033-10-08T07:00,2.5
CLEAN-011215,EVS360-012,Moscow,2033-10-07T17:20,2033-10-08T08:00,2.5
CLEAN-011216,EVS360-031,Saint Petersburg,2033-10-07T17:20,2033-10-08T07:15,2.5
CLEAN-011217,EVS360-013,Moscow,2033-10-07T18:10,2033-10-08T08:30,2.5
CLEAN-011218,EVS360-032,Saint Petersburg,2033-10-07T18:10,2033-10-08T07:30,2.5
CLEAN-011219,EVS360-014,Moscow,2033-10-07T18:50,2033-10-08T09:00,2.5
CLEAN-011220,EVS360-033,Saint Petersburg,2033-10-07T18:50,2033-10-08T08:00,2.5
CLEAN-011221,EVS360-015,Moscow,2033-10-07T19:20,2033-10-08T09:30,2.5
CLEAN-011222,EVS360-016,Moscow,2033-10-07T19:50,2033-10-08T10:00,2.5
CLEAN-011223,EVS360-034,Saint Petersburg,2033-10-07T19:50,2033-10-08T08:30,2.5
CLEAN-011224,EVS360-017,Moscow,2033-10-07T20:10,2033-10-08T10:15,2.5
CLEAN-011225,EVS360-035,Saint Petersburg,2033-10-07T20:10,2033-10-08T09:00,2.5
CLEAN-011226,EVS360-018,Moscow,2033-10-07T20:35,2033-10-08T10:30,2.5
CLEAN-011227,EVS360-036,Saint Petersburg,2033-10-07T20:35,2033-10-08T09:30,2.5
CLEAN-011228,EVS360-019,Moscow,2033-10-07T20:50,2033-10-08T11:00,2.5
CLEAN-011229,EVS360-037,Saint Petersburg,2033-10-07T20:50,2033-10-08T10:00,2.5
CLEAN-011230,EVS360-020,Moscow,2033-10-07T21:20,2033-10-08T11:30,2.5
CLEAN-011231,EVS360-038,Saint Petersburg,2033-10-07T21:20,2033-10-08T10:15,2.5
CLEAN-011232,EVS360-039,Saint Petersburg,2033-10-07T21:50,2033-10-08T10:30,2.5
CLEAN-011233,EVS360-001,Moscow,2033-10-09T15:20,2033-10-10T06:30,2.5
CLEAN-011234,EVS360-002,Moscow,2033-10-09T16:10,2033-10-10T07:00,2.5
CLEAN-011235,EVS360-021,Saint Petersburg,2033-10-09T16:10,2033-10-10T06:30,2.5
CLEAN-011236,EVS360-003,Moscow,2033-10-09T16:50,2033-10-10T07:30,2.5
CLEAN-011237,EVS360-022,Saint Petersburg,2033-10-09T16:50,2033-10-10T07:00,2.5
CLEAN-011238,EVS360-004,Moscow,2033-10-09T17:20,2033-10-10T08:00,2.5
CLEAN-011239,EVS360-023,Saint Petersburg,2033-10-09T17:20,2033-10-10T07:15,2.5
CLEAN-011240,EVS360-005,Moscow,2033-10-09T18:10,2033-10-10T08:30,2.5
CLEAN-011241,EVS360-024,Saint Petersburg,2033-10-09T18:10,2033-10-10T07:30,2.5
CLEAN-011242,EVS360-006,Moscow,2033-10-09T18:50,2033-10-10T09:00,2.5
CLEAN-011243,EVS360-025,Saint Petersburg,2033-10-09T18:50,2033-10-10T08:00,2.5
CLEAN-011244,EVS360-007,Moscow,2033-10-09T19:20,2033-10-10T09:30,2.5
CLEAN-011245,EVS360-008,Moscow,2033-10-09T19:50,2033-10-10T10:00,2.5
CLEAN-011246,EVS360-026,Saint Petersburg,2033-10-09T19:50,2033-10-10T08:30,2.5
CLEAN-011247,EVS360-009,Moscow,2033-10-09T20:10,2033-10-10T10:15,2.5
CLEAN-011248,EVS360-027,Saint Petersburg,2033-10-09T20:10,2033-10-10T09:00,2.5
CLEAN-011249,EVS360-010,Moscow,2033-10-09T20:35,2033-10-10T10:30,2.5
CLEAN-011250,EVS360-028,Saint Petersburg,2033-10-09T20:35,2033-10-10T09:30,2.5
CLEAN-011251,EVS360-011,Moscow,2033-10-09T20:50,2033-10-10T11:00,2.5
CLEAN-011252,EVS360-029,Saint Petersburg,2033-10-09T20:50,2033-10-10T10:00,2.5
CLEAN-011253,EVS360-012,Moscow,2033-10-09T21:20,2033-10-10T11:30,2.5
CLEAN-011254,EVS360-030,Saint Petersburg,2033-10-09T21:20,2033-10-10T10:15,2.5
CLEAN-011255,EVS360-013,Moscow,2033-10-09T21:50,2033-10-10T12:00,2.5
CLEAN-011256,EVS360-031,Saint Petersburg,2033-10-09T21:50,2033-10-10T10:30,2.5
CLEAN-011257,EVS360-014,Moscow,2033-10-09T22:10,2033-10-10T12:30,2.5
CLEAN-011258,EVS360-032,Saint Petersburg,2033-10-09T22:10,2033-10-10T11:00,2.5
CLEAN-011259,EVS360-033,Saint Petersburg,2033-10-09T22:35,2033-10-10T11:30,2.5
CLEAN-011260,EVS360-015,Moscow,2033-10-09T22:50,2033-10-10T13:00,2.5
CLEAN-011261,EVS360-034,Saint Petersburg,2033-10-09T22:50,2033-10-10T12:00,2.5
CLEAN-011262,EVS360-016,Moscow,2033-10-09T23:20,2033-10-10T13:30,2.5
CLEAN-011263,EVS360-035,Saint Petersburg,2033-10-09T23:20,2033-10-10T12:30,2.5
CLEAN-011264,EVS360-017,Moscow,2033-10-09T23:50,2033-10-10T14:00,2.5
CLEAN-011265,EVS360-036,Saint Petersburg,2033-10-09T23:50,2033-10-10T13:00,2.5
CLEAN-011266,EVS360-018,Moscow,2033-10-10T00:10,2033-10-10T14:30,2.5
CLEAN-011267,EVS360-037,Saint Petersburg,2033-10-10T00:10,2033-10-10T14:00,2.5
CLEAN-011268,EVS360-019,Moscow,2033-10-10T08:10,2033-10-10T15:00,2.5
CLEAN-011269,EVS360-038,Saint Petersburg,2033-10-10T08:10,2033-10-10T14:30,2.5
CLEAN-011270,EVS360-020,Moscow,2033-10-10T08:35,2033-10-10T16:00,2.5
CLEAN-011271,EVS360-039,Saint Petersburg,2033-10-10T08:35,2033-10-10T15:00,2.5
CLEAN-011272,EVS360-001,Moscow,2033-10-11T20:10,2033-10-12T10:15,2.5
CLEAN-011273,EVS360-002,Moscow,2033-10-11T20:35,2033-10-12T10:30,2.5
CLEAN-011274,EVS360-003,Moscow,2033-10-11T20:50,2033-10-12T11:00,2.5
CLEAN-011275,EVS360-021,Saint Petersburg,2033-10-11T20:50,2033-10-12T10:00,2.5
CLEAN-011276,EVS360-004,Moscow,2033-10-11T21:20,2033-10-12T11:30,2.5
CLEAN-011277,EVS360-022,Saint Petersburg,2033-10-11T21:20,2033-10-12T10:15,2.5
CLEAN-011278,EVS360-005,Moscow,2033-10-11T21:50,2033-10-12T12:00,2.5
CLEAN-011279,EVS360-023,Saint Petersburg,2033-10-11T21:50,2033-10-12T10:30,2.5
CLEAN-011280,EVS360-006,Moscow,2033-10-11T22:10,2033-10-12T12:30,2.5
CLEAN-011281,EVS360-024,Saint Petersburg,2033-10-11T22:10,2033-10-12T11:00,2.5
CLEAN-011282,EVS360-025,Saint Petersburg,2033-10-11T22:35,2033-10-12T11:30,2.5
CLEAN-011283,EVS360-007,Moscow,2033-10-11T22:50,2033-10-12T13:00,2.5
CLEAN-011284,EVS360-026,Saint Petersburg,2033-10-11T22:50,2033-10-12T12:00,2.5
CLEAN-011285,EVS360-008,Moscow,2033-10-11T23:20,2033-10-12T13:30,2.5
CLEAN-011286,EVS360-027,Saint Petersburg,2033-10-11T23:20,2033-10-12T12:30,2.5
CLEAN-011287,EVS360-009,Moscow,2033-10-11T23:50,2033-10-12T14:00,2.5
CLEAN-011288,EVS360-028,Saint Petersburg,2033-10-11T23:50,2033-10-12T13:00,2.5
CLEAN-011289,EVS360-010,Moscow,2033-10-12T00:10,2033-10-12T14:30,2.5
CLEAN-011290,EVS360-029,Saint Petersburg,2033-10-12T00:10,2033-10-12T14:00,2.5
CLEAN-011291,EVS360-011,Moscow,2033-10-12T08:10,2033-10-12T15:00,2.5
CLEAN-011292,EVS360-030,Saint Petersburg,2033-10-12T08:10,2033-10-12T14:30,2.5
CLEAN-011293,EVS360-012,Moscow,2033-10-12T08:35,2033-10-12T16:00,2.5
CLEAN-011294,EVS360-031,Saint Petersburg,2033-10-12T08:35,2033-10-12T15:00,2.5
CLEAN-011295,EVS360-013,Moscow,2033-10-12T08:50,2033-10-12T16:30,2.5
CLEAN-011296,EVS360-032,Saint Petersburg,2033-10-12T08:50,2033-10-12T16:00,2.5
CLEAN-011297,EVS360-014,Moscow,2033-10-12T09:20,2033-10-12T17:30,2.5
CLEAN-011298,EVS360-033,Saint Petersburg,2033-10-12T09:20,2033-10-12T16:30,2.5
CLEAN-011299,EVS360-015,Moscow,2033-10-12T09:35,2033-10-12T18:00,2.5
CLEAN-011300,EVS360-016,Moscow,2033-10-12T09:50,2033-10-12T18:15,2.5
CLEAN-011301,EVS360-034,Saint Petersburg,2033-10-12T09:50,2033-10-12T17:00,2.5
CLEAN-011302,EVS360-017,Moscow,2033-10-12T10:10,2033-10-12T18:30,2.5
CLEAN-011303,EVS360-035,Saint Petersburg,2033-10-12T10:10,2033-10-12T17:30,2.5
CLEAN-011304,EVS360-018,Moscow,2033-10-12T10:50,2033-10-12T19:00,2.5
CLEAN-011305,EVS360-036,Saint Petersburg,2033-10-12T10:50,2033-10-12T18:00,2.5
CLEAN-011306,EVS360-019,Moscow,2033-10-12T11:20,2033-10-12T19:30,2.5
CLEAN-011307,EVS360-037,Saint Petersburg,2033-10-12T11:20,2033-10-12T18:15,2.5
CLEAN-011308,EVS360-020,Moscow,2033-10-12T11:50,2033-10-12T20:00,2.5
CLEAN-011309,EVS360-038,Saint Petersburg,2033-10-12T11:50,2033-10-12T18:30,2.5
CLEAN-011310,EVS360-039,Saint Petersburg,2033-10-12T12:10,2033-10-12T19:00,2.5
CLEAN-011311,EVS360-001,Moscow,2033-10-13T23:50,2033-10-14T14:00,2.5
CLEAN-011312,EVS360-002,Moscow,2033-10-14T00:10,2033-10-14T14:30,2.5
CLEAN-011313,EVS360-021,Saint Petersburg,2033-10-14T00:10,2033-10-14T14:00,2.5
CLEAN-011314,EVS360-003,Moscow,2033-10-14T08:10,2033-10-14T15:00,2.5
CLEAN-011315,EVS360-022,Saint Petersburg,2033-10-14T08:10,2033-10-14T14:30,2.5
CLEAN-011316,EVS360-004,Moscow,2033-10-14T08:35,2033-10-14T16:00,2.5
CLEAN-011317,EVS360-023,Saint Petersburg,2033-10-14T08:35,2033-10-14T15:00,2.5
CLEAN-011318,EVS360-005,Moscow,2033-10-14T08:50,2033-10-14T16:30,2.5
CLEAN-011319,EVS360-024,Saint Petersburg,2033-10-14T08:50,2033-10-14T16:00,2.5
CLEAN-011320,EVS360-006,Moscow,2033-10-14T09:20,2033-10-14T17:30,2.5
CLEAN-011321,EVS360-025,Saint Petersburg,2033-10-14T09:20,2033-10-14T16:30,2.5
CLEAN-011322,EVS360-007,Moscow,2033-10-14T09:35,2033-10-14T18:00,2.5
CLEAN-011323,EVS360-008,Moscow,2033-10-14T09:50,2033-10-14T18:15,2.5
CLEAN-011324,EVS360-026,Saint Petersburg,2033-10-14T09:50,2033-10-14T17:00,2.5
CLEAN-011325,EVS360-009,Moscow,2033-10-14T10:10,2033-10-14T18:30,2.5
CLEAN-011326,EVS360-027,Saint Petersburg,2033-10-14T10:10,2033-10-14T17:30,2.5
CLEAN-011327,EVS360-010,Moscow,2033-10-14T10:50,2033-10-14T19:00,2.5
CLEAN-011328,EVS360-028,Saint Petersburg,2033-10-14T10:50,2033-10-14T18:00,2.5
CLEAN-011329,EVS360-011,Moscow,2033-10-14T11:20,2033-10-14T19:30,2.5
CLEAN-011330,EVS360-029,Saint Petersburg,2033-10-14T11:20,2033-10-14T18:15,2.5
CLEAN-011331,EVS360-012,Moscow,2033-10-14T11:50,2033-10-14T20:00,2.5
CLEAN-011332,EVS360-030,Saint Petersburg,2033-10-14T11:50,2033-10-14T18:30,2.5
CLEAN-011333,EVS360-013,Moscow,2033-10-14T12:10,2033-10-14T20:15,2.5
CLEAN-011334,EVS360-031,Saint Petersburg,2033-10-14T12:10,2033-10-14T19:00,2.5
CLEAN-011335,EVS360-014,Moscow,2033-10-14T12:35,2033-10-14T20:30,2.5
CLEAN-011336,EVS360-032,Saint Petersburg,2033-10-14T12:35,2033-10-14T19:30,2.5
CLEAN-011337,EVS360-015,Moscow,2033-10-14T12:50,2033-10-14T21:00,2.5
CLEAN-011338,EVS360-033,Saint Petersburg,2033-10-14T12:50,2033-10-14T20:00,2.5
CLEAN-011339,EVS360-016,Moscow,2033-10-14T13:20,2033-10-14T21:30,2.5
CLEAN-011340,EVS360-034,Saint Petersburg,2033-10-14T13:20,2033-10-14T20:30,2.5
CLEAN-011341,EVS360-017,Moscow,2033-10-14T13:50,2033-10-14T22:00,2.5
CLEAN-011342,EVS360-035,Saint Petersburg,2033-10-14T13:50,2033-10-14T21:00,2.5
CLEAN-011343,EVS360-018,Moscow,2033-10-14T14:10,2033-10-15T06:00,2.5
CLEAN-011344,EVS360-036,Saint Petersburg,2033-10-14T14:10,2033-10-14T21:30,2.5
CLEAN-011345,EVS360-019,Moscow,2033-10-14T14:50,2033-10-15T06:15,2.5
CLEAN-011346,EVS360-037,Saint Petersburg,2033-10-14T14:50,2033-10-14T22:00,2.5
CLEAN-011347,EVS360-020,Moscow,2033-10-14T15:20,2033-10-15T06:30,2.5
CLEAN-011348,EVS360-038,Saint Petersburg,2033-10-14T15:20,2033-10-15T06:00,2.5
CLEAN-011349,EVS360-039,Saint Petersburg,2033-10-14T15:50,2033-10-15T06:15,2.5
CLEAN-011350,EVS360-001,Moscow,2033-10-16T10:10,2033-10-16T18:30,2.5
CLEAN-011351,EVS360-002,Moscow,2033-10-16T10:50,2033-10-16T19:00,2.5
CLEAN-011352,EVS360-003,Moscow,2033-10-16T11:20,2033-10-16T19:30,2.5
CLEAN-011353,EVS360-021,Saint Petersburg,2033-10-16T11:20,2033-10-16T18:15,2.5
CLEAN-011354,EVS360-004,Moscow,2033-10-16T11:50,2033-10-16T20:00,2.5
CLEAN-011355,EVS360-022,Saint Petersburg,2033-10-16T11:50,2033-10-16T18:30,2.5
CLEAN-011356,EVS360-005,Moscow,2033-10-16T12:10,2033-10-16T20:15,2.5
CLEAN-011357,EVS360-023,Saint Petersburg,2033-10-16T12:10,2033-10-16T19:00,2.5
CLEAN-011358,EVS360-006,Moscow,2033-10-16T12:35,2033-10-16T20:30,2.5
CLEAN-011359,EVS360-024,Saint Petersburg,2033-10-16T12:35,2033-10-16T19:30,2.5
CLEAN-011360,EVS360-007,Moscow,2033-10-16T12:50,2033-10-16T21:00,2.5
CLEAN-011361,EVS360-025,Saint Petersburg,2033-10-16T12:50,2033-10-16T20:00,2.5
CLEAN-011362,EVS360-008,Moscow,2033-10-16T13:20,2033-10-16T21:30,2.5
CLEAN-011363,EVS360-026,Saint Petersburg,2033-10-16T13:20,2033-10-16T20:30,2.5
CLEAN-011364,EVS360-009,Moscow,2033-10-16T13:50,2033-10-16T22:00,2.5
CLEAN-011365,EVS360-027,Saint Petersburg,2033-10-16T13:50,2033-10-16T21:00,2.5
CLEAN-011366,EVS360-010,Moscow,2033-10-16T14:10,2033-10-17T06:00,2.5
CLEAN-011367,EVS360-028,Saint Petersburg,2033-10-16T14:10,2033-10-16T21:30,2.5
CLEAN-011368,EVS360-011,Moscow,2033-10-16T14:50,2033-10-17T06:15,2.5
CLEAN-011369,EVS360-029,Saint Petersburg,2033-10-16T14:50,2033-10-16T22:00,2.5
CLEAN-011370,EVS360-012,Moscow,2033-10-16T15:20,2033-10-17T06:30,2.5
CLEAN-011371,EVS360-030,Saint Petersburg,2033-10-16T15:20,2033-10-17T06:00,2.5
CLEAN-011372,EVS360-031,Saint Petersburg,2033-10-16T15:50,2033-10-17T06:15,2.5
CLEAN-011373,EVS360-013,Moscow,2033-10-16T16:10,2033-10-17T07:00,2.5
CLEAN-011374,EVS360-032,Saint Petersburg,2033-10-16T16:10,2033-10-17T06:30,2.5
CLEAN-011375,EVS360-014,Moscow,2033-10-16T16:50,2033-10-17T07:30,2.5
CLEAN-011376,EVS360-033,Saint Petersburg,2033-10-16T16:50,2033-10-17T07:00,2.5
CLEAN-011377,EVS360-015,Moscow,2033-10-16T17:20,2033-10-17T08:00,2.5
CLEAN-011378,EVS360-034,Saint Petersburg,2033-10-16T17:20,2033-10-17T07:15,2.5
CLEAN-011379,EVS360-016,Moscow,2033-10-16T18:10,2033-10-17T08:30,2.5
CLEAN-011380,EVS360-035,Saint Petersburg,2033-10-16T18:10,2033-10-17T07:30,2.5
CLEAN-011381,EVS360-017,Moscow,2033-10-16T18:50,2033-10-17T09:00,2.5
CLEAN-011382,EVS360-036,Saint Petersburg,2033-10-16T18:50,2033-10-17T08:00,2.5
CLEAN-011383,EVS360-018,Moscow,2033-10-16T19:20,2033-10-17T09:30,2.5
CLEAN-011384,EVS360-019,Moscow,2033-10-16T19:50,2033-10-17T10:00,2.5
CLEAN-011385,EVS360-037,Saint Petersburg,2033-10-16T19:50,2033-10-17T08:30,2.5
CLEAN-011386,EVS360-020,Moscow,2033-10-16T20:10,2033-10-17T10:15,2.5
CLEAN-011387,EVS360-038,Saint Petersburg,2033-10-16T20:10,2033-10-17T09:00,2.5
CLEAN-011388,EVS360-039,Saint Petersburg,2033-10-16T20:35,2033-10-17T09:30,2.5
CLEAN-011389,EVS360-001,Moscow,2033-10-18T13:50,2033-10-18T22:00,2.5
CLEAN-011390,EVS360-002,Moscow,2033-10-18T14:10,2033-10-19T06:00,2.5
CLEAN-011391,EVS360-003,Moscow,2033-10-18T14:50,2033-10-19T06:15,2.5
CLEAN-011392,EVS360-021,Saint Petersburg,2033-10-18T14:50,2033-10-18T22:00,2.5
CLEAN-011393,EVS360-004,Moscow,2033-10-18T15:20,2033-10-19T06:30,2.5
CLEAN-011394,EVS360-022,Saint Petersburg,2033-10-18T15:20,2033-10-19T06:00,2.5
CLEAN-011395,EVS360-023,Saint Petersburg,2033-10-18T15:50,2033-10-19T06:15,2.5
CLEAN-011396,EVS360-005,Moscow,2033-10-18T16:10,2033-10-19T07:00,2.5
CLEAN-011397,EVS360-024,Saint Petersburg,2033-10-18T16:10,2033-10-19T06:30,2.5
CLEAN-011398,EVS360-006,Moscow,2033-10-18T16:50,2033-10-19T07:30,2.5
CLEAN-011399,EVS360-025,Saint Petersburg,2033-10-18T16:50,2033-10-19T07:00,2.5
CLEAN-011400,EVS360-007,Moscow,2033-10-18T17:20,2033-10-19T08:00,2.5
CLEAN-011401,EVS360-026,Saint Petersburg,2033-10-18T17:20,2033-10-19T07:15,2.5
CLEAN-011402,EVS360-008,Moscow,2033-10-18T18:10,2033-10-19T08:30,2.5
CLEAN-011403,EVS360-027,Saint Petersburg,2033-10-18T18:10,2033-10-19T07:30,2.5
CLEAN-011404,EVS360-009,Moscow,2033-10-18T18:50,2033-10-19T09:00,2.5
CLEAN-011405,EVS360-028,Saint Petersburg,2033-10-18T18:50,2033-10-19T08:00,2.5
CLEAN-011406,EVS360-010,Moscow,2033-10-18T19:20,2033-10-19T09:30,2.5
CLEAN-011407,EVS360-011,Moscow,2033-10-18T19:50,2033-10-19T10:00,2.5
CLEAN-011408,EVS360-029,Saint Petersburg,2033-10-18T19:50,2033-10-19T08:30,2.5
CLEAN-011409,EVS360-012,Moscow,2033-10-18T20:10,2033-10-19T10:15,2.5
CLEAN-011410,EVS360-030,Saint Petersburg,2033-10-18T20:10,2033-10-19T09:00,2.5
CLEAN-011411,EVS360-013,Moscow,2033-10-18T20:35,2033-10-19T10:30,2.5
CLEAN-011412,EVS360-031,Saint Petersburg,2033-10-18T20:35,2033-10-19T09:30,2.5
CLEAN-011413,EVS360-014,Moscow,2033-10-18T20:50,2033-10-19T11:00,2.5
CLEAN-011414,EVS360-032,Saint Petersburg,2033-10-18T20:50,2033-10-19T10:00,2.5
CLEAN-011415,EVS360-015,Moscow,2033-10-18T21:20,2033-10-19T11:30,2.5
CLEAN-011416,EVS360-033,Saint Petersburg,2033-10-18T21:20,2033-10-19T10:15,2.5
CLEAN-011417,EVS360-016,Moscow,2033-10-18T21:50,2033-10-19T12:00,2.5
CLEAN-011418,EVS360-034,Saint Petersburg,2033-10-18T21:50,2033-10-19T10:30,2.5
CLEAN-011419,EVS360-017,Moscow,2033-10-18T22:10,2033-10-19T12:30,2.5
CLEAN-011420,EVS360-035,Saint Petersburg,2033-10-18T22:10,2033-10-19T11:00,2.5
CLEAN-011421,EVS360-036,Saint Petersburg,2033-10-18T22:35,2033-10-19T11:30,2.5
CLEAN-011422,EVS360-018,Moscow,2033-10-18T22:50,2033-10-19T13:00,2.5
CLEAN-011423,EVS360-037,Saint Petersburg,2033-10-18T22:50,2033-10-19T12:00,2.5
CLEAN-011424,EVS360-019,Moscow,2033-10-18T23:20,2033-10-19T13:30,2.5
CLEAN-011425,EVS360-038,Saint Petersburg,2033-10-18T23:20,2033-10-19T12:30,2.5
CLEAN-011426,EVS360-020,Moscow,2033-10-18T23:50,2033-10-19T14:00,2.5
CLEAN-011427,EVS360-039,Saint Petersburg,2033-10-18T23:50,2033-10-19T13:00,2.5
CLEAN-011428,EVS360-001,Moscow,2033-10-20T18:50,2033-10-21T09:00,2.5
CLEAN-011429,EVS360-002,Moscow,2033-10-20T19:20,2033-10-21T09:30,2.5
CLEAN-011430,EVS360-003,Moscow,2033-10-20T19:50,2033-10-21T10:00,2.5
CLEAN-011431,EVS360-021,Saint Petersburg,2033-10-20T19:50,2033-10-21T08:30,2.5
CLEAN-011432,EVS360-004,Moscow,2033-10-20T20:10,2033-10-21T10:15,2.5
CLEAN-011433,EVS360-022,Saint Petersburg,2033-10-20T20:10,2033-10-21T09:00,2.5
CLEAN-011434,EVS360-005,Moscow,2033-10-20T20:35,2033-10-21T10:30,2.5
CLEAN-011435,EVS360-023,Saint Petersburg,2033-10-20T20:35,2033-10-21T09:30,2.5
CLEAN-011436,EVS360-006,Moscow,2033-10-20T20:50,2033-10-21T11:00,2.5
CLEAN-011437,EVS360-024,Saint Petersburg,2033-10-20T20:50,2033-10-21T10:00,2.5
CLEAN-011438,EVS360-007,Moscow,2033-10-20T21:20,2033-10-21T11:30,2.5
CLEAN-011439,EVS360-025,Saint Petersburg,2033-10-20T21:20,2033-10-21T10:15,2.5
CLEAN-011440,EVS360-008,Moscow,2033-10-20T21:50,2033-10-21T12:00,2.5
CLEAN-011441,EVS360-026,Saint Petersburg,2033-10-20T21:50,2033-10-21T10:30,2.5
CLEAN-011442,EVS360-009,Moscow,2033-10-20T22:10,2033-10-21T12:30,2.5
CLEAN-011443,EVS360-027,Saint Petersburg,2033-10-20T22:10,2033-10-21T11:00,2.5
CLEAN-011444,EVS360-028,Saint Petersburg,2033-10-20T22:35,2033-10-21T11:30,2.5
CLEAN-011445,EVS360-010,Moscow,2033-10-20T22:50,2033-10-21T13:00,2.5
CLEAN-011446,EVS360-029,Saint Petersburg,2033-10-20T22:50,2033-10-21T12:00,2.5
CLEAN-011447,EVS360-011,Moscow,2033-10-20T23:20,2033-10-21T13:30,2.5
CLEAN-011448,EVS360-030,Saint Petersburg,2033-10-20T23:20,2033-10-21T12:30,2.5
CLEAN-011449,EVS360-012,Moscow,2033-10-20T23:50,2033-10-21T14:00,2.5
CLEAN-011450,EVS360-031,Saint Petersburg,2033-10-20T23:50,2033-10-21T13:00,2.5
CLEAN-011451,EVS360-013,Moscow,2033-10-21T00:10,2033-10-21T14:30,2.5
CLEAN-011452,EVS360-032,Saint Petersburg,2033-10-21T00:10,2033-10-21T14:00,2.5
CLEAN-011453,EVS360-014,Moscow,2033-10-21T08:10,2033-10-21T15:00,2.5
CLEAN-011454,EVS360-033,Saint Petersburg,2033-10-21T08:10,2033-10-21T14:30,2.5
CLEAN-011455,EVS360-015,Moscow,2033-10-21T08:35,2033-10-21T16:00,2.5
CLEAN-011456,EVS360-034,Saint Petersburg,2033-10-21T08:35,2033-10-21T15:00,2.5
CLEAN-011457,EVS360-016,Moscow,2033-10-21T08:50,2033-10-21T16:30,2.5
CLEAN-011458,EVS360-035,Saint Petersburg,2033-10-21T08:50,2033-10-21T16:00,2.5
CLEAN-011459,EVS360-017,Moscow,2033-10-21T09:20,2033-10-21T17:30,2.5
CLEAN-011460,EVS360-036,Saint Petersburg,2033-10-21T09:20,2033-10-21T16:30,2.5
CLEAN-011461,EVS360-018,Moscow,2033-10-21T09:35,2033-10-21T18:00,2.5
CLEAN-011462,EVS360-019,Moscow,2033-10-21T09:50,2033-10-21T18:15,2.5
CLEAN-011463,EVS360-037,Saint Petersburg,2033-10-21T09:50,2033-10-21T17:00,2.5
CLEAN-011464,EVS360-020,Moscow,2033-10-21T10:10,2033-10-21T18:30,2.5
CLEAN-011465,EVS360-038,Saint Petersburg,2033-10-21T10:10,2033-10-21T17:30,2.5
CLEAN-011466,EVS360-039,Saint Petersburg,2033-10-21T10:50,2033-10-21T18:00,2.5
CLEAN-011467,EVS360-001,Moscow,2033-10-22T22:10,2033-10-23T12:30,2.5
CLEAN-011468,EVS360-002,Moscow,2033-10-22T22:50,2033-10-23T13:00,2.5
CLEAN-011469,EVS360-021,Saint Petersburg,2033-10-22T22:50,2033-10-23T12:00,2.5
CLEAN-011470,EVS360-003,Moscow,2033-10-22T23:20,2033-10-23T13:30,2.5
CLEAN-011471,EVS360-022,Saint Petersburg,2033-10-22T23:20,2033-10-23T12:30,2.5
CLEAN-011472,EVS360-004,Moscow,2033-10-22T23:50,2033-10-23T14:00,2.5
CLEAN-011473,EVS360-023,Saint Petersburg,2033-10-22T23:50,2033-10-23T13:00,2.5
CLEAN-011474,EVS360-005,Moscow,2033-10-23T00:10,2033-10-23T14:30,2.5
CLEAN-011475,EVS360-024,Saint Petersburg,2033-10-23T00:10,2033-10-23T14:00,2.5
CLEAN-011476,EVS360-006,Moscow,2033-10-23T08:10,2033-10-23T15:00,2.5
CLEAN-011477,EVS360-025,Saint Petersburg,2033-10-23T08:10,2033-10-23T14:30,2.5
CLEAN-011478,EVS360-007,Moscow,2033-10-23T08:35,2033-10-23T16:00,2.5
CLEAN-011479,EVS360-026,Saint Petersburg,2033-10-23T08:35,2033-10-23T15:00,2.5
CLEAN-011480,EVS360-008,Moscow,2033-10-23T08:50,2033-10-23T16:30,2.5
CLEAN-011481,EVS360-027,Saint Petersburg,2033-10-23T08:50,2033-10-23T16:00,2.5
CLEAN-011482,EVS360-009,Moscow,2033-10-23T09:20,2033-10-23T17:30,2.5
CLEAN-011483,EVS360-028,Saint Petersburg,2033-10-23T09:20,2033-10-23T16:30,2.5
CLEAN-011484,EVS360-010,Moscow,2033-10-23T09:35,2033-10-23T18:00,2.5
CLEAN-011485,EVS360-011,Moscow,2033-10-23T09:50,2033-10-23T18:15,2.5
CLEAN-011486,EVS360-029,Saint Petersburg,2033-10-23T09:50,2033-10-23T17:00,2.5
CLEAN-011487,EVS360-012,Moscow,2033-10-23T10:10,2033-10-23T18:30,2.5
CLEAN-011488,EVS360-030,Saint Petersburg,2033-10-23T10:10,2033-10-23T17:30,2.5
CLEAN-011489,EVS360-013,Moscow,2033-10-23T10:50,2033-10-23T19:00,2.5
CLEAN-011490,EVS360-031,Saint Petersburg,2033-10-23T10:50,2033-10-23T18:00,2.5
CLEAN-011491,EVS360-014,Moscow,2033-10-23T11:20,2033-10-23T19:30,2.5
CLEAN-011492,EVS360-032,Saint Petersburg,2033-10-23T11:20,2033-10-23T18:15,2.5
CLEAN-011493,EVS360-015,Moscow,2033-10-23T11:50,2033-10-23T20:00,2.5
CLEAN-011494,EVS360-033,Saint Petersburg,2033-10-23T11:50,2033-10-23T18:30,2.5
CLEAN-011495,EVS360-016,Moscow,2033-10-23T12:10,2033-10-23T20:15,2.5
CLEAN-011496,EVS360-034,Saint Petersburg,2033-10-23T12:10,2033-10-23T19:00,2.5
CLEAN-011497,EVS360-017,Moscow,2033-10-23T12:35,2033-10-23T20:30,2.5
CLEAN-011498,EVS360-035,Saint Petersburg,2033-10-23T12:35,2033-10-23T19:30,2.5
CLEAN-011499,EVS360-018,Moscow,2033-10-23T12:50,2033-10-23T21:00,2.5
CLEAN-011500,EVS360-036,Saint Petersburg,2033-10-23T12:50,2033-10-23T20:00,2.5
CLEAN-011501,EVS360-019,Moscow,2033-10-23T13:20,2033-10-23T21:30,2.5
CLEAN-011502,EVS360-037,Saint Petersburg,2033-10-23T13:20,2033-10-23T20:30,2.5
CLEAN-011503,EVS360-020,Moscow,2033-10-23T13:50,2033-10-23T22:00,2.5
CLEAN-011504,EVS360-038,Saint Petersburg,2033-10-23T13:50,2033-10-23T21:00,2.5
CLEAN-011505,EVS360-039,Saint Petersburg,2033-10-23T14:10,2033-10-23T21:30,2.5
CLEAN-011506,EVS360-001,Moscow,2033-10-25T09:20,2033-10-25T17:30,2.5
CLEAN-011507,EVS360-002,Moscow,2033-10-25T09:35,2033-10-25T18:00,2.5
CLEAN-011508,EVS360-003,Moscow,2033-10-25T09:50,2033-10-25T18:15,2.5
CLEAN-011509,EVS360-021,Saint Petersburg,2033-10-25T09:50,2033-10-25T17:00,2.5
CLEAN-011510,EVS360-004,Moscow,2033-10-25T10:10,2033-10-25T18:30,2.5
CLEAN-011511,EVS360-022,Saint Petersburg,2033-10-25T10:10,2033-10-25T17:30,2.5
CLEAN-011512,EVS360-005,Moscow,2033-10-25T10:50,2033-10-25T19:00,2.5
CLEAN-011513,EVS360-023,Saint Petersburg,2033-10-25T10:50,2033-10-25T18:00,2.5
CLEAN-011514,EVS360-006,Moscow,2033-10-25T11:20,2033-10-25T19:30,2.5
CLEAN-011515,EVS360-024,Saint Petersburg,2033-10-25T11:20,2033-10-25T18:15,2.5
CLEAN-011516,EVS360-007,Moscow,2033-10-25T11:50,2033-10-25T20:00,2.5
CLEAN-011517,EVS360-025,Saint Petersburg,2033-10-25T11:50,2033-10-25T18:30,2.5
CLEAN-011518,EVS360-008,Moscow,2033-10-25T12:10,2033-10-25T20:15,2.5
CLEAN-011519,EVS360-026,Saint Petersburg,2033-10-25T12:10,2033-10-25T19:00,2.5
CLEAN-011520,EVS360-009,Moscow,2033-10-25T12:35,2033-10-25T20:30,2.5
CLEAN-011521,EVS360-027,Saint Petersburg,2033-10-25T12:35,2033-10-25T19:30,2.5
CLEAN-011522,EVS360-010,Moscow,2033-10-25T12:50,2033-10-25T21:00,2.5
CLEAN-011523,EVS360-028,Saint Petersburg,2033-10-25T12:50,2033-10-25T20:00,2.5
CLEAN-011524,EVS360-011,Moscow,2033-10-25T13:20,2033-10-25T21:30,2.5
CLEAN-011525,EVS360-029,Saint Petersburg,2033-10-25T13:20,2033-10-25T20:30,2.5
CLEAN-011526,EVS360-012,Moscow,2033-10-25T13:50,2033-10-25T22:00,2.5
CLEAN-011527,EVS360-030,Saint Petersburg,2033-10-25T13:50,2033-10-25T21:00,2.5
CLEAN-011528,EVS360-013,Moscow,2033-10-25T14:10,2033-10-26T06:00,2.5
CLEAN-011529,EVS360-031,Saint Petersburg,2033-10-25T14:10,2033-10-25T21:30,2.5
CLEAN-011530,EVS360-014,Moscow,2033-10-25T14:50,2033-10-26T06:15,2.5
CLEAN-011531,EVS360-032,Saint Petersburg,2033-10-25T14:50,2033-10-25T22:00,2.5
CLEAN-011532,EVS360-015,Moscow,2033-10-25T15:20,2033-10-26T06:30,2.5
CLEAN-011533,EVS360-033,Saint Petersburg,2033-10-25T15:20,2033-10-26T06:00,2.5
CLEAN-011534,EVS360-034,Saint Petersburg,2033-10-25T15:50,2033-10-26T06:15,2.5
CLEAN-011535,EVS360-016,Moscow,2033-10-25T16:10,2033-10-26T07:00,2.5
CLEAN-011536,EVS360-035,Saint Petersburg,2033-10-25T16:10,2033-10-26T06:30,2.5
CLEAN-011537,EVS360-017,Moscow,2033-10-25T16:50,2033-10-26T07:30,2.5
CLEAN-011538,EVS360-036,Saint Petersburg,2033-10-25T16:50,2033-10-26T07:00,2.5
CLEAN-011539,EVS360-018,Moscow,2033-10-25T17:20,2033-10-26T08:00,2.5
CLEAN-011540,EVS360-037,Saint Petersburg,2033-10-25T17:20,2033-10-26T07:15,2.5
CLEAN-011541,EVS360-019,Moscow,2033-10-25T18:10,2033-10-26T08:30,2.5
CLEAN-011542,EVS360-038,Saint Petersburg,2033-10-25T18:10,2033-10-26T07:30,2.5
CLEAN-011543,EVS360-020,Moscow,2033-10-25T18:50,2033-10-26T09:00,2.5
CLEAN-011544,EVS360-039,Saint Petersburg,2033-10-25T18:50,2033-10-26T08:00,2.5
CLEAN-011545,EVS360-001,Moscow,2033-10-27T12:35,2033-10-27T20:30,2.5
CLEAN-011546,EVS360-002,Moscow,2033-10-27T12:50,2033-10-27T21:00,2.5
CLEAN-011547,EVS360-003,Moscow,2033-10-27T13:20,2033-10-27T21:30,2.5
CLEAN-011548,EVS360-021,Saint Petersburg,2033-10-27T13:20,2033-10-27T20:30,2.5
CLEAN-011549,EVS360-004,Moscow,2033-10-27T13:50,2033-10-27T22:00,2.5
CLEAN-011550,EVS360-022,Saint Petersburg,2033-10-27T13:50,2033-10-27T21:00,2.5
CLEAN-011551,EVS360-005,Moscow,2033-10-27T14:10,2033-10-28T06:00,2.5
CLEAN-011552,EVS360-023,Saint Petersburg,2033-10-27T14:10,2033-10-27T21:30,2.5
CLEAN-011553,EVS360-006,Moscow,2033-10-27T14:50,2033-10-28T06:15,2.5
CLEAN-011554,EVS360-024,Saint Petersburg,2033-10-27T14:50,2033-10-27T22:00,2.5
CLEAN-011555,EVS360-007,Moscow,2033-10-27T15:20,2033-10-28T06:30,2.5
CLEAN-011556,EVS360-025,Saint Petersburg,2033-10-27T15:20,2033-10-28T06:00,2.5
CLEAN-011557,EVS360-026,Saint Petersburg,2033-10-27T15:50,2033-10-28T06:15,2.5
CLEAN-011558,EVS360-008,Moscow,2033-10-27T16:10,2033-10-28T07:00,2.5
CLEAN-011559,EVS360-027,Saint Petersburg,2033-10-27T16:10,2033-10-28T06:30,2.5
CLEAN-011560,EVS360-009,Moscow,2033-10-27T16:50,2033-10-28T07:30,2.5
CLEAN-011561,EVS360-028,Saint Petersburg,2033-10-27T16:50,2033-10-28T07:00,2.5
CLEAN-011562,EVS360-010,Moscow,2033-10-27T17:20,2033-10-28T08:00,2.5
CLEAN-011563,EVS360-029,Saint Petersburg,2033-10-27T17:20,2033-10-28T07:15,2.5
CLEAN-011564,EVS360-011,Moscow,2033-10-27T18:10,2033-10-28T08:30,2.5
CLEAN-011565,EVS360-030,Saint Petersburg,2033-10-27T18:10,2033-10-28T07:30,2.5
CLEAN-011566,EVS360-012,Moscow,2033-10-27T18:50,2033-10-28T09:00,2.5
CLEAN-011567,EVS360-031,Saint Petersburg,2033-10-27T18:50,2033-10-28T08:00,2.5
CLEAN-011568,EVS360-013,Moscow,2033-10-27T19:20,2033-10-28T09:30,2.5
CLEAN-011569,EVS360-014,Moscow,2033-10-27T19:50,2033-10-28T10:00,2.5
CLEAN-011570,EVS360-032,Saint Petersburg,2033-10-27T19:50,2033-10-28T08:30,2.5
CLEAN-011571,EVS360-015,Moscow,2033-10-27T20:10,2033-10-28T10:15,2.5
CLEAN-011572,EVS360-033,Saint Petersburg,2033-10-27T20:10,2033-10-28T09:00,2.5
CLEAN-011573,EVS360-016,Moscow,2033-10-27T20:35,2033-10-28T10:30,2.5
CLEAN-011574,EVS360-034,Saint Petersburg,2033-10-27T20:35,2033-10-28T09:30,2.5
CLEAN-011575,EVS360-017,Moscow,2033-10-27T20:50,2033-10-28T11:00,2.5
CLEAN-011576,EVS360-035,Saint Petersburg,2033-10-27T20:50,2033-10-28T10:00,2.5
CLEAN-011577,EVS360-018,Moscow,2033-10-27T21:20,2033-10-28T11:30,2.5
CLEAN-011578,EVS360-036,Saint Petersburg,2033-10-27T21:20,2033-10-28T10:15,2.5
CLEAN-011579,EVS360-019,Moscow,2033-10-27T21:50,2033-10-28T12:00,2.5
CLEAN-011580,EVS360-037,Saint Petersburg,2033-10-27T21:50,2033-10-28T10:30,2.5
CLEAN-011581,EVS360-020,Moscow,2033-10-27T22:10,2033-10-28T12:30,2.5
CLEAN-011582,EVS360-038,Saint Petersburg,2033-10-27T22:10,2033-10-28T11:00,2.5
CLEAN-011583,EVS360-039,Saint Petersburg,2033-10-27T22:35,2033-10-28T11:30,2.5
CLEAN-011584,EVS360-001,Moscow,2033-10-29T16:50,2033-10-30T07:30,2.5
CLEAN-011585,EVS360-002,Moscow,2033-10-29T17:20,2033-10-30T08:00,2.5
CLEAN-011586,EVS360-021,Saint Petersburg,2033-10-29T17:20,2033-10-30T07:15,2.5
CLEAN-011587,EVS360-003,Moscow,2033-10-29T18:10,2033-10-30T08:30,2.5
CLEAN-011588,EVS360-022,Saint Petersburg,2033-10-29T18:10,2033-10-30T07:30,2.5
CLEAN-011589,EVS360-004,Moscow,2033-10-29T18:50,2033-10-30T09:00,2.5
CLEAN-011590,EVS360-023,Saint Petersburg,2033-10-29T18:50,2033-10-30T08:00,2.5
CLEAN-011591,EVS360-005,Moscow,2033-10-29T19:20,2033-10-30T09:30,2.5
CLEAN-011592,EVS360-006,Moscow,2033-10-29T19:50,2033-10-30T10:00,2.5
CLEAN-011593,EVS360-024,Saint Petersburg,2033-10-29T19:50,2033-10-30T08:30,2.5
CLEAN-011594,EVS360-007,Moscow,2033-10-29T20:10,2033-10-30T10:15,2.5
CLEAN-011595,EVS360-025,Saint Petersburg,2033-10-29T20:10,2033-10-30T09:00,2.5
CLEAN-011596,EVS360-008,Moscow,2033-10-29T20:35,2033-10-30T10:30,2.5
CLEAN-011597,EVS360-026,Saint Petersburg,2033-10-29T20:35,2033-10-30T09:30,2.5
CLEAN-011598,EVS360-009,Moscow,2033-10-29T20:50,2033-10-30T11:00,2.5
CLEAN-011599,EVS360-027,Saint Petersburg,2033-10-29T20:50,2033-10-30T10:00,2.5
CLEAN-011600,EVS360-010,Moscow,2033-10-29T21:20,2033-10-30T11:30,2.5
CLEAN-011601,EVS360-028,Saint Petersburg,2033-10-29T21:20,2033-10-30T10:15,2.5
CLEAN-011602,EVS360-011,Moscow,2033-10-29T21:50,2033-10-30T12:00,2.5
CLEAN-011603,EVS360-029,Saint Petersburg,2033-10-29T21:50,2033-10-30T10:30,2.5
CLEAN-011604,EVS360-012,Moscow,2033-10-29T22:10,2033-10-30T12:30,2.5
CLEAN-011605,EVS360-030,Saint Petersburg,2033-10-29T22:10,2033-10-30T11:00,2.5
CLEAN-011606,EVS360-031,Saint Petersburg,2033-10-29T22:35,2033-10-30T11:30,2.5
CLEAN-011607,EVS360-013,Moscow,2033-10-29T22:50,2033-10-30T13:00,2.5
CLEAN-011608,EVS360-032,Saint Petersburg,2033-10-29T22:50,2033-10-30T12:00,2.5
CLEAN-011609,EVS360-014,Moscow,2033-10-29T23:20,2033-10-30T13:30,2.5
CLEAN-011610,EVS360-033,Saint Petersburg,2033-10-29T23:20,2033-10-30T12:30,2.5
CLEAN-011611,EVS360-015,Moscow,2033-10-29T23:50,2033-10-30T14:00,2.5
CLEAN-011612,EVS360-034,Saint Petersburg,2033-10-29T23:50,2033-10-30T13:00,2.5
CLEAN-011613,EVS360-016,Moscow,2033-10-30T00:10,2033-10-30T14:30,2.5
CLEAN-011614,EVS360-035,Saint Petersburg,2033-10-30T00:10,2033-10-30T14:00,2.5
CLEAN-011615,EVS360-017,Moscow,2033-10-30T08:10,2033-10-30T15:00,2.5
CLEAN-011616,EVS360-036,Saint Petersburg,2033-10-30T08:10,2033-10-30T14:30,2.5
CLEAN-011617,EVS360-018,Moscow,2033-10-30T08:35,2033-10-30T16:00,2.5
CLEAN-011618,EVS360-037,Saint Petersburg,2033-10-30T08:35,2033-10-30T15:00,2.5
CLEAN-011619,EVS360-019,Moscow,2033-10-30T08:50,2033-10-30T16:30,2.5
CLEAN-011620,EVS360-038,Saint Petersburg,2033-10-30T08:50,2033-10-30T16:00,2.5
CLEAN-011621,EVS360-020,Moscow,2033-10-30T09:20,2033-10-30T17:30,2.5
CLEAN-011622,EVS360-039,Saint Petersburg,2033-10-30T09:20,2033-10-30T16:30,2.5
CLEAN-011623,EVS360-001,Moscow,2033-10-31T20:50,2033-11-01T11:00,2.5
CLEAN-011624,EVS360-002,Moscow,2033-10-31T21:20,2033-11-01T11:30,2.5
CLEAN-011625,EVS360-003,Moscow,2033-10-31T21:50,2033-11-01T12:00,2.5
CLEAN-011626,EVS360-021,Saint Petersburg,2033-10-31T21:50,2033-11-01T10:30,2.5
CLEAN-011627,EVS360-004,Moscow,2033-10-31T22:10,2033-11-01T12:30,2.5
CLEAN-011628,EVS360-022,Saint Petersburg,2033-10-31T22:10,2033-11-01T11:00,2.5
CLEAN-011629,EVS360-023,Saint Petersburg,2033-10-31T22:35,2033-11-01T11:30,2.5
CLEAN-011630,EVS360-005,Moscow,2033-10-31T22:50,2033-11-01T13:00,2.5
CLEAN-011631,EVS360-024,Saint Petersburg,2033-10-31T22:50,2033-11-01T12:00,2.5
CLEAN-011632,EVS360-006,Moscow,2033-10-31T23:20,2033-11-01T13:30,2.5
CLEAN-011633,EVS360-025,Saint Petersburg,2033-10-31T23:20,2033-11-01T12:30,2.5
CLEAN-011634,EVS360-007,Moscow,2033-10-31T23:50,2033-11-01T14:00,2.5
CLEAN-011635,EVS360-026,Saint Petersburg,2033-10-31T23:50,2033-11-01T13:00,2.5
CLEAN-011636,EVS360-008,Moscow,2033-11-01T00:10,2033-11-01T14:30,2.5
CLEAN-011637,EVS360-027,Saint Petersburg,2033-11-01T00:10,2033-11-01T14:00,2.5
CLEAN-011638,EVS360-009,Moscow,2033-11-01T08:10,2033-11-01T15:00,2.5
CLEAN-011639,EVS360-028,Saint Petersburg,2033-11-01T08:10,2033-11-01T14:30,2.5
CLEAN-011640,EVS360-010,Moscow,2033-11-01T08:35,2033-11-01T16:00,2.5
CLEAN-011641,EVS360-029,Saint Petersburg,2033-11-01T08:35,2033-11-01T15:00,2.5
CLEAN-011642,EVS360-011,Moscow,2033-11-01T08:50,2033-11-01T16:30,2.5
CLEAN-011643,EVS360-030,Saint Petersburg,2033-11-01T08:50,2033-11-01T16:00,2.5
CLEAN-011644,EVS360-012,Moscow,2033-11-01T09:20,2033-11-01T17:30,2.5
CLEAN-011645,EVS360-031,Saint Petersburg,2033-11-01T09:20,2033-11-01T16:30,2.5
CLEAN-011646,EVS360-013,Moscow,2033-11-01T09:35,2033-11-01T18:00,2.5
CLEAN-011647,EVS360-014,Moscow,2033-11-01T09:50,2033-11-01T18:15,2.5
CLEAN-011648,EVS360-032,Saint Petersburg,2033-11-01T09:50,2033-11-01T17:00,2.5
CLEAN-011649,EVS360-015,Moscow,2033-11-01T10:10,2033-11-01T18:30,2.5
CLEAN-011650,EVS360-033,Saint Petersburg,2033-11-01T10:10,2033-11-01T17:30,2.5
CLEAN-011651,EVS360-016,Moscow,2033-11-01T10:50,2033-11-01T19:00,2.5
CLEAN-011652,EVS360-034,Saint Petersburg,2033-11-01T10:50,2033-11-01T18:00,2.5
CLEAN-011653,EVS360-017,Moscow,2033-11-01T11:20,2033-11-01T19:30,2.5
CLEAN-011654,EVS360-035,Saint Petersburg,2033-11-01T11:20,2033-11-01T18:15,2.5
CLEAN-011655,EVS360-018,Moscow,2033-11-01T11:50,2033-11-01T20:00,2.5
CLEAN-011656,EVS360-036,Saint Petersburg,2033-11-01T11:50,2033-11-01T18:30,2.5
CLEAN-011657,EVS360-019,Moscow,2033-11-01T12:10,2033-11-01T20:15,2.5
CLEAN-011658,EVS360-037,Saint Petersburg,2033-11-01T12:10,2033-11-01T19:00,2.5
CLEAN-011659,EVS360-020,Moscow,2033-11-01T12:35,2033-11-01T20:30,2.5
CLEAN-011660,EVS360-038,Saint Petersburg,2033-11-01T12:35,2033-11-01T19:30,2.5
CLEAN-011661,EVS360-039,Saint Petersburg,2033-11-01T12:50,2033-11-01T20:00,2.5
CLEAN-011662,EVS360-001,Moscow,2033-11-03T08:10,2033-11-03T15:00,2.5
CLEAN-011663,EVS360-002,Moscow,2033-11-03T08:35,2033-11-03T16:00,2.5
CLEAN-011664,EVS360-021,Saint Petersburg,2033-11-03T08:35,2033-11-03T15:00,2.5
CLEAN-011665,EVS360-003,Moscow,2033-11-03T08:50,2033-11-03T16:30,2.5
CLEAN-011666,EVS360-022,Saint Petersburg,2033-11-03T08:50,2033-11-03T16:00,2.5
CLEAN-011667,EVS360-004,Moscow,2033-11-03T09:20,2033-11-03T17:30,2.5
CLEAN-011668,EVS360-023,Saint Petersburg,2033-11-03T09:20,2033-11-03T16:30,2.5
CLEAN-011669,EVS360-005,Moscow,2033-11-03T09:35,2033-11-03T18:00,2.5
CLEAN-011670,EVS360-006,Moscow,2033-11-03T09:50,2033-11-03T18:15,2.5
CLEAN-011671,EVS360-024,Saint Petersburg,2033-11-03T09:50,2033-11-03T17:00,2.5
CLEAN-011672,EVS360-007,Moscow,2033-11-03T10:10,2033-11-03T18:30,2.5
CLEAN-011673,EVS360-025,Saint Petersburg,2033-11-03T10:10,2033-11-03T17:30,2.5
CLEAN-011674,EVS360-008,Moscow,2033-11-03T10:50,2033-11-03T19:00,2.5
CLEAN-011675,EVS360-026,Saint Petersburg,2033-11-03T10:50,2033-11-03T18:00,2.5
CLEAN-011676,EVS360-009,Moscow,2033-11-03T11:20,2033-11-03T19:30,2.5
CLEAN-011677,EVS360-027,Saint Petersburg,2033-11-03T11:20,2033-11-03T18:15,2.5
CLEAN-011678,EVS360-010,Moscow,2033-11-03T11:50,2033-11-03T20:00,2.5
CLEAN-011679,EVS360-028,Saint Petersburg,2033-11-03T11:50,2033-11-03T18:30,2.5
CLEAN-011680,EVS360-011,Moscow,2033-11-03T12:10,2033-11-03T20:15,2.5
CLEAN-011681,EVS360-029,Saint Petersburg,2033-11-03T12:10,2033-11-03T19:00,2.5
CLEAN-011682,EVS360-012,Moscow,2033-11-03T12:35,2033-11-03T20:30,2.5
CLEAN-011683,EVS360-030,Saint Petersburg,2033-11-03T12:35,2033-11-03T19:30,2.5
CLEAN-011684,EVS360-013,Moscow,2033-11-03T12:50,2033-11-03T21:00,2.5
CLEAN-011685,EVS360-031,Saint Petersburg,2033-11-03T12:50,2033-11-03T20:00,2.5
CLEAN-011686,EVS360-014,Moscow,2033-11-03T13:20,2033-11-03T21:30,2.5
CLEAN-011687,EVS360-032,Saint Petersburg,2033-11-03T13:20,2033-11-03T20:30,2.5
CLEAN-011688,EVS360-015,Moscow,2033-11-03T13:50,2033-11-03T22:00,2.5
CLEAN-011689,EVS360-033,Saint Petersburg,2033-11-03T13:50,2033-11-03T21:00,2.5
CLEAN-011690,EVS360-016,Moscow,2033-11-03T14:10,2033-11-04T06:00,2.5
CLEAN-011691,EVS360-034,Saint Petersburg,2033-11-03T14:10,2033-11-03T21:30,2.5
CLEAN-011692,EVS360-017,Moscow,2033-11-03T14:50,2033-11-04T06:15,2.5
CLEAN-011693,EVS360-035,Saint Petersburg,2033-11-03T14:50,2033-11-03T22:00,2.5
CLEAN-011694,EVS360-018,Moscow,2033-11-03T15:20,2033-11-04T06:30,2.5
CLEAN-011695,EVS360-036,Saint Petersburg,2033-11-03T15:20,2033-11-04T06:00,2.5
CLEAN-011696,EVS360-037,Saint Petersburg,2033-11-03T15:50,2033-11-04T06:15,2.5
CLEAN-011697,EVS360-019,Moscow,2033-11-03T16:10,2033-11-04T07:00,2.5
CLEAN-011698,EVS360-038,Saint Petersburg,2033-11-03T16:10,2033-11-04T06:30,2.5
CLEAN-011699,EVS360-020,Moscow,2033-11-03T16:50,2033-11-04T07:30,2.5
CLEAN-011700,EVS360-039,Saint Petersburg,2033-11-03T16:50,2033-11-04T07:00,2.5
CLEAN-011701,EVS360-001,Moscow,2033-11-05T11:20,2033-11-05T19:30,2.5
CLEAN-011702,EVS360-002,Moscow,2033-11-05T11:50,2033-11-05T20:00,2.5
CLEAN-011703,EVS360-003,Moscow,2033-11-05T12:10,2033-11-05T20:15,2.5
CLEAN-011704,EVS360-021,Saint Petersburg,2033-11-05T12:10,2033-11-05T19:00,2.5
CLEAN-011705,EVS360-004,Moscow,2033-11-05T12:35,2033-11-05T20:30,2.5
CLEAN-011706,EVS360-022,Saint Petersburg,2033-11-05T12:35,2033-11-05T19:30,2.5
CLEAN-011707,EVS360-005,Moscow,2033-11-05T12:50,2033-11-05T21:00,2.5
CLEAN-011708,EVS360-023,Saint Petersburg,2033-11-05T12:50,2033-11-05T20:00,2.5
CLEAN-011709,EVS360-006,Moscow,2033-11-05T13:20,2033-11-05T21:30,2.5
CLEAN-011710,EVS360-024,Saint Petersburg,2033-11-05T13:20,2033-11-05T20:30,2.5
CLEAN-011711,EVS360-007,Moscow,2033-11-05T13:50,2033-11-05T22:00,2.5
CLEAN-011712,EVS360-025,Saint Petersburg,2033-11-05T13:50,2033-11-05T21:00,2.5
CLEAN-011713,EVS360-008,Moscow,2033-11-05T14:10,2033-11-06T06:00,2.5
CLEAN-011714,EVS360-026,Saint Petersburg,2033-11-05T14:10,2033-11-05T21:30,2.5
CLEAN-011715,EVS360-009,Moscow,2033-11-05T14:50,2033-11-06T06:15,2.5
CLEAN-011716,EVS360-027,Saint Petersburg,2033-11-05T14:50,2033-11-05T22:00,2.5
CLEAN-011717,EVS360-010,Moscow,2033-11-05T15:20,2033-11-06T06:30,2.5
CLEAN-011718,EVS360-028,Saint Petersburg,2033-11-05T15:20,2033-11-06T06:00,2.5
CLEAN-011719,EVS360-029,Saint Petersburg,2033-11-05T15:50,2033-11-06T06:15,2.5
CLEAN-011720,EVS360-011,Moscow,2033-11-05T16:10,2033-11-06T07:00,2.5
CLEAN-011721,EVS360-030,Saint Petersburg,2033-11-05T16:10,2033-11-06T06:30,2.5
CLEAN-011722,EVS360-012,Moscow,2033-11-05T16:50,2033-11-06T07:30,2.5
CLEAN-011723,EVS360-031,Saint Petersburg,2033-11-05T16:50,2033-11-06T07:00,2.5
CLEAN-011724,EVS360-013,Moscow,2033-11-05T17:20,2033-11-06T08:00,2.5
CLEAN-011725,EVS360-032,Saint Petersburg,2033-11-05T17:20,2033-11-06T07:15,2.5
CLEAN-011726,EVS360-014,Moscow,2033-11-05T18:10,2033-11-06T08:30,2.5
CLEAN-011727,EVS360-033,Saint Petersburg,2033-11-05T18:10,2033-11-06T07:30,2.5
CLEAN-011728,EVS360-015,Moscow,2033-11-05T18:50,2033-11-06T09:00,2.5
CLEAN-011729,EVS360-034,Saint Petersburg,2033-11-05T18:50,2033-11-06T08:00,2.5
CLEAN-011730,EVS360-016,Moscow,2033-11-05T19:20,2033-11-06T09:30,2.5
CLEAN-011731,EVS360-017,Moscow,2033-11-05T19:50,2033-11-06T10:00,2.5
CLEAN-011732,EVS360-035,Saint Petersburg,2033-11-05T19:50,2033-11-06T08:30,2.5
CLEAN-011733,EVS360-018,Moscow,2033-11-05T20:10,2033-11-06T10:15,2.5
CLEAN-011734,EVS360-036,Saint Petersburg,2033-11-05T20:10,2033-11-06T09:00,2.5
CLEAN-011735,EVS360-019,Moscow,2033-11-05T20:35,2033-11-06T10:30,2.5
CLEAN-011736,EVS360-037,Saint Petersburg,2033-11-05T20:35,2033-11-06T09:30,2.5
CLEAN-011737,EVS360-020,Moscow,2033-11-05T20:50,2033-11-06T11:00,2.5
CLEAN-011738,EVS360-038,Saint Petersburg,2033-11-05T20:50,2033-11-06T10:00,2.5
CLEAN-011739,EVS360-039,Saint Petersburg,2033-11-05T21:20,2033-11-06T10:15,2.5
CLEAN-011740,EVS360-001,Moscow,2033-11-07T14:50,2033-11-08T06:15,2.5
CLEAN-011741,EVS360-002,Moscow,2033-11-07T15:20,2033-11-08T06:30,2.5
CLEAN-011742,EVS360-021,Saint Petersburg,2033-11-07T15:50,2033-11-08T06:15,2.5
CLEAN-011743,EVS360-003,Moscow,2033-11-07T16:10,2033-11-08T07:00,2.5
CLEAN-011744,EVS360-022,Saint Petersburg,2033-11-07T16:10,2033-11-08T06:30,2.5
CLEAN-011745,EVS360-004,Moscow,2033-11-07T16:50,2033-11-08T07:30,2.5
CLEAN-011746,EVS360-023,Saint Petersburg,2033-11-07T16:50,2033-11-08T07:00,2.5
CLEAN-011747,EVS360-005,Moscow,2033-11-07T17:20,2033-11-08T08:00,2.5
CLEAN-011748,EVS360-024,Saint Petersburg,2033-11-07T17:20,2033-11-08T07:15,2.5
CLEAN-011749,EVS360-006,Moscow,2033-11-07T18:10,2033-11-08T08:30,2.5
CLEAN-011750,EVS360-025,Saint Petersburg,2033-11-07T18:10,2033-11-08T07:30,2.5
CLEAN-011751,EVS360-007,Moscow,2033-11-07T18:50,2033-11-08T09:00,2.5
CLEAN-011752,EVS360-026,Saint Petersburg,2033-11-07T18:50,2033-11-08T08:00,2.5
CLEAN-011753,EVS360-008,Moscow,2033-11-07T19:20,2033-11-08T09:30,2.5
CLEAN-011754,EVS360-009,Moscow,2033-11-07T19:50,2033-11-08T10:00,2.5
CLEAN-011755,EVS360-027,Saint Petersburg,2033-11-07T19:50,2033-11-08T08:30,2.5
CLEAN-011756,EVS360-010,Moscow,2033-11-07T20:10,2033-11-08T10:15,2.5
CLEAN-011757,EVS360-028,Saint Petersburg,2033-11-07T20:10,2033-11-08T09:00,2.5
CLEAN-011758,EVS360-011,Moscow,2033-11-07T20:35,2033-11-08T10:30,2.5
CLEAN-011759,EVS360-029,Saint Petersburg,2033-11-07T20:35,2033-11-08T09:30,2.5
CLEAN-011760,EVS360-012,Moscow,2033-11-07T20:50,2033-11-08T11:00,2.5
CLEAN-011761,EVS360-030,Saint Petersburg,2033-11-07T20:50,2033-11-08T10:00,2.5
CLEAN-011762,EVS360-013,Moscow,2033-11-07T21:20,2033-11-08T11:30,2.5
CLEAN-011763,EVS360-031,Saint Petersburg,2033-11-07T21:20,2033-11-08T10:15,2.5
CLEAN-011764,EVS360-014,Moscow,2033-11-07T21:50,2033-11-08T12:00,2.5
CLEAN-011765,EVS360-032,Saint Petersburg,2033-11-07T21:50,2033-11-08T10:30,2.5
CLEAN-011766,EVS360-015,Moscow,2033-11-07T22:10,2033-11-08T12:30,2.5
CLEAN-011767,EVS360-033,Saint Petersburg,2033-11-07T22:10,2033-11-08T11:00,2.5
CLEAN-011768,EVS360-034,Saint Petersburg,2033-11-07T22:35,2033-11-08T11:30,2.5
CLEAN-011769,EVS360-016,Moscow,2033-11-07T22:50,2033-11-08T13:00,2.5
CLEAN-011770,EVS360-035,Saint Petersburg,2033-11-07T22:50,2033-11-08T12:00,2.5
CLEAN-011771,EVS360-017,Moscow,2033-11-07T23:20,2033-11-08T13:30,2.5
CLEAN-011772,EVS360-036,Saint Petersburg,2033-11-07T23:20,2033-11-08T12:30,2.5
CLEAN-011773,EVS360-018,Moscow,2033-11-07T23:50,2033-11-08T14:00,2.5
CLEAN-011774,EVS360-037,Saint Petersburg,2033-11-07T23:50,2033-11-08T13:00,2.5
CLEAN-011775,EVS360-019,Moscow,2033-11-08T00:10,2033-11-08T14:30,2.5
CLEAN-011776,EVS360-038,Saint Petersburg,2033-11-08T00:10,2033-11-08T14:00,2.5
CLEAN-011777,EVS360-020,Moscow,2033-11-08T08:10,2033-11-08T15:00,2.5
CLEAN-011778,EVS360-039,Saint Petersburg,2033-11-08T08:10,2033-11-08T14:30,2.5
CLEAN-011779,EVS360-001,Moscow,2033-11-09T19:50,2033-11-10T10:00,2.5
CLEAN-011780,EVS360-002,Moscow,2033-11-09T20:10,2033-11-10T10:15,2.5
CLEAN-011781,EVS360-003,Moscow,2033-11-09T20:35,2033-11-10T10:30,2.5
CLEAN-011782,EVS360-021,Saint Petersburg,2033-11-09T20:35,2033-11-10T09:30,2.5
CLEAN-011783,EVS360-004,Moscow,2033-11-09T20:50,2033-11-10T11:00,2.5
CLEAN-011784,EVS360-022,Saint Petersburg,2033-11-09T20:50,2033-11-10T10:00,2.5
CLEAN-011785,EVS360-005,Moscow,2033-11-09T21:20,2033-11-10T11:30,2.5
CLEAN-011786,EVS360-023,Saint Petersburg,2033-11-09T21:20,2033-11-10T10:15,2.5
CLEAN-011787,EVS360-006,Moscow,2033-11-09T21:50,2033-11-10T12:00,2.5
CLEAN-011788,EVS360-024,Saint Petersburg,2033-11-09T21:50,2033-11-10T10:30,2.5
CLEAN-011789,EVS360-007,Moscow,2033-11-09T22:10,2033-11-10T12:30,2.5
CLEAN-011790,EVS360-025,Saint Petersburg,2033-11-09T22:10,2033-11-10T11:00,2.5
CLEAN-011791,EVS360-026,Saint Petersburg,2033-11-09T22:35,2033-11-10T11:30,2.5
CLEAN-011792,EVS360-008,Moscow,2033-11-09T22:50,2033-11-10T13:00,2.5
CLEAN-011793,EVS360-027,Saint Petersburg,2033-11-09T22:50,2033-11-10T12:00,2.5
CLEAN-011794,EVS360-009,Moscow,2033-11-09T23:20,2033-11-10T13:30,2.5
CLEAN-011795,EVS360-028,Saint Petersburg,2033-11-09T23:20,2033-11-10T12:30,2.5
CLEAN-011796,EVS360-010,Moscow,2033-11-09T23:50,2033-11-10T14:00,2.5
CLEAN-011797,EVS360-029,Saint Petersburg,2033-11-09T23:50,2033-11-10T13:00,2.5
CLEAN-011798,EVS360-011,Moscow,2033-11-10T00:10,2033-11-10T14:30,2.5
CLEAN-011799,EVS360-030,Saint Petersburg,2033-11-10T00:10,2033-11-10T14:00,2.5
CLEAN-011800,EVS360-012,Moscow,2033-11-10T08:10,2033-11-10T15:00,2.5
CLEAN-011801,EVS360-031,Saint Petersburg,2033-11-10T08:10,2033-11-10T14:30,2.5
CLEAN-011802,EVS360-013,Moscow,2033-11-10T08:35,2033-11-10T16:00,2.5
CLEAN-011803,EVS360-032,Saint Petersburg,2033-11-10T08:35,2033-11-10T15:00,2.5
CLEAN-011804,EVS360-014,Moscow,2033-11-10T08:50,2033-11-10T16:30,2.5
CLEAN-011805,EVS360-033,Saint Petersburg,2033-11-10T08:50,2033-11-10T16:00,2.5
CLEAN-011806,EVS360-015,Moscow,2033-11-10T09:20,2033-11-10T17:30,2.5
CLEAN-011807,EVS360-034,Saint Petersburg,2033-11-10T09:20,2033-11-10T16:30,2.5
CLEAN-011808,EVS360-016,Moscow,2033-11-10T09:35,2033-11-10T18:00,2.5
CLEAN-011809,EVS360-017,Moscow,2033-11-10T09:50,2033-11-10T18:15,2.5
CLEAN-011810,EVS360-035,Saint Petersburg,2033-11-10T09:50,2033-11-10T17:00,2.5
CLEAN-011811,EVS360-018,Moscow,2033-11-10T10:10,2033-11-10T18:30,2.5
CLEAN-011812,EVS360-036,Saint Petersburg,2033-11-10T10:10,2033-11-10T17:30,2.5
CLEAN-011813,EVS360-019,Moscow,2033-11-10T10:50,2033-11-10T19:00,2.5
CLEAN-011814,EVS360-037,Saint Petersburg,2033-11-10T10:50,2033-11-10T18:00,2.5
CLEAN-011815,EVS360-020,Moscow,2033-11-10T11:20,2033-11-10T19:30,2.5
CLEAN-011816,EVS360-038,Saint Petersburg,2033-11-10T11:20,2033-11-10T18:15,2.5
CLEAN-011817,EVS360-039,Saint Petersburg,2033-11-10T11:50,2033-11-10T18:30,2.5
CLEAN-011818,EVS360-001,Moscow,2033-11-11T23:20,2033-11-12T13:30,2.5
CLEAN-011819,EVS360-002,Moscow,2033-11-11T23:50,2033-11-12T14:00,2.5
CLEAN-011820,EVS360-021,Saint Petersburg,2033-11-11T23:50,2033-11-12T13:00,2.5
CLEAN-011821,EVS360-003,Moscow,2033-11-12T00:10,2033-11-12T14:30,2.5
CLEAN-011822,EVS360-022,Saint Petersburg,2033-11-12T00:10,2033-11-12T14:00,2.5
CLEAN-011823,EVS360-004,Moscow,2033-11-12T08:10,2033-11-12T15:00,2.5
CLEAN-011824,EVS360-023,Saint Petersburg,2033-11-12T08:10,2033-11-12T14:30,2.5
CLEAN-011825,EVS360-005,Moscow,2033-11-12T08:35,2033-11-12T16:00,2.5
CLEAN-011826,EVS360-024,Saint Petersburg,2033-11-12T08:35,2033-11-12T15:00,2.5
CLEAN-011827,EVS360-006,Moscow,2033-11-12T08:50,2033-11-12T16:30,2.5
CLEAN-011828,EVS360-025,Saint Petersburg,2033-11-12T08:50,2033-11-12T16:00,2.5
CLEAN-011829,EVS360-007,Moscow,2033-11-12T09:20,2033-11-12T17:30,2.5
CLEAN-011830,EVS360-026,Saint Petersburg,2033-11-12T09:20,2033-11-12T16:30,2.5
CLEAN-011831,EVS360-008,Moscow,2033-11-12T09:35,2033-11-12T18:00,2.5
CLEAN-011832,EVS360-009,Moscow,2033-11-12T09:50,2033-11-12T18:15,2.5
CLEAN-011833,EVS360-027,Saint Petersburg,2033-11-12T09:50,2033-11-12T17:00,2.5
CLEAN-011834,EVS360-010,Moscow,2033-11-12T10:10,2033-11-12T18:30,2.5
CLEAN-011835,EVS360-028,Saint Petersburg,2033-11-12T10:10,2033-11-12T17:30,2.5
CLEAN-011836,EVS360-011,Moscow,2033-11-12T10:50,2033-11-12T19:00,2.5
CLEAN-011837,EVS360-029,Saint Petersburg,2033-11-12T10:50,2033-11-12T18:00,2.5
CLEAN-011838,EVS360-012,Moscow,2033-11-12T11:20,2033-11-12T19:30,2.5
CLEAN-011839,EVS360-030,Saint Petersburg,2033-11-12T11:20,2033-11-12T18:15,2.5
CLEAN-011840,EVS360-013,Moscow,2033-11-12T11:50,2033-11-12T20:00,2.5
CLEAN-011841,EVS360-031,Saint Petersburg,2033-11-12T11:50,2033-11-12T18:30,2.5
CLEAN-011842,EVS360-014,Moscow,2033-11-12T12:10,2033-11-12T20:15,2.5
CLEAN-011843,EVS360-032,Saint Petersburg,2033-11-12T12:10,2033-11-12T19:00,2.5
CLEAN-011844,EVS360-015,Moscow,2033-11-12T12:35,2033-11-12T20:30,2.5
CLEAN-011845,EVS360-033,Saint Petersburg,2033-11-12T12:35,2033-11-12T19:30,2.5
CLEAN-011846,EVS360-016,Moscow,2033-11-12T12:50,2033-11-12T21:00,2.5
CLEAN-011847,EVS360-034,Saint Petersburg,2033-11-12T12:50,2033-11-12T20:00,2.5
CLEAN-011848,EVS360-017,Moscow,2033-11-12T13:20,2033-11-12T21:30,2.5
CLEAN-011849,EVS360-035,Saint Petersburg,2033-11-12T13:20,2033-11-12T20:30,2.5
CLEAN-011850,EVS360-018,Moscow,2033-11-12T13:50,2033-11-12T22:00,2.5
CLEAN-011851,EVS360-036,Saint Petersburg,2033-11-12T13:50,2033-11-12T21:00,2.5
CLEAN-011852,EVS360-019,Moscow,2033-11-12T14:10,2033-11-13T06:00,2.5
CLEAN-011853,EVS360-037,Saint Petersburg,2033-11-12T14:10,2033-11-12T21:30,2.5
CLEAN-011854,EVS360-020,Moscow,2033-11-12T14:50,2033-11-13T06:15,2.5
CLEAN-011855,EVS360-038,Saint Petersburg,2033-11-12T14:50,2033-11-12T22:00,2.5
CLEAN-011856,EVS360-039,Saint Petersburg,2033-11-12T15:20,2033-11-13T06:00,2.5
CLEAN-011857,EVS360-001,Moscow,2033-11-14T09:50,2033-11-14T18:15,2.5
CLEAN-011858,EVS360-002,Moscow,2033-11-14T10:10,2033-11-14T18:30,2.5
CLEAN-011859,EVS360-003,Moscow,2033-11-14T10:50,2033-11-14T19:00,2.5
CLEAN-011860,EVS360-021,Saint Petersburg,2033-11-14T10:50,2033-11-14T18:00,2.5
CLEAN-011861,EVS360-004,Moscow,2033-11-14T11:20,2033-11-14T19:30,2.5
CLEAN-011862,EVS360-022,Saint Petersburg,2033-11-14T11:20,2033-11-14T18:15,2.5
CLEAN-011863,EVS360-005,Moscow,2033-11-14T11:50,2033-11-14T20:00,2.5
CLEAN-011864,EVS360-023,Saint Petersburg,2033-11-14T11:50,2033-11-14T18:30,2.5
CLEAN-011865,EVS360-006,Moscow,2033-11-14T12:10,2033-11-14T20:15,2.5
CLEAN-011866,EVS360-024,Saint Petersburg,2033-11-14T12:10,2033-11-14T19:00,2.5
CLEAN-011867,EVS360-007,Moscow,2033-11-14T12:35,2033-11-14T20:30,2.5
CLEAN-011868,EVS360-025,Saint Petersburg,2033-11-14T12:35,2033-11-14T19:30,2.5
CLEAN-011869,EVS360-008,Moscow,2033-11-14T12:50,2033-11-14T21:00,2.5
CLEAN-011870,EVS360-026,Saint Petersburg,2033-11-14T12:50,2033-11-14T20:00,2.5
CLEAN-011871,EVS360-009,Moscow,2033-11-14T13:20,2033-11-14T21:30,2.5
CLEAN-011872,EVS360-027,Saint Petersburg,2033-11-14T13:20,2033-11-14T20:30,2.5
CLEAN-011873,EVS360-010,Moscow,2033-11-14T13:50,2033-11-14T22:00,2.5
CLEAN-011874,EVS360-028,Saint Petersburg,2033-11-14T13:50,2033-11-14T21:00,2.5
CLEAN-011875,EVS360-011,Moscow,2033-11-14T14:10,2033-11-15T06:00,2.5
CLEAN-011876,EVS360-029,Saint Petersburg,2033-11-14T14:10,2033-11-14T21:30,2.5
CLEAN-011877,EVS360-012,Moscow,2033-11-14T14:50,2033-11-15T06:15,2.5
CLEAN-011878,EVS360-030,Saint Petersburg,2033-11-14T14:50,2033-11-14T22:00,2.5
CLEAN-011879,EVS360-013,Moscow,2033-11-14T15:20,2033-11-15T06:30,2.5
CLEAN-011880,EVS360-031,Saint Petersburg,2033-11-14T15:20,2033-11-15T06:00,2.5
CLEAN-011881,EVS360-032,Saint Petersburg,2033-11-14T15:50,2033-11-15T06:15,2.5
CLEAN-011882,EVS360-014,Moscow,2033-11-14T16:10,2033-11-15T07:00,2.5
CLEAN-011883,EVS360-033,Saint Petersburg,2033-11-14T16:10,2033-11-15T06:30,2.5
CLEAN-011884,EVS360-015,Moscow,2033-11-14T16:50,2033-11-15T07:30,2.5
CLEAN-011885,EVS360-034,Saint Petersburg,2033-11-14T16:50,2033-11-15T07:00,2.5
CLEAN-011886,EVS360-016,Moscow,2033-11-14T17:20,2033-11-15T08:00,2.5
CLEAN-011887,EVS360-035,Saint Petersburg,2033-11-14T17:20,2033-11-15T07:15,2.5
CLEAN-011888,EVS360-017,Moscow,2033-11-14T18:10,2033-11-15T08:30,2.5
CLEAN-011889,EVS360-036,Saint Petersburg,2033-11-14T18:10,2033-11-15T07:30,2.5
CLEAN-011890,EVS360-018,Moscow,2033-11-14T18:50,2033-11-15T09:00,2.5
CLEAN-011891,EVS360-037,Saint Petersburg,2033-11-14T18:50,2033-11-15T08:00,2.5
CLEAN-011892,EVS360-019,Moscow,2033-11-14T19:20,2033-11-15T09:30,2.5
CLEAN-011893,EVS360-020,Moscow,2033-11-14T19:50,2033-11-15T10:00,2.5
CLEAN-011894,EVS360-038,Saint Petersburg,2033-11-14T19:50,2033-11-15T08:30,2.5
CLEAN-011895,EVS360-039,Saint Petersburg,2033-11-14T20:10,2033-11-15T09:00,2.5
CLEAN-011896,EVS360-001,Moscow,2033-11-16T13:20,2033-11-16T21:30,2.5
CLEAN-011897,EVS360-002,Moscow,2033-11-16T13:50,2033-11-16T22:00,2.5
CLEAN-011898,EVS360-003,Moscow,2033-11-16T14:10,2033-11-17T06:00,2.5
CLEAN-011899,EVS360-021,Saint Petersburg,2033-11-16T14:10,2033-11-16T21:30,2.5
CLEAN-011900,EVS360-004,Moscow,2033-11-16T14:50,2033-11-17T06:15,2.5
CLEAN-011901,EVS360-022,Saint Petersburg,2033-11-16T14:50,2033-11-16T22:00,2.5
CLEAN-011902,EVS360-005,Moscow,2033-11-16T15:20,2033-11-17T06:30,2.5
CLEAN-011903,EVS360-023,Saint Petersburg,2033-11-16T15:20,2033-11-17T06:00,2.5
CLEAN-011904,EVS360-024,Saint Petersburg,2033-11-16T15:50,2033-11-17T06:15,2.5
CLEAN-011905,EVS360-006,Moscow,2033-11-16T16:10,2033-11-17T07:00,2.5
CLEAN-011906,EVS360-025,Saint Petersburg,2033-11-16T16:10,2033-11-17T06:30,2.5
CLEAN-011907,EVS360-007,Moscow,2033-11-16T16:50,2033-11-17T07:30,2.5
CLEAN-011908,EVS360-026,Saint Petersburg,2033-11-16T16:50,2033-11-17T07:00,2.5
CLEAN-011909,EVS360-008,Moscow,2033-11-16T17:20,2033-11-17T08:00,2.5
CLEAN-011910,EVS360-027,Saint Petersburg,2033-11-16T17:20,2033-11-17T07:15,2.5
CLEAN-011911,EVS360-009,Moscow,2033-11-16T18:10,2033-11-17T08:30,2.5
CLEAN-011912,EVS360-028,Saint Petersburg,2033-11-16T18:10,2033-11-17T07:30,2.5
CLEAN-011913,EVS360-010,Moscow,2033-11-16T18:50,2033-11-17T09:00,2.5
CLEAN-011914,EVS360-029,Saint Petersburg,2033-11-16T18:50,2033-11-17T08:00,2.5
CLEAN-011915,EVS360-011,Moscow,2033-11-16T19:20,2033-11-17T09:30,2.5
CLEAN-011916,EVS360-012,Moscow,2033-11-16T19:50,2033-11-17T10:00,2.5
CLEAN-011917,EVS360-030,Saint Petersburg,2033-11-16T19:50,2033-11-17T08:30,2.5
CLEAN-011918,EVS360-013,Moscow,2033-11-16T20:10,2033-11-17T10:15,2.5
CLEAN-011919,EVS360-031,Saint Petersburg,2033-11-16T20:10,2033-11-17T09:00,2.5
CLEAN-011920,EVS360-014,Moscow,2033-11-16T20:35,2033-11-17T10:30,2.5
CLEAN-011921,EVS360-032,Saint Petersburg,2033-11-16T20:35,2033-11-17T09:30,2.5
CLEAN-011922,EVS360-015,Moscow,2033-11-16T20:50,2033-11-17T11:00,2.5
CLEAN-011923,EVS360-033,Saint Petersburg,2033-11-16T20:50,2033-11-17T10:00,2.5
CLEAN-011924,EVS360-016,Moscow,2033-11-16T21:20,2033-11-17T11:30,2.5
CLEAN-011925,EVS360-034,Saint Petersburg,2033-11-16T21:20,2033-11-17T10:15,2.5
CLEAN-011926,EVS360-017,Moscow,2033-11-16T21:50,2033-11-17T12:00,2.5
CLEAN-011927,EVS360-035,Saint Petersburg,2033-11-16T21:50,2033-11-17T10:30,2.5
CLEAN-011928,EVS360-018,Moscow,2033-11-16T22:10,2033-11-17T12:30,2.5
CLEAN-011929,EVS360-036,Saint Petersburg,2033-11-16T22:10,2033-11-17T11:00,2.5
CLEAN-011930,EVS360-037,Saint Petersburg,2033-11-16T22:35,2033-11-17T11:30,2.5
CLEAN-011931,EVS360-019,Moscow,2033-11-16T22:50,2033-11-17T13:00,2.5
CLEAN-011932,EVS360-038,Saint Petersburg,2033-11-16T22:50,2033-11-17T12:00,2.5
CLEAN-011933,EVS360-020,Moscow,2033-11-16T23:20,2033-11-17T13:30,2.5
CLEAN-011934,EVS360-039,Saint Petersburg,2033-11-16T23:20,2033-11-17T12:30,2.5
CLEAN-011935,EVS360-001,Moscow,2033-11-18T18:10,2033-11-19T08:30,2.5
CLEAN-011936,EVS360-002,Moscow,2033-11-18T18:50,2033-11-19T09:00,2.5
CLEAN-011937,EVS360-021,Saint Petersburg,2033-11-18T18:50,2033-11-19T08:00,2.5
CLEAN-011938,EVS360-003,Moscow,2033-11-18T19:20,2033-11-19T09:30,2.5
CLEAN-011939,EVS360-004,Moscow,2033-11-18T19:50,2033-11-19T10:00,2.5
CLEAN-011940,EVS360-022,Saint Petersburg,2033-11-18T19:50,2033-11-19T08:30,2.5
CLEAN-011941,EVS360-005,Moscow,2033-11-18T20:10,2033-11-19T10:15,2.5
CLEAN-011942,EVS360-023,Saint Petersburg,2033-11-18T20:10,2033-11-19T09:00,2.5
CLEAN-011943,EVS360-006,Moscow,2033-11-18T20:35,2033-11-19T10:30,2.5
CLEAN-011944,EVS360-024,Saint Petersburg,2033-11-18T20:35,2033-11-19T09:30,2.5
CLEAN-011945,EVS360-007,Moscow,2033-11-18T20:50,2033-11-19T11:00,2.5
CLEAN-011946,EVS360-025,Saint Petersburg,2033-11-18T20:50,2033-11-19T10:00,2.5
CLEAN-011947,EVS360-008,Moscow,2033-11-18T21:20,2033-11-19T11:30,2.5
CLEAN-011948,EVS360-026,Saint Petersburg,2033-11-18T21:20,2033-11-19T10:15,2.5
CLEAN-011949,EVS360-009,Moscow,2033-11-18T21:50,2033-11-19T12:00,2.5
CLEAN-011950,EVS360-027,Saint Petersburg,2033-11-18T21:50,2033-11-19T10:30,2.5
CLEAN-011951,EVS360-010,Moscow,2033-11-18T22:10,2033-11-19T12:30,2.5
CLEAN-011952,EVS360-028,Saint Petersburg,2033-11-18T22:10,2033-11-19T11:00,2.5
CLEAN-011953,EVS360-029,Saint Petersburg,2033-11-18T22:35,2033-11-19T11:30,2.5
CLEAN-011954,EVS360-011,Moscow,2033-11-18T22:50,2033-11-19T13:00,2.5
CLEAN-011955,EVS360-030,Saint Petersburg,2033-11-18T22:50,2033-11-19T12:00,2.5
CLEAN-011956,EVS360-012,Moscow,2033-11-18T23:20,2033-11-19T13:30,2.5
CLEAN-011957,EVS360-031,Saint Petersburg,2033-11-18T23:20,2033-11-19T12:30,2.5
CLEAN-011958,EVS360-013,Moscow,2033-11-18T23:50,2033-11-19T14:00,2.5
CLEAN-011959,EVS360-032,Saint Petersburg,2033-11-18T23:50,2033-11-19T13:00,2.5
CLEAN-011960,EVS360-014,Moscow,2033-11-19T00:10,2033-11-19T14:30,2.5
CLEAN-011961,EVS360-033,Saint Petersburg,2033-11-19T00:10,2033-11-19T14:00,2.5
CLEAN-011962,EVS360-015,Moscow,2033-11-19T08:10,2033-11-19T15:00,2.5
CLEAN-011963,EVS360-034,Saint Petersburg,2033-11-19T08:10,2033-11-19T14:30,2.5
CLEAN-011964,EVS360-016,Moscow,2033-11-19T08:35,2033-11-19T16:00,2.5
CLEAN-011965,EVS360-035,Saint Petersburg,2033-11-19T08:35,2033-11-19T15:00,2.5
CLEAN-011966,EVS360-017,Moscow,2033-11-19T08:50,2033-11-19T16:30,2.5
CLEAN-011967,EVS360-036,Saint Petersburg,2033-11-19T08:50,2033-11-19T16:00,2.5
CLEAN-011968,EVS360-018,Moscow,2033-11-19T09:20,2033-11-19T17:30,2.5
CLEAN-011969,EVS360-037,Saint Petersburg,2033-11-19T09:20,2033-11-19T16:30,2.5
CLEAN-011970,EVS360-019,Moscow,2033-11-19T09:35,2033-11-19T18:00,2.5
CLEAN-011971,EVS360-020,Moscow,2033-11-19T09:50,2033-11-19T18:15,2.5
CLEAN-011972,EVS360-038,Saint Petersburg,2033-11-19T09:50,2033-11-19T17:00,2.5
CLEAN-011973,EVS360-039,Saint Petersburg,2033-11-19T10:10,2033-11-19T17:30,2.5
CLEAN-011974,EVS360-001,Moscow,2033-11-20T21:50,2033-11-21T12:00,2.5
CLEAN-011975,EVS360-002,Moscow,2033-11-20T22:10,2033-11-21T12:30,2.5
CLEAN-011976,EVS360-021,Saint Petersburg,2033-11-20T22:35,2033-11-21T11:30,2.5
CLEAN-011977,EVS360-003,Moscow,2033-11-20T22:50,2033-11-21T13:00,2.5
CLEAN-011978,EVS360-022,Saint Petersburg,2033-11-20T22:50,2033-11-21T12:00,2.5
CLEAN-011979,EVS360-004,Moscow,2033-11-20T23:20,2033-11-21T13:30,2.5
CLEAN-011980,EVS360-023,Saint Petersburg,2033-11-20T23:20,2033-11-21T12:30,2.5
CLEAN-011981,EVS360-005,Moscow,2033-11-20T23:50,2033-11-21T14:00,2.5
CLEAN-011982,EVS360-024,Saint Petersburg,2033-11-20T23:50,2033-11-21T13:00,2.5
CLEAN-011983,EVS360-006,Moscow,2033-11-21T00:10,2033-11-21T14:30,2.5
CLEAN-011984,EVS360-025,Saint Petersburg,2033-11-21T00:10,2033-11-21T14:00,2.5
CLEAN-011985,EVS360-007,Moscow,2033-11-21T08:10,2033-11-21T15:00,2.5
CLEAN-011986,EVS360-026,Saint Petersburg,2033-11-21T08:10,2033-11-21T14:30,2.5
CLEAN-011987,EVS360-008,Moscow,2033-11-21T08:35,2033-11-21T16:00,2.5
CLEAN-011988,EVS360-027,Saint Petersburg,2033-11-21T08:35,2033-11-21T15:00,2.5
CLEAN-011989,EVS360-009,Moscow,2033-11-21T08:50,2033-11-21T16:30,2.5
CLEAN-011990,EVS360-028,Saint Petersburg,2033-11-21T08:50,2033-11-21T16:00,2.5
CLEAN-011991,EVS360-010,Moscow,2033-11-21T09:20,2033-11-21T17:30,2.5
CLEAN-011992,EVS360-029,Saint Petersburg,2033-11-21T09:20,2033-11-21T16:30,2.5
CLEAN-011993,EVS360-011,Moscow,2033-11-21T09:35,2033-11-21T18:00,2.5
CLEAN-011994,EVS360-012,Moscow,2033-11-21T09:50,2033-11-21T18:15,2.5
CLEAN-011995,EVS360-030,Saint Petersburg,2033-11-21T09:50,2033-11-21T17:00,2.5
CLEAN-011996,EVS360-013,Moscow,2033-11-21T10:10,2033-11-21T18:30,2.5
CLEAN-011997,EVS360-031,Saint Petersburg,2033-11-21T10:10,2033-11-21T17:30,2.5
CLEAN-011998,EVS360-014,Moscow,2033-11-21T10:50,2033-11-21T19:00,2.5
CLEAN-011999,EVS360-032,Saint Petersburg,2033-11-21T10:50,2033-11-21T18:00,2.5
CLEAN-012000,EVS360-015,Moscow,2033-11-21T11:20,2033-11-21T19:30,2.5
CLEAN-012001,EVS360-033,Saint Petersburg,2033-11-21T11:20,2033-11-21T18:15,2.5
CLEAN-012002,EVS360-016,Moscow,2033-11-21T11:50,2033-11-21T20:00,2.5
CLEAN-012003,EVS360-034,Saint Petersburg,2033-11-21T11:50,2033-11-21T18:30,2.5
CLEAN-012004,EVS360-017,Moscow,2033-11-21T12:10,2033-11-21T20:15,2.5
CLEAN-012005,EVS360-035,Saint Petersburg,2033-11-21T12:10,2033-11-21T19:00,2.5
CLEAN-012006,EVS360-018,Moscow,2033-11-21T12:35,2033-11-21T20:30,2.5
CLEAN-012007,EVS360-036,Saint Petersburg,2033-11-21T12:35,2033-11-21T19:30,2.5
CLEAN-012008,EVS360-019,Moscow,2033-11-21T12:50,2033-11-21T21:00,2.5
CLEAN-012009,EVS360-037,Saint Petersburg,2033-11-21T12:50,2033-11-21T20:00,2.5
CLEAN-012010,EVS360-020,Moscow,2033-11-21T13:20,2033-11-21T21:30,2.5
CLEAN-012011,EVS360-038,Saint Petersburg,2033-11-21T13:20,2033-11-21T20:30,2.5
CLEAN-012012,EVS360-039,Saint Petersburg,2033-11-21T13:50,2033-11-21T21:00,2.5
CLEAN-012013,EVS360-001,Moscow,2033-11-23T08:50,2033-11-23T16:30,2.5
CLEAN-012014,EVS360-002,Moscow,2033-11-23T09:20,2033-11-23T17:30,2.5
CLEAN-012015,EVS360-021,Saint Petersburg,2033-11-23T09:20,2033-11-23T16:30,2.5
CLEAN-012016,EVS360-003,Moscow,2033-11-23T09:35,2033-11-23T18:00,2.5
CLEAN-012017,EVS360-004,Moscow,2033-11-23T09:50,2033-11-23T18:15,2.5
CLEAN-012018,EVS360-022,Saint Petersburg,2033-11-23T09:50,2033-11-23T17:00,2.5
CLEAN-012019,EVS360-005,Moscow,2033-11-23T10:10,2033-11-23T18:30,2.5
CLEAN-012020,EVS360-023,Saint Petersburg,2033-11-23T10:10,2033-11-23T17:30,2.5
CLEAN-012021,EVS360-006,Moscow,2033-11-23T10:50,2033-11-23T19:00,2.5
CLEAN-012022,EVS360-024,Saint Petersburg,2033-11-23T10:50,2033-11-23T18:00,2.5
CLEAN-012023,EVS360-007,Moscow,2033-11-23T11:20,2033-11-23T19:30,2.5
CLEAN-012024,EVS360-025,Saint Petersburg,2033-11-23T11:20,2033-11-23T18:15,2.5
CLEAN-012025,EVS360-008,Moscow,2033-11-23T11:50,2033-11-23T20:00,2.5
CLEAN-012026,EVS360-026,Saint Petersburg,2033-11-23T11:50,2033-11-23T18:30,2.5
CLEAN-012027,EVS360-009,Moscow,2033-11-23T12:10,2033-11-23T20:15,2.5
CLEAN-012028,EVS360-027,Saint Petersburg,2033-11-23T12:10,2033-11-23T19:00,2.5
CLEAN-012029,EVS360-010,Moscow,2033-11-23T12:35,2033-11-23T20:30,2.5
CLEAN-012030,EVS360-028,Saint Petersburg,2033-11-23T12:35,2033-11-23T19:30,2.5
CLEAN-012031,EVS360-011,Moscow,2033-11-23T12:50,2033-11-23T21:00,2.5
CLEAN-012032,EVS360-029,Saint Petersburg,2033-11-23T12:50,2033-11-23T20:00,2.5
CLEAN-012033,EVS360-012,Moscow,2033-11-23T13:20,2033-11-23T21:30,2.5
CLEAN-012034,EVS360-030,Saint Petersburg,2033-11-23T13:20,2033-11-23T20:30,2.5
CLEAN-012035,EVS360-013,Moscow,2033-11-23T13:50,2033-11-23T22:00,2.5
CLEAN-012036,EVS360-031,Saint Petersburg,2033-11-23T13:50,2033-11-23T21:00,2.5
CLEAN-012037,EVS360-014,Moscow,2033-11-23T14:10,2033-11-24T06:00,2.5
CLEAN-012038,EVS360-032,Saint Petersburg,2033-11-23T14:10,2033-11-23T21:30,2.5
CLEAN-012039,EVS360-015,Moscow,2033-11-23T14:50,2033-11-24T06:15,2.5
CLEAN-012040,EVS360-033,Saint Petersburg,2033-11-23T14:50,2033-11-23T22:00,2.5
CLEAN-012041,EVS360-016,Moscow,2033-11-23T15:20,2033-11-24T06:30,2.5
CLEAN-012042,EVS360-034,Saint Petersburg,2033-11-23T15:20,2033-11-24T06:00,2.5
CLEAN-012043,EVS360-035,Saint Petersburg,2033-11-23T15:50,2033-11-24T06:15,2.5
CLEAN-012044,EVS360-017,Moscow,2033-11-23T16:10,2033-11-24T07:00,2.5
CLEAN-012045,EVS360-036,Saint Petersburg,2033-11-23T16:10,2033-11-24T06:30,2.5
CLEAN-012046,EVS360-018,Moscow,2033-11-23T16:50,2033-11-24T07:30,2.5
CLEAN-012047,EVS360-037,Saint Petersburg,2033-11-23T16:50,2033-11-24T07:00,2.5
CLEAN-012048,EVS360-019,Moscow,2033-11-23T17:20,2033-11-24T08:00,2.5
CLEAN-012049,EVS360-038,Saint Petersburg,2033-11-23T17:20,2033-11-24T07:15,2.5
CLEAN-012050,EVS360-020,Moscow,2033-11-23T18:10,2033-11-24T08:30,2.5
CLEAN-012051,EVS360-039,Saint Petersburg,2033-11-23T18:10,2033-11-24T07:30,2.5
CLEAN-012052,EVS360-001,Moscow,2033-11-25T12:10,2033-11-25T20:15,2.5
CLEAN-012053,EVS360-002,Moscow,2033-11-25T12:35,2033-11-25T20:30,2.5
CLEAN-012054,EVS360-003,Moscow,2033-11-25T12:50,2033-11-25T21:00,2.5
CLEAN-012055,EVS360-021,Saint Petersburg,2033-11-25T12:50,2033-11-25T20:00,2.5
CLEAN-012056,EVS360-004,Moscow,2033-11-25T13:20,2033-11-25T21:30,2.5
CLEAN-012057,EVS360-022,Saint Petersburg,2033-11-25T13:20,2033-11-25T20:30,2.5
CLEAN-012058,EVS360-005,Moscow,2033-11-25T13:50,2033-11-25T22:00,2.5
CLEAN-012059,EVS360-023,Saint Petersburg,2033-11-25T13:50,2033-11-25T21:00,2.5
CLEAN-012060,EVS360-006,Moscow,2033-11-25T14:10,2033-11-26T06:00,2.5
CLEAN-012061,EVS360-024,Saint Petersburg,2033-11-25T14:10,2033-11-25T21:30,2.5
CLEAN-012062,EVS360-007,Moscow,2033-11-25T14:50,2033-11-26T06:15,2.5
CLEAN-012063,EVS360-025,Saint Petersburg,2033-11-25T14:50,2033-11-25T22:00,2.5
CLEAN-012064,EVS360-008,Moscow,2033-11-25T15:20,2033-11-26T06:30,2.5
CLEAN-012065,EVS360-026,Saint Petersburg,2033-11-25T15:20,2033-11-26T06:00,2.5
CLEAN-012066,EVS360-027,Saint Petersburg,2033-11-25T15:50,2033-11-26T06:15,2.5
CLEAN-012067,EVS360-009,Moscow,2033-11-25T16:10,2033-11-26T07:00,2.5
CLEAN-012068,EVS360-028,Saint Petersburg,2033-11-25T16:10,2033-11-26T06:30,2.5
CLEAN-012069,EVS360-010,Moscow,2033-11-25T16:50,2033-11-26T07:30,2.5
CLEAN-012070,EVS360-029,Saint Petersburg,2033-11-25T16:50,2033-11-26T07:00,2.5
CLEAN-012071,EVS360-011,Moscow,2033-11-25T17:20,2033-11-26T08:00,2.5
CLEAN-012072,EVS360-030,Saint Petersburg,2033-11-25T17:20,2033-11-26T07:15,2.5
CLEAN-012073,EVS360-012,Moscow,2033-11-25T18:10,2033-11-26T08:30,2.5
CLEAN-012074,EVS360-031,Saint Petersburg,2033-11-25T18:10,2033-11-26T07:30,2.5
CLEAN-012075,EVS360-013,Moscow,2033-11-25T18:50,2033-11-26T09:00,2.5
CLEAN-012076,EVS360-032,Saint Petersburg,2033-11-25T18:50,2033-11-26T08:00,2.5
CLEAN-012077,EVS360-014,Moscow,2033-11-25T19:20,2033-11-26T09:30,2.5
CLEAN-012078,EVS360-015,Moscow,2033-11-25T19:50,2033-11-26T10:00,2.5
CLEAN-012079,EVS360-033,Saint Petersburg,2033-11-25T19:50,2033-11-26T08:30,2.5
CLEAN-012080,EVS360-016,Moscow,2033-11-25T20:10,2033-11-26T10:15,2.5
CLEAN-012081,EVS360-034,Saint Petersburg,2033-11-25T20:10,2033-11-26T09:00,2.5
CLEAN-012082,EVS360-017,Moscow,2033-11-25T20:35,2033-11-26T10:30,2.5
CLEAN-012083,EVS360-035,Saint Petersburg,2033-11-25T20:35,2033-11-26T09:30,2.5
CLEAN-012084,EVS360-018,Moscow,2033-11-25T20:50,2033-11-26T11:00,2.5
CLEAN-012085,EVS360-036,Saint Petersburg,2033-11-25T20:50,2033-11-26T10:00,2.5
CLEAN-012086,EVS360-019,Moscow,2033-11-25T21:20,2033-11-26T11:30,2.5
CLEAN-012087,EVS360-037,Saint Petersburg,2033-11-25T21:20,2033-11-26T10:15,2.5
CLEAN-012088,EVS360-020,Moscow,2033-11-25T21:50,2033-11-26T12:00,2.5
CLEAN-012089,EVS360-038,Saint Petersburg,2033-11-25T21:50,2033-11-26T10:30,2.5
CLEAN-012090,EVS360-039,Saint Petersburg,2033-11-25T22:10,2033-11-26T11:00,2.5
CLEAN-012091,EVS360-001,Moscow,2033-11-27T16:10,2033-11-28T07:00,2.5
CLEAN-012092,EVS360-002,Moscow,2033-11-27T16:50,2033-11-28T07:30,2.5
CLEAN-012093,EVS360-021,Saint Petersburg,2033-11-27T16:50,2033-11-28T07:00,2.5
CLEAN-012094,EVS360-003,Moscow,2033-11-27T17:20,2033-11-28T08:00,2.5
CLEAN-012095,EVS360-022,Saint Petersburg,2033-11-27T17:20,2033-11-28T07:15,2.5
CLEAN-012096,EVS360-004,Moscow,2033-11-27T18:10,2033-11-28T08:30,2.5
CLEAN-012097,EVS360-023,Saint Petersburg,2033-11-27T18:10,2033-11-28T07:30,2.5
CLEAN-012098,EVS360-005,Moscow,2033-11-27T18:50,2033-11-28T09:00,2.5
CLEAN-012099,EVS360-024,Saint Petersburg,2033-11-27T18:50,2033-11-28T08:00,2.5
CLEAN-012100,EVS360-006,Moscow,2033-11-27T19:20,2033-11-28T09:30,2.5
CLEAN-012101,EVS360-007,Moscow,2033-11-27T19:50,2033-11-28T10:00,2.5
CLEAN-012102,EVS360-025,Saint Petersburg,2033-11-27T19:50,2033-11-28T08:30,2.5
CLEAN-012103,EVS360-008,Moscow,2033-11-27T20:10,2033-11-28T10:15,2.5
CLEAN-012104,EVS360-026,Saint Petersburg,2033-11-27T20:10,2033-11-28T09:00,2.5
CLEAN-012105,EVS360-009,Moscow,2033-11-27T20:35,2033-11-28T10:30,2.5
CLEAN-012106,EVS360-027,Saint Petersburg,2033-11-27T20:35,2033-11-28T09:30,2.5
CLEAN-012107,EVS360-010,Moscow,2033-11-27T20:50,2033-11-28T11:00,2.5
CLEAN-012108,EVS360-028,Saint Petersburg,2033-11-27T20:50,2033-11-28T10:00,2.5
CLEAN-012109,EVS360-011,Moscow,2033-11-27T21:20,2033-11-28T11:30,2.5
CLEAN-012110,EVS360-029,Saint Petersburg,2033-11-27T21:20,2033-11-28T10:15,2.5
CLEAN-012111,EVS360-012,Moscow,2033-11-27T21:50,2033-11-28T12:00,2.5
CLEAN-012112,EVS360-030,Saint Petersburg,2033-11-27T21:50,2033-11-28T10:30,2.5
CLEAN-012113,EVS360-013,Moscow,2033-11-27T22:10,2033-11-28T12:30,2.5
CLEAN-012114,EVS360-031,Saint Petersburg,2033-11-27T22:10,2033-11-28T11:00,2.5
CLEAN-012115,EVS360-032,Saint Petersburg,2033-11-27T22:35,2033-11-28T11:30,2.5
CLEAN-012116,EVS360-014,Moscow,2033-11-27T22:50,2033-11-28T13:00,2.5
CLEAN-012117,EVS360-033,Saint Petersburg,2033-11-27T22:50,2033-11-28T12:00,2.5
CLEAN-012118,EVS360-015,Moscow,2033-11-27T23:20,2033-11-28T13:30,2.5
CLEAN-012119,EVS360-034,Saint Petersburg,2033-11-27T23:20,2033-11-28T12:30,2.5
CLEAN-012120,EVS360-016,Moscow,2033-11-27T23:50,2033-11-28T14:00,2.5
CLEAN-012121,EVS360-035,Saint Petersburg,2033-11-27T23:50,2033-11-28T13:00,2.5
CLEAN-012122,EVS360-017,Moscow,2033-11-28T00:10,2033-11-28T14:30,2.5
CLEAN-012123,EVS360-036,Saint Petersburg,2033-11-28T00:10,2033-11-28T14:00,2.5
CLEAN-012124,EVS360-018,Moscow,2033-11-28T08:10,2033-11-28T15:00,2.5
CLEAN-012125,EVS360-037,Saint Petersburg,2033-11-28T08:10,2033-11-28T14:30,2.5
CLEAN-012126,EVS360-019,Moscow,2033-11-28T08:35,2033-11-28T16:00,2.5
CLEAN-012127,EVS360-038,Saint Petersburg,2033-11-28T08:35,2033-11-28T15:00,2.5
CLEAN-012128,EVS360-020,Moscow,2033-11-28T08:50,2033-11-28T16:30,2.5
CLEAN-012129,EVS360-039,Saint Petersburg,2033-11-28T08:50,2033-11-28T16:00,2.5
CLEAN-012130,EVS360-001,Moscow,2033-11-29T20:35,2033-11-30T10:30,2.5
CLEAN-012131,EVS360-002,Moscow,2033-11-29T20:50,2033-11-30T11:00,2.5
CLEAN-012132,EVS360-003,Moscow,2033-11-29T21:20,2033-11-30T11:30,2.5
CLEAN-012133,EVS360-021,Saint Petersburg,2033-11-29T21:20,2033-11-30T10:15,2.5
CLEAN-012134,EVS360-004,Moscow,2033-11-29T21:50,2033-11-30T12:00,2.5
CLEAN-012135,EVS360-022,Saint Petersburg,2033-11-29T21:50,2033-11-30T10:30,2.5
CLEAN-012136,EVS360-005,Moscow,2033-11-29T22:10,2033-11-30T12:30,2.5
CLEAN-012137,EVS360-023,Saint Petersburg,2033-11-29T22:10,2033-11-30T11:00,2.5
CLEAN-012138,EVS360-024,Saint Petersburg,2033-11-29T22:35,2033-11-30T11:30,2.5
CLEAN-012139,EVS360-006,Moscow,2033-11-29T22:50,2033-11-30T13:00,2.5
CLEAN-012140,EVS360-025,Saint Petersburg,2033-11-29T22:50,2033-11-30T12:00,2.5
CLEAN-012141,EVS360-007,Moscow,2033-11-29T23:20,2033-11-30T13:30,2.5
CLEAN-012142,EVS360-026,Saint Petersburg,2033-11-29T23:20,2033-11-30T12:30,2.5
CLEAN-012143,EVS360-008,Moscow,2033-11-29T23:50,2033-11-30T14:00,2.5
CLEAN-012144,EVS360-027,Saint Petersburg,2033-11-29T23:50,2033-11-30T13:00,2.5
CLEAN-012145,EVS360-009,Moscow,2033-11-30T00:10,2033-11-30T14:30,2.5
CLEAN-012146,EVS360-028,Saint Petersburg,2033-11-30T00:10,2033-11-30T14:00,2.5
CLEAN-012147,EVS360-010,Moscow,2033-11-30T08:10,2033-11-30T15:00,2.5
CLEAN-012148,EVS360-029,Saint Petersburg,2033-11-30T08:10,2033-11-30T14:30,2.5
CLEAN-012149,EVS360-011,Moscow,2033-11-30T08:35,2033-11-30T16:00,2.5
CLEAN-012150,EVS360-030,Saint Petersburg,2033-11-30T08:35,2033-11-30T15:00,2.5
CLEAN-012151,EVS360-012,Moscow,2033-11-30T08:50,2033-11-30T16:30,2.5
CLEAN-012152,EVS360-031,Saint Petersburg,2033-11-30T08:50,2033-11-30T16:00,2.5
CLEAN-012153,EVS360-013,Moscow,2033-11-30T09:20,2033-11-30T17:30,2.5
CLEAN-012154,EVS360-032,Saint Petersburg,2033-11-30T09:20,2033-11-30T16:30,2.5
CLEAN-012155,EVS360-014,Moscow,2033-11-30T09:35,2033-11-30T18:00,2.5
CLEAN-012156,EVS360-015,Moscow,2033-11-30T09:50,2033-11-30T18:15,2.5
CLEAN-012157,EVS360-033,Saint Petersburg,2033-11-30T09:50,2033-11-30T17:00,2.5
CLEAN-012158,EVS360-016,Moscow,2033-11-30T10:10,2033-11-30T18:30,2.5
CLEAN-012159,EVS360-034,Saint Petersburg,2033-11-30T10:10,2033-11-30T17:30,2.5
CLEAN-012160,EVS360-017,Moscow,2033-11-30T10:50,2033-11-30T19:00,2.5
CLEAN-012161,EVS360-035,Saint Petersburg,2033-11-30T10:50,2033-11-30T18:00,2.5
CLEAN-012162,EVS360-018,Moscow,2033-11-30T11:20,2033-11-30T19:30,2.5
CLEAN-012163,EVS360-036,Saint Petersburg,2033-11-30T11:20,2033-11-30T18:15,2.5
CLEAN-012164,EVS360-019,Moscow,2033-11-30T11:50,2033-11-30T20:00,2.5
CLEAN-012165,EVS360-037,Saint Petersburg,2033-11-30T11:50,2033-11-30T18:30,2.5
CLEAN-012166,EVS360-020,Moscow,2033-11-30T12:10,2033-11-30T20:15,2.5
CLEAN-012167,EVS360-038,Saint Petersburg,2033-11-30T12:10,2033-11-30T19:00,2.5
CLEAN-012168,EVS360-039,Saint Petersburg,2033-11-30T12:35,2033-11-30T19:30,2.5
CLEAN-012169,EVS360-001,Moscow,2033-12-02T00:10,2033-12-02T14:30,2.5
CLEAN-012170,EVS360-002,Moscow,2033-12-02T08:10,2033-12-02T15:00,2.5
CLEAN-012171,EVS360-021,Saint Petersburg,2033-12-02T08:10,2033-12-02T14:30,2.5
CLEAN-012172,EVS360-003,Moscow,2033-12-02T08:35,2033-12-02T16:00,2.5
CLEAN-012173,EVS360-022,Saint Petersburg,2033-12-02T08:35,2033-12-02T15:00,2.5
CLEAN-012174,EVS360-004,Moscow,2033-12-02T08:50,2033-12-02T16:30,2.5
CLEAN-012175,EVS360-023,Saint Petersburg,2033-12-02T08:50,2033-12-02T16:00,2.5
CLEAN-012176,EVS360-005,Moscow,2033-12-02T09:20,2033-12-02T17:30,2.5
CLEAN-012177,EVS360-024,Saint Petersburg,2033-12-02T09:20,2033-12-02T16:30,2.5
CLEAN-012178,EVS360-006,Moscow,2033-12-02T09:35,2033-12-02T18:00,2.5
CLEAN-012179,EVS360-007,Moscow,2033-12-02T09:50,2033-12-02T18:15,2.5
CLEAN-012180,EVS360-025,Saint Petersburg,2033-12-02T09:50,2033-12-02T17:00,2.5
CLEAN-012181,EVS360-008,Moscow,2033-12-02T10:10,2033-12-02T18:30,2.5
CLEAN-012182,EVS360-026,Saint Petersburg,2033-12-02T10:10,2033-12-02T17:30,2.5
CLEAN-012183,EVS360-009,Moscow,2033-12-02T10:50,2033-12-02T19:00,2.5
CLEAN-012184,EVS360-027,Saint Petersburg,2033-12-02T10:50,2033-12-02T18:00,2.5
CLEAN-012185,EVS360-010,Moscow,2033-12-02T11:20,2033-12-02T19:30,2.5
CLEAN-012186,EVS360-028,Saint Petersburg,2033-12-02T11:20,2033-12-02T18:15,2.5
CLEAN-012187,EVS360-011,Moscow,2033-12-02T11:50,2033-12-02T20:00,2.5
CLEAN-012188,EVS360-029,Saint Petersburg,2033-12-02T11:50,2033-12-02T18:30,2.5
CLEAN-012189,EVS360-012,Moscow,2033-12-02T12:10,2033-12-02T20:15,2.5
CLEAN-012190,EVS360-030,Saint Petersburg,2033-12-02T12:10,2033-12-02T19:00,2.5
CLEAN-012191,EVS360-013,Moscow,2033-12-02T12:35,2033-12-02T20:30,2.5
CLEAN-012192,EVS360-031,Saint Petersburg,2033-12-02T12:35,2033-12-02T19:30,2.5
CLEAN-012193,EVS360-014,Moscow,2033-12-02T12:50,2033-12-02T21:00,2.5
CLEAN-012194,EVS360-032,Saint Petersburg,2033-12-02T12:50,2033-12-02T20:00,2.5
CLEAN-012195,EVS360-015,Moscow,2033-12-02T13:20,2033-12-02T21:30,2.5
CLEAN-012196,EVS360-033,Saint Petersburg,2033-12-02T13:20,2033-12-02T20:30,2.5
CLEAN-012197,EVS360-016,Moscow,2033-12-02T13:50,2033-12-02T22:00,2.5
CLEAN-012198,EVS360-034,Saint Petersburg,2033-12-02T13:50,2033-12-02T21:00,2.5
CLEAN-012199,EVS360-017,Moscow,2033-12-02T14:10,2033-12-03T06:00,2.5
CLEAN-012200,EVS360-035,Saint Petersburg,2033-12-02T14:10,2033-12-02T21:30,2.5
CLEAN-012201,EVS360-018,Moscow,2033-12-02T14:50,2033-12-03T06:15,2.5
CLEAN-012202,EVS360-036,Saint Petersburg,2033-12-02T14:50,2033-12-02T22:00,2.5
CLEAN-012203,EVS360-019,Moscow,2033-12-02T15:20,2033-12-03T06:30,2.5
CLEAN-012204,EVS360-037,Saint Petersburg,2033-12-02T15:20,2033-12-03T06:00,2.5
CLEAN-012205,EVS360-038,Saint Petersburg,2033-12-02T15:50,2033-12-03T06:15,2.5
CLEAN-012206,EVS360-020,Moscow,2033-12-02T16:10,2033-12-03T07:00,2.5
CLEAN-012207,EVS360-039,Saint Petersburg,2033-12-02T16:10,2033-12-03T06:30,2.5
CLEAN-012208,EVS360-001,Moscow,2033-12-04T10:50,2033-12-04T19:00,2.5
CLEAN-012209,EVS360-002,Moscow,2033-12-04T11:20,2033-12-04T19:30,2.5
CLEAN-012210,EVS360-003,Moscow,2033-12-04T11:50,2033-12-04T20:00,2.5
CLEAN-012211,EVS360-021,Saint Petersburg,2033-12-04T11:50,2033-12-04T18:30,2.5
CLEAN-012212,EVS360-004,Moscow,2033-12-04T12:10,2033-12-04T20:15,2.5
CLEAN-012213,EVS360-022,Saint Petersburg,2033-12-04T12:10,2033-12-04T19:00,2.5
CLEAN-012214,EVS360-005,Moscow,2033-12-04T12:35,2033-12-04T20:30,2.5
CLEAN-012215,EVS360-023,Saint Petersburg,2033-12-04T12:35,2033-12-04T19:30,2.5
CLEAN-012216,EVS360-006,Moscow,2033-12-04T12:50,2033-12-04T21:00,2.5
CLEAN-012217,EVS360-024,Saint Petersburg,2033-12-04T12:50,2033-12-04T20:00,2.5
CLEAN-012218,EVS360-007,Moscow,2033-12-04T13:20,2033-12-04T21:30,2.5
CLEAN-012219,EVS360-025,Saint Petersburg,2033-12-04T13:20,2033-12-04T20:30,2.5
CLEAN-012220,EVS360-008,Moscow,2033-12-04T13:50,2033-12-04T22:00,2.5
CLEAN-012221,EVS360-026,Saint Petersburg,2033-12-04T13:50,2033-12-04T21:00,2.5
CLEAN-012222,EVS360-009,Moscow,2033-12-04T14:10,2033-12-05T06:00,2.5
CLEAN-012223,EVS360-027,Saint Petersburg,2033-12-04T14:10,2033-12-04T21:30,2.5
CLEAN-012224,EVS360-010,Moscow,2033-12-04T14:50,2033-12-05T06:15,2.5
CLEAN-012225,EVS360-028,Saint Petersburg,2033-12-04T14:50,2033-12-04T22:00,2.5
CLEAN-012226,EVS360-011,Moscow,2033-12-04T15:20,2033-12-05T06:30,2.5
CLEAN-012227,EVS360-029,Saint Petersburg,2033-12-04T15:20,2033-12-05T06:00,2.5
CLEAN-012228,EVS360-030,Saint Petersburg,2033-12-04T15:50,2033-12-05T06:15,2.5
CLEAN-012229,EVS360-012,Moscow,2033-12-04T16:10,2033-12-05T07:00,2.5
CLEAN-012230,EVS360-031,Saint Petersburg,2033-12-04T16:10,2033-12-05T06:30,2.5
CLEAN-012231,EVS360-013,Moscow,2033-12-04T16:50,2033-12-05T07:30,2.5
CLEAN-012232,EVS360-032,Saint Petersburg,2033-12-04T16:50,2033-12-05T07:00,2.5
CLEAN-012233,EVS360-014,Moscow,2033-12-04T17:20,2033-12-05T08:00,2.5
CLEAN-012234,EVS360-033,Saint Petersburg,2033-12-04T17:20,2033-12-05T07:15,2.5
CLEAN-012235,EVS360-015,Moscow,2033-12-04T18:10,2033-12-05T08:30,2.5
CLEAN-012236,EVS360-034,Saint Petersburg,2033-12-04T18:10,2033-12-05T07:30,2.5
CLEAN-012237,EVS360-016,Moscow,2033-12-04T18:50,2033-12-05T09:00,2.5
CLEAN-012238,EVS360-035,Saint Petersburg,2033-12-04T18:50,2033-12-05T08:00,2.5
CLEAN-012239,EVS360-017,Moscow,2033-12-04T19:20,2033-12-05T09:30,2.5
CLEAN-012240,EVS360-018,Moscow,2033-12-04T19:50,2033-12-05T10:00,2.5
CLEAN-012241,EVS360-036,Saint Petersburg,2033-12-04T19:50,2033-12-05T08:30,2.5
CLEAN-012242,EVS360-019,Moscow,2033-12-04T20:10,2033-12-05T10:15,2.5
CLEAN-012243,EVS360-037,Saint Petersburg,2033-12-04T20:10,2033-12-05T09:00,2.5
CLEAN-012244,EVS360-020,Moscow,2033-12-04T20:35,2033-12-05T10:30,2.5
CLEAN-012245,EVS360-038,Saint Petersburg,2033-12-04T20:35,2033-12-05T09:30,2.5
CLEAN-012246,EVS360-039,Saint Petersburg,2033-12-04T20:50,2033-12-05T10:00,2.5
CLEAN-012247,EVS360-001,Moscow,2033-12-06T14:10,2033-12-07T06:00,2.5
CLEAN-012248,EVS360-002,Moscow,2033-12-06T14:50,2033-12-07T06:15,2.5
CLEAN-012249,EVS360-003,Moscow,2033-12-06T15:20,2033-12-07T06:30,2.5
CLEAN-012250,EVS360-021,Saint Petersburg,2033-12-06T15:20,2033-12-07T06:00,2.5
CLEAN-012251,EVS360-022,Saint Petersburg,2033-12-06T15:50,2033-12-07T06:15,2.5
CLEAN-012252,EVS360-004,Moscow,2033-12-06T16:10,2033-12-07T07:00,2.5
CLEAN-012253,EVS360-023,Saint Petersburg,2033-12-06T16:10,2033-12-07T06:30,2.5
CLEAN-012254,EVS360-005,Moscow,2033-12-06T16:50,2033-12-07T07:30,2.5
CLEAN-012255,EVS360-024,Saint Petersburg,2033-12-06T16:50,2033-12-07T07:00,2.5
CLEAN-012256,EVS360-006,Moscow,2033-12-06T17:20,2033-12-07T08:00,2.5
CLEAN-012257,EVS360-025,Saint Petersburg,2033-12-06T17:20,2033-12-07T07:15,2.5
CLEAN-012258,EVS360-007,Moscow,2033-12-06T18:10,2033-12-07T08:30,2.5
CLEAN-012259,EVS360-026,Saint Petersburg,2033-12-06T18:10,2033-12-07T07:30,2.5
CLEAN-012260,EVS360-008,Moscow,2033-12-06T18:50,2033-12-07T09:00,2.5
CLEAN-012261,EVS360-027,Saint Petersburg,2033-12-06T18:50,2033-12-07T08:00,2.5
CLEAN-012262,EVS360-009,Moscow,2033-12-06T19:20,2033-12-07T09:30,2.5
CLEAN-012263,EVS360-010,Moscow,2033-12-06T19:50,2033-12-07T10:00,2.5
CLEAN-012264,EVS360-028,Saint Petersburg,2033-12-06T19:50,2033-12-07T08:30,2.5
CLEAN-012265,EVS360-011,Moscow,2033-12-06T20:10,2033-12-07T10:15,2.5
CLEAN-012266,EVS360-029,Saint Petersburg,2033-12-06T20:10,2033-12-07T09:00,2.5
CLEAN-012267,EVS360-012,Moscow,2033-12-06T20:35,2033-12-07T10:30,2.5
CLEAN-012268,EVS360-030,Saint Petersburg,2033-12-06T20:35,2033-12-07T09:30,2.5
CLEAN-012269,EVS360-013,Moscow,2033-12-06T20:50,2033-12-07T11:00,2.5
CLEAN-012270,EVS360-031,Saint Petersburg,2033-12-06T20:50,2033-12-07T10:00,2.5
CLEAN-012271,EVS360-014,Moscow,2033-12-06T21:20,2033-12-07T11:30,2.5
CLEAN-012272,EVS360-032,Saint Petersburg,2033-12-06T21:20,2033-12-07T10:15,2.5
CLEAN-012273,EVS360-015,Moscow,2033-12-06T21:50,2033-12-07T12:00,2.5
CLEAN-012274,EVS360-033,Saint Petersburg,2033-12-06T21:50,2033-12-07T10:30,2.5
CLEAN-012275,EVS360-016,Moscow,2033-12-06T22:10,2033-12-07T12:30,2.5
CLEAN-012276,EVS360-034,Saint Petersburg,2033-12-06T22:10,2033-12-07T11:00,2.5
CLEAN-012277,EVS360-035,Saint Petersburg,2033-12-06T22:35,2033-12-07T11:30,2.5
CLEAN-012278,EVS360-017,Moscow,2033-12-06T22:50,2033-12-07T13:00,2.5
CLEAN-012279,EVS360-036,Saint Petersburg,2033-12-06T22:50,2033-12-07T12:00,2.5
CLEAN-012280,EVS360-018,Moscow,2033-12-06T23:20,2033-12-07T13:30,2.5
CLEAN-012281,EVS360-037,Saint Petersburg,2033-12-06T23:20,2033-12-07T12:30,2.5
CLEAN-012282,EVS360-019,Moscow,2033-12-06T23:50,2033-12-07T14:00,2.5
CLEAN-012283,EVS360-038,Saint Petersburg,2033-12-06T23:50,2033-12-07T13:00,2.5
CLEAN-012284,EVS360-020,Moscow,2033-12-07T00:10,2033-12-07T14:30,2.5
CLEAN-012285,EVS360-039,Saint Petersburg,2033-12-07T00:10,2033-12-07T14:00,2.5
CLEAN-012286,EVS360-001,Moscow,2033-12-08T19:20,2033-12-09T09:30,2.5
CLEAN-012287,EVS360-002,Moscow,2033-12-08T19:50,2033-12-09T10:00,2.5
CLEAN-012288,EVS360-003,Moscow,2033-12-08T20:10,2033-12-09T10:15,2.5
CLEAN-012289,EVS360-021,Saint Petersburg,2033-12-08T20:10,2033-12-09T09:00,2.5
CLEAN-012290,EVS360-004,Moscow,2033-12-08T20:35,2033-12-09T10:30,2.5
CLEAN-012291,EVS360-022,Saint Petersburg,2033-12-08T20:35,2033-12-09T09:30,2.5
CLEAN-012292,EVS360-005,Moscow,2033-12-08T20:50,2033-12-09T11:00,2.5
CLEAN-012293,EVS360-023,Saint Petersburg,2033-12-08T20:50,2033-12-09T10:00,2.5
CLEAN-012294,EVS360-006,Moscow,2033-12-08T21:20,2033-12-09T11:30,2.5
CLEAN-012295,EVS360-024,Saint Petersburg,2033-12-08T21:20,2033-12-09T10:15,2.5
CLEAN-012296,EVS360-007,Moscow,2033-12-08T21:50,2033-12-09T12:00,2.5
CLEAN-012297,EVS360-025,Saint Petersburg,2033-12-08T21:50,2033-12-09T10:30,2.5
CLEAN-012298,EVS360-008,Moscow,2033-12-08T22:10,2033-12-09T12:30,2.5
CLEAN-012299,EVS360-026,Saint Petersburg,2033-12-08T22:10,2033-12-09T11:00,2.5
CLEAN-012300,EVS360-027,Saint Petersburg,2033-12-08T22:35,2033-12-09T11:30,2.5
CLEAN-012301,EVS360-009,Moscow,2033-12-08T22:50,2033-12-09T13:00,2.5
CLEAN-012302,EVS360-028,Saint Petersburg,2033-12-08T22:50,2033-12-09T12:00,2.5
CLEAN-012303,EVS360-010,Moscow,2033-12-08T23:20,2033-12-09T13:30,2.5
CLEAN-012304,EVS360-029,Saint Petersburg,2033-12-08T23:20,2033-12-09T12:30,2.5
CLEAN-012305,EVS360-011,Moscow,2033-12-08T23:50,2033-12-09T14:00,2.5
CLEAN-012306,EVS360-030,Saint Petersburg,2033-12-08T23:50,2033-12-09T13:00,2.5
CLEAN-012307,EVS360-012,Moscow,2033-12-09T00:10,2033-12-09T14:30,2.5
CLEAN-012308,EVS360-031,Saint Petersburg,2033-12-09T00:10,2033-12-09T14:00,2.5
CLEAN-012309,EVS360-013,Moscow,2033-12-09T08:10,2033-12-09T15:00,2.5
CLEAN-012310,EVS360-032,Saint Petersburg,2033-12-09T08:10,2033-12-09T14:30,2.5
CLEAN-012311,EVS360-014,Moscow,2033-12-09T08:35,2033-12-09T16:00,2.5
CLEAN-012312,EVS360-033,Saint Petersburg,2033-12-09T08:35,2033-12-09T15:00,2.5
CLEAN-012313,EVS360-015,Moscow,2033-12-09T08:50,2033-12-09T16:30,2.5
CLEAN-012314,EVS360-034,Saint Petersburg,2033-12-09T08:50,2033-12-09T16:00,2.5
CLEAN-012315,EVS360-016,Moscow,2033-12-09T09:20,2033-12-09T17:30,2.5
CLEAN-012316,EVS360-035,Saint Petersburg,2033-12-09T09:20,2033-12-09T16:30,2.5
CLEAN-012317,EVS360-017,Moscow,2033-12-09T09:35,2033-12-09T18:00,2.5
CLEAN-012318,EVS360-018,Moscow,2033-12-09T09:50,2033-12-09T18:15,2.5
CLEAN-012319,EVS360-036,Saint Petersburg,2033-12-09T09:50,2033-12-09T17:00,2.5
CLEAN-012320,EVS360-019,Moscow,2033-12-09T10:10,2033-12-09T18:30,2.5
CLEAN-012321,EVS360-037,Saint Petersburg,2033-12-09T10:10,2033-12-09T17:30,2.5
CLEAN-012322,EVS360-020,Moscow,2033-12-09T10:50,2033-12-09T19:00,2.5
CLEAN-012323,EVS360-038,Saint Petersburg,2033-12-09T10:50,2033-12-09T18:00,2.5
CLEAN-012324,EVS360-039,Saint Petersburg,2033-12-09T11:20,2033-12-09T18:15,2.5
CLEAN-012325,EVS360-001,Moscow,2033-12-10T22:50,2033-12-11T13:00,2.5
CLEAN-012326,EVS360-002,Moscow,2033-12-10T23:20,2033-12-11T13:30,2.5
CLEAN-012327,EVS360-021,Saint Petersburg,2033-12-10T23:20,2033-12-11T12:30,2.5
CLEAN-012328,EVS360-003,Moscow,2033-12-10T23:50,2033-12-11T14:00,2.5
CLEAN-012329,EVS360-022,Saint Petersburg,2033-12-10T23:50,2033-12-11T13:00,2.5
CLEAN-012330,EVS360-004,Moscow,2033-12-11T00:10,2033-12-11T14:30,2.5
CLEAN-012331,EVS360-023,Saint Petersburg,2033-12-11T00:10,2033-12-11T14:00,2.5
CLEAN-012332,EVS360-005,Moscow,2033-12-11T08:10,2033-12-11T15:00,2.5
CLEAN-012333,EVS360-024,Saint Petersburg,2033-12-11T08:10,2033-12-11T14:30,2.5
CLEAN-012334,EVS360-006,Moscow,2033-12-11T08:35,2033-12-11T16:00,2.5
CLEAN-012335,EVS360-025,Saint Petersburg,2033-12-11T08:35,2033-12-11T15:00,2.5
CLEAN-012336,EVS360-007,Moscow,2033-12-11T08:50,2033-12-11T16:30,2.5
CLEAN-012337,EVS360-026,Saint Petersburg,2033-12-11T08:50,2033-12-11T16:00,2.5
CLEAN-012338,EVS360-008,Moscow,2033-12-11T09:20,2033-12-11T17:30,2.5
CLEAN-012339,EVS360-027,Saint Petersburg,2033-12-11T09:20,2033-12-11T16:30,2.5
CLEAN-012340,EVS360-009,Moscow,2033-12-11T09:35,2033-12-11T18:00,2.5
CLEAN-012341,EVS360-010,Moscow,2033-12-11T09:50,2033-12-11T18:15,2.5
CLEAN-012342,EVS360-028,Saint Petersburg,2033-12-11T09:50,2033-12-11T17:00,2.5
CLEAN-012343,EVS360-011,Moscow,2033-12-11T10:10,2033-12-11T18:30,2.5
CLEAN-012344,EVS360-029,Saint Petersburg,2033-12-11T10:10,2033-12-11T17:30,2.5
CLEAN-012345,EVS360-012,Moscow,2033-12-11T10:50,2033-12-11T19:00,2.5
CLEAN-012346,EVS360-030,Saint Petersburg,2033-12-11T10:50,2033-12-11T18:00,2.5
CLEAN-012347,EVS360-013,Moscow,2033-12-11T11:20,2033-12-11T19:30,2.5
CLEAN-012348,EVS360-031,Saint Petersburg,2033-12-11T11:20,2033-12-11T18:15,2.5
CLEAN-012349,EVS360-014,Moscow,2033-12-11T11:50,2033-12-11T20:00,2.5
CLEAN-012350,EVS360-032,Saint Petersburg,2033-12-11T11:50,2033-12-11T18:30,2.5
CLEAN-012351,EVS360-015,Moscow,2033-12-11T12:10,2033-12-11T20:15,2.5
CLEAN-012352,EVS360-033,Saint Petersburg,2033-12-11T12:10,2033-12-11T19:00,2.5
CLEAN-012353,EVS360-016,Moscow,2033-12-11T12:35,2033-12-11T20:30,2.5
CLEAN-012354,EVS360-034,Saint Petersburg,2033-12-11T12:35,2033-12-11T19:30,2.5
CLEAN-012355,EVS360-017,Moscow,2033-12-11T12:50,2033-12-11T21:00,2.5
CLEAN-012356,EVS360-035,Saint Petersburg,2033-12-11T12:50,2033-12-11T20:00,2.5
CLEAN-012357,EVS360-018,Moscow,2033-12-11T13:20,2033-12-11T21:30,2.5
CLEAN-012358,EVS360-036,Saint Petersburg,2033-12-11T13:20,2033-12-11T20:30,2.5
CLEAN-012359,EVS360-019,Moscow,2033-12-11T13:50,2033-12-11T22:00,2.5
CLEAN-012360,EVS360-037,Saint Petersburg,2033-12-11T13:50,2033-12-11T21:00,2.5
CLEAN-012361,EVS360-020,Moscow,2033-12-11T14:10,2033-12-12T06:00,2.5
CLEAN-012362,EVS360-038,Saint Petersburg,2033-12-11T14:10,2033-12-11T21:30,2.5
CLEAN-012363,EVS360-039,Saint Petersburg,2033-12-11T14:50,2033-12-11T22:00,2.5
CLEAN-012364,EVS360-001,Moscow,2033-12-13T09:35,2033-12-13T18:00,2.5
CLEAN-012365,EVS360-002,Moscow,2033-12-13T09:50,2033-12-13T18:15,2.5
CLEAN-012366,EVS360-003,Moscow,2033-12-13T10:10,2033-12-13T18:30,2.5
CLEAN-012367,EVS360-021,Saint Petersburg,2033-12-13T10:10,2033-12-13T17:30,2.5
CLEAN-012368,EVS360-004,Moscow,2033-12-13T10:50,2033-12-13T19:00,2.5
CLEAN-012369,EVS360-022,Saint Petersburg,2033-12-13T10:50,2033-12-13T18:00,2.5
CLEAN-012370,EVS360-005,Moscow,2033-12-13T11:20,2033-12-13T19:30,2.5
CLEAN-012371,EVS360-023,Saint Petersburg,2033-12-13T11:20,2033-12-13T18:15,2.5
CLEAN-012372,EVS360-006,Moscow,2033-12-13T11:50,2033-12-13T20:00,2.5
CLEAN-012373,EVS360-024,Saint Petersburg,2033-12-13T11:50,2033-12-13T18:30,2.5
CLEAN-012374,EVS360-007,Moscow,2033-12-13T12:10,2033-12-13T20:15,2.5
CLEAN-012375,EVS360-025,Saint Petersburg,2033-12-13T12:10,2033-12-13T19:00,2.5
CLEAN-012376,EVS360-008,Moscow,2033-12-13T12:35,2033-12-13T20:30,2.5
CLEAN-012377,EVS360-026,Saint Petersburg,2033-12-13T12:35,2033-12-13T19:30,2.5
CLEAN-012378,EVS360-009,Moscow,2033-12-13T12:50,2033-12-13T21:00,2.5
CLEAN-012379,EVS360-027,Saint Petersburg,2033-12-13T12:50,2033-12-13T20:00,2.5
CLEAN-012380,EVS360-010,Moscow,2033-12-13T13:20,2033-12-13T21:30,2.5
CLEAN-012381,EVS360-028,Saint Petersburg,2033-12-13T13:20,2033-12-13T20:30,2.5
CLEAN-012382,EVS360-011,Moscow,2033-12-13T13:50,2033-12-13T22:00,2.5
CLEAN-012383,EVS360-029,Saint Petersburg,2033-12-13T13:50,2033-12-13T21:00,2.5
CLEAN-012384,EVS360-012,Moscow,2033-12-13T14:10,2033-12-14T06:00,2.5
CLEAN-012385,EVS360-030,Saint Petersburg,2033-12-13T14:10,2033-12-13T21:30,2.5
CLEAN-012386,EVS360-013,Moscow,2033-12-13T14:50,2033-12-14T06:15,2.5
CLEAN-012387,EVS360-031,Saint Petersburg,2033-12-13T14:50,2033-12-13T22:00,2.5
CLEAN-012388,EVS360-014,Moscow,2033-12-13T15:20,2033-12-14T06:30,2.5
CLEAN-012389,EVS360-032,Saint Petersburg,2033-12-13T15:20,2033-12-14T06:00,2.5
CLEAN-012390,EVS360-033,Saint Petersburg,2033-12-13T15:50,2033-12-14T06:15,2.5
CLEAN-012391,EVS360-015,Moscow,2033-12-13T16:10,2033-12-14T07:00,2.5
CLEAN-012392,EVS360-034,Saint Petersburg,2033-12-13T16:10,2033-12-14T06:30,2.5
CLEAN-012393,EVS360-016,Moscow,2033-12-13T16:50,2033-12-14T07:30,2.5
CLEAN-012394,EVS360-035,Saint Petersburg,2033-12-13T16:50,2033-12-14T07:00,2.5
CLEAN-012395,EVS360-017,Moscow,2033-12-13T17:20,2033-12-14T08:00,2.5
CLEAN-012396,EVS360-036,Saint Petersburg,2033-12-13T17:20,2033-12-14T07:15,2.5
CLEAN-012397,EVS360-018,Moscow,2033-12-13T18:10,2033-12-14T08:30,2.5
CLEAN-012398,EVS360-037,Saint Petersburg,2033-12-13T18:10,2033-12-14T07:30,2.5
CLEAN-012399,EVS360-019,Moscow,2033-12-13T18:50,2033-12-14T09:00,2.5
CLEAN-012400,EVS360-038,Saint Petersburg,2033-12-13T18:50,2033-12-14T08:00,2.5
CLEAN-012401,EVS360-020,Moscow,2033-12-13T19:20,2033-12-14T09:30,2.5
CLEAN-012402,EVS360-039,Saint Petersburg,2033-12-13T19:50,2033-12-14T08:30,2.5
CLEAN-012403,EVS360-001,Moscow,2033-12-15T12:50,2033-12-15T21:00,2.5
CLEAN-012404,EVS360-002,Moscow,2033-12-15T13:20,2033-12-15T21:30,2.5
CLEAN-012405,EVS360-003,Moscow,2033-12-15T13:50,2033-12-15T22:00,2.5
CLEAN-012406,EVS360-021,Saint Petersburg,2033-12-15T13:50,2033-12-15T21:00,2.5
CLEAN-012407,EVS360-004,Moscow,2033-12-15T14:10,2033-12-16T06:00,2.5
CLEAN-012408,EVS360-022,Saint Petersburg,2033-12-15T14:10,2033-12-15T21:30,2.5
CLEAN-012409,EVS360-005,Moscow,2033-12-15T14:50,2033-12-16T06:15,2.5
CLEAN-012410,EVS360-023,Saint Petersburg,2033-12-15T14:50,2033-12-15T22:00,2.5
CLEAN-012411,EVS360-006,Moscow,2033-12-15T15:20,2033-12-16T06:30,2.5
CLEAN-012412,EVS360-024,Saint Petersburg,2033-12-15T15:20,2033-12-16T06:00,2.5
CLEAN-012413,EVS360-025,Saint Petersburg,2033-12-15T15:50,2033-12-16T06:15,2.5
CLEAN-012414,EVS360-007,Moscow,2033-12-15T16:10,2033-12-16T07:00,2.5
CLEAN-012415,EVS360-026,Saint Petersburg,2033-12-15T16:10,2033-12-16T06:30,2.5
CLEAN-012416,EVS360-008,Moscow,2033-12-15T16:50,2033-12-16T07:30,2.5
CLEAN-012417,EVS360-027,Saint Petersburg,2033-12-15T16:50,2033-12-16T07:00,2.5
CLEAN-012418,EVS360-009,Moscow,2033-12-15T17:20,2033-12-16T08:00,2.5
CLEAN-012419,EVS360-028,Saint Petersburg,2033-12-15T17:20,2033-12-16T07:15,2.5
CLEAN-012420,EVS360-010,Moscow,2033-12-15T18:10,2033-12-16T08:30,2.5
CLEAN-012421,EVS360-029,Saint Petersburg,2033-12-15T18:10,2033-12-16T07:30,2.5
CLEAN-012422,EVS360-011,Moscow,2033-12-15T18:50,2033-12-16T09:00,2.5
CLEAN-012423,EVS360-030,Saint Petersburg,2033-12-15T18:50,2033-12-16T08:00,2.5
CLEAN-012424,EVS360-012,Moscow,2033-12-15T19:20,2033-12-16T09:30,2.5
CLEAN-012425,EVS360-013,Moscow,2033-12-15T19:50,2033-12-16T10:00,2.5
CLEAN-012426,EVS360-031,Saint Petersburg,2033-12-15T19:50,2033-12-16T08:30,2.5
CLEAN-012427,EVS360-014,Moscow,2033-12-15T20:10,2033-12-16T10:15,2.5
CLEAN-012428,EVS360-032,Saint Petersburg,2033-12-15T20:10,2033-12-16T09:00,2.5
CLEAN-012429,EVS360-015,Moscow,2033-12-15T20:35,2033-12-16T10:30,2.5
CLEAN-012430,EVS360-033,Saint Petersburg,2033-12-15T20:35,2033-12-16T09:30,2.5
CLEAN-012431,EVS360-016,Moscow,2033-12-15T20:50,2033-12-16T11:00,2.5
CLEAN-012432,EVS360-034,Saint Petersburg,2033-12-15T20:50,2033-12-16T10:00,2.5
CLEAN-012433,EVS360-017,Moscow,2033-12-15T21:20,2033-12-16T11:30,2.5
CLEAN-012434,EVS360-035,Saint Petersburg,2033-12-15T21:20,2033-12-16T10:15,2.5
CLEAN-012435,EVS360-018,Moscow,2033-12-15T21:50,2033-12-16T12:00,2.5
CLEAN-012436,EVS360-036,Saint Petersburg,2033-12-15T21:50,2033-12-16T10:30,2.5
CLEAN-012437,EVS360-019,Moscow,2033-12-15T22:10,2033-12-16T12:30,2.5
CLEAN-012438,EVS360-037,Saint Petersburg,2033-12-15T22:10,2033-12-16T11:00,2.5
CLEAN-012439,EVS360-038,Saint Petersburg,2033-12-15T22:35,2033-12-16T11:30,2.5
CLEAN-012440,EVS360-020,Moscow,2033-12-15T22:50,2033-12-16T13:00,2.5
CLEAN-012441,EVS360-039,Saint Petersburg,2033-12-15T22:50,2033-12-16T12:00,2.5
CLEAN-012442,EVS360-001,Moscow,2033-12-17T17:20,2033-12-18T08:00,2.5
CLEAN-012443,EVS360-002,Moscow,2033-12-17T18:10,2033-12-18T08:30,2.5
CLEAN-012444,EVS360-021,Saint Petersburg,2033-12-17T18:10,2033-12-18T07:30,2.5
CLEAN-012445,EVS360-003,Moscow,2033-12-17T18:50,2033-12-18T09:00,2.5
CLEAN-012446,EVS360-022,Saint Petersburg,2033-12-17T18:50,2033-12-18T08:00,2.5
CLEAN-012447,EVS360-004,Moscow,2033-12-17T19:20,2033-12-18T09:30,2.5
CLEAN-012448,EVS360-005,Moscow,2033-12-17T19:50,2033-12-18T10:00,2.5
CLEAN-012449,EVS360-023,Saint Petersburg,2033-12-17T19:50,2033-12-18T08:30,2.5
CLEAN-012450,EVS360-006,Moscow,2033-12-17T20:10,2033-12-18T10:15,2.5
CLEAN-012451,EVS360-024,Saint Petersburg,2033-12-17T20:10,2033-12-18T09:00,2.5
CLEAN-012452,EVS360-007,Moscow,2033-12-17T20:35,2033-12-18T10:30,2.5
CLEAN-012453,EVS360-025,Saint Petersburg,2033-12-17T20:35,2033-12-18T09:30,2.5
CLEAN-012454,EVS360-008,Moscow,2033-12-17T20:50,2033-12-18T11:00,2.5
CLEAN-012455,EVS360-026,Saint Petersburg,2033-12-17T20:50,2033-12-18T10:00,2.5
CLEAN-012456,EVS360-009,Moscow,2033-12-17T21:20,2033-12-18T11:30,2.5
CLEAN-012457,EVS360-027,Saint Petersburg,2033-12-17T21:20,2033-12-18T10:15,2.5
CLEAN-012458,EVS360-010,Moscow,2033-12-17T21:50,2033-12-18T12:00,2.5
CLEAN-012459,EVS360-028,Saint Petersburg,2033-12-17T21:50,2033-12-18T10:30,2.5
CLEAN-012460,EVS360-011,Moscow,2033-12-17T22:10,2033-12-18T12:30,2.5
CLEAN-012461,EVS360-029,Saint Petersburg,2033-12-17T22:10,2033-12-18T11:00,2.5
CLEAN-012462,EVS360-030,Saint Petersburg,2033-12-17T22:35,2033-12-18T11:30,2.5
CLEAN-012463,EVS360-012,Moscow,2033-12-17T22:50,2033-12-18T13:00,2.5
CLEAN-012464,EVS360-031,Saint Petersburg,2033-12-17T22:50,2033-12-18T12:00,2.5
CLEAN-012465,EVS360-013,Moscow,2033-12-17T23:20,2033-12-18T13:30,2.5
CLEAN-012466,EVS360-032,Saint Petersburg,2033-12-17T23:20,2033-12-18T12:30,2.5
CLEAN-012467,EVS360-014,Moscow,2033-12-17T23:50,2033-12-18T14:00,2.5
CLEAN-012468,EVS360-033,Saint Petersburg,2033-12-17T23:50,2033-12-18T13:00,2.5
CLEAN-012469,EVS360-015,Moscow,2033-12-18T00:10,2033-12-18T14:30,2.5
CLEAN-012470,EVS360-034,Saint Petersburg,2033-12-18T00:10,2033-12-18T14:00,2.5
CLEAN-012471,EVS360-016,Moscow,2033-12-18T08:10,2033-12-18T15:00,2.5
CLEAN-012472,EVS360-035,Saint Petersburg,2033-12-18T08:10,2033-12-18T14:30,2.5
CLEAN-012473,EVS360-017,Moscow,2033-12-18T08:35,2033-12-18T16:00,2.5
CLEAN-012474,EVS360-036,Saint Petersburg,2033-12-18T08:35,2033-12-18T15:00,2.5
CLEAN-012475,EVS360-018,Moscow,2033-12-18T08:50,2033-12-18T16:30,2.5
CLEAN-012476,EVS360-037,Saint Petersburg,2033-12-18T08:50,2033-12-18T16:00,2.5
CLEAN-012477,EVS360-019,Moscow,2033-12-18T09:20,2033-12-18T17:30,2.5
CLEAN-012478,EVS360-038,Saint Petersburg,2033-12-18T09:20,2033-12-18T16:30,2.5
CLEAN-012479,EVS360-020,Moscow,2033-12-18T09:35,2033-12-18T18:00,2.5
CLEAN-012480,EVS360-039,Saint Petersburg,2033-12-18T09:50,2033-12-18T17:00,2.5
CLEAN-012481,EVS360-001,Moscow,2033-12-19T21:20,2033-12-20T11:30,2.5
CLEAN-012482,EVS360-002,Moscow,2033-12-19T21:50,2033-12-20T12:00,2.5
CLEAN-012483,EVS360-003,Moscow,2033-12-19T22:10,2033-12-20T12:30,2.5
CLEAN-012484,EVS360-021,Saint Petersburg,2033-12-19T22:10,2033-12-20T11:00,2.5
CLEAN-012485,EVS360-022,Saint Petersburg,2033-12-19T22:35,2033-12-20T11:30,2.5
CLEAN-012486,EVS360-004,Moscow,2033-12-19T22:50,2033-12-20T13:00,2.5
CLEAN-012487,EVS360-023,Saint Petersburg,2033-12-19T22:50,2033-12-20T12:00,2.5
CLEAN-012488,EVS360-005,Moscow,2033-12-19T23:20,2033-12-20T13:30,2.5
CLEAN-012489,EVS360-024,Saint Petersburg,2033-12-19T23:20,2033-12-20T12:30,2.5
CLEAN-012490,EVS360-006,Moscow,2033-12-19T23:50,2033-12-20T14:00,2.5
CLEAN-012491,EVS360-025,Saint Petersburg,2033-12-19T23:50,2033-12-20T13:00,2.5
CLEAN-012492,EVS360-007,Moscow,2033-12-20T00:10,2033-12-20T14:30,2.5
CLEAN-012493,EVS360-026,Saint Petersburg,2033-12-20T00:10,2033-12-20T14:00,2.5
CLEAN-012494,EVS360-008,Moscow,2033-12-20T08:10,2033-12-20T15:00,2.5
CLEAN-012495,EVS360-027,Saint Petersburg,2033-12-20T08:10,2033-12-20T14:30,2.5
CLEAN-012496,EVS360-009,Moscow,2033-12-20T08:35,2033-12-20T16:00,2.5
CLEAN-012497,EVS360-028,Saint Petersburg,2033-12-20T08:35,2033-12-20T15:00,2.5
CLEAN-012498,EVS360-010,Moscow,2033-12-20T08:50,2033-12-20T16:30,2.5
CLEAN-012499,EVS360-029,Saint Petersburg,2033-12-20T08:50,2033-12-20T16:00,2.5
CLEAN-012500,EVS360-011,Moscow,2033-12-20T09:20,2033-12-20T17:30,2.5
CLEAN-012501,EVS360-030,Saint Petersburg,2033-12-20T09:20,2033-12-20T16:30,2.5
CLEAN-012502,EVS360-012,Moscow,2033-12-20T09:35,2033-12-20T18:00,2.5
CLEAN-012503,EVS360-013,Moscow,2033-12-20T09:50,2033-12-20T18:15,2.5
CLEAN-012504,EVS360-031,Saint Petersburg,2033-12-20T09:50,2033-12-20T17:00,2.5
CLEAN-012505,EVS360-014,Moscow,2033-12-20T10:10,2033-12-20T18:30,2.5
CLEAN-012506,EVS360-032,Saint Petersburg,2033-12-20T10:10,2033-12-20T17:30,2.5
CLEAN-012507,EVS360-015,Moscow,2033-12-20T10:50,2033-12-20T19:00,2.5
CLEAN-012508,EVS360-033,Saint Petersburg,2033-12-20T10:50,2033-12-20T18:00,2.5
CLEAN-012509,EVS360-016,Moscow,2033-12-20T11:20,2033-12-20T19:30,2.5
CLEAN-012510,EVS360-034,Saint Petersburg,2033-12-20T11:20,2033-12-20T18:15,2.5
CLEAN-012511,EVS360-017,Moscow,2033-12-20T11:50,2033-12-20T20:00,2.5
CLEAN-012512,EVS360-035,Saint Petersburg,2033-12-20T11:50,2033-12-20T18:30,2.5
CLEAN-012513,EVS360-018,Moscow,2033-12-20T12:10,2033-12-20T20:15,2.5
CLEAN-012514,EVS360-036,Saint Petersburg,2033-12-20T12:10,2033-12-20T19:00,2.5
CLEAN-012515,EVS360-019,Moscow,2033-12-20T12:35,2033-12-20T20:30,2.5
CLEAN-012516,EVS360-037,Saint Petersburg,2033-12-20T12:35,2033-12-20T19:30,2.5
CLEAN-012517,EVS360-020,Moscow,2033-12-20T12:50,2033-12-20T21:00,2.5
CLEAN-012518,EVS360-038,Saint Petersburg,2033-12-20T12:50,2033-12-20T20:00,2.5
CLEAN-012519,EVS360-039,Saint Petersburg,2033-12-20T13:20,2033-12-20T20:30,2.5
CLEAN-012520,EVS360-001,Moscow,2033-12-22T08:35,2033-12-22T16:00,2.5
CLEAN-012521,EVS360-002,Moscow,2033-12-22T08:50,2033-12-22T16:30,2.5
CLEAN-012522,EVS360-021,Saint Petersburg,2033-12-22T08:50,2033-12-22T16:00,2.5
CLEAN-012523,EVS360-003,Moscow,2033-12-22T09:20,2033-12-22T17:30,2.5
CLEAN-012524,EVS360-022,Saint Petersburg,2033-12-22T09:20,2033-12-22T16:30,2.5
CLEAN-012525,EVS360-004,Moscow,2033-12-22T09:35,2033-12-22T18:00,2.5
CLEAN-012526,EVS360-005,Moscow,2033-12-22T09:50,2033-12-22T18:15,2.5
CLEAN-012527,EVS360-023,Saint Petersburg,2033-12-22T09:50,2033-12-22T17:00,2.5
CLEAN-012528,EVS360-006,Moscow,2033-12-22T10:10,2033-12-22T18:30,2.5
CLEAN-012529,EVS360-024,Saint Petersburg,2033-12-22T10:10,2033-12-22T17:30,2.5
CLEAN-012530,EVS360-007,Moscow,2033-12-22T10:50,2033-12-22T19:00,2.5
CLEAN-012531,EVS360-025,Saint Petersburg,2033-12-22T10:50,2033-12-22T18:00,2.5
CLEAN-012532,EVS360-008,Moscow,2033-12-22T11:20,2033-12-22T19:30,2.5
CLEAN-012533,EVS360-026,Saint Petersburg,2033-12-22T11:20,2033-12-22T18:15,2.5
CLEAN-012534,EVS360-009,Moscow,2033-12-22T11:50,2033-12-22T20:00,2.5
CLEAN-012535,EVS360-027,Saint Petersburg,2033-12-22T11:50,2033-12-22T18:30,2.5
CLEAN-012536,EVS360-010,Moscow,2033-12-22T12:10,2033-12-22T20:15,2.5
CLEAN-012537,EVS360-028,Saint Petersburg,2033-12-22T12:10,2033-12-22T19:00,2.5
CLEAN-012538,EVS360-011,Moscow,2033-12-22T12:35,2033-12-22T20:30,2.5
CLEAN-012539,EVS360-029,Saint Petersburg,2033-12-22T12:35,2033-12-22T19:30,2.5
CLEAN-012540,EVS360-012,Moscow,2033-12-22T12:50,2033-12-22T21:00,2.5
CLEAN-012541,EVS360-030,Saint Petersburg,2033-12-22T12:50,2033-12-22T20:00,2.5
CLEAN-012542,EVS360-013,Moscow,2033-12-22T13:20,2033-12-22T21:30,2.5
CLEAN-012543,EVS360-031,Saint Petersburg,2033-12-22T13:20,2033-12-22T20:30,2.5
CLEAN-012544,EVS360-014,Moscow,2033-12-22T13:50,2033-12-22T22:00,2.5
CLEAN-012545,EVS360-032,Saint Petersburg,2033-12-22T13:50,2033-12-22T21:00,2.5
CLEAN-012546,EVS360-015,Moscow,2033-12-22T14:10,2033-12-23T06:00,2.5
CLEAN-012547,EVS360-033,Saint Petersburg,2033-12-22T14:10,2033-12-22T21:30,2.5
CLEAN-012548,EVS360-016,Moscow,2033-12-22T14:50,2033-12-23T06:15,2.5
CLEAN-012549,EVS360-034,Saint Petersburg,2033-12-22T14:50,2033-12-22T22:00,2.5
CLEAN-012550,EVS360-017,Moscow,2033-12-22T15:20,2033-12-23T06:30,2.5
CLEAN-012551,EVS360-035,Saint Petersburg,2033-12-22T15:20,2033-12-23T06:00,2.5
CLEAN-012552,EVS360-036,Saint Petersburg,2033-12-22T15:50,2033-12-23T06:15,2.5
CLEAN-012553,EVS360-018,Moscow,2033-12-22T16:10,2033-12-23T07:00,2.5
CLEAN-012554,EVS360-037,Saint Petersburg,2033-12-22T16:10,2033-12-23T06:30,2.5
CLEAN-012555,EVS360-019,Moscow,2033-12-22T16:50,2033-12-23T07:30,2.5
CLEAN-012556,EVS360-038,Saint Petersburg,2033-12-22T16:50,2033-12-23T07:00,2.5
CLEAN-012557,EVS360-020,Moscow,2033-12-22T17:20,2033-12-23T08:00,2.5
CLEAN-012558,EVS360-039,Saint Petersburg,2033-12-22T17:20,2033-12-23T07:15,2.5
CLEAN-012559,EVS360-001,Moscow,2033-12-24T11:50,2033-12-24T20:00,2.5
CLEAN-012560,EVS360-002,Moscow,2033-12-24T12:10,2033-12-24T20:15,2.5
CLEAN-012561,EVS360-003,Moscow,2033-12-24T12:35,2033-12-24T20:30,2.5
CLEAN-012562,EVS360-021,Saint Petersburg,2033-12-24T12:35,2033-12-24T19:30,2.5
CLEAN-012563,EVS360-004,Moscow,2033-12-24T12:50,2033-12-24T21:00,2.5
CLEAN-012564,EVS360-022,Saint Petersburg,2033-12-24T12:50,2033-12-24T20:00,2.5
CLEAN-012565,EVS360-005,Moscow,2033-12-24T13:20,2033-12-24T21:30,2.5
CLEAN-012566,EVS360-023,Saint Petersburg,2033-12-24T13:20,2033-12-24T20:30,2.5
CLEAN-012567,EVS360-006,Moscow,2033-12-24T13:50,2033-12-24T22:00,2.5
CLEAN-012568,EVS360-024,Saint Petersburg,2033-12-24T13:50,2033-12-24T21:00,2.5
CLEAN-012569,EVS360-007,Moscow,2033-12-24T14:10,2033-12-25T06:00,2.5
CLEAN-012570,EVS360-025,Saint Petersburg,2033-12-24T14:10,2033-12-24T21:30,2.5
CLEAN-012571,EVS360-008,Moscow,2033-12-24T14:50,2033-12-25T06:15,2.5
CLEAN-012572,EVS360-026,Saint Petersburg,2033-12-24T14:50,2033-12-24T22:00,2.5
CLEAN-012573,EVS360-009,Moscow,2033-12-24T15:20,2033-12-25T06:30,2.5
CLEAN-012574,EVS360-027,Saint Petersburg,2033-12-24T15:20,2033-12-25T06:00,2.5
CLEAN-012575,EVS360-028,Saint Petersburg,2033-12-24T15:50,2033-12-25T06:15,2.5
CLEAN-012576,EVS360-010,Moscow,2033-12-24T16:10,2033-12-25T07:00,2.5
CLEAN-012577,EVS360-029,Saint Petersburg,2033-12-24T16:10,2033-12-25T06:30,2.5
CLEAN-012578,EVS360-011,Moscow,2033-12-24T16:50,2033-12-25T07:30,2.5
CLEAN-012579,EVS360-030,Saint Petersburg,2033-12-24T16:50,2033-12-25T07:00,2.5
CLEAN-012580,EVS360-012,Moscow,2033-12-24T17:20,2033-12-25T08:00,2.5
CLEAN-012581,EVS360-031,Saint Petersburg,2033-12-24T17:20,2033-12-25T07:15,2.5
CLEAN-012582,EVS360-013,Moscow,2033-12-24T18:10,2033-12-25T08:30,2.5
CLEAN-012583,EVS360-032,Saint Petersburg,2033-12-24T18:10,2033-12-25T07:30,2.5
CLEAN-012584,EVS360-014,Moscow,2033-12-24T18:50,2033-12-25T09:00,2.5
CLEAN-012585,EVS360-033,Saint Petersburg,2033-12-24T18:50,2033-12-25T08:00,2.5
CLEAN-012586,EVS360-015,Moscow,2033-12-24T19:20,2033-12-25T09:30,2.5
CLEAN-012587,EVS360-016,Moscow,2033-12-24T19:50,2033-12-25T10:00,2.5
CLEAN-012588,EVS360-034,Saint Petersburg,2033-12-24T19:50,2033-12-25T08:30,2.5
CLEAN-012589,EVS360-017,Moscow,2033-12-24T20:10,2033-12-25T10:15,2.5
CLEAN-012590,EVS360-035,Saint Petersburg,2033-12-24T20:10,2033-12-25T09:00,2.5
CLEAN-012591,EVS360-018,Moscow,2033-12-24T20:35,2033-12-25T10:30,2.5
CLEAN-012592,EVS360-036,Saint Petersburg,2033-12-24T20:35,2033-12-25T09:30,2.5
CLEAN-012593,EVS360-019,Moscow,2033-12-24T20:50,2033-12-25T11:00,2.5
CLEAN-012594,EVS360-037,Saint Petersburg,2033-12-24T20:50,2033-12-25T10:00,2.5
CLEAN-012595,EVS360-020,Moscow,2033-12-24T21:20,2033-12-25T11:30,2.5
CLEAN-012596,EVS360-038,Saint Petersburg,2033-12-24T21:20,2033-12-25T10:15,2.5
CLEAN-012597,EVS360-039,Saint Petersburg,2033-12-24T21:50,2033-12-25T10:30,2.5
CLEAN-012598,EVS360-001,Moscow,2033-12-26T15:20,2033-12-27T06:30,2.5
CLEAN-012599,EVS360-002,Moscow,2033-12-26T16:10,2033-12-27T07:00,2.5
CLEAN-012600,EVS360-021,Saint Petersburg,2033-12-26T16:10,2033-12-27T06:30,2.5
CLEAN-012601,EVS360-003,Moscow,2033-12-26T16:50,2033-12-27T07:30,2.5
CLEAN-012602,EVS360-022,Saint Petersburg,2033-12-26T16:50,2033-12-27T07:00,2.5
CLEAN-012603,EVS360-004,Moscow,2033-12-26T17:20,2033-12-27T08:00,2.5
CLEAN-012604,EVS360-023,Saint Petersburg,2033-12-26T17:20,2033-12-27T07:15,2.5
CLEAN-012605,EVS360-005,Moscow,2033-12-26T18:10,2033-12-27T08:30,2.5
CLEAN-012606,EVS360-024,Saint Petersburg,2033-12-26T18:10,2033-12-27T07:30,2.5
CLEAN-012607,EVS360-006,Moscow,2033-12-26T18:50,2033-12-27T09:00,2.5
CLEAN-012608,EVS360-025,Saint Petersburg,2033-12-26T18:50,2033-12-27T08:00,2.5
CLEAN-012609,EVS360-007,Moscow,2033-12-26T19:20,2033-12-27T09:30,2.5
CLEAN-012610,EVS360-008,Moscow,2033-12-26T19:50,2033-12-27T10:00,2.5
CLEAN-012611,EVS360-026,Saint Petersburg,2033-12-26T19:50,2033-12-27T08:30,2.5
CLEAN-012612,EVS360-009,Moscow,2033-12-26T20:10,2033-12-27T10:15,2.5
CLEAN-012613,EVS360-027,Saint Petersburg,2033-12-26T20:10,2033-12-27T09:00,2.5
CLEAN-012614,EVS360-010,Moscow,2033-12-26T20:35,2033-12-27T10:30,2.5
CLEAN-012615,EVS360-028,Saint Petersburg,2033-12-26T20:35,2033-12-27T09:30,2.5
CLEAN-012616,EVS360-011,Moscow,2033-12-26T20:50,2033-12-27T11:00,2.5
CLEAN-012617,EVS360-029,Saint Petersburg,2033-12-26T20:50,2033-12-27T10:00,2.5
CLEAN-012618,EVS360-012,Moscow,2033-12-26T21:20,2033-12-27T11:30,2.5
CLEAN-012619,EVS360-030,Saint Petersburg,2033-12-26T21:20,2033-12-27T10:15,2.5
CLEAN-012620,EVS360-013,Moscow,2033-12-26T21:50,2033-12-27T12:00,2.5
CLEAN-012621,EVS360-031,Saint Petersburg,2033-12-26T21:50,2033-12-27T10:30,2.5
CLEAN-012622,EVS360-014,Moscow,2033-12-26T22:10,2033-12-27T12:30,2.5
CLEAN-012623,EVS360-032,Saint Petersburg,2033-12-26T22:10,2033-12-27T11:00,2.5
CLEAN-012624,EVS360-033,Saint Petersburg,2033-12-26T22:35,2033-12-27T11:30,2.5
CLEAN-012625,EVS360-015,Moscow,2033-12-26T22:50,2033-12-27T13:00,2.5
CLEAN-012626,EVS360-034,Saint Petersburg,2033-12-26T22:50,2033-12-27T12:00,2.5
CLEAN-012627,EVS360-016,Moscow,2033-12-26T23:20,2033-12-27T13:30,2.5
CLEAN-012628,EVS360-035,Saint Petersburg,2033-12-26T23:20,2033-12-27T12:30,2.5
CLEAN-012629,EVS360-017,Moscow,2033-12-26T23:50,2033-12-27T14:00,2.5
CLEAN-012630,EVS360-036,Saint Petersburg,2033-12-26T23:50,2033-12-27T13:00,2.5
CLEAN-012631,EVS360-018,Moscow,2033-12-27T00:10,2033-12-27T14:30,2.5
CLEAN-012632,EVS360-037,Saint Petersburg,2033-12-27T00:10,2033-12-27T14:00,2.5
CLEAN-012633,EVS360-019,Moscow,2033-12-27T08:10,2033-12-27T15:00,2.5
CLEAN-012634,EVS360-038,Saint Petersburg,2033-12-27T08:10,2033-12-27T14:30,2.5
CLEAN-012635,EVS360-020,Moscow,2033-12-27T08:35,2033-12-27T16:00,2.5
CLEAN-012636,EVS360-039,Saint Petersburg,2033-12-27T08:35,2033-12-27T15:00,2.5
CLEAN-012637,EVS360-001,Moscow,2033-12-28T20:10,2033-12-29T10:15,2.5
CLEAN-012638,EVS360-002,Moscow,2033-12-28T20:35,2033-12-29T10:30,2.5
CLEAN-012639,EVS360-003,Moscow,2033-12-28T20:50,2033-12-29T11:00,2.5
CLEAN-012640,EVS360-021,Saint Petersburg,2033-12-28T20:50,2033-12-29T10:00,2.5
CLEAN-012641,EVS360-004,Moscow,2033-12-28T21:20,2033-12-29T11:30,2.5
CLEAN-012642,EVS360-022,Saint Petersburg,2033-12-28T21:20,2033-12-29T10:15,2.5
CLEAN-012643,EVS360-005,Moscow,2033-12-28T21:50,2033-12-29T12:00,2.5
CLEAN-012644,EVS360-023,Saint Petersburg,2033-12-28T21:50,2033-12-29T10:30,2.5
CLEAN-012645,EVS360-006,Moscow,2033-12-28T22:10,2033-12-29T12:30,2.5
CLEAN-012646,EVS360-024,Saint Petersburg,2033-12-28T22:10,2033-12-29T11:00,2.5
CLEAN-012647,EVS360-025,Saint Petersburg,2033-12-28T22:35,2033-12-29T11:30,2.5
CLEAN-012648,EVS360-007,Moscow,2033-12-28T22:50,2033-12-29T13:00,2.5
CLEAN-012649,EVS360-026,Saint Petersburg,2033-12-28T22:50,2033-12-29T12:00,2.5
CLEAN-012650,EVS360-008,Moscow,2033-12-28T23:20,2033-12-29T13:30,2.5
CLEAN-012651,EVS360-027,Saint Petersburg,2033-12-28T23:20,2033-12-29T12:30,2.5
CLEAN-012652,EVS360-009,Moscow,2033-12-28T23:50,2033-12-29T14:00,2.5
CLEAN-012653,EVS360-028,Saint Petersburg,2033-12-28T23:50,2033-12-29T13:00,2.5
CLEAN-012654,EVS360-010,Moscow,2033-12-29T00:10,2033-12-29T14:30,2.5
CLEAN-012655,EVS360-029,Saint Petersburg,2033-12-29T00:10,2033-12-29T14:00,2.5
CLEAN-012656,EVS360-011,Moscow,2033-12-29T08:10,2033-12-29T15:00,2.5
CLEAN-012657,EVS360-030,Saint Petersburg,2033-12-29T08:10,2033-12-29T14:30,2.5
CLEAN-012658,EVS360-012,Moscow,2033-12-29T08:35,2033-12-29T16:00,2.5
CLEAN-012659,EVS360-031,Saint Petersburg,2033-12-29T08:35,2033-12-29T15:00,2.5
CLEAN-012660,EVS360-013,Moscow,2033-12-29T08:50,2033-12-29T16:30,2.5
CLEAN-012661,EVS360-032,Saint Petersburg,2033-12-29T08:50,2033-12-29T16:00,2.5
CLEAN-012662,EVS360-014,Moscow,2033-12-29T09:20,2033-12-29T17:30,2.5
CLEAN-012663,EVS360-033,Saint Petersburg,2033-12-29T09:20,2033-12-29T16:30,2.5
CLEAN-012664,EVS360-015,Moscow,2033-12-29T09:35,2033-12-29T18:00,2.5
CLEAN-012665,EVS360-016,Moscow,2033-12-29T09:50,2033-12-29T18:15,2.5
CLEAN-012666,EVS360-034,Saint Petersburg,2033-12-29T09:50,2033-12-29T17:00,2.5
CLEAN-012667,EVS360-017,Moscow,2033-12-29T10:10,2033-12-29T18:30,2.5
CLEAN-012668,EVS360-035,Saint Petersburg,2033-12-29T10:10,2033-12-29T17:30,2.5
CLEAN-012669,EVS360-018,Moscow,2033-12-29T10:50,2033-12-29T19:00,2.5
CLEAN-012670,EVS360-036,Saint Petersburg,2033-12-29T10:50,2033-12-29T18:00,2.5
CLEAN-012671,EVS360-019,Moscow,2033-12-29T11:20,2033-12-29T19:30,2.5
CLEAN-012672,EVS360-037,Saint Petersburg,2033-12-29T11:20,2033-12-29T18:15,2.5
CLEAN-012673,EVS360-020,Moscow,2033-12-29T11:50,2033-12-29T20:00,2.5
CLEAN-012674,EVS360-038,Saint Petersburg,2033-12-29T11:50,2033-12-29T18:30,2.5
CLEAN-012675,EVS360-039,Saint Petersburg,2033-12-29T12:10,2033-12-29T19:00,2.5
CLEAN-012676,EVS360-001,Moscow,2033-12-30T23:50,2033-12-31T14:00,2.5
CLEAN-012677,EVS360-002,Moscow,2033-12-31T00:10,2033-12-31T14:30,2.5
CLEAN-012678,EVS360-021,Saint Petersburg,2033-12-31T00:10,2033-12-31T14:00,2.5
CLEAN-012679,EVS360-003,Moscow,2033-12-31T08:10,2033-12-31T15:00,2.5
CLEAN-012680,EVS360-022,Saint Petersburg,2033-12-31T08:10,2033-12-31T14:30,2.5
CLEAN-012681,EVS360-004,Moscow,2033-12-31T08:35,2033-12-31T16:00,2.5
CLEAN-012682,EVS360-023,Saint Petersburg,2033-12-31T08:35,2033-12-31T15:00,2.5
CLEAN-012683,EVS360-005,Moscow,2033-12-31T08:50,2033-12-31T16:30,2.5
CLEAN-012684,EVS360-024,Saint Petersburg,2033-12-31T08:50,2033-12-31T16:00,2.5
CLEAN-012685,EVS360-006,Moscow,2033-12-31T09:20,2033-12-31T17:30,2.5
CLEAN-012686,EVS360-025,Saint Petersburg,2033-12-31T09:20,2033-12-31T16:30,2.5
CLEAN-012687,EVS360-007,Moscow,2033-12-31T09:35,2033-12-31T18:00,2.5
CLEAN-012688,EVS360-008,Moscow,2033-12-31T09:50,2033-12-31T18:15,2.5
CLEAN-012689,EVS360-026,Saint Petersburg,2033-12-31T09:50,2033-12-31T17:00,2.5
CLEAN-012690,EVS360-009,Moscow,2033-12-31T10:10,2033-12-31T18:30,2.5
CLEAN-012691,EVS360-027,Saint Petersburg,2033-12-31T10:10,2033-12-31T17:30,2.5
CLEAN-012692,EVS360-010,Moscow,2033-12-31T10:50,2033-12-31T19:00,2.5
CLEAN-012693,EVS360-028,Saint Petersburg,2033-12-31T10:50,2033-12-31T18:00,2.5
CLEAN-012694,EVS360-011,Moscow,2033-12-31T11:20,2033-12-31T19:30,2.5
CLEAN-012695,EVS360-029,Saint Petersburg,2033-12-31T11:20,2033-12-31T18:15,2.5
CLEAN-012696,EVS360-012,Moscow,2033-12-31T11:50,2033-12-31T20:00,2.5
CLEAN-012697,EVS360-030,Saint Petersburg,2033-12-31T11:50,2033-12-31T18:30,2.5
CLEAN-012698,EVS360-013,Moscow,2033-12-31T12:10,2033-12-31T20:15,2.5
CLEAN-012699,EVS360-031,Saint Petersburg,2033-12-31T12:10,2033-12-31T19:00,2.5
CLEAN-012700,EVS360-014,Moscow,2033-12-31T12:35,2033-12-31T20:30,2.5
CLEAN-012701,EVS360-032,Saint Petersburg,2033-12-31T12:35,2033-12-31T19:30,2.5
CLEAN-012702,EVS360-015,Moscow,2033-12-31T12:50,2033-12-31T21:00,2.5
CLEAN-012703,EVS360-033,Saint Petersburg,2033-12-31T12:50,2033-12-31T20:00,2.5
CLEAN-012704,EVS360-016,Moscow,2033-12-31T13:20,2033-12-31T21:30,2.5
CLEAN-012705,EVS360-034,Saint Petersburg,2033-12-31T13:20,2033-12-31T20:30,2.5
CLEAN-012706,EVS360-017,Moscow,2033-12-31T13:50,2033-12-31T22:00,2.5
CLEAN-012707,EVS360-035,Saint Petersburg,2033-12-31T13:50,2033-12-31T21:00,2.5
CLEAN-012708,EVS360-018,Moscow,2033-12-31T14:10,2034-01-01T06:00,2.5
CLEAN-012709,EVS360-036,Saint Petersburg,2033-12-31T14:10,2033-12-31T21:30,2.5
CLEAN-012710,EVS360-019,Moscow,2033-12-31T14:50,2034-01-01T06:15,2.5
CLEAN-012711,EVS360-037,Saint Petersburg,2033-12-31T14:50,2033-12-31T22:00,2.5
CLEAN-012712,EVS360-020,Moscow,2033-12-31T15:20,2034-01-01T06:30,2.5
CLEAN-012713,EVS360-038,Saint Petersburg,2033-12-31T15:20,2034-01-01T06:00,2.5
CLEAN-012714,EVS360-039,Saint Petersburg,2033-12-31T15:50,2034-01-01T06:15,2.5
CLEAN-012715,EVS360-001,Moscow,2034-01-02T10:10,2034-01-02T18:30,2.5
CLEAN-012716,EVS360-002,Moscow,2034-01-02T10:50,2034-01-02T19:00,2.5
CLEAN-012717,EVS360-003,Moscow,2034-01-02T11:20,2034-01-02T19:30,2.5
CLEAN-012718,EVS360-021,Saint Petersburg,2034-01-02T11:20,2034-01-02T18:15,2.5
CLEAN-012719,EVS360-004,Moscow,2034-01-02T11:50,2034-01-02T20:00,2.5
CLEAN-012720,EVS360-022,Saint Petersburg,2034-01-02T11:50,2034-01-02T18:30,2.5
CLEAN-012721,EVS360-005,Moscow,2034-01-02T12:10,2034-01-02T20:15,2.5
CLEAN-012722,EVS360-023,Saint Petersburg,2034-01-02T12:10,2034-01-02T19:00,2.5
CLEAN-012723,EVS360-006,Moscow,2034-01-02T12:35,2034-01-02T20:30,2.5
CLEAN-012724,EVS360-024,Saint Petersburg,2034-01-02T12:35,2034-01-02T19:30,2.5
CLEAN-012725,EVS360-007,Moscow,2034-01-02T12:50,2034-01-02T21:00,2.5
CLEAN-012726,EVS360-025,Saint Petersburg,2034-01-02T12:50,2034-01-02T20:00,2.5
CLEAN-012727,EVS360-008,Moscow,2034-01-02T13:20,2034-01-02T21:30,2.5
CLEAN-012728,EVS360-026,Saint Petersburg,2034-01-02T13:20,2034-01-02T20:30,2.5
CLEAN-012729,EVS360-009,Moscow,2034-01-02T13:50,2034-01-02T22:00,2.5
CLEAN-012730,EVS360-027,Saint Petersburg,2034-01-02T13:50,2034-01-02T21:00,2.5
CLEAN-012731,EVS360-010,Moscow,2034-01-02T14:10,2034-01-03T06:00,2.5
CLEAN-012732,EVS360-028,Saint Petersburg,2034-01-02T14:10,2034-01-02T21:30,2.5
CLEAN-012733,EVS360-011,Moscow,2034-01-02T14:50,2034-01-03T06:15,2.5
CLEAN-012734,EVS360-029,Saint Petersburg,2034-01-02T14:50,2034-01-02T22:00,2.5
CLEAN-012735,EVS360-012,Moscow,2034-01-02T15:20,2034-01-03T06:30,2.5
CLEAN-012736,EVS360-030,Saint Petersburg,2034-01-02T15:20,2034-01-03T06:00,2.5
CLEAN-012737,EVS360-031,Saint Petersburg,2034-01-02T15:50,2034-01-03T06:15,2.5
CLEAN-012738,EVS360-013,Moscow,2034-01-02T16:10,2034-01-03T07:00,2.5
CLEAN-012739,EVS360-032,Saint Petersburg,2034-01-02T16:10,2034-01-03T06:30,2.5
CLEAN-012740,EVS360-014,Moscow,2034-01-02T16:50,2034-01-03T07:30,2.5
CLEAN-012741,EVS360-033,Saint Petersburg,2034-01-02T16:50,2034-01-03T07:00,2.5
CLEAN-012742,EVS360-015,Moscow,2034-01-02T17:20,2034-01-03T08:00,2.5
CLEAN-012743,EVS360-034,Saint Petersburg,2034-01-02T17:20,2034-01-03T07:15,2.5
CLEAN-012744,EVS360-016,Moscow,2034-01-02T18:10,2034-01-03T08:30,2.5
CLEAN-012745,EVS360-035,Saint Petersburg,2034-01-02T18:10,2034-01-03T07:30,2.5
CLEAN-012746,EVS360-017,Moscow,2034-01-02T18:50,2034-01-03T09:00,2.5
CLEAN-012747,EVS360-036,Saint Petersburg,2034-01-02T18:50,2034-01-03T08:00,2.5
CLEAN-012748,EVS360-018,Moscow,2034-01-02T19:20,2034-01-03T09:30,2.5
CLEAN-012749,EVS360-019,Moscow,2034-01-02T19:50,2034-01-03T10:00,2.5
CLEAN-012750,EVS360-037,Saint Petersburg,2034-01-02T19:50,2034-01-03T08:30,2.5
CLEAN-012751,EVS360-020,Moscow,2034-01-02T20:10,2034-01-03T10:15,2.5
CLEAN-012752,EVS360-038,Saint Petersburg,2034-01-02T20:10,2034-01-03T09:00,2.5
CLEAN-012753,EVS360-039,Saint Petersburg,2034-01-02T20:35,2034-01-03T09:30,2.5
