location,start,end,trains_cleaning
Moscow,2032-01-06T19:20,2032-01-06T19:50,1
Moscow,2032-01-06T19:50,2032-01-06T20:10,2
Moscow,2032-01-06T20:10,2032-01-06T20:35,3
Saint Petersburg,2032-01-06T20:10,2032-01-06T20:35,1
Moscow,2032-01-06T20:35,2032-01-06T21:50,4
Saint Petersburg,2032-01-06T20:35,2032-01-06T20:50,2
Saint Petersburg,2032-01-06T20:50,2032-01-06T21:20,3
Saint Petersburg,2032-01-06T21:20,2032-01-06T22:40,4
Moscow,2032-01-06T21:50,2032-01-06T22:20,4
Moscow,2032-01-06T22:20,2032-01-06T22:40,4
Moscow,2032-01-06T22:40,2032-01-06T23:05,4
Saint Petersburg,2032-01-06T22:40,2032-01-06T23:05,4
Moscow,2032-01-06T23:05,2032-01-07T00:20,4
Saint Petersburg,2032-01-06T23:05,2032-01-06T23:20,4
Saint Petersburg,2032-01-06T23:20,2032-01-06T23:50,4
Saint Petersburg,2032-01-06T23:50,2032-01-07T01:10,4
Moscow,2032-01-07T00:20,2032-01-07T00:50,4
Moscow,2032-01-07T00:50,2032-01-07T01:10,4
Moscow,2032-01-07T01:10,2032-01-07T01:35,4
Saint Petersburg,2032-01-07T01:10,2032-01-07T01:35,4
Moscow,2032-01-07T01:35,2032-01-07T02:50,4
Saint Petersburg,2032-01-07T01:35,2032-01-07T01:50,4
Saint Petersburg,2032-01-07T01:50,2032-01-07T02:20,4
Saint Petersburg,2032-01-07T02:20,2032-01-07T03:40,3
Moscow,2032-01-07T02:50,2032-01-07T03:20,3
Moscow,2032-01-07T03:20,2032-01-07T03:40,2
Moscow,2032-01-07T03:40,2032-01-07T04:05,1
Saint Petersburg,2032-01-07T03:40,2032-01-07T04:05,2
Saint Petersburg,2032-01-07T04:05,2032-01-07T04:20,1
Moscow,2032-01-07T08:10,2032-01-07T08:35,1
Saint Petersburg,2032-01-07T08:10,2032-01-07T08:35,1
Moscow,2032-01-07T08:35,2032-01-07T08:50,2
Saint Petersburg,2032-01-07T08:35,2032-01-07T08:50,2
Moscow,2032-01-07T08:50,2032-01-07T09:20,3
Saint Petersburg,2032-01-07T08:50,2032-01-07T09:20,3
Moscow,2032-01-07T09:20,2032-01-07T10:40,4
Saint Petersburg,2032-01-07T09:20,2032-01-07T10:40,4
Moscow,2032-01-07T10:40,2032-01-07T11:05,4
Saint Petersburg,2032-01-07T10:40,2032-01-07T11:05,4
Moscow,2032-01-07T11:05,2032-01-07T11:20,4
Saint Petersburg,2032-01-07T11:05,2032-01-07T11:20,4
Moscow,2032-01-07T11:20,2032-01-07T11:50,4
Saint Petersburg,2032-01-07T11:20,2032-01-07T11:50,4
Moscow,2032-01-07T11:50,2032-01-07T13:10,4
Saint Petersburg,2032-01-07T11:50,2032-01-07T13:10,4
Moscow,2032-01-07T13:10,2032-01-07T13:35,3
Saint Petersburg,2032-01-07T13:10,2032-01-07T13:35,3
Moscow,2032-01-07T13:35,2032-01-07T13:50,2
Saint Petersburg,2032-01-07T13:35,2032-01-07T13:50,2
Moscow,2032-01-07T13:50,2032-01-07T14:20,1
Saint Petersburg,2032-01-07T13:50,2032-01-07T14:20,1
Moscow,2032-01-08T22:50,2032-01-08T23:20,1
Moscow,2032-01-08T23:20,2032-01-08T23:50,2
Saint Petersburg,2032-01-08T23:20,2032-01-08T23:50,1
Moscow,2032-01-08T23:50,2032-01-09T00:10,3
Saint Petersburg,2032-01-08T23:50,2032-01-09T00:10,2
Moscow,2032-01-09T00:10,2032-01-09T01:20,4
Saint Petersburg,2032-01-09T00:10,2032-01-09T01:50,3
Moscow,2032-01-09T01:20,2032-01-09T01:50,3
Moscow,2032-01-09T01:50,2032-01-09T02:20,2
Saint Petersburg,2032-01-09T01:50,2032-01-09T02:20,2
Moscow,2032-01-09T02:20,2032-01-09T02:40,1
Saint Petersburg,2032-01-09T02:20,2032-01-09T02:40,1
Moscow,2032-01-09T08:10,2032-01-09T08:35,1
Moscow,2032-01-09T08:35,2032-01-09T08:50,2
Moscow,2032-01-09T08:50,2032-01-09T09:20,3
Saint Petersburg,2032-01-09T08:50,2032-01-09T09:20,1
Moscow,2032-01-09T09:20,2032-01-09T10:40,4
Saint Petersburg,2032-01-09T09:20,2032-01-09T10:10,2
Saint Petersburg,2032-01-09T10:10,2032-01-09T10:35,3
Saint Petersburg,2032-01-09T10:35,2032-01-09T11:20,4
Moscow,2032-01-09T10:40,2032-01-09T11:05,4
Moscow,2032-01-09T11:05,2032-01-09T11:20,4
Moscow,2032-01-09T11:20,2032-01-09T11:50,4
Saint Petersburg,2032-01-09T11:20,2032-01-09T11:50,4
Moscow,2032-01-09T11:50,2032-01-09T13:10,4
Saint Petersburg,2032-01-09T11:50,2032-01-09T12:40,4
Saint Petersburg,2032-01-09T12:40,2032-01-09T13:05,4
Saint Petersburg,2032-01-09T13:05,2032-01-09T13:50,4
Moscow,2032-01-09T13:10,2032-01-09T13:35,4
Moscow,2032-01-09T13:35,2032-01-09T13:50,4
Moscow,2032-01-09T13:50,2032-01-09T14:20,4
Saint Petersburg,2032-01-09T13:50,2032-01-09T14:20,4
Moscow,2032-01-09T14:20,2032-01-09T15:40,4
Saint Petersburg,2032-01-09T14:20,2032-01-09T15:10,4
Saint Petersburg,2032-01-09T15:10,2032-01-09T15:35,4
Saint Petersburg,2032-01-09T15:35,2032-01-09T16:20,4
Moscow,2032-01-09T15:40,2032-01-09T16:05,4
Moscow,2032-01-09T16:05,2032-01-09T16:20,4
Moscow,2032-01-09T16:20,2032-01-09T16:50,4
Saint Petersburg,2032-01-09T16:20,2032-01-09T16:50,4
Moscow,2032-01-09T16:50,2032-01-09T18:10,4
Saint Petersburg,2032-01-09T16:50,2032-01-09T17:40,4
Saint Petersburg,2032-01-09T17:40,2032-01-09T18:05,4
Saint Petersburg,2032-01-09T18:05,2032-01-09T18:50,4
Moscow,2032-01-09T18:10,2032-01-09T18:35,3
Moscow,2032-01-09T18:35,2032-01-09T18:50,2
Moscow,2032-01-09T18:50,2032-01-09T19:20,1
Saint Petersburg,2032-01-09T18:50,2032-01-09T19:20,3
Saint Petersburg,2032-01-09T19:20,2032-01-09T20:10,2
Saint Petersburg,2032-01-09T20:10,2032-01-09T20:35,1
Moscow,2032-01-11T09:35,2032-01-11T09:50,1
Moscow,2032-01-11T09:50,2032-01-11T10:10,2
Moscow,2032-01-11T10:10,2032-01-11T10:50,3
Saint Petersburg,2032-01-11T10:10,2032-01-11T10:50,1
Moscow,2032-01-11T10:50,2032-01-11T12:05,4
Saint Petersburg,2032-01-11T10:50,2032-01-11T11:20,2
Saint Petersburg,2032-01-11T11:20,2032-01-11T11:50,3
Saint Petersburg,2032-01-11T11:50,2032-01-11T12:40,4
Moscow,2032-01-11T12:05,2032-01-11T12:20,4
Moscow,2032-01-11T12:20,2032-01-11T12:40,4
Moscow,2032-01-11T12:40,2032-01-11T13:20,4
Saint Petersburg,2032-01-11T12:40,2032-01-11T13:20,4
Moscow,2032-01-11T13:20,2032-01-11T14:35,4
Saint Petersburg,2032-01-11T13:20,2032-01-11T13:50,4
Saint Petersburg,2032-01-11T13:50,2032-01-11T14:20,4
Saint Petersburg,2032-01-11T14:20,2032-01-11T15:10,4
Moscow,2032-01-11T14:35,2032-01-11T14:50,4
Moscow,2032-01-11T14:50,2032-01-11T15:10,4
Moscow,2032-01-11T15:10,2032-01-11T15:50,4
Saint Petersburg,2032-01-11T15:10,2032-01-11T15:50,4
Moscow,2032-01-11T15:50,2032-01-11T17:05,4
Saint Petersburg,2032-01-11T15:50,2032-01-11T16:20,4
Saint Petersburg,2032-01-11T16:20,2032-01-11T16:50,4
Saint Petersburg,2032-01-11T16:50,2032-01-11T17:40,4
Moscow,2032-01-11T17:05,2032-01-11T17:20,4
Moscow,2032-01-11T17:20,2032-01-11T17:40,4
Moscow,2032-01-11T17:40,2032-01-11T18:20,4
Saint Petersburg,2032-01-11T17:40,2032-01-11T18:20,4
Moscow,2032-01-11T18:20,2032-01-11T19:35,4
Saint Petersburg,2032-01-11T18:20,2032-01-11T18:50,4
Saint Petersburg,2032-01-11T18:50,2032-01-11T19:20,4
Saint Petersburg,2032-01-11T19:20,2032-01-11T20:10,4
Moscow,2032-01-11T19:35,2032-01-11T19:50,4
Moscow,2032-01-11T19:50,2032-01-11T20:10,4
Moscow,2032-01-11T20:10,2032-01-11T20:50,4
Saint Petersburg,2032-01-11T20:10,2032-01-11T20:50,4
Moscow,2032-01-11T20:50,2032-01-11T22:05,4
Saint Petersburg,2032-01-11T20:50,2032-01-11T21:20,4
Saint Petersburg,2032-01-11T21:20,2032-01-11T21:50,3
Saint Petersburg,2032-01-11T21:50,2032-01-11T22:40,2
Moscow,2032-01-11T22:05,2032-01-11T22:20,3
Moscow,2032-01-11T22:20,2032-01-11T22:40,2
Moscow,2032-01-11T22:40,2032-01-11T23:20,1
Saint Petersburg,2032-01-11T22:40,2032-01-11T23:20,1
Moscow,2032-01-13T12:50,2032-01-13T13:20,1
Moscow,2032-01-13T13:20,2032-01-13T13:50,2
Moscow,2032-01-13T13:50,2032-01-13T14:10,3
Saint Petersburg,2032-01-13T13:50,2032-01-13T15:20,1
Moscow,2032-01-13T14:10,2032-01-13T15:20,4
Moscow,2032-01-13T15:20,2032-01-13T15:50,4
Saint Petersburg,2032-01-13T15:20,2032-01-13T15:50,2
Moscow,2032-01-13T15:50,2032-01-13T16:20,4
Saint Petersburg,2032-01-13T15:50,2032-01-13T16:10,3
Saint Petersburg,2032-01-13T16:10,2032-01-13T16:20,4
Moscow,2032-01-13T16:20,2032-01-13T16:40,4
Saint Petersburg,2032-01-13T16:20,2032-01-13T16:50,3
Moscow,2032-01-13T16:40,2032-01-13T16:50,3
Moscow,2032-01-13T16:50,2032-01-13T17:50,4
Saint Petersburg,2032-01-13T16:50,2032-01-13T17:50,4
Moscow,2032-01-13T17:50,2032-01-13T18:20,4
Saint Petersburg,2032-01-13T17:50,2032-01-13T18:10,3
Saint Petersburg,2032-01-13T18:10,2032-01-13T18:20,4
Moscow,2032-01-13T18:20,2032-01-13T18:50,4
Saint Petersburg,2032-01-13T18:20,2032-01-13T18:40,4
Saint Petersburg,2032-01-13T18:40,2032-01-13T19:20,4
Moscow,2032-01-13T18:50,2032-01-13T19:20,4
Moscow,2032-01-13T19:20,2032-01-13T20:20,4
Saint Petersburg,2032-01-13T19:20,2032-01-13T20:40,4
Moscow,2032-01-13T20:20,2032-01-13T20:50,4
Saint Petersburg,2032-01-13T20:40,2032-01-13T20:50,4
Moscow,2032-01-13T20:50,2032-01-13T21:20,4
Saint Petersburg,2032-01-13T20:50,2032-01-13T21:10,4
Saint Petersburg,2032-01-13T21:10,2032-01-13T21:50,4
Moscow,2032-01-13T21:20,2032-01-13T21:50,4
Moscow,2032-01-13T21:50,2032-01-13T22:50,4
Saint Petersburg,2032-01-13T21:50,2032-01-13T22:50,3
Moscow,2032-01-13T22:50,2032-01-13T23:20,4
Saint Petersburg,2032-01-13T22:50,2032-01-13T23:10,4
Saint Petersburg,2032-01-13T23:10,2032-01-13T23:20,4
Moscow,2032-01-13T23:20,2032-01-13T23:50,4
Saint Petersburg,2032-01-13T23:20,2032-01-13T23:40,4
Saint Petersburg,2032-01-13T23:40,2032-01-14T01:20,4
Moscow,2032-01-13T23:50,2032-01-14T00:20,4
Moscow,2032-01-14T00:20,2032-01-14T01:20,4
Moscow,2032-01-14T01:20,2032-01-14T01:50,3
Saint Petersburg,2032-01-14T01:20,2032-01-14T01:40,4
Saint Petersburg,2032-01-14T01:40,2032-01-14T01:50,4
Moscow,2032-01-14T01:50,2032-01-14T02:20,2
Saint Petersburg,2032-01-14T01:50,2032-01-14T02:10,3
Saint Petersburg,2032-01-14T02:10,2032-01-14T03:50,2
Moscow,2032-01-14T02:20,2032-01-14T02:50,1
Saint Petersburg,2032-01-14T03:50,2032-01-14T04:10,1
Saint Petersburg,2032-01-14T07:20,2032-01-14T09:50,1
Moscow,2032-01-15T17:20,2032-01-15T18:10,1
Moscow,2032-01-15T18:10,2032-01-15T18:50,2
Saint Petersburg,2032-01-15T18:10,2032-01-15T18:50,1
Moscow,2032-01-15T18:50,2032-01-15T19:20,3
Saint Petersburg,2032-01-15T18:50,2032-01-15T19:50,2
Moscow,2032-01-15T19:20,2032-01-15T19:50,4
Moscow,2032-01-15T19:50,2032-01-15T20:40,4
Saint Petersburg,2032-01-15T19:50,2032-01-15T20:35,3
Saint Petersburg,2032-01-15T20:35,2032-01-15T20:40,4
Moscow,2032-01-15T20:40,2032-01-15T21:20,4
Saint Petersburg,2032-01-15T20:40,2032-01-15T20:50,3
Saint Petersburg,2032-01-15T20:50,2032-01-15T21:20,4
Moscow,2032-01-15T21:20,2032-01-15T21:50,4
Saint Petersburg,2032-01-15T21:20,2032-01-15T22:20,4
Moscow,2032-01-15T21:50,2032-01-15T22:20,4
Moscow,2032-01-15T22:20,2032-01-15T23:10,4
Saint Petersburg,2032-01-15T22:20,2032-01-15T23:05,4
Saint Petersburg,2032-01-15T23:05,2032-01-15T23:20,4
Moscow,2032-01-15T23:10,2032-01-15T23:50,4
Saint Petersburg,2032-01-15T23:20,2032-01-15T23:50,4
Moscow,2032-01-15T23:50,2032-01-16T00:20,4
Saint Petersburg,2032-01-15T23:50,2032-01-16T00:10,3
Saint Petersburg,2032-01-16T00:10,2032-01-16T00:50,4
Moscow,2032-01-16T00:20,2032-01-16T00:50,4
Moscow,2032-01-16T00:50,2032-01-16T01:40,4
Saint Petersburg,2032-01-16T00:50,2032-01-16T01:35,4
Saint Petersburg,2032-01-16T01:35,2032-01-16T01:50,4
Moscow,2032-01-16T01:40,2032-01-16T02:20,4
Saint Petersburg,2032-01-16T01:50,2032-01-16T02:40,4
Moscow,2032-01-16T02:20,2032-01-16T02:50,4
Saint Petersburg,2032-01-16T02:40,2032-01-16T03:20,4
Moscow,2032-01-16T02:50,2032-01-16T03:20,3
Moscow,2032-01-16T03:20,2032-01-16T04:10,2
Saint Petersburg,2032-01-16T03:20,2032-01-16T04:05,3
Saint Petersburg,2032-01-16T04:05,2032-01-16T04:20,2
Moscow,2032-01-16T04:10,2032-01-16T04:50,1
Saint Petersburg,2032-01-16T04:20,2032-01-16T05:10,1
Moscow,2032-01-16T08:10,2032-01-16T08:35,1
Saint Petersburg,2032-01-16T08:10,2032-01-16T08:35,1
Moscow,2032-01-16T08:35,2032-01-16T08:50,2
Saint Petersburg,2032-01-16T08:35,2032-01-16T08:50,2
Moscow,2032-01-16T08:50,2032-01-16T09:20,3
Saint Petersburg,2032-01-16T08:50,2032-01-16T09:20,3
Moscow,2032-01-16T09:20,2032-01-16T10:40,4
Saint Petersburg,2032-01-16T09:20,2032-01-16T10:40,4
Moscow,2032-01-16T10:40,2032-01-16T11:05,4
Saint Petersburg,2032-01-16T10:40,2032-01-16T11:05,4
Moscow,2032-01-16T11:05,2032-01-16T11:20,3
Saint Petersburg,2032-01-16T11:05,2032-01-16T11:20,3
Moscow,2032-01-16T11:20,2032-01-16T11:50,2
Saint Petersburg,2032-01-16T11:20,2032-01-16T11:50,2
Moscow,2032-01-16T11:50,2032-01-16T13:10,1
Saint Petersburg,2032-01-16T11:50,2032-01-16T13:10,1
Moscow,2032-01-17T21:20,2032-01-17T21:50,1
Moscow,2032-01-17T21:50,2032-01-17T22:10,2
Moscow,2032-01-17T22:10,2032-01-17T22:50,3
Saint Petersburg,2032-01-17T22:10,2032-01-17T22:35,1
Saint Petersburg,2032-01-17T22:35,2032-01-17T22:50,2
Moscow,2032-01-17T22:50,2032-01-17T23:50,4
Saint Petersburg,2032-01-17T22:50,2032-01-17T23:20,3
Saint Petersburg,2032-01-17T23:20,2032-01-18T00:40,4
Moscow,2032-01-17T23:50,2032-01-18T00:20,4
Moscow,2032-01-18T00:20,2032-01-18T00:40,4
Moscow,2032-01-18T00:40,2032-01-18T01:20,4
Saint Petersburg,2032-01-18T00:40,2032-01-18T01:05,4
Saint Petersburg,2032-01-18T01:05,2032-01-18T01:20,4
Moscow,2032-01-18T01:20,2032-01-18T02:20,3
Saint Petersburg,2032-01-18T01:20,2032-01-18T01:50,3
Saint Petersburg,2032-01-18T01:50,2032-01-18T03:10,2
Moscow,2032-01-18T02:20,2032-01-18T02:50,2
Moscow,2032-01-18T02:50,2032-01-18T03:10,1
Saint Petersburg,2032-01-18T03:10,2032-01-18T03:35,1
Moscow,2032-01-18T08:10,2032-01-18T08:35,1
Saint Petersburg,2032-01-18T08:10,2032-01-18T08:35,1
Moscow,2032-01-18T08:35,2032-01-18T08:50,2
Saint Petersburg,2032-01-18T08:35,2032-01-18T08:50,2
Moscow,2032-01-18T08:50,2032-01-18T09:35,3
Saint Petersburg,2032-01-18T08:50,2032-01-18T09:20,3
Saint Petersburg,2032-01-18T09:20,2032-01-18T10:40,4
Moscow,2032-01-18T09:35,2032-01-18T10:40,4
Moscow,2032-01-18T10:40,2032-01-18T11:05,4
Saint Petersburg,2032-01-18T10:40,2032-01-18T11:05,4
Moscow,2032-01-18T11:05,2032-01-18T11:20,4
Saint Petersburg,2032-01-18T11:05,2032-01-18T11:20,4
Moscow,2032-01-18T11:20,2032-01-18T12:05,4
Saint Petersburg,2032-01-18T11:20,2032-01-18T11:50,3
Saint Petersburg,2032-01-18T11:50,2032-01-18T13:10,4
Moscow,2032-01-18T12:05,2032-01-18T13:10,4
Moscow,2032-01-18T13:10,2032-01-18T13:35,4
Saint Petersburg,2032-01-18T13:10,2032-01-18T13:35,4
Moscow,2032-01-18T13:35,2032-01-18T13:50,4
Saint Petersburg,2032-01-18T13:35,2032-01-18T14:20,4
Moscow,2032-01-18T13:50,2032-01-18T14:35,4
Saint Petersburg,2032-01-18T14:20,2032-01-18T15:20,3
Moscow,2032-01-18T14:35,2032-01-18T15:40,4
Saint Petersburg,2032-01-18T15:20,2032-01-18T15:40,4
Moscow,2032-01-18T15:40,2032-01-18T16:05,3
Saint Petersburg,2032-01-18T15:40,2032-01-18T16:05,3
Moscow,2032-01-18T16:05,2032-01-18T16:20,2
Saint Petersburg,2032-01-18T16:05,2032-01-18T16:50,2
Moscow,2032-01-18T16:20,2032-01-18T17:05,1
Saint Petersburg,2032-01-18T16:50,2032-01-18T17:50,2
Saint Petersburg,2032-01-18T17:50,2032-01-18T19:20,1
Moscow,2032-01-20T08:35,2032-01-20T08:50,1
Moscow,2032-01-20T08:50,2032-01-20T09:20,2
Saint Petersburg,2032-01-20T08:50,2032-01-20T09:20,1
Moscow,2032-01-20T09:20,2032-01-20T09:35,3
Saint Petersburg,2032-01-20T09:20,2032-01-20T09:50,2
Moscow,2032-01-20T09:35,2032-01-20T11:05,4
Saint Petersburg,2032-01-20T09:50,2032-01-20T10:10,3
Saint Petersburg,2032-01-20T10:10,2032-01-20T11:20,4
Moscow,2032-01-20T11:05,2032-01-20T11:20,4
Moscow,2032-01-20T11:20,2032-01-20T11:50,4
Saint Petersburg,2032-01-20T11:20,2032-01-20T11:50,4
Moscow,2032-01-20T11:50,2032-01-20T12:05,4
Saint Petersburg,2032-01-20T11:50,2032-01-20T12:20,4
Moscow,2032-01-20T12:05,2032-01-20T13:35,4
Saint Petersburg,2032-01-20T12:20,2032-01-20T12:40,4
Saint Petersburg,2032-01-20T12:40,2032-01-20T13:50,4
Moscow,2032-01-20T13:35,2032-01-20T13:50,4
Moscow,2032-01-20T13:50,2032-01-20T14:20,4
Saint Petersburg,2032-01-20T13:50,2032-01-20T14:20,4
Moscow,2032-01-20T14:20,2032-01-20T14:35,4
Saint Petersburg,2032-01-20T14:20,2032-01-20T14:50,4
Moscow,2032-01-20T14:35,2032-01-20T16:05,4
Saint Petersburg,2032-01-20T14:50,2032-01-20T15:10,4
Saint Petersburg,2032-01-20T15:10,2032-01-20T16:20,4
Moscow,2032-01-20T16:05,2032-01-20T16:20,4
Moscow,2032-01-20T16:20,2032-01-20T16:50,4
Saint Petersburg,2032-01-20T16:20,2032-01-20T16:50,4
Moscow,2032-01-20T16:50,2032-01-20T17:05,4
Saint Petersburg,2032-01-20T16:50,2032-01-20T17:20,4
Moscow,2032-01-20T17:05,2032-01-20T18:35,4
Saint Petersburg,2032-01-20T17:20,2032-01-20T17:40,4
Saint Petersburg,2032-01-20T17:40,2032-01-20T18:50,4
Moscow,2032-01-20T18:35,2032-01-20T18:50,4
Moscow,2032-01-20T18:50,2032-01-20T19:20,4
Saint Petersburg,2032-01-20T18:50,2032-01-20T19:20,4
Moscow,2032-01-20T19:20,2032-01-20T19:35,4
Saint Petersburg,2032-01-20T19:20,2032-01-20T19:50,4
Moscow,2032-01-20T19:35,2032-01-20T21:05,3
Saint Petersburg,2032-01-20T19:50,2032-01-20T20:10,4
Saint Petersburg,2032-01-20T20:10,2032-01-20T21:20,3
Moscow,2032-01-20T21:05,2032-01-20T21:20,2
Moscow,2032-01-20T21:20,2032-01-20T21:50,1
Saint Petersburg,2032-01-20T21:20,2032-01-20T21:50,2
Saint Petersburg,2032-01-20T21:50,2032-01-20T22:20,1
Moscow,2032-01-22T11:50,2032-01-22T12:10,1
Moscow,2032-01-22T12:10,2032-01-22T12:35,2
Moscow,2032-01-22T12:35,2032-01-22T12:50,3
Saint Petersburg,2032-01-22T12:35,2032-01-22T12:50,1
Moscow,2032-01-22T12:50,2032-01-22T14:20,4
Saint Petersburg,2032-01-22T12:50,2032-01-22T13:20,2
Saint Petersburg,2032-01-22T13:20,2032-01-22T13:50,3
Saint Petersburg,2032-01-22T13:50,2032-01-22T15:05,4
Moscow,2032-01-22T14:20,2032-01-22T14:40,4
Moscow,2032-01-22T14:40,2032-01-22T15:05,4
Moscow,2032-01-22T15:05,2032-01-22T15:20,4
Saint Petersburg,2032-01-22T15:05,2032-01-22T15:20,4
Moscow,2032-01-22T15:20,2032-01-22T16:50,4
Saint Petersburg,2032-01-22T15:20,2032-01-22T15:50,4
Saint Petersburg,2032-01-22T15:50,2032-01-22T16:20,4
Saint Petersburg,2032-01-22T16:20,2032-01-22T17:35,4
Moscow,2032-01-22T16:50,2032-01-22T17:10,4
Moscow,2032-01-22T17:10,2032-01-22T17:35,4
Moscow,2032-01-22T17:35,2032-01-22T17:50,4
Saint Petersburg,2032-01-22T17:35,2032-01-22T17:50,4
Moscow,2032-01-22T17:50,2032-01-22T19:20,4
Saint Petersburg,2032-01-22T17:50,2032-01-22T18:20,4
Saint Petersburg,2032-01-22T18:20,2032-01-22T18:50,4
Saint Petersburg,2032-01-22T18:50,2032-01-22T20:05,4
Moscow,2032-01-22T19:20,2032-01-22T19:40,4
Moscow,2032-01-22T19:40,2032-01-22T20:05,4
Moscow,2032-01-22T20:05,2032-01-22T20:20,4
Saint Petersburg,2032-01-22T20:05,2032-01-22T20:20,4
Moscow,2032-01-22T20:20,2032-01-22T21:50,4
Saint Petersburg,2032-01-22T20:20,2032-01-22T20:50,4
Saint Petersburg,2032-01-22T20:50,2032-01-22T21:20,4
Saint Petersburg,2032-01-22T21:20,2032-01-22T21:50,3
Moscow,2032-01-22T21:50,2032-01-22T22:10,4
Saint Petersburg,2032-01-22T21:50,2032-01-22T22:35,4
Moscow,2032-01-22T22:10,2032-01-22T22:35,4
Moscow,2032-01-22T22:35,2032-01-22T22:50,4
Saint Petersburg,2032-01-22T22:35,2032-01-22T22:50,3
Moscow,2032-01-22T22:50,2032-01-23T00:20,4
Saint Petersburg,2032-01-22T22:50,2032-01-22T23:20,2
Saint Petersburg,2032-01-22T23:20,2032-01-23T00:20,2
Moscow,2032-01-23T00:20,2032-01-23T00:40,3
Saint Petersburg,2032-01-23T00:20,2032-01-23T01:50,1
Moscow,2032-01-23T00:40,2032-01-23T01:05,2
Moscow,2032-01-23T01:05,2032-01-23T01:20,1
Saint Petersburg,2032-01-23T04:10,2032-01-23T06:40,1
Moscow,2032-01-24T15:20,2032-01-24T16:10,1
Moscow,2032-01-24T16:10,2032-01-24T16:50,2
Saint Petersburg,2032-01-24T16:10,2032-01-24T16:50,1
Moscow,2032-01-24T16:50,2032-01-24T17:20,3
Saint Petersburg,2032-01-24T16:50,2032-01-24T17:20,2
Moscow,2032-01-24T17:20,2032-01-24T17:50,4
Saint Petersburg,2032-01-24T17:20,2032-01-24T18:10,3
Moscow,2032-01-24T17:50,2032-01-24T18:10,3
Moscow,2032-01-24T18:10,2032-01-24T18:40,4
Saint Petersburg,2032-01-24T18:10,2032-01-24T18:40,4
Moscow,2032-01-24T18:40,2032-01-24T18:50,3
Saint Petersburg,2032-01-24T18:40,2032-01-24T18:50,3
Moscow,2032-01-24T18:50,2032-01-24T19:20,4
Saint Petersburg,2032-01-24T18:50,2032-01-24T19:20,4
Moscow,2032-01-24T19:20,2032-01-24T19:50,4
Saint Petersburg,2032-01-24T19:20,2032-01-24T19:50,3
Moscow,2032-01-24T19:50,2032-01-24T20:40,4
Saint Petersburg,2032-01-24T19:50,2032-01-24T20:35,3
Saint Petersburg,2032-01-24T20:35,2032-01-24T20:40,4
Moscow,2032-01-24T20:40,2032-01-24T21:20,4
Saint Petersburg,2032-01-24T20:40,2032-01-24T20:50,3
Saint Petersburg,2032-01-24T20:50,2032-01-24T21:20,4
Moscow,2032-01-24T21:20,2032-01-24T21:50,4
Saint Petersburg,2032-01-24T21:20,2032-01-24T22:20,4
Moscow,2032-01-24T21:50,2032-01-24T22:20,4
Moscow,2032-01-24T22:20,2032-01-24T23:10,4
Saint Petersburg,2032-01-24T22:20,2032-01-24T23:05,4
Saint Petersburg,2032-01-24T23:05,2032-01-24T23:20,4
Moscow,2032-01-24T23:10,2032-01-24T23:50,4
Saint Petersburg,2032-01-24T23:20,2032-01-24T23:50,4
Moscow,2032-01-24T23:50,2032-01-25T00:20,4
Saint Petersburg,2032-01-24T23:50,2032-01-25T00:10,3
Saint Petersburg,2032-01-25T00:10,2032-01-25T00:50,4
Moscow,2032-01-25T00:20,2032-01-25T00:50,4
Moscow,2032-01-25T00:50,2032-01-25T01:40,4
Saint Petersburg,2032-01-25T00:50,2032-01-25T01:35,4
Saint Petersburg,2032-01-25T01:35,2032-01-25T01:50,4
Moscow,2032-01-25T01:40,2032-01-25T02:20,4
Saint Petersburg,2032-01-25T01:50,2032-01-25T02:40,4
Moscow,2032-01-25T02:20,2032-01-25T02:50,4
Saint Petersburg,2032-01-25T02:40,2032-01-25T03:20,4
Moscow,2032-01-25T02:50,2032-01-25T03:20,3
Moscow,2032-01-25T03:20,2032-01-25T04:10,2
Saint Petersburg,2032-01-25T03:20,2032-01-25T04:05,3
Saint Petersburg,2032-01-25T04:05,2032-01-25T04:20,2
Moscow,2032-01-25T04:10,2032-01-25T04:50,1
Saint Petersburg,2032-01-25T04:20,2032-01-25T05:10,1
Moscow,2032-01-25T08:10,2032-01-25T08:35,1
Saint Petersburg,2032-01-25T08:10,2032-01-25T08:35,1
Moscow,2032-01-25T08:35,2032-01-25T10:40,2
Saint Petersburg,2032-01-25T08:35,2032-01-25T10:40,2
Moscow,2032-01-25T10:40,2032-01-25T11:05,1
Saint Petersburg,2032-01-25T10:40,2032-01-25T11:05,1
Moscow,2032-01-26T20:10,2032-01-26T20:35,1
Moscow,2032-01-26T20:35,2032-01-26T20:50,2
Moscow,2032-01-26T20:50,2032-01-26T21:20,3
Saint Petersburg,2032-01-26T20:50,2032-01-26T21:20,1
Moscow,2032-01-26T21:20,2032-01-26T22:40,4
Saint Petersburg,2032-01-26T21:20,2032-01-26T21:50,2
Saint Petersburg,2032-01-26T21:50,2032-01-26T22:10,3
Saint Petersburg,2032-01-26T22:10,2032-01-26T23:20,4
Moscow,2032-01-26T22:40,2032-01-26T23:05,4
Moscow,2032-01-26T23:05,2032-01-26T23:20,4
Moscow,2032-01-26T23:20,2032-01-26T23:50,4
Saint Petersburg,2032-01-26T23:20,2032-01-26T23:50,4
Moscow,2032-01-26T23:50,2032-01-27T01:10,4
Saint Petersburg,2032-01-26T23:50,2032-01-27T00:20,4
Saint Petersburg,2032-01-27T00:20,2032-01-27T00:40,4
Saint Petersburg,2032-01-27T00:40,2032-01-27T01:50,4
Moscow,2032-01-27T01:10,2032-01-27T01:35,4
Moscow,2032-01-27T01:35,2032-01-27T01:50,4
Moscow,2032-01-27T01:50,2032-01-27T02:20,3
Saint Petersburg,2032-01-27T01:50,2032-01-27T02:20,4
Moscow,2032-01-27T02:20,2032-01-27T03:40,2
Saint Petersburg,2032-01-27T02:20,2032-01-27T02:50,3
Saint Petersburg,2032-01-27T02:50,2032-01-27T03:10,2
Saint Petersburg,2032-01-27T03:10,2032-01-27T04:20,1
Moscow,2032-01-27T03:40,2032-01-27T04:05,1
Moscow,2032-01-27T08:10,2032-01-27T08:35,1
Moscow,2032-01-27T08:35,2032-01-27T08:50,2
Saint Petersburg,2032-01-27T08:35,2032-01-27T08:50,1
Moscow,2032-01-27T08:50,2032-01-27T09:20,3
Saint Petersburg,2032-01-27T08:50,2032-01-27T09:20,2
Moscow,2032-01-27T09:20,2032-01-27T10:40,4
Saint Petersburg,2032-01-27T09:20,2032-01-27T10:10,3
Saint Petersburg,2032-01-27T10:10,2032-01-27T11:05,4
Moscow,2032-01-27T10:40,2032-01-27T11:05,4
Moscow,2032-01-27T11:05,2032-01-27T11:20,4
Saint Petersburg,2032-01-27T11:05,2032-01-27T11:20,4
Moscow,2032-01-27T11:20,2032-01-27T11:50,4
Saint Petersburg,2032-01-27T11:20,2032-01-27T11:50,4
Moscow,2032-01-27T11:50,2032-01-27T13:10,4
Saint Petersburg,2032-01-27T11:50,2032-01-27T12:40,4
Saint Petersburg,2032-01-27T12:40,2032-01-27T13:35,4
Moscow,2032-01-27T13:10,2032-01-27T13:35,4
Moscow,2032-01-27T13:35,2032-01-27T13:50,4
Saint Petersburg,2032-01-27T13:35,2032-01-27T13:50,4
Moscow,2032-01-27T13:50,2032-01-27T14:20,3
Saint Petersburg,2032-01-27T13:50,2032-01-27T14:20,3
Moscow,2032-01-27T14:20,2032-01-27T15:40,2
Saint Petersburg,2032-01-27T14:20,2032-01-27T15:10,2
Saint Petersburg,2032-01-27T15:10,2032-01-27T16:05,1
Moscow,2032-01-27T15:40,2032-01-27T16:05,1
Saint Petersburg,2032-01-27T16:10,2032-01-27T18:40,1
Moscow,2032-01-28T23:50,2032-01-29T00:10,1
Moscow,2032-01-29T00:10,2032-01-29T02:20,2
Saint Petersburg,2032-01-29T00:10,2032-01-29T02:40,1
Moscow,2032-01-29T02:20,2032-01-29T02:40,1
Moscow,2032-01-29T08:10,2032-01-29T08:35,1
Saint Petersburg,2032-01-29T08:10,2032-01-29T08:35,1
Moscow,2032-01-29T08:35,2032-01-29T08:50,2
Saint Petersburg,2032-01-29T08:35,2032-01-29T09:50,2
Moscow,2032-01-29T08:50,2032-01-29T09:20,3
Moscow,2032-01-29T09:20,2032-01-29T10:40,4
Saint Petersburg,2032-01-29T09:50,2032-01-29T10:10,3
Saint Petersburg,2032-01-29T10:10,2032-01-29T10:40,4
Moscow,2032-01-29T10:40,2032-01-29T11:05,4
Saint Petersburg,2032-01-29T10:40,2032-01-29T10:50,3
Saint Petersburg,2032-01-29T10:50,2032-01-29T11:05,4
Moscow,2032-01-29T11:05,2032-01-29T11:20,4
Saint Petersburg,2032-01-29T11:05,2032-01-29T11:20,3
Moscow,2032-01-29T11:20,2032-01-29T11:50,4
Saint Petersburg,2032-01-29T11:20,2032-01-29T12:20,4
Moscow,2032-01-29T11:50,2032-01-29T13:10,4
Saint Petersburg,2032-01-29T12:20,2032-01-29T12:40,4
Saint Petersburg,2032-01-29T12:40,2032-01-29T13:20,4
Moscow,2032-01-29T13:10,2032-01-29T13:35,4
Saint Petersburg,2032-01-29T13:20,2032-01-29T13:50,4
Moscow,2032-01-29T13:35,2032-01-29T13:50,4
Moscow,2032-01-29T13:50,2032-01-29T14:20,4
Saint Petersburg,2032-01-29T13:50,2032-01-29T14:50,4
Moscow,2032-01-29T14:20,2032-01-29T15:40,4
Saint Petersburg,2032-01-29T14:50,2032-01-29T15:10,4
Saint Petersburg,2032-01-29T15:10,2032-01-29T15:50,4
Moscow,2032-01-29T15:40,2032-01-29T16:05,4
Saint Petersburg,2032-01-29T15:50,2032-01-29T16:20,4
Moscow,2032-01-29T16:05,2032-01-29T16:20,4
Moscow,2032-01-29T16:20,2032-01-29T16:50,4
Saint Petersburg,2032-01-29T16:20,2032-01-29T17:20,4
Moscow,2032-01-29T16:50,2032-01-29T18:10,4
Saint Petersburg,2032-01-29T17:20,2032-01-29T17:40,4
Saint Petersburg,2032-01-29T17:40,2032-01-29T18:20,4
Moscow,2032-01-29T18:10,2032-01-29T18:35,4
Saint Petersburg,2032-01-29T18:20,2032-01-29T18:50,4
Moscow,2032-01-29T18:35,2032-01-29T18:50,4
Moscow,2032-01-29T18:50,2032-01-29T19:20,3
Saint Petersburg,2032-01-29T18:50,2032-01-29T19:50,4
Moscow,2032-01-29T19:20,2032-01-29T20:40,2
Saint Petersburg,2032-01-29T19:50,2032-01-29T20:10,3
Saint Petersburg,2032-01-29T20:10,2032-01-29T20:50,2
Moscow,2032-01-29T20:40,2032-01-29T21:05,1
Saint Petersburg,2032-01-29T20:50,2032-01-29T21:20,1
Moscow,2032-01-31T10:10,2032-01-31T10:50,1
Moscow,2032-01-31T10:50,2032-01-31T11:20,2
Moscow,2032-01-31T11:20,2032-01-31T11:50,3
Saint Petersburg,2032-01-31T11:20,2032-01-31T11:50,1
Moscow,2032-01-31T11:50,2032-01-31T12:40,4
Saint Petersburg,2032-01-31T11:50,2032-01-31T12:10,2
Saint Petersburg,2032-01-31T12:10,2032-01-31T12:35,3
Saint Petersburg,2032-01-31T12:35,2032-01-31T13:50,4
Moscow,2032-01-31T12:40,2032-01-31T13:20,4
Moscow,2032-01-31T13:20,2032-01-31T13:50,4
Moscow,2032-01-31T13:50,2032-01-31T14:20,4
Saint Petersburg,2032-01-31T13:50,2032-01-31T14:20,4
Moscow,2032-01-31T14:20,2032-01-31T15:10,4
Saint Petersburg,2032-01-31T14:20,2032-01-31T14:40,4
Saint Petersburg,2032-01-31T14:40,2032-01-31T15:05,4
Saint Petersburg,2032-01-31T15:05,2032-01-31T16:20,4
Moscow,2032-01-31T15:10,2032-01-31T15:50,4
Moscow,2032-01-31T15:50,2032-01-31T16:20,4
Moscow,2032-01-31T16:20,2032-01-31T16:50,4
Saint Petersburg,2032-01-31T16:20,2032-01-31T16:50,4
Moscow,2032-01-31T16:50,2032-01-31T17:40,4
Saint Petersburg,2032-01-31T16:50,2032-01-31T17:10,4
Saint Petersburg,2032-01-31T17:10,2032-01-31T17:35,4
Saint Petersburg,2032-01-31T17:35,2032-01-31T18:50,4
Moscow,2032-01-31T17:40,2032-01-31T18:20,4
Moscow,2032-01-31T18:20,2032-01-31T18:50,4
Moscow,2032-01-31T18:50,2032-01-31T19:20,4
Saint Petersburg,2032-01-31T18:50,2032-01-31T19:20,4
Moscow,2032-01-31T19:20,2032-01-31T20:10,4
Saint Petersburg,2032-01-31T19:20,2032-01-31T19:40,4
Saint Petersburg,2032-01-31T19:40,2032-01-31T20:05,4
Saint Petersburg,2032-01-31T20:05,2032-01-31T21:20,4
Moscow,2032-01-31T20:10,2032-01-31T20:50,4
Moscow,2032-01-31T20:50,2032-01-31T21:20,4
Moscow,2032-01-31T21:20,2032-01-31T21:50,4
Saint Petersburg,2032-01-31T21:20,2032-01-31T21:50,4
Moscow,2032-01-31T21:50,2032-01-31T22:40,4
Saint Petersburg,2032-01-31T21:50,2032-01-31T22:10,4
Saint Petersburg,2032-01-31T22:10,2032-01-31T22:35,4
Saint Petersburg,2032-01-31T22:35,2032-01-31T23:50,3
Moscow,2032-01-31T22:40,2032-01-31T23:20,3
Moscow,2032-01-31T23:20,2032-01-31T23:50,2
Moscow,2032-01-31T23:50,2032-02-01T00:20,1
Saint Petersburg,2032-01-31T23:50,2032-02-01T00:20,2
Saint Petersburg,2032-02-01T00:20,2032-02-01T00:40,1
Moscow,2032-02-02T13:50,2032-02-02T14:10,1
Moscow,2032-02-02T14:10,2032-02-02T14:50,2
Moscow,2032-02-02T14:50,2032-02-02T15:20,3
Saint Petersburg,2032-02-02T14:50,2032-02-02T15:20,1
Moscow,2032-02-02T15:20,2032-02-02T16:20,4
Saint Petersburg,2032-02-02T15:20,2032-02-02T15:50,2
Saint Petersburg,2032-02-02T15:50,2032-02-02T16:10,3
Saint Petersburg,2032-02-02T16:10,2032-02-02T17:20,4
Moscow,2032-02-02T16:20,2032-02-02T16:40,4
Moscow,2032-02-02T16:40,2032-02-02T16:50,3
Moscow,2032-02-02T16:50,2032-02-02T17:20,4
Moscow,2032-02-02T17:20,2032-02-02T17:50,4
Saint Petersburg,2032-02-02T17:20,2032-02-02T17:50,3
Moscow,2032-02-02T17:50,2032-02-02T18:10,3
Saint Petersburg,2032-02-02T17:50,2032-02-02T18:10,2
Moscow,2032-02-02T18:10,2032-02-02T18:50,4
Saint Petersburg,2032-02-02T18:10,2032-02-02T18:20,3
Saint Petersburg,2032-02-02T18:20,2032-02-02T18:40,2
Saint Petersburg,2032-02-02T18:40,2032-02-02T18:50,1
Moscow,2032-02-02T18:50,2032-02-02T19:20,4
Saint Petersburg,2032-02-02T18:50,2032-02-02T19:50,2
Moscow,2032-02-02T19:20,2032-02-02T19:50,4
Moscow,2032-02-02T19:50,2032-02-02T20:40,4
Saint Petersburg,2032-02-02T19:50,2032-02-02T20:35,3
Saint Petersburg,2032-02-02T20:35,2032-02-02T20:40,4
Moscow,2032-02-02T20:40,2032-02-02T21:20,4
Saint Petersburg,2032-02-02T20:40,2032-02-02T20:50,3
Saint Petersburg,2032-02-02T20:50,2032-02-02T21:20,4
Moscow,2032-02-02T21:20,2032-02-02T21:50,4
Saint Petersburg,2032-02-02T21:20,2032-02-02T22:20,4
Moscow,2032-02-02T21:50,2032-02-02T22:20,4
Moscow,2032-02-02T22:20,2032-02-02T23:10,4
Saint Petersburg,2032-02-02T22:20,2032-02-02T23:05,4
Saint Petersburg,2032-02-02T23:05,2032-02-02T23:20,4
Moscow,2032-02-02T23:10,2032-02-02T23:50,4
Saint Petersburg,2032-02-02T23:20,2032-02-02T23:50,3
Moscow,2032-02-02T23:50,2032-02-03T00:20,4
Saint Petersburg,2032-02-02T23:50,2032-02-03T00:10,2
Saint Petersburg,2032-02-03T00:10,2032-02-03T00:50,4
Moscow,2032-02-03T00:20,2032-02-03T00:50,4
Moscow,2032-02-03T00:50,2032-02-03T01:40,4
Saint Petersburg,2032-02-03T00:50,2032-02-03T01:35,4
Saint Petersburg,2032-02-03T01:35,2032-02-03T02:40,4
Moscow,2032-02-03T01:40,2032-02-03T02:20,4
Moscow,2032-02-03T02:20,2032-02-03T02:50,3
Saint Petersburg,2032-02-03T02:40,2032-02-03T02:50,2
Moscow,2032-02-03T02:50,2032-02-03T03:20,2
Saint Petersburg,2032-02-03T02:50,2032-02-03T03:20,4
Moscow,2032-02-03T03:20,2032-02-03T04:10,1
Saint Petersburg,2032-02-03T03:20,2032-02-03T04:05,4
Saint Petersburg,2032-02-03T04:05,2032-02-03T05:20,3
Saint Petersburg,2032-02-03T05:20,2032-02-03T05:50,1
Moscow,2032-02-04T18:50,2032-02-04T19:20,1
Moscow,2032-02-04T19:20,2032-02-04T19:50,2
Moscow,2032-02-04T19:50,2032-02-04T20:10,3
Saint Petersburg,2032-02-04T19:50,2032-02-04T20:10,1
Moscow,2032-02-04T20:10,2032-02-04T21:20,4
Saint Petersburg,2032-02-04T20:10,2032-02-04T20:35,2
Saint Petersburg,2032-02-04T20:35,2032-02-04T20:50,3
Saint Petersburg,2032-02-04T20:50,2032-02-04T22:20,4
Moscow,2032-02-04T21:20,2032-02-04T21:50,4
Moscow,2032-02-04T21:50,2032-02-04T22:20,4
Moscow,2032-02-04T22:20,2032-02-04T22:40,4
Saint Petersburg,2032-02-04T22:20,2032-02-04T22:40,4
Moscow,2032-02-04T22:40,2032-02-04T23:50,4
Saint Petersburg,2032-02-04T22:40,2032-02-04T23:05,4
Saint Petersburg,2032-02-04T23:05,2032-02-04T23:20,4
Saint Petersburg,2032-02-04T23:20,2032-02-05T00:50,4
Moscow,2032-02-04T23:50,2032-02-05T00:20,4
Moscow,2032-02-05T00:20,2032-02-05T00:50,4
Moscow,2032-02-05T00:50,2032-02-05T01:10,4
Saint Petersburg,2032-02-05T00:50,2032-02-05T01:10,4
Moscow,2032-02-05T01:10,2032-02-05T02:20,4
Saint Petersburg,2032-02-05T01:10,2032-02-05T01:35,4
Saint Petersburg,2032-02-05T01:35,2032-02-05T01:50,4
Saint Petersburg,2032-02-05T01:50,2032-02-05T03:20,4
Moscow,2032-02-05T02:20,2032-02-05T02:50,4
Moscow,2032-02-05T02:50,2032-02-05T03:20,3
Moscow,2032-02-05T03:20,2032-02-05T03:40,2
Saint Petersburg,2032-02-05T03:20,2032-02-05T03:40,3
Moscow,2032-02-05T03:40,2032-02-05T04:50,1
Saint Petersburg,2032-02-05T03:40,2032-02-05T04:05,2
Saint Petersburg,2032-02-05T04:05,2032-02-05T04:20,1
Moscow,2032-02-05T08:10,2032-02-05T08:35,1
Saint Petersburg,2032-02-05T08:10,2032-02-05T08:35,1
Moscow,2032-02-05T08:35,2032-02-05T08:50,2
Saint Petersburg,2032-02-05T08:35,2032-02-05T08:50,2
Moscow,2032-02-05T08:50,2032-02-05T09:20,3
Saint Petersburg,2032-02-05T08:50,2032-02-05T09:20,3
Moscow,2032-02-05T09:20,2032-02-05T10:40,4
Saint Petersburg,2032-02-05T09:20,2032-02-05T10:40,4
Moscow,2032-02-05T10:40,2032-02-05T11:05,4
Saint Petersburg,2032-02-05T10:40,2032-02-05T11:05,4
Moscow,2032-02-05T11:05,2032-02-05T11:20,4
Saint Petersburg,2032-02-05T11:05,2032-02-05T11:20,4
Moscow,2032-02-05T11:20,2032-02-05T11:50,4
Saint Petersburg,2032-02-05T11:20,2032-02-05T11:50,4
Moscow,2032-02-05T11:50,2032-02-05T13:10,3
Saint Petersburg,2032-02-05T11:50,2032-02-05T13:10,3
Moscow,2032-02-05T13:10,2032-02-05T13:35,2
Saint Petersburg,2032-02-05T13:10,2032-02-05T13:35,2
Moscow,2032-02-05T13:35,2032-02-05T13:50,1
Saint Petersburg,2032-02-05T13:35,2032-02-05T13:50,1
Moscow,2032-02-06T22:10,2032-02-06T23:20,1
Moscow,2032-02-06T23:20,2032-02-06T23:50,2
Saint Petersburg,2032-02-06T23:20,2032-02-06T23:50,1
Moscow,2032-02-06T23:50,2032-02-07T00:10,3
Saint Petersburg,2032-02-06T23:50,2032-02-07T00:10,2
Moscow,2032-02-07T00:10,2032-02-07T00:40,4
Saint Petersburg,2032-02-07T00:10,2032-02-07T00:50,3
Moscow,2032-02-07T00:40,2032-02-07T01:50,3
Saint Petersburg,2032-02-07T00:50,2032-02-07T01:50,4
Moscow,2032-02-07T01:50,2032-02-07T02:20,2
Saint Petersburg,2032-02-07T01:50,2032-02-07T02:20,3
Moscow,2032-02-07T02:20,2032-02-07T02:40,1
Saint Petersburg,2032-02-07T02:20,2032-02-07T02:40,2
Saint Petersburg,2032-02-07T02:40,2032-02-07T03:20,1
Moscow,2032-02-07T05:20,2032-02-07T07:50,1
Moscow,2032-02-07T08:10,2032-02-07T08:35,1
Saint Petersburg,2032-02-07T08:10,2032-02-07T08:35,1
Moscow,2032-02-07T08:35,2032-02-07T08:50,2
Saint Petersburg,2032-02-07T08:35,2032-02-07T09:20,2
Moscow,2032-02-07T08:50,2032-02-07T09:20,3
Moscow,2032-02-07T09:20,2032-02-07T10:40,4
Saint Petersburg,2032-02-07T09:20,2032-02-07T10:10,3
Saint Petersburg,2032-02-07T10:10,2032-02-07T10:40,4
Moscow,2032-02-07T10:40,2032-02-07T11:05,4
Saint Petersburg,2032-02-07T10:40,2032-02-07T10:50,3
Saint Petersburg,2032-02-07T10:50,2032-02-07T11:05,4
Moscow,2032-02-07T11:05,2032-02-07T11:20,4
Saint Petersburg,2032-02-07T11:05,2032-02-07T11:20,3
Moscow,2032-02-07T11:20,2032-02-07T11:50,4
Saint Petersburg,2032-02-07T11:20,2032-02-07T11:50,4
Moscow,2032-02-07T11:50,2032-02-07T13:10,4
Saint Petersburg,2032-02-07T11:50,2032-02-07T12:40,4
Saint Petersburg,2032-02-07T12:40,2032-02-07T12:50,3
Saint Petersburg,2032-02-07T12:50,2032-02-07T13:20,4
Moscow,2032-02-07T13:10,2032-02-07T13:35,4
Saint Petersburg,2032-02-07T13:20,2032-02-07T13:50,4
Moscow,2032-02-07T13:35,2032-02-07T13:50,4
Moscow,2032-02-07T13:50,2032-02-07T14:20,4
Saint Petersburg,2032-02-07T13:50,2032-02-07T14:20,4
Moscow,2032-02-07T14:20,2032-02-07T15:40,4
Saint Petersburg,2032-02-07T14:20,2032-02-07T15:20,4
Saint Petersburg,2032-02-07T15:20,2032-02-07T15:50,4
Moscow,2032-02-07T15:40,2032-02-07T16:05,4
Saint Petersburg,2032-02-07T15:50,2032-02-07T16:20,4
Moscow,2032-02-07T16:05,2032-02-07T16:20,4
Moscow,2032-02-07T16:20,2032-02-07T16:50,4
Saint Petersburg,2032-02-07T16:20,2032-02-07T16:50,4
Moscow,2032-02-07T16:50,2032-02-07T18:10,3
Saint Petersburg,2032-02-07T16:50,2032-02-07T17:50,4
Saint Petersburg,2032-02-07T17:50,2032-02-07T18:20,3
Moscow,2032-02-07T18:10,2032-02-07T18:35,2
Saint Petersburg,2032-02-07T18:20,2032-02-07T18:50,2
Moscow,2032-02-07T18:35,2032-02-07T18:50,1
Saint Petersburg,2032-02-07T18:50,2032-02-07T19:20,1
Moscow,2032-02-09T09:20,2032-02-09T09:35,1
Moscow,2032-02-09T09:35,2032-02-09T09:50,2
Moscow,2032-02-09T09:50,2032-02-09T10:10,3
Saint Petersburg,2032-02-09T09:50,2032-02-09T10:10,1
Moscow,2032-02-09T10:10,2032-02-09T11:50,4
Saint Petersburg,2032-02-09T10:10,2032-02-09T10:50,2
Saint Petersburg,2032-02-09T10:50,2032-02-09T11:20,3
Saint Petersburg,2032-02-09T11:20,2032-02-09T12:20,4
Moscow,2032-02-09T11:50,2032-02-09T12:05,4
Moscow,2032-02-09T12:05,2032-02-09T12:20,4
Moscow,2032-02-09T12:20,2032-02-09T12:40,4
Saint Petersburg,2032-02-09T12:20,2032-02-09T12:40,4
Moscow,2032-02-09T12:40,2032-02-09T14:20,4
Saint Petersburg,2032-02-09T12:40,2032-02-09T13:20,4
Saint Petersburg,2032-02-09T13:20,2032-02-09T13:50,4
Saint Petersburg,2032-02-09T13:50,2032-02-09T14:50,4
Moscow,2032-02-09T14:20,2032-02-09T14:35,4
Moscow,2032-02-09T14:35,2032-02-09T14:50,4
Moscow,2032-02-09T14:50,2032-02-09T15:10,4
Saint Petersburg,2032-02-09T14:50,2032-02-09T15:10,4
Moscow,2032-02-09T15:10,2032-02-09T16:50,4
Saint Petersburg,2032-02-09T15:10,2032-02-09T15:50,4
Saint Petersburg,2032-02-09T15:50,2032-02-09T16:20,4
Saint Petersburg,2032-02-09T16:20,2032-02-09T17:20,4
Moscow,2032-02-09T16:50,2032-02-09T17:05,4
Moscow,2032-02-09T17:05,2032-02-09T17:20,4
Moscow,2032-02-09T17:20,2032-02-09T17:40,4
Saint Petersburg,2032-02-09T17:20,2032-02-09T17:40,4
Moscow,2032-02-09T17:40,2032-02-09T19:20,4
Saint Petersburg,2032-02-09T17:40,2032-02-09T18:20,4
Saint Petersburg,2032-02-09T18:20,2032-02-09T18:50,4
Saint Petersburg,2032-02-09T18:50,2032-02-09T19:50,4
Moscow,2032-02-09T19:20,2032-02-09T19:35,4
Moscow,2032-02-09T19:35,2032-02-09T19:50,4
Moscow,2032-02-09T19:50,2032-02-09T20:10,4
Saint Petersburg,2032-02-09T19:50,2032-02-09T20:10,4
Moscow,2032-02-09T20:10,2032-02-09T21:50,4
Saint Petersburg,2032-02-09T20:10,2032-02-09T20:50,4
Saint Petersburg,2032-02-09T20:50,2032-02-09T21:20,4
Saint Petersburg,2032-02-09T21:20,2032-02-09T22:20,3
Moscow,2032-02-09T21:50,2032-02-09T22:05,3
Moscow,2032-02-09T22:05,2032-02-09T22:20,2
Moscow,2032-02-09T22:20,2032-02-09T22:40,1
Saint Petersburg,2032-02-09T22:20,2032-02-09T22:40,2
Saint Petersburg,2032-02-09T22:40,2032-02-09T23:20,1
Moscow,2032-02-11T12:35,2032-02-11T12:50,1
Moscow,2032-02-11T12:50,2032-02-11T13:20,2
Moscow,2032-02-11T13:20,2032-02-11T13:50,3
Saint Petersburg,2032-02-11T13:20,2032-02-11T13:50,1
Moscow,2032-02-11T13:50,2032-02-11T15:05,4
Saint Petersburg,2032-02-11T13:50,2032-02-11T14:10,2
Saint Petersburg,2032-02-11T14:10,2032-02-11T14:50,3
Saint Petersburg,2032-02-11T14:50,2032-02-11T15:50,4
Moscow,2032-02-11T15:05,2032-02-11T15:20,4
Moscow,2032-02-11T15:20,2032-02-11T15:50,4
Moscow,2032-02-11T15:50,2032-02-11T16:20,4
Saint Petersburg,2032-02-11T15:50,2032-02-11T16:20,4
Moscow,2032-02-11T16:20,2032-02-11T17:35,4
Saint Petersburg,2032-02-11T16:20,2032-02-11T16:40,4
Saint Petersburg,2032-02-11T16:40,2032-02-11T17:20,4
Saint Petersburg,2032-02-11T17:20,2032-02-11T18:20,4
Moscow,2032-02-11T17:35,2032-02-11T17:50,4
Moscow,2032-02-11T17:50,2032-02-11T18:20,4
Moscow,2032-02-11T18:20,2032-02-11T18:50,4
Saint Petersburg,2032-02-11T18:20,2032-02-11T18:50,4
Moscow,2032-02-11T18:50,2032-02-11T20:05,4
Saint Petersburg,2032-02-11T18:50,2032-02-11T19:10,4
Saint Petersburg,2032-02-11T19:10,2032-02-11T19:50,4
Saint Petersburg,2032-02-11T19:50,2032-02-11T20:50,4
Moscow,2032-02-11T20:05,2032-02-11T20:20,4
Moscow,2032-02-11T20:20,2032-02-11T20:50,4
Moscow,2032-02-11T20:50,2032-02-11T21:20,4
Saint Petersburg,2032-02-11T20:50,2032-02-11T21:20,4
Moscow,2032-02-11T21:20,2032-02-11T22:35,4
Saint Petersburg,2032-02-11T21:20,2032-02-11T21:40,4
Saint Petersburg,2032-02-11T21:40,2032-02-11T22:20,4
Saint Petersburg,2032-02-11T22:20,2032-02-11T23:20,4
Moscow,2032-02-11T22:35,2032-02-11T22:50,4
Moscow,2032-02-11T22:50,2032-02-11T23:20,4
Moscow,2032-02-11T23:20,2032-02-11T23:50,4
Saint Petersburg,2032-02-11T23:20,2032-02-11T23:50,4
Moscow,2032-02-11T23:50,2032-02-12T01:05,4
Saint Petersburg,2032-02-11T23:50,2032-02-12T00:10,4
Saint Petersburg,2032-02-12T00:10,2032-02-12T00:50,4
Saint Petersburg,2032-02-12T00:50,2032-02-12T01:50,3
Moscow,2032-02-12T01:05,2032-02-12T01:20,3
Moscow,2032-02-12T01:20,2032-02-12T01:50,2
Moscow,2032-02-12T01:50,2032-02-12T02:20,1
Saint Petersburg,2032-02-12T01:50,2032-02-12T02:20,2
Saint Petersburg,2032-02-12T02:20,2032-02-12T02:40,1
Moscow,2032-02-13T16:50,2032-02-13T17:20,1
Moscow,2032-02-13T17:20,2032-02-13T18:10,2
Moscow,2032-02-13T18:10,2032-02-13T18:50,3
Saint Petersburg,2032-02-13T18:10,2032-02-13T18:50,1
Moscow,2032-02-13T18:50,2032-02-13T19:20,4
Saint Petersburg,2032-02-13T18:50,2032-02-13T19:50,2
Moscow,2032-02-13T19:20,2032-02-13T19:50,4
Moscow,2032-02-13T19:50,2032-02-13T20:40,4
Saint Petersburg,2032-02-13T19:50,2032-02-13T20:10,3
Saint Petersburg,2032-02-13T20:10,2032-02-13T20:40,4
Moscow,2032-02-13T20:40,2032-02-13T21:20,4
Saint Petersburg,2032-02-13T20:40,2032-02-13T21:20,4
Moscow,2032-02-13T21:20,2032-02-13T21:50,4
Saint Petersburg,2032-02-13T21:20,2032-02-13T22:20,4
Moscow,2032-02-13T21:50,2032-02-13T22:20,4
Moscow,2032-02-13T22:20,2032-02-13T23:10,4
Saint Petersburg,2032-02-13T22:20,2032-02-13T22:40,4
Saint Petersburg,2032-02-13T22:40,2032-02-13T23:10,4
Moscow,2032-02-13T23:10,2032-02-13T23:50,4
Saint Petersburg,2032-02-13T23:10,2032-02-13T23:50,4
Moscow,2032-02-13T23:50,2032-02-14T00:20,4
Saint Petersburg,2032-02-13T23:50,2032-02-14T00:50,4
Moscow,2032-02-14T00:20,2032-02-14T00:50,4
Moscow,2032-02-14T00:50,2032-02-14T01:40,4
Saint Petersburg,2032-02-14T00:50,2032-02-14T01:10,4
Saint Petersburg,2032-02-14T01:10,2032-02-14T01:40,4
Moscow,2032-02-14T01:40,2032-02-14T02:20,4
Saint Petersburg,2032-02-14T01:40,2032-02-14T02:20,4
Moscow,2032-02-14T02:20,2032-02-14T02:50,4
Saint Petersburg,2032-02-14T02:20,2032-02-14T03:20,4
Moscow,2032-02-14T02:50,2032-02-14T03:20,3
Moscow,2032-02-14T03:20,2032-02-14T04:10,2
Saint Petersburg,2032-02-14T03:20,2032-02-14T03:40,3
Saint Petersburg,2032-02-14T03:40,2032-02-14T04:10,2
Moscow,2032-02-14T04:10,2032-02-14T04:50,1
Saint Petersburg,2032-02-14T04:10,2032-02-14T04:50,1
Saint Petersburg,2032-02-14T05:50,2032-02-14T08:10,1
Moscow,2032-02-14T08:10,2032-02-14T08:35,1
Saint Petersburg,2032-02-14T08:10,2032-02-14T08:20,2
Saint Petersburg,2032-02-14T08:20,2032-02-14T08:35,1
Moscow,2032-02-14T08:35,2032-02-14T08:50,2
Saint Petersburg,2032-02-14T08:35,2032-02-14T08:50,2
Moscow,2032-02-14T08:50,2032-02-14T09:20,3
Saint Petersburg,2032-02-14T08:50,2032-02-14T09:20,3
Moscow,2032-02-14T09:20,2032-02-14T10:40,4
Saint Petersburg,2032-02-14T09:20,2032-02-14T10:40,4
Moscow,2032-02-14T10:40,2032-02-14T11:05,3
Saint Petersburg,2032-02-14T10:40,2032-02-14T11:05,3
Moscow,2032-02-14T11:05,2032-02-14T11:20,2
Saint Petersburg,2032-02-14T11:05,2032-02-14T11:20,2
Moscow,2032-02-14T11:20,2032-02-14T11:50,1
Saint Petersburg,2032-02-14T11:20,2032-02-14T11:50,1
Moscow,2032-02-15T20:50,2032-02-15T21:20,1
Moscow,2032-02-15T21:20,2032-02-15T21:50,2
Moscow,2032-02-15T21:50,2032-02-15T22:10,3
Saint Petersburg,2032-02-15T21:50,2032-02-15T22:10,1
Moscow,2032-02-15T22:10,2032-02-15T23:20,4
Saint Petersburg,2032-02-15T22:10,2032-02-15T22:35,2
Saint Petersburg,2032-02-15T22:35,2032-02-15T22:50,3
Saint Petersburg,2032-02-15T22:50,2032-02-16T00:20,4
Moscow,2032-02-15T23:20,2032-02-15T23:50,4
Moscow,2032-02-15T23:50,2032-02-16T00:20,4
Moscow,2032-02-16T00:20,2032-02-16T00:40,4
Saint Petersburg,2032-02-16T00:20,2032-02-16T00:40,4
Moscow,2032-02-16T00:40,2032-02-16T01:50,4
Saint Petersburg,2032-02-16T00:40,2032-02-16T01:05,4
Saint Petersburg,2032-02-16T01:05,2032-02-16T01:20,4
Saint Petersburg,2032-02-16T01:20,2032-02-16T02:50,3
Moscow,2032-02-16T01:50,2032-02-16T02:20,3
Moscow,2032-02-16T02:20,2032-02-16T02:50,2
Moscow,2032-02-16T02:50,2032-02-16T03:10,1
Saint Petersburg,2032-02-16T02:50,2032-02-16T03:10,2
Saint Petersburg,2032-02-16T03:10,2032-02-16T03:35,1
Moscow,2032-02-16T08:10,2032-02-16T08:35,1
Saint Petersburg,2032-02-16T08:10,2032-02-16T08:35,1
Moscow,2032-02-16T08:35,2032-02-16T08:50,2
Saint Petersburg,2032-02-16T08:35,2032-02-16T09:20,2
Moscow,2032-02-16T08:50,2032-02-16T09:20,3
Moscow,2032-02-16T09:20,2032-02-16T10:40,4
Saint Petersburg,2032-02-16T09:20,2032-02-16T09:50,3
Saint Petersburg,2032-02-16T09:50,2032-02-16T10:40,4
Moscow,2032-02-16T10:40,2032-02-16T11:05,4
Saint Petersburg,2032-02-16T10:40,2032-02-16T10:50,3
Saint Petersburg,2032-02-16T10:50,2032-02-16T11:05,4
Moscow,2032-02-16T11:05,2032-02-16T11:20,4
Saint Petersburg,2032-02-16T11:05,2032-02-16T11:50,4
Moscow,2032-02-16T11:20,2032-02-16T11:50,4
Moscow,2032-02-16T11:50,2032-02-16T13:10,4
Saint Petersburg,2032-02-16T11:50,2032-02-16T12:20,4
Saint Petersburg,2032-02-16T12:20,2032-02-16T13:20,4
Moscow,2032-02-16T13:10,2032-02-16T13:35,4
Saint Petersburg,2032-02-16T13:20,2032-02-16T13:35,4
Moscow,2032-02-16T13:35,2032-02-16T13:50,4
Saint Petersburg,2032-02-16T13:35,2032-02-16T14:10,3
Moscow,2032-02-16T13:50,2032-02-16T14:20,4
Saint Petersburg,2032-02-16T14:10,2032-02-16T14:20,4
Moscow,2032-02-16T14:20,2032-02-16T15:40,4
Saint Petersburg,2032-02-16T14:20,2032-02-16T14:50,4
Saint Petersburg,2032-02-16T14:50,2032-02-16T15:50,3
Moscow,2032-02-16T15:40,2032-02-16T16:05,3
Saint Petersburg,2032-02-16T15:50,2032-02-16T16:40,2
Moscow,2032-02-16T16:05,2032-02-16T16:20,2
Moscow,2032-02-16T16:20,2032-02-16T16:50,1
Saint Petersburg,2032-02-16T16:40,2032-02-16T16:50,1
Saint Petersburg,2032-02-16T16:50,2032-02-16T19:20,1
Moscow,2032-02-18T08:10,2032-02-18T08:35,1
Moscow,2032-02-18T08:35,2032-02-18T08:50,2
Saint Petersburg,2032-02-18T08:35,2032-02-18T08:50,1
Moscow,2032-02-18T08:50,2032-02-18T09:20,3
Saint Petersburg,2032-02-18T08:50,2032-02-18T09:20,2
Moscow,2032-02-18T09:20,2032-02-18T10:40,4
Saint Petersburg,2032-02-18T09:20,2032-02-18T09:50,3
Saint Petersburg,2032-02-18T09:50,2032-02-18T11:05,4
Moscow,2032-02-18T10:40,2032-02-18T11:05,4
Moscow,2032-02-18T11:05,2032-02-18T11:20,4
Saint Petersburg,2032-02-18T11:05,2032-02-18T11:20,4
Moscow,2032-02-18T11:20,2032-02-18T11:50,4
Saint Petersburg,2032-02-18T11:20,2032-02-18T11:50,4
Moscow,2032-02-18T11:50,2032-02-18T13:10,4
Saint Petersburg,2032-02-18T11:50,2032-02-18T12:20,4
Saint Petersburg,2032-02-18T12:20,2032-02-18T13:35,4
Moscow,2032-02-18T13:10,2032-02-18T13:35,4
Moscow,2032-02-18T13:35,2032-02-18T13:50,4
Saint Petersburg,2032-02-18T13:35,2032-02-18T13:50,4
Moscow,2032-02-18T13:50,2032-02-18T14:20,4
Saint Petersburg,2032-02-18T13:50,2032-02-18T14:20,4
Moscow,2032-02-18T14:20,2032-02-18T15:40,4
Saint Petersburg,2032-02-18T14:20,2032-02-18T14:50,4
Saint Petersburg,2032-02-18T14:50,2032-02-18T16:05,4
Moscow,2032-02-18T15:40,2032-02-18T16:05,4
Moscow,2032-02-18T16:05,2032-02-18T16:20,4
Saint Petersburg,2032-02-18T16:05,2032-02-18T16:20,4
Moscow,2032-02-18T16:20,2032-02-18T16:50,4
Saint Petersburg,2032-02-18T16:20,2032-02-18T16:50,4
Moscow,2032-02-18T16:50,2032-02-18T18:10,4
Saint Petersburg,2032-02-18T16:50,2032-02-18T17:20,4
Saint Petersburg,2032-02-18T17:20,2032-02-18T18:35,4
Moscow,2032-02-18T18:10,2032-02-18T18:35,4
Moscow,2032-02-18T18:35,2032-02-18T18:50,4
Saint Petersburg,2032-02-18T18:35,2032-02-18T18:50,4
Moscow,2032-02-18T18:50,2032-02-18T19:20,4
Saint Petersburg,2032-02-18T18:50,2032-02-18T19:20,4
Moscow,2032-02-18T19:20,2032-02-18T20:40,4
Saint Petersburg,2032-02-18T19:20,2032-02-18T19:50,4
Saint Petersburg,2032-02-18T19:50,2032-02-18T21:05,3
Moscow,2032-02-18T20:40,2032-02-18T21:05,3
Moscow,2032-02-18T21:05,2032-02-18T21:20,2
Saint Petersburg,2032-02-18T21:05,2032-02-18T21:20,2
Moscow,2032-02-18T21:20,2032-02-18T21:50,1
Saint Petersburg,2032-02-18T21:20,2032-02-18T21:50,1
Moscow,2032-02-20T11:20,2032-02-20T11:50,1
Moscow,2032-02-20T11:50,2032-02-20T12:10,2
Moscow,2032-02-20T12:10,2032-02-20T12:35,3
Saint Petersburg,2032-02-20T12:10,2032-02-20T12:35,1
Moscow,2032-02-20T12:35,2032-02-20T13:50,4
Saint Petersburg,2032-02-20T12:35,2032-02-20T12:50,2
Saint Petersburg,2032-02-20T12:50,2032-02-20T13:20,3
Saint Petersburg,2032-02-20T13:20,2032-02-20T14:40,4
Moscow,2032-02-20T13:50,2032-02-20T14:20,4
Moscow,2032-02-20T14:20,2032-02-20T14:40,4
Moscow,2032-02-20T14:40,2032-02-20T15:05,4
Saint Petersburg,2032-02-20T14:40,2032-02-20T15:05,4
Moscow,2032-02-20T15:05,2032-02-20T16:20,4
Saint Petersburg,2032-02-20T15:05,2032-02-20T15:20,4
Saint Petersburg,2032-02-20T15:20,2032-02-20T15:50,4
Saint Petersburg,2032-02-20T15:50,2032-02-20T17:10,4
Moscow,2032-02-20T16:20,2032-02-20T16:50,4
Moscow,2032-02-20T16:50,2032-02-20T17:10,4
Moscow,2032-02-20T17:10,2032-02-20T17:35,4
Saint Petersburg,2032-02-20T17:10,2032-02-20T17:35,4
Moscow,2032-02-20T17:35,2032-02-20T18:50,4
Saint Petersburg,2032-02-20T17:35,2032-02-20T17:50,4
Saint Petersburg,2032-02-20T17:50,2032-02-20T18:20,4
Saint Petersburg,2032-02-20T18:20,2032-02-20T19:40,4
Moscow,2032-02-20T18:50,2032-02-20T19:20,4
Moscow,2032-02-20T19:20,2032-02-20T19:40,4
Moscow,2032-02-20T19:40,2032-02-20T20:05,4
Saint Petersburg,2032-02-20T19:40,2032-02-20T19:50,3
Saint Petersburg,2032-02-20T19:50,2032-02-20T20:05,4
Moscow,2032-02-20T20:05,2032-02-20T21:20,4
Saint Petersburg,2032-02-20T20:05,2032-02-20T20:20,3
Saint Petersburg,2032-02-20T20:20,2032-02-20T20:35,2
Saint Petersburg,2032-02-20T20:35,2032-02-20T20:50,3
Saint Petersburg,2032-02-20T20:50,2032-02-20T21:20,3
Moscow,2032-02-20T21:20,2032-02-20T21:50,4
Saint Petersburg,2032-02-20T21:20,2032-02-20T22:20,4
Moscow,2032-02-20T21:50,2032-02-20T22:10,4
Moscow,2032-02-20T22:10,2032-02-20T22:35,4
Saint Petersburg,2032-02-20T22:20,2032-02-20T23:05,4
Moscow,2032-02-20T22:35,2032-02-20T23:50,4
Saint Petersburg,2032-02-20T23:05,2032-02-20T23:20,3
Saint Petersburg,2032-02-20T23:20,2032-02-20T23:50,2
Moscow,2032-02-20T23:50,2032-02-21T00:20,3
Saint Petersburg,2032-02-20T23:50,2032-02-21T00:10,1
Saint Petersburg,2032-02-21T00:10,2032-02-21T00:50,2
Moscow,2032-02-21T00:20,2032-02-21T00:40,2
Moscow,2032-02-21T00:40,2032-02-21T01:05,1
Saint Petersburg,2032-02-21T00:50,2032-02-21T02:40,1
Saint Petersburg,2032-02-21T06:50,2032-02-21T09:20,1
Moscow,2032-02-22T14:50,2032-02-22T15:20,1
Moscow,2032-02-22T15:20,2032-02-22T16:10,2
Saint Petersburg,2032-02-22T15:50,2032-02-22T16:50,1
Moscow,2032-02-22T16:10,2032-02-22T16:50,3
Moscow,2032-02-22T16:50,2032-02-22T17:20,4
Saint Petersburg,2032-02-22T16:50,2032-02-22T17:20,2
Moscow,2032-02-22T17:20,2032-02-22T17:50,4
Saint Petersburg,2032-02-22T17:20,2032-02-22T18:10,3
Moscow,2032-02-22T17:50,2032-02-22T18:10,3
Moscow,2032-02-22T18:10,2032-02-22T18:40,4
Saint Petersburg,2032-02-22T18:10,2032-02-22T18:20,4
Saint Petersburg,2032-02-22T18:20,2032-02-22T18:50,3
Moscow,2032-02-22T18:40,2032-02-22T18:50,3
Moscow,2032-02-22T18:50,2032-02-22T19:20,4
Saint Petersburg,2032-02-22T18:50,2032-02-22T19:20,4
Moscow,2032-02-22T19:20,2032-02-22T19:50,4
Saint Petersburg,2032-02-22T19:20,2032-02-22T19:50,3
Moscow,2032-02-22T19:50,2032-02-22T20:40,4
Saint Petersburg,2032-02-22T19:50,2032-02-22T20:10,3
Saint Petersburg,2032-02-22T20:10,2032-02-22T20:40,4
Moscow,2032-02-22T20:40,2032-02-22T21:20,4
Saint Petersburg,2032-02-22T20:40,2032-02-22T21:20,4
Moscow,2032-02-22T21:20,2032-02-22T21:50,4
Saint Petersburg,2032-02-22T21:20,2032-02-22T22:20,4
Moscow,2032-02-22T21:50,2032-02-22T22:20,4
Moscow,2032-02-22T22:20,2032-02-22T23:10,4
Saint Petersburg,2032-02-22T22:20,2032-02-22T22:40,4
Saint Petersburg,2032-02-22T22:40,2032-02-22T23:10,4
Moscow,2032-02-22T23:10,2032-02-22T23:50,4
Saint Petersburg,2032-02-22T23:10,2032-02-22T23:50,4
Moscow,2032-02-22T23:50,2032-02-23T00:20,4
Saint Petersburg,2032-02-22T23:50,2032-02-23T00:50,4
Moscow,2032-02-23T00:20,2032-02-23T00:50,4
Moscow,2032-02-23T00:50,2032-02-23T01:40,4
Saint Petersburg,2032-02-23T00:50,2032-02-23T01:10,4
Saint Petersburg,2032-02-23T01:10,2032-02-23T01:40,3
Moscow,2032-02-23T01:40,2032-02-23T02:20,4
Saint Petersburg,2032-02-23T01:40,2032-02-23T02:10,2
Saint Petersburg,2032-02-23T02:10,2032-02-23T02:20,4
Moscow,2032-02-23T02:20,2032-02-23T02:50,4
Saint Petersburg,2032-02-23T02:20,2032-02-23T03:20,4
Moscow,2032-02-23T02:50,2032-02-23T03:20,3
Moscow,2032-02-23T03:20,2032-02-23T04:10,2
Saint Petersburg,2032-02-23T03:20,2032-02-23T03:50,3
Saint Petersburg,2032-02-23T03:50,2032-02-23T04:40,4
Moscow,2032-02-23T04:10,2032-02-23T04:50,1
Saint Petersburg,2032-02-23T04:40,2032-02-23T04:50,2
Saint Petersburg,2032-02-23T04:50,2032-02-23T06:20,1
Moscow,2032-02-23T08:10,2032-02-23T10:40,1
Saint Petersburg,2032-02-23T08:10,2032-02-23T10:40,1
Moscow,2032-02-24T19:50,2032-02-24T20:10,1
Moscow,2032-02-24T20:10,2032-02-24T20:35,2
Moscow,2032-02-24T20:35,2032-02-24T20:50,3
Saint Petersburg,2032-02-24T20:35,2032-02-24T20:50,1
Moscow,2032-02-24T20:50,2032-02-24T22:20,4
Saint Petersburg,2032-02-24T20:50,2032-02-24T21:20,2
Saint Petersburg,2032-02-24T21:20,2032-02-24T21:50,3
Saint Petersburg,2032-02-24T21:50,2032-02-24T23:05,4
Moscow,2032-02-24T22:20,2032-02-24T22:40,4
Moscow,2032-02-24T22:40,2032-02-24T23:05,4
Moscow,2032-02-24T23:05,2032-02-24T23:20,4
Saint Petersburg,2032-02-24T23:05,2032-02-24T23:20,4
Moscow,2032-02-24T23:20,2032-02-25T00:50,4
Saint Petersburg,2032-02-24T23:20,2032-02-24T23:50,4
Saint Petersburg,2032-02-24T23:50,2032-02-25T00:20,4
Saint Petersburg,2032-02-25T00:20,2032-02-25T01:35,4
Moscow,2032-02-25T00:50,2032-02-25T01:10,4
Moscow,2032-02-25T01:10,2032-02-25T01:35,4
Moscow,2032-02-25T01:35,2032-02-25T01:50,4
Saint Petersburg,2032-02-25T01:35,2032-02-25T01:50,4
Moscow,2032-02-25T01:50,2032-02-25T03:20,3
Saint Petersburg,2032-02-25T01:50,2032-02-25T02:20,4
Saint Petersburg,2032-02-25T02:20,2032-02-25T02:50,3
Saint Petersburg,2032-02-25T02:50,2032-02-25T04:05,2
Moscow,2032-02-25T03:20,2032-02-25T03:40,2
Moscow,2032-02-25T03:40,2032-02-25T04:05,1
Saint Petersburg,2032-02-25T04:05,2032-02-25T04:20,1
Moscow,2032-02-25T08:10,2032-02-25T08:35,1
Saint Petersburg,2032-02-25T08:10,2032-02-25T08:35,1
Moscow,2032-02-25T08:35,2032-02-25T08:50,2
Saint Petersburg,2032-02-25T08:35,2032-02-25T08:50,2
Moscow,2032-02-25T08:50,2032-02-25T09:20,3
Saint Petersburg,2032-02-25T08:50,2032-02-25T09:20,3
Moscow,2032-02-25T09:20,2032-02-25T10:40,4
Saint Petersburg,2032-02-25T09:20,2032-02-25T10:40,4
Moscow,2032-02-25T10:40,2032-02-25T11:05,4
Saint Petersburg,2032-02-25T10:40,2032-02-25T11:05,4
Moscow,2032-02-25T11:05,2032-02-25T11:20,4
Saint Petersburg,2032-02-25T11:05,2032-02-25T11:20,4
Moscow,2032-02-25T11:20,2032-02-25T11:50,4
Saint Petersburg,2032-02-25T11:20,2032-02-25T11:50,4
Moscow,2032-02-25T11:50,2032-02-25T13:10,4
Saint Petersburg,2032-02-25T11:50,2032-02-25T13:10,4
Moscow,2032-02-25T13:10,2032-02-25T13:35,4
Saint Petersburg,2032-02-25T13:10,2032-02-25T13:35,4
Moscow,2032-02-25T13:35,2032-02-25T13:50,3
Saint Petersburg,2032-02-25T13:35,2032-02-25T13:50,3
Moscow,2032-02-25T13:50,2032-02-25T14:20,2
Saint Petersburg,2032-02-25T13:50,2032-02-25T14:20,2
Moscow,2032-02-25T14:20,2032-02-25T15:40,1
Saint Petersburg,2032-02-25T14:20,2032-02-25T15:40,1
Moscow,2032-02-26T23:20,2032-02-26T23:50,1
Moscow,2032-02-26T23:50,2032-02-27T00:10,2
Moscow,2032-02-27T00:10,2032-02-27T01:50,3
Saint Petersburg,2032-02-27T00:10,2032-02-27T01:50,1
Moscow,2032-02-27T01:50,2032-02-27T02:20,2
Saint Petersburg,2032-02-27T01:50,2032-02-27T02:40,2
Moscow,2032-02-27T02:20,2032-02-27T02:40,1
Saint Petersburg,2032-02-27T02:40,2032-02-27T04:20,1
Moscow,2032-02-27T08:10,2032-02-27T08:35,1
Saint Petersburg,2032-02-27T08:10,2032-02-27T08:35,1
Moscow,2032-02-27T08:35,2032-02-27T08:50,2
Saint Petersburg,2032-02-27T08:35,2032-02-27T08:50,2
Moscow,2032-02-27T08:50,2032-02-27T09:20,3
Saint Petersburg,2032-02-27T08:50,2032-02-27T09:20,3
Moscow,2032-02-27T09:20,2032-02-27T10:40,4
Saint Petersburg,2032-02-27T09:20,2032-02-27T10:40,4
Moscow,2032-02-27T10:40,2032-02-27T11:05,4
Saint Petersburg,2032-02-27T10:40,2032-02-27T11:05,4
Moscow,2032-02-27T11:05,2032-02-27T11:20,4
Saint Petersburg,2032-02-27T11:05,2032-02-27T11:20,3
Moscow,2032-02-27T11:20,2032-02-27T11:50,4
Saint Petersburg,2032-02-27T11:20,2032-02-27T11:50,3
Moscow,2032-02-27T11:50,2032-02-27T13:10,4
Saint Petersburg,2032-02-27T11:50,2032-02-27T13:10,4
Moscow,2032-02-27T13:10,2032-02-27T13:35,4
Saint Petersburg,2032-02-27T13:10,2032-02-27T13:50,4
Moscow,2032-02-27T13:35,2032-02-27T13:50,4
Moscow,2032-02-27T13:50,2032-02-27T14:20,4
Saint Petersburg,2032-02-27T13:50,2032-02-27T14:20,4
Moscow,2032-02-27T14:20,2032-02-27T15:40,4
Saint Petersburg,2032-02-27T14:20,2032-02-27T14:50,3
Saint Petersburg,2032-02-27T14:50,2032-02-27T15:40,4
Moscow,2032-02-27T15:40,2032-02-27T16:05,4
Saint Petersburg,2032-02-27T15:40,2032-02-27T16:20,4
Moscow,2032-02-27T16:05,2032-02-27T16:20,4
Moscow,2032-02-27T16:20,2032-02-27T16:50,4
Saint Petersburg,2032-02-27T16:20,2032-02-27T16:50,4
Moscow,2032-02-27T16:50,2032-02-27T18:10,4
Saint Petersburg,2032-02-27T16:50,2032-02-27T17:20,4
Saint Petersburg,2032-02-27T17:20,2032-02-27T18:10,4
Moscow,2032-02-27T18:10,2032-02-27T18:35,4
Saint Petersburg,2032-02-27T18:10,2032-02-27T18:50,4
Moscow,2032-02-27T18:35,2032-02-27T18:50,3
Moscow,2032-02-27T18:50,2032-02-27T19:20,2
Saint Petersburg,2032-02-27T18:50,2032-02-27T19:20,3
Moscow,2032-02-27T19:20,2032-02-27T20:40,1
Saint Petersburg,2032-02-27T19:20,2032-02-27T19:50,2
Saint Petersburg,2032-02-27T19:50,2032-02-27T20:40,1
Moscow,2032-02-29T09:50,2032-02-29T10:10,1
Moscow,2032-02-29T10:10,2032-02-29T10:50,2
Moscow,2032-02-29T10:50,2032-02-29T11:20,3
Saint Petersburg,2032-02-29T10:50,2032-02-29T11:20,1
Moscow,2032-02-29T11:20,2032-02-29T12:20,4
Saint Petersburg,2032-02-29T11:20,2032-02-29T11:50,2
Saint Petersburg,2032-02-29T11:50,2032-02-29T12:10,3
Saint Petersburg,2032-02-29T12:10,2032-02-29T13:20,4
Moscow,2032-02-29T12:20,2032-02-29T12:40,4
Moscow,2032-02-29T12:40,2032-02-29T13:20,4
Moscow,2032-02-29T13:20,2032-02-29T13:50,4
Saint Petersburg,2032-02-29T13:20,2032-02-29T13:50,4
Moscow,2032-02-29T13:50,2032-02-29T14:50,4
Saint Petersburg,2032-02-29T13:50,2032-02-29T14:20,4
Saint Petersburg,2032-02-29T14:20,2032-02-29T14:40,4
Saint Petersburg,2032-02-29T14:40,2032-02-29T15:50,4
Moscow,2032-02-29T14:50,2032-02-29T15:10,4
Moscow,2032-02-29T15:10,2032-02-29T15:50,4
Moscow,2032-02-29T15:50,2032-02-29T16:20,4
Saint Petersburg,2032-02-29T15:50,2032-02-29T16:20,4
Moscow,2032-02-29T16:20,2032-02-29T17:20,4
Saint Petersburg,2032-02-29T16:20,2032-02-29T16:50,4
Saint Petersburg,2032-02-29T16:50,2032-02-29T17:10,4
Saint Petersburg,2032-02-29T17:10,2032-02-29T18:20,4
Moscow,2032-02-29T17:20,2032-02-29T17:40,4
Moscow,2032-02-29T17:40,2032-02-29T18:20,4
Moscow,2032-02-29T18:20,2032-02-29T18:50,4
Saint Petersburg,2032-02-29T18:20,2032-02-29T18:50,4
Moscow,2032-02-29T18:50,2032-02-29T19:50,4
Saint Petersburg,2032-02-29T18:50,2032-02-29T19:20,4
Saint Petersburg,2032-02-29T19:20,2032-02-29T19:40,4
Saint Petersburg,2032-02-29T19:40,2032-02-29T20:50,4
Moscow,2032-02-29T19:50,2032-02-29T20:10,4
Moscow,2032-02-29T20:10,2032-02-29T20:50,4
Moscow,2032-02-29T20:50,2032-02-29T21:20,4
Saint Petersburg,2032-02-29T20:50,2032-02-29T21:20,4
Moscow,2032-02-29T21:20,2032-02-29T22:20,4
Saint Petersburg,2032-02-29T21:20,2032-02-29T21:50,4
Saint Petersburg,2032-02-29T21:50,2032-02-29T22:10,3
Saint Petersburg,2032-02-29T22:10,2032-02-29T23:20,3
Moscow,2032-02-29T22:20,2032-02-29T22:40,3
Moscow,2032-02-29T22:40,2032-02-29T23:20,2
Moscow,2032-02-29T23:20,2032-02-29T23:50,1
Saint Petersburg,2032-02-29T23:20,2032-02-29T23:50,2
Saint Petersburg,2032-02-29T23:50,2032-03-01T00:40,1
Moscow,2032-03-02T13:20,2032-03-02T13:50,1
Moscow,2032-03-02T13:50,2032-03-02T14:10,2
Moscow,2032-03-02T14:10,2032-03-02T14:50,3
Saint Petersburg,2032-03-02T14:10,2032-03-02T14:50,1
Moscow,2032-03-02T14:50,2032-03-02T15:50,4
Saint Petersburg,2032-03-02T14:50,2032-03-02T15:50,2
Moscow,2032-03-02T15:50,2032-03-02T16:20,4
Saint Petersburg,2032-03-02T15:50,2032-03-02T16:10,3
Saint Petersburg,2032-03-02T16:10,2032-03-02T16:40,4
Moscow,2032-03-02T16:20,2032-03-02T16:40,4
Moscow,2032-03-02T16:40,2032-03-02T16:50,3
Saint Petersburg,2032-03-02T16:40,2032-03-02T17:20,3
Moscow,2032-03-02T16:50,2032-03-02T17:20,4
Moscow,2032-03-02T17:20,2032-03-02T18:20,4
Saint Petersburg,2032-03-02T17:20,2032-03-02T18:10,3
Saint Petersburg,2032-03-02T18:10,2032-03-02T18:20,4
Moscow,2032-03-02T18:20,2032-03-02T18:50,4
Saint Petersburg,2032-03-02T18:20,2032-03-02T18:40,3
Saint Petersburg,2032-03-02T18:40,2032-03-02T18:50,2
Moscow,2032-03-02T18:50,2032-03-02T19:20,4
Saint Petersburg,2032-03-02T18:50,2032-03-02T19:20,3
Moscow,2032-03-02T19:20,2032-03-02T19:50,4
Saint Petersburg,2032-03-02T19:20,2032-03-02T19:50,4
Moscow,2032-03-02T19:50,2032-03-02T20:50,4
Saint Petersburg,2032-03-02T19:50,2032-03-02T20:40,4
Saint Petersburg,2032-03-02T20:40,2032-03-02T20:50,3
Moscow,2032-03-02T20:50,2032-03-02T21:20,4
Saint Petersburg,2032-03-02T20:50,2032-03-02T21:20,4
Moscow,2032-03-02T21:20,2032-03-02T21:50,4
Saint Petersburg,2032-03-02T21:20,2032-03-02T21:50,4
Moscow,2032-03-02T21:50,2032-03-02T22:20,4
Saint Petersburg,2032-03-02T21:50,2032-03-02T22:20,4
Moscow,2032-03-02T22:20,2032-03-02T23:20,4
Saint Petersburg,2032-03-02T22:20,2032-03-02T23:20,4
Moscow,2032-03-02T23:20,2032-03-02T23:50,4
Saint Petersburg,2032-03-02T23:20,2032-03-02T23:50,4
Moscow,2032-03-02T23:50,2032-03-03T00:20,4
Saint Petersburg,2032-03-02T23:50,2032-03-03T00:20,4
Moscow,2032-03-03T00:20,2032-03-03T00:50,4
Saint Petersburg,2032-03-03T00:20,2032-03-03T00:50,4
Moscow,2032-03-03T00:50,2032-03-03T01:50,4
Saint Petersburg,2032-03-03T00:50,2032-03-03T01:50,4
Moscow,2032-03-03T01:50,2032-03-03T02:20,3
Saint Petersburg,2032-03-03T01:50,2032-03-03T02:20,4
Moscow,2032-03-03T02:20,2032-03-03T02:50,2
Saint Petersburg,2032-03-03T02:20,2032-03-03T02:50,4
Moscow,2032-03-03T02:50,2032-03-03T03:20,1
Saint Petersburg,2032-03-03T02:50,2032-03-03T03:20,3
Saint Petersburg,2032-03-03T03:20,2032-03-03T04:20,2
Saint Petersburg,2032-03-03T04:20,2032-03-03T04:50,1
Moscow,2032-03-04T18:10,2032-03-04T18:50,1
Moscow,2032-03-04T18:50,2032-03-04T19:20,2
Moscow,2032-03-04T19:20,2032-03-04T19:50,3
Moscow,2032-03-04T19:50,2032-03-04T20:40,4
Saint Petersburg,2032-03-04T19:50,2032-03-04T20:10,1
Saint Petersburg,2032-03-04T20:10,2032-03-04T20:35,2
Saint Petersburg,2032-03-04T20:35,2032-03-04T20:50,3
Moscow,2032-03-04T20:40,2032-03-04T21:20,4
Saint Petersburg,2032-03-04T20:50,2032-03-04T22:20,4
Moscow,2032-03-04T21:20,2032-03-04T21:50,4
Moscow,2032-03-04T21:50,2032-03-04T22:20,4
Moscow,2032-03-04T22:20,2032-03-04T23:10,4
Saint Petersburg,2032-03-04T22:20,2032-03-04T22:40,4
Saint Petersburg,2032-03-04T22:40,2032-03-04T22:50,3
Saint Petersburg,2032-03-04T22:50,2032-03-04T23:05,4
Saint Petersburg,2032-03-04T23:05,2032-03-04T23:20,4
Moscow,2032-03-04T23:10,2032-03-04T23:50,4
Saint Petersburg,2032-03-04T23:20,2032-03-05T00:50,4
Moscow,2032-03-04T23:50,2032-03-05T00:20,4
Moscow,2032-03-05T00:20,2032-03-05T00:50,4
Moscow,2032-03-05T00:50,2032-03-05T01:40,4
Saint Petersburg,2032-03-05T00:50,2032-03-05T01:20,4
Saint Petersburg,2032-03-05T01:20,2032-03-05T01:35,4
Saint Petersburg,2032-03-05T01:35,2032-03-05T01:50,3
Moscow,2032-03-05T01:40,2032-03-05T02:20,4
Saint Petersburg,2032-03-05T01:50,2032-03-05T03:20,4
Moscow,2032-03-05T02:20,2032-03-05T02:50,4
Moscow,2032-03-05T02:50,2032-03-05T03:20,3
Moscow,2032-03-05T03:20,2032-03-05T04:10,2
Saint Petersburg,2032-03-05T03:20,2032-03-05T03:50,4
Saint Petersburg,2032-03-05T03:50,2032-03-05T04:20,3
Moscow,2032-03-05T04:10,2032-03-05T04:50,1
Saint Petersburg,2032-03-05T04:20,2032-03-05T05:50,1
Moscow,2032-03-05T08:10,2032-03-05T08:35,1
Saint Petersburg,2032-03-05T08:10,2032-03-05T08:35,1
Moscow,2032-03-05T08:35,2032-03-05T08:50,2
Saint Petersburg,2032-03-05T08:35,2032-03-05T09:20,2
Moscow,2032-03-05T08:50,2032-03-05T09:20,3
Moscow,2032-03-05T09:20,2032-03-05T10:40,4
Saint Petersburg,2032-03-05T09:20,2032-03-05T09:50,3
Saint Petersburg,2032-03-05T09:50,2032-03-05T10:40,4
Moscow,2032-03-05T10:40,2032-03-05T11:05,4
Saint Petersburg,2032-03-05T10:40,2032-03-05T10:50,3
Saint Petersburg,2032-03-05T10:50,2032-03-05T11:05,4
Moscow,2032-03-05T11:05,2032-03-05T11:20,4
Saint Petersburg,2032-03-05T11:05,2032-03-05T11:50,4
Moscow,2032-03-05T11:20,2032-03-05T11:50,3
Moscow,2032-03-05T11:50,2032-03-05T13:10,2
Saint Petersburg,2032-03-05T11:50,2032-03-05T12:20,3
Saint Petersburg,2032-03-05T12:20,2032-03-05T13:20,2
Moscow,2032-03-05T13:10,2032-03-05T13:35,1
Saint Petersburg,2032-03-05T13:20,2032-03-05T13:35,1
Moscow,2032-03-06T21:50,2032-03-06T22:10,1
Moscow,2032-03-06T22:10,2032-03-06T22:50,2
Saint Petersburg,2032-03-06T22:35,2032-03-06T22:50,1
Moscow,2032-03-06T22:50,2032-03-06T23:20,3
Saint Petersburg,2032-03-06T22:50,2032-03-06T23:20,2
Moscow,2032-03-06T23:20,2032-03-07T00:20,4
Saint Petersburg,2032-03-06T23:20,2032-03-06T23:50,3
Saint Petersburg,2032-03-06T23:50,2032-03-07T01:05,4
Moscow,2032-03-07T00:20,2032-03-07T00:40,4
Moscow,2032-03-07T00:40,2032-03-07T01:20,4
Saint Petersburg,2032-03-07T01:05,2032-03-07T01:20,4
Moscow,2032-03-07T01:20,2032-03-07T01:50,3
Saint Petersburg,2032-03-07T01:20,2032-03-07T01:50,3
Moscow,2032-03-07T01:50,2032-03-07T02:50,2
Saint Petersburg,2032-03-07T01:50,2032-03-07T02:20,2
Saint Petersburg,2032-03-07T02:20,2032-03-07T03:35,1
Moscow,2032-03-07T02:50,2032-03-07T03:10,1
Moscow,2032-03-07T08:10,2032-03-07T08:35,1
Saint Petersburg,2032-03-07T08:10,2032-03-07T08:35,1
Moscow,2032-03-07T08:35,2032-03-07T08:50,2
Saint Petersburg,2032-03-07T08:35,2032-03-07T08:50,2
Moscow,2032-03-07T08:50,2032-03-07T09:20,3
Saint Petersburg,2032-03-07T08:50,2032-03-07T09:20,3
Moscow,2032-03-07T09:20,2032-03-07T10:40,4
Saint Petersburg,2032-03-07T09:20,2032-03-07T10:40,4
Moscow,2032-03-07T10:40,2032-03-07T11:05,4
Saint Petersburg,2032-03-07T10:40,2032-03-07T11:05,4
Moscow,2032-03-07T11:05,2032-03-07T11:20,4
Saint Petersburg,2032-03-07T11:05,2032-03-07T11:20,4
Moscow,2032-03-07T11:20,2032-03-07T11:50,4
Saint Petersburg,2032-03-07T11:20,2032-03-07T11:50,4
Moscow,2032-03-07T11:50,2032-03-07T13:10,4
Saint Petersburg,2032-03-07T11:50,2032-03-07T13:10,4
Moscow,2032-03-07T13:10,2032-03-07T13:35,4
Saint Petersburg,2032-03-07T13:10,2032-03-07T13:20,3
Saint Petersburg,2032-03-07T13:20,2032-03-07T13:35,4
Moscow,2032-03-07T13:35,2032-03-07T13:50,4
Saint Petersburg,2032-03-07T13:35,2032-03-07T13:50,4
Moscow,2032-03-07T13:50,2032-03-07T14:20,4
Saint Petersburg,2032-03-07T13:50,2032-03-07T14:20,4
Moscow,2032-03-07T14:20,2032-03-07T15:40,4
Saint Petersburg,2032-03-07T14:20,2032-03-07T14:50,3
Saint Petersburg,2032-03-07T14:50,2032-03-07T15:50,4
Moscow,2032-03-07T15:40,2032-03-07T16:05,4
Saint Petersburg,2032-03-07T15:50,2032-03-07T16:05,4
Moscow,2032-03-07T16:05,2032-03-07T16:20,4
Saint Petersburg,2032-03-07T16:05,2032-03-07T16:20,4
Moscow,2032-03-07T16:20,2032-03-07T16:50,3
Saint Petersburg,2032-03-07T16:20,2032-03-07T17:20,3
Moscow,2032-03-07T16:50,2032-03-07T18:10,2
Saint Petersburg,2032-03-07T17:20,2032-03-07T18:20,2
Moscow,2032-03-07T18:10,2032-03-07T18:35,1
Saint Petersburg,2032-03-07T18:20,2032-03-07T18:35,1
Moscow,2032-03-09T08:50,2032-03-09T09:20,1
Moscow,2032-03-09T09:20,2032-03-09T09:35,2
Saint Petersburg,2032-03-09T09:20,2032-03-09T09:50,1
Moscow,2032-03-09T09:35,2032-03-09T09:50,3
Moscow,2032-03-09T09:50,2032-03-09T11:20,4
Saint Petersburg,2032-03-09T09:50,2032-03-09T10:10,2
Saint Petersburg,2032-03-09T10:10,2032-03-09T10:50,3
Saint Petersburg,2032-03-09T10:50,2032-03-09T11:50,4
Moscow,2032-03-09T11:20,2032-03-09T11:50,4
Moscow,2032-03-09T11:50,2032-03-09T12:05,4
Saint Petersburg,2032-03-09T11:50,2032-03-09T12:20,4
Moscow,2032-03-09T12:05,2032-03-09T12:20,4
Moscow,2032-03-09T12:20,2032-03-09T13:50,4
Saint Petersburg,2032-03-09T12:20,2032-03-09T12:40,4
Saint Petersburg,2032-03-09T12:40,2032-03-09T13:20,4
Saint Petersburg,2032-03-09T13:20,2032-03-09T14:20,4
Moscow,2032-03-09T13:50,2032-03-09T14:20,4
Moscow,2032-03-09T14:20,2032-03-09T14:35,4
Saint Petersburg,2032-03-09T14:20,2032-03-09T14:50,4
Moscow,2032-03-09T14:35,2032-03-09T14:50,4
Moscow,2032-03-09T14:50,2032-03-09T16:20,4
Saint Petersburg,2032-03-09T14:50,2032-03-09T15:10,4
Saint Petersburg,2032-03-09T15:10,2032-03-09T15:50,4
Saint Petersburg,2032-03-09T15:50,2032-03-09T16:50,4
Moscow,2032-03-09T16:20,2032-03-09T16:50,4
Moscow,2032-03-09T16:50,2032-03-09T17:05,4
Saint Petersburg,2032-03-09T16:50,2032-03-09T17:20,4
Moscow,2032-03-09T17:05,2032-03-09T17:20,4
Moscow,2032-03-09T17:20,2032-03-09T18:50,4
Saint Petersburg,2032-03-09T17:20,2032-03-09T17:40,4
Saint Petersburg,2032-03-09T17:40,2032-03-09T18:20,4
Saint Petersburg,2032-03-09T18:20,2032-03-09T19:20,4
Moscow,2032-03-09T18:50,2032-03-09T19:20,4
Moscow,2032-03-09T19:20,2032-03-09T19:35,4
Saint Petersburg,2032-03-09T19:20,2032-03-09T19:50,4
Moscow,2032-03-09T19:35,2032-03-09T19:50,4
Moscow,2032-03-09T19:50,2032-03-09T21:20,4
Saint Petersburg,2032-03-09T19:50,2032-03-09T20:10,4
Saint Petersburg,2032-03-09T20:10,2032-03-09T20:50,3
Saint Petersburg,2032-03-09T20:50,2032-03-09T21:50,2
Moscow,2032-03-09T21:20,2032-03-09T21:50,3
Moscow,2032-03-09T21:50,2032-03-09T22:05,2
Saint Petersburg,2032-03-09T21:50,2032-03-09T22:20,1
Moscow,2032-03-09T22:05,2032-03-09T22:20,1
Saint Petersburg,2032-03-10T02:50,2032-03-10T05:20,1
Moscow,2032-03-11T12:10,2032-03-11T12:35,1
Moscow,2032-03-11T12:35,2032-03-11T12:50,2
Moscow,2032-03-11T12:50,2032-03-11T13:20,3
Saint Petersburg,2032-03-11T12:50,2032-03-11T13:20,1
Moscow,2032-03-11T13:20,2032-03-11T14:40,4
Saint Petersburg,2032-03-11T13:20,2032-03-11T13:50,2
Saint Petersburg,2032-03-11T13:50,2032-03-11T14:10,3
Saint Petersburg,2032-03-11T14:10,2032-03-11T15:20,4
Moscow,2032-03-11T14:40,2032-03-11T15:05,4
Moscow,2032-03-11T15:05,2032-03-11T15:20,4
Moscow,2032-03-11T15:20,2032-03-11T15:50,4
Saint Petersburg,2032-03-11T15:20,2032-03-11T15:50,4
Moscow,2032-03-11T15:50,2032-03-11T17:10,4
Saint Petersburg,2032-03-11T15:50,2032-03-11T16:20,4
Saint Petersburg,2032-03-11T16:20,2032-03-11T16:40,4
Saint Petersburg,2032-03-11T16:40,2032-03-11T17:50,4
Moscow,2032-03-11T17:10,2032-03-11T17:35,4
Moscow,2032-03-11T17:35,2032-03-11T17:50,4
Moscow,2032-03-11T17:50,2032-03-11T18:20,4
Saint Petersburg,2032-03-11T17:50,2032-03-11T18:20,4
Moscow,2032-03-11T18:20,2032-03-11T19:40,4
Saint Petersburg,2032-03-11T18:20,2032-03-11T18:50,4
Saint Petersburg,2032-03-11T18:50,2032-03-11T19:10,4
Saint Petersburg,2032-03-11T19:10,2032-03-11T19:50,3
Moscow,2032-03-11T19:40,2032-03-11T20:05,4
Saint Petersburg,2032-03-11T19:50,2032-03-11T20:20,4
Moscow,2032-03-11T20:05,2032-03-11T20:20,4
Moscow,2032-03-11T20:20,2032-03-11T20:50,4
Saint Petersburg,2032-03-11T20:20,2032-03-11T20:50,4
Moscow,2032-03-11T20:50,2032-03-11T22:10,4
Saint Petersburg,2032-03-11T20:50,2032-03-11T21:20,4
Saint Petersburg,2032-03-11T21:20,2032-03-11T22:20,4
Moscow,2032-03-11T22:10,2032-03-11T22:35,4
Saint Petersburg,2032-03-11T22:20,2032-03-11T22:50,4
Moscow,2032-03-11T22:35,2032-03-11T22:50,4
Moscow,2032-03-11T22:50,2032-03-11T23:20,4
Saint Petersburg,2032-03-11T22:50,2032-03-11T23:20,4
Moscow,2032-03-11T23:20,2032-03-12T00:40,4
Saint Petersburg,2032-03-11T23:20,2032-03-11T23:50,4
Saint Petersburg,2032-03-11T23:50,2032-03-12T00:50,3
Moscow,2032-03-12T00:40,2032-03-12T01:05,3
Saint Petersburg,2032-03-12T00:50,2032-03-12T01:20,3
Moscow,2032-03-12T01:05,2032-03-12T01:20,2
Moscow,2032-03-12T01:20,2032-03-12T01:50,1
Saint Petersburg,2032-03-12T01:20,2032-03-12T01:50,2
Saint Petersburg,2032-03-12T01:50,2032-03-12T03:20,1
Moscow,2032-03-13T16:10,2032-03-13T16:50,1
Moscow,2032-03-13T16:50,2032-03-13T17:20,2
Saint Petersburg,2032-03-13T16:50,2032-03-13T17:20,1
Moscow,2032-03-13T17:20,2032-03-13T18:10,3
Saint Petersburg,2032-03-13T17:20,2032-03-13T18:10,2
Moscow,2032-03-13T18:10,2032-03-13T18:40,4
Saint Petersburg,2032-03-13T18:10,2032-03-13T18:50,3
Moscow,2032-03-13T18:40,2032-03-13T18:50,3
Moscow,2032-03-13T18:50,2032-03-13T19:20,4
Saint Petersburg,2032-03-13T18:50,2032-03-13T19:20,4
Moscow,2032-03-13T19:20,2032-03-13T19:50,4
Saint Petersburg,2032-03-13T19:20,2032-03-13T19:50,3
Moscow,2032-03-13T19:50,2032-03-13T20:40,4
Saint Petersburg,2032-03-13T19:50,2032-03-13T20:10,3
Saint Petersburg,2032-03-13T20:10,2032-03-13T20:40,4
Moscow,2032-03-13T20:40,2032-03-13T21:20,4
Saint Petersburg,2032-03-13T20:40,2032-03-13T21:20,4
Moscow,2032-03-13T21:20,2032-03-13T21:50,4
Saint Petersburg,2032-03-13T21:20,2032-03-13T22:20,4
Moscow,2032-03-13T21:50,2032-03-13T22:20,4
Moscow,2032-03-13T22:20,2032-03-13T23:10,4
Saint Petersburg,2032-03-13T22:20,2032-03-13T22:40,4
Saint Petersburg,2032-03-13T22:40,2032-03-13T23:10,4
Moscow,2032-03-13T23:10,2032-03-13T23:50,4
Saint Petersburg,2032-03-13T23:10,2032-03-13T23:50,4
Moscow,2032-03-13T23:50,2032-03-14T00:20,4
Saint Petersburg,2032-03-13T23:50,2032-03-14T00:50,4
Moscow,2032-03-14T00:20,2032-03-14T00:50,4
Moscow,2032-03-14T00:50,2032-03-14T01:40,4
Saint Petersburg,2032-03-14T00:50,2032-03-14T01:10,4
Saint Petersburg,2032-03-14T01:10,2032-03-14T01:40,4
Moscow,2032-03-14T01:40,2032-03-14T02:20,4
Saint Petersburg,2032-03-14T01:40,2032-03-14T02:20,4
Moscow,2032-03-14T02:20,2032-03-14T02:50,4
Saint Petersburg,2032-03-14T02:20,2032-03-14T02:50,3
Moscow,2032-03-14T02:50,2032-03-14T03:20,3
Saint Petersburg,2032-03-14T02:50,2032-03-14T03:20,4
Moscow,2032-03-14T03:20,2032-03-14T04:10,2
Saint Petersburg,2032-03-14T03:20,2032-03-14T03:40,3
Saint Petersburg,2032-03-14T03:40,2032-03-14T04:10,2
Moscow,2032-03-14T04:10,2032-03-14T04:50,1
Saint Petersburg,2032-03-14T04:10,2032-03-14T05:20,1
Moscow,2032-03-14T08:10,2032-03-14T08:35,1
Saint Petersburg,2032-03-14T08:10,2032-03-14T08:35,1
Moscow,2032-03-14T08:35,2032-03-14T08:50,2
Saint Petersburg,2032-03-14T08:35,2032-03-14T08:50,2
Moscow,2032-03-14T08:50,2032-03-14T10:40,3
Saint Petersburg,2032-03-14T08:50,2032-03-14T10:40,3
Moscow,2032-03-14T10:40,2032-03-14T11:05,2
Saint Petersburg,2032-03-14T10:40,2032-03-14T11:05,2
Moscow,2032-03-14T11:05,2032-03-14T11:20,1
Saint Petersburg,2032-03-14T11:05,2032-03-14T11:20,1
Moscow,2032-03-15T20:35,2032-03-15T20:50,1
Moscow,2032-03-15T20:50,2032-03-15T21:20,2
Moscow,2032-03-15T21:20,2032-03-15T21:50,3
Saint Petersburg,2032-03-15T21:20,2032-03-15T22:35,1
Moscow,2032-03-15T21:50,2032-03-15T23:05,4
Saint Petersburg,2032-03-15T22:35,2032-03-15T22:50,2
Saint Petersburg,2032-03-15T22:50,2032-03-15T23:50,3
Moscow,2032-03-15T23:05,2032-03-15T23:20,4
Moscow,2032-03-15T23:20,2032-03-15T23:50,4
Moscow,2032-03-15T23:50,2032-03-16T00:20,4
Saint Petersburg,2032-03-15T23:50,2032-03-16T00:10,3
Saint Petersburg,2032-03-16T00:10,2032-03-16T01:05,4
Moscow,2032-03-16T00:20,2032-03-16T01:35,4
Saint Petersburg,2032-03-16T01:05,2032-03-16T01:20,4
Saint Petersburg,2032-03-16T01:20,2032-03-16T02:20,4
Moscow,2032-03-16T01:35,2032-03-16T01:50,4
Moscow,2032-03-16T01:50,2032-03-16T02:20,3
Moscow,2032-03-16T02:20,2032-03-16T02:50,2
Saint Petersburg,2032-03-16T02:20,2032-03-16T02:40,4
Saint Petersburg,2032-03-16T02:40,2032-03-16T03:35,3
Moscow,2032-03-16T02:50,2032-03-16T04:05,1
Saint Petersburg,2032-03-16T03:35,2032-03-16T03:50,2
Saint Petersburg,2032-03-16T03:50,2032-03-16T04:50,1
Moscow,2032-03-16T08:10,2032-03-16T08:35,1
Saint Petersburg,2032-03-16T08:10,2032-03-16T08:35,1
Moscow,2032-03-16T08:35,2032-03-16T08:50,2
Saint Petersburg,2032-03-16T08:35,2032-03-16T08:50,2
Moscow,2032-03-16T08:50,2032-03-16T09:20,3
Saint Petersburg,2032-03-16T08:50,2032-03-16T09:20,3
Moscow,2032-03-16T09:20,2032-03-16T10:40,4
Saint Petersburg,2032-03-16T09:20,2032-03-16T10:40,4
Moscow,2032-03-16T10:40,2032-03-16T11:05,4
Saint Petersburg,2032-03-16T10:40,2032-03-16T11:05,4
Moscow,2032-03-16T11:05,2032-03-16T11:20,4
Saint Petersburg,2032-03-16T11:05,2032-03-16T11:20,4
Moscow,2032-03-16T11:20,2032-03-16T11:50,4
Saint Petersburg,2032-03-16T11:20,2032-03-16T11:50,4
Moscow,2032-03-16T11:50,2032-03-16T13:10,4
Saint Petersburg,2032-03-16T11:50,2032-03-16T13:10,4
Moscow,2032-03-16T13:10,2032-03-16T13:35,4
Saint Petersburg,2032-03-16T13:10,2032-03-16T13:35,4
Moscow,2032-03-16T13:35,2032-03-16T13:50,4
Saint Petersburg,2032-03-16T13:35,2032-03-16T13:50,4
Moscow,2032-03-16T13:50,2032-03-16T14:20,4
Saint Petersburg,2032-03-16T13:50,2032-03-16T14:20,4
Moscow,2032-03-16T14:20,2032-03-16T15:40,3
Saint Petersburg,2032-03-16T14:20,2032-03-16T15:40,3
Moscow,2032-03-16T15:40,2032-03-16T16:05,2
Saint Petersburg,2032-03-16T15:40,2032-03-16T16:05,2
Moscow,2032-03-16T16:05,2032-03-16T16:20,1
Saint Petersburg,2032-03-16T16:05,2032-03-16T16:20,1
Moscow,2032-03-18T00:10,2032-03-18T02:40,1
Moscow,2032-03-18T08:10,2032-03-18T08:35,1
Moscow,2032-03-18T08:35,2032-03-18T08:50,2
Saint Petersburg,2032-03-18T08:35,2032-03-18T08:50,1
Moscow,2032-03-18T08:50,2032-03-18T09:20,3
Saint Petersburg,2032-03-18T08:50,2032-03-18T09:20,2
Moscow,2032-03-18T09:20,2032-03-18T10:40,4
Saint Petersburg,2032-03-18T09:20,2032-03-18T10:10,3
Saint Petersburg,2032-03-18T10:10,2032-03-18T11:05,4
Moscow,2032-03-18T10:40,2032-03-18T11:05,4
Moscow,2032-03-18T11:05,2032-03-18T11:20,4
Saint Petersburg,2032-03-18T11:05,2032-03-18T11:20,4
Moscow,2032-03-18T11:20,2032-03-18T11:50,4
Saint Petersburg,2032-03-18T11:20,2032-03-18T11:50,4
Moscow,2032-03-18T11:50,2032-03-18T13:10,4
Saint Petersburg,2032-03-18T11:50,2032-03-18T12:40,4
Saint Petersburg,2032-03-18T12:40,2032-03-18T12:50,3
Saint Petersburg,2032-03-18T12:50,2032-03-18T13:35,4
Moscow,2032-03-18T13:10,2032-03-18T13:35,4
Moscow,2032-03-18T13:35,2032-03-18T13:50,4
Saint Petersburg,2032-03-18T13:35,2032-03-18T13:50,4
Moscow,2032-03-18T13:50,2032-03-18T14:20,4
Saint Petersburg,2032-03-18T13:50,2032-03-18T14:20,4
Moscow,2032-03-18T14:20,2032-03-18T15:40,4
Saint Petersburg,2032-03-18T14:20,2032-03-18T15:20,4
Saint Petersburg,2032-03-18T15:20,2032-03-18T16:05,4
Moscow,2032-03-18T15:40,2032-03-18T16:05,4
Moscow,2032-03-18T16:05,2032-03-18T16:20,4
Saint Petersburg,2032-03-18T16:05,2032-03-18T16:20,4
Moscow,2032-03-18T16:20,2032-03-18T16:50,4
Saint Petersburg,2032-03-18T16:20,2032-03-18T16:50,4
Moscow,2032-03-18T16:50,2032-03-18T18:10,4
Saint Petersburg,2032-03-18T16:50,2032-03-18T17:50,4
Saint Petersburg,2032-03-18T17:50,2032-03-18T18:35,4
Moscow,2032-03-18T18:10,2032-03-18T18:35,4
Moscow,2032-03-18T18:35,2032-03-18T18:50,4
Saint Petersburg,2032-03-18T18:35,2032-03-18T18:50,4
Moscow,2032-03-18T18:50,2032-03-18T19:20,4
Saint Petersburg,2032-03-18T18:50,2032-03-18T19:20,4
Moscow,2032-03-18T19:20,2032-03-18T20:40,3
Saint Petersburg,2032-03-18T19:20,2032-03-18T20:20,4
Saint Petersburg,2032-03-18T20:20,2032-03-18T21:05,3
Moscow,2032-03-18T20:40,2032-03-18T21:05,2
Moscow,2032-03-18T21:05,2032-03-18T21:20,1
Saint Petersburg,2032-03-18T21:05,2032-03-18T21:20,2
Saint Petersburg,2032-03-18T21:20,2032-03-18T21:50,1
Moscow,2032-03-20T10:50,2032-03-20T11:20,1
Moscow,2032-03-20T11:20,2032-03-20T11:50,2
Moscow,2032-03-20T11:50,2032-03-20T12:10,3
Saint Petersburg,2032-03-20T11:50,2032-03-20T12:10,1
Moscow,2032-03-20T12:10,2032-03-20T13:20,4
Saint Petersburg,2032-03-20T12:10,2032-03-20T12:35,2
Saint Petersburg,2032-03-20T12:35,2032-03-20T12:50,3
Saint Petersburg,2032-03-20T12:50,2032-03-20T14:20,4
Moscow,2032-03-20T13:20,2032-03-20T13:50,4
Moscow,2032-03-20T13:50,2032-03-20T14:20,4
Moscow,2032-03-20T14:20,2032-03-20T14:40,4
Saint Petersburg,2032-03-20T14:20,2032-03-20T14:40,4
Moscow,2032-03-20T14:40,2032-03-20T15:50,4
Saint Petersburg,2032-03-20T14:40,2032-03-20T15:05,4
Saint Petersburg,2032-03-20T15:05,2032-03-20T15:20,4
Saint Petersburg,2032-03-20T15:20,2032-03-20T16:50,4
Moscow,2032-03-20T15:50,2032-03-20T16:20,4
Moscow,2032-03-20T16:20,2032-03-20T16:50,4
Moscow,2032-03-20T16:50,2032-03-20T17:10,4
Saint Petersburg,2032-03-20T16:50,2032-03-20T17:10,4
Moscow,2032-03-20T17:10,2032-03-20T18:20,4
Saint Petersburg,2032-03-20T17:10,2032-03-20T17:35,4
Saint Petersburg,2032-03-20T17:35,2032-03-20T17:50,4
Saint Petersburg,2032-03-20T17:50,2032-03-20T19:20,4
Moscow,2032-03-20T18:20,2032-03-20T18:50,4
Moscow,2032-03-20T18:50,2032-03-20T19:20,4
Moscow,2032-03-20T19:20,2032-03-20T19:40,4
Saint Petersburg,2032-03-20T19:20,2032-03-20T19:40,4
Moscow,2032-03-20T19:40,2032-03-20T20:50,4
Saint Petersburg,2032-03-20T19:40,2032-03-20T20:05,4
Saint Petersburg,2032-03-20T20:05,2032-03-20T20:20,4
Saint Petersburg,2032-03-20T20:20,2032-03-20T21:50,4
Moscow,2032-03-20T20:50,2032-03-20T21:20,4
Moscow,2032-03-20T21:20,2032-03-20T21:50,4
Moscow,2032-03-20T21:50,2032-03-20T22:10,4
Saint Petersburg,2032-03-20T21:50,2032-03-20T22:10,4
Moscow,2032-03-20T22:10,2032-03-20T23:20,4
Saint Petersburg,2032-03-20T22:10,2032-03-20T22:35,4
Saint Petersburg,2032-03-20T22:35,2032-03-20T22:50,3
Saint Petersburg,2032-03-20T22:50,2032-03-21T00:20,2
Moscow,2032-03-20T23:20,2032-03-20T23:50,3
Moscow,2032-03-20T23:50,2032-03-21T00:20,2
Moscow,2032-03-21T00:20,2032-03-21T00:40,1
Saint Petersburg,2032-03-21T00:20,2032-03-21T00:35,1
Saint Petersburg,2032-03-21T00:35,2032-03-21T00:40,2
Saint Petersburg,2032-03-21T00:40,2032-03-21T03:05,1
Moscow,2032-03-22T14:10,2032-03-22T14:50,1
Moscow,2032-03-22T14:50,2032-03-22T15:20,2
Moscow,2032-03-22T15:20,2032-03-22T16:10,3
Saint Petersburg,2032-03-22T15:20,2032-03-22T16:10,1
Moscow,2032-03-22T16:10,2032-03-22T16:40,4
Saint Petersburg,2032-03-22T16:10,2032-03-22T16:50,2
Moscow,2032-03-22T16:40,2032-03-22T16:50,3
Moscow,2032-03-22T16:50,2032-03-22T17:20,4
Saint Petersburg,2032-03-22T16:50,2032-03-22T17:20,3
Moscow,2032-03-22T17:20,2032-03-22T17:50,4
Saint Petersburg,2032-03-22T17:20,2032-03-22T17:50,4
Moscow,2032-03-22T17:50,2032-03-22T18:10,3
Saint Petersburg,2032-03-22T17:50,2032-03-22T18:40,3
Moscow,2032-03-22T18:10,2032-03-22T18:40,4
Moscow,2032-03-22T18:40,2032-03-22T18:50,3
Saint Petersburg,2032-03-22T18:40,2032-03-22T18:50,2
Moscow,2032-03-22T18:50,2032-03-22T19:20,4
Saint Petersburg,2032-03-22T18:50,2032-03-22T19:20,3
Moscow,2032-03-22T19:20,2032-03-22T19:50,4
Saint Petersburg,2032-03-22T19:20,2032-03-22T19:50,2
Moscow,2032-03-22T19:50,2032-03-22T20:40,4
Saint Petersburg,2032-03-22T19:50,2032-03-22T20:10,2
Saint Petersburg,2032-03-22T20:10,2032-03-22T21:20,3
Moscow,2032-03-22T20:40,2032-03-22T21:20,4
Moscow,2032-03-22T21:20,2032-03-22T21:50,4
Saint Petersburg,2032-03-22T21:20,2032-03-22T21:50,2
Moscow,2032-03-22T21:50,2032-03-22T22:20,4
Saint Petersburg,2032-03-22T21:50,2032-03-22T22:10,3
Saint Petersburg,2032-03-22T22:10,2032-03-22T22:20,4
Moscow,2032-03-22T22:20,2032-03-22T23:10,4
Saint Petersburg,2032-03-22T22:20,2032-03-22T22:40,4
Saint Petersburg,2032-03-22T22:40,2032-03-23T00:20,4
Moscow,2032-03-22T23:10,2032-03-22T23:50,4
Moscow,2032-03-22T23:50,2032-03-23T00:20,4
Moscow,2032-03-23T00:20,2032-03-23T00:50,4
Saint Petersburg,2032-03-23T00:20,2032-03-23T00:40,4
Saint Petersburg,2032-03-23T00:40,2032-03-23T00:50,4
Moscow,2032-03-23T00:50,2032-03-23T01:40,4
Saint Petersburg,2032-03-23T00:50,2032-03-23T01:10,4
Saint Petersburg,2032-03-23T01:10,2032-03-23T02:50,4
Moscow,2032-03-23T01:40,2032-03-23T02:20,4
Moscow,2032-03-23T02:20,2032-03-23T02:50,4
Moscow,2032-03-23T02:50,2032-03-23T03:20,3
Saint Petersburg,2032-03-23T02:50,2032-03-23T03:10,4
Saint Petersburg,2032-03-23T03:10,2032-03-23T03:20,4
Moscow,2032-03-23T03:20,2032-03-23T04:10,2
Saint Petersburg,2032-03-23T03:20,2032-03-23T03:40,4
Saint Petersburg,2032-03-23T03:40,2032-03-23T05:20,4
Moscow,2032-03-23T04:10,2032-03-23T04:50,1
Saint Petersburg,2032-03-23T05:20,2032-03-23T05:40,3
Saint Petersburg,2032-03-23T05:40,2032-03-23T05:50,2
Saint Petersburg,2032-03-23T05:50,2032-03-23T06:10,1
Moscow,2032-03-24T19:20,2032-03-24T19:50,1
Moscow,2032-03-24T19:50,2032-03-24T20:10,2
Moscow,2032-03-24T20:10,2032-03-24T20:35,3
Saint Petersburg,2032-03-24T20:10,2032-03-24T20:35,1
Moscow,2032-03-24T20:35,2032-03-24T21:50,4
Saint Petersburg,2032-03-24T20:35,2032-03-24T20:50,2
Saint Petersburg,2032-03-24T20:50,2032-03-24T21:20,3
Saint Petersburg,2032-03-24T21:20,2032-03-24T22:40,4
Moscow,2032-03-24T21:50,2032-03-24T22:20,4
Moscow,2032-03-24T22:20,2032-03-24T22:40,4
Moscow,2032-03-24T22:40,2032-03-24T23:05,4
Saint Petersburg,2032-03-24T22:40,2032-03-24T23:05,4
Moscow,2032-03-24T23:05,2032-03-25T00:20,4
Saint Petersburg,2032-03-24T23:05,2032-03-24T23:20,4
Saint Petersburg,2032-03-24T23:20,2032-03-24T23:50,4
Saint Petersburg,2032-03-24T23:50,2032-03-25T01:10,4
Moscow,2032-03-25T00:20,2032-03-25T00:50,4
Moscow,2032-03-25T00:50,2032-03-25T01:10,4
Moscow,2032-03-25T01:10,2032-03-25T01:35,4
Saint Petersburg,2032-03-25T01:10,2032-03-25T01:35,4
Moscow,2032-03-25T01:35,2032-03-25T02:50,4
Saint Petersburg,2032-03-25T01:35,2032-03-25T01:50,4
Saint Petersburg,2032-03-25T01:50,2032-03-25T02:20,4
Saint Petersburg,2032-03-25T02:20,2032-03-25T03:40,3
Moscow,2032-03-25T02:50,2032-03-25T03:20,3
Moscow,2032-03-25T03:20,2032-03-25T03:40,2
Moscow,2032-03-25T03:40,2032-03-25T04:05,1
Saint Petersburg,2032-03-25T03:40,2032-03-25T04:05,2
Saint Petersburg,2032-03-25T04:05,2032-03-25T04:20,1
Moscow,2032-03-25T08:10,2032-03-25T08:35,1
Moscow,2032-03-25T08:35,2032-03-25T08:50,2
Saint Petersburg,2032-03-25T08:35,2032-03-25T08:50,1
Moscow,2032-03-25T08:50,2032-03-25T09:20,3
Saint Petersburg,2032-03-25T08:50,2032-03-25T09:20,2
Moscow,2032-03-25T09:20,2032-03-25T10:40,4
Saint Petersburg,2032-03-25T09:20,2032-03-25T10:10,3
Saint Petersburg,2032-03-25T10:10,2032-03-25T11:05,4
Moscow,2032-03-25T10:40,2032-03-25T11:05,4
Moscow,2032-03-25T11:05,2032-03-25T11:20,4
Saint Petersburg,2032-03-25T11:05,2032-03-25T11:20,4
Moscow,2032-03-25T11:20,2032-03-25T11:50,4
Saint Petersburg,2032-03-25T11:20,2032-03-25T11:50,4
Moscow,2032-03-25T11:50,2032-03-25T13:10,4
Saint Petersburg,2032-03-25T11:50,2032-03-25T12:40,4
Saint Petersburg,2032-03-25T12:40,2032-03-25T13:35,4
Moscow,2032-03-25T13:10,2032-03-25T13:35,3
Moscow,2032-03-25T13:35,2032-03-25T13:50,2
Saint Petersburg,2032-03-25T13:35,2032-03-25T13:50,3
Moscow,2032-03-25T13:50,2032-03-25T14:20,1
Saint Petersburg,2032-03-25T13:50,2032-03-25T14:20,2
Saint Petersburg,2032-03-25T14:20,2032-03-25T15:10,1
Moscow,2032-03-26T22:50,2032-03-26T23:20,1
Moscow,2032-03-26T23:20,2032-03-26T23:50,2
Saint Petersburg,2032-03-26T23:20,2032-03-26T23:50,1
Moscow,2032-03-26T23:50,2032-03-27T00:10,3
Saint Petersburg,2032-03-26T23:50,2032-03-27T00:10,2
Moscow,2032-03-27T00:10,2032-03-27T01:20,4
Saint Petersburg,2032-03-27T00:10,2032-03-27T01:50,3
Moscow,2032-03-27T01:20,2032-03-27T01:50,3
Moscow,2032-03-27T01:50,2032-03-27T02:20,2
Saint Petersburg,2032-03-27T01:50,2032-03-27T02:20,2
Moscow,2032-03-27T02:20,2032-03-27T02:40,1
Saint Petersburg,2032-03-27T02:20,2032-03-27T02:40,1
Moscow,2032-03-27T08:10,2032-03-27T08:35,1
Saint Petersburg,2032-03-27T08:10,2032-03-27T08:35,1
Moscow,2032-03-27T08:35,2032-03-27T08:50,2
Saint Petersburg,2032-03-27T08:35,2032-03-27T08:50,2
Moscow,2032-03-27T08:50,2032-03-27T09:20,3
Saint Petersburg,2032-03-27T08:50,2032-03-27T09:20,3
Moscow,2032-03-27T09:20,2032-03-27T10:40,4
Saint Petersburg,2032-03-27T09:20,2032-03-27T10:40,4
Moscow,2032-03-27T10:40,2032-03-27T11:05,4
Saint Petersburg,2032-03-27T10:40,2032-03-27T11:05,4
Moscow,2032-03-27T11:05,2032-03-27T11:20,4
Saint Petersburg,2032-03-27T11:05,2032-03-27T11:20,4
Moscow,2032-03-27T11:20,2032-03-27T11:50,4
Saint Petersburg,2032-03-27T11:20,2032-03-27T11:50,4
Moscow,2032-03-27T11:50,2032-03-27T13:10,4
Saint Petersburg,2032-03-27T11:50,2032-03-27T13:10,4
Moscow,2032-03-27T13:10,2032-03-27T13:35,4
Saint Petersburg,2032-03-27T13:10,2032-03-27T13:35,4
Moscow,2032-03-27T13:35,2032-03-27T13:50,4
Saint Petersburg,2032-03-27T13:35,2032-03-27T13:50,4
Moscow,2032-03-27T13:50,2032-03-27T14:20,4
Saint Petersburg,2032-03-27T13:50,2032-03-27T14:10,3
Saint Petersburg,2032-03-27T14:10,2032-03-27T14:20,4
Moscow,2032-03-27T14:20,2032-03-27T15:40,4
Saint Petersburg,2032-03-27T14:20,2032-03-27T15:40,4
Moscow,2032-03-27T15:40,2032-03-27T16:05,4
Saint Petersburg,2032-03-27T15:40,2032-03-27T16:05,4
Moscow,2032-03-27T16:05,2032-03-27T16:20,4
Saint Petersburg,2032-03-27T16:05,2032-03-27T16:40,4
Moscow,2032-03-27T16:20,2032-03-27T16:50,4
Saint Petersburg,2032-03-27T16:40,2032-03-27T16:50,4
Moscow,2032-03-27T16:50,2032-03-27T18:10,4
Saint Petersburg,2032-03-27T16:50,2032-03-27T18:10,4
Moscow,2032-03-27T18:10,2032-03-27T18:35,3
Saint Petersburg,2032-03-27T18:10,2032-03-27T18:35,3
Moscow,2032-03-27T18:35,2032-03-27T18:50,2
Saint Petersburg,2032-03-27T18:35,2032-03-27T19:10,2
Moscow,2032-03-27T18:50,2032-03-27T19:20,1
Saint Petersburg,2032-03-27T19:10,2032-03-27T19:20,1
Moscow,2032-03-29T09:35,2032-03-29T09:50,1
Moscow,2032-03-29T09:50,2032-03-29T10:10,2
Moscow,2032-03-29T10:10,2032-03-29T10:50,3
Saint Petersburg,2032-03-29T10:10,2032-03-29T10:50,1
Moscow,2032-03-29T10:50,2032-03-29T12:05,4
Saint Petersburg,2032-03-29T10:50,2032-03-29T11:20,2
Saint Petersburg,2032-03-29T11:20,2032-03-29T11:50,3
Saint Petersburg,2032-03-29T11:50,2032-03-29T12:40,4
Moscow,2032-03-29T12:05,2032-03-29T12:20,4
Moscow,2032-03-29T12:20,2032-03-29T12:40,4
Moscow,2032-03-29T12:40,2032-03-29T13:20,4
Saint Petersburg,2032-03-29T12:40,2032-03-29T13:20,4
Moscow,2032-03-29T13:20,2032-03-29T14:35,4
Saint Petersburg,2032-03-29T13:20,2032-03-29T13:50,4
Saint Petersburg,2032-03-29T13:50,2032-03-29T14:20,4
Saint Petersburg,2032-03-29T14:20,2032-03-29T15:10,4
Moscow,2032-03-29T14:35,2032-03-29T14:50,4
Moscow,2032-03-29T14:50,2032-03-29T15:10,4
Moscow,2032-03-29T15:10,2032-03-29T15:50,4
Saint Petersburg,2032-03-29T15:10,2032-03-29T15:50,4
Moscow,2032-03-29T15:50,2032-03-29T17:05,4
Saint Petersburg,2032-03-29T15:50,2032-03-29T16:20,4
Saint Petersburg,2032-03-29T16:20,2032-03-29T16:50,4
Saint Petersburg,2032-03-29T16:50,2032-03-29T17:20,3
Moscow,2032-03-29T17:05,2032-03-29T17:20,4
Moscow,2032-03-29T17:20,2032-03-29T17:40,4
Saint Petersburg,2032-03-29T17:20,2032-03-29T17:40,4
Moscow,2032-03-29T17:40,2032-03-29T18:20,4
Saint Petersburg,2032-03-29T17:40,2032-03-29T18:20,4
Moscow,2032-03-29T18:20,2032-03-29T19:35,4
Saint Petersburg,2032-03-29T18:20,2032-03-29T18:50,4
Saint Petersburg,2032-03-29T18:50,2032-03-29T19:50,4
Moscow,2032-03-29T19:35,2032-03-29T19:50,4
Moscow,2032-03-29T19:50,2032-03-29T20:10,4
Saint Petersburg,2032-03-29T19:50,2032-03-29T20:10,4
Moscow,2032-03-29T20:10,2032-03-29T20:50,4
Saint Petersburg,2032-03-29T20:10,2032-03-29T20:50,4
Moscow,2032-03-29T20:50,2032-03-29T22:05,3
Saint Petersburg,2032-03-29T20:50,2032-03-29T21:20,4
Saint Petersburg,2032-03-29T21:20,2032-03-29T22:20,3
Moscow,2032-03-29T22:05,2032-03-29T22:20,2
Moscow,2032-03-29T22:20,2032-03-29T22:40,1
Saint Petersburg,2032-03-29T22:20,2032-03-29T22:40,2
Saint Petersburg,2032-03-29T22:40,2032-03-29T23:20,1
Saint Petersburg,2032-03-30T01:50,2032-03-30T04:20,1
Moscow,2032-03-31T12:50,2032-03-31T13:20,1
Moscow,2032-03-31T13:20,2032-03-31T13:50,2
Moscow,2032-03-31T13:50,2032-03-31T14:10,3
Saint Petersburg,2032-03-31T13:50,2032-03-31T14:10,1
Moscow,2032-03-31T14:10,2032-03-31T15:20,4
Saint Petersburg,2032-03-31T14:10,2032-03-31T14:50,2
Saint Petersburg,2032-03-31T14:50,2032-03-31T15:20,3
Moscow,2032-03-31T15:20,2032-03-31T15:50,4
Saint Petersburg,2032-03-31T15:20,2032-03-31T16:20,4
Moscow,2032-03-31T15:50,2032-03-31T16:20,4
Moscow,2032-03-31T16:20,2032-03-31T16:40,4
Saint Petersburg,2032-03-31T16:20,2032-03-31T16:40,4
Moscow,2032-03-31T16:40,2032-03-31T16:50,3
Saint Petersburg,2032-03-31T16:40,2032-03-31T16:50,3
Moscow,2032-03-31T16:50,2032-03-31T17:50,4
Saint Petersburg,2032-03-31T16:50,2032-03-31T17:20,4
Saint Petersburg,2032-03-31T17:20,2032-03-31T17:50,4
Moscow,2032-03-31T17:50,2032-03-31T18:20,4
Saint Petersburg,2032-03-31T17:50,2032-03-31T18:50,4
Moscow,2032-03-31T18:20,2032-03-31T18:50,4
Moscow,2032-03-31T18:50,2032-03-31T19:20,4
Saint Petersburg,2032-03-31T18:50,2032-03-31T19:20,4
Moscow,2032-03-31T19:20,2032-03-31T20:20,4
Saint Petersburg,2032-03-31T19:20,2032-03-31T19:50,4
Saint Petersburg,2032-03-31T19:50,2032-03-31T20:20,4
Moscow,2032-03-31T20:20,2032-03-31T20:50,4
Saint Petersburg,2032-03-31T20:20,2032-03-31T21:20,4
Moscow,2032-03-31T20:50,2032-03-31T21:20,4
Moscow,2032-03-31T21:20,2032-03-31T21:50,4
Saint Petersburg,2032-03-31T21:20,2032-03-31T21:50,4
Moscow,2032-03-31T21:50,2032-03-31T22:50,4
Saint Petersburg,2032-03-31T21:50,2032-03-31T22:20,4
Saint Petersburg,2032-03-31T22:20,2032-03-31T22:50,4
Moscow,2032-03-31T22:50,2032-03-31T23:20,4
Saint Petersburg,2032-03-31T22:50,2032-03-31T23:50,4
Moscow,2032-03-31T23:20,2032-03-31T23:50,4
Moscow,2032-03-31T23:50,2032-04-01T00:20,4
Saint Petersburg,2032-03-31T23:50,2032-04-01T00:20,4
Moscow,2032-04-01T00:20,2032-04-01T01:20,4
Saint Petersburg,2032-04-01T00:20,2032-04-01T00:50,4
Saint Petersburg,2032-04-01T00:50,2032-04-01T01:20,3
Moscow,2032-04-01T01:20,2032-04-01T01:50,3
Saint Petersburg,2032-04-01T01:20,2032-04-01T02:20,2
Moscow,2032-04-01T01:50,2032-04-01T02:20,2
Moscow,2032-04-01T02:20,2032-04-01T02:50,1
Saint Petersburg,2032-04-01T02:20,2032-04-01T02:50,1
Saint Petersburg,2032-04-01T06:50,2032-04-01T09:20,1
Moscow,2032-04-02T17:20,2032-04-02T18:10,1
Moscow,2032-04-02T18:10,2032-04-02T18:50,2
Saint Petersburg,2032-04-02T18:10,2032-04-02T18:50,1
Moscow,2032-04-02T18:50,2032-04-02T19:20,3
Saint Petersburg,2032-04-02T18:50,2032-04-02T19:50,2
Moscow,2032-04-02T19:20,2032-04-02T19:50,4
Moscow,2032-04-02T19:50,2032-04-02T20:40,4
Saint Petersburg,2032-04-02T19:50,2032-04-02T20:10,3
Saint Petersburg,2032-04-02T20:10,2032-04-02T20:40,4
Moscow,2032-04-02T20:40,2032-04-02T21:20,4
Saint Petersburg,2032-04-02T20:40,2032-04-02T21:20,4
Moscow,2032-04-02T21:20,2032-04-02T21:50,4
Saint Petersburg,2032-04-02T21:20,2032-04-02T22:20,4
Moscow,2032-04-02T21:50,2032-04-02T22:20,4
Moscow,2032-04-02T22:20,2032-04-02T23:10,4
Saint Petersburg,2032-04-02T22:20,2032-04-02T22:40,4
Saint Petersburg,2032-04-02T22:40,2032-04-02T23:10,4
Moscow,2032-04-02T23:10,2032-04-02T23:50,4
Saint Petersburg,2032-04-02T23:10,2032-04-02T23:50,4
Moscow,2032-04-02T23:50,2032-04-03T00:20,4
Saint Petersburg,2032-04-02T23:50,2032-04-03T00:50,4
Moscow,2032-04-03T00:20,2032-04-03T00:50,4
Moscow,2032-04-03T00:50,2032-04-03T01:40,4
Saint Petersburg,2032-04-03T00:50,2032-04-03T01:10,4
Saint Petersburg,2032-04-03T01:10,2032-04-03T01:40,4
Moscow,2032-04-03T01:40,2032-04-03T02:20,4
Saint Petersburg,2032-04-03T01:40,2032-04-03T02:20,4
Moscow,2032-04-03T02:20,2032-04-03T02:50,4
Saint Petersburg,2032-04-03T02:20,2032-04-03T03:20,4
Moscow,2032-04-03T02:50,2032-04-03T03:20,3
Moscow,2032-04-03T03:20,2032-04-03T04:10,2
Saint Petersburg,2032-04-03T03:20,2032-04-03T03:40,3
Saint Petersburg,2032-04-03T03:40,2032-04-03T04:10,2
Moscow,2032-04-03T04:10,2032-04-03T04:50,1
Saint Petersburg,2032-04-03T04:10,2032-04-03T04:50,1
Moscow,2032-04-03T08:10,2032-04-03T08:35,1
Saint Petersburg,2032-04-03T08:10,2032-04-03T08:35,1
Moscow,2032-04-03T08:35,2032-04-03T08:50,2
Saint Petersburg,2032-04-03T08:35,2032-04-03T08:50,2
Moscow,2032-04-03T08:50,2032-04-03T09:20,3
Saint Petersburg,2032-04-03T08:50,2032-04-03T09:50,3
Moscow,2032-04-03T09:20,2032-04-03T10:40,4
Saint Petersburg,2032-04-03T09:50,2032-04-03T10:40,4
Moscow,2032-04-03T10:40,2032-04-03T11:05,4
Saint Petersburg,2032-04-03T10:40,2032-04-03T11:05,3
Moscow,2032-04-03T11:05,2032-04-03T11:20,3
Saint Petersburg,2032-04-03T11:05,2032-04-03T11:20,2
Moscow,2032-04-03T11:20,2032-04-03T11:50,2
Saint Petersburg,2032-04-03T11:20,2032-04-03T12:20,2
Moscow,2032-04-03T11:50,2032-04-03T13:10,1
Saint Petersburg,2032-04-03T12:20,2032-04-03T13:50,1
Moscow,2032-04-04T21:20,2032-04-04T21:50,1
Moscow,2032-04-04T21:50,2032-04-04T22:10,2
Moscow,2032-04-04T22:10,2032-04-04T22:50,3
Saint Petersburg,2032-04-04T22:10,2032-04-04T23:20,1
Moscow,2032-04-04T22:50,2032-04-04T23:50,4
Saint Petersburg,2032-04-04T23:20,2032-04-04T23:50,2
Moscow,2032-04-04T23:50,2032-04-05T00:20,4
Saint Petersburg,2032-04-04T23:50,2032-04-05T00:35,3
Moscow,2032-04-05T00:20,2032-04-05T00:40,4
Saint Petersburg,2032-04-05T00:35,2032-04-05T00:40,4
Moscow,2032-04-05T00:40,2032-04-05T01:20,4
Saint Petersburg,2032-04-05T00:40,2032-04-05T00:50,3
Saint Petersburg,2032-04-05T00:50,2032-04-05T01:50,4
Moscow,2032-04-05T01:20,2032-04-05T02:20,3
Saint Petersburg,2032-04-05T01:50,2032-04-05T02:10,3
Saint Petersburg,2032-04-05T02:10,2032-04-05T02:20,4
Moscow,2032-04-05T02:20,2032-04-05T02:50,2
Saint Petersburg,2032-04-05T02:20,2032-04-05T03:05,3
Moscow,2032-04-05T02:50,2032-04-05T03:10,1
Saint Petersburg,2032-04-05T03:05,2032-04-05T03:20,2
Saint Petersburg,2032-04-05T03:20,2032-04-05T04:40,1
Moscow,2032-04-05T08:10,2032-04-05T08:35,1
Saint Petersburg,2032-04-05T08:10,2032-04-05T08:35,1
Moscow,2032-04-05T08:35,2032-04-05T08:50,2
Saint Petersburg,2032-04-05T08:35,2032-04-05T08:50,2
Moscow,2032-04-05T08:50,2032-04-05T09:20,3
Saint Petersburg,2032-04-05T08:50,2032-04-05T09:50,3
Moscow,2032-04-05T09:20,2032-04-05T10:40,4
Saint Petersburg,2032-04-05T09:50,2032-04-05T10:40,4
Moscow,2032-04-05T10:40,2032-04-05T11:05,4
Saint Petersburg,2032-04-05T10:40,2032-04-05T11:05,4
Moscow,2032-04-05T11:05,2032-04-05T11:20,4
Saint Petersburg,2032-04-05T11:05,2032-04-05T11:20,4
Moscow,2032-04-05T11:20,2032-04-05T11:50,4
Saint Petersburg,2032-04-05T11:20,2032-04-05T12:20,4
Moscow,2032-04-05T11:50,2032-04-05T13:10,4
Saint Petersburg,2032-04-05T12:20,2032-04-05T13:10,4
Moscow,2032-04-05T13:10,2032-04-05T13:35,4
Saint Petersburg,2032-04-05T13:10,2032-04-05T13:20,3
Saint Petersburg,2032-04-05T13:20,2032-04-05T13:35,4
Moscow,2032-04-05T13:35,2032-04-05T13:50,4
Saint Petersburg,2032-04-05T13:35,2032-04-05T13:50,4
Moscow,2032-04-05T13:50,2032-04-05T14:20,4
Saint Petersburg,2032-04-05T13:50,2032-04-05T14:50,4
Moscow,2032-04-05T14:20,2032-04-05T15:40,4
Saint Petersburg,2032-04-05T14:50,2032-04-05T15:50,4
Moscow,2032-04-05T15:40,2032-04-05T16:05,4
Saint Petersburg,2032-04-05T15:50,2032-04-05T16:05,4
Moscow,2032-04-05T16:05,2032-04-05T16:20,3
Saint Petersburg,2032-04-05T16:05,2032-04-05T16:20,3
Moscow,2032-04-05T16:20,2032-04-05T16:50,2
Saint Petersburg,2032-04-05T16:20,2032-04-05T17:20,2
Moscow,2032-04-05T16:50,2032-04-05T18:10,1
Saint Petersburg,2032-04-05T17:20,2032-04-05T18:20,1
Moscow,2032-04-07T08:35,2032-04-07T08:50,1
Moscow,2032-04-07T08:50,2032-04-07T09:20,2
Saint Petersburg,2032-04-07T08:50,2032-04-07T09:20,1
Moscow,2032-04-07T09:20,2032-04-07T09:35,3
Saint Petersburg,2032-04-07T09:20,2032-04-07T09:50,2
Moscow,2032-04-07T09:35,2032-04-07T11:05,4
Saint Petersburg,2032-04-07T09:50,2032-04-07T10:10,3
Saint Petersburg,2032-04-07T10:10,2032-04-07T11:20,4
Moscow,2032-04-07T11:05,2032-04-07T11:20,4
Moscow,2032-04-07T11:20,2032-04-07T11:50,4
Saint Petersburg,2032-04-07T11:20,2032-04-07T11:50,4
Moscow,2032-04-07T11:50,2032-04-07T12:05,4
Saint Petersburg,2032-04-07T11:50,2032-04-07T12:20,4
Moscow,2032-04-07T12:05,2032-04-07T13:35,4
Saint Petersburg,2032-04-07T12:20,2032-04-07T12:40,4
Saint Petersburg,2032-04-07T12:40,2032-04-07T13:50,4
Moscow,2032-04-07T13:35,2032-04-07T13:50,4
Moscow,2032-04-07T13:50,2032-04-07T14:20,4
Saint Petersburg,2032-04-07T13:50,2032-04-07T14:20,4
Moscow,2032-04-07T14:20,2032-04-07T14:35,4
Saint Petersburg,2032-04-07T14:20,2032-04-07T14:50,4
Moscow,2032-04-07T14:35,2032-04-07T16:05,4
Saint Petersburg,2032-04-07T14:50,2032-04-07T15:10,4
Saint Petersburg,2032-04-07T15:10,2032-04-07T16:20,4
Moscow,2032-04-07T16:05,2032-04-07T16:20,4
Moscow,2032-04-07T16:20,2032-04-07T16:50,4
Saint Petersburg,2032-04-07T16:20,2032-04-07T16:50,4
Moscow,2032-04-07T16:50,2032-04-07T17:05,4
Saint Petersburg,2032-04-07T16:50,2032-04-07T17:20,4
Moscow,2032-04-07T17:05,2032-04-07T18:35,4
Saint Petersburg,2032-04-07T17:20,2032-04-07T17:40,4
Saint Petersburg,2032-04-07T17:40,2032-04-07T18:50,4
Moscow,2032-04-07T18:35,2032-04-07T18:50,4
Moscow,2032-04-07T18:50,2032-04-07T19:20,4
Saint Petersburg,2032-04-07T18:50,2032-04-07T19:20,4
Moscow,2032-04-07T19:20,2032-04-07T19:35,4
Saint Petersburg,2032-04-07T19:20,2032-04-07T19:50,4
Moscow,2032-04-07T19:35,2032-04-07T21:05,4
Saint Petersburg,2032-04-07T19:50,2032-04-07T20:10,3
Saint Petersburg,2032-04-07T20:10,2032-04-07T21:20,2
Moscow,2032-04-07T21:05,2032-04-07T21:20,3
Moscow,2032-04-07T21:20,2032-04-07T21:50,2
Saint Petersburg,2032-04-07T21:20,2032-04-07T21:50,1
Moscow,2032-04-07T21:50,2032-04-07T22:05,1
Saint Petersburg,2032-04-08T01:20,2032-04-08T03:50,1
Moscow,2032-04-09T11:50,2032-04-09T12:10,1
Moscow,2032-04-09T12:10,2032-04-09T12:35,2
Moscow,2032-04-09T12:35,2032-04-09T12:50,3
Saint Petersburg,2032-04-09T12:35,2032-04-09T12:50,1
Moscow,2032-04-09T12:50,2032-04-09T14:20,4
Saint Petersburg,2032-04-09T12:50,2032-04-09T13:20,2
Saint Petersburg,2032-04-09T13:20,2032-04-09T13:50,3
Saint Petersburg,2032-04-09T13:50,2032-04-09T15:05,4
Moscow,2032-04-09T14:20,2032-04-09T14:40,4
Moscow,2032-04-09T14:40,2032-04-09T15:05,4
Moscow,2032-04-09T15:05,2032-04-09T15:20,4
Saint Petersburg,2032-04-09T15:05,2032-04-09T15:20,4
Moscow,2032-04-09T15:20,2032-04-09T16:50,4
Saint Petersburg,2032-04-09T15:20,2032-04-09T15:50,4
Saint Petersburg,2032-04-09T15:50,2032-04-09T16:20,4
Saint Petersburg,2032-04-09T16:20,2032-04-09T17:35,4
Moscow,2032-04-09T16:50,2032-04-09T17:10,4
Moscow,2032-04-09T17:10,2032-04-09T17:35,4
Moscow,2032-04-09T17:35,2032-04-09T17:50,4
Saint Petersburg,2032-04-09T17:35,2032-04-09T17:50,4
Moscow,2032-04-09T17:50,2032-04-09T19:20,4
Saint Petersburg,2032-04-09T17:50,2032-04-09T18:10,3
Saint Petersburg,2032-04-09T18:10,2032-04-09T18:20,4
Saint Petersburg,2032-04-09T18:20,2032-04-09T18:50,3
Saint Petersburg,2032-04-09T18:50,2032-04-09T19:20,3
Moscow,2032-04-09T19:20,2032-04-09T19:40,4
Saint Petersburg,2032-04-09T19:20,2032-04-09T20:05,4
Moscow,2032-04-09T19:40,2032-04-09T20:05,4
Moscow,2032-04-09T20:05,2032-04-09T20:20,4
Saint Petersburg,2032-04-09T20:05,2032-04-09T20:40,4
Moscow,2032-04-09T20:20,2032-04-09T21:50,4
Saint Petersburg,2032-04-09T20:40,2032-04-09T21:20,4
Saint Petersburg,2032-04-09T21:20,2032-04-09T21:50,4
Moscow,2032-04-09T21:50,2032-04-09T22:10,4
Saint Petersburg,2032-04-09T21:50,2032-04-09T22:35,4
Moscow,2032-04-09T22:10,2032-04-09T22:35,4
Moscow,2032-04-09T22:35,2032-04-09T22:50,4
Saint Petersburg,2032-04-09T22:35,2032-04-09T23:10,4
Moscow,2032-04-09T22:50,2032-04-10T00:20,4
Saint Petersburg,2032-04-09T23:10,2032-04-09T23:50,3
Saint Petersburg,2032-04-09T23:50,2032-04-10T00:20,2
Moscow,2032-04-10T00:20,2032-04-10T00:40,3
Saint Petersburg,2032-04-10T00:20,2032-04-10T01:05,1
Moscow,2032-04-10T00:40,2032-04-10T01:05,2
Moscow,2032-04-10T01:05,2032-04-10T01:20,1
Saint Petersburg,2032-04-10T01:20,2032-04-10T03:50,2
Moscow,2032-04-11T15:20,2032-04-11T16:10,1
Moscow,2032-04-11T16:10,2032-04-11T16:50,2
Saint Petersburg,2032-04-11T16:10,2032-04-11T17:20,1
Moscow,2032-04-11T16:50,2032-04-11T17:20,3
Moscow,2032-04-11T17:20,2032-04-11T17:50,4
Saint Petersburg,2032-04-11T17:20,2032-04-11T18:10,2
Moscow,2032-04-11T17:50,2032-04-11T18:10,3
Moscow,2032-04-11T18:10,2032-04-11T18:40,4
Saint Petersburg,2032-04-11T18:10,2032-04-11T18:40,3
Moscow,2032-04-11T18:40,2032-04-11T18:50,3
Saint Petersburg,2032-04-11T18:40,2032-04-11T18:50,2
Moscow,2032-04-11T18:50,2032-04-11T19:20,4
Saint Petersburg,2032-04-11T18:50,2032-04-11T19:50,3
Moscow,2032-04-11T19:20,2032-04-11T19:50,4
Moscow,2032-04-11T19:50,2032-04-11T20:40,4
Saint Petersburg,2032-04-11T19:50,2032-04-11T20:10,3
Saint Petersburg,2032-04-11T20:10,2032-04-11T20:40,4
Moscow,2032-04-11T20:40,2032-04-11T21:20,4
Saint Petersburg,2032-04-11T20:40,2032-04-11T20:50,3
Saint Petersburg,2032-04-11T20:50,2032-04-11T21:20,4
Moscow,2032-04-11T21:20,2032-04-11T21:50,4
Saint Petersburg,2032-04-11T21:20,2032-04-11T22:20,4
Moscow,2032-04-11T21:50,2032-04-11T22:20,4
Moscow,2032-04-11T22:20,2032-04-11T23:10,4
Saint Petersburg,2032-04-11T22:20,2032-04-11T22:35,3
Saint Petersburg,2032-04-11T22:35,2032-04-11T22:40,4
Saint Petersburg,2032-04-11T22:40,2032-04-11T23:20,4
Moscow,2032-04-11T23:10,2032-04-11T23:50,4
Saint Petersburg,2032-04-11T23:20,2032-04-11T23:50,4
Moscow,2032-04-11T23:50,2032-04-12T00:20,4
Saint Petersburg,2032-04-11T23:50,2032-04-12T01:05,4
Moscow,2032-04-12T00:20,2032-04-12T00:50,4
Moscow,2032-04-12T00:50,2032-04-12T01:40,4
Saint Petersburg,2032-04-12T01:05,2032-04-12T01:10,4
Saint Petersburg,2032-04-12T01:10,2032-04-12T01:50,4
Moscow,2032-04-12T01:40,2032-04-12T02:20,4
Saint Petersburg,2032-04-12T01:50,2032-04-12T02:20,4
Moscow,2032-04-12T02:20,2032-04-12T02:50,4
Saint Petersburg,2032-04-12T02:20,2032-04-12T03:35,4
Moscow,2032-04-12T02:50,2032-04-12T03:20,3
Moscow,2032-04-12T03:20,2032-04-12T04:10,2
Saint Petersburg,2032-04-12T03:35,2032-04-12T03:40,4
Saint Petersburg,2032-04-12T03:40,2032-04-12T04:20,3
Moscow,2032-04-12T04:10,2032-04-12T04:50,1
Saint Petersburg,2032-04-12T04:20,2032-04-12T04:50,2
Saint Petersburg,2032-04-12T04:50,2032-04-12T06:05,1
Moscow,2032-04-12T08:10,2032-04-12T08:35,1
Saint Petersburg,2032-04-12T08:10,2032-04-12T08:35,1
Moscow,2032-04-12T08:35,2032-04-12T10:40,2
Saint Petersburg,2032-04-12T08:35,2032-04-12T10:40,2
Moscow,2032-04-12T10:40,2032-04-12T11:05,1
Saint Petersburg,2032-04-12T10:40,2032-04-12T11:05,1
Moscow,2032-04-13T20:10,2032-04-13T20:35,1
Moscow,2032-04-13T20:35,2032-04-13T20:50,2
Moscow,2032-04-13T20:50,2032-04-13T21:20,3
Saint Petersburg,2032-04-13T20:50,2032-04-13T21:20,1
Moscow,2032-04-13T21:20,2032-04-13T22:40,4
Saint Petersburg,2032-04-13T21:20,2032-04-13T21:50,2
Saint Petersburg,2032-04-13T21:50,2032-04-13T22:10,3
Saint Petersburg,2032-04-13T22:10,2032-04-13T23:20,4
Moscow,2032-04-13T22:40,2032-04-13T23:05,4
Moscow,2032-04-13T23:05,2032-04-13T23:20,4
Moscow,2032-04-13T23:20,2032-04-13T23:50,4
Saint Petersburg,2032-04-13T23:20,2032-04-13T23:50,4
Moscow,2032-04-13T23:50,2032-04-14T01:10,4
Saint Petersburg,2032-04-13T23:50,2032-04-14T00:20,4
Saint Petersburg,2032-04-14T00:20,2032-04-14T00:40,4
Saint Petersburg,2032-04-14T00:40,2032-04-14T01:50,4
Moscow,2032-04-14T01:10,2032-04-14T01:35,4
Moscow,2032-04-14T01:35,2032-04-14T01:50,4
Moscow,2032-04-14T01:50,2032-04-14T02:20,3
Saint Petersburg,2032-04-14T01:50,2032-04-14T02:20,4
Moscow,2032-04-14T02:20,2032-04-14T03:40,2
Saint Petersburg,2032-04-14T02:20,2032-04-14T02:50,3
Saint Petersburg,2032-04-14T02:50,2032-04-14T03:10,2
Saint Petersburg,2032-04-14T03:10,2032-04-14T04:20,1
Moscow,2032-04-14T03:40,2032-04-14T04:05,1
Moscow,2032-04-14T08:10,2032-04-14T08:35,1
Saint Petersburg,2032-04-14T08:10,2032-04-14T08:35,1
Moscow,2032-04-14T08:35,2032-04-14T08:50,2
Saint Petersburg,2032-04-14T08:35,2032-04-14T08:50,2
Moscow,2032-04-14T08:50,2032-04-14T09:20,3
Saint Petersburg,2032-04-14T08:50,2032-04-14T09:20,3
Moscow,2032-04-14T09:20,2032-04-14T10:40,4
Saint Petersburg,2032-04-14T09:20,2032-04-14T10:40,4
Moscow,2032-04-14T10:40,2032-04-14T11:05,4
Saint Petersburg,2032-04-14T10:40,2032-04-14T11:05,4
Moscow,2032-04-14T11:05,2032-04-14T11:20,4
Saint Petersburg,2032-04-14T11:05,2032-04-14T11:20,4
Moscow,2032-04-14T11:20,2032-04-14T11:50,4
Saint Petersburg,2032-04-14T11:20,2032-04-14T11:50,4
Moscow,2032-04-14T11:50,2032-04-14T13:10,4
Saint Petersburg,2032-04-14T11:50,2032-04-14T12:50,3
Saint Petersburg,2032-04-14T12:50,2032-04-14T13:10,4
Moscow,2032-04-14T13:10,2032-04-14T13:35,4
Saint Petersburg,2032-04-14T13:10,2032-04-14T13:35,4
Moscow,2032-04-14T13:35,2032-04-14T13:50,4
Saint Petersburg,2032-04-14T13:35,2032-04-14T13:50,4
Moscow,2032-04-14T13:50,2032-04-14T14:20,3
Saint Petersburg,2032-04-14T13:50,2032-04-14T15:20,3
Moscow,2032-04-14T14:20,2032-04-14T15:40,2
Saint Petersburg,2032-04-14T15:20,2032-04-14T15:40,2
Moscow,2032-04-14T15:40,2032-04-14T16:05,1
Saint Petersburg,2032-04-14T15:40,2032-04-14T16:05,1
Moscow,2032-04-15T23:50,2032-04-16T00:10,1
Moscow,2032-04-16T00:10,2032-04-16T02:20,2
Saint Petersburg,2032-04-16T00:10,2032-04-16T02:40,1
Moscow,2032-04-16T02:20,2032-04-16T02:40,1
Moscow,2032-04-16T08:10,2032-04-16T08:35,1
Saint Petersburg,2032-04-16T08:10,2032-04-16T08:35,1
Moscow,2032-04-16T08:35,2032-04-16T08:50,2
Saint Petersburg,2032-04-16T08:35,2032-04-16T08:50,2
Moscow,2032-04-16T08:50,2032-04-16T09:20,3
Saint Petersburg,2032-04-16T08:50,2032-04-16T09:20,3
Moscow,2032-04-16T09:20,2032-04-16T10:40,4
Saint Petersburg,2032-04-16T09:20,2032-04-16T10:40,4
Moscow,2032-04-16T10:40,2032-04-16T11:05,4
Saint Petersburg,2032-04-16T10:40,2032-04-16T11:05,4
Moscow,2032-04-16T11:05,2032-04-16T11:20,4
Saint Petersburg,2032-04-16T11:05,2032-04-16T11:20,4
Moscow,2032-04-16T11:20,2032-04-16T11:50,4
Saint Petersburg,2032-04-16T11:20,2032-04-16T11:50,4
Moscow,2032-04-16T11:50,2032-04-16T13:10,4
Saint Petersburg,2032-04-16T11:50,2032-04-16T13:10,4
Moscow,2032-04-16T13:10,2032-04-16T13:35,4
Saint Petersburg,2032-04-16T13:10,2032-04-16T13:35,4
Moscow,2032-04-16T13:35,2032-04-16T13:50,4
Saint Petersburg,2032-04-16T13:35,2032-04-16T13:50,4
Moscow,2032-04-16T13:50,2032-04-16T14:20,4
Saint Petersburg,2032-04-16T13:50,2032-04-16T14:20,4
Moscow,2032-04-16T14:20,2032-04-16T15:40,4
Saint Petersburg,2032-04-16T14:20,2032-04-16T15:40,4
Moscow,2032-04-16T15:40,2032-04-16T16:05,4
Saint Petersburg,2032-04-16T15:40,2032-04-16T16:05,4
Moscow,2032-04-16T16:05,2032-04-16T16:20,4
Saint Petersburg,2032-04-16T16:05,2032-04-16T16:10,3
Saint Petersburg,2032-04-16T16:10,2032-04-16T16:20,4
Moscow,2032-04-16T16:20,2032-04-16T16:50,4
Saint Petersburg,2032-04-16T16:20,2032-04-16T16:50,4
Moscow,2032-04-16T16:50,2032-04-16T18:10,4
Saint Petersburg,2032-04-16T16:50,2032-04-16T18:10,4
Moscow,2032-04-16T18:10,2032-04-16T18:35,4
Saint Petersburg,2032-04-16T18:10,2032-04-16T18:40,4
Moscow,2032-04-16T18:35,2032-04-16T18:50,4
Saint Petersburg,2032-04-16T18:40,2032-04-16T18:50,4
Moscow,2032-04-16T18:50,2032-04-16T19:20,3
Saint Petersburg,2032-04-16T18:50,2032-04-16T19:20,3
Moscow,2032-04-16T19:20,2032-04-16T20:40,2
Saint Petersburg,2032-04-16T19:20,2032-04-16T20:40,2
Moscow,2032-04-16T20:40,2032-04-16T21:05,1
Saint Petersburg,2032-04-16T20:40,2032-04-16T21:10,1
Moscow,2032-04-18T10:10,2032-04-18T10:50,1
Moscow,2032-04-18T10:50,2032-04-18T11:20,2
Moscow,2032-04-18T11:20,2032-04-18T11:50,3
Saint Petersburg,2032-04-18T11:20,2032-04-18T11:50,1
Moscow,2032-04-18T11:50,2032-04-18T12:40,4
Saint Petersburg,2032-04-18T11:50,2032-04-18T12:10,2
Saint Petersburg,2032-04-18T12:10,2032-04-18T12:35,3
Saint Petersburg,2032-04-18T12:35,2032-04-18T13:50,4
Moscow,2032-04-18T12:40,2032-04-18T13:20,4
Moscow,2032-04-18T13:20,2032-04-18T13:50,4
Moscow,2032-04-18T13:50,2032-04-18T14:20,4
Saint Petersburg,2032-04-18T13:50,2032-04-18T14:20,4
Moscow,2032-04-18T14:20,2032-04-18T15:10,4
Saint Petersburg,2032-04-18T14:20,2032-04-18T14:40,4
Saint Petersburg,2032-04-18T14:40,2032-04-18T15:05,4
Saint Petersburg,2032-04-18T15:05,2032-04-18T16:20,4
Moscow,2032-04-18T15:10,2032-04-18T15:50,4
Moscow,2032-04-18T15:50,2032-04-18T16:20,4
Moscow,2032-04-18T16:20,2032-04-18T16:50,4
Saint Petersburg,2032-04-18T16:20,2032-04-18T16:50,4
Moscow,2032-04-18T16:50,2032-04-18T17:40,4
Saint Petersburg,2032-04-18T16:50,2032-04-18T17:10,4
Saint Petersburg,2032-04-18T17:10,2032-04-18T17:35,4
Saint Petersburg,2032-04-18T17:35,2032-04-18T18:50,4
Moscow,2032-04-18T17:40,2032-04-18T18:20,4
Moscow,2032-04-18T18:20,2032-04-18T18:50,4
Moscow,2032-04-18T18:50,2032-04-18T19:20,4
Saint Petersburg,2032-04-18T18:50,2032-04-18T19:20,4
Moscow,2032-04-18T19:20,2032-04-18T20:10,4
Saint Petersburg,2032-04-18T19:20,2032-04-18T19:40,4
Saint Petersburg,2032-04-18T19:40,2032-04-18T20:05,4
Saint Petersburg,2032-04-18T20:05,2032-04-18T21:20,4
Moscow,2032-04-18T20:10,2032-04-18T20:50,4
Moscow,2032-04-18T20:50,2032-04-18T21:20,4
Moscow,2032-04-18T21:20,2032-04-18T21:50,4
Saint Petersburg,2032-04-18T21:20,2032-04-18T21:50,4
Moscow,2032-04-18T21:50,2032-04-18T22:40,4
Saint Petersburg,2032-04-18T21:50,2032-04-18T22:10,4
Saint Petersburg,2032-04-18T22:10,2032-04-18T22:35,4
Saint Petersburg,2032-04-18T22:35,2032-04-18T23:50,3
Moscow,2032-04-18T22:40,2032-04-18T23:20,3
Moscow,2032-04-18T23:20,2032-04-18T23:50,2
Moscow,2032-04-18T23:50,2032-04-19T00:20,1
Saint Petersburg,2032-04-18T23:50,2032-04-19T00:20,2
Saint Petersburg,2032-04-19T00:20,2032-04-19T00:40,1
Moscow,2032-04-20T13:50,2032-04-20T14:10,1
Moscow,2032-04-20T14:10,2032-04-20T14:50,2
Moscow,2032-04-20T14:50,2032-04-20T15:20,3
Saint Petersburg,2032-04-20T14:50,2032-04-20T15:20,1
Moscow,2032-04-20T15:20,2032-04-20T16:20,4
Saint Petersburg,2032-04-20T15:20,2032-04-20T15:50,2
Saint Petersburg,2032-04-20T15:50,2032-04-20T17:20,3
Moscow,2032-04-20T16:20,2032-04-20T16:40,4
Moscow,2032-04-20T16:40,2032-04-20T16:50,3
Moscow,2032-04-20T16:50,2032-04-20T17:20,4
Moscow,2032-04-20T17:20,2032-04-20T17:50,4
Saint Petersburg,2032-04-20T17:20,2032-04-20T17:50,3
Moscow,2032-04-20T17:50,2032-04-20T18:10,3
Saint Petersburg,2032-04-20T17:50,2032-04-20T18:10,2
Moscow,2032-04-20T18:10,2032-04-20T18:50,4
Saint Petersburg,2032-04-20T18:10,2032-04-20T18:20,4
Saint Petersburg,2032-04-20T18:20,2032-04-20T18:50,3
Moscow,2032-04-20T18:50,2032-04-20T19:20,4
Saint Petersburg,2032-04-20T18:50,2032-04-20T19:50,4
Moscow,2032-04-20T19:20,2032-04-20T19:50,4
Moscow,2032-04-20T19:50,2032-04-20T20:40,4
Saint Petersburg,2032-04-20T19:50,2032-04-20T20:40,4
Moscow,2032-04-20T20:40,2032-04-20T21:20,4
Saint Petersburg,2032-04-20T20:40,2032-04-20T21:20,4
Moscow,2032-04-20T21:20,2032-04-20T21:50,4
Saint Petersburg,2032-04-20T21:20,2032-04-20T22:20,4
Moscow,2032-04-20T21:50,2032-04-20T22:20,4
Moscow,2032-04-20T22:20,2032-04-20T23:10,4
Saint Petersburg,2032-04-20T22:20,2032-04-20T23:10,4
Moscow,2032-04-20T23:10,2032-04-20T23:50,4
Saint Petersburg,2032-04-20T23:10,2032-04-20T23:50,4
Moscow,2032-04-20T23:50,2032-04-21T00:20,4
Saint Petersburg,2032-04-20T23:50,2032-04-21T00:50,4
Moscow,2032-04-21T00:20,2032-04-21T00:50,4
Moscow,2032-04-21T00:50,2032-04-21T01:40,4
Saint Petersburg,2032-04-21T00:50,2032-04-21T01:40,4
Moscow,2032-04-21T01:40,2032-04-21T02:20,4
Saint Petersburg,2032-04-21T01:40,2032-04-21T02:20,4
Moscow,2032-04-21T02:20,2032-04-21T02:50,3
Saint Petersburg,2032-04-21T02:20,2032-04-21T03:20,4
Moscow,2032-04-21T02:50,2032-04-21T03:20,2
Moscow,2032-04-21T03:20,2032-04-21T04:10,1
Saint Petersburg,2032-04-21T03:20,2032-04-21T04:10,3
Saint Petersburg,2032-04-21T04:10,2032-04-21T04:50,1
Moscow,2032-04-22T18:50,2032-04-22T19:20,1
Moscow,2032-04-22T19:20,2032-04-22T19:50,2
Moscow,2032-04-22T19:50,2032-04-22T20:10,3
Saint Petersburg,2032-04-22T19:50,2032-04-22T20:10,1
Moscow,2032-04-22T20:10,2032-04-22T21:20,4
Saint Petersburg,2032-04-22T20:10,2032-04-22T20:35,2
Saint Petersburg,2032-04-22T20:35,2032-04-22T20:50,3
Saint Petersburg,2032-04-22T20:50,2032-04-22T22:20,4
Moscow,2032-04-22T21:20,2032-04-22T21:50,4
Moscow,2032-04-22T21:50,2032-04-22T22:20,4
Moscow,2032-04-22T22:20,2032-04-22T22:40,4
Saint Petersburg,2032-04-22T22:20,2032-04-22T22:40,4
Moscow,2032-04-22T22:40,2032-04-22T23:50,4
Saint Petersburg,2032-04-22T22:40,2032-04-22T23:05,4
Saint Petersburg,2032-04-22T23:05,2032-04-22T23:20,4
Saint Petersburg,2032-04-22T23:20,2032-04-23T00:50,4
Moscow,2032-04-22T23:50,2032-04-23T00:20,4
Moscow,2032-04-23T00:20,2032-04-23T00:50,4
Moscow,2032-04-23T00:50,2032-04-23T01:10,4
Saint Petersburg,2032-04-23T00:50,2032-04-23T01:10,4
Moscow,2032-04-23T01:10,2032-04-23T02:20,4
Saint Petersburg,2032-04-23T01:10,2032-04-23T01:35,4
Saint Petersburg,2032-04-23T01:35,2032-04-23T01:50,4
Saint Petersburg,2032-04-23T01:50,2032-04-23T03:20,4
Moscow,2032-04-23T02:20,2032-04-23T02:50,4
Moscow,2032-04-23T02:50,2032-04-23T03:20,3
Moscow,2032-04-23T03:20,2032-04-23T03:40,2
Saint Petersburg,2032-04-23T03:20,2032-04-23T03:40,3
Moscow,2032-04-23T03:40,2032-04-23T04:50,1
Saint Petersburg,2032-04-23T03:40,2032-04-23T04:05,2
Saint Petersburg,2032-04-23T04:05,2032-04-23T04:20,1
Moscow,2032-04-23T08:10,2032-04-23T08:35,1
Saint Petersburg,2032-04-23T08:10,2032-04-23T08:50,1
Moscow,2032-04-23T08:35,2032-04-23T08:50,2
Moscow,2032-04-23T08:50,2032-04-23T09:20,3
Saint Petersburg,2032-04-23T08:50,2032-04-23T09:20,2
Moscow,2032-04-23T09:20,2032-04-23T10:40,4
Saint Petersburg,2032-04-23T09:20,2032-04-23T10:35,3
Saint Petersburg,2032-04-23T10:35,2032-04-23T10:40,4
Moscow,2032-04-23T10:40,2032-04-23T11:05,4
Saint Petersburg,2032-04-23T10:40,2032-04-23T11:20,4
Moscow,2032-04-23T11:05,2032-04-23T11:20,4
Moscow,2032-04-23T11:20,2032-04-23T11:50,4
Saint Petersburg,2032-04-23T11:20,2032-04-23T11:50,4
Moscow,2032-04-23T11:50,2032-04-23T13:10,3
Saint Petersburg,2032-04-23T11:50,2032-04-23T12:10,3
Saint Petersburg,2032-04-23T12:10,2032-04-23T13:05,4
Saint Petersburg,2032-04-23T13:05,2032-04-23T13:10,3
Moscow,2032-04-23T13:10,2032-04-23T13:35,2
Saint Petersburg,2032-04-23T13:10,2032-04-23T13:50,2
Moscow,2032-04-23T13:35,2032-04-23T13:50,1
Saint Petersburg,2032-04-23T13:50,2032-04-23T14:40,1
Moscow,2032-04-24T22:10,2032-04-24T22:50,1
Moscow,2032-04-24T22:50,2032-04-24T23:20,2
Saint Petersburg,2032-04-24T22:50,2032-04-24T23:50,1
Moscow,2032-04-24T23:20,2032-04-24T23:50,3
Moscow,2032-04-24T23:50,2032-04-25T00:40,4
Saint Petersburg,2032-04-24T23:50,2032-04-25T00:10,2
Saint Petersburg,2032-04-25T00:10,2032-04-25T01:20,3
Moscow,2032-04-25T00:40,2032-04-25T01:20,4
Moscow,2032-04-25T01:20,2032-04-25T01:50,3
Saint Petersburg,2032-04-25T01:20,2032-04-25T02:20,3
Moscow,2032-04-25T01:50,2032-04-25T02:20,2
Moscow,2032-04-25T02:20,2032-04-25T03:10,1
Saint Petersburg,2032-04-25T02:20,2032-04-25T02:40,2
Saint Petersburg,2032-04-25T02:40,2032-04-25T03:50,1
Moscow,2032-04-25T08:10,2032-04-25T08:35,1
Saint Petersburg,2032-04-25T08:10,2032-04-25T08:50,1
Moscow,2032-04-25T08:35,2032-04-25T08:50,2
Moscow,2032-04-25T08:50,2032-04-25T09:20,3
Saint Petersburg,2032-04-25T08:50,2032-04-25T09:20,2
Moscow,2032-04-25T09:20,2032-04-25T10:40,4
Saint Petersburg,2032-04-25T09:20,2032-04-25T10:35,3
Saint Petersburg,2032-04-25T10:35,2032-04-25T10:40,4
Moscow,2032-04-25T10:40,2032-04-25T11:05,4
Saint Petersburg,2032-04-25T10:40,2032-04-25T11:20,4
Moscow,2032-04-25T11:05,2032-04-25T11:20,4
Moscow,2032-04-25T11:20,2032-04-25T11:50,4
Saint Petersburg,2032-04-25T11:20,2032-04-25T11:50,4
Moscow,2032-04-25T11:50,2032-04-25T13:10,4
Saint Petersburg,2032-04-25T11:50,2032-04-25T13:05,4
Saint Petersburg,2032-04-25T13:05,2032-04-25T13:10,4
Moscow,2032-04-25T13:10,2032-04-25T13:35,4
Saint Petersburg,2032-04-25T13:10,2032-04-25T13:50,4
Moscow,2032-04-25T13:35,2032-04-25T13:50,4
Moscow,2032-04-25T13:50,2032-04-25T14:20,4
Saint Petersburg,2032-04-25T13:50,2032-04-25T14:20,4
Moscow,2032-04-25T14:20,2032-04-25T15:40,4
Saint Petersburg,2032-04-25T14:20,2032-04-25T15:35,4
Saint Petersburg,2032-04-25T15:35,2032-04-25T15:40,4
Moscow,2032-04-25T15:40,2032-04-25T16:05,4
Saint Petersburg,2032-04-25T15:40,2032-04-25T16:20,4
Moscow,2032-04-25T16:05,2032-04-25T16:20,4
Moscow,2032-04-25T16:20,2032-04-25T16:50,4
Saint Petersburg,2032-04-25T16:20,2032-04-25T16:50,4
Moscow,2032-04-25T16:50,2032-04-25T18:10,3
Saint Petersburg,2032-04-25T16:50,2032-04-25T18:05,4
Saint Petersburg,2032-04-25T18:05,2032-04-25T18:10,3
Moscow,2032-04-25T18:10,2032-04-25T18:35,2
Saint Petersburg,2032-04-25T18:10,2032-04-25T18:50,2
Moscow,2032-04-25T18:35,2032-04-25T18:50,1
Saint Petersburg,2032-04-25T18:50,2032-04-25T19:20,1
Moscow,2032-04-27T09:20,2032-04-27T09:35,1
Moscow,2032-04-27T09:35,2032-04-27T09:50,2
Moscow,2032-04-27T09:50,2032-04-27T10:10,3
Saint Petersburg,2032-04-27T09:50,2032-04-27T10:10,1
Moscow,2032-04-27T10:10,2032-04-27T11:50,4
Saint Petersburg,2032-04-27T10:10,2032-04-27T10:50,2
Saint Petersburg,2032-04-27T10:50,2032-04-27T11:50,3
Moscow,2032-04-27T11:50,2032-04-27T12:05,4
Saint Petersburg,2032-04-27T11:50,2032-04-27T12:20,4
Moscow,2032-04-27T12:05,2032-04-27T12:20,4
Moscow,2032-04-27T12:20,2032-04-27T12:40,4
Saint Petersburg,2032-04-27T12:20,2032-04-27T12:40,4
Moscow,2032-04-27T12:40,2032-04-27T14:20,4
Saint Petersburg,2032-04-27T12:40,2032-04-27T13:20,4
Saint Petersburg,2032-04-27T13:20,2032-04-27T14:20,4
Moscow,2032-04-27T14:20,2032-04-27T14:35,4
Saint Petersburg,2032-04-27T14:20,2032-04-27T14:50,4
Moscow,2032-04-27T14:35,2032-04-27T14:50,4
Moscow,2032-04-27T14:50,2032-04-27T15:10,4
Saint Petersburg,2032-04-27T14:50,2032-04-27T15:10,4
Moscow,2032-04-27T15:10,2032-04-27T16:50,4
Saint Petersburg,2032-04-27T15:10,2032-04-27T15:20,3
Saint Petersburg,2032-04-27T15:20,2032-04-27T15:50,4
Saint Petersburg,2032-04-27T15:50,2032-04-27T16:50,4
Moscow,2032-04-27T16:50,2032-04-27T17:05,4
Saint Petersburg,2032-04-27T16:50,2032-04-27T17:20,4
Moscow,2032-04-27T17:05,2032-04-27T17:20,4
Moscow,2032-04-27T17:20,2032-04-27T17:40,4
Saint Petersburg,2032-04-27T17:20,2032-04-27T17:50,4
Moscow,2032-04-27T17:40,2032-04-27T19:20,4
Saint Petersburg,2032-04-27T17:50,2032-04-27T18:20,4
Saint Petersburg,2032-04-27T18:20,2032-04-27T19:20,4
Moscow,2032-04-27T19:20,2032-04-27T19:35,4
Saint Petersburg,2032-04-27T19:20,2032-04-27T19:50,4
Moscow,2032-04-27T19:35,2032-04-27T19:50,4
Moscow,2032-04-27T19:50,2032-04-27T20:10,4
Saint Petersburg,2032-04-27T19:50,2032-04-27T20:20,4
Moscow,2032-04-27T20:10,2032-04-27T21:50,4
Saint Petersburg,2032-04-27T20:20,2032-04-27T20:50,4
Saint Petersburg,2032-04-27T20:50,2032-04-27T21:50,4
Moscow,2032-04-27T21:50,2032-04-27T22:05,3
Saint Petersburg,2032-04-27T21:50,2032-04-27T22:20,3
Moscow,2032-04-27T22:05,2032-04-27T22:20,2
Moscow,2032-04-27T22:20,2032-04-27T22:40,1
Saint Petersburg,2032-04-27T22:20,2032-04-27T22:50,2
Saint Petersburg,2032-04-27T22:50,2032-04-27T23:20,1
Moscow,2032-04-29T12:35,2032-04-29T12:50,1
Moscow,2032-04-29T12:50,2032-04-29T13:20,2
Moscow,2032-04-29T13:20,2032-04-29T13:50,3
Saint Petersburg,2032-04-29T13:20,2032-04-29T13:50,1
Moscow,2032-04-29T13:50,2032-04-29T15:05,4
Saint Petersburg,2032-04-29T13:50,2032-04-29T14:10,2
Saint Petersburg,2032-04-29T14:10,2032-04-29T14:50,3
Saint Petersburg,2032-04-29T14:50,2032-04-29T15:50,4
Moscow,2032-04-29T15:05,2032-04-29T15:20,4
Moscow,2032-04-29T15:20,2032-04-29T15:50,4
Moscow,2032-04-29T15:50,2032-04-29T16:20,4
Saint Petersburg,2032-04-29T15:50,2032-04-29T16:20,4
Moscow,2032-04-29T16:20,2032-04-29T17:35,4
Saint Petersburg,2032-04-29T16:20,2032-04-29T16:40,4
Saint Petersburg,2032-04-29T16:40,2032-04-29T17:20,4
Saint Petersburg,2032-04-29T17:20,2032-04-29T18:20,4
Moscow,2032-04-29T17:35,2032-04-29T17:50,4
Moscow,2032-04-29T17:50,2032-04-29T18:20,4
Moscow,2032-04-29T18:20,2032-04-29T18:50,4
Saint Petersburg,2032-04-29T18:20,2032-04-29T18:50,4
Moscow,2032-04-29T18:50,2032-04-29T20:05,4
Saint Petersburg,2032-04-29T18:50,2032-04-29T19:10,4
Saint Petersburg,2032-04-29T19:10,2032-04-29T19:50,3
Saint Petersburg,2032-04-29T19:50,2032-04-29T20:10,3
Moscow,2032-04-29T20:05,2032-04-29T20:20,4
Saint Petersburg,2032-04-29T20:10,2032-04-29T20:50,4
Moscow,2032-04-29T20:20,2032-04-29T20:50,4
Moscow,2032-04-29T20:50,2032-04-29T21:20,4
Saint Petersburg,2032-04-29T20:50,2032-04-29T21:20,4
Moscow,2032-04-29T21:20,2032-04-29T22:35,4
Saint Petersburg,2032-04-29T21:20,2032-04-29T22:20,4
Saint Petersburg,2032-04-29T22:20,2032-04-29T22:40,4
Moscow,2032-04-29T22:35,2032-04-29T22:50,4
Saint Petersburg,2032-04-29T22:40,2032-04-29T23:20,4
Moscow,2032-04-29T22:50,2032-04-29T23:20,4
Moscow,2032-04-29T23:20,2032-04-29T23:50,4
Saint Petersburg,2032-04-29T23:20,2032-04-29T23:50,4
Moscow,2032-04-29T23:50,2032-04-30T01:05,4
Saint Petersburg,2032-04-29T23:50,2032-04-30T00:35,3
Saint Petersburg,2032-04-30T00:35,2032-04-30T00:50,4
Saint Petersburg,2032-04-30T00:50,2032-04-30T01:10,3
Moscow,2032-04-30T01:05,2032-04-30T01:20,3
Saint Petersburg,2032-04-30T01:10,2032-04-30T01:50,2
Moscow,2032-04-30T01:20,2032-04-30T01:50,2
Moscow,2032-04-30T01:50,2032-04-30T02:20,1
Saint Petersburg,2032-04-30T01:50,2032-04-30T03:05,1
Saint Petersburg,2032-04-30T08:35,2032-04-30T11:05,1
Moscow,2032-05-01T16:50,2032-05-01T17:20,1
Moscow,2032-05-01T17:20,2032-05-01T18:10,2
Saint Petersburg,2032-05-01T17:20,2032-05-01T18:10,1
Moscow,2032-05-01T18:10,2032-05-01T19:20,3
Saint Petersburg,2032-05-01T18:10,2032-05-01T18:50,2
Saint Petersburg,2032-05-01T18:50,2032-05-01T19:50,3
Moscow,2032-05-01T19:20,2032-05-01T19:50,3
Moscow,2032-05-01T19:50,2032-05-01T20:10,3
Saint Petersburg,2032-05-01T19:50,2032-05-01T20:10,3
Moscow,2032-05-01T20:10,2032-05-01T20:40,4
Saint Petersburg,2032-05-01T20:10,2032-05-01T20:40,4
Moscow,2032-05-01T20:40,2032-05-01T21:50,4
Saint Petersburg,2032-05-01T20:40,2032-05-01T21:20,4
Saint Petersburg,2032-05-01T21:20,2032-05-01T22:20,4
Moscow,2032-05-01T21:50,2032-05-01T22:20,4
Moscow,2032-05-01T22:20,2032-05-01T22:40,4
Saint Petersburg,2032-05-01T22:20,2032-05-01T22:40,4
Moscow,2032-05-01T22:40,2032-05-01T23:10,4
Saint Petersburg,2032-05-01T22:40,2032-05-01T23:10,4
Moscow,2032-05-01T23:10,2032-05-02T00:20,4
Saint Petersburg,2032-05-01T23:10,2032-05-01T23:50,4
Saint Petersburg,2032-05-01T23:50,2032-05-02T00:50,4
Moscow,2032-05-02T00:20,2032-05-02T00:50,4
Moscow,2032-05-02T00:50,2032-05-02T01:10,4
Saint Petersburg,2032-05-02T00:50,2032-05-02T01:10,4
Moscow,2032-05-02T01:10,2032-05-02T01:40,4
Saint Petersburg,2032-05-02T01:10,2032-05-02T01:40,4
Moscow,2032-05-02T01:40,2032-05-02T02:50,4
Saint Petersburg,2032-05-02T01:40,2032-05-02T02:20,3
Saint Petersburg,2032-05-02T02:20,2032-05-02T03:20,2
Moscow,2032-05-02T02:50,2032-05-02T03:20,3
Moscow,2032-05-02T03:20,2032-05-02T03:40,2
Saint Petersburg,2032-05-02T03:20,2032-05-02T03:40,1
Moscow,2032-05-02T03:40,2032-05-02T04:10,1
Saint Petersburg,2032-05-02T04:10,2032-05-02T06:40,1
Saint Petersburg,2032-05-02T07:20,2032-05-02T08:10,1
Moscow,2032-05-02T08:10,2032-05-02T08:35,1
Saint Petersburg,2032-05-02T08:10,2032-05-02T08:35,2
Moscow,2032-05-02T08:35,2032-05-02T08:50,2
Saint Petersburg,2032-05-02T08:35,2032-05-02T08:50,3
Moscow,2032-05-02T08:50,2032-05-02T09:20,3
Saint Petersburg,2032-05-02T08:50,2032-05-02T09:50,4
Moscow,2032-05-02T09:20,2032-05-02T10:40,4
Saint Petersburg,2032-05-02T09:50,2032-05-02T10:40,4
Moscow,2032-05-02T10:40,2032-05-02T11:05,3
Saint Petersburg,2032-05-02T10:40,2032-05-02T11:05,3
Moscow,2032-05-02T11:05,2032-05-02T11:20,2
Saint Petersburg,2032-05-02T11:05,2032-05-02T11:20,2
Moscow,2032-05-02T11:20,2032-05-02T11:50,1
Saint Petersburg,2032-05-02T11:20,2032-05-02T12:20,1
Moscow,2032-05-03T20:50,2032-05-03T21:20,1
Moscow,2032-05-03T21:20,2032-05-03T21:50,2
Moscow,2032-05-03T21:50,2032-05-03T22:10,3
Saint Petersburg,2032-05-03T21:50,2032-05-03T22:10,1
Moscow,2032-05-03T22:10,2032-05-03T23:20,4
Saint Petersburg,2032-05-03T22:10,2032-05-03T22:35,2
Saint Petersburg,2032-05-03T22:35,2032-05-03T22:50,3
Saint Petersburg,2032-05-03T22:50,2032-05-04T00:20,4
Moscow,2032-05-03T23:20,2032-05-03T23:50,4
Moscow,2032-05-03T23:50,2032-05-04T00:20,4
Moscow,2032-05-04T00:20,2032-05-04T00:40,4
Saint Petersburg,2032-05-04T00:20,2032-05-04T00:40,4
Moscow,2032-05-04T00:40,2032-05-04T01:50,4
Saint Petersburg,2032-05-04T00:40,2032-05-04T01:05,4
Saint Petersburg,2032-05-04T01:05,2032-05-04T01:20,4
Saint Petersburg,2032-05-04T01:20,2032-05-04T02:50,3
Moscow,2032-05-04T01:50,2032-05-04T02:20,3
Moscow,2032-05-04T02:20,2032-05-04T02:50,2
Moscow,2032-05-04T02:50,2032-05-04T03:10,1
Saint Petersburg,2032-05-04T02:50,2032-05-04T03:10,2
Saint Petersburg,2032-05-04T03:10,2032-05-04T03:35,1
Moscow,2032-05-04T08:10,2032-05-04T08:35,1
Saint Petersburg,2032-05-04T08:10,2032-05-04T08:35,1
Moscow,2032-05-04T08:35,2032-05-04T08:50,2
Saint Petersburg,2032-05-04T08:35,2032-05-04T08:50,2
Moscow,2032-05-04T08:50,2032-05-04T09:20,3
Saint Petersburg,2032-05-04T08:50,2032-05-04T09:20,3
Moscow,2032-05-04T09:20,2032-05-04T10:40,4
Saint Petersburg,2032-05-04T09:20,2032-05-04T10:40,4
Moscow,2032-05-04T10:40,2032-05-04T11:05,4
Saint Petersburg,2032-05-04T10:40,2032-05-04T11:05,4
Moscow,2032-05-04T11:05,2032-05-04T11:20,4
Saint Petersburg,2032-05-04T11:05,2032-05-04T11:20,4
Moscow,2032-05-04T11:20,2032-05-04T11:50,4
Saint Petersburg,2032-05-04T11:20,2032-05-04T11:50,4
Moscow,2032-05-04T11:50,2032-05-04T13:10,4
Saint Petersburg,2032-05-04T11:50,2032-05-04T13:10,4
Moscow,2032-05-04T13:10,2032-05-04T13:35,4
Saint Petersburg,2032-05-04T13:10,2032-05-04T13:35,4
Moscow,2032-05-04T13:35,2032-05-04T13:50,4
Saint Petersburg,2032-05-04T13:35,2032-05-04T13:50,4
Moscow,2032-05-04T13:50,2032-05-04T14:20,4
Saint Petersburg,2032-05-04T13:50,2032-05-04T14:20,4
Moscow,2032-05-04T14:20,2032-05-04T15:40,4
Saint Petersburg,2032-05-04T14:20,2032-05-04T15:40,3
Moscow,2032-05-04T15:40,2032-05-04T16:05,3
Saint Petersburg,2032-05-04T15:40,2032-05-04T16:05,2
Moscow,2032-05-04T16:05,2032-05-04T16:20,2
Saint Petersburg,2032-05-04T16:05,2032-05-04T16:20,1
Moscow,2032-05-04T16:20,2032-05-04T16:50,1
Moscow,2032-05-06T08:10,2032-05-06T08:35,1
Moscow,2032-05-06T08:35,2032-05-06T08:50,2
Moscow,2032-05-06T08:50,2032-05-06T09:20,3
Saint Petersburg,2032-05-06T08:50,2032-05-06T09:20,1
Moscow,2032-05-06T09:20,2032-05-06T10:40,4
Saint Petersburg,2032-05-06T09:20,2032-05-06T09:50,2
Saint Petersburg,2032-05-06T09:50,2032-05-06T10:10,3
Saint Petersburg,2032-05-06T10:10,2032-05-06T11:20,4
Moscow,2032-05-06T10:40,2032-05-06T11:05,4
Moscow,2032-05-06T11:05,2032-05-06T11:20,4
Moscow,2032-05-06T11:20,2032-05-06T11:50,4
Saint Petersburg,2032-05-06T11:20,2032-05-06T11:50,4
Moscow,2032-05-06T11:50,2032-05-06T13:10,4
Saint Petersburg,2032-05-06T11:50,2032-05-06T12:20,4
Saint Petersburg,2032-05-06T12:20,2032-05-06T12:40,4
Saint Petersburg,2032-05-06T12:40,2032-05-06T13:50,4
Moscow,2032-05-06T13:10,2032-05-06T13:35,4
Moscow,2032-05-06T13:35,2032-05-06T13:50,4
Moscow,2032-05-06T13:50,2032-05-06T14:20,4
Saint Petersburg,2032-05-06T13:50,2032-05-06T14:20,4
Moscow,2032-05-06T14:20,2032-05-06T15:40,4
Saint Petersburg,2032-05-06T14:20,2032-05-06T14:50,4
Saint Petersburg,2032-05-06T14:50,2032-05-06T15:10,4
Saint Petersburg,2032-05-06T15:10,2032-05-06T15:20,3
Saint Petersburg,2032-05-06T15:20,2032-05-06T16:20,4
Moscow,2032-05-06T15:40,2032-05-06T16:05,4
Moscow,2032-05-06T16:05,2032-05-06T16:20,4
Moscow,2032-05-06T16:20,2032-05-06T16:50,4
Saint Petersburg,2032-05-06T16:20,2032-05-06T16:50,4
Moscow,2032-05-06T16:50,2032-05-06T18:10,4
Saint Petersburg,2032-05-06T16:50,2032-05-06T17:20,4
Saint Petersburg,2032-05-06T17:20,2032-05-06T17:50,4
Saint Petersburg,2032-05-06T17:50,2032-05-06T18:50,4
Moscow,2032-05-06T18:10,2032-05-06T18:35,4
Moscow,2032-05-06T18:35,2032-05-06T18:50,4
Moscow,2032-05-06T18:50,2032-05-06T19:20,4
Saint Petersburg,2032-05-06T18:50,2032-05-06T19:20,4
Moscow,2032-05-06T19:20,2032-05-06T20:40,4
Saint Petersburg,2032-05-06T19:20,2032-05-06T19:50,4
Saint Petersburg,2032-05-06T19:50,2032-05-06T20:20,3
Saint Petersburg,2032-05-06T20:20,2032-05-06T21:20,2
Moscow,2032-05-06T20:40,2032-05-06T21:05,3
Moscow,2032-05-06T21:05,2032-05-06T21:20,2
Moscow,2032-05-06T21:20,2032-05-06T21:50,1
Saint Petersburg,2032-05-06T21:20,2032-05-06T21:50,1
Moscow,2032-05-08T11:20,2032-05-08T11:50,1
Moscow,2032-05-08T11:50,2032-05-08T12:10,2
Moscow,2032-05-08T12:10,2032-05-08T12:35,3
Saint Petersburg,2032-05-08T12:10,2032-05-08T12:35,1
Moscow,2032-05-08T12:35,2032-05-08T13:50,4
Saint Petersburg,2032-05-08T12:35,2032-05-08T12:50,2
Saint Petersburg,2032-05-08T12:50,2032-05-08T13:20,3
Saint Petersburg,2032-05-08T13:20,2032-05-08T14:40,4
Moscow,2032-05-08T13:50,2032-05-08T14:20,4
Moscow,2032-05-08T14:20,2032-05-08T14:40,4
Moscow,2032-05-08T14:40,2032-05-08T15:05,4
Saint Petersburg,2032-05-08T14:40,2032-05-08T15:05,4
Moscow,2032-05-08T15:05,2032-05-08T16:20,4
Saint Petersburg,2032-05-08T15:05,2032-05-08T15:20,4
Saint Petersburg,2032-05-08T15:20,2032-05-08T15:50,4
Saint Petersburg,2032-05-08T15:50,2032-05-08T17:10,4
Moscow,2032-05-08T16:20,2032-05-08T16:50,4
Moscow,2032-05-08T16:50,2032-05-08T17:10,4
Moscow,2032-05-08T17:10,2032-05-08T17:35,4
Saint Petersburg,2032-05-08T17:10,2032-05-08T17:35,4
Moscow,2032-05-08T17:35,2032-05-08T18:50,4
Saint Petersburg,2032-05-08T17:35,2032-05-08T17:50,4
Saint Petersburg,2032-05-08T17:50,2032-05-08T18:10,3
Saint Petersburg,2032-05-08T18:10,2032-05-08T18:20,4
Saint Petersburg,2032-05-08T18:20,2032-05-08T19:40,4
Moscow,2032-05-08T18:50,2032-05-08T19:20,4
Moscow,2032-05-08T19:20,2032-05-08T19:40,4
Moscow,2032-05-08T19:40,2032-05-08T20:05,4
Saint Petersburg,2032-05-08T19:40,2032-05-08T20:05,4
Moscow,2032-05-08T20:05,2032-05-08T21:20,4
Saint Petersburg,2032-05-08T20:05,2032-05-08T20:40,4
Saint Petersburg,2032-05-08T20:40,2032-05-08T20:50,4
Saint Petersburg,2032-05-08T20:50,2032-05-08T22:10,4
Moscow,2032-05-08T21:20,2032-05-08T21:50,4
Moscow,2032-05-08T21:50,2032-05-08T22:10,4
Moscow,2032-05-08T22:10,2032-05-08T22:35,4
Saint Petersburg,2032-05-08T22:10,2032-05-08T22:35,4
Moscow,2032-05-08T22:35,2032-05-08T23:50,4
Saint Petersburg,2032-05-08T22:35,2032-05-08T23:10,4
Saint Petersburg,2032-05-08T23:10,2032-05-08T23:20,4
Saint Petersburg,2032-05-08T23:20,2032-05-09T00:40,3
Moscow,2032-05-08T23:50,2032-05-09T00:20,3
Moscow,2032-05-09T00:20,2032-05-09T00:40,2
Moscow,2032-05-09T00:40,2032-05-09T01:05,1
Saint Petersburg,2032-05-09T00:40,2032-05-09T01:05,2
Saint Petersburg,2032-05-09T01:05,2032-05-09T01:40,1
Moscow,2032-05-10T14:50,2032-05-10T15:20,1
Moscow,2032-05-10T15:20,2032-05-10T16:10,2
Saint Petersburg,2032-05-10T15:50,2032-05-10T16:10,1
Moscow,2032-05-10T16:10,2032-05-10T16:50,3
Saint Petersburg,2032-05-10T16:10,2032-05-10T16:50,2
Moscow,2032-05-10T16:50,2032-05-10T17:20,4
Saint Petersburg,2032-05-10T16:50,2032-05-10T18:10,3
Moscow,2032-05-10T17:20,2032-05-10T17:50,4
Moscow,2032-05-10T17:50,2032-05-10T18:10,3
Moscow,2032-05-10T18:10,2032-05-10T18:40,4
Saint Petersburg,2032-05-10T18:10,2032-05-10T18:20,4
Saint Petersburg,2032-05-10T18:20,2032-05-10T18:40,3
Moscow,2032-05-10T18:40,2032-05-10T18:50,3
Saint Petersburg,2032-05-10T18:40,2032-05-10T18:50,2
Moscow,2032-05-10T18:50,2032-05-10T19:20,4
Saint Petersburg,2032-05-10T18:50,2032-05-10T19:20,3
Moscow,2032-05-10T19:20,2032-05-10T19:50,4
Saint Petersburg,2032-05-10T19:20,2032-05-10T19:50,3
Moscow,2032-05-10T19:50,2032-05-10T20:40,4
Saint Petersburg,2032-05-10T19:50,2032-05-10T20:40,4
Moscow,2032-05-10T20:40,2032-05-10T21:20,4
Saint Petersburg,2032-05-10T20:40,2032-05-10T21:20,4
Moscow,2032-05-10T21:20,2032-05-10T21:50,4
Saint Petersburg,2032-05-10T21:20,2032-05-10T21:50,4
Moscow,2032-05-10T21:50,2032-05-10T22:20,4
Saint Petersburg,2032-05-10T21:50,2032-05-10T22:20,4
Moscow,2032-05-10T22:20,2032-05-10T23:10,4
Saint Petersburg,2032-05-10T22:20,2032-05-10T23:10,4
Moscow,2032-05-10T23:10,2032-05-10T23:50,4
Saint Petersburg,2032-05-10T23:10,2032-05-10T23:50,4
Moscow,2032-05-10T23:50,2032-05-11T00:20,4
Saint Petersburg,2032-05-10T23:50,2032-05-11T00:20,4
Moscow,2032-05-11T00:20,2032-05-11T00:50,4
Saint Petersburg,2032-05-11T00:20,2032-05-11T00:50,4
Moscow,2032-05-11T00:50,2032-05-11T01:40,4
Saint Petersburg,2032-05-11T00:50,2032-05-11T01:40,4
Moscow,2032-05-11T01:40,2032-05-11T02:20,4
Saint Petersburg,2032-05-11T01:40,2032-05-11T02:20,4
Moscow,2032-05-11T02:20,2032-05-11T02:50,4
Saint Petersburg,2032-05-11T02:20,2032-05-11T02:50,4
Moscow,2032-05-11T02:50,2032-05-11T03:20,3
Saint Petersburg,2032-05-11T02:50,2032-05-11T03:20,4
Moscow,2032-05-11T03:20,2032-05-11T04:10,2
Saint Petersburg,2032-05-11T03:20,2032-05-11T04:10,3
Moscow,2032-05-11T04:10,2032-05-11T04:50,1
Saint Petersburg,2032-05-11T04:10,2032-05-11T04:50,2
Saint Petersburg,2032-05-11T04:50,2032-05-11T05:20,1
Moscow,2032-05-11T08:10,2032-05-11T10:40,1
Saint Petersburg,2032-05-11T08:10,2032-05-11T10:40,1
Moscow,2032-05-12T19:50,2032-05-12T20:10,1
Moscow,2032-05-12T20:10,2032-05-12T20:35,2
Moscow,2032-05-12T20:35,2032-05-12T20:50,3
Saint Petersburg,2032-05-12T20:35,2032-05-12T20:50,1
Moscow,2032-05-12T20:50,2032-05-12T22:20,4
Saint Petersburg,2032-05-12T20:50,2032-05-12T21:20,2
Saint Petersburg,2032-05-12T21:20,2032-05-12T21:50,3
Saint Petersburg,2032-05-12T21:50,2032-05-12T23:05,4
Moscow,2032-05-12T22:20,2032-05-12T22:40,4
Moscow,2032-05-12T22:40,2032-05-12T23:05,4
Moscow,2032-05-12T23:05,2032-05-12T23:20,4
Saint Petersburg,2032-05-12T23:05,2032-05-12T23:20,4
Moscow,2032-05-12T23:20,2032-05-13T00:50,4
Saint Petersburg,2032-05-12T23:20,2032-05-12T23:50,4
Saint Petersburg,2032-05-12T23:50,2032-05-13T00:20,4
Saint Petersburg,2032-05-13T00:20,2032-05-13T01:35,4
Moscow,2032-05-13T00:50,2032-05-13T01:10,4
Moscow,2032-05-13T01:10,2032-05-13T01:35,4
Moscow,2032-05-13T01:35,2032-05-13T01:50,4
Saint Petersburg,2032-05-13T01:35,2032-05-13T01:50,4
Moscow,2032-05-13T01:50,2032-05-13T03:20,3
Saint Petersburg,2032-05-13T01:50,2032-05-13T02:20,4
Saint Petersburg,2032-05-13T02:20,2032-05-13T02:50,3
Saint Petersburg,2032-05-13T02:50,2032-05-13T04:05,2
Moscow,2032-05-13T03:20,2032-05-13T03:40,2
Moscow,2032-05-13T03:40,2032-05-13T04:05,1
Saint Petersburg,2032-05-13T04:05,2032-05-13T04:20,1
Moscow,2032-05-13T08:10,2032-05-13T08:35,1
Saint Petersburg,2032-05-13T08:10,2032-05-13T08:50,1
Moscow,2032-05-13T08:35,2032-05-13T08:50,2
Moscow,2032-05-13T08:50,2032-05-13T09:20,3
Saint Petersburg,2032-05-13T08:50,2032-05-13T09:50,2
Moscow,2032-05-13T09:20,2032-05-13T10:40,4
Saint Petersburg,2032-05-13T09:50,2032-05-13T10:10,3
Saint Petersburg,2032-05-13T10:10,2032-05-13T10:40,4
Moscow,2032-05-13T10:40,2032-05-13T11:05,4
Saint Petersburg,2032-05-13T10:40,2032-05-13T10:50,3
Saint Petersburg,2032-05-13T10:50,2032-05-13T11:20,4
Moscow,2032-05-13T11:05,2032-05-13T11:20,4
Moscow,2032-05-13T11:20,2032-05-13T11:50,4
Saint Petersburg,2032-05-13T11:20,2032-05-13T12:20,4
Moscow,2032-05-13T11:50,2032-05-13T13:10,4
Saint Petersburg,2032-05-13T12:20,2032-05-13T12:40,4
Saint Petersburg,2032-05-13T12:40,2032-05-13T13:20,3
Moscow,2032-05-13T13:10,2032-05-13T13:35,4
Saint Petersburg,2032-05-13T13:20,2032-05-13T13:50,3
Moscow,2032-05-13T13:35,2032-05-13T13:50,3
Moscow,2032-05-13T13:50,2032-05-13T14:20,2
Saint Petersburg,2032-05-13T13:50,2032-05-13T14:50,2
Moscow,2032-05-13T14:20,2032-05-13T15:40,1
Saint Petersburg,2032-05-13T14:50,2032-05-13T15:50,1
Moscow,2032-05-14T23:20,2032-05-14T23:50,1
Moscow,2032-05-14T23:50,2032-05-15T00:10,2
Saint Petersburg,2032-05-14T23:50,2032-05-15T00:10,1
Moscow,2032-05-15T00:10,2032-05-15T01:50,3
Saint Petersburg,2032-05-15T00:10,2032-05-15T02:20,2
Moscow,2032-05-15T01:50,2032-05-15T02:20,2
Moscow,2032-05-15T02:20,2032-05-15T02:40,1
Saint Petersburg,2032-05-15T02:20,2032-05-15T02:40,1
Moscow,2032-05-15T08:10,2032-05-15T08:35,1
Saint Petersburg,2032-05-15T08:10,2032-05-15T08:35,1
Moscow,2032-05-15T08:35,2032-05-15T08:50,2
Saint Petersburg,2032-05-15T08:35,2032-05-15T08:50,2
Moscow,2032-05-15T08:50,2032-05-15T09:20,3
Saint Petersburg,2032-05-15T08:50,2032-05-15T09:20,3
Moscow,2032-05-15T09:20,2032-05-15T10:40,4
Saint Petersburg,2032-05-15T09:20,2032-05-15T10:40,4
Moscow,2032-05-15T10:40,2032-05-15T11:05,4
Saint Petersburg,2032-05-15T10:40,2032-05-15T11:05,4
Moscow,2032-05-15T11:05,2032-05-15T11:20,4
Saint Petersburg,2032-05-15T11:05,2032-05-15T11:20,4
Moscow,2032-05-15T11:20,2032-05-15T11:50,4
Saint Petersburg,2032-05-15T11:20,2032-05-15T11:50,4
Moscow,2032-05-15T11:50,2032-05-15T13:10,4
Saint Petersburg,2032-05-15T11:50,2032-05-15T13:10,4
Moscow,2032-05-15T13:10,2032-05-15T13:35,4
Saint Petersburg,2032-05-15T13:10,2032-05-15T13:35,4
Moscow,2032-05-15T13:35,2032-05-15T13:50,4
Saint Petersburg,2032-05-15T13:35,2032-05-15T13:50,4
Moscow,2032-05-15T13:50,2032-05-15T14:20,4
Saint Petersburg,2032-05-15T13:50,2032-05-15T14:20,3
Moscow,2032-05-15T14:20,2032-05-15T15:40,4
Saint Petersburg,2032-05-15T14:20,2032-05-15T15:20,2
Saint Petersburg,2032-05-15T15:20,2032-05-15T15:40,4
Moscow,2032-05-15T15:40,2032-05-15T16:05,4
Saint Petersburg,2032-05-15T15:40,2032-05-15T16:05,4
Moscow,2032-05-15T16:05,2032-05-15T16:20,4
Saint Petersburg,2032-05-15T16:05,2032-05-15T16:35,3
Moscow,2032-05-15T16:20,2032-05-15T16:50,4
Saint Petersburg,2032-05-15T16:35,2032-05-15T17:50,4
Moscow,2032-05-15T16:50,2032-05-15T18:10,4
Saint Petersburg,2032-05-15T17:50,2032-05-15T18:10,4
Moscow,2032-05-15T18:10,2032-05-15T18:35,4
Saint Petersburg,2032-05-15T18:10,2032-05-15T19:05,4
Moscow,2032-05-15T18:35,2032-05-15T18:50,3
Moscow,2032-05-15T18:50,2032-05-15T19:20,2
Saint Petersburg,2032-05-15T19:05,2032-05-15T20:20,3
Moscow,2032-05-15T19:20,2032-05-15T20:40,1
Saint Petersburg,2032-05-15T20:20,2032-05-15T20:40,1
Moscow,2032-05-17T09:50,2032-05-17T10:10,1
Moscow,2032-05-17T10:10,2032-05-17T10:50,2
Moscow,2032-05-17T10:50,2032-05-17T11:20,3
Saint Petersburg,2032-05-17T10:50,2032-05-17T11:20,1
Moscow,2032-05-17T11:20,2032-05-17T12:20,4
Saint Petersburg,2032-05-17T11:20,2032-05-17T11:50,2
Saint Petersburg,2032-05-17T11:50,2032-05-17T12:10,3
Saint Petersburg,2032-05-17T12:10,2032-05-17T13:20,4
Moscow,2032-05-17T12:20,2032-05-17T12:40,4
Moscow,2032-05-17T12:40,2032-05-17T13:20,4
Moscow,2032-05-17T13:20,2032-05-17T13:50,4
Saint Petersburg,2032-05-17T13:20,2032-05-17T13:50,4
Moscow,2032-05-17T13:50,2032-05-17T14:50,4
Saint Petersburg,2032-05-17T13:50,2032-05-17T14:20,4
Saint Petersburg,2032-05-17T14:20,2032-05-17T14:40,4
Saint Petersburg,2032-05-17T14:40,2032-05-17T15:50,4
Moscow,2032-05-17T14:50,2032-05-17T15:10,4
Moscow,2032-05-17T15:10,2032-05-17T15:50,4
Moscow,2032-05-17T15:50,2032-05-17T16:20,4
Saint Petersburg,2032-05-17T15:50,2032-05-17T16:20,4
Moscow,2032-05-17T16:20,2032-05-17T17:20,4
Saint Petersburg,2032-05-17T16:20,2032-05-17T16:50,4
Saint Petersburg,2032-05-17T16:50,2032-05-17T17:10,4
Saint Petersburg,2032-05-17T17:10,2032-05-17T18:20,4
Moscow,2032-05-17T17:20,2032-05-17T17:40,4
Moscow,2032-05-17T17:40,2032-05-17T18:20,4
Moscow,2032-05-17T18:20,2032-05-17T18:50,4
Saint Petersburg,2032-05-17T18:20,2032-05-17T18:50,4
Moscow,2032-05-17T18:50,2032-05-17T19:50,4
Saint Petersburg,2032-05-17T18:50,2032-05-17T19:20,4
Saint Petersburg,2032-05-17T19:20,2032-05-17T19:40,4
Saint Petersburg,2032-05-17T19:40,2032-05-17T20:50,4
Moscow,2032-05-17T19:50,2032-05-17T20:10,4
Moscow,2032-05-17T20:10,2032-05-17T20:50,4
Moscow,2032-05-17T20:50,2032-05-17T21:20,4
Saint Petersburg,2032-05-17T20:50,2032-05-17T21:20,4
Moscow,2032-05-17T21:20,2032-05-17T22:20,4
Saint Petersburg,2032-05-17T21:20,2032-05-17T21:50,4
Saint Petersburg,2032-05-17T21:50,2032-05-17T22:10,4
Saint Petersburg,2032-05-17T22:10,2032-05-17T23:20,3
Moscow,2032-05-17T22:20,2032-05-17T22:40,3
Moscow,2032-05-17T22:40,2032-05-17T23:20,2
Moscow,2032-05-17T23:20,2032-05-17T23:50,1
Saint Petersburg,2032-05-17T23:20,2032-05-17T23:50,2
Saint Petersburg,2032-05-17T23:50,2032-05-18T00:20,1
Moscow,2032-05-19T13:20,2032-05-19T13:50,1
Moscow,2032-05-19T13:50,2032-05-19T14:10,2
Moscow,2032-05-19T14:10,2032-05-19T14:50,3
Moscow,2032-05-19T14:50,2032-05-19T15:50,4
Saint Petersburg,2032-05-19T14:50,2032-05-19T15:20,1
Saint Petersburg,2032-05-19T15:20,2032-05-19T15:50,2
Moscow,2032-05-19T15:50,2032-05-19T16:20,4
Saint Petersburg,2032-05-19T15:50,2032-05-19T16:10,3
Saint Petersburg,2032-05-19T16:10,2032-05-19T17:20,4
Moscow,2032-05-19T16:20,2032-05-19T16:40,4
Moscow,2032-05-19T16:40,2032-05-19T16:50,3
Moscow,2032-05-19T16:50,2032-05-19T17:20,4
Moscow,2032-05-19T17:20,2032-05-19T18:20,4
Saint Petersburg,2032-05-19T17:20,2032-05-19T17:50,4
Saint Petersburg,2032-05-19T17:50,2032-05-19T18:20,4
Moscow,2032-05-19T18:20,2032-05-19T18:50,4
Saint Petersburg,2032-05-19T18:20,2032-05-19T18:40,4
Saint Petersburg,2032-05-19T18:40,2032-05-19T19:20,3
Moscow,2032-05-19T18:50,2032-05-19T19:20,4
Moscow,2032-05-19T19:20,2032-05-19T19:50,4
Saint Petersburg,2032-05-19T19:20,2032-05-19T19:50,4
Moscow,2032-05-19T19:50,2032-05-19T20:50,4
Saint Petersburg,2032-05-19T19:50,2032-05-19T20:20,4
Saint Petersburg,2032-05-19T20:20,2032-05-19T20:50,4
Moscow,2032-05-19T20:50,2032-05-19T21:20,4
Saint Petersburg,2032-05-19T20:50,2032-05-19T21:50,4
Moscow,2032-05-19T21:20,2032-05-19T21:50,4
Moscow,2032-05-19T21:50,2032-05-19T22:20,4
Saint Petersburg,2032-05-19T21:50,2032-05-19T22:20,4
Moscow,2032-05-19T22:20,2032-05-19T23:20,4
Saint Petersburg,2032-05-19T22:20,2032-05-19T22:50,4
Saint Petersburg,2032-05-19T22:50,2032-05-19T23:20,4
Moscow,2032-05-19T23:20,2032-05-19T23:50,4
Saint Petersburg,2032-05-19T23:20,2032-05-20T00:20,4
Moscow,2032-05-19T23:50,2032-05-20T00:20,4
Moscow,2032-05-20T00:20,2032-05-20T00:50,4
Saint Petersburg,2032-05-20T00:20,2032-05-20T00:50,4
Moscow,2032-05-20T00:50,2032-05-20T01:50,4
Saint Petersburg,2032-05-20T00:50,2032-05-20T01:20,4
Saint Petersburg,2032-05-20T01:20,2032-05-20T01:50,4
Moscow,2032-05-20T01:50,2032-05-20T02:20,3
Saint Petersburg,2032-05-20T01:50,2032-05-20T02:50,3
Moscow,2032-05-20T02:20,2032-05-20T02:50,2
Moscow,2032-05-20T02:50,2032-05-20T03:20,1
Saint Petersburg,2032-05-20T02:50,2032-05-20T03:20,2
Saint Petersburg,2032-05-20T03:20,2032-05-20T03:50,1
Moscow,2032-05-21T18:10,2032-05-21T18:50,1
Moscow,2032-05-21T18:50,2032-05-21T19:20,2
Saint Petersburg,2032-05-21T18:50,2032-05-21T19:50,1
Moscow,2032-05-21T19:20,2032-05-21T19:50,3
Moscow,2032-05-21T19:50,2032-05-21T20:40,4
Saint Petersburg,2032-05-21T19:50,2032-05-21T20:10,2
Saint Petersburg,2032-05-21T20:10,2032-05-21T20:35,3
Saint Petersburg,2032-05-21T20:35,2032-05-21T21:20,4
Moscow,2032-05-21T20:40,2032-05-21T21:20,4
Moscow,2032-05-21T21:20,2032-05-21T21:50,4
Saint Petersburg,2032-05-21T21:20,2032-05-21T22:20,4
Moscow,2032-05-21T21:50,2032-05-21T22:20,4
Moscow,2032-05-21T22:20,2032-05-21T23:10,4
Saint Petersburg,2032-05-21T22:20,2032-05-21T22:40,4
Saint Petersburg,2032-05-21T22:40,2032-05-21T23:05,4
Saint Petersburg,2032-05-21T23:05,2032-05-21T23:50,4
Moscow,2032-05-21T23:10,2032-05-21T23:50,4
Moscow,2032-05-21T23:50,2032-05-22T00:20,4
Saint Petersburg,2032-05-21T23:50,2032-05-22T00:50,4
Moscow,2032-05-22T00:20,2032-05-22T00:50,4
Moscow,2032-05-22T00:50,2032-05-22T01:40,4
Saint Petersburg,2032-05-22T00:50,2032-05-22T01:10,4
Saint Petersburg,2032-05-22T01:10,2032-05-22T01:35,4
Saint Petersburg,2032-05-22T01:35,2032-05-22T02:20,4
Moscow,2032-05-22T01:40,2032-05-22T02:20,4
Moscow,2032-05-22T02:20,2032-05-22T02:50,4
Saint Petersburg,2032-05-22T02:20,2032-05-22T03:20,4
Moscow,2032-05-22T02:50,2032-05-22T03:20,3
Moscow,2032-05-22T03:20,2032-05-22T04:10,2
Saint Petersburg,2032-05-22T03:20,2032-05-22T03:40,3
Saint Petersburg,2032-05-22T03:40,2032-05-22T04:05,2
Saint Petersburg,2032-05-22T04:05,2032-05-22T04:50,1
Moscow,2032-05-22T04:10,2032-05-22T04:50,1
Moscow,2032-05-22T08:10,2032-05-22T08:35,1
Saint Petersburg,2032-05-22T08:10,2032-05-22T08:50,1
Moscow,2032-05-22T08:35,2032-05-22T08:50,2
Moscow,2032-05-22T08:50,2032-05-22T09:20,3
Saint Petersburg,2032-05-22T08:50,2032-05-22T09:20,2
Moscow,2032-05-22T09:20,2032-05-22T10:40,4
Saint Petersburg,2032-05-22T09:20,2032-05-22T09:50,3
Saint Petersburg,2032-05-22T09:50,2032-05-22T10:40,4
Moscow,2032-05-22T10:40,2032-05-22T11:05,4
Saint Petersburg,2032-05-22T10:40,2032-05-22T11:20,3
Moscow,2032-05-22T11:05,2032-05-22T11:20,4
Moscow,2032-05-22T11:20,2032-05-22T11:50,3
Saint Petersburg,2032-05-22T11:20,2032-05-22T11:50,2
Moscow,2032-05-22T11:50,2032-05-22T13:10,2
Saint Petersburg,2032-05-22T11:50,2032-05-22T12:10,1
Saint Petersburg,2032-05-22T12:10,2032-05-22T12:20,2
Saint Petersburg,2032-05-22T12:20,2032-05-22T14:40,1
Moscow,2032-05-22T13:10,2032-05-22T13:35,1
Moscow,2032-05-23T21:50,2032-05-23T22:10,1
Moscow,2032-05-23T22:10,2032-05-23T22:50,2
Saint Petersburg,2032-05-23T22:35,2032-05-23T22:50,1
Moscow,2032-05-23T22:50,2032-05-23T23:20,3
Saint Petersburg,2032-05-23T22:50,2032-05-23T23:20,2
Moscow,2032-05-23T23:20,2032-05-24T00:20,4
Saint Petersburg,2032-05-23T23:20,2032-05-23T23:50,3
Saint Petersburg,2032-05-23T23:50,2032-05-24T01:05,4
Moscow,2032-05-24T00:20,2032-05-24T00:40,4
Moscow,2032-05-24T00:40,2032-05-24T01:20,4
Saint Petersburg,2032-05-24T01:05,2032-05-24T01:20,4
Moscow,2032-05-24T01:20,2032-05-24T01:50,3
Saint Petersburg,2032-05-24T01:20,2032-05-24T01:50,3
Moscow,2032-05-24T01:50,2032-05-24T02:50,2
Saint Petersburg,2032-05-24T01:50,2032-05-24T02:20,2
Saint Petersburg,2032-05-24T02:20,2032-05-24T03:35,1
Moscow,2032-05-24T02:50,2032-05-24T03:10,1
Moscow,2032-05-24T08:10,2032-05-24T08:35,1
Saint Petersburg,2032-05-24T08:10,2032-05-24T08:35,1
Moscow,2032-05-24T08:35,2032-05-24T08:50,2
Saint Petersburg,2032-05-24T08:35,2032-05-24T08:50,2
Moscow,2032-05-24T08:50,2032-05-24T09:20,3
Saint Petersburg,2032-05-24T08:50,2032-05-24T09:20,3
Moscow,2032-05-24T09:20,2032-05-24T10:40,4
Saint Petersburg,2032-05-24T09:20,2032-05-24T10:40,4
Moscow,2032-05-24T10:40,2032-05-24T11:05,4
Saint Petersburg,2032-05-24T10:40,2032-05-24T11:05,4
Moscow,2032-05-24T11:05,2032-05-24T11:20,4
Saint Petersburg,2032-05-24T11:05,2032-05-24T11:20,4
Moscow,2032-05-24T11:20,2032-05-24T11:50,4
Saint Petersburg,2032-05-24T11:20,2032-05-24T11:50,4
Moscow,2032-05-24T11:50,2032-05-24T13:10,4
Saint Petersburg,2032-05-24T11:50,2032-05-24T13:10,4
Moscow,2032-05-24T13:10,2032-05-24T13:35,4
Saint Petersburg,2032-05-24T13:10,2032-05-24T13:35,4
Moscow,2032-05-24T13:35,2032-05-24T13:50,4
Saint Petersburg,2032-05-24T13:35,2032-05-24T13:50,4
Moscow,2032-05-24T13:50,2032-05-24T14:20,4
Saint Petersburg,2032-05-24T13:50,2032-05-24T14:20,4
Moscow,2032-05-24T14:20,2032-05-24T15:40,4
Saint Petersburg,2032-05-24T14:20,2032-05-24T15:40,4
Moscow,2032-05-24T15:40,2032-05-24T16:05,4
Saint Petersburg,2032-05-24T15:40,2032-05-24T16:05,4
Moscow,2032-05-24T16:05,2032-05-24T16:20,4
Saint Petersburg,2032-05-24T16:05,2032-05-24T16:20,4
Moscow,2032-05-24T16:20,2032-05-24T16:50,3
Saint Petersburg,2032-05-24T16:20,2032-05-24T16:50,3
Moscow,2032-05-24T16:50,2032-05-24T18:10,2
Saint Petersburg,2032-05-24T16:50,2032-05-24T18:10,2
Moscow,2032-05-24T18:10,2032-05-24T18:35,1
Saint Petersburg,2032-05-24T18:10,2032-05-24T18:35,1
Moscow,2032-05-26T08:50,2032-05-26T09:20,1
Moscow,2032-05-26T09:20,2032-05-26T09:35,2
Saint Petersburg,2032-05-26T09:20,2032-05-26T09:50,1
Moscow,2032-05-26T09:35,2032-05-26T09:50,3
Moscow,2032-05-26T09:50,2032-05-26T11:20,4
Saint Petersburg,2032-05-26T09:50,2032-05-26T10:10,2
Saint Petersburg,2032-05-26T10:10,2032-05-26T10:50,3
Saint Petersburg,2032-05-26T10:50,2032-05-26T11:50,4
Moscow,2032-05-26T11:20,2032-05-26T11:50,4
Moscow,2032-05-26T11:50,2032-05-26T12:05,4
Saint Petersburg,2032-05-26T11:50,2032-05-26T12:20,4
Moscow,2032-05-26T12:05,2032-05-26T12:20,4
Moscow,2032-05-26T12:20,2032-05-26T13:50,4
Saint Petersburg,2032-05-26T12:20,2032-05-26T12:40,4
Saint Petersburg,2032-05-26T12:40,2032-05-26T13:20,4
Saint Petersburg,2032-05-26T13:20,2032-05-26T14:20,4
Moscow,2032-05-26T13:50,2032-05-26T14:20,4
Moscow,2032-05-26T14:20,2032-05-26T14:35,4
Saint Petersburg,2032-05-26T14:20,2032-05-26T14:50,4
Moscow,2032-05-26T14:35,2032-05-26T14:50,4
Moscow,2032-05-26T14:50,2032-05-26T16:20,4
Saint Petersburg,2032-05-26T14:50,2032-05-26T15:10,4
Saint Petersburg,2032-05-26T15:10,2032-05-26T15:50,3
Saint Petersburg,2032-05-26T15:50,2032-05-26T16:10,2
Saint Petersburg,2032-05-26T16:10,2032-05-26T16:50,4
Moscow,2032-05-26T16:20,2032-05-26T16:50,4
Moscow,2032-05-26T16:50,2032-05-26T17:05,4
Saint Petersburg,2032-05-26T16:50,2032-05-26T17:20,4
Moscow,2032-05-26T17:05,2032-05-26T17:20,4
Moscow,2032-05-26T17:20,2032-05-26T18:50,4
Saint Petersburg,2032-05-26T17:20,2032-05-26T18:40,4
Saint Petersburg,2032-05-26T18:40,2032-05-26T19:20,4
Moscow,2032-05-26T18:50,2032-05-26T19:20,4
Moscow,2032-05-26T19:20,2032-05-26T19:35,4
Saint Petersburg,2032-05-26T19:20,2032-05-26T19:50,4
Moscow,2032-05-26T19:35,2032-05-26T19:50,4
Moscow,2032-05-26T19:50,2032-05-26T21:20,4
Saint Petersburg,2032-05-26T19:50,2032-05-26T21:10,4
Saint Petersburg,2032-05-26T21:10,2032-05-26T21:50,3
Moscow,2032-05-26T21:20,2032-05-26T21:50,3
Moscow,2032-05-26T21:50,2032-05-26T22:05,2
Saint Petersburg,2032-05-26T21:50,2032-05-26T22:20,2
Moscow,2032-05-26T22:05,2032-05-26T22:20,1
Saint Petersburg,2032-05-26T22:20,2032-05-26T23:40,1
Moscow,2032-05-28T12:10,2032-05-28T12:35,1
Moscow,2032-05-28T12:35,2032-05-28T12:50,2
Moscow,2032-05-28T12:50,2032-05-28T13:20,3
Saint Petersburg,2032-05-28T12:50,2032-05-28T13:20,1
Moscow,2032-05-28T13:20,2032-05-28T14:40,4
Saint Petersburg,2032-05-28T13:20,2032-05-28T13:50,2
Saint Petersburg,2032-05-28T13:50,2032-05-28T14:10,3
Saint Petersburg,2032-05-28T14:10,2032-05-28T15:20,4
Moscow,2032-05-28T14:40,2032-05-28T15:05,4
Moscow,2032-05-28T15:05,2032-05-28T15:20,4
Moscow,2032-05-28T15:20,2032-05-28T15:50,4
Saint Petersburg,2032-05-28T15:20,2032-05-28T15:50,4
Moscow,2032-05-28T15:50,2032-05-28T17:10,4
Saint Petersburg,2032-05-28T15:50,2032-05-28T16:20,4
Saint Petersburg,2032-05-28T16:20,2032-05-28T16:40,4
Saint Petersburg,2032-05-28T16:40,2032-05-28T17:50,4
Moscow,2032-05-28T17:10,2032-05-28T17:35,4
Moscow,2032-05-28T17:35,2032-05-28T17:50,4
Moscow,2032-05-28T17:50,2032-05-28T18:20,4
Saint Petersburg,2032-05-28T17:50,2032-05-28T18:20,4
Moscow,2032-05-28T18:20,2032-05-28T19:40,4
Saint Petersburg,2032-05-28T18:20,2032-05-28T18:50,4
Saint Petersburg,2032-05-28T18:50,2032-05-28T19:10,4
Saint Petersburg,2032-05-28T19:10,2032-05-28T19:20,3
Saint Petersburg,2032-05-28T19:20,2032-05-28T20:20,4
Moscow,2032-05-28T19:40,2032-05-28T20:05,4
Moscow,2032-05-28T20:05,2032-05-28T20:20,4
Moscow,2032-05-28T20:20,2032-05-28T20:50,4
Saint Petersburg,2032-05-28T20:20,2032-05-28T20:50,4
Moscow,2032-05-28T20:50,2032-05-28T22:10,4
Saint Petersburg,2032-05-28T20:50,2032-05-28T21:20,4
Saint Petersburg,2032-05-28T21:20,2032-05-28T21:50,4
Saint Petersburg,2032-05-28T21:50,2032-05-28T22:50,4
Moscow,2032-05-28T22:10,2032-05-28T22:35,4
Moscow,2032-05-28T22:35,2032-05-28T22:50,4
Moscow,2032-05-28T22:50,2032-05-28T23:20,4
Saint Petersburg,2032-05-28T22:50,2032-05-28T23:20,4
Moscow,2032-05-28T23:20,2032-05-29T00:40,4
Saint Petersburg,2032-05-28T23:20,2032-05-28T23:50,4
Saint Petersburg,2032-05-28T23:50,2032-05-29T00:20,3
Saint Petersburg,2032-05-29T00:20,2032-05-29T01:20,2
Moscow,2032-05-29T00:40,2032-05-29T01:05,3
Moscow,2032-05-29T01:05,2032-05-29T01:20,2
Moscow,2032-05-29T01:20,2032-05-29T01:50,1
Saint Petersburg,2032-05-29T01:20,2032-05-29T01:50,1
Saint Petersburg,2032-05-29T02:10,2032-05-29T04:40,1
Moscow,2032-05-30T16:10,2032-05-30T16:50,1
Moscow,2032-05-30T16:50,2032-05-30T17:20,2
Saint Petersburg,2032-05-30T16:50,2032-05-30T17:20,1
Moscow,2032-05-30T17:20,2032-05-30T18:10,3
Saint Petersburg,2032-05-30T17:20,2032-05-30T18:10,2
Moscow,2032-05-30T18:10,2032-05-30T18:40,4
Saint Petersburg,2032-05-30T18:10,2032-05-30T19:20,3
Moscow,2032-05-30T18:40,2032-05-30T18:50,3
Moscow,2032-05-30T18:50,2032-05-30T19:20,4
Moscow,2032-05-30T19:20,2032-05-30T19:50,4
Saint Petersburg,2032-05-30T19:20,2032-05-30T19:50,2
Moscow,2032-05-30T19:50,2032-05-30T20:40,4
Saint Petersburg,2032-05-30T19:50,2032-05-30T20:10,1
Saint Petersburg,2032-05-30T20:10,2032-05-30T20:35,2
Saint Petersburg,2032-05-30T20:35,2032-05-30T20:40,3
Moscow,2032-05-30T20:40,2032-05-30T21:20,4
Saint Petersburg,2032-05-30T20:40,2032-05-30T21:20,2
Moscow,2032-05-30T21:20,2032-05-30T21:50,4
Saint Petersburg,2032-05-30T21:20,2032-05-30T21:50,3
Moscow,2032-05-30T21:50,2032-05-30T22:20,4
Saint Petersburg,2032-05-30T21:50,2032-05-30T22:40,4
Moscow,2032-05-30T22:20,2032-05-30T23:10,4
Saint Petersburg,2032-05-30T22:40,2032-05-30T23:05,4
Saint Petersburg,2032-05-30T23:05,2032-05-30T23:50,4
Moscow,2032-05-30T23:10,2032-05-30T23:50,4
Moscow,2032-05-30T23:50,2032-05-31T00:20,4
Saint Petersburg,2032-05-30T23:50,2032-05-31T00:20,4
Moscow,2032-05-31T00:20,2032-05-31T00:50,4
Saint Petersburg,2032-05-31T00:20,2032-05-31T00:50,3
Moscow,2032-05-31T00:50,2032-05-31T01:40,4
Saint Petersburg,2032-05-31T00:50,2032-05-31T01:10,4
Saint Petersburg,2032-05-31T01:10,2032-05-31T01:35,4
Saint Petersburg,2032-05-31T01:35,2032-05-31T02:20,4
Moscow,2032-05-31T01:40,2032-05-31T02:20,4
Moscow,2032-05-31T02:20,2032-05-31T02:50,4
Saint Petersburg,2032-05-31T02:20,2032-05-31T03:20,4
Moscow,2032-05-31T02:50,2032-05-31T03:20,3
Moscow,2032-05-31T03:20,2032-05-31T04:10,2
Saint Petersburg,2032-05-31T03:20,2032-05-31T03:40,3
Saint Petersburg,2032-05-31T03:40,2032-05-31T04:05,2
Saint Petersburg,2032-05-31T04:05,2032-05-31T04:50,1
Moscow,2032-05-31T04:10,2032-05-31T04:50,1
Saint Petersburg,2032-05-31T04:50,2032-05-31T05:50,1
Saint Petersburg,2032-05-31T05:50,2032-05-31T07:20,2
Saint Petersburg,2032-05-31T07:20,2032-05-31T08:10,1
Moscow,2032-05-31T08:10,2032-05-31T08:35,1
Saint Petersburg,2032-05-31T08:10,2032-05-31T08:20,2
Saint Petersburg,2032-05-31T08:20,2032-05-31T08:35,1
Moscow,2032-05-31T08:35,2032-05-31T08:50,2
Saint Petersburg,2032-05-31T08:35,2032-05-31T08:50,2
Moscow,2032-05-31T08:50,2032-05-31T10:40,3
Saint Petersburg,2032-05-31T08:50,2032-05-31T10:40,3
Moscow,2032-05-31T10:40,2032-05-31T11:05,2
Saint Petersburg,2032-05-31T10:40,2032-05-31T11:05,2
Moscow,2032-05-31T11:05,2032-05-31T11:20,1
Saint Petersburg,2032-05-31T11:05,2032-05-31T11:20,1
Moscow,2032-06-01T20:35,2032-06-01T20:50,1
Moscow,2032-06-01T20:50,2032-06-01T21:20,2
Moscow,2032-06-01T21:20,2032-06-01T21:50,3
Saint Petersburg,2032-06-01T21:20,2032-06-01T21:50,1
Moscow,2032-06-01T21:50,2032-06-01T23:05,4
Saint Petersburg,2032-06-01T21:50,2032-06-01T22:10,2
Saint Petersburg,2032-06-01T22:10,2032-06-01T22:35,3
Saint Petersburg,2032-06-01T22:35,2032-06-01T23:50,4
Moscow,2032-06-01T23:05,2032-06-01T23:20,4
Moscow,2032-06-01T23:20,2032-06-01T23:50,4
Moscow,2032-06-01T23:50,2032-06-02T00:20,4
Saint Petersburg,2032-06-01T23:50,2032-06-02T00:20,4
Moscow,2032-06-02T00:20,2032-06-02T01:35,4
Saint Petersburg,2032-06-02T00:20,2032-06-02T00:40,4
Saint Petersburg,2032-06-02T00:40,2032-06-02T01:05,4
Saint Petersburg,2032-06-02T01:05,2032-06-02T02:20,4
Moscow,2032-06-02T01:35,2032-06-02T01:50,4
Moscow,2032-06-02T01:50,2032-06-02T02:20,3
Moscow,2032-06-02T02:20,2032-06-02T02:50,2
Saint Petersburg,2032-06-02T02:20,2032-06-02T02:50,3
Moscow,2032-06-02T02:50,2032-06-02T04:05,1
Saint Petersburg,2032-06-02T02:50,2032-06-02T03:10,2
Saint Petersburg,2032-06-02T03:10,2032-06-02T03:35,1
Moscow,2032-06-02T08:35,2032-06-02T08:50,1
Saint Petersburg,2032-06-02T08:35,2032-06-02T08:50,1
Moscow,2032-06-02T08:50,2032-06-02T09:20,2
Saint Petersburg,2032-06-02T08:50,2032-06-02T09:20,2
Moscow,2032-06-02T09:20,2032-06-02T09:35,3
Saint Petersburg,2032-06-02T09:20,2032-06-02T10:10,3
Moscow,2032-06-02T09:35,2032-06-02T11:05,4
Saint Petersburg,2032-06-02T10:10,2032-06-02T11:05,4
Moscow,2032-06-02T11:05,2032-06-02T11:20,4
Saint Petersburg,2032-06-02T11:05,2032-06-02T11:20,4
Moscow,2032-06-02T11:20,2032-06-02T11:50,4
Saint Petersburg,2032-06-02T11:20,2032-06-02T11:50,4
Moscow,2032-06-02T11:50,2032-06-02T12:05,4
Saint Petersburg,2032-06-02T11:50,2032-06-02T12:10,3
Moscow,2032-06-02T12:05,2032-06-02T13:35,4
Saint Petersburg,2032-06-02T12:10,2032-06-02T12:40,4
Saint Petersburg,2032-06-02T12:40,2032-06-02T13:35,4
Moscow,2032-06-02T13:35,2032-06-02T13:50,4
Saint Petersburg,2032-06-02T13:35,2032-06-02T13:50,4
Moscow,2032-06-02T13:50,2032-06-02T14:20,4
Saint Petersburg,2032-06-02T13:50,2032-06-02T14:40,4
Moscow,2032-06-02T14:20,2032-06-02T14:35,3
Moscow,2032-06-02T14:35,2032-06-02T16:05,2
Saint Petersburg,2032-06-02T14:40,2032-06-02T15:10,4
Saint Petersburg,2032-06-02T15:10,2032-06-02T16:05,3
Moscow,2032-06-02T16:05,2032-06-02T16:20,1
Saint Petersburg,2032-06-02T16:05,2032-06-02T16:20,2
Saint Petersburg,2032-06-02T16:20,2032-06-02T17:10,1
Moscow,2032-06-04T00:10,2032-06-04T02:40,1
Moscow,2032-06-04T08:10,2032-06-04T08:35,1
Saint Petersburg,2032-06-04T08:10,2032-06-04T08:35,1
Moscow,2032-06-04T08:35,2032-06-04T08:50,2
Saint Petersburg,2032-06-04T08:35,2032-06-04T08:50,2
Moscow,2032-06-04T08:50,2032-06-04T09:20,3
Saint Petersburg,2032-06-04T08:50,2032-06-04T09:20,3
Moscow,2032-06-04T09:20,2032-06-04T10:40,4
Saint Petersburg,2032-06-04T09:20,2032-06-04T10:40,4
Moscow,2032-06-04T10:40,2032-06-04T11:05,4
Saint Petersburg,2032-06-04T10:40,2032-06-04T11:05,4
Moscow,2032-06-04T11:05,2032-06-04T11:20,4
Saint Petersburg,2032-06-04T11:05,2032-06-04T11:20,4
Moscow,2032-06-04T11:20,2032-06-04T11:50,4
Saint Petersburg,2032-06-04T11:20,2032-06-04T11:50,4
Moscow,2032-06-04T11:50,2032-06-04T13:10,4
Saint Petersburg,2032-06-04T11:50,2032-06-04T13:10,4
Moscow,2032-06-04T13:10,2032-06-04T13:35,4
Saint Petersburg,2032-06-04T13:10,2032-06-04T13:35,4
Moscow,2032-06-04T13:35,2032-06-04T13:50,4
Saint Petersburg,2032-06-04T13:35,2032-06-04T13:50,4
Moscow,2032-06-04T13:50,2032-06-04T14:20,4
Saint Petersburg,2032-06-04T13:50,2032-06-04T14:20,4
Moscow,2032-06-04T14:20,2032-06-04T15:40,4
Saint Petersburg,2032-06-04T14:20,2032-06-04T15:40,4
Moscow,2032-06-04T15:40,2032-06-04T16:05,4
Saint Petersburg,2032-06-04T15:40,2032-06-04T16:05,4
Moscow,2032-06-04T16:05,2032-06-04T16:20,4
Saint Petersburg,2032-06-04T16:05,2032-06-04T16:20,4
Moscow,2032-06-04T16:20,2032-06-04T16:50,4
Saint Petersburg,2032-06-04T16:20,2032-06-04T16:50,4
Moscow,2032-06-04T16:50,2032-06-04T18:10,4
Saint Petersburg,2032-06-04T16:50,2032-06-04T18:10,4
Moscow,2032-06-04T18:10,2032-06-04T18:35,4
Saint Petersburg,2032-06-04T18:10,2032-06-04T18:35,4
Moscow,2032-06-04T18:35,2032-06-04T18:50,4
Saint Petersburg,2032-06-04T18:35,2032-06-04T18:50,4
Moscow,2032-06-04T18:50,2032-06-04T19:20,4
Saint Petersburg,2032-06-04T18:50,2032-06-04T19:20,3
Moscow,2032-06-04T19:20,2032-06-04T20:40,3
Saint Petersburg,2032-06-04T19:20,2032-06-04T20:40,3
Moscow,2032-06-04T20:40,2032-06-04T21:05,2
Saint Petersburg,2032-06-04T20:40,2032-06-04T21:05,2
Moscow,2032-06-04T21:05,2032-06-04T21:20,1
Saint Petersburg,2032-06-04T21:05,2032-06-04T21:50,1
Moscow,2032-06-06T10:50,2032-06-06T11:20,1
Moscow,2032-06-06T11:20,2032-06-06T11:50,2
Moscow,2032-06-06T11:50,2032-06-06T12:10,3
Saint Petersburg,2032-06-06T11:50,2032-06-06T12:10,1
Moscow,2032-06-06T12:10,2032-06-06T13:20,4
Saint Petersburg,2032-06-06T12:10,2032-06-06T12:35,2
Saint Petersburg,2032-06-06T12:35,2032-06-06T12:50,3
Saint Petersburg,2032-06-06T12:50,2032-06-06T14:20,4
Moscow,2032-06-06T13:20,2032-06-06T13:50,4
Moscow,2032-06-06T13:50,2032-06-06T14:20,4
Moscow,2032-06-06T14:20,2032-06-06T14:40,4
Saint Petersburg,2032-06-06T14:20,2032-06-06T14:40,4
Moscow,2032-06-06T14:40,2032-06-06T15:50,4
Saint Petersburg,2032-06-06T14:40,2032-06-06T15:05,4
Saint Petersburg,2032-06-06T15:05,2032-06-06T15:20,4
Saint Petersburg,2032-06-06T15:20,2032-06-06T16:50,4
Moscow,2032-06-06T15:50,2032-06-06T16:20,4
Moscow,2032-06-06T16:20,2032-06-06T16:50,4
Moscow,2032-06-06T16:50,2032-06-06T17:10,4
Saint Petersburg,2032-06-06T16:50,2032-06-06T17:10,4
Moscow,2032-06-06T17:10,2032-06-06T18:20,4
Saint Petersburg,2032-06-06T17:10,2032-06-06T17:35,4
Saint Petersburg,2032-06-06T17:35,2032-06-06T17:50,4
Saint Petersburg,2032-06-06T17:50,2032-06-06T19:20,4
Moscow,2032-06-06T18:20,2032-06-06T18:50,4
Moscow,2032-06-06T18:50,2032-06-06T19:20,4
Moscow,2032-06-06T19:20,2032-06-06T19:40,4
Saint Petersburg,2032-06-06T19:20,2032-06-06T19:40,4
Moscow,2032-06-06T19:40,2032-06-06T20:50,4
Saint Petersburg,2032-06-06T19:40,2032-06-06T20:05,4
Saint Petersburg,2032-06-06T20:05,2032-06-06T20:20,4
Saint Petersburg,2032-06-06T20:20,2032-06-06T21:50,4
Moscow,2032-06-06T20:50,2032-06-06T21:20,4
Moscow,2032-06-06T21:20,2032-06-06T21:50,4
Moscow,2032-06-06T21:50,2032-06-06T22:10,4
Saint Petersburg,2032-06-06T21:50,2032-06-06T22:10,4
Moscow,2032-06-06T22:10,2032-06-06T23:20,4
Saint Petersburg,2032-06-06T22:10,2032-06-06T22:35,4
Saint Petersburg,2032-06-06T22:35,2032-06-06T22:50,4
Saint Petersburg,2032-06-06T22:50,2032-06-07T00:20,3
Moscow,2032-06-06T23:20,2032-06-06T23:50,3
Moscow,2032-06-06T23:50,2032-06-07T00:20,2
Moscow,2032-06-07T00:20,2032-06-07T00:40,1
Saint Petersburg,2032-06-07T00:20,2032-06-07T00:40,2
Saint Petersburg,2032-06-07T00:40,2032-06-07T01:05,1
Moscow,2032-06-08T14:10,2032-06-08T14:50,1
Moscow,2032-06-08T14:50,2032-06-08T15:20,2
Moscow,2032-06-08T15:20,2032-06-08T16:10,3
Saint Petersburg,2032-06-08T15:50,2032-06-08T16:10,1
Moscow,2032-06-08T16:10,2032-06-08T16:40,4
Saint Petersburg,2032-06-08T16:10,2032-06-08T16:50,2
Moscow,2032-06-08T16:40,2032-06-08T16:50,3
Moscow,2032-06-08T16:50,2032-06-08T17:20,4
Saint Petersburg,2032-06-08T16:50,2032-06-08T17:20,3
Moscow,2032-06-08T17:20,2032-06-08T17:50,4
Saint Petersburg,2032-06-08T17:20,2032-06-08T18:20,4
Moscow,2032-06-08T17:50,2032-06-08T18:10,3
Moscow,2032-06-08T18:10,2032-06-08T18:40,4
Saint Petersburg,2032-06-08T18:20,2032-06-08T18:40,4
Moscow,2032-06-08T18:40,2032-06-08T18:50,3
Saint Petersburg,2032-06-08T18:40,2032-06-08T19:20,4
Moscow,2032-06-08T18:50,2032-06-08T19:20,4
Moscow,2032-06-08T19:20,2032-06-08T19:50,4
Saint Petersburg,2032-06-08T19:20,2032-06-08T19:50,3
Moscow,2032-06-08T19:50,2032-06-08T20:40,4
Saint Petersburg,2032-06-08T19:50,2032-06-08T20:35,3
Saint Petersburg,2032-06-08T20:35,2032-06-08T20:50,4
Moscow,2032-06-08T20:40,2032-06-08T21:20,4
Saint Petersburg,2032-06-08T20:50,2032-06-08T21:10,4
Saint Petersburg,2032-06-08T21:10,2032-06-08T22:20,4
Moscow,2032-06-08T21:20,2032-06-08T21:50,4
Moscow,2032-06-08T21:50,2032-06-08T22:20,4
Moscow,2032-06-08T22:20,2032-06-08T23:10,4
Saint Petersburg,2032-06-08T22:20,2032-06-08T23:05,4
Saint Petersburg,2032-06-08T23:05,2032-06-08T23:20,4
Moscow,2032-06-08T23:10,2032-06-08T23:50,4
Saint Petersburg,2032-06-08T23:20,2032-06-08T23:40,4
Saint Petersburg,2032-06-08T23:40,2032-06-09T00:10,3
Moscow,2032-06-08T23:50,2032-06-09T00:20,4
Saint Petersburg,2032-06-09T00:10,2032-06-09T00:50,4
Moscow,2032-06-09T00:20,2032-06-09T00:50,4
Moscow,2032-06-09T00:50,2032-06-09T01:40,4
Saint Petersburg,2032-06-09T00:50,2032-06-09T01:35,4
Saint Petersburg,2032-06-09T01:35,2032-06-09T01:50,4
Moscow,2032-06-09T01:40,2032-06-09T02:20,4
Saint Petersburg,2032-06-09T01:50,2032-06-09T02:40,4
Moscow,2032-06-09T02:20,2032-06-09T02:50,4
Saint Petersburg,2032-06-09T02:40,2032-06-09T03:20,4
Moscow,2032-06-09T02:50,2032-06-09T03:20,3
Moscow,2032-06-09T03:20,2032-06-09T04:10,2
Saint Petersburg,2032-06-09T03:20,2032-06-09T04:05,4
Saint Petersburg,2032-06-09T04:05,2032-06-09T04:20,3
Moscow,2032-06-09T04:10,2032-06-09T04:50,1
Saint Petersburg,2032-06-09T04:20,2032-06-09T05:10,2
Saint Petersburg,2032-06-09T05:10,2032-06-09T05:50,1
Moscow,2032-06-10T19:20,2032-06-10T19:50,1
Moscow,2032-06-10T19:50,2032-06-10T20:10,2
Moscow,2032-06-10T20:10,2032-06-10T20:35,3
Saint Petersburg,2032-06-10T20:10,2032-06-10T20:35,1
Moscow,2032-06-10T20:35,2032-06-10T21:50,4
Saint Petersburg,2032-06-10T20:35,2032-06-10T20:50,2
Saint Petersburg,2032-06-10T20:50,2032-06-10T21:20,3
Saint Petersburg,2032-06-10T21:20,2032-06-10T22:40,4
Moscow,2032-06-10T21:50,2032-06-10T22:20,4
Moscow,2032-06-10T22:20,2032-06-10T22:40,4
Moscow,2032-06-10T22:40,2032-06-10T23:05,4
Saint Petersburg,2032-06-10T22:40,2032-06-10T23:05,4
Moscow,2032-06-10T23:05,2032-06-11T00:20,4
Saint Petersburg,2032-06-10T23:05,2032-06-10T23:20,4
Saint Petersburg,2032-06-10T23:20,2032-06-10T23:50,4
Saint Petersburg,2032-06-10T23:50,2032-06-11T01:10,4
Moscow,2032-06-11T00:20,2032-06-11T00:50,4
Moscow,2032-06-11T00:50,2032-06-11T01:10,4
Moscow,2032-06-11T01:10,2032-06-11T01:35,4
Saint Petersburg,2032-06-11T01:10,2032-06-11T01:35,4
Moscow,2032-06-11T01:35,2032-06-11T02:50,4
Saint Petersburg,2032-06-11T01:35,2032-06-11T01:50,4
Saint Petersburg,2032-06-11T01:50,2032-06-11T02:20,4
Saint Petersburg,2032-06-11T02:20,2032-06-11T03:40,3
Moscow,2032-06-11T02:50,2032-06-11T03:20,3
Moscow,2032-06-11T03:20,2032-06-11T03:40,2
Moscow,2032-06-11T03:40,2032-06-11T04:05,1
Saint Petersburg,2032-06-11T03:40,2032-06-11T04:05,2
Saint Petersburg,2032-06-11T04:05,2032-06-11T04:20,1
Moscow,2032-06-11T08:10,2032-06-11T08:35,1
Saint Petersburg,2032-06-11T08:10,2032-06-11T08:35,1
Moscow,2032-06-11T08:35,2032-06-11T08:50,2
Saint Petersburg,2032-06-11T08:35,2032-06-11T08:50,2
Moscow,2032-06-11T08:50,2032-06-11T09:20,3
Saint Petersburg,2032-06-11T08:50,2032-06-11T09:20,3
Moscow,2032-06-11T09:20,2032-06-11T10:40,4
Saint Petersburg,2032-06-11T09:20,2032-06-11T10:40,4
Moscow,2032-06-11T10:40,2032-06-11T11:05,4
Saint Petersburg,2032-06-11T10:40,2032-06-11T11:05,4
Moscow,2032-06-11T11:05,2032-06-11T11:20,4
Saint Petersburg,2032-06-11T11:05,2032-06-11T11:20,4
Moscow,2032-06-11T11:20,2032-06-11T11:50,4
Saint Petersburg,2032-06-11T11:20,2032-06-11T11:50,4
Moscow,2032-06-11T11:50,2032-06-11T13:10,4
Saint Petersburg,2032-06-11T11:50,2032-06-11T13:10,3
Moscow,2032-06-11T13:10,2032-06-11T13:35,3
Saint Petersburg,2032-06-11T13:10,2032-06-11T13:20,2
Saint Petersburg,2032-06-11T13:20,2032-06-11T13:35,3
Moscow,2032-06-11T13:35,2032-06-11T13:50,2
Saint Petersburg,2032-06-11T13:35,2032-06-11T13:50,2
Moscow,2032-06-11T13:50,2032-06-11T14:20,1
Saint Petersburg,2032-06-11T13:50,2032-06-11T15:50,1
Moscow,2032-06-12T22:50,2032-06-12T23:20,1
Moscow,2032-06-12T23:20,2032-06-12T23:50,2
Saint Petersburg,2032-06-12T23:20,2032-06-13T01:50,1
Moscow,2032-06-12T23:50,2032-06-13T00:10,3
Moscow,2032-06-13T00:10,2032-06-13T01:20,4
Moscow,2032-06-13T01:20,2032-06-13T01:50,3
Moscow,2032-06-13T01:50,2032-06-13T02:20,2
Moscow,2032-06-13T02:20,2032-06-13T02:40,1
Saint Petersburg,2032-06-13T03:50,2032-06-13T04:10,1
Saint Petersburg,2032-06-13T04:10,2032-06-13T06:20,2
Saint Petersburg,2032-06-13T06:20,2032-06-13T06:40,1
Moscow,2032-06-13T08:10,2032-06-13T08:35,1
Saint Petersburg,2032-06-13T08:10,2032-06-13T08:35,1
Moscow,2032-06-13T08:35,2032-06-13T08:50,2
Saint Petersburg,2032-06-13T08:35,2032-06-13T08:50,2
Moscow,2032-06-13T08:50,2032-06-13T09:20,3
Saint Petersburg,2032-06-13T08:50,2032-06-13T09:20,3
Moscow,2032-06-13T09:20,2032-06-13T10:40,4
Saint Petersburg,2032-06-13T09:20,2032-06-13T10:40,4
Moscow,2032-06-13T10:40,2032-06-13T11:05,4
Saint Petersburg,2032-06-13T10:40,2032-06-13T11:05,4
Moscow,2032-06-13T11:05,2032-06-13T11:20,4
Saint Petersburg,2032-06-13T11:05,2032-06-13T11:20,4
Moscow,2032-06-13T11:20,2032-06-13T11:50,4
Saint Petersburg,2032-06-13T11:20,2032-06-13T11:50,4
Moscow,2032-06-13T11:50,2032-06-13T13:10,4
Saint Petersburg,2032-06-13T11:50,2032-06-13T13:10,4
Moscow,2032-06-13T13:10,2032-06-13T13:35,4
Saint Petersburg,2032-06-13T13:10,2032-06-13T13:35,4
Moscow,2032-06-13T13:35,2032-06-13T13:50,4
Saint Petersburg,2032-06-13T13:35,2032-06-13T13:50,4
Moscow,2032-06-13T13:50,2032-06-13T14:20,4
Saint Petersburg,2032-06-13T13:50,2032-06-13T14:20,4
Moscow,2032-06-13T14:20,2032-06-13T15:40,4
Saint Petersburg,2032-06-13T14:20,2032-06-13T15:40,4
Moscow,2032-06-13T15:40,2032-06-13T16:05,4
Saint Petersburg,2032-06-13T15:40,2032-06-13T16:05,4
Moscow,2032-06-13T16:05,2032-06-13T16:20,4
Saint Petersburg,2032-06-13T16:05,2032-06-13T16:20,4
Moscow,2032-06-13T16:20,2032-06-13T16:50,4
Saint Petersburg,2032-06-13T16:20,2032-06-13T16:50,4
Moscow,2032-06-13T16:50,2032-06-13T18:10,4
Saint Petersburg,2032-06-13T16:50,2032-06-13T18:10,4
Moscow,2032-06-13T18:10,2032-06-13T18:35,3
Saint Petersburg,2032-06-13T18:10,2032-06-13T18:35,3
Moscow,2032-06-13T18:35,2032-06-13T18:50,2
Saint Petersburg,2032-06-13T18:35,2032-06-13T18:50,2
Moscow,2032-06-13T18:50,2032-06-13T19:20,1
Saint Petersburg,2032-06-13T18:50,2032-06-13T19:20,1
Moscow,2032-06-15T09:35,2032-06-15T09:50,1
Moscow,2032-06-15T09:50,2032-06-15T10:10,2
Moscow,2032-06-15T10:10,2032-06-15T10:50,3
Moscow,2032-06-15T10:50,2032-06-15T12:05,4
Saint Petersburg,2032-06-15T10:50,2032-06-15T11:20,1
Saint Petersburg,2032-06-15T11:20,2032-06-15T11:50,2
Saint Petersburg,2032-06-15T11:50,2032-06-15T12:10,3
Moscow,2032-06-15T12:05,2032-06-15T12:20,4
Saint Petersburg,2032-06-15T12:10,2032-06-15T13:20,4
Moscow,2032-06-15T12:20,2032-06-15T12:40,4
Moscow,2032-06-15T12:40,2032-06-15T13:20,4
Moscow,2032-06-15T13:20,2032-06-15T14:35,4
Saint Petersburg,2032-06-15T13:20,2032-06-15T13:50,4
Saint Petersburg,2032-06-15T13:50,2032-06-15T14:10,3
Saint Petersburg,2032-06-15T14:10,2032-06-15T14:20,4
Saint Petersburg,2032-06-15T14:20,2032-06-15T14:40,4
Moscow,2032-06-15T14:35,2032-06-15T14:50,4
Saint Petersburg,2032-06-15T14:40,2032-06-15T15:50,4
Moscow,2032-06-15T14:50,2032-06-15T15:10,4
Moscow,2032-06-15T15:10,2032-06-15T15:50,4
Moscow,2032-06-15T15:50,2032-06-15T17:05,4
Saint Petersburg,2032-06-15T15:50,2032-06-15T16:40,4
Saint Petersburg,2032-06-15T16:40,2032-06-15T16:50,4
Saint Petersburg,2032-06-15T16:50,2032-06-15T17:10,4
Moscow,2032-06-15T17:05,2032-06-15T17:20,4
Saint Petersburg,2032-06-15T17:10,2032-06-15T17:20,3
Moscow,2032-06-15T17:20,2032-06-15T17:40,4
Saint Petersburg,2032-06-15T17:20,2032-06-15T18:20,4
Moscow,2032-06-15T17:40,2032-06-15T18:20,4
Moscow,2032-06-15T18:20,2032-06-15T19:35,4
Saint Petersburg,2032-06-15T18:20,2032-06-15T19:10,4
Saint Petersburg,2032-06-15T19:10,2032-06-15T19:20,4
Saint Petersburg,2032-06-15T19:20,2032-06-15T19:50,4
Moscow,2032-06-15T19:35,2032-06-15T19:50,4
Moscow,2032-06-15T19:50,2032-06-15T20:10,4
Saint Petersburg,2032-06-15T19:50,2032-06-15T20:50,4
Moscow,2032-06-15T20:10,2032-06-15T20:50,4
Moscow,2032-06-15T20:50,2032-06-15T22:05,4
Saint Petersburg,2032-06-15T20:50,2032-06-15T21:40,4
Saint Petersburg,2032-06-15T21:40,2032-06-15T21:50,4
Saint Petersburg,2032-06-15T21:50,2032-06-15T22:20,4
Moscow,2032-06-15T22:05,2032-06-15T22:20,3
Moscow,2032-06-15T22:20,2032-06-15T22:40,2
Saint Petersburg,2032-06-15T22:20,2032-06-15T23:20,3
Moscow,2032-06-15T22:40,2032-06-15T23:20,1
Saint Petersburg,2032-06-15T23:20,2032-06-16T00:10,2
Saint Petersburg,2032-06-16T00:10,2032-06-16T00:20,1
Moscow,2032-06-17T12:50,2032-06-17T13:20,1
Moscow,2032-06-17T13:20,2032-06-17T13:50,2
Moscow,2032-06-17T13:50,2032-06-17T14:10,3
Saint Petersburg,2032-06-17T13:50,2032-06-17T14:10,1
Moscow,2032-06-17T14:10,2032-06-17T15:20,4
Saint Petersburg,2032-06-17T14:10,2032-06-17T14:50,2
Saint Petersburg,2032-06-17T14:50,2032-06-17T15:20,3
Moscow,2032-06-17T15:20,2032-06-17T15:50,4
Saint Petersburg,2032-06-17T15:20,2032-06-17T16:20,4
Moscow,2032-06-17T15:50,2032-06-17T16:20,4
Moscow,2032-06-17T16:20,2032-06-17T16:40,4
Saint Petersburg,2032-06-17T16:20,2032-06-17T16:40,4
Moscow,2032-06-17T16:40,2032-06-17T16:50,3
Saint Petersburg,2032-06-17T16:40,2032-06-17T17:20,4
Moscow,2032-06-17T16:50,2032-06-17T17:50,4
Saint Petersburg,2032-06-17T17:20,2032-06-17T17:50,4
Moscow,2032-06-17T17:50,2032-06-17T18:20,4
Saint Petersburg,2032-06-17T17:50,2032-06-17T18:50,4
Moscow,2032-06-17T18:20,2032-06-17T18:50,4
Moscow,2032-06-17T18:50,2032-06-17T19:20,4
Saint Petersburg,2032-06-17T18:50,2032-06-17T19:10,4
Saint Petersburg,2032-06-17T19:10,2032-06-17T19:50,3
Moscow,2032-06-17T19:20,2032-06-17T20:20,4
Saint Petersburg,2032-06-17T19:50,2032-06-17T20:10,3
Saint Petersburg,2032-06-17T20:10,2032-06-17T20:20,4
Moscow,2032-06-17T20:20,2032-06-17T20:50,4
Saint Petersburg,2032-06-17T20:20,2032-06-17T20:50,3
Moscow,2032-06-17T20:50,2032-06-17T21:20,4
Saint Petersburg,2032-06-17T20:50,2032-06-17T21:20,4
Moscow,2032-06-17T21:20,2032-06-17T21:50,4
Saint Petersburg,2032-06-17T21:20,2032-06-17T22:20,4
Moscow,2032-06-17T21:50,2032-06-17T22:50,4
Saint Petersburg,2032-06-17T22:20,2032-06-17T22:35,3
Saint Petersburg,2032-06-17T22:35,2032-06-17T22:40,4
Saint Petersburg,2032-06-17T22:40,2032-06-17T23:20,4
Moscow,2032-06-17T22:50,2032-06-17T23:20,4
Moscow,2032-06-17T23:20,2032-06-17T23:50,4
Saint Petersburg,2032-06-17T23:20,2032-06-17T23:50,4
Moscow,2032-06-17T23:50,2032-06-18T00:20,4
Saint Petersburg,2032-06-17T23:50,2032-06-18T00:10,3
Saint Petersburg,2032-06-18T00:10,2032-06-18T01:05,4
Moscow,2032-06-18T00:20,2032-06-18T01:20,4
Saint Petersburg,2032-06-18T01:05,2032-06-18T01:10,4
Saint Petersburg,2032-06-18T01:10,2032-06-18T01:50,3
Moscow,2032-06-18T01:20,2032-06-18T01:50,3
Moscow,2032-06-18T01:50,2032-06-18T02:20,2
Saint Petersburg,2032-06-18T01:50,2032-06-18T02:40,2
Moscow,2032-06-18T02:20,2032-06-18T02:50,1
Saint Petersburg,2032-06-18T02:40,2032-06-18T03:35,1
Saint Petersburg,2032-06-18T04:50,2032-06-18T07:20,1
Moscow,2032-06-19T17:20,2032-06-19T18:10,1
Moscow,2032-06-19T18:10,2032-06-19T18:50,2
Saint Petersburg,2032-06-19T18:10,2032-06-19T18:50,1
Moscow,2032-06-19T18:50,2032-06-19T19:20,3
Saint Petersburg,2032-06-19T18:50,2032-06-19T19:50,2
Moscow,2032-06-19T19:20,2032-06-19T19:50,4
Moscow,2032-06-19T19:50,2032-06-19T20:40,4
Saint Petersburg,2032-06-19T19:50,2032-06-19T20:10,3
Saint Petersburg,2032-06-19T20:10,2032-06-19T20:40,4
Moscow,2032-06-19T20:40,2032-06-19T21:20,4
Saint Petersburg,2032-06-19T20:40,2032-06-19T21:20,4
Moscow,2032-06-19T21:20,2032-06-19T21:50,4
Saint Petersburg,2032-06-19T21:20,2032-06-19T22:20,4
Moscow,2032-06-19T21:50,2032-06-19T22:20,4
Moscow,2032-06-19T22:20,2032-06-19T23:10,4
Saint Petersburg,2032-06-19T22:20,2032-06-19T22:40,4
Saint Petersburg,2032-06-19T22:40,2032-06-19T23:10,4
Moscow,2032-06-19T23:10,2032-06-19T23:50,4
Saint Petersburg,2032-06-19T23:10,2032-06-19T23:50,4
Moscow,2032-06-19T23:50,2032-06-20T00:20,4
Saint Petersburg,2032-06-19T23:50,2032-06-20T00:50,4
Moscow,2032-06-20T00:20,2032-06-20T00:50,4
Moscow,2032-06-20T00:50,2032-06-20T01:40,4
Saint Petersburg,2032-06-20T00:50,2032-06-20T01:10,4
Saint Petersburg,2032-06-20T01:10,2032-06-20T01:40,4
Moscow,2032-06-20T01:40,2032-06-20T02:20,4
Saint Petersburg,2032-06-20T01:40,2032-06-20T01:50,3
Saint Petersburg,2032-06-20T01:50,2032-06-20T02:20,4
Moscow,2032-06-20T02:20,2032-06-20T02:50,4
Saint Petersburg,2032-06-20T02:20,2032-06-20T03:20,4
Moscow,2032-06-20T02:50,2032-06-20T03:20,3
Moscow,2032-06-20T03:20,2032-06-20T04:10,2
Saint Petersburg,2032-06-20T03:20,2032-06-20T03:40,3
Saint Petersburg,2032-06-20T03:40,2032-06-20T04:20,2
Moscow,2032-06-20T04:10,2032-06-20T04:50,1
Saint Petersburg,2032-06-20T04:20,2032-06-20T04:50,1
Moscow,2032-06-20T08:10,2032-06-20T08:35,1
Saint Petersburg,2032-06-20T08:10,2032-06-20T08:35,1
Moscow,2032-06-20T08:35,2032-06-20T08:50,2
Saint Petersburg,2032-06-20T08:35,2032-06-20T08:50,2
Moscow,2032-06-20T08:50,2032-06-20T09:20,3
Saint Petersburg,2032-06-20T08:50,2032-06-20T09:20,3
Moscow,2032-06-20T09:20,2032-06-20T10:40,4
Saint Petersburg,2032-06-20T09:20,2032-06-20T10:40,4
Moscow,2032-06-20T10:40,2032-06-20T11:05,4
Saint Petersburg,2032-06-20T10:40,2032-06-20T11:05,4
Moscow,2032-06-20T11:05,2032-06-20T11:20,3
Saint Petersburg,2032-06-20T11:05,2032-06-20T11:20,3
Moscow,2032-06-20T11:20,2032-06-20T11:50,2
Saint Petersburg,2032-06-20T11:20,2032-06-20T11:50,2
Moscow,2032-06-20T11:50,2032-06-20T13:10,1
Saint Petersburg,2032-06-20T11:50,2032-06-20T13:10,1
Moscow,2032-06-21T21:20,2032-06-21T21:50,1
Moscow,2032-06-21T21:50,2032-06-21T22:10,2
Moscow,2032-06-21T22:10,2032-06-21T22:50,3
Saint Petersburg,2032-06-21T22:10,2032-06-21T22:35,1
Saint Petersburg,2032-06-21T22:35,2032-06-21T22:50,2
Moscow,2032-06-21T22:50,2032-06-21T23:50,4
Saint Petersburg,2032-06-21T22:50,2032-06-21T23:20,3
Saint Petersburg,2032-06-21T23:20,2032-06-22T00:40,4
Moscow,2032-06-21T23:50,2032-06-22T00:20,4
Moscow,2032-06-22T00:20,2032-06-22T00:40,4
Moscow,2032-06-22T00:40,2032-06-22T01:20,4
Saint Petersburg,2032-06-22T00:40,2032-06-22T01:05,4
Saint Petersburg,2032-06-22T01:05,2032-06-22T01:20,4
Moscow,2032-06-22T01:20,2032-06-22T02:20,3
Saint Petersburg,2032-06-22T01:20,2032-06-22T01:50,3
Saint Petersburg,2032-06-22T01:50,2032-06-22T03:10,2
Moscow,2032-06-22T02:20,2032-06-22T02:50,2
Moscow,2032-06-22T02:50,2032-06-22T03:10,1
Saint Petersburg,2032-06-22T03:10,2032-06-22T03:35,1
Moscow,2032-06-22T08:10,2032-06-22T08:35,1
Saint Petersburg,2032-06-22T08:10,2032-06-22T08:35,1
Moscow,2032-06-22T08:35,2032-06-22T08:50,2
Saint Petersburg,2032-06-22T08:35,2032-06-22T09:20,2
Moscow,2032-06-22T08:50,2032-06-22T09:20,3
Moscow,2032-06-22T09:20,2032-06-22T10:40,4
Saint Petersburg,2032-06-22T09:20,2032-06-22T09:50,3
Saint Petersburg,2032-06-22T09:50,2032-06-22T10:40,4
Moscow,2032-06-22T10:40,2032-06-22T11:05,4
Saint Petersburg,2032-06-22T10:40,2032-06-22T10:50,3
Saint Petersburg,2032-06-22T10:50,2032-06-22T11:05,4
Moscow,2032-06-22T11:05,2032-06-22T11:20,4
Saint Petersburg,2032-06-22T11:05,2032-06-22T11:50,4
Moscow,2032-06-22T11:20,2032-06-22T11:50,4
Moscow,2032-06-22T11:50,2032-06-22T13:10,4
Saint Petersburg,2032-06-22T11:50,2032-06-22T12:20,4
Saint Petersburg,2032-06-22T12:20,2032-06-22T13:20,4
Moscow,2032-06-22T13:10,2032-06-22T13:35,4
Saint Petersburg,2032-06-22T13:20,2032-06-22T13:35,4
Moscow,2032-06-22T13:35,2032-06-22T13:50,4
Saint Petersburg,2032-06-22T13:35,2032-06-22T14:20,4
Moscow,2032-06-22T13:50,2032-06-22T14:20,4
Moscow,2032-06-22T14:20,2032-06-22T15:40,4
Saint Petersburg,2032-06-22T14:20,2032-06-22T14:50,4
Saint Petersburg,2032-06-22T14:50,2032-06-22T15:50,4
Moscow,2032-06-22T15:40,2032-06-22T16:05,4
Saint Petersburg,2032-06-22T15:50,2032-06-22T16:05,3
Moscow,2032-06-22T16:05,2032-06-22T16:20,3
Saint Petersburg,2032-06-22T16:05,2032-06-22T16:10,2
Saint Petersburg,2032-06-22T16:10,2032-06-22T16:50,3
Moscow,2032-06-22T16:20,2032-06-22T16:50,2
Moscow,2032-06-22T16:50,2032-06-22T18:10,1
Saint Petersburg,2032-06-22T16:50,2032-06-22T17:20,2
Saint Petersburg,2032-06-22T17:20,2032-06-22T18:40,1
Moscow,2032-06-24T08:35,2032-06-24T08:50,1
Moscow,2032-06-24T08:50,2032-06-24T09:20,2
Saint Petersburg,2032-06-24T08:50,2032-06-24T09:20,1
Moscow,2032-06-24T09:20,2032-06-24T09:35,3
Saint Petersburg,2032-06-24T09:20,2032-06-24T09:50,2
Moscow,2032-06-24T09:35,2032-06-24T11:05,4
Saint Petersburg,2032-06-24T09:50,2032-06-24T10:10,3
Saint Petersburg,2032-06-24T10:10,2032-06-24T11:20,4
Moscow,2032-06-24T11:05,2032-06-24T11:20,4
Moscow,2032-06-24T11:20,2032-06-24T11:50,4
Saint Petersburg,2032-06-24T11:20,2032-06-24T11:50,4
Moscow,2032-06-24T11:50,2032-06-24T12:05,4
Saint Petersburg,2032-06-24T11:50,2032-06-24T12:20,4
Moscow,2032-06-24T12:05,2032-06-24T13:35,4
Saint Petersburg,2032-06-24T12:20,2032-06-24T12:40,4
Saint Petersburg,2032-06-24T12:40,2032-06-24T13:50,4
Moscow,2032-06-24T13:35,2032-06-24T13:50,4
Moscow,2032-06-24T13:50,2032-06-24T14:20,4
Saint Petersburg,2032-06-24T13:50,2032-06-24T14:20,4
Moscow,2032-06-24T14:20,2032-06-24T14:35,4
Saint Petersburg,2032-06-24T14:20,2032-06-24T14:50,4
Moscow,2032-06-24T14:35,2032-06-24T16:05,4
Saint Petersburg,2032-06-24T14:50,2032-06-24T15:10,4
Saint Petersburg,2032-06-24T15:10,2032-06-24T16:20,4
Moscow,2032-06-24T16:05,2032-06-24T16:20,4
Moscow,2032-06-24T16:20,2032-06-24T16:50,4
Saint Petersburg,2032-06-24T16:20,2032-06-24T16:50,4
Moscow,2032-06-24T16:50,2032-06-24T17:05,4
Saint Petersburg,2032-06-24T16:50,2032-06-24T17:20,4
Moscow,2032-06-24T17:05,2032-06-24T18:35,4
Saint Petersburg,2032-06-24T17:20,2032-06-24T17:40,4
Saint Petersburg,2032-06-24T17:40,2032-06-24T18:10,3
Saint Petersburg,2032-06-24T18:10,2032-06-24T18:50,4
Moscow,2032-06-24T18:35,2032-06-24T18:50,4
Moscow,2032-06-24T18:50,2032-06-24T19:20,4
Saint Petersburg,2032-06-24T18:50,2032-06-24T19:20,4
Moscow,2032-06-24T19:20,2032-06-24T19:35,4
Saint Petersburg,2032-06-24T19:20,2032-06-24T19:50,3
Moscow,2032-06-24T19:35,2032-06-24T21:05,4
Saint Petersburg,2032-06-24T19:50,2032-06-24T20:10,2
Saint Petersburg,2032-06-24T20:10,2032-06-24T20:40,3
Saint Petersburg,2032-06-24T20:40,2032-06-24T21:20,2
Moscow,2032-06-24T21:05,2032-06-24T21:20,3
Moscow,2032-06-24T21:20,2032-06-24T21:50,2
Saint Petersburg,2032-06-24T21:20,2032-06-24T22:40,1
Moscow,2032-06-24T21:50,2032-06-24T22:05,1
Saint Petersburg,2032-06-25T02:50,2032-06-25T05:20,1
Moscow,2032-06-26T11:50,2032-06-26T12:10,1
Moscow,2032-06-26T12:10,2032-06-26T12:35,2
Moscow,2032-06-26T12:35,2032-06-26T12:50,3
Saint Petersburg,2032-06-26T12:35,2032-06-26T13:50,1
Moscow,2032-06-26T12:50,2032-06-26T14:20,4
Saint Petersburg,2032-06-26T13:50,2032-06-26T14:10,2
Saint Petersburg,2032-06-26T14:10,2032-06-26T14:50,3
Moscow,2032-06-26T14:20,2032-06-26T14:40,4
Moscow,2032-06-26T14:40,2032-06-26T15:05,4
Saint Petersburg,2032-06-26T14:50,2032-06-26T15:05,4
Moscow,2032-06-26T15:05,2032-06-26T15:20,4
Saint Petersburg,2032-06-26T15:05,2032-06-26T15:20,3
Moscow,2032-06-26T15:20,2032-06-26T16:50,4
Saint Petersburg,2032-06-26T15:20,2032-06-26T16:20,4
Saint Petersburg,2032-06-26T16:20,2032-06-26T16:40,4
Saint Petersburg,2032-06-26T16:40,2032-06-26T16:50,3
Moscow,2032-06-26T16:50,2032-06-26T17:10,4
Saint Petersburg,2032-06-26T16:50,2032-06-26T17:20,4
Moscow,2032-06-26T17:10,2032-06-26T17:35,4
Saint Petersburg,2032-06-26T17:20,2032-06-26T17:50,4
Moscow,2032-06-26T17:35,2032-06-26T17:50,4
Moscow,2032-06-26T17:50,2032-06-26T19:20,4
Saint Petersburg,2032-06-26T17:50,2032-06-26T18:50,4
Saint Petersburg,2032-06-26T18:50,2032-06-26T19:20,4
Moscow,2032-06-26T19:20,2032-06-26T19:40,4
Saint Petersburg,2032-06-26T19:20,2032-06-26T19:50,4
Moscow,2032-06-26T19:40,2032-06-26T20:05,4
Saint Petersburg,2032-06-26T19:50,2032-06-26T20:20,4
Moscow,2032-06-26T20:05,2032-06-26T20:20,4
Moscow,2032-06-26T20:20,2032-06-26T21:50,4
Saint Petersburg,2032-06-26T20:20,2032-06-26T21:20,4
Saint Petersburg,2032-06-26T21:20,2032-06-26T21:50,4
Moscow,2032-06-26T21:50,2032-06-26T22:10,4
Saint Petersburg,2032-06-26T21:50,2032-06-26T22:20,4
Moscow,2032-06-26T22:10,2032-06-26T22:35,4
Saint Petersburg,2032-06-26T22:20,2032-06-26T22:50,4
Moscow,2032-06-26T22:35,2032-06-26T22:50,4
Moscow,2032-06-26T22:50,2032-06-27T00:20,4
Saint Petersburg,2032-06-26T22:50,2032-06-26T23:50,4
Saint Petersburg,2032-06-26T23:50,2032-06-27T00:20,4
Moscow,2032-06-27T00:20,2032-06-27T00:40,3
Saint Petersburg,2032-06-27T00:20,2032-06-27T00:50,3
Moscow,2032-06-27T00:40,2032-06-27T01:05,2
Saint Petersburg,2032-06-27T00:50,2032-06-27T01:20,2
Moscow,2032-06-27T01:05,2032-06-27T01:20,1
Saint Petersburg,2032-06-27T01:20,2032-06-27T02:20,1
Moscow,2032-06-28T15:20,2032-06-28T16:10,1
Moscow,2032-06-28T16:10,2032-06-28T16:50,2
Moscow,2032-06-28T16:50,2032-06-28T17:20,3
Moscow,2032-06-28T17:20,2032-06-28T17:50,4
Saint Petersburg,2032-06-28T17:20,2032-06-28T18:10,1
Moscow,2032-06-28T17:50,2032-06-28T18:10,3
Moscow,2032-06-28T18:10,2032-06-28T18:40,4
Saint Petersburg,2032-06-28T18:10,2032-06-28T19:50,2
Moscow,2032-06-28T18:40,2032-06-28T18:50,3
Moscow,2032-06-28T18:50,2032-06-28T19:20,4
Moscow,2032-06-28T19:20,2032-06-28T19:50,4
Moscow,2032-06-28T19:50,2032-06-28T20:40,4
Saint Petersburg,2032-06-28T19:50,2032-06-28T20:35,2
Saint Petersburg,2032-06-28T20:35,2032-06-28T20:40,3
Moscow,2032-06-28T20:40,2032-06-28T21:20,4
Saint Petersburg,2032-06-28T20:40,2032-06-28T22:10,2
Moscow,2032-06-28T21:20,2032-06-28T21:50,4
Moscow,2032-06-28T21:50,2032-06-28T22:20,4
Saint Petersburg,2032-06-28T22:10,2032-06-28T22:20,4
Moscow,2032-06-28T22:20,2032-06-28T23:10,4
Saint Petersburg,2032-06-28T22:20,2032-06-28T22:50,3
Saint Petersburg,2032-06-28T22:50,2032-06-28T23:05,4
Saint Petersburg,2032-06-28T23:05,2032-06-29T00:40,4
Moscow,2032-06-28T23:10,2032-06-28T23:50,4
Moscow,2032-06-28T23:50,2032-06-29T00:20,4
Moscow,2032-06-29T00:20,2032-06-29T00:50,4
Saint Petersburg,2032-06-29T00:40,2032-06-29T01:20,4
Moscow,2032-06-29T00:50,2032-06-29T01:40,4
Saint Petersburg,2032-06-29T01:20,2032-06-29T01:35,4
Saint Petersburg,2032-06-29T01:35,2032-06-29T02:50,3
Moscow,2032-06-29T01:40,2032-06-29T02:20,4
Moscow,2032-06-29T02:20,2032-06-29T02:50,4
Moscow,2032-06-29T02:50,2032-06-29T03:20,3
Saint Petersburg,2032-06-29T02:50,2032-06-29T03:10,4
Saint Petersburg,2032-06-29T03:10,2032-06-29T03:50,4
Moscow,2032-06-29T03:20,2032-06-29T04:10,2
Saint Petersburg,2032-06-29T03:50,2032-06-29T05:20,4
Moscow,2032-06-29T04:10,2032-06-29T04:50,1
Saint Petersburg,2032-06-29T05:20,2032-06-29T05:40,4
Saint Petersburg,2032-06-29T05:40,2032-06-29T06:20,3
Saint Petersburg,2032-06-29T06:20,2032-06-29T07:50,2
Saint Petersburg,2032-06-29T07:50,2032-06-29T08:10,1
Moscow,2032-06-29T08:10,2032-06-29T08:35,1
Saint Petersburg,2032-06-29T08:10,2032-06-29T08:35,1
Moscow,2032-06-29T08:35,2032-06-29T10:40,2
Saint Petersburg,2032-06-29T08:35,2032-06-29T10:40,2
Moscow,2032-06-29T10:40,2032-06-29T11:05,1
Saint Petersburg,2032-06-29T10:40,2032-06-29T11:05,1
Moscow,2032-06-30T20:10,2032-06-30T20:35,1
Moscow,2032-06-30T20:35,2032-06-30T20:50,2
Moscow,2032-06-30T20:50,2032-06-30T21:20,3
Saint Petersburg,2032-06-30T20:50,2032-06-30T21:20,1
Moscow,2032-06-30T21:20,2032-06-30T22:40,4
Saint Petersburg,2032-06-30T21:20,2032-06-30T21:50,2
Saint Petersburg,2032-06-30T21:50,2032-06-30T22:10,3
Saint Petersburg,2032-06-30T22:10,2032-06-30T23:20,4
Moscow,2032-06-30T22:40,2032-06-30T23:05,4
Moscow,2032-06-30T23:05,2032-06-30T23:20,4
Moscow,2032-06-30T23:20,2032-06-30T23:50,4
Saint Petersburg,2032-06-30T23:20,2032-06-30T23:50,4
Moscow,2032-06-30T23:50,2032-07-01T01:10,4
Saint Petersburg,2032-06-30T23:50,2032-07-01T00:20,4
Saint Petersburg,2032-07-01T00:20,2032-07-01T00:40,4
Saint Petersburg,2032-07-01T00:40,2032-07-01T01:50,4
Moscow,2032-07-01T01:10,2032-07-01T01:35,4
Moscow,2032-07-01T01:35,2032-07-01T01:50,4
Moscow,2032-07-01T01:50,2032-07-01T02:20,3
Saint Petersburg,2032-07-01T01:50,2032-07-01T02:20,4
Moscow,2032-07-01T02:20,2032-07-01T03:40,2
Saint Petersburg,2032-07-01T02:20,2032-07-01T02:50,3
Saint Petersburg,2032-07-01T02:50,2032-07-01T03:10,2
Saint Petersburg,2032-07-01T03:10,2032-07-01T04:20,1
Moscow,2032-07-01T03:40,2032-07-01T04:05,1
Moscow,2032-07-01T08:10,2032-07-01T08:35,1
Saint Petersburg,2032-07-01T08:10,2032-07-01T08:35,1
Moscow,2032-07-01T08:35,2032-07-01T08:50,2
Saint Petersburg,2032-07-01T08:35,2032-07-01T08:50,2
Moscow,2032-07-01T08:50,2032-07-01T09:20,3
Saint Petersburg,2032-07-01T08:50,2032-07-01T09:20,3
Moscow,2032-07-01T09:20,2032-07-01T10:40,4
Saint Petersburg,2032-07-01T09:20,2032-07-01T10:40,4
Moscow,2032-07-01T10:40,2032-07-01T11:05,4
Saint Petersburg,2032-07-01T10:40,2032-07-01T11:05,4
Moscow,2032-07-01T11:05,2032-07-01T11:20,4
Saint Petersburg,2032-07-01T11:05,2032-07-01T11:20,4
Moscow,2032-07-01T11:20,2032-07-01T11:50,4
Saint Petersburg,2032-07-01T11:20,2032-07-01T11:50,4
Moscow,2032-07-01T11:50,2032-07-01T13:10,4
Saint Petersburg,2032-07-01T11:50,2032-07-01T13:10,4
Moscow,2032-07-01T13:10,2032-07-01T13:35,4
Saint Petersburg,2032-07-01T13:10,2032-07-01T13:35,4
Moscow,2032-07-01T13:35,2032-07-01T13:50,4
Saint Petersburg,2032-07-01T13:35,2032-07-01T13:50,4
Moscow,2032-07-01T13:50,2032-07-01T14:20,3
Saint Petersburg,2032-07-01T13:50,2032-07-01T14:20,3
Moscow,2032-07-01T14:20,2032-07-01T15:40,2
Saint Petersburg,2032-07-01T14:20,2032-07-01T15:40,2
Moscow,2032-07-01T15:40,2032-07-01T16:05,1
Saint Petersburg,2032-07-01T15:40,2032-07-01T16:05,1
Moscow,2032-07-02T23:50,2032-07-03T00:10,1
Moscow,2032-07-03T00:10,2032-07-03T02:20,2
Saint Petersburg,2032-07-03T00:10,2032-07-03T02:40,1
Moscow,2032-07-03T02:20,2032-07-03T02:40,1
Moscow,2032-07-03T08:10,2032-07-03T08:35,1
Saint Petersburg,2032-07-03T08:10,2032-07-03T08:50,1
Moscow,2032-07-03T08:35,2032-07-03T08:50,2
Moscow,2032-07-03T08:50,2032-07-03T09:20,3
Saint Petersburg,2032-07-03T08:50,2032-07-03T09:20,2
Moscow,2032-07-03T09:20,2032-07-03T10:40,4
Saint Petersburg,2032-07-03T09:20,2032-07-03T10:10,3
Saint Petersburg,2032-07-03T10:10,2032-07-03T10:40,4
Moscow,2032-07-03T10:40,2032-07-03T11:05,4
Saint Petersburg,2032-07-03T10:40,2032-07-03T11:20,3
Moscow,2032-07-03T11:05,2032-07-03T11:20,4
Moscow,2032-07-03T11:20,2032-07-03T11:50,4
Saint Petersburg,2032-07-03T11:20,2032-07-03T11:50,3
Moscow,2032-07-03T11:50,2032-07-03T13:10,4
Saint Petersburg,2032-07-03T11:50,2032-07-03T12:10,3
Saint Petersburg,2032-07-03T12:10,2032-07-03T12:40,4
Saint Petersburg,2032-07-03T12:40,2032-07-03T12:50,3
Saint Petersburg,2032-07-03T12:50,2032-07-03T13:50,4
Moscow,2032-07-03T13:10,2032-07-03T13:35,4
Moscow,2032-07-03T13:35,2032-07-03T13:50,4
Moscow,2032-07-03T13:50,2032-07-03T14:20,4
Saint Petersburg,2032-07-03T13:50,2032-07-03T14:20,4
Moscow,2032-07-03T14:20,2032-07-03T15:40,4
Saint Petersburg,2032-07-03T14:20,2032-07-03T14:40,4
Saint Petersburg,2032-07-03T14:40,2032-07-03T15:20,4
Saint Petersburg,2032-07-03T15:20,2032-07-03T16:20,4
Moscow,2032-07-03T15:40,2032-07-03T16:05,4
Moscow,2032-07-03T16:05,2032-07-03T16:20,4
Moscow,2032-07-03T16:20,2032-07-03T16:50,4
Saint Petersburg,2032-07-03T16:20,2032-07-03T16:50,4
Moscow,2032-07-03T16:50,2032-07-03T18:10,4
Saint Petersburg,2032-07-03T16:50,2032-07-03T17:10,4
Saint Petersburg,2032-07-03T17:10,2032-07-03T17:50,4
Saint Petersburg,2032-07-03T17:50,2032-07-03T18:50,4
Moscow,2032-07-03T18:10,2032-07-03T18:35,4
Moscow,2032-07-03T18:35,2032-07-03T18:50,4
Moscow,2032-07-03T18:50,2032-07-03T19:20,3
Saint Petersburg,2032-07-03T18:50,2032-07-03T19:20,4
Moscow,2032-07-03T19:20,2032-07-03T20:40,2
Saint Petersburg,2032-07-03T19:20,2032-07-03T19:40,3
Saint Petersburg,2032-07-03T19:40,2032-07-03T20:20,2
Saint Petersburg,2032-07-03T20:20,2032-07-03T21:20,1
Moscow,2032-07-03T20:40,2032-07-03T21:05,1
Moscow,2032-07-05T10:10,2032-07-05T10:50,1
Moscow,2032-07-05T10:50,2032-07-05T11:50,2
Saint Petersburg,2032-07-05T11:20,2032-07-05T11:50,1
Moscow,2032-07-05T11:50,2032-07-05T12:10,3
Saint Petersburg,2032-07-05T11:50,2032-07-05T12:10,2
Moscow,2032-07-05T12:10,2032-07-05T12:40,4
Saint Petersburg,2032-07-05T12:10,2032-07-05T12:35,3
Saint Petersburg,2032-07-05T12:35,2032-07-05T13:50,4
Moscow,2032-07-05T12:40,2032-07-05T13:20,4
Moscow,2032-07-05T13:20,2032-07-05T14:20,4
Saint Petersburg,2032-07-05T13:50,2032-07-05T14:20,4
Moscow,2032-07-05T14:20,2032-07-05T14:40,4
Saint Petersburg,2032-07-05T14:20,2032-07-05T14:40,4
Moscow,2032-07-05T14:40,2032-07-05T15:10,4
Saint Petersburg,2032-07-05T14:40,2032-07-05T15:05,4
Saint Petersburg,2032-07-05T15:05,2032-07-05T16:20,4
Moscow,2032-07-05T15:10,2032-07-05T15:50,4
Moscow,2032-07-05T15:50,2032-07-05T16:50,4
Saint Petersburg,2032-07-05T16:20,2032-07-05T16:50,4
Moscow,2032-07-05T16:50,2032-07-05T17:10,4
Saint Petersburg,2032-07-05T16:50,2032-07-05T17:10,4
Moscow,2032-07-05T17:10,2032-07-05T17:40,4
Saint Petersburg,2032-07-05T17:10,2032-07-05T17:35,4
Saint Petersburg,2032-07-05T17:35,2032-07-05T18:10,3
Moscow,2032-07-05T17:40,2032-07-05T18:20,4
Saint Petersburg,2032-07-05T18:10,2032-07-05T18:50,4
Moscow,2032-07-05T18:20,2032-07-05T19:20,4
Saint Petersburg,2032-07-05T18:50,2032-07-05T19:20,4
Moscow,2032-07-05T19:20,2032-07-05T19:40,4
Saint Petersburg,2032-07-05T19:20,2032-07-05T19:40,4
Moscow,2032-07-05T19:40,2032-07-05T20:10,4
Saint Petersburg,2032-07-05T19:40,2032-07-05T20:40,4
Moscow,2032-07-05T20:10,2032-07-05T20:50,4
Saint Petersburg,2032-07-05T20:40,2032-07-05T20:50,3
Moscow,2032-07-05T20:50,2032-07-05T21:50,4
Saint Petersburg,2032-07-05T20:50,2032-07-05T21:20,4
Saint Petersburg,2032-07-05T21:20,2032-07-05T21:50,4
Moscow,2032-07-05T21:50,2032-07-05T22:10,4
Saint Petersburg,2032-07-05T21:50,2032-07-05T22:10,4
Moscow,2032-07-05T22:10,2032-07-05T22:40,3
Saint Petersburg,2032-07-05T22:10,2032-07-05T23:20,4
Moscow,2032-07-05T22:40,2032-07-05T23:20,2
Moscow,2032-07-05T23:20,2032-07-06T00:20,1
Saint Petersburg,2032-07-05T23:20,2032-07-05T23:50,3
Saint Petersburg,2032-07-05T23:50,2032-07-06T00:20,2
Saint Petersburg,2032-07-06T00:20,2032-07-06T00:40,1
Moscow,2032-07-07T13:50,2032-07-07T14:10,1
Moscow,2032-07-07T14:10,2032-07-07T14:50,2
Moscow,2032-07-07T14:50,2032-07-07T15:20,3
Saint Petersburg,2032-07-07T14:50,2032-07-07T15:20,1
Moscow,2032-07-07T15:20,2032-07-07T16:20,4
Saint Petersburg,2032-07-07T15:20,2032-07-07T15:50,2
Saint Petersburg,2032-07-07T15:50,2032-07-07T16:10,3
Saint Petersburg,2032-07-07T16:10,2032-07-07T17:20,4
Moscow,2032-07-07T16:20,2032-07-07T16:40,4
Moscow,2032-07-07T16:40,2032-07-07T16:50,3
Moscow,2032-07-07T16:50,2032-07-07T17:20,4
Moscow,2032-07-07T17:20,2032-07-07T17:50,4
Saint Petersburg,2032-07-07T17:20,2032-07-07T17:50,4
Moscow,2032-07-07T17:50,2032-07-07T18:10,3
Saint Petersburg,2032-07-07T17:50,2032-07-07T18:20,4
Moscow,2032-07-07T18:10,2032-07-07T18:50,4
Saint Petersburg,2032-07-07T18:20,2032-07-07T18:40,4
Saint Petersburg,2032-07-07T18:40,2032-07-07T18:50,3
Moscow,2032-07-07T18:50,2032-07-07T19:20,4
Saint Petersburg,2032-07-07T18:50,2032-07-07T19:50,4
Moscow,2032-07-07T19:20,2032-07-07T19:50,4
Moscow,2032-07-07T19:50,2032-07-07T20:40,4
Saint Petersburg,2032-07-07T19:50,2032-07-07T20:20,4
Saint Petersburg,2032-07-07T20:20,2032-07-07T20:50,4
Moscow,2032-07-07T20:40,2032-07-07T21:20,4
Saint Petersburg,2032-07-07T20:50,2032-07-07T21:20,4
Moscow,2032-07-07T21:20,2032-07-07T21:50,4
Saint Petersburg,2032-07-07T21:20,2032-07-07T21:50,3
Moscow,2032-07-07T21:50,2032-07-07T22:20,4
Saint Petersburg,2032-07-07T21:50,2032-07-07T22:20,4
Moscow,2032-07-07T22:20,2032-07-07T23:10,4
Saint Petersburg,2032-07-07T22:20,2032-07-07T22:50,4
Saint Petersburg,2032-07-07T22:50,2032-07-07T23:20,4
Moscow,2032-07-07T23:10,2032-07-07T23:50,4
Saint Petersburg,2032-07-07T23:20,2032-07-08T00:20,4
Moscow,2032-07-07T23:50,2032-07-08T00:20,4
Moscow,2032-07-08T00:20,2032-07-08T00:50,4
Saint Petersburg,2032-07-08T00:20,2032-07-08T00:35,3
Saint Petersburg,2032-07-08T00:35,2032-07-08T00:50,4
Moscow,2032-07-08T00:50,2032-07-08T01:40,4
Saint Petersburg,2032-07-08T00:50,2032-07-08T01:20,4
Saint Petersburg,2032-07-08T01:20,2032-07-08T01:50,4
Moscow,2032-07-08T01:40,2032-07-08T02:20,4
Saint Petersburg,2032-07-08T01:50,2032-07-08T03:05,3
Moscow,2032-07-08T02:20,2032-07-08T02:50,3
Moscow,2032-07-08T02:50,2032-07-08T03:20,2
Saint Petersburg,2032-07-08T03:05,2032-07-08T03:20,2
Moscow,2032-07-08T03:20,2032-07-08T04:10,1
Saint Petersburg,2032-07-08T03:20,2032-07-08T03:50,1
Moscow,2032-07-09T18:50,2032-07-09T19:20,1
Moscow,2032-07-09T19:20,2032-07-09T19:50,2
Moscow,2032-07-09T19:50,2032-07-09T20:10,3
Saint Petersburg,2032-07-09T19:50,2032-07-09T20:10,1
Moscow,2032-07-09T20:10,2032-07-09T21:20,4
Saint Petersburg,2032-07-09T20:10,2032-07-09T20:35,2
Saint Petersburg,2032-07-09T20:35,2032-07-09T20:50,3
Saint Petersburg,2032-07-09T20:50,2032-07-09T22:20,4
Moscow,2032-07-09T21:20,2032-07-09T21:50,4
Moscow,2032-07-09T21:50,2032-07-09T22:20,4
Moscow,2032-07-09T22:20,2032-07-09T22:40,4
Saint Petersburg,2032-07-09T22:20,2032-07-09T22:40,4
Moscow,2032-07-09T22:40,2032-07-09T23:50,4
Saint Petersburg,2032-07-09T22:40,2032-07-09T23:05,4
Saint Petersburg,2032-07-09T23:05,2032-07-09T23:20,4
Saint Petersburg,2032-07-09T23:20,2032-07-10T00:50,4
Moscow,2032-07-09T23:50,2032-07-10T00:20,4
Moscow,2032-07-10T00:20,2032-07-10T00:50,4
Moscow,2032-07-10T00:50,2032-07-10T01:10,4
Saint Petersburg,2032-07-10T00:50,2032-07-10T01:10,4
Moscow,2032-07-10T01:10,2032-07-10T02:20,4
Saint Petersburg,2032-07-10T01:10,2032-07-10T01:35,4
Saint Petersburg,2032-07-10T01:35,2032-07-10T01:50,4
Saint Petersburg,2032-07-10T01:50,2032-07-10T03:20,4
Moscow,2032-07-10T02:20,2032-07-10T02:50,4
Moscow,2032-07-10T02:50,2032-07-10T03:20,3
Moscow,2032-07-10T03:20,2032-07-10T03:40,2
Saint Petersburg,2032-07-10T03:20,2032-07-10T03:40,3
Moscow,2032-07-10T03:40,2032-07-10T04:50,1
Saint Petersburg,2032-07-10T03:40,2032-07-10T04:05,2
Saint Petersburg,2032-07-10T04:05,2032-07-10T04:20,1
Moscow,2032-07-10T08:10,2032-07-10T08:35,1
Saint Petersburg,2032-07-10T08:10,2032-07-10T08:35,1
Moscow,2032-07-10T08:35,2032-07-10T08:50,2
Saint Petersburg,2032-07-10T08:35,2032-07-10T08:50,2
Moscow,2032-07-10T08:50,2032-07-10T09:20,3
Saint Petersburg,2032-07-10T08:50,2032-07-10T09:20,3
Moscow,2032-07-10T09:20,2032-07-10T10:40,4
Saint Petersburg,2032-07-10T09:20,2032-07-10T10:40,4
Moscow,2032-07-10T10:40,2032-07-10T11:05,4
Saint Petersburg,2032-07-10T10:40,2032-07-10T11:05,4
Moscow,2032-07-10T11:05,2032-07-10T11:20,4
Saint Petersburg,2032-07-10T11:05,2032-07-10T11:20,4
Moscow,2032-07-10T11:20,2032-07-10T11:50,4
Saint Petersburg,2032-07-10T11:20,2032-07-10T11:50,4
Moscow,2032-07-10T11:50,2032-07-10T13:10,3
Saint Petersburg,2032-07-10T11:50,2032-07-10T13:10,3
Moscow,2032-07-10T13:10,2032-07-10T13:35,2
Saint Petersburg,2032-07-10T13:10,2032-07-10T13:35,2
Moscow,2032-07-10T13:35,2032-07-10T13:50,1
Saint Petersburg,2032-07-10T13:35,2032-07-10T13:50,1
Moscow,2032-07-11T22:10,2032-07-11T22:50,1
Moscow,2032-07-11T22:50,2032-07-11T23:20,2
Saint Petersburg,2032-07-11T22:50,2032-07-11T23:20,1
Moscow,2032-07-11T23:20,2032-07-11T23:50,3
Saint Petersburg,2032-07-11T23:20,2032-07-11T23:50,2
Moscow,2032-07-11T23:50,2032-07-12T00:40,4
Saint Petersburg,2032-07-11T23:50,2032-07-12T00:10,3
Saint Petersburg,2032-07-12T00:10,2032-07-12T01:20,4
Moscow,2032-07-12T00:40,2032-07-12T01:20,4
Moscow,2032-07-12T01:20,2032-07-12T01:50,3
Saint Petersburg,2032-07-12T01:20,2032-07-12T01:50,3
Moscow,2032-07-12T01:50,2032-07-12T02:20,2
Saint Petersburg,2032-07-12T01:50,2032-07-12T02:20,2
Moscow,2032-07-12T02:20,2032-07-12T03:10,1
Saint Petersburg,2032-07-12T02:20,2032-07-12T02:40,1
Moscow,2032-07-12T08:10,2032-07-12T08:35,1
Moscow,2032-07-12T08:35,2032-07-12T09:20,2
Saint Petersburg,2032-07-12T08:35,2032-07-12T08:50,1
Saint Petersburg,2032-07-12T08:50,2032-07-12T09:20,2
Moscow,2032-07-12T09:20,2032-07-12T09:35,3
Saint Petersburg,2032-07-12T09:20,2032-07-12T10:10,3
Moscow,2032-07-12T09:35,2032-07-12T10:40,4
Saint Petersburg,2032-07-12T10:10,2032-07-12T11:05,4
Moscow,2032-07-12T10:40,2032-07-12T11:05,4
Moscow,2032-07-12T11:05,2032-07-12T11:50,4
Saint Petersburg,2032-07-12T11:05,2032-07-12T11:20,4
Saint Petersburg,2032-07-12T11:20,2032-07-12T11:50,4
Moscow,2032-07-12T11:50,2032-07-12T12:05,4
Saint Petersburg,2032-07-12T11:50,2032-07-12T12:40,4
Moscow,2032-07-12T12:05,2032-07-12T13:10,4
Saint Petersburg,2032-07-12T12:40,2032-07-12T13:35,4
Moscow,2032-07-12T13:10,2032-07-12T13:35,4
Moscow,2032-07-12T13:35,2032-07-12T14:20,4
Saint Petersburg,2032-07-12T13:35,2032-07-12T13:50,4
Saint Petersburg,2032-07-12T13:50,2032-07-12T14:20,4
Moscow,2032-07-12T14:20,2032-07-12T14:35,4
Saint Petersburg,2032-07-12T14:20,2032-07-12T15:10,4
Moscow,2032-07-12T14:35,2032-07-12T15:40,4
Saint Petersburg,2032-07-12T15:10,2032-07-12T16:05,4
Moscow,2032-07-12T15:40,2032-07-12T16:05,4
Moscow,2032-07-12T16:05,2032-07-12T16:50,4
Saint Petersburg,2032-07-12T16:05,2032-07-12T16:20,4
Saint Petersburg,2032-07-12T16:20,2032-07-12T16:50,4
Moscow,2032-07-12T16:50,2032-07-12T17:05,3
Saint Petersburg,2032-07-12T16:50,2032-07-12T17:40,4
Moscow,2032-07-12T17:05,2032-07-12T18:10,2
Saint Petersburg,2032-07-12T17:40,2032-07-12T18:35,3
Moscow,2032-07-12T18:10,2032-07-12T18:35,1
Saint Petersburg,2032-07-12T18:35,2032-07-12T18:50,2
Saint Petersburg,2032-07-12T18:50,2032-07-12T19:20,1
Moscow,2032-07-14T09:20,2032-07-14T09:35,1
Moscow,2032-07-14T09:35,2032-07-14T09:50,2
Moscow,2032-07-14T09:50,2032-07-14T10:10,3
Saint Petersburg,2032-07-14T09:50,2032-07-14T10:10,1
Moscow,2032-07-14T10:10,2032-07-14T11:50,4
Saint Petersburg,2032-07-14T10:10,2032-07-14T10:50,2
Saint Petersburg,2032-07-14T10:50,2032-07-14T11:20,3
Saint Petersburg,2032-07-14T11:20,2032-07-14T12:20,4
Moscow,2032-07-14T11:50,2032-07-14T12:05,4
Moscow,2032-07-14T12:05,2032-07-14T12:20,4
Moscow,2032-07-14T12:20,2032-07-14T12:40,4
Saint Petersburg,2032-07-14T12:20,2032-07-14T12:40,4
Moscow,2032-07-14T12:40,2032-07-14T14:20,4
Saint Petersburg,2032-07-14T12:40,2032-07-14T13:20,4
Saint Petersburg,2032-07-14T13:20,2032-07-14T13:50,4
Saint Petersburg,2032-07-14T13:50,2032-07-14T14:50,4
Moscow,2032-07-14T14:20,2032-07-14T14:35,4
Moscow,2032-07-14T14:35,2032-07-14T14:50,4
Moscow,2032-07-14T14:50,2032-07-14T15:10,4
Saint Petersburg,2032-07-14T14:50,2032-07-14T15:10,4
Moscow,2032-07-14T15:10,2032-07-14T16:50,4
Saint Petersburg,2032-07-14T15:10,2032-07-14T15:50,4
Saint Petersburg,2032-07-14T15:50,2032-07-14T16:20,4
Saint Petersburg,2032-07-14T16:20,2032-07-14T17:20,4
Moscow,2032-07-14T16:50,2032-07-14T17:05,4
Moscow,2032-07-14T17:05,2032-07-14T17:20,4
Moscow,2032-07-14T17:20,2032-07-14T17:40,4
Saint Petersburg,2032-07-14T17:20,2032-07-14T17:40,4
Moscow,2032-07-14T17:40,2032-07-14T19:20,4
Saint Petersburg,2032-07-14T17:40,2032-07-14T18:20,4
Saint Petersburg,2032-07-14T18:20,2032-07-14T18:50,4
Saint Petersburg,2032-07-14T18:50,2032-07-14T19:50,4
Moscow,2032-07-14T19:20,2032-07-14T19:35,4
Moscow,2032-07-14T19:35,2032-07-14T19:50,4
Moscow,2032-07-14T19:50,2032-07-14T20:10,4
Saint Petersburg,2032-07-14T19:50,2032-07-14T20:10,4
Moscow,2032-07-14T20:10,2032-07-14T21:50,4
Saint Petersburg,2032-07-14T20:10,2032-07-14T20:50,4
Saint Petersburg,2032-07-14T20:50,2032-07-14T21:20,4
Saint Petersburg,2032-07-14T21:20,2032-07-14T22:20,3
Moscow,2032-07-14T21:50,2032-07-14T22:05,3
Moscow,2032-07-14T22:05,2032-07-14T22:20,2
Moscow,2032-07-14T22:20,2032-07-14T22:40,1
Saint Petersburg,2032-07-14T22:20,2032-07-14T22:40,2
Saint Petersburg,2032-07-14T22:40,2032-07-14T23:20,1
Moscow,2032-07-16T12:35,2032-07-16T12:50,1
Moscow,2032-07-16T12:50,2032-07-16T13:20,2
Moscow,2032-07-16T13:20,2032-07-16T13:50,3
Saint Petersburg,2032-07-16T13:20,2032-07-16T14:50,1
Moscow,2032-07-16T13:50,2032-07-16T15:05,4
Saint Petersburg,2032-07-16T14:50,2032-07-16T15:20,2
Moscow,2032-07-16T15:05,2032-07-16T15:20,4
Moscow,2032-07-16T15:20,2032-07-16T15:50,4
Saint Petersburg,2032-07-16T15:20,2032-07-16T15:50,3
Moscow,2032-07-16T15:50,2032-07-16T16:20,4
Saint Petersburg,2032-07-16T15:50,2032-07-16T16:10,3
Saint Petersburg,2032-07-16T16:10,2032-07-16T17:20,4
Moscow,2032-07-16T16:20,2032-07-16T17:35,4
Saint Petersburg,2032-07-16T17:20,2032-07-16T17:50,4
Moscow,2032-07-16T17:35,2032-07-16T17:50,4
Moscow,2032-07-16T17:50,2032-07-16T18:20,4
Saint Petersburg,2032-07-16T17:50,2032-07-16T18:20,4
Moscow,2032-07-16T18:20,2032-07-16T18:50,4
Saint Petersburg,2032-07-16T18:20,2032-07-16T18:40,4
Saint Petersburg,2032-07-16T18:40,2032-07-16T19:50,4
Moscow,2032-07-16T18:50,2032-07-16T20:05,4
Saint Petersburg,2032-07-16T19:50,2032-07-16T20:20,4
Moscow,2032-07-16T20:05,2032-07-16T20:20,4
Moscow,2032-07-16T20:20,2032-07-16T20:50,4
Saint Petersburg,2032-07-16T20:20,2032-07-16T20:50,4
Moscow,2032-07-16T20:50,2032-07-16T21:20,4
Saint Petersburg,2032-07-16T20:50,2032-07-16T21:10,4
Saint Petersburg,2032-07-16T21:10,2032-07-16T22:10,3
Moscow,2032-07-16T21:20,2032-07-16T22:35,4
Saint Petersburg,2032-07-16T22:10,2032-07-16T22:20,4
Saint Petersburg,2032-07-16T22:20,2032-07-16T22:50,4
Moscow,2032-07-16T22:35,2032-07-16T22:50,4
Moscow,2032-07-16T22:50,2032-07-16T23:20,4
Saint Petersburg,2032-07-16T22:50,2032-07-16T23:20,4
Moscow,2032-07-16T23:20,2032-07-16T23:50,4
Saint Petersburg,2032-07-16T23:20,2032-07-17T00:40,4
Moscow,2032-07-16T23:50,2032-07-17T01:05,4
Saint Petersburg,2032-07-17T00:40,2032-07-17T00:50,4
Saint Petersburg,2032-07-17T00:50,2032-07-17T01:20,4
Moscow,2032-07-17T01:05,2032-07-17T01:20,3
Moscow,2032-07-17T01:20,2032-07-17T01:50,2
Saint Petersburg,2032-07-17T01:20,2032-07-17T01:50,3
Moscow,2032-07-17T01:50,2032-07-17T02:20,1
Saint Petersburg,2032-07-17T01:50,2032-07-17T03:10,2
Saint Petersburg,2032-07-17T03:10,2032-07-17T03:20,1
Moscow,2032-07-18T16:50,2032-07-18T17:20,1
Moscow,2032-07-18T17:20,2032-07-18T18:10,2
Moscow,2032-07-18T18:10,2032-07-18T18:50,3
Saint Petersburg,2032-07-18T18:10,2032-07-18T18:50,1
Moscow,2032-07-18T18:50,2032-07-18T19:20,4
Saint Petersburg,2032-07-18T18:50,2032-07-18T20:35,2
Moscow,2032-07-18T19:20,2032-07-18T19:50,4
Moscow,2032-07-18T19:50,2032-07-18T20:40,4
Saint Petersburg,2032-07-18T20:35,2032-07-18T20:40,3
Moscow,2032-07-18T20:40,2032-07-18T21:20,4
Saint Petersburg,2032-07-18T20:40,2032-07-18T20:50,2
Saint Petersburg,2032-07-18T20:50,2032-07-18T21:20,3
Moscow,2032-07-18T21:20,2032-07-18T21:50,4
Saint Petersburg,2032-07-18T21:20,2032-07-18T21:50,3
Moscow,2032-07-18T21:50,2032-07-18T22:20,4
Saint Petersburg,2032-07-18T21:50,2032-07-18T23:05,4
Moscow,2032-07-18T22:20,2032-07-18T23:10,4
Saint Petersburg,2032-07-18T23:05,2032-07-18T23:20,4
Moscow,2032-07-18T23:10,2032-07-18T23:50,4
Saint Petersburg,2032-07-18T23:20,2032-07-18T23:50,3
Moscow,2032-07-18T23:50,2032-07-19T00:20,4
Saint Petersburg,2032-07-18T23:50,2032-07-19T00:10,3
Saint Petersburg,2032-07-19T00:10,2032-07-19T00:20,4
Moscow,2032-07-19T00:20,2032-07-19T00:50,4
Saint Petersburg,2032-07-19T00:20,2032-07-19T01:35,4
Moscow,2032-07-19T00:50,2032-07-19T01:40,4
Saint Petersburg,2032-07-19T01:35,2032-07-19T02:20,4
Moscow,2032-07-19T01:40,2032-07-19T02:20,4
Moscow,2032-07-19T02:20,2032-07-19T02:50,4
Saint Petersburg,2032-07-19T02:20,2032-07-19T02:40,4
Saint Petersburg,2032-07-19T02:40,2032-07-19T02:50,4
Moscow,2032-07-19T02:50,2032-07-19T03:20,3
Saint Petersburg,2032-07-19T02:50,2032-07-19T03:20,3
Moscow,2032-07-19T03:20,2032-07-19T04:10,2
Saint Petersburg,2032-07-19T03:20,2032-07-19T04:05,4
Saint Petersburg,2032-07-19T04:05,2032-07-19T04:50,4
Moscow,2032-07-19T04:10,2032-07-19T04:50,1
Saint Petersburg,2032-07-19T04:50,2032-07-19T05:10,3
Saint Petersburg,2032-07-19T05:10,2032-07-19T05:50,2
Saint Petersburg,2032-07-19T05:50,2032-07-19T06:35,1
Moscow,2032-07-19T08:10,2032-07-19T08:35,1
Saint Petersburg,2032-07-19T08:10,2032-07-19T08:35,1
Moscow,2032-07-19T08:35,2032-07-19T08:50,2
Saint Petersburg,2032-07-19T08:35,2032-07-19T08:50,2
Moscow,2032-07-19T08:50,2032-07-19T09:20,3
Saint Petersburg,2032-07-19T08:50,2032-07-19T09:20,3
Moscow,2032-07-19T09:20,2032-07-19T10:40,4
Saint Petersburg,2032-07-19T09:20,2032-07-19T10:40,4
Moscow,2032-07-19T10:40,2032-07-19T11:05,3
Saint Petersburg,2032-07-19T10:40,2032-07-19T11:05,3
Moscow,2032-07-19T11:05,2032-07-19T11:20,2
Saint Petersburg,2032-07-19T11:05,2032-07-19T11:20,2
Moscow,2032-07-19T11:20,2032-07-19T11:50,1
Saint Petersburg,2032-07-19T11:20,2032-07-19T11:50,1
Moscow,2032-07-20T20:50,2032-07-20T21:20,1
Moscow,2032-07-20T21:20,2032-07-20T21:50,2
Moscow,2032-07-20T21:50,2032-07-20T22:10,3
Saint Petersburg,2032-07-20T21:50,2032-07-20T22:10,1
Moscow,2032-07-20T22:10,2032-07-20T23:20,4
Saint Petersburg,2032-07-20T22:10,2032-07-20T22:35,2
Saint Petersburg,2032-07-20T22:35,2032-07-20T22:50,3
Saint Petersburg,2032-07-20T22:50,2032-07-21T00:20,4
Moscow,2032-07-20T23:20,2032-07-20T23:50,4
Moscow,2032-07-20T23:50,2032-07-21T00:20,4
Moscow,2032-07-21T00:20,2032-07-21T00:40,4
Saint Petersburg,2032-07-21T00:20,2032-07-21T00:40,4
Moscow,2032-07-21T00:40,2032-07-21T01:50,4
Saint Petersburg,2032-07-21T00:40,2032-07-21T01:05,4
Saint Petersburg,2032-07-21T01:05,2032-07-21T01:20,4
Saint Petersburg,2032-07-21T01:20,2032-07-21T02:50,3
Moscow,2032-07-21T01:50,2032-07-21T02:20,3
Moscow,2032-07-21T02:20,2032-07-21T02:50,2
Moscow,2032-07-21T02:50,2032-07-21T03:10,1
Saint Petersburg,2032-07-21T02:50,2032-07-21T03:10,2
Saint Petersburg,2032-07-21T03:10,2032-07-21T03:35,1
Moscow,2032-07-21T08:10,2032-07-21T08:35,1
Saint Petersburg,2032-07-21T08:10,2032-07-21T08:35,1
Moscow,2032-07-21T08:35,2032-07-21T08:50,2
Saint Petersburg,2032-07-21T08:35,2032-07-21T08:50,2
Moscow,2032-07-21T08:50,2032-07-21T09:20,3
Saint Petersburg,2032-07-21T08:50,2032-07-21T09:50,3
Moscow,2032-07-21T09:20,2032-07-21T10:40,4
Saint Petersburg,2032-07-21T09:50,2032-07-21T10:40,4
Moscow,2032-07-21T10:40,2032-07-21T11:05,4
Saint Petersburg,2032-07-21T10:40,2032-07-21T11:05,4
Moscow,2032-07-21T11:05,2032-07-21T11:20,4
Saint Petersburg,2032-07-21T11:05,2032-07-21T11:20,3
Moscow,2032-07-21T11:20,2032-07-21T11:50,4
Saint Petersburg,2032-07-21T11:20,2032-07-21T12:20,4
Moscow,2032-07-21T11:50,2032-07-21T13:10,4
Saint Petersburg,2032-07-21T12:20,2032-07-21T13:10,4
Moscow,2032-07-21T13:10,2032-07-21T13:35,4
Saint Petersburg,2032-07-21T13:10,2032-07-21T13:50,4
Moscow,2032-07-21T13:35,2032-07-21T13:50,4
Moscow,2032-07-21T13:50,2032-07-21T14:20,4
Saint Petersburg,2032-07-21T13:50,2032-07-21T14:50,3
Moscow,2032-07-21T14:20,2032-07-21T15:40,4
Saint Petersburg,2032-07-21T14:50,2032-07-21T15:40,3
Moscow,2032-07-21T15:40,2032-07-21T16:05,3
Saint Petersburg,2032-07-21T15:40,2032-07-21T16:20,2
Moscow,2032-07-21T16:05,2032-07-21T16:20,2
Moscow,2032-07-21T16:20,2032-07-21T16:50,1
Saint Petersburg,2032-07-21T16:20,2032-07-21T16:35,1
Saint Petersburg,2032-07-21T16:35,2032-07-21T17:20,2
Saint Petersburg,2032-07-21T17:20,2032-07-21T19:05,1
Moscow,2032-07-23T08:10,2032-07-23T08:35,1
Moscow,2032-07-23T08:35,2032-07-23T08:50,2
Saint Petersburg,2032-07-23T08:35,2032-07-23T09:20,1
Moscow,2032-07-23T08:50,2032-07-23T09:20,3
Moscow,2032-07-23T09:20,2032-07-23T10:40,4
Saint Petersburg,2032-07-23T09:20,2032-07-23T09:50,2
Saint Petersburg,2032-07-23T09:50,2032-07-23T10:10,3
Saint Petersburg,2032-07-23T10:10,2032-07-23T11:05,4
Moscow,2032-07-23T10:40,2032-07-23T11:05,4
Moscow,2032-07-23T11:05,2032-07-23T11:20,4
Saint Petersburg,2032-07-23T11:05,2032-07-23T11:20,3
Moscow,2032-07-23T11:20,2032-07-23T11:50,4
Saint Petersburg,2032-07-23T11:20,2032-07-23T11:50,4
Moscow,2032-07-23T11:50,2032-07-23T13:10,4
Saint Petersburg,2032-07-23T11:50,2032-07-23T12:10,3
Saint Petersburg,2032-07-23T12:10,2032-07-23T12:20,4
Saint Petersburg,2032-07-23T12:20,2032-07-23T12:35,3
Saint Petersburg,2032-07-23T12:35,2032-07-23T12:40,4
Saint Petersburg,2032-07-23T12:40,2032-07-23T12:50,3
Saint Petersburg,2032-07-23T12:50,2032-07-23T13:50,4
Moscow,2032-07-23T13:10,2032-07-23T13:35,4
Moscow,2032-07-23T13:35,2032-07-23T13:50,4
Moscow,2032-07-23T13:50,2032-07-23T14:20,4
Saint Petersburg,2032-07-23T13:50,2032-07-23T14:40,4
Moscow,2032-07-23T14:20,2032-07-23T15:40,4
Saint Petersburg,2032-07-23T14:40,2032-07-23T14:50,3
Saint Petersburg,2032-07-23T14:50,2032-07-23T15:05,4
Saint Petersburg,2032-07-23T15:05,2032-07-23T15:20,4
Saint Petersburg,2032-07-23T15:20,2032-07-23T16:20,4
Moscow,2032-07-23T15:40,2032-07-23T16:05,4
Moscow,2032-07-23T16:05,2032-07-23T16:20,4
Moscow,2032-07-23T16:20,2032-07-23T16:50,4
Saint Petersburg,2032-07-23T16:20,2032-07-23T17:20,4
Moscow,2032-07-23T16:50,2032-07-23T18:10,4
Saint Petersburg,2032-07-23T17:20,2032-07-23T17:35,4
Saint Petersburg,2032-07-23T17:35,2032-07-23T17:50,4
Saint Petersburg,2032-07-23T17:50,2032-07-23T18:50,4
Moscow,2032-07-23T18:10,2032-07-23T18:35,4
Moscow,2032-07-23T18:35,2032-07-23T18:50,4
Moscow,2032-07-23T18:50,2032-07-23T19:20,4
Saint Petersburg,2032-07-23T18:50,2032-07-23T19:50,4
Moscow,2032-07-23T19:20,2032-07-23T20:40,4
Saint Petersburg,2032-07-23T19:50,2032-07-23T20:05,4
Saint Petersburg,2032-07-23T20:05,2032-07-23T20:20,4
Saint Petersburg,2032-07-23T20:20,2032-07-23T21:20,3
Moscow,2032-07-23T20:40,2032-07-23T21:05,3
Moscow,2032-07-23T21:05,2032-07-23T21:20,2
Moscow,2032-07-23T21:20,2032-07-23T21:50,1
Saint Petersburg,2032-07-23T21:20,2032-07-23T22:20,2
Saint Petersburg,2032-07-23T22:20,2032-07-23T22:35,1
Moscow,2032-07-25T11:20,2032-07-25T11:50,1
Moscow,2032-07-25T11:50,2032-07-25T12:10,2
Moscow,2032-07-25T12:10,2032-07-25T12:35,3
Saint Petersburg,2032-07-25T12:10,2032-07-25T12:35,1
Moscow,2032-07-25T12:35,2032-07-25T13:50,4
Saint Petersburg,2032-07-25T12:35,2032-07-25T12:50,2
Saint Petersburg,2032-07-25T12:50,2032-07-25T13:20,3
Saint Petersburg,2032-07-25T13:20,2032-07-25T14:40,4
Moscow,2032-07-25T13:50,2032-07-25T14:20,4
Moscow,2032-07-25T14:20,2032-07-25T14:40,4
Moscow,2032-07-25T14:40,2032-07-25T15:05,4
Saint Petersburg,2032-07-25T14:40,2032-07-25T15:05,4
Moscow,2032-07-25T15:05,2032-07-25T16:20,4
Saint Petersburg,2032-07-25T15:05,2032-07-25T15:20,4
Saint Petersburg,2032-07-25T15:20,2032-07-25T15:50,4
Saint Petersburg,2032-07-25T15:50,2032-07-25T17:10,4
Moscow,2032-07-25T16:20,2032-07-25T16:50,4
Moscow,2032-07-25T16:50,2032-07-25T17:10,4
Moscow,2032-07-25T17:10,2032-07-25T17:35,4
Saint Petersburg,2032-07-25T17:10,2032-07-25T17:35,4
Moscow,2032-07-25T17:35,2032-07-25T18:50,4
Saint Petersburg,2032-07-25T17:35,2032-07-25T17:50,4
Saint Petersburg,2032-07-25T17:50,2032-07-25T18:20,4
Saint Petersburg,2032-07-25T18:20,2032-07-25T19:40,4
Moscow,2032-07-25T18:50,2032-07-25T19:20,4
Moscow,2032-07-25T19:20,2032-07-25T19:40,4
Moscow,2032-07-25T19:40,2032-07-25T20:05,4
Saint Petersburg,2032-07-25T19:40,2032-07-25T20:05,4
Moscow,2032-07-25T20:05,2032-07-25T21:20,4
Saint Petersburg,2032-07-25T20:05,2032-07-25T20:20,4
Saint Petersburg,2032-07-25T20:20,2032-07-25T20:50,4
Saint Petersburg,2032-07-25T20:50,2032-07-25T22:10,4
Moscow,2032-07-25T21:20,2032-07-25T21:50,4
Moscow,2032-07-25T21:50,2032-07-25T22:10,4
Moscow,2032-07-25T22:10,2032-07-25T22:35,4
Saint Petersburg,2032-07-25T22:10,2032-07-25T22:35,4
Moscow,2032-07-25T22:35,2032-07-25T23:50,4
Saint Petersburg,2032-07-25T22:35,2032-07-25T22:50,4
Saint Petersburg,2032-07-25T22:50,2032-07-25T23:20,3
Saint Petersburg,2032-07-25T23:20,2032-07-26T00:40,2
Moscow,2032-07-25T23:50,2032-07-26T00:20,3
Moscow,2032-07-26T00:20,2032-07-26T00:40,2
Moscow,2032-07-26T00:40,2032-07-26T01:05,1
Saint Petersburg,2032-07-26T00:40,2032-07-26T01:05,1
Moscow,2032-07-27T14:50,2032-07-27T15:20,1
Moscow,2032-07-27T15:20,2032-07-27T16:10,2
Saint Petersburg,2032-07-27T15:50,2032-07-27T16:10,1
Moscow,2032-07-27T16:10,2032-07-27T16:50,3
Saint Petersburg,2032-07-27T16:10,2032-07-27T16:50,2
Moscow,2032-07-27T16:50,2032-07-27T17:20,4
Saint Petersburg,2032-07-27T16:50,2032-07-27T17:20,3
Moscow,2032-07-27T17:20,2032-07-27T17:50,4
Saint Petersburg,2032-07-27T17:20,2032-07-27T18:20,4
Moscow,2032-07-27T17:50,2032-07-27T18:10,3
Moscow,2032-07-27T18:10,2032-07-27T18:40,4
Saint Petersburg,2032-07-27T18:20,2032-07-27T18:40,4
Moscow,2032-07-27T18:40,2032-07-27T18:50,3
Saint Petersburg,2032-07-27T18:40,2032-07-27T18:50,3
Moscow,2032-07-27T18:50,2032-07-27T19:20,4
Saint Petersburg,2032-07-27T18:50,2032-07-27T19:20,4
Moscow,2032-07-27T19:20,2032-07-27T19:50,4
Saint Petersburg,2032-07-27T19:20,2032-07-27T19:50,3
Moscow,2032-07-27T19:50,2032-07-27T20:40,4
Saint Petersburg,2032-07-27T19:50,2032-07-27T20:10,3
Saint Petersburg,2032-07-27T20:10,2032-07-27T20:50,4
Moscow,2032-07-27T20:40,2032-07-27T21:20,4
Saint Petersburg,2032-07-27T20:50,2032-07-27T21:20,4
Moscow,2032-07-27T21:20,2032-07-27T21:50,4
Saint Petersburg,2032-07-27T21:20,2032-07-27T22:20,4
Moscow,2032-07-27T21:50,2032-07-27T22:20,4
Moscow,2032-07-27T22:20,2032-07-27T23:10,4
Saint Petersburg,2032-07-27T22:20,2032-07-27T22:40,4
Saint Petersburg,2032-07-27T22:40,2032-07-27T23:20,4
Moscow,2032-07-27T23:10,2032-07-27T23:50,4
Saint Petersburg,2032-07-27T23:20,2032-07-27T23:50,4
Moscow,2032-07-27T23:50,2032-07-28T00:20,4
Saint Petersburg,2032-07-27T23:50,2032-07-28T00:50,4
Moscow,2032-07-28T00:20,2032-07-28T00:50,4
Moscow,2032-07-28T00:50,2032-07-28T01:40,4
Saint Petersburg,2032-07-28T00:50,2032-07-28T01:10,4
Saint Petersburg,2032-07-28T01:10,2032-07-28T01:50,4
Moscow,2032-07-28T01:40,2032-07-28T02:20,4
Saint Petersburg,2032-07-28T01:50,2032-07-28T02:20,4
Moscow,2032-07-28T02:20,2032-07-28T02:50,4
Saint Petersburg,2032-07-28T02:20,2032-07-28T03:20,3
Moscow,2032-07-28T02:50,2032-07-28T03:20,3
Moscow,2032-07-28T03:20,2032-07-28T04:10,2
Saint Petersburg,2032-07-28T03:20,2032-07-28T03:40,2
Saint Petersburg,2032-07-28T03:40,2032-07-28T04:20,1
Moscow,2032-07-28T04:10,2032-07-28T04:50,1
Moscow,2032-07-28T08:10,2032-07-28T10:40,1
Saint Petersburg,2032-07-28T08:10,2032-07-28T10:40,2
Moscow,2032-07-29T19:50,2032-07-29T20:10,1
Moscow,2032-07-29T20:10,2032-07-29T20:35,2
Moscow,2032-07-29T20:35,2032-07-29T20:50,3
Saint Petersburg,2032-07-29T20:35,2032-07-29T20:50,1
Moscow,2032-07-29T20:50,2032-07-29T22:20,4
Saint Petersburg,2032-07-29T20:50,2032-07-29T21:20,2
Saint Petersburg,2032-07-29T21:20,2032-07-29T21:50,3
Saint Petersburg,2032-07-29T21:50,2032-07-29T23:05,4
Moscow,2032-07-29T22:20,2032-07-29T22:40,4
Moscow,2032-07-29T22:40,2032-07-29T23:05,4
Moscow,2032-07-29T23:05,2032-07-29T23:20,4
Saint Petersburg,2032-07-29T23:05,2032-07-29T23:20,4
Moscow,2032-07-29T23:20,2032-07-30T00:50,4
Saint Petersburg,2032-07-29T23:20,2032-07-29T23:50,4
Saint Petersburg,2032-07-29T23:50,2032-07-30T00:20,4
Saint Petersburg,2032-07-30T00:20,2032-07-30T01:35,4
Moscow,2032-07-30T00:50,2032-07-30T01:10,4
Moscow,2032-07-30T01:10,2032-07-30T01:35,4
Moscow,2032-07-30T01:35,2032-07-30T01:50,4
Saint Petersburg,2032-07-30T01:35,2032-07-30T01:50,4
Moscow,2032-07-30T01:50,2032-07-30T03:20,3
Saint Petersburg,2032-07-30T01:50,2032-07-30T02:10,3
Saint Petersburg,2032-07-30T02:10,2032-07-30T02:20,4
Saint Petersburg,2032-07-30T02:20,2032-07-30T02:50,3
Saint Petersburg,2032-07-30T02:50,2032-07-30T04:05,2
Moscow,2032-07-30T03:20,2032-07-30T03:40,2
Moscow,2032-07-30T03:40,2032-07-30T04:05,1
Saint Petersburg,2032-07-30T04:05,2032-07-30T04:40,1
Moscow,2032-07-30T08:10,2032-07-30T08:35,1
Saint Petersburg,2032-07-30T08:10,2032-07-30T08:35,1
Moscow,2032-07-30T08:35,2032-07-30T08:50,2
Saint Petersburg,2032-07-30T08:35,2032-07-30T08:50,2
Moscow,2032-07-30T08:50,2032-07-30T09:20,3
Saint Petersburg,2032-07-30T08:50,2032-07-30T09:20,3
Moscow,2032-07-30T09:20,2032-07-30T10:40,4
Saint Petersburg,2032-07-30T09:20,2032-07-30T10:40,4
Moscow,2032-07-30T10:40,2032-07-30T11:05,4
Saint Petersburg,2032-07-30T10:40,2032-07-30T11:05,4
Moscow,2032-07-30T11:05,2032-07-30T11:20,4
Saint Petersburg,2032-07-30T11:05,2032-07-30T11:20,4
Moscow,2032-07-30T11:20,2032-07-30T11:50,4
Saint Petersburg,2032-07-30T11:20,2032-07-30T11:50,4
Moscow,2032-07-30T11:50,2032-07-30T13:10,4
Saint Petersburg,2032-07-30T11:50,2032-07-30T13:10,4
Moscow,2032-07-30T13:10,2032-07-30T13:35,4
Saint Petersburg,2032-07-30T13:10,2032-07-30T13:35,4
Moscow,2032-07-30T13:35,2032-07-30T13:50,3
Saint Petersburg,2032-07-30T13:35,2032-07-30T13:50,3
Moscow,2032-07-30T13:50,2032-07-30T14:20,2
Saint Petersburg,2032-07-30T13:50,2032-07-30T14:20,2
Moscow,2032-07-30T14:20,2032-07-30T15:40,1
Saint Petersburg,2032-07-30T14:20,2032-07-30T15:40,1
Moscow,2032-07-31T23:20,2032-07-31T23:50,1
Moscow,2032-07-31T23:50,2032-08-01T00:10,2
Saint Petersburg,2032-07-31T23:50,2032-08-01T00:10,1
Moscow,2032-08-01T00:10,2032-08-01T01:50,3
Saint Petersburg,2032-08-01T00:10,2032-08-01T02:20,2
Moscow,2032-08-01T01:50,2032-08-01T02:20,2
Moscow,2032-08-01T02:20,2032-08-01T02:40,1
Saint Petersburg,2032-08-01T02:20,2032-08-01T02:40,1
Moscow,2032-08-01T08:10,2032-08-01T08:35,1
Saint Petersburg,2032-08-01T08:10,2032-08-01T09:20,1
Moscow,2032-08-01T08:35,2032-08-01T08:50,2
Moscow,2032-08-01T08:50,2032-08-01T09:20,3
Moscow,2032-08-01T09:20,2032-08-01T10:40,4
Saint Petersburg,2032-08-01T09:20,2032-08-01T09:50,2
Saint Petersburg,2032-08-01T09:50,2032-08-01T10:35,3
Saint Petersburg,2032-08-01T10:35,2032-08-01T10:40,4
Moscow,2032-08-01T10:40,2032-08-01T11:05,4
Saint Petersburg,2032-08-01T10:40,2032-08-01T10:50,3
Saint Petersburg,2032-08-01T10:50,2032-08-01T11:50,4
Moscow,2032-08-01T11:05,2032-08-01T11:20,4
Moscow,2032-08-01T11:20,2032-08-01T11:50,4
Moscow,2032-08-01T11:50,2032-08-01T13:10,4
Saint Petersburg,2032-08-01T11:50,2032-08-01T12:20,4
Saint Petersburg,2032-08-01T12:20,2032-08-01T13:05,4
Saint Petersburg,2032-08-01T13:05,2032-08-01T13:20,4
Moscow,2032-08-01T13:10,2032-08-01T13:35,4
Saint Petersburg,2032-08-01T13:20,2032-08-01T14:20,4
Moscow,2032-08-01T13:35,2032-08-01T13:50,4
Moscow,2032-08-01T13:50,2032-08-01T14:20,4
Moscow,2032-08-01T14:20,2032-08-01T15:40,4
Saint Petersburg,2032-08-01T14:20,2032-08-01T14:50,4
Saint Petersburg,2032-08-01T14:50,2032-08-01T15:35,4
Saint Petersburg,2032-08-01T15:35,2032-08-01T15:50,4
Moscow,2032-08-01T15:40,2032-08-01T16:05,4
Saint Petersburg,2032-08-01T15:50,2032-08-01T16:50,4
Moscow,2032-08-01T16:05,2032-08-01T16:20,4
Moscow,2032-08-01T16:20,2032-08-01T16:50,4
Moscow,2032-08-01T16:50,2032-08-01T18:10,4
Saint Petersburg,2032-08-01T16:50,2032-08-01T17:20,4
Saint Petersburg,2032-08-01T17:20,2032-08-01T18:05,4
Saint Petersburg,2032-08-01T18:05,2032-08-01T18:20,4
Moscow,2032-08-01T18:10,2032-08-01T18:35,4
Saint Petersburg,2032-08-01T18:20,2032-08-01T19:20,4
Moscow,2032-08-01T18:35,2032-08-01T18:50,3
Moscow,2032-08-01T18:50,2032-08-01T19:20,2
Moscow,2032-08-01T19:20,2032-08-01T20:40,1
Saint Petersburg,2032-08-01T19:20,2032-08-01T19:50,3
Saint Petersburg,2032-08-01T19:50,2032-08-01T20:35,2
Saint Petersburg,2032-08-01T20:35,2032-08-01T20:50,1
Moscow,2032-08-03T09:50,2032-08-03T10:10,1
Moscow,2032-08-03T10:10,2032-08-03T10:50,2
Moscow,2032-08-03T10:50,2032-08-03T11:20,3
Saint Petersburg,2032-08-03T10:50,2032-08-03T11:20,1
Moscow,2032-08-03T11:20,2032-08-03T12:20,4
Saint Petersburg,2032-08-03T11:20,2032-08-03T11:50,2
Saint Petersburg,2032-08-03T11:50,2032-08-03T12:10,3
Saint Petersburg,2032-08-03T12:10,2032-08-03T13:20,4
Moscow,2032-08-03T12:20,2032-08-03T12:40,4
Moscow,2032-08-03T12:40,2032-08-03T13:20,4
Moscow,2032-08-03T13:20,2032-08-03T13:50,4
Saint Petersburg,2032-08-03T13:20,2032-08-03T13:50,4
Moscow,2032-08-03T13:50,2032-08-03T14:50,4
Saint Petersburg,2032-08-03T13:50,2032-08-03T14:20,4
Saint Petersburg,2032-08-03T14:20,2032-08-03T14:40,4
Saint Petersburg,2032-08-03T14:40,2032-08-03T15:50,4
Moscow,2032-08-03T14:50,2032-08-03T15:10,4
Moscow,2032-08-03T15:10,2032-08-03T15:50,4
Moscow,2032-08-03T15:50,2032-08-03T16:20,4
Saint Petersburg,2032-08-03T15:50,2032-08-03T16:20,4
Moscow,2032-08-03T16:20,2032-08-03T17:20,4
Saint Petersburg,2032-08-03T16:20,2032-08-03T16:50,4
Saint Petersburg,2032-08-03T16:50,2032-08-03T17:10,4
Saint Petersburg,2032-08-03T17:10,2032-08-03T18:20,4
Moscow,2032-08-03T17:20,2032-08-03T17:40,4
Moscow,2032-08-03T17:40,2032-08-03T18:20,4
Moscow,2032-08-03T18:20,2032-08-03T18:50,4
Saint Petersburg,2032-08-03T18:20,2032-08-03T18:50,4
Moscow,2032-08-03T18:50,2032-08-03T19:50,4
Saint Petersburg,2032-08-03T18:50,2032-08-03T19:20,4
Saint Petersburg,2032-08-03T19:20,2032-08-03T19:40,4
Saint Petersburg,2032-08-03T19:40,2032-08-03T20:50,4
Moscow,2032-08-03T19:50,2032-08-03T20:10,4
Moscow,2032-08-03T20:10,2032-08-03T20:50,4
Moscow,2032-08-03T20:50,2032-08-03T21:20,4
Saint Petersburg,2032-08-03T20:50,2032-08-03T21:20,4
Moscow,2032-08-03T21:20,2032-08-03T22:20,4
Saint Petersburg,2032-08-03T21:20,2032-08-03T21:50,3
Saint Petersburg,2032-08-03T21:50,2032-08-03T22:10,3
Saint Petersburg,2032-08-03T22:10,2032-08-03T23:20,2
Moscow,2032-08-03T22:20,2032-08-03T22:40,3
Moscow,2032-08-03T22:40,2032-08-03T23:20,2
Moscow,2032-08-03T23:20,2032-08-03T23:50,1
Saint Petersburg,2032-08-03T23:20,2032-08-04T00:20,1
Moscow,2032-08-05T13:20,2032-08-05T13:50,1
Moscow,2032-08-05T13:50,2032-08-05T14:10,2
Moscow,2032-08-05T14:10,2032-08-05T14:50,3
Saint Petersburg,2032-08-05T14:10,2032-08-05T15:20,1
Moscow,2032-08-05T14:50,2032-08-05T15:50,4
Saint Petersburg,2032-08-05T15:20,2032-08-05T15:50,2
Moscow,2032-08-05T15:50,2032-08-05T16:20,4
Saint Petersburg,2032-08-05T15:50,2032-08-05T16:10,3
Saint Petersburg,2032-08-05T16:10,2032-08-05T16:40,4
Moscow,2032-08-05T16:20,2032-08-05T16:40,4
Moscow,2032-08-05T16:40,2032-08-05T16:50,3
Saint Petersburg,2032-08-05T16:40,2032-08-05T16:50,3
Moscow,2032-08-05T16:50,2032-08-05T17:20,4
Saint Petersburg,2032-08-05T16:50,2032-08-05T17:50,4
Moscow,2032-08-05T17:20,2032-08-05T18:20,4
Saint Petersburg,2032-08-05T17:50,2032-08-05T18:20,4
Moscow,2032-08-05T18:20,2032-08-05T18:50,4
Saint Petersburg,2032-08-05T18:20,2032-08-05T18:40,4
Saint Petersburg,2032-08-05T18:40,2032-08-05T18:50,3
Moscow,2032-08-05T18:50,2032-08-05T19:20,4
Saint Petersburg,2032-08-05T18:50,2032-08-05T19:20,4
Moscow,2032-08-05T19:20,2032-08-05T19:50,4
Saint Petersburg,2032-08-05T19:20,2032-08-05T20:20,4
Moscow,2032-08-05T19:50,2032-08-05T20:50,4
Saint Petersburg,2032-08-05T20:20,2032-08-05T20:50,4
Moscow,2032-08-05T20:50,2032-08-05T21:20,4
Saint Petersburg,2032-08-05T20:50,2032-08-05T21:20,4
Moscow,2032-08-05T21:20,2032-08-05T21:50,4
Saint Petersburg,2032-08-05T21:20,2032-08-05T21:50,4
Moscow,2032-08-05T21:50,2032-08-05T22:20,4
Saint Petersburg,2032-08-05T21:50,2032-08-05T22:50,4
Moscow,2032-08-05T22:20,2032-08-05T23:20,4
Saint Petersburg,2032-08-05T22:50,2032-08-05T23:20,4
Moscow,2032-08-05T23:20,2032-08-05T23:50,4
Saint Petersburg,2032-08-05T23:20,2032-08-05T23:50,4
Moscow,2032-08-05T23:50,2032-08-06T00:20,4
Saint Petersburg,2032-08-05T23:50,2032-08-06T00:20,4
Moscow,2032-08-06T00:20,2032-08-06T00:50,4
Saint Petersburg,2032-08-06T00:20,2032-08-06T01:20,4
Moscow,2032-08-06T00:50,2032-08-06T01:50,4
Saint Petersburg,2032-08-06T01:20,2032-08-06T01:50,4
Moscow,2032-08-06T01:50,2032-08-06T02:20,3
Saint Petersburg,2032-08-06T01:50,2032-08-06T02:20,4
Moscow,2032-08-06T02:20,2032-08-06T02:50,2
Saint Petersburg,2032-08-06T02:20,2032-08-06T02:50,3
Moscow,2032-08-06T02:50,2032-08-06T03:20,1
Saint Petersburg,2032-08-06T02:50,2032-08-06T03:50,2
Saint Petersburg,2032-08-06T03:50,2032-08-06T04:20,1
Moscow,2032-08-07T18:10,2032-08-07T18:50,1
Moscow,2032-08-07T18:50,2032-08-07T19:20,2
Saint Petersburg,2032-08-07T18:50,2032-08-07T19:50,1
Moscow,2032-08-07T19:20,2032-08-07T19:50,3
Moscow,2032-08-07T19:50,2032-08-07T20:40,4
Saint Petersburg,2032-08-07T19:50,2032-08-07T20:10,2
Saint Petersburg,2032-08-07T20:10,2032-08-07T20:35,3
Saint Petersburg,2032-08-07T20:35,2032-08-07T21:20,4
Moscow,2032-08-07T20:40,2032-08-07T21:20,4
Moscow,2032-08-07T21:20,2032-08-07T21:50,4
Saint Petersburg,2032-08-07T21:20,2032-08-07T22:20,4
Moscow,2032-08-07T21:50,2032-08-07T22:20,4
Moscow,2032-08-07T22:20,2032-08-07T23:10,4
Saint Petersburg,2032-08-07T22:20,2032-08-07T22:40,4
Saint Petersburg,2032-08-07T22:40,2032-08-07T23:05,4
Saint Petersburg,2032-08-07T23:05,2032-08-07T23:50,4
Moscow,2032-08-07T23:10,2032-08-07T23:50,4
Moscow,2032-08-07T23:50,2032-08-08T00:20,4
Saint Petersburg,2032-08-07T23:50,2032-08-08T00:50,4
Moscow,2032-08-08T00:20,2032-08-08T00:50,4
Moscow,2032-08-08T00:50,2032-08-08T01:40,4
Saint Petersburg,2032-08-08T00:50,2032-08-08T01:10,4
Saint Petersburg,2032-08-08T01:10,2032-08-08T01:35,4
Saint Petersburg,2032-08-08T01:35,2032-08-08T02:20,4
Moscow,2032-08-08T01:40,2032-08-08T02:20,4
Moscow,2032-08-08T02:20,2032-08-08T02:50,4
Saint Petersburg,2032-08-08T02:20,2032-08-08T03:20,3
Moscow,2032-08-08T02:50,2032-08-08T03:20,3
Moscow,2032-08-08T03:20,2032-08-08T04:10,2
Saint Petersburg,2032-08-08T03:20,2032-08-08T03:40,2
Saint Petersburg,2032-08-08T03:40,2032-08-08T04:05,1
Moscow,2032-08-08T04:10,2032-08-08T04:50,1
Saint Petersburg,2032-08-08T07:50,2032-08-08T08:10,1
Moscow,2032-08-08T08:10,2032-08-08T08:35,1
Saint Petersburg,2032-08-08T08:10,2032-08-08T08:35,2
Moscow,2032-08-08T08:35,2032-08-08T08:50,2
Saint Petersburg,2032-08-08T08:35,2032-08-08T08:50,3
Moscow,2032-08-08T08:50,2032-08-08T09:20,3
Saint Petersburg,2032-08-08T08:50,2032-08-08T10:20,4
Moscow,2032-08-08T09:20,2032-08-08T10:40,4
Saint Petersburg,2032-08-08T10:20,2032-08-08T10:40,4
Moscow,2032-08-08T10:40,2032-08-08T11:05,4
Saint Petersburg,2032-08-08T10:40,2032-08-08T11:05,4
Moscow,2032-08-08T11:05,2032-08-08T11:20,4
Saint Petersburg,2032-08-08T11:05,2032-08-08T11:20,4
Moscow,2032-08-08T11:20,2032-08-08T11:50,3
Saint Petersburg,2032-08-08T11:20,2032-08-08T12:50,3
Moscow,2032-08-08T11:50,2032-08-08T13:10,2
Saint Petersburg,2032-08-08T12:50,2032-08-08T13:10,2
Moscow,2032-08-08T13:10,2032-08-08T13:35,1
Saint Petersburg,2032-08-08T13:10,2032-08-08T13:35,1
Moscow,2032-08-09T21:50,2032-08-09T22:10,1
Moscow,2032-08-09T22:10,2032-08-09T22:50,2
Saint Petersburg,2032-08-09T22:35,2032-08-09T22:50,1
Moscow,2032-08-09T22:50,2032-08-09T23:20,3
Saint Petersburg,2032-08-09T22:50,2032-08-09T23:20,2
Moscow,2032-08-09T23:20,2032-08-10T00:20,4
Saint Petersburg,2032-08-09T23:20,2032-08-09T23:50,3
Saint Petersburg,2032-08-09T23:50,2032-08-10T01:05,4
Moscow,2032-08-10T00:20,2032-08-10T00:40,4
Moscow,2032-08-10T00:40,2032-08-10T01:20,4
Saint Petersburg,2032-08-10T01:05,2032-08-10T01:20,4
Moscow,2032-08-10T01:20,2032-08-10T01:50,3
Saint Petersburg,2032-08-10T01:20,2032-08-10T01:50,3
Moscow,2032-08-10T01:50,2032-08-10T02:50,2
Saint Petersburg,2032-08-10T01:50,2032-08-10T02:20,2
Saint Petersburg,2032-08-10T02:20,2032-08-10T03:35,1
Moscow,2032-08-10T02:50,2032-08-10T03:10,1
Moscow,2032-08-10T08:10,2032-08-10T08:35,1
Saint Petersburg,2032-08-10T08:10,2032-08-10T08:35,1
Moscow,2032-08-10T08:35,2032-08-10T08:50,2
Saint Petersburg,2032-08-10T08:35,2032-08-10T08:50,2
Moscow,2032-08-10T08:50,2032-08-10T09:20,3
Saint Petersburg,2032-08-10T08:50,2032-08-10T09:50,3
Moscow,2032-08-10T09:20,2032-08-10T10:40,4
Saint Petersburg,2032-08-10T09:50,2032-08-10T10:40,4
Moscow,2032-08-10T10:40,2032-08-10T11:05,4
Saint Petersburg,2032-08-10T10:40,2032-08-10T10:50,3
Saint Petersburg,2032-08-10T10:50,2032-08-10T11:05,4
Moscow,2032-08-10T11:05,2032-08-10T11:20,4
Saint Petersburg,2032-08-10T11:05,2032-08-10T11:20,3
Moscow,2032-08-10T11:20,2032-08-10T11:50,4
Saint Petersburg,2032-08-10T11:20,2032-08-10T12:10,3
Moscow,2032-08-10T11:50,2032-08-10T13:10,4
Saint Petersburg,2032-08-10T12:10,2032-08-10T12:20,4
Saint Petersburg,2032-08-10T12:20,2032-08-10T13:20,4
Moscow,2032-08-10T13:10,2032-08-10T13:35,4
Saint Petersburg,2032-08-10T13:20,2032-08-10T13:50,4
Moscow,2032-08-10T13:35,2032-08-10T13:50,4
Moscow,2032-08-10T13:50,2032-08-10T14:20,4
Saint Petersburg,2032-08-10T13:50,2032-08-10T14:40,4
Moscow,2032-08-10T14:20,2032-08-10T15:40,4
Saint Petersburg,2032-08-10T14:40,2032-08-10T14:50,4
Saint Petersburg,2032-08-10T14:50,2032-08-10T15:50,4
Moscow,2032-08-10T15:40,2032-08-10T16:05,4
Saint Petersburg,2032-08-10T15:50,2032-08-10T16:20,4
Moscow,2032-08-10T16:05,2032-08-10T16:20,4
Moscow,2032-08-10T16:20,2032-08-10T16:50,3
Saint Petersburg,2032-08-10T16:20,2032-08-10T17:10,3
Moscow,2032-08-10T16:50,2032-08-10T18:10,2
Saint Petersburg,2032-08-10T17:10,2032-08-10T17:20,2
Saint Petersburg,2032-08-10T17:20,2032-08-10T18:20,2
Moscow,2032-08-10T18:10,2032-08-10T18:35,1
Saint Petersburg,2032-08-10T18:20,2032-08-10T19:50,1
Moscow,2032-08-12T08:50,2032-08-12T09:20,1
Moscow,2032-08-12T09:20,2032-08-12T09:35,2
Saint Petersburg,2032-08-12T09:20,2032-08-12T09:50,1
Moscow,2032-08-12T09:35,2032-08-12T09:50,3
Moscow,2032-08-12T09:50,2032-08-12T11:20,4
Saint Petersburg,2032-08-12T09:50,2032-08-12T10:10,2
Saint Petersburg,2032-08-12T10:10,2032-08-12T10:50,3
Saint Petersburg,2032-08-12T10:50,2032-08-12T11:50,4
Moscow,2032-08-12T11:20,2032-08-12T11:50,4
Moscow,2032-08-12T11:50,2032-08-12T12:05,4
Saint Petersburg,2032-08-12T11:50,2032-08-12T12:20,4
Moscow,2032-08-12T12:05,2032-08-12T12:20,4
Moscow,2032-08-12T12:20,2032-08-12T13:50,4
Saint Petersburg,2032-08-12T12:20,2032-08-12T12:40,4
Saint Petersburg,2032-08-12T12:40,2032-08-12T13:20,4
Saint Petersburg,2032-08-12T13:20,2032-08-12T14:20,4
Moscow,2032-08-12T13:50,2032-08-12T14:20,4
Moscow,2032-08-12T14:20,2032-08-12T14:35,4
Saint Petersburg,2032-08-12T14:20,2032-08-12T14:50,4
Moscow,2032-08-12T14:35,2032-08-12T14:50,4
Moscow,2032-08-12T14:50,2032-08-12T16:20,4
Saint Petersburg,2032-08-12T14:50,2032-08-12T15:10,4
Saint Petersburg,2032-08-12T15:10,2032-08-12T15:50,4
Saint Petersburg,2032-08-12T15:50,2032-08-12T16:50,4
Moscow,2032-08-12T16:20,2032-08-12T16:50,4
Moscow,2032-08-12T16:50,2032-08-12T17:05,4
Saint Petersburg,2032-08-12T16:50,2032-08-12T17:20,4
Moscow,2032-08-12T17:05,2032-08-12T17:20,4
Moscow,2032-08-12T17:20,2032-08-12T18:50,4
Saint Petersburg,2032-08-12T17:20,2032-08-12T17:40,4
Saint Petersburg,2032-08-12T17:40,2032-08-12T18:20,4
Saint Petersburg,2032-08-12T18:20,2032-08-12T19:20,4
Moscow,2032-08-12T18:50,2032-08-12T19:20,4
Moscow,2032-08-12T19:20,2032-08-12T19:35,4
Saint Petersburg,2032-08-12T19:20,2032-08-12T19:50,4
Moscow,2032-08-12T19:35,2032-08-12T19:50,4
Moscow,2032-08-12T19:50,2032-08-12T21:20,4
Saint Petersburg,2032-08-12T19:50,2032-08-12T20:10,4
Saint Petersburg,2032-08-12T20:10,2032-08-12T20:50,4
Saint Petersburg,2032-08-12T20:50,2032-08-12T21:50,3
Moscow,2032-08-12T21:20,2032-08-12T21:50,3
Moscow,2032-08-12T21:50,2032-08-12T22:05,2
Saint Petersburg,2032-08-12T21:50,2032-08-12T22:20,2
Moscow,2032-08-12T22:05,2032-08-12T22:20,1
Saint Petersburg,2032-08-12T22:20,2032-08-12T22:40,1
Moscow,2032-08-14T12:10,2032-08-14T12:35,1
Moscow,2032-08-14T12:35,2032-08-14T12:50,2
Moscow,2032-08-14T12:50,2032-08-14T13:20,3
Saint Petersburg,2032-08-14T12:50,2032-08-14T13:20,1
Moscow,2032-08-14T13:20,2032-08-14T14:40,4
Saint Petersburg,2032-08-14T13:20,2032-08-14T13:50,2
Saint Petersburg,2032-08-14T13:50,2032-08-14T14:10,3
Saint Petersburg,2032-08-14T14:10,2032-08-14T15:20,4
Moscow,2032-08-14T14:40,2032-08-14T15:05,4
Moscow,2032-08-14T15:05,2032-08-14T15:20,4
Moscow,2032-08-14T15:20,2032-08-14T15:50,4
Saint Petersburg,2032-08-14T15:20,2032-08-14T15:50,4
Moscow,2032-08-14T15:50,2032-08-14T17:10,4
Saint Petersburg,2032-08-14T15:50,2032-08-14T16:20,4
Saint Petersburg,2032-08-14T16:20,2032-08-14T16:40,4
Saint Petersburg,2032-08-14T16:40,2032-08-14T17:50,4
Moscow,2032-08-14T17:10,2032-08-14T17:35,4
Moscow,2032-08-14T17:35,2032-08-14T17:50,4
Moscow,2032-08-14T17:50,2032-08-14T18:20,4
Saint Petersburg,2032-08-14T17:50,2032-08-14T18:20,4
Moscow,2032-08-14T18:20,2032-08-14T19:40,4
Saint Petersburg,2032-08-14T18:20,2032-08-14T18:50,4
Saint Petersburg,2032-08-14T18:50,2032-08-14T19:10,4
Saint Petersburg,2032-08-14T19:10,2032-08-14T20:20,4
Moscow,2032-08-14T19:40,2032-08-14T20:05,4
Moscow,2032-08-14T20:05,2032-08-14T20:20,4
Moscow,2032-08-14T20:20,2032-08-14T20:50,4
Saint Petersburg,2032-08-14T20:20,2032-08-14T20:50,4
Moscow,2032-08-14T20:50,2032-08-14T22:10,4
Saint Petersburg,2032-08-14T20:50,2032-08-14T21:20,4
Saint Petersburg,2032-08-14T21:20,2032-08-14T21:40,4
Saint Petersburg,2032-08-14T21:40,2032-08-14T22:50,4
Moscow,2032-08-14T22:10,2032-08-14T22:35,4
Moscow,2032-08-14T22:35,2032-08-14T22:50,4
Moscow,2032-08-14T22:50,2032-08-14T23:20,4
Saint Petersburg,2032-08-14T22:50,2032-08-14T23:20,4
Moscow,2032-08-14T23:20,2032-08-15T00:40,4
Saint Petersburg,2032-08-14T23:20,2032-08-14T23:50,4
Saint Petersburg,2032-08-14T23:50,2032-08-15T00:10,4
Saint Petersburg,2032-08-15T00:10,2032-08-15T01:20,3
Moscow,2032-08-15T00:40,2032-08-15T01:05,3
Moscow,2032-08-15T01:05,2032-08-15T01:20,2
Moscow,2032-08-15T01:20,2032-08-15T01:50,1
Saint Petersburg,2032-08-15T01:20,2032-08-15T01:50,2
Saint Petersburg,2032-08-15T01:50,2032-08-15T02:20,1
Moscow,2032-08-16T16:10,2032-08-16T16:50,1
Moscow,2032-08-16T16:50,2032-08-16T17:20,2
Moscow,2032-08-16T17:20,2032-08-16T18:10,3
Saint Petersburg,2032-08-16T17:20,2032-08-16T18:10,1
Moscow,2032-08-16T18:10,2032-08-16T18:40,4
Saint Petersburg,2032-08-16T18:10,2032-08-16T18:50,2
Moscow,2032-08-16T18:40,2032-08-16T18:50,3
Moscow,2032-08-16T18:50,2032-08-16T19:20,4
Saint Petersburg,2032-08-16T18:50,2032-08-16T19:50,3
Moscow,2032-08-16T19:20,2032-08-16T19:50,4
Moscow,2032-08-16T19:50,2032-08-16T20:40,4
Saint Petersburg,2032-08-16T19:50,2032-08-16T20:10,3
Saint Petersburg,2032-08-16T20:10,2032-08-16T20:40,4
Moscow,2032-08-16T20:40,2032-08-16T21:20,4
Saint Petersburg,2032-08-16T20:40,2032-08-16T20:50,3
Saint Petersburg,2032-08-16T20:50,2032-08-16T21:20,4
Moscow,2032-08-16T21:20,2032-08-16T21:50,4
Saint Petersburg,2032-08-16T21:20,2032-08-16T22:20,4
Moscow,2032-08-16T21:50,2032-08-16T22:20,4
Moscow,2032-08-16T22:20,2032-08-16T23:10,4
Saint Petersburg,2032-08-16T22:20,2032-08-16T22:40,4
Saint Petersburg,2032-08-16T22:40,2032-08-16T23:20,4
Moscow,2032-08-16T23:10,2032-08-16T23:50,4
Saint Petersburg,2032-08-16T23:20,2032-08-16T23:50,4
Moscow,2032-08-16T23:50,2032-08-17T00:20,4
Saint Petersburg,2032-08-16T23:50,2032-08-17T00:50,4
Moscow,2032-08-17T00:20,2032-08-17T00:50,4
Moscow,2032-08-17T00:50,2032-08-17T01:40,4
Saint Petersburg,2032-08-17T00:50,2032-08-17T01:10,4
Saint Petersburg,2032-08-17T01:10,2032-08-17T01:50,4
Moscow,2032-08-17T01:40,2032-08-17T02:20,4
Saint Petersburg,2032-08-17T01:50,2032-08-17T02:20,4
Moscow,2032-08-17T02:20,2032-08-17T02:50,4
Saint Petersburg,2032-08-17T02:20,2032-08-17T03:20,4
Moscow,2032-08-17T02:50,2032-08-17T03:20,3
Moscow,2032-08-17T03:20,2032-08-17T04:10,2
Saint Petersburg,2032-08-17T03:20,2032-08-17T03:40,4
Saint Petersburg,2032-08-17T03:40,2032-08-17T04:20,3
Moscow,2032-08-17T04:10,2032-08-17T04:50,1
Saint Petersburg,2032-08-17T04:20,2032-08-17T04:50,2
Saint Petersburg,2032-08-17T04:50,2032-08-17T05:50,1
Moscow,2032-08-17T08:10,2032-08-17T08:35,1
Saint Petersburg,2032-08-17T08:10,2032-08-17T08:35,1
Moscow,2032-08-17T08:35,2032-08-17T08:50,2
Saint Petersburg,2032-08-17T08:35,2032-08-17T08:50,2
Moscow,2032-08-17T08:50,2032-08-17T10:40,3
Saint Petersburg,2032-08-17T08:50,2032-08-17T10:40,3
Moscow,2032-08-17T10:40,2032-08-17T11:05,2
Saint Petersburg,2032-08-17T10:40,2032-08-17T11:05,2
Moscow,2032-08-17T11:05,2032-08-17T11:20,1
Saint Petersburg,2032-08-17T11:05,2032-08-17T11:20,1
Moscow,2032-08-18T20:35,2032-08-18T20:50,1
Moscow,2032-08-18T20:50,2032-08-18T21:20,2
Moscow,2032-08-18T21:20,2032-08-18T21:50,3
Saint Petersburg,2032-08-18T21:20,2032-08-18T21:50,1
Moscow,2032-08-18T21:50,2032-08-18T23:05,4
Saint Petersburg,2032-08-18T21:50,2032-08-18T22:10,2
Saint Petersburg,2032-08-18T22:10,2032-08-18T22:35,3
Saint Petersburg,2032-08-18T22:35,2032-08-18T23:50,4
Moscow,2032-08-18T23:05,2032-08-18T23:20,4
Moscow,2032-08-18T23:20,2032-08-18T23:50,4
Moscow,2032-08-18T23:50,2032-08-19T00:20,4
Saint Petersburg,2032-08-18T23:50,2032-08-19T00:20,4
Moscow,2032-08-19T00:20,2032-08-19T01:35,4
Saint Petersburg,2032-08-19T00:20,2032-08-19T00:40,4
Saint Petersburg,2032-08-19T00:40,2032-08-19T01:05,4
Saint Petersburg,2032-08-19T01:05,2032-08-19T02:20,4
Moscow,2032-08-19T01:35,2032-08-19T01:50,4
Moscow,2032-08-19T01:50,2032-08-19T02:20,3
Moscow,2032-08-19T02:20,2032-08-19T02:50,2
Saint Petersburg,2032-08-19T02:20,2032-08-19T02:50,3
Moscow,2032-08-19T02:50,2032-08-19T04:05,1
Saint Petersburg,2032-08-19T02:50,2032-08-19T03:10,2
Saint Petersburg,2032-08-19T03:10,2032-08-19T03:35,1
Moscow,2032-08-19T08:10,2032-08-19T08:35,1
Saint Petersburg,2032-08-19T08:10,2032-08-19T08:50,1
Moscow,2032-08-19T08:35,2032-08-19T08:50,2
Moscow,2032-08-19T08:50,2032-08-19T09:20,3
Saint Petersburg,2032-08-19T08:50,2032-08-19T09:20,2
Moscow,2032-08-19T09:20,2032-08-19T10:40,4
Saint Petersburg,2032-08-19T09:20,2032-08-19T10:35,3
Saint Petersburg,2032-08-19T10:35,2032-08-19T10:40,4
Moscow,2032-08-19T10:40,2032-08-19T11:05,4
Saint Petersburg,2032-08-19T10:40,2032-08-19T11:20,4
Moscow,2032-08-19T11:05,2032-08-19T11:20,4
Moscow,2032-08-19T11:20,2032-08-19T11:50,4
Saint Petersburg,2032-08-19T11:20,2032-08-19T11:50,4
Moscow,2032-08-19T11:50,2032-08-19T13:10,4
Saint Petersburg,2032-08-19T11:50,2032-08-19T13:05,4
Saint Petersburg,2032-08-19T13:05,2032-08-19T13:10,4
Moscow,2032-08-19T13:10,2032-08-19T13:35,4
Saint Petersburg,2032-08-19T13:10,2032-08-19T13:50,4
Moscow,2032-08-19T13:35,2032-08-19T13:50,4
Moscow,2032-08-19T13:50,2032-08-19T14:20,4
Saint Petersburg,2032-08-19T13:50,2032-08-19T14:20,4
Moscow,2032-08-19T14:20,2032-08-19T15:40,3
Saint Petersburg,2032-08-19T14:20,2032-08-19T15:35,3
Saint Petersburg,2032-08-19T15:35,2032-08-19T15:40,2
Moscow,2032-08-19T15:40,2032-08-19T16:05,2
Saint Petersburg,2032-08-19T15:40,2032-08-19T16:20,1
Moscow,2032-08-19T16:05,2032-08-19T16:20,1
Saint Petersburg,2032-08-19T16:35,2032-08-19T19:05,1
Moscow,2032-08-21T00:10,2032-08-21T02:40,1
Moscow,2032-08-21T08:10,2032-08-21T08:35,1
Saint Petersburg,2032-08-21T08:10,2032-08-21T08:35,1
Moscow,2032-08-21T08:35,2032-08-21T08:50,2
Saint Petersburg,2032-08-21T08:35,2032-08-21T08:50,2
Moscow,2032-08-21T08:50,2032-08-21T09:20,3
Saint Petersburg,2032-08-21T08:50,2032-08-21T09:50,3
Moscow,2032-08-21T09:20,2032-08-21T10:40,4
Saint Petersburg,2032-08-21T09:50,2032-08-21T10:40,4
Moscow,2032-08-21T10:40,2032-08-21T11:05,4
Saint Petersburg,2032-08-21T10:40,2032-08-21T11:05,4
Moscow,2032-08-21T11:05,2032-08-21T11:20,4
Saint Petersburg,2032-08-21T11:05,2032-08-21T11:20,4
Moscow,2032-08-21T11:20,2032-08-21T11:50,4
Saint Petersburg,2032-08-21T11:20,2032-08-21T12:20,4
Moscow,2032-08-21T11:50,2032-08-21T13:10,4
Saint Petersburg,2032-08-21T12:20,2032-08-21T13:10,4
Moscow,2032-08-21T13:10,2032-08-21T13:35,4
Saint Petersburg,2032-08-21T13:10,2032-08-21T13:35,4
Moscow,2032-08-21T13:35,2032-08-21T13:50,4
Saint Petersburg,2032-08-21T13:35,2032-08-21T13:50,4
Moscow,2032-08-21T13:50,2032-08-21T14:20,4
Saint Petersburg,2032-08-21T13:50,2032-08-21T14:50,4
Moscow,2032-08-21T14:20,2032-08-21T15:40,4
Saint Petersburg,2032-08-21T14:50,2032-08-21T15:40,4
Moscow,2032-08-21T15:40,2032-08-21T16:05,4
Saint Petersburg,2032-08-21T15:40,2032-08-21T16:05,4
Moscow,2032-08-21T16:05,2032-08-21T16:20,4
Saint Petersburg,2032-08-21T16:05,2032-08-21T16:20,4
Moscow,2032-08-21T16:20,2032-08-21T16:50,4
Saint Petersburg,2032-08-21T16:20,2032-08-21T17:20,4
Moscow,2032-08-21T16:50,2032-08-21T18:10,4
Saint Petersburg,2032-08-21T17:20,2032-08-21T18:10,4
Moscow,2032-08-21T18:10,2032-08-21T18:35,4
Saint Petersburg,2032-08-21T18:10,2032-08-21T18:35,4
Moscow,2032-08-21T18:35,2032-08-21T18:50,4
Saint Petersburg,2032-08-21T18:35,2032-08-21T18:50,4
Moscow,2032-08-21T18:50,2032-08-21T19:20,4
Saint Petersburg,2032-08-21T18:50,2032-08-21T19:50,4
Moscow,2032-08-21T19:20,2032-08-21T20:40,3
Saint Petersburg,2032-08-21T19:50,2032-08-21T20:40,3
Moscow,2032-08-21T20:40,2032-08-21T21:05,2
Saint Petersburg,2032-08-21T20:40,2032-08-21T21:05,2
Moscow,2032-08-21T21:05,2032-08-21T21:20,1
Saint Petersburg,2032-08-21T21:05,2032-08-21T21:20,1
Moscow,2032-08-23T10:50,2032-08-23T11:20,1
Moscow,2032-08-23T11:20,2032-08-23T11:50,2
Moscow,2032-08-23T11:50,2032-08-23T12:10,3
Saint Petersburg,2032-08-23T11:50,2032-08-23T12:10,1
Moscow,2032-08-23T12:10,2032-08-23T13:20,4
Saint Petersburg,2032-08-23T12:10,2032-08-23T12:35,2
Saint Petersburg,2032-08-23T12:35,2032-08-23T12:50,3
Saint Petersburg,2032-08-23T12:50,2032-08-23T14:20,4
Moscow,2032-08-23T13:20,2032-08-23T13:50,4
Moscow,2032-08-23T13:50,2032-08-23T14:20,4
Moscow,2032-08-23T14:20,2032-08-23T14:40,4
Saint Petersburg,2032-08-23T14:20,2032-08-23T14:40,4
Moscow,2032-08-23T14:40,2032-08-23T15:50,4
Saint Petersburg,2032-08-23T14:40,2032-08-23T15:05,4
Saint Petersburg,2032-08-23T15:05,2032-08-23T15:20,4
Saint Petersburg,2032-08-23T15:20,2032-08-23T16:50,4
Moscow,2032-08-23T15:50,2032-08-23T16:20,4
Moscow,2032-08-23T16:20,2032-08-23T16:50,4
Moscow,2032-08-23T16:50,2032-08-23T17:10,4
Saint Petersburg,2032-08-23T16:50,2032-08-23T17:10,4
Moscow,2032-08-23T17:10,2032-08-23T18:20,4
Saint Petersburg,2032-08-23T17:10,2032-08-23T17:20,3
Saint Petersburg,2032-08-23T17:20,2032-08-23T17:35,4
Saint Petersburg,2032-08-23T17:35,2032-08-23T17:50,4
Saint Petersburg,2032-08-23T17:50,2032-08-23T19:20,4
Moscow,2032-08-23T18:20,2032-08-23T18:50,4
Moscow,2032-08-23T18:50,2032-08-23T19:20,4
Moscow,2032-08-23T19:20,2032-08-23T19:40,4
Saint Petersburg,2032-08-23T19:20,2032-08-23T19:50,4
Moscow,2032-08-23T19:40,2032-08-23T20:50,4
Saint Petersburg,2032-08-23T19:50,2032-08-23T20:05,4
Saint Petersburg,2032-08-23T20:05,2032-08-23T20:10,3
Saint Petersburg,2032-08-23T20:10,2032-08-23T20:20,4
Saint Petersburg,2032-08-23T20:20,2032-08-23T20:50,3
Moscow,2032-08-23T20:50,2032-08-23T21:20,4
Saint Petersburg,2032-08-23T20:50,2032-08-23T21:50,4
Moscow,2032-08-23T21:20,2032-08-23T21:50,4
Moscow,2032-08-23T21:50,2032-08-23T22:10,4
Saint Petersburg,2032-08-23T21:50,2032-08-23T22:20,4
Moscow,2032-08-23T22:10,2032-08-23T23:20,4
Saint Petersburg,2032-08-23T22:20,2032-08-23T22:35,3
Saint Petersburg,2032-08-23T22:35,2032-08-23T22:40,4
Saint Petersburg,2032-08-23T22:40,2032-08-23T23:20,4
Moscow,2032-08-23T23:20,2032-08-23T23:50,3
Saint Petersburg,2032-08-23T23:20,2032-08-24T00:20,3
Moscow,2032-08-23T23:50,2032-08-24T00:20,2
Moscow,2032-08-24T00:20,2032-08-24T00:40,1
Saint Petersburg,2032-08-24T00:20,2032-08-24T01:05,2
Saint Petersburg,2032-08-24T01:05,2032-08-24T01:10,1
Moscow,2032-08-25T14:10,2032-08-25T14:50,1
Moscow,2032-08-25T14:50,2032-08-25T15:20,2
Moscow,2032-08-25T15:20,2032-08-25T16:10,3
Saint Petersburg,2032-08-25T15:20,2032-08-25T15:50,1
Saint Petersburg,2032-08-25T15:50,2032-08-25T16:10,2
Moscow,2032-08-25T16:10,2032-08-25T16:40,4
Saint Petersburg,2032-08-25T16:10,2032-08-25T16:50,3
Moscow,2032-08-25T16:40,2032-08-25T17:20,3
Saint Petersburg,2032-08-25T16:50,2032-08-25T17:50,4
Moscow,2032-08-25T17:20,2032-08-25T17:50,3
Moscow,2032-08-25T17:50,2032-08-25T18:10,2
Saint Petersburg,2032-08-25T17:50,2032-08-25T18:20,4
Moscow,2032-08-25T18:10,2032-08-25T18:40,3
Saint Petersburg,2032-08-25T18:20,2032-08-25T18:40,4
Moscow,2032-08-25T18:40,2032-08-25T18:50,2
Saint Petersburg,2032-08-25T18:40,2032-08-25T18:50,3
Moscow,2032-08-25T18:50,2032-08-25T19:20,3
Saint Petersburg,2032-08-25T18:50,2032-08-25T19:20,4
Moscow,2032-08-25T19:20,2032-08-25T19:50,4
Saint Petersburg,2032-08-25T19:20,2032-08-25T19:50,3
Moscow,2032-08-25T19:50,2032-08-25T20:40,4
Saint Petersburg,2032-08-25T19:50,2032-08-25T20:20,4
Saint Petersburg,2032-08-25T20:20,2032-08-25T20:50,4
Moscow,2032-08-25T20:40,2032-08-25T21:20,4
Saint Petersburg,2032-08-25T20:50,2032-08-25T21:20,4
Moscow,2032-08-25T21:20,2032-08-25T21:50,4
Saint Petersburg,2032-08-25T21:20,2032-08-25T22:20,4
Moscow,2032-08-25T21:50,2032-08-25T22:20,4
Moscow,2032-08-25T22:20,2032-08-25T23:10,4
Saint Petersburg,2032-08-25T22:20,2032-08-25T22:50,4
Saint Petersburg,2032-08-25T22:50,2032-08-25T23:20,4
Moscow,2032-08-25T23:10,2032-08-25T23:50,4
Saint Petersburg,2032-08-25T23:20,2032-08-25T23:50,4
Moscow,2032-08-25T23:50,2032-08-26T00:20,4
Saint Petersburg,2032-08-25T23:50,2032-08-26T00:35,3
Moscow,2032-08-26T00:20,2032-08-26T00:50,4
Saint Petersburg,2032-08-26T00:35,2032-08-26T00:50,4
Moscow,2032-08-26T00:50,2032-08-26T01:40,4
Saint Petersburg,2032-08-26T00:50,2032-08-26T01:20,4
Saint Petersburg,2032-08-26T01:20,2032-08-26T01:50,4
Moscow,2032-08-26T01:40,2032-08-26T02:20,4
Saint Petersburg,2032-08-26T01:50,2032-08-26T03:05,4
Moscow,2032-08-26T02:20,2032-08-26T02:50,4
Moscow,2032-08-26T02:50,2032-08-26T03:20,3
Saint Petersburg,2032-08-26T03:05,2032-08-26T03:20,3
Moscow,2032-08-26T03:20,2032-08-26T04:10,2
Saint Petersburg,2032-08-26T03:20,2032-08-26T03:50,3
Saint Petersburg,2032-08-26T03:50,2032-08-26T04:20,2
Moscow,2032-08-26T04:10,2032-08-26T04:50,1
Saint Petersburg,2032-08-26T04:20,2032-08-26T05:50,1
Moscow,2032-08-27T19:20,2032-08-27T19:50,1
Moscow,2032-08-27T19:50,2032-08-27T20:10,2
Moscow,2032-08-27T20:10,2032-08-27T20:35,3
Saint Petersburg,2032-08-27T20:10,2032-08-27T20:35,1
Moscow,2032-08-27T20:35,2032-08-27T21:50,4
Saint Petersburg,2032-08-27T20:35,2032-08-27T20:50,2
Saint Petersburg,2032-08-27T20:50,2032-08-27T21:20,3
Saint Petersburg,2032-08-27T21:20,2032-08-27T22:40,4
Moscow,2032-08-27T21:50,2032-08-27T22:20,4
Moscow,2032-08-27T22:20,2032-08-27T22:40,4
Moscow,2032-08-27T22:40,2032-08-27T23:05,4
Saint Petersburg,2032-08-27T22:40,2032-08-27T23:05,4
Moscow,2032-08-27T23:05,2032-08-28T00:20,4
Saint Petersburg,2032-08-27T23:05,2032-08-27T23:20,4
Saint Petersburg,2032-08-27T23:20,2032-08-27T23:50,4
Saint Petersburg,2032-08-27T23:50,2032-08-28T01:10,4
Moscow,2032-08-28T00:20,2032-08-28T00:50,4
Moscow,2032-08-28T00:50,2032-08-28T01:10,4
Moscow,2032-08-28T01:10,2032-08-28T01:35,4
Saint Petersburg,2032-08-28T01:10,2032-08-28T01:35,4
Moscow,2032-08-28T01:35,2032-08-28T02:50,4
Saint Petersburg,2032-08-28T01:35,2032-08-28T01:50,4
Saint Petersburg,2032-08-28T01:50,2032-08-28T02:20,4
Saint Petersburg,2032-08-28T02:20,2032-08-28T03:40,3
Moscow,2032-08-28T02:50,2032-08-28T03:20,3
Moscow,2032-08-28T03:20,2032-08-28T03:40,2
Moscow,2032-08-28T03:40,2032-08-28T04:05,1
Saint Petersburg,2032-08-28T03:40,2032-08-28T04:05,2
Saint Petersburg,2032-08-28T04:05,2032-08-28T04:20,1
Moscow,2032-08-28T08:10,2032-08-28T08:35,1
Saint Petersburg,2032-08-28T08:10,2032-08-28T08:35,1
Moscow,2032-08-28T08:35,2032-08-28T08:50,2
Saint Petersburg,2032-08-28T08:35,2032-08-28T08:50,2
Moscow,2032-08-28T08:50,2032-08-28T09:20,3
Saint Petersburg,2032-08-28T08:50,2032-08-28T09:20,3
Moscow,2032-08-28T09:20,2032-08-28T10:40,4
Saint Petersburg,2032-08-28T09:20,2032-08-28T10:40,4
Moscow,2032-08-28T10:40,2032-08-28T11:05,4
Saint Petersburg,2032-08-28T10:40,2032-08-28T11:05,4
Moscow,2032-08-28T11:05,2032-08-28T11:20,4
Saint Petersburg,2032-08-28T11:05,2032-08-28T11:20,4
Moscow,2032-08-28T11:20,2032-08-28T11:50,4
Saint Petersburg,2032-08-28T11:20,2032-08-28T11:50,4
Moscow,2032-08-28T11:50,2032-08-28T13:10,4
Saint Petersburg,2032-08-28T11:50,2032-08-28T13:10,4
Moscow,2032-08-28T13:10,2032-08-28T13:35,3
Saint Petersburg,2032-08-28T13:10,2032-08-28T13:35,3
Moscow,2032-08-28T13:35,2032-08-28T13:50,2
Saint Petersburg,2032-08-28T13:35,2032-08-28T13:50,2
Moscow,2032-08-28T13:50,2032-08-28T14:20,1
Saint Petersburg,2032-08-28T13:50,2032-08-28T14:20,1
Moscow,2032-08-29T22:50,2032-08-29T23:20,1
Moscow,2032-08-29T23:20,2032-08-29T23:50,2
Moscow,2032-08-29T23:50,2032-08-30T00:10,3
Saint Petersburg,2032-08-29T23:50,2032-08-30T00:10,1
Moscow,2032-08-30T00:10,2032-08-30T01:20,4
Saint Petersburg,2032-08-30T00:10,2032-08-30T01:20,2
Moscow,2032-08-30T01:20,2032-08-30T01:50,3
Saint Petersburg,2032-08-30T01:20,2032-08-30T02:20,3
Moscow,2032-08-30T01:50,2032-08-30T02:20,2
Moscow,2032-08-30T02:20,2032-08-30T02:40,1
Saint Petersburg,2032-08-30T02:20,2032-08-30T02:40,2
Saint Petersburg,2032-08-30T02:40,2032-08-30T03:50,1
Moscow,2032-08-30T08:10,2032-08-30T08:35,1
Saint Petersburg,2032-08-30T08:10,2032-08-30T08:35,1
Moscow,2032-08-30T08:35,2032-08-30T08:50,2
Saint Petersburg,2032-08-30T08:35,2032-08-30T08:50,2
Moscow,2032-08-30T08:50,2032-08-30T09:20,3
Saint Petersburg,2032-08-30T08:50,2032-08-30T09:50,3
Moscow,2032-08-30T09:20,2032-08-30T10:40,4
Saint Petersburg,2032-08-30T09:50,2032-08-30T10:40,4
Moscow,2032-08-30T10:40,2032-08-30T11:05,4
Saint Petersburg,2032-08-30T10:40,2032-08-30T10:50,3
Saint Petersburg,2032-08-30T10:50,2032-08-30T11:05,4
Moscow,2032-08-30T11:05,2032-08-30T11:20,4
Saint Petersburg,2032-08-30T11:05,2032-08-30T11:20,3
Moscow,2032-08-30T11:20,2032-08-30T11:50,4
Saint Petersburg,2032-08-30T11:20,2032-08-30T12:20,4
Moscow,2032-08-30T11:50,2032-08-30T13:10,4
Saint Petersburg,2032-08-30T12:20,2032-08-30T13:20,4
Moscow,2032-08-30T13:10,2032-08-30T13:35,4
Saint Petersburg,2032-08-30T13:20,2032-08-30T13:50,4
Moscow,2032-08-30T13:35,2032-08-30T13:50,4
Moscow,2032-08-30T13:50,2032-08-30T14:20,4
Saint Petersburg,2032-08-30T13:50,2032-08-30T14:10,3
Saint Petersburg,2032-08-30T14:10,2032-08-30T14:50,4
Moscow,2032-08-30T14:20,2032-08-30T15:40,4
Saint Petersburg,2032-08-30T14:50,2032-08-30T15:50,4
Moscow,2032-08-30T15:40,2032-08-30T16:05,4
Saint Petersburg,2032-08-30T15:50,2032-08-30T16:20,4
Moscow,2032-08-30T16:05,2032-08-30T16:20,4
Moscow,2032-08-30T16:20,2032-08-30T16:50,4
Saint Petersburg,2032-08-30T16:20,2032-08-30T16:35,3
Saint Petersburg,2032-08-30T16:35,2032-08-30T16:40,4
Saint Petersburg,2032-08-30T16:40,2032-08-30T17:20,4
Moscow,2032-08-30T16:50,2032-08-30T18:10,4
Saint Petersburg,2032-08-30T17:20,2032-08-30T18:20,4
Moscow,2032-08-30T18:10,2032-08-30T18:35,3
Saint Petersburg,2032-08-30T18:20,2032-08-30T19:05,3
Moscow,2032-08-30T18:35,2032-08-30T18:50,2
Moscow,2032-08-30T18:50,2032-08-30T19:20,1
Saint Petersburg,2032-08-30T19:05,2032-08-30T19:10,2
Saint Petersburg,2032-08-30T19:10,2032-08-30T19:50,1
Moscow,2032-09-01T09:35,2032-09-01T09:50,1
Moscow,2032-09-01T09:50,2032-09-01T10:10,2
Moscow,2032-09-01T10:10,2032-09-01T10:50,3
Saint Petersburg,2032-09-01T10:10,2032-09-01T10:50,1
Moscow,2032-09-01T10:50,2032-09-01T12:05,4
Saint Petersburg,2032-09-01T10:50,2032-09-01T11:20,2
Saint Petersburg,2032-09-01T11:20,2032-09-01T11:50,3
Saint Petersburg,2032-09-01T11:50,2032-09-01T12:40,4
Moscow,2032-09-01T12:05,2032-09-01T12:20,4
Moscow,2032-09-01T12:20,2032-09-01T12:40,4
Moscow,2032-09-01T12:40,2032-09-01T13:20,4
Saint Petersburg,2032-09-01T12:40,2032-09-01T13:20,4
Moscow,2032-09-01T13:20,2032-09-01T14:35,4
Saint Petersburg,2032-09-01T13:20,2032-09-01T13:50,4
Saint Petersburg,2032-09-01T13:50,2032-09-01T14:20,4
Saint Petersburg,2032-09-01T14:20,2032-09-01T15:10,4
Moscow,2032-09-01T14:35,2032-09-01T14:50,4
Moscow,2032-09-01T14:50,2032-09-01T15:10,4
Moscow,2032-09-01T15:10,2032-09-01T15:50,4
Saint Petersburg,2032-09-01T15:10,2032-09-01T15:50,4
Moscow,2032-09-01T15:50,2032-09-01T17:05,4
Saint Petersburg,2032-09-01T15:50,2032-09-01T16:20,4
Saint Petersburg,2032-09-01T16:20,2032-09-01T16:50,4
Saint Petersburg,2032-09-01T16:50,2032-09-01T17:40,4
Moscow,2032-09-01T17:05,2032-09-01T17:20,4
Moscow,2032-09-01T17:20,2032-09-01T17:40,4
Moscow,2032-09-01T17:40,2032-09-01T18:20,4
Saint Petersburg,2032-09-01T17:40,2032-09-01T18:20,4
Moscow,2032-09-01T18:20,2032-09-01T19:35,4
Saint Petersburg,2032-09-01T18:20,2032-09-01T18:50,4
Saint Petersburg,2032-09-01T18:50,2032-09-01T19:20,4
Saint Petersburg,2032-09-01T19:20,2032-09-01T20:10,4
Moscow,2032-09-01T19:35,2032-09-01T19:50,4
Moscow,2032-09-01T19:50,2032-09-01T20:10,4
Moscow,2032-09-01T20:10,2032-09-01T20:50,4
Saint Petersburg,2032-09-01T20:10,2032-09-01T20:50,4
Moscow,2032-09-01T20:50,2032-09-01T22:05,4
Saint Petersburg,2032-09-01T20:50,2032-09-01T21:20,4
Saint Petersburg,2032-09-01T21:20,2032-09-01T21:50,3
Saint Petersburg,2032-09-01T21:50,2032-09-01T22:40,3
Moscow,2032-09-01T22:05,2032-09-01T22:20,3
Moscow,2032-09-01T22:20,2032-09-01T22:40,2
Moscow,2032-09-01T22:40,2032-09-01T23:20,1
Saint Petersburg,2032-09-01T22:40,2032-09-01T23:20,2
Saint Petersburg,2032-09-01T23:20,2032-09-02T00:20,1
Moscow,2032-09-03T12:50,2032-09-03T13:20,1
Moscow,2032-09-03T13:20,2032-09-03T13:50,2
Moscow,2032-09-03T13:50,2032-09-03T14:10,3
Saint Petersburg,2032-09-03T13:50,2032-09-03T14:10,1
Moscow,2032-09-03T14:10,2032-09-03T15:20,4
Saint Petersburg,2032-09-03T14:10,2032-09-03T14:50,2
Saint Petersburg,2032-09-03T14:50,2032-09-03T15:20,3
Moscow,2032-09-03T15:20,2032-09-03T15:50,4
Saint Petersburg,2032-09-03T15:20,2032-09-03T16:20,4
Moscow,2032-09-03T15:50,2032-09-03T16:20,4
Moscow,2032-09-03T16:20,2032-09-03T16:40,4
Saint Petersburg,2032-09-03T16:20,2032-09-03T16:40,4
Moscow,2032-09-03T16:40,2032-09-03T16:50,3
Saint Petersburg,2032-09-03T16:40,2032-09-03T17:20,4
Moscow,2032-09-03T16:50,2032-09-03T17:50,4
Saint Petersburg,2032-09-03T17:20,2032-09-03T17:50,4
Moscow,2032-09-03T17:50,2032-09-03T18:20,4
Saint Petersburg,2032-09-03T17:50,2032-09-03T18:50,4
Moscow,2032-09-03T18:20,2032-09-03T18:50,4
Moscow,2032-09-03T18:50,2032-09-03T19:20,4
Saint Petersburg,2032-09-03T18:50,2032-09-03T19:10,4
Saint Petersburg,2032-09-03T19:10,2032-09-03T19:50,4
Moscow,2032-09-03T19:20,2032-09-03T20:20,4
Saint Petersburg,2032-09-03T19:50,2032-09-03T20:20,4
Moscow,2032-09-03T20:20,2032-09-03T20:50,4
Saint Petersburg,2032-09-03T20:20,2032-09-03T21:20,4
Moscow,2032-09-03T20:50,2032-09-03T21:20,4
Moscow,2032-09-03T21:20,2032-09-03T21:50,4
Saint Petersburg,2032-09-03T21:20,2032-09-03T21:40,4
Saint Petersburg,2032-09-03T21:40,2032-09-03T22:20,4
Moscow,2032-09-03T21:50,2032-09-03T22:50,4
Saint Petersburg,2032-09-03T22:20,2032-09-03T22:50,4
Moscow,2032-09-03T22:50,2032-09-03T23:20,4
Saint Petersburg,2032-09-03T22:50,2032-09-03T23:50,4
Moscow,2032-09-03T23:20,2032-09-03T23:50,4
Moscow,2032-09-03T23:50,2032-09-04T00:20,4
Saint Petersburg,2032-09-03T23:50,2032-09-04T00:10,4
Saint Petersburg,2032-09-04T00:10,2032-09-04T00:50,4
Moscow,2032-09-04T00:20,2032-09-04T01:20,4
Saint Petersburg,2032-09-04T00:50,2032-09-04T01:20,3
Moscow,2032-09-04T01:20,2032-09-04T01:50,3
Saint Petersburg,2032-09-04T01:20,2032-09-04T02:20,2
Moscow,2032-09-04T01:50,2032-09-04T02:20,2
Moscow,2032-09-04T02:20,2032-09-04T02:50,1
Saint Petersburg,2032-09-04T02:20,2032-09-04T02:40,1
Moscow,2032-09-05T17:20,2032-09-05T18:10,1
Moscow,2032-09-05T18:10,2032-09-05T18:50,2
Moscow,2032-09-05T18:50,2032-09-05T19:20,3
Saint Petersburg,2032-09-05T18:50,2032-09-05T19:50,1
Moscow,2032-09-05T19:20,2032-09-05T19:50,4
Moscow,2032-09-05T19:50,2032-09-05T20:40,4
Saint Petersburg,2032-09-05T19:50,2032-09-05T20:10,2
Saint Petersburg,2032-09-05T20:10,2032-09-05T20:35,3
Saint Petersburg,2032-09-05T20:35,2032-09-05T21:20,4
Moscow,2032-09-05T20:40,2032-09-05T21:20,4
Moscow,2032-09-05T21:20,2032-09-05T21:50,4
Saint Petersburg,2032-09-05T21:20,2032-09-05T22:10,3
Moscow,2032-09-05T21:50,2032-09-05T22:20,4
Saint Petersburg,2032-09-05T22:10,2032-09-05T22:20,4
Moscow,2032-09-05T22:20,2032-09-05T23:10,4
Saint Petersburg,2032-09-05T22:20,2032-09-05T22:40,4
Saint Petersburg,2032-09-05T22:40,2032-09-05T23:05,4
Saint Petersburg,2032-09-05T23:05,2032-09-06T00:40,4
Moscow,2032-09-05T23:10,2032-09-05T23:50,4
Moscow,2032-09-05T23:50,2032-09-06T00:20,4
Moscow,2032-09-06T00:20,2032-09-06T00:50,4
Saint Petersburg,2032-09-06T00:40,2032-09-06T00:50,4
Moscow,2032-09-06T00:50,2032-09-06T01:40,4
Saint Petersburg,2032-09-06T00:50,2032-09-06T01:10,4
Saint Petersburg,2032-09-06T01:10,2032-09-06T01:20,3
Saint Petersburg,2032-09-06T01:20,2032-09-06T01:35,4
Saint Petersburg,2032-09-06T01:35,2032-09-06T03:10,4
Moscow,2032-09-06T01:40,2032-09-06T02:20,4
Moscow,2032-09-06T02:20,2032-09-06T02:50,4
Moscow,2032-09-06T02:50,2032-09-06T03:20,3
Saint Petersburg,2032-09-06T03:10,2032-09-06T03:20,4
Moscow,2032-09-06T03:20,2032-09-06T04:10,2
Saint Petersburg,2032-09-06T03:20,2032-09-06T03:50,4
Saint Petersburg,2032-09-06T03:50,2032-09-06T04:05,3
Saint Petersburg,2032-09-06T04:05,2032-09-06T05:40,2
Moscow,2032-09-06T04:10,2032-09-06T04:50,1
Saint Petersburg,2032-09-06T05:40,2032-09-06T05:50,1
Moscow,2032-09-06T08:10,2032-09-06T08:35,1
Saint Petersburg,2032-09-06T08:10,2032-09-06T08:35,1
Moscow,2032-09-06T08:35,2032-09-06T08:50,2
Saint Petersburg,2032-09-06T08:35,2032-09-06T08:50,2
Moscow,2032-09-06T08:50,2032-09-06T09:20,3
Saint Petersburg,2032-09-06T08:50,2032-09-06T09:20,3
Moscow,2032-09-06T09:20,2032-09-06T10:40,4
Saint Petersburg,2032-09-06T09:20,2032-09-06T10:40,4
Moscow,2032-09-06T10:40,2032-09-06T11:05,4
Saint Petersburg,2032-09-06T10:40,2032-09-06T11:05,4
Moscow,2032-09-06T11:05,2032-09-06T11:20,3
Saint Petersburg,2032-09-06T11:05,2032-09-06T11:20,3
Moscow,2032-09-06T11:20,2032-09-06T11:50,2
Saint Petersburg,2032-09-06T11:20,2032-09-06T11:50,2
Moscow,2032-09-06T11:50,2032-09-06T13:10,1
Saint Petersburg,2032-09-06T11:50,2032-09-06T13:10,1
Moscow,2032-09-07T21:20,2032-09-07T21:50,1
Moscow,2032-09-07T21:50,2032-09-07T22:10,2
Moscow,2032-09-07T22:10,2032-09-07T22:50,3
Saint Petersburg,2032-09-07T22:10,2032-09-07T22:35,1
Saint Petersburg,2032-09-07T22:35,2032-09-07T22:50,2
Moscow,2032-09-07T22:50,2032-09-07T23:50,4
Saint Petersburg,2032-09-07T22:50,2032-09-07T23:20,3
Saint Petersburg,2032-09-07T23:20,2032-09-08T00:40,4
Moscow,2032-09-07T23:50,2032-09-08T00:20,4
Moscow,2032-09-08T00:20,2032-09-08T00:40,4
Moscow,2032-09-08T00:40,2032-09-08T01:20,4
Saint Petersburg,2032-09-08T00:40,2032-09-08T01:05,4
Saint Petersburg,2032-09-08T01:05,2032-09-08T01:20,4
Moscow,2032-09-08T01:20,2032-09-08T02:20,3
Saint Petersburg,2032-09-08T01:20,2032-09-08T01:50,3
Saint Petersburg,2032-09-08T01:50,2032-09-08T03:10,2
Moscow,2032-09-08T02:20,2032-09-08T02:50,2
Moscow,2032-09-08T02:50,2032-09-08T03:10,1
Saint Petersburg,2032-09-08T03:10,2032-09-08T03:35,1
Moscow,2032-09-08T08:10,2032-09-08T08:35,1
Saint Petersburg,2032-09-08T08:10,2032-09-08T08:35,1
Moscow,2032-09-08T08:35,2032-09-08T08:50,2
Saint Petersburg,2032-09-08T08:35,2032-09-08T08:50,2
Moscow,2032-09-08T08:50,2032-09-08T09:20,3
Saint Petersburg,2032-09-08T08:50,2032-09-08T09:50,3
Moscow,2032-09-08T09:20,2032-09-08T10:40,4
Saint Petersburg,2032-09-08T09:50,2032-09-08T10:40,4
Moscow,2032-09-08T10:40,2032-09-08T11:05,4
Saint Petersburg,2032-09-08T10:40,2032-09-08T11:05,4
Moscow,2032-09-08T11:05,2032-09-08T11:20,4
Saint Petersburg,2032-09-08T11:05,2032-09-08T11:20,3
Moscow,2032-09-08T11:20,2032-09-08T11:50,4
Saint Petersburg,2032-09-08T11:20,2032-09-08T12:20,4
Moscow,2032-09-08T11:50,2032-09-08T13:10,4
Saint Petersburg,2032-09-08T12:20,2032-09-08T12:50,3
Saint Petersburg,2032-09-08T12:50,2032-09-08T13:10,4
Moscow,2032-09-08T13:10,2032-09-08T13:35,4
Saint Petersburg,2032-09-08T13:10,2032-09-08T13:50,4
Moscow,2032-09-08T13:35,2032-09-08T13:50,4
Moscow,2032-09-08T13:50,2032-09-08T14:20,4
Saint Petersburg,2032-09-08T13:50,2032-09-08T14:35,3
Moscow,2032-09-08T14:20,2032-09-08T15:40,4
Saint Petersburg,2032-09-08T14:35,2032-09-08T15:20,4
Saint Petersburg,2032-09-08T15:20,2032-09-08T15:40,4
Moscow,2032-09-08T15:40,2032-09-08T16:05,4
Saint Petersburg,2032-09-08T15:40,2032-09-08T16:20,4
Moscow,2032-09-08T16:05,2032-09-08T16:20,3
Moscow,2032-09-08T16:20,2032-09-08T16:50,2
Saint Petersburg,2032-09-08T16:20,2032-09-08T17:05,3
Moscow,2032-09-08T16:50,2032-09-08T18:10,1
Saint Petersburg,2032-09-08T17:05,2032-09-08T17:50,2
Saint Petersburg,2032-09-08T17:50,2032-09-08T18:10,1
Moscow,2032-09-10T08:35,2032-09-10T08:50,1
Moscow,2032-09-10T08:50,2032-09-10T09:20,2
Saint Petersburg,2032-09-10T08:50,2032-09-10T09:20,1
Moscow,2032-09-10T09:20,2032-09-10T09:35,3
Saint Petersburg,2032-09-10T09:20,2032-09-10T09:50,2
Moscow,2032-09-10T09:35,2032-09-10T11:05,4
Saint Petersburg,2032-09-10T09:50,2032-09-10T10:10,3
Saint Petersburg,2032-09-10T10:10,2032-09-10T11:20,4
Moscow,2032-09-10T11:05,2032-09-10T11:20,4
Moscow,2032-09-10T11:20,2032-09-10T11:50,4
Saint Petersburg,2032-09-10T11:20,2032-09-10T11:50,4
Moscow,2032-09-10T11:50,2032-09-10T12:05,4
Saint Petersburg,2032-09-10T11:50,2032-09-10T12:20,4
Moscow,2032-09-10T12:05,2032-09-10T13:35,4
Saint Petersburg,2032-09-10T12:20,2032-09-10T12:40,4
Saint Petersburg,2032-09-10T12:40,2032-09-10T13:50,4
Moscow,2032-09-10T13:35,2032-09-10T13:50,4
Moscow,2032-09-10T13:50,2032-09-10T14:20,4
Saint Petersburg,2032-09-10T13:50,2032-09-10T14:20,4
Moscow,2032-09-10T14:20,2032-09-10T14:35,4
Saint Petersburg,2032-09-10T14:20,2032-09-10T14:50,4
Moscow,2032-09-10T14:35,2032-09-10T16:05,4
Saint Petersburg,2032-09-10T14:50,2032-09-10T15:10,4
Saint Petersburg,2032-09-10T15:10,2032-09-10T16:20,4
Moscow,2032-09-10T16:05,2032-09-10T16:20,4
Moscow,2032-09-10T16:20,2032-09-10T16:50,4
Saint Petersburg,2032-09-10T16:20,2032-09-10T16:50,4
Moscow,2032-09-10T16:50,2032-09-10T17:05,4
Saint Petersburg,2032-09-10T16:50,2032-09-10T17:20,4
Moscow,2032-09-10T17:05,2032-09-10T18:35,4
Saint Petersburg,2032-09-10T17:20,2032-09-10T17:40,4
Saint Petersburg,2032-09-10T17:40,2032-09-10T18:50,4
Moscow,2032-09-10T18:35,2032-09-10T18:50,4
Moscow,2032-09-10T18:50,2032-09-10T19:20,4
Saint Petersburg,2032-09-10T18:50,2032-09-10T19:20,4
Moscow,2032-09-10T19:20,2032-09-10T19:35,4
Saint Petersburg,2032-09-10T19:20,2032-09-10T19:50,4
Moscow,2032-09-10T19:35,2032-09-10T21:05,3
Saint Petersburg,2032-09-10T19:50,2032-09-10T20:10,4
Saint Petersburg,2032-09-10T20:10,2032-09-10T21:20,3
Moscow,2032-09-10T21:05,2032-09-10T21:20,2
Moscow,2032-09-10T21:20,2032-09-10T21:50,1
Saint Petersburg,2032-09-10T21:20,2032-09-10T21:50,2
Saint Petersburg,2032-09-10T21:50,2032-09-10T22:20,1
Moscow,2032-09-12T11:50,2032-09-12T12:10,1
Moscow,2032-09-12T12:10,2032-09-12T12:35,2
Moscow,2032-09-12T12:35,2032-09-12T12:50,3
Saint Petersburg,2032-09-12T12:35,2032-09-12T12:50,1
Moscow,2032-09-12T12:50,2032-09-12T14:20,4
Saint Petersburg,2032-09-12T12:50,2032-09-12T13:20,2
Saint Petersburg,2032-09-12T13:20,2032-09-12T13:50,3
Saint Petersburg,2032-09-12T13:50,2032-09-12T15:05,4
Moscow,2032-09-12T14:20,2032-09-12T14:40,4
Moscow,2032-09-12T14:40,2032-09-12T15:05,4
Moscow,2032-09-12T15:05,2032-09-12T15:20,4
Saint Petersburg,2032-09-12T15:05,2032-09-12T15:20,4
Moscow,2032-09-12T15:20,2032-09-12T16:50,4
Saint Petersburg,2032-09-12T15:20,2032-09-12T15:50,4
Saint Petersburg,2032-09-12T15:50,2032-09-12T16:20,4
Saint Petersburg,2032-09-12T16:20,2032-09-12T17:35,4
Moscow,2032-09-12T16:50,2032-09-12T17:10,4
Moscow,2032-09-12T17:10,2032-09-12T17:35,4
Moscow,2032-09-12T17:35,2032-09-12T17:50,4
Saint Petersburg,2032-09-12T17:35,2032-09-12T17:50,4
Moscow,2032-09-12T17:50,2032-09-12T19:20,4
Saint Petersburg,2032-09-12T17:50,2032-09-12T18:20,4
Saint Petersburg,2032-09-12T18:20,2032-09-12T18:50,3
Saint Petersburg,2032-09-12T18:50,2032-09-12T20:05,3
Moscow,2032-09-12T19:20,2032-09-12T19:40,4
Moscow,2032-09-12T19:40,2032-09-12T20:05,4
Moscow,2032-09-12T20:05,2032-09-12T20:20,4
Saint Petersburg,2032-09-12T20:05,2032-09-12T20:10,2
Saint Petersburg,2032-09-12T20:10,2032-09-12T20:20,3
Moscow,2032-09-12T20:20,2032-09-12T21:50,4
Saint Petersburg,2032-09-12T20:20,2032-09-12T20:50,2
Saint Petersburg,2032-09-12T20:50,2032-09-12T21:20,3
Saint Petersburg,2032-09-12T21:20,2032-09-12T21:50,2
Moscow,2032-09-12T21:50,2032-09-12T22:10,4
Saint Petersburg,2032-09-12T21:50,2032-09-12T22:10,3
Moscow,2032-09-12T22:10,2032-09-12T22:35,4
Saint Petersburg,2032-09-12T22:10,2032-09-12T22:40,4
Moscow,2032-09-12T22:35,2032-09-12T22:50,4
Saint Petersburg,2032-09-12T22:40,2032-09-12T23:20,4
Moscow,2032-09-12T22:50,2032-09-13T00:20,4
Saint Petersburg,2032-09-12T23:20,2032-09-13T00:20,4
Moscow,2032-09-13T00:20,2032-09-13T00:40,3
Saint Petersburg,2032-09-13T00:20,2032-09-13T00:35,3
Saint Petersburg,2032-09-13T00:35,2032-09-13T00:40,4
Moscow,2032-09-13T00:40,2032-09-13T01:05,2
Saint Petersburg,2032-09-13T00:40,2032-09-13T01:10,3
Moscow,2032-09-13T01:05,2032-09-13T01:20,1
Saint Petersburg,2032-09-13T01:10,2032-09-13T01:50,2
Saint Petersburg,2032-09-13T01:50,2032-09-13T03:05,1
Moscow,2032-09-14T15:20,2032-09-14T16:10,1
Moscow,2032-09-14T16:10,2032-09-14T16:50,2
Saint Petersburg,2032-09-14T16:10,2032-09-14T16:50,1
Moscow,2032-09-14T16:50,2032-09-14T17:20,3
Saint Petersburg,2032-09-14T16:50,2032-09-14T17:20,2
Moscow,2032-09-14T17:20,2032-09-14T17:50,4
Saint Petersburg,2032-09-14T17:20,2032-09-14T18:10,3
Moscow,2032-09-14T17:50,2032-09-14T18:10,3
Moscow,2032-09-14T18:10,2032-09-14T18:40,4
Saint Petersburg,2032-09-14T18:10,2032-09-14T18:40,4
Moscow,2032-09-14T18:40,2032-09-14T18:50,3
Saint Petersburg,2032-09-14T18:40,2032-09-14T18:50,3
Moscow,2032-09-14T18:50,2032-09-14T19:20,4
Saint Petersburg,2032-09-14T18:50,2032-09-14T19:20,4
Moscow,2032-09-14T19:20,2032-09-14T19:50,4
Saint Petersburg,2032-09-14T19:20,2032-09-14T19:50,3
Moscow,2032-09-14T19:50,2032-09-14T20:40,4
Saint Petersburg,2032-09-14T19:50,2032-09-14T20:10,3
Saint Petersburg,2032-09-14T20:10,2032-09-14T20:40,4
Moscow,2032-09-14T20:40,2032-09-14T21:20,4
Saint Petersburg,2032-09-14T20:40,2032-09-14T21:20,4
Moscow,2032-09-14T21:20,2032-09-14T21:50,4
Saint Petersburg,2032-09-14T21:20,2032-09-14T22:20,4
Moscow,2032-09-14T21:50,2032-09-14T22:20,4
Moscow,2032-09-14T22:20,2032-09-14T23:10,4
Saint Petersburg,2032-09-14T22:20,2032-09-14T22:40,4
Saint Petersburg,2032-09-14T22:40,2032-09-14T23:10,4
Moscow,2032-09-14T23:10,2032-09-14T23:50,4
Saint Petersburg,2032-09-14T23:10,2032-09-14T23:50,4
Moscow,2032-09-14T23:50,2032-09-15T00:20,4
Saint Petersburg,2032-09-14T23:50,2032-09-15T00:50,4
Moscow,2032-09-15T00:20,2032-09-15T00:50,4
Moscow,2032-09-15T00:50,2032-09-15T01:40,4
Saint Petersburg,2032-09-15T00:50,2032-09-15T01:10,4
Saint Petersburg,2032-09-15T01:10,2032-09-15T01:20,3
Saint Petersburg,2032-09-15T01:20,2032-09-15T01:40,4
Moscow,2032-09-15T01:40,2032-09-15T02:20,4
Saint Petersburg,2032-09-15T01:40,2032-09-15T02:20,4
Moscow,2032-09-15T02:20,2032-09-15T02:50,4
Saint Petersburg,2032-09-15T02:20,2032-09-15T02:35,3
Saint Petersburg,2032-09-15T02:35,2032-09-15T03:20,4
Moscow,2032-09-15T02:50,2032-09-15T03:20,3
Moscow,2032-09-15T03:20,2032-09-15T04:10,2
Saint Petersburg,2032-09-15T03:20,2032-09-15T03:50,3
Saint Petersburg,2032-09-15T03:50,2032-09-15T04:10,2
Moscow,2032-09-15T04:10,2032-09-15T04:50,1
Saint Petersburg,2032-09-15T04:10,2032-09-15T05:05,1
Moscow,2032-09-15T08:10,2032-09-15T08:35,1
Saint Petersburg,2032-09-15T08:10,2032-09-15T08:35,1
Moscow,2032-09-15T08:35,2032-09-15T10:40,2
Saint Petersburg,2032-09-15T08:35,2032-09-15T10:40,2
Moscow,2032-09-15T10:40,2032-09-15T11:05,1
Saint Petersburg,2032-09-15T10:40,2032-09-15T11:05,1
Moscow,2032-09-16T20:10,2032-09-16T20:35,1
Moscow,2032-09-16T20:35,2032-09-16T20:50,2
Moscow,2032-09-16T20:50,2032-09-16T21:20,3
Saint Petersburg,2032-09-16T20:50,2032-09-16T21:20,1
Moscow,2032-09-16T21:20,2032-09-16T22:40,4
Saint Petersburg,2032-09-16T21:20,2032-09-16T21:50,2
Saint Petersburg,2032-09-16T21:50,2032-09-16T22:10,3
Saint Petersburg,2032-09-16T22:10,2032-09-16T23:20,4
Moscow,2032-09-16T22:40,2032-09-16T23:05,4
Moscow,2032-09-16T23:05,2032-09-16T23:20,4
Moscow,2032-09-16T23:20,2032-09-16T23:50,4
Saint Petersburg,2032-09-16T23:20,2032-09-16T23:50,4
Moscow,2032-09-16T23:50,2032-09-17T01:10,4
Saint Petersburg,2032-09-16T23:50,2032-09-17T00:20,4
Saint Petersburg,2032-09-17T00:20,2032-09-17T00:40,4
Saint Petersburg,2032-09-17T00:40,2032-09-17T01:50,4
Moscow,2032-09-17T01:10,2032-09-17T01:35,4
Moscow,2032-09-17T01:35,2032-09-17T01:50,4
Moscow,2032-09-17T01:50,2032-09-17T02:20,3
Saint Petersburg,2032-09-17T01:50,2032-09-17T02:20,4
Moscow,2032-09-17T02:20,2032-09-17T03:40,2
Saint Petersburg,2032-09-17T02:20,2032-09-17T02:50,3
Saint Petersburg,2032-09-17T02:50,2032-09-17T03:10,2
Saint Petersburg,2032-09-17T03:10,2032-09-17T04:20,1
Moscow,2032-09-17T03:40,2032-09-17T04:05,1
Moscow,2032-09-17T08:10,2032-09-17T08:35,1
Saint Petersburg,2032-09-17T08:10,2032-09-17T08:35,1
Moscow,2032-09-17T08:35,2032-09-17T08:50,2
Saint Petersburg,2032-09-17T08:35,2032-09-17T08:50,2
Moscow,2032-09-17T08:50,2032-09-17T09:20,3
Saint Petersburg,2032-09-17T08:50,2032-09-17T09:20,3
Moscow,2032-09-17T09:20,2032-09-17T10:40,4
Saint Petersburg,2032-09-17T09:20,2032-09-17T10:40,4
Moscow,2032-09-17T10:40,2032-09-17T11:05,4
Saint Petersburg,2032-09-17T10:40,2032-09-17T11:05,4
Moscow,2032-09-17T11:05,2032-09-17T11:20,4
Saint Petersburg,2032-09-17T11:05,2032-09-17T11:20,4
Moscow,2032-09-17T11:20,2032-09-17T11:50,4
Saint Petersburg,2032-09-17T11:20,2032-09-17T11:50,4
Moscow,2032-09-17T11:50,2032-09-17T13:10,4
Saint Petersburg,2032-09-17T11:50,2032-09-17T13:10,4
Moscow,2032-09-17T13:10,2032-09-17T13:35,4
Saint Petersburg,2032-09-17T13:10,2032-09-17T13:35,4
Moscow,2032-09-17T13:35,2032-09-17T13:50,4
Saint Petersburg,2032-09-17T13:35,2032-09-17T13:50,4
Moscow,2032-09-17T13:50,2032-09-17T14:20,3
Saint Petersburg,2032-09-17T13:50,2032-09-17T14:20,3
Moscow,2032-09-17T14:20,2032-09-17T15:40,2
Saint Petersburg,2032-09-17T14:20,2032-09-17T15:40,2
Moscow,2032-09-17T15:40,2032-09-17T16:05,1
Saint Petersburg,2032-09-17T15:40,2032-09-17T16:05,1
Moscow,2032-09-18T23:50,2032-09-19T00:10,1
Moscow,2032-09-19T00:10,2032-09-19T02:20,2
Saint Petersburg,2032-09-19T02:10,2032-09-19T04:40,1
Moscow,2032-09-19T02:20,2032-09-19T02:40,1
Moscow,2032-09-19T08:10,2032-09-19T08:35,1
Saint Petersburg,2032-09-19T08:10,2032-09-19T08:35,1
Moscow,2032-09-19T08:35,2032-09-19T08:50,2
Saint Petersburg,2032-09-19T08:35,2032-09-19T08:50,2
Moscow,2032-09-19T08:50,2032-09-19T09:20,3
Saint Petersburg,2032-09-19T08:50,2032-09-19T09:20,3
Moscow,2032-09-19T09:20,2032-09-19T10:40,4
Saint Petersburg,2032-09-19T09:20,2032-09-19T10:40,4
Moscow,2032-09-19T10:40,2032-09-19T11:05,4
Saint Petersburg,2032-09-19T10:40,2032-09-19T11:05,4
Moscow,2032-09-19T11:05,2032-09-19T11:20,4
Saint Petersburg,2032-09-19T11:05,2032-09-19T11:20,4
Moscow,2032-09-19T11:20,2032-09-19T11:50,4
Saint Petersburg,2032-09-19T11:20,2032-09-19T11:50,4
Moscow,2032-09-19T11:50,2032-09-19T13:10,4
Saint Petersburg,2032-09-19T11:50,2032-09-19T12:10,3
Saint Petersburg,2032-09-19T12:10,2032-09-19T13:10,4
Moscow,2032-09-19T13:10,2032-09-19T13:35,4
Saint Petersburg,2032-09-19T13:10,2032-09-19T13:35,4
Moscow,2032-09-19T13:35,2032-09-19T13:50,4
Saint Petersburg,2032-09-19T13:35,2032-09-19T13:50,4
Moscow,2032-09-19T13:50,2032-09-19T14:20,4
Saint Petersburg,2032-09-19T13:50,2032-09-19T14:40,4
Moscow,2032-09-19T14:20,2032-09-19T15:40,4
Saint Petersburg,2032-09-19T14:40,2032-09-19T15:40,4
Moscow,2032-09-19T15:40,2032-09-19T16:05,4
Saint Petersburg,2032-09-19T15:40,2032-09-19T16:05,4
Moscow,2032-09-19T16:05,2032-09-19T16:20,4
Saint Petersburg,2032-09-19T16:05,2032-09-19T16:20,4
Moscow,2032-09-19T16:20,2032-09-19T16:50,4
Saint Petersburg,2032-09-19T16:20,2032-09-19T17:10,4
Moscow,2032-09-19T16:50,2032-09-19T18:10,4
Saint Petersburg,2032-09-19T17:10,2032-09-19T18:10,4
Moscow,2032-09-19T18:10,2032-09-19T18:35,4
Saint Petersburg,2032-09-19T18:10,2032-09-19T18:35,4
Moscow,2032-09-19T18:35,2032-09-19T18:50,4
Saint Petersburg,2032-09-19T18:35,2032-09-19T18:50,4
Moscow,2032-09-19T18:50,2032-09-19T19:20,3
Saint Petersburg,2032-09-19T18:50,2032-09-19T19:40,3
Moscow,2032-09-19T19:20,2032-09-19T20:40,2
Saint Petersburg,2032-09-19T19:40,2032-09-19T20:40,2
Moscow,2032-09-19T20:40,2032-09-19T21:05,1
Saint Petersburg,2032-09-19T20:40,2032-09-19T21:05,1
Moscow,2032-09-21T10:10,2032-09-21T10:50,1
Moscow,2032-09-21T10:50,2032-09-21T11:20,2
Moscow,2032-09-21T11:20,2032-09-21T11:50,3
Saint Petersburg,2032-09-21T11:20,2032-09-21T11:50,1
Moscow,2032-09-21T11:50,2032-09-21T12:40,4
Saint Petersburg,2032-09-21T11:50,2032-09-21T12:10,2
Saint Petersburg,2032-09-21T12:10,2032-09-21T12:35,3
Saint Petersburg,2032-09-21T12:35,2032-09-21T13:50,4
Moscow,2032-09-21T12:40,2032-09-21T13:20,4
Moscow,2032-09-21T13:20,2032-09-21T13:50,4
Moscow,2032-09-21T13:50,2032-09-21T14:20,4
Saint Petersburg,2032-09-21T13:50,2032-09-21T14:20,4
Moscow,2032-09-21T14:20,2032-09-21T15:10,4
Saint Petersburg,2032-09-21T14:20,2032-09-21T14:40,4
Saint Petersburg,2032-09-21T14:40,2032-09-21T15:05,4
Saint Petersburg,2032-09-21T15:05,2032-09-21T16:20,4
Moscow,2032-09-21T15:10,2032-09-21T15:50,4
Moscow,2032-09-21T15:50,2032-09-21T16:20,4
Moscow,2032-09-21T16:20,2032-09-21T16:50,4
Saint Petersburg,2032-09-21T16:20,2032-09-21T16:50,4
Moscow,2032-09-21T16:50,2032-09-21T17:40,4
Saint Petersburg,2032-09-21T16:50,2032-09-21T17:10,4
Saint Petersburg,2032-09-21T17:10,2032-09-21T17:35,4
Saint Petersburg,2032-09-21T17:35,2032-09-21T18:50,4
Moscow,2032-09-21T17:40,2032-09-21T18:20,4
Moscow,2032-09-21T18:20,2032-09-21T18:50,4
Moscow,2032-09-21T18:50,2032-09-21T19:20,4
Saint Petersburg,2032-09-21T18:50,2032-09-21T19:20,4
Moscow,2032-09-21T19:20,2032-09-21T20:10,4
Saint Petersburg,2032-09-21T19:20,2032-09-21T19:40,4
Saint Petersburg,2032-09-21T19:40,2032-09-21T20:05,4
Saint Petersburg,2032-09-21T20:05,2032-09-21T21:20,4
Moscow,2032-09-21T20:10,2032-09-21T20:50,4
Moscow,2032-09-21T20:50,2032-09-21T21:20,4
Moscow,2032-09-21T21:20,2032-09-21T21:50,4
Saint Petersburg,2032-09-21T21:20,2032-09-21T21:50,4
Moscow,2032-09-21T21:50,2032-09-21T22:40,4
Saint Petersburg,2032-09-21T21:50,2032-09-21T22:10,3
Saint Petersburg,2032-09-21T22:10,2032-09-21T22:35,2
Saint Petersburg,2032-09-21T22:35,2032-09-21T23:50,2
Moscow,2032-09-21T22:40,2032-09-21T23:20,3
Moscow,2032-09-21T23:20,2032-09-21T23:50,2
Moscow,2032-09-21T23:50,2032-09-22T00:20,1
Saint Petersburg,2032-09-21T23:50,2032-09-22T01:05,1
Saint Petersburg,2032-09-22T01:50,2032-09-22T04:20,1
Moscow,2032-09-23T13:50,2032-09-23T14:10,1
Moscow,2032-09-23T14:10,2032-09-23T14:50,2
Moscow,2032-09-23T14:50,2032-09-23T15:20,3
Saint Petersburg,2032-09-23T14:50,2032-09-23T15:50,1
Moscow,2032-09-23T15:20,2032-09-23T16:20,4
Saint Petersburg,2032-09-23T15:50,2032-09-23T16:10,2
Saint Petersburg,2032-09-23T16:10,2032-09-23T16:50,3
Moscow,2032-09-23T16:20,2032-09-23T16:40,4
Moscow,2032-09-23T16:40,2032-09-23T16:50,3
Moscow,2032-09-23T16:50,2032-09-23T17:20,4
Saint Petersburg,2032-09-23T16:50,2032-09-23T17:20,4
Moscow,2032-09-23T17:20,2032-09-23T17:50,4
Saint Petersburg,2032-09-23T17:20,2032-09-23T18:10,3
Moscow,2032-09-23T17:50,2032-09-23T18:10,3
Moscow,2032-09-23T18:10,2032-09-23T18:50,4
Saint Petersburg,2032-09-23T18:10,2032-09-23T18:20,4
Saint Petersburg,2032-09-23T18:20,2032-09-23T18:40,3
Saint Petersburg,2032-09-23T18:40,2032-09-23T19:20,2
Moscow,2032-09-23T18:50,2032-09-23T19:20,4
Moscow,2032-09-23T19:20,2032-09-23T19:50,4
Saint Petersburg,2032-09-23T19:20,2032-09-23T19:50,2
Moscow,2032-09-23T19:50,2032-09-23T20:40,4
Saint Petersburg,2032-09-23T19:50,2032-09-23T20:40,3
Moscow,2032-09-23T20:40,2032-09-23T21:20,4
Saint Petersburg,2032-09-23T20:40,2032-09-23T20:50,2
Saint Petersburg,2032-09-23T20:50,2032-09-23T21:20,3
Moscow,2032-09-23T21:20,2032-09-23T21:50,4
Saint Petersburg,2032-09-23T21:20,2032-09-23T21:50,4
Moscow,2032-09-23T21:50,2032-09-23T22:20,4
Saint Petersburg,2032-09-23T21:50,2032-09-23T22:20,4
Moscow,2032-09-23T22:20,2032-09-23T23:10,4
Saint Petersburg,2032-09-23T22:20,2032-09-23T23:20,4
Moscow,2032-09-23T23:10,2032-09-23T23:50,4
Saint Petersburg,2032-09-23T23:20,2032-09-23T23:50,4
Moscow,2032-09-23T23:50,2032-09-24T00:20,4
Saint Petersburg,2032-09-23T23:50,2032-09-24T00:20,4
Moscow,2032-09-24T00:20,2032-09-24T00:50,4
Saint Petersburg,2032-09-24T00:20,2032-09-24T00:50,4
Moscow,2032-09-24T00:50,2032-09-24T01:40,4
Saint Petersburg,2032-09-24T00:50,2032-09-24T01:50,4
Moscow,2032-09-24T01:40,2032-09-24T02:20,4
Saint Petersburg,2032-09-24T01:50,2032-09-24T02:20,4
Moscow,2032-09-24T02:20,2032-09-24T02:50,3
Saint Petersburg,2032-09-24T02:20,2032-09-24T02:50,4
Moscow,2032-09-24T02:50,2032-09-24T03:20,2
Saint Petersburg,2032-09-24T02:50,2032-09-24T03:20,4
Moscow,2032-09-24T03:20,2032-09-24T04:10,1
Saint Petersburg,2032-09-24T03:20,2032-09-24T04:20,4
Saint Petersburg,2032-09-24T04:20,2032-09-24T04:50,3
Saint Petersburg,2032-09-24T04:50,2032-09-24T05:20,2
Saint Petersburg,2032-09-24T05:20,2032-09-24T05:50,1
Moscow,2032-09-25T18:50,2032-09-25T19:20,1
Moscow,2032-09-25T19:20,2032-09-25T19:50,2
Moscow,2032-09-25T19:50,2032-09-25T20:10,3
Saint Petersburg,2032-09-25T19:50,2032-09-25T20:10,1
Moscow,2032-09-25T20:10,2032-09-25T21:20,4
Saint Petersburg,2032-09-25T20:10,2032-09-25T20:35,2
Saint Petersburg,2032-09-25T20:35,2032-09-25T20:50,3
Saint Petersburg,2032-09-25T20:50,2032-09-25T22:20,4
Moscow,2032-09-25T21:20,2032-09-25T21:50,4
Moscow,2032-09-25T21:50,2032-09-25T22:20,4
Moscow,2032-09-25T22:20,2032-09-25T22:40,4
Saint Petersburg,2032-09-25T22:20,2032-09-25T22:40,4
Moscow,2032-09-25T22:40,2032-09-25T23:50,4
Saint Petersburg,2032-09-25T22:40,2032-09-25T23:05,4
Saint Petersburg,2032-09-25T23:05,2032-09-25T23:20,4
Saint Petersburg,2032-09-25T23:20,2032-09-26T00:50,4
Moscow,2032-09-25T23:50,2032-09-26T00:20,4
Moscow,2032-09-26T00:20,2032-09-26T00:50,4
Moscow,2032-09-26T00:50,2032-09-26T01:10,4
Saint Petersburg,2032-09-26T00:50,2032-09-26T01:10,4
Moscow,2032-09-26T01:10,2032-09-26T02:20,4
Saint Petersburg,2032-09-26T01:10,2032-09-26T01:35,4
Saint Petersburg,2032-09-26T01:35,2032-09-26T01:50,3
Saint Petersburg,2032-09-26T01:50,2032-09-26T02:10,2
Saint Petersburg,2032-09-26T02:10,2032-09-26T03:20,4
Moscow,2032-09-26T02:20,2032-09-26T02:50,4
Moscow,2032-09-26T02:50,2032-09-26T03:20,3
Moscow,2032-09-26T03:20,2032-09-26T03:40,2
Saint Petersburg,2032-09-26T03:20,2032-09-26T03:40,3
Moscow,2032-09-26T03:40,2032-09-26T04:50,1
Saint Petersburg,2032-09-26T03:40,2032-09-26T04:40,2
Moscow,2032-09-26T08:10,2032-09-26T08:35,1
Saint Petersburg,2032-09-26T08:10,2032-09-26T08:35,1
Moscow,2032-09-26T08:35,2032-09-26T08:50,2
Saint Petersburg,2032-09-26T08:35,2032-09-26T08:50,2
Moscow,2032-09-26T08:50,2032-09-26T09:20,3
Saint Petersburg,2032-09-26T08:50,2032-09-26T09:50,3
Moscow,2032-09-26T09:20,2032-09-26T10:40,4
Saint Petersburg,2032-09-26T09:50,2032-09-26T10:40,4
Moscow,2032-09-26T10:40,2032-09-26T11:05,4
Saint Petersburg,2032-09-26T10:40,2032-09-26T11:05,4
Moscow,2032-09-26T11:05,2032-09-26T11:20,4
Saint Petersburg,2032-09-26T11:05,2032-09-26T11:20,4
Moscow,2032-09-26T11:20,2032-09-26T11:50,4
Saint Petersburg,2032-09-26T11:20,2032-09-26T12:20,4
Moscow,2032-09-26T11:50,2032-09-26T13:10,3
Saint Petersburg,2032-09-26T12:20,2032-09-26T13:10,3
Moscow,2032-09-26T13:10,2032-09-26T13:35,2
Saint Petersburg,2032-09-26T13:10,2032-09-26T13:35,2
Moscow,2032-09-26T13:35,2032-09-26T13:50,1
Saint Petersburg,2032-09-26T13:35,2032-09-26T13:50,1
Moscow,2032-09-27T22:10,2032-09-27T22:50,1
Moscow,2032-09-27T22:50,2032-09-27T23:20,2
Saint Petersburg,2032-09-27T22:50,2032-09-27T23:20,1
Moscow,2032-09-27T23:20,2032-09-27T23:50,3
Saint Petersburg,2032-09-27T23:20,2032-09-27T23:50,2
Moscow,2032-09-27T23:50,2032-09-28T00:40,4
Saint Petersburg,2032-09-27T23:50,2032-09-28T00:10,3
Saint Petersburg,2032-09-28T00:10,2032-09-28T01:20,4
Moscow,2032-09-28T00:40,2032-09-28T01:20,4
Moscow,2032-09-28T01:20,2032-09-28T01:50,3
Saint Petersburg,2032-09-28T01:20,2032-09-28T01:50,3
Moscow,2032-09-28T01:50,2032-09-28T02:20,2
Saint Petersburg,2032-09-28T01:50,2032-09-28T02:20,2
Moscow,2032-09-28T02:20,2032-09-28T03:10,1
Saint Petersburg,2032-09-28T02:20,2032-09-28T02:40,1
Moscow,2032-09-28T08:10,2032-09-28T08:35,1
Saint Petersburg,2032-09-28T08:10,2032-09-28T08:35,1
Moscow,2032-09-28T08:35,2032-09-28T08:50,2
Saint Petersburg,2032-09-28T08:35,2032-09-28T08:50,2
Moscow,2032-09-28T08:50,2032-09-28T09:20,3
Saint Petersburg,2032-09-28T08:50,2032-09-28T09:20,3
Moscow,2032-09-28T09:20,2032-09-28T10:40,4
Saint Petersburg,2032-09-28T09:20,2032-09-28T10:40,4
Moscow,2032-09-28T10:40,2032-09-28T11:05,4
Saint Petersburg,2032-09-28T10:40,2032-09-28T11:05,4
Moscow,2032-09-28T11:05,2032-09-28T11:20,4
Saint Petersburg,2032-09-28T11:05,2032-09-28T11:20,4
Moscow,2032-09-28T11:20,2032-09-28T11:50,4
Saint Petersburg,2032-09-28T11:20,2032-09-28T11:50,4
Moscow,2032-09-28T11:50,2032-09-28T13:10,4
Saint Petersburg,2032-09-28T11:50,2032-09-28T13:10,4
Moscow,2032-09-28T13:10,2032-09-28T13:35,4
Saint Petersburg,2032-09-28T13:10,2032-09-28T13:35,4
Moscow,2032-09-28T13:35,2032-09-28T13:50,4
Saint Petersburg,2032-09-28T13:35,2032-09-28T13:50,4
Moscow,2032-09-28T13:50,2032-09-28T14:20,4
Saint Petersburg,2032-09-28T13:50,2032-09-28T14:20,4
Moscow,2032-09-28T14:20,2032-09-28T15:40,4
Saint Petersburg,2032-09-28T14:20,2032-09-28T15:40,4
Moscow,2032-09-28T15:40,2032-09-28T16:05,4
Saint Petersburg,2032-09-28T15:40,2032-09-28T16:05,4
Moscow,2032-09-28T16:05,2032-09-28T16:20,4
Saint Petersburg,2032-09-28T16:05,2032-09-28T16:20,4
Moscow,2032-09-28T16:20,2032-09-28T16:50,4
Saint Petersburg,2032-09-28T16:20,2032-09-28T16:50,4
Moscow,2032-09-28T16:50,2032-09-28T18:10,3
Saint Petersburg,2032-09-28T16:50,2032-09-28T18:10,3
Moscow,2032-09-28T18:10,2032-09-28T18:35,2
Saint Petersburg,2032-09-28T18:10,2032-09-28T18:35,2
Moscow,2032-09-28T18:35,2032-09-28T18:50,1
Saint Petersburg,2032-09-28T18:35,2032-09-28T18:50,1
Moscow,2032-09-30T09:20,2032-09-30T09:35,1
Moscow,2032-09-30T09:35,2032-09-30T09:50,2
Moscow,2032-09-30T09:50,2032-09-30T10:10,3
Saint Petersburg,2032-09-30T09:50,2032-09-30T10:10,1
Moscow,2032-09-30T10:10,2032-09-30T11:50,4
Saint Petersburg,2032-09-30T10:10,2032-09-30T10:50,2
Saint Petersburg,2032-09-30T10:50,2032-09-30T11:20,3
Saint Petersburg,2032-09-30T11:20,2032-09-30T12:20,4
Moscow,2032-09-30T11:50,2032-09-30T12:05,4
Moscow,2032-09-30T12:05,2032-09-30T12:20,4
Moscow,2032-09-30T12:20,2032-09-30T12:40,4
Saint Petersburg,2032-09-30T12:20,2032-09-30T12:40,4
Moscow,2032-09-30T12:40,2032-09-30T14:20,4
Saint Petersburg,2032-09-30T12:40,2032-09-30T13:20,4
Saint Petersburg,2032-09-30T13:20,2032-09-30T13:50,4
Saint Petersburg,2032-09-30T13:50,2032-09-30T14:50,4
Moscow,2032-09-30T14:20,2032-09-30T14:35,4
Moscow,2032-09-30T14:35,2032-09-30T14:50,4
Moscow,2032-09-30T14:50,2032-09-30T15:10,4
Saint Petersburg,2032-09-30T14:50,2032-09-30T15:10,4
Moscow,2032-09-30T15:10,2032-09-30T16:50,4
Saint Petersburg,2032-09-30T15:10,2032-09-30T15:50,4
Saint Petersburg,2032-09-30T15:50,2032-09-30T16:20,4
Saint Petersburg,2032-09-30T16:20,2032-09-30T16:50,3
Moscow,2032-09-30T16:50,2032-09-30T17:05,4
Saint Petersburg,2032-09-30T16:50,2032-09-30T17:20,4
Moscow,2032-09-30T17:05,2032-09-30T17:20,4
Moscow,2032-09-30T17:20,2032-09-30T17:40,4
Saint Petersburg,2032-09-30T17:20,2032-09-30T17:40,4
Moscow,2032-09-30T17:40,2032-09-30T19:20,4
Saint Petersburg,2032-09-30T17:40,2032-09-30T18:20,4
Saint Petersburg,2032-09-30T18:20,2032-09-30T19:20,4
Moscow,2032-09-30T19:20,2032-09-30T19:35,4
Saint Petersburg,2032-09-30T19:20,2032-09-30T19:50,4
Moscow,2032-09-30T19:35,2032-09-30T19:50,4
Moscow,2032-09-30T19:50,2032-09-30T20:10,4
Saint Petersburg,2032-09-30T19:50,2032-09-30T20:10,4
Moscow,2032-09-30T20:10,2032-09-30T21:50,4
Saint Petersburg,2032-09-30T20:10,2032-09-30T20:50,4
Saint Petersburg,2032-09-30T20:50,2032-09-30T21:50,4
Moscow,2032-09-30T21:50,2032-09-30T22:05,3
Saint Petersburg,2032-09-30T21:50,2032-09-30T22:20,3
Moscow,2032-09-30T22:05,2032-09-30T22:20,2
Moscow,2032-09-30T22:20,2032-09-30T22:40,1
Saint Petersburg,2032-09-30T22:20,2032-09-30T22:40,2
Saint Petersburg,2032-09-30T22:40,2032-09-30T23:20,1
Moscow,2032-10-02T12:35,2032-10-02T12:50,1
Moscow,2032-10-02T12:50,2032-10-02T13:20,2
Moscow,2032-10-02T13:20,2032-10-02T13:50,3
Saint Petersburg,2032-10-02T13:20,2032-10-02T13:50,1
Moscow,2032-10-02T13:50,2032-10-02T15:05,4
Saint Petersburg,2032-10-02T13:50,2032-10-02T14:10,2
Saint Petersburg,2032-10-02T14:10,2032-10-02T14:50,3
Saint Petersburg,2032-10-02T14:50,2032-10-02T15:50,4
Moscow,2032-10-02T15:05,2032-10-02T15:20,4
Moscow,2032-10-02T15:20,2032-10-02T15:50,4
Moscow,2032-10-02T15:50,2032-10-02T16:20,4
Saint Petersburg,2032-10-02T15:50,2032-10-02T16:20,4
Moscow,2032-10-02T16:20,2032-10-02T17:35,4
Saint Petersburg,2032-10-02T16:20,2032-10-02T16:40,4
Saint Petersburg,2032-10-02T16:40,2032-10-02T16:50,3
Saint Petersburg,2032-10-02T16:50,2032-10-02T17:20,4
Saint Petersburg,2032-10-02T17:20,2032-10-02T18:10,3
Moscow,2032-10-02T17:35,2032-10-02T17:50,4
Moscow,2032-10-02T17:50,2032-10-02T18:20,4
Saint Petersburg,2032-10-02T18:10,2032-10-02T18:20,4
Moscow,2032-10-02T18:20,2032-10-02T18:50,4
Saint Petersburg,2032-10-02T18:20,2032-10-02T18:50,3
Moscow,2032-10-02T18:50,2032-10-02T20:05,4
Saint Petersburg,2032-10-02T18:50,2032-10-02T19:20,3
Saint Petersburg,2032-10-02T19:20,2032-10-02T19:50,3
Saint Petersburg,2032-10-02T19:50,2032-10-02T20:40,4
Moscow,2032-10-02T20:05,2032-10-02T20:20,4
Moscow,2032-10-02T20:20,2032-10-02T20:50,4
Saint Petersburg,2032-10-02T20:40,2032-10-02T21:20,4
Moscow,2032-10-02T20:50,2032-10-02T21:20,4
Moscow,2032-10-02T21:20,2032-10-02T22:35,4
Saint Petersburg,2032-10-02T21:20,2032-10-02T21:50,4
Saint Petersburg,2032-10-02T21:50,2032-10-02T22:20,4
Saint Petersburg,2032-10-02T22:20,2032-10-02T23:10,4
Moscow,2032-10-02T22:35,2032-10-02T22:50,4
Moscow,2032-10-02T22:50,2032-10-02T23:20,4
Saint Petersburg,2032-10-02T23:10,2032-10-02T23:50,4
Moscow,2032-10-02T23:20,2032-10-02T23:50,4
Moscow,2032-10-02T23:50,2032-10-03T01:05,4
Saint Petersburg,2032-10-02T23:50,2032-10-03T00:20,4
Saint Petersburg,2032-10-03T00:20,2032-10-03T00:50,4
Saint Petersburg,2032-10-03T00:50,2032-10-03T01:20,3
Moscow,2032-10-03T01:05,2032-10-03T01:20,3
Moscow,2032-10-03T01:20,2032-10-03T01:50,2
Saint Petersburg,2032-10-03T01:20,2032-10-03T01:40,4
Saint Petersburg,2032-10-03T01:40,2032-10-03T02:20,3
Moscow,2032-10-03T01:50,2032-10-03T02:20,1
Saint Petersburg,2032-10-03T02:20,2032-10-03T02:50,2
Saint Petersburg,2032-10-03T02:50,2032-10-03T03:50,1
Moscow,2032-10-04T16:50,2032-10-04T17:20,1
Moscow,2032-10-04T17:20,2032-10-04T18:10,2
Saint Petersburg,2032-10-04T17:20,2032-10-04T18:10,1
Moscow,2032-10-04T18:10,2032-10-04T18:50,3
Saint Petersburg,2032-10-04T18:10,2032-10-04T18:50,2
Moscow,2032-10-04T18:50,2032-10-04T19:20,4
Saint Petersburg,2032-10-04T18:50,2032-10-04T19:50,3
Moscow,2032-10-04T19:20,2032-10-04T19:50,4
Moscow,2032-10-04T19:50,2032-10-04T20:40,4
Saint Petersburg,2032-10-04T19:50,2032-10-04T20:10,3
Saint Petersburg,2032-10-04T20:10,2032-10-04T20:40,4
Moscow,2032-10-04T20:40,2032-10-04T21:20,4
Saint Petersburg,2032-10-04T20:40,2032-10-04T21:20,4
Moscow,2032-10-04T21:20,2032-10-04T21:50,4
Saint Petersburg,2032-10-04T21:20,2032-10-04T22:20,4
Moscow,2032-10-04T21:50,2032-10-04T22:20,4
Moscow,2032-10-04T22:20,2032-10-04T23:10,4
Saint Petersburg,2032-10-04T22:20,2032-10-04T22:40,4
Saint Petersburg,2032-10-04T22:40,2032-10-04T23:10,4
Moscow,2032-10-04T23:10,2032-10-04T23:50,4
Saint Petersburg,2032-10-04T23:10,2032-10-04T23:50,4
Moscow,2032-10-04T23:50,2032-10-05T00:20,4
Saint Petersburg,2032-10-04T23:50,2032-10-05T00:50,4
Moscow,2032-10-05T00:20,2032-10-05T00:50,4
Moscow,2032-10-05T00:50,2032-10-05T01:40,4
Saint Petersburg,2032-10-05T00:50,2032-10-05T01:10,4
Saint Petersburg,2032-10-05T01:10,2032-10-05T01:40,4
Moscow,2032-10-05T01:40,2032-10-05T02:20,4
Saint Petersburg,2032-10-05T01:40,2032-10-05T02:20,4
Moscow,2032-10-05T02:20,2032-10-05T02:50,4
Saint Petersburg,2032-10-05T02:20,2032-10-05T03:20,4
Moscow,2032-10-05T02:50,2032-10-05T03:20,3
Moscow,2032-10-05T03:20,2032-10-05T04:10,2
Saint Petersburg,2032-10-05T03:20,2032-10-05T03:40,3
Saint Petersburg,2032-10-05T03:40,2032-10-05T04:10,2
Moscow,2032-10-05T04:10,2032-10-05T04:50,1
Saint Petersburg,2032-10-05T04:10,2032-10-05T04:50,1
Moscow,2032-10-05T08:10,2032-10-05T08:35,1
Saint Petersburg,2032-10-05T08:10,2032-10-05T08:35,1
Moscow,2032-10-05T08:35,2032-10-05T08:50,2
Saint Petersburg,2032-10-05T08:35,2032-10-05T08:50,2
Moscow,2032-10-05T08:50,2032-10-05T09:20,3
Saint Petersburg,2032-10-05T08:50,2032-10-05T09:20,3
Moscow,2032-10-05T09:20,2032-10-05T10:40,4
Saint Petersburg,2032-10-05T09:20,2032-10-05T10:40,4
Moscow,2032-10-05T10:40,2032-10-05T11:05,3
Saint Petersburg,2032-10-05T10:40,2032-10-05T11:05,3
Moscow,2032-10-05T11:05,2032-10-05T11:20,2
Saint Petersburg,2032-10-05T11:05,2032-10-05T11:20,2
Moscow,2032-10-05T11:20,2032-10-05T11:50,1
Saint Petersburg,2032-10-05T11:20,2032-10-05T11:50,1
Moscow,2032-10-06T20:50,2032-10-06T21:20,1
Moscow,2032-10-06T21:20,2032-10-06T21:50,2
Moscow,2032-10-06T21:50,2032-10-06T22:10,3
Saint Petersburg,2032-10-06T21:50,2032-10-06T22:50,1
Moscow,2032-10-06T22:10,2032-10-06T23:20,4
Saint Petersburg,2032-10-06T22:50,2032-10-06T23:20,2
Moscow,2032-10-06T23:20,2032-10-06T23:50,4
Saint Petersburg,2032-10-06T23:20,2032-10-07T00:10,3
Moscow,2032-10-06T23:50,2032-10-07T00:20,4
Saint Petersburg,2032-10-07T00:10,2032-10-07T00:20,4
Moscow,2032-10-07T00:20,2032-10-07T00:40,4
Saint Petersburg,2032-10-07T00:20,2032-10-07T00:35,3
Saint Petersburg,2032-10-07T00:35,2032-10-07T01:20,4
Moscow,2032-10-07T00:40,2032-10-07T01:50,4
Saint Petersburg,2032-10-07T01:20,2032-10-07T01:50,4
Moscow,2032-10-07T01:50,2032-10-07T02:20,3
Saint Petersburg,2032-10-07T01:50,2032-10-07T02:40,4
Moscow,2032-10-07T02:20,2032-10-07T02:50,2
Saint Petersburg,2032-10-07T02:40,2032-10-07T03:05,3
Moscow,2032-10-07T02:50,2032-10-07T03:10,1
Saint Petersburg,2032-10-07T03:05,2032-10-07T03:50,2
Saint Petersburg,2032-10-07T03:50,2032-10-07T04:20,1
Moscow,2032-10-07T08:10,2032-10-07T08:35,1
Saint Petersburg,2032-10-07T08:10,2032-10-07T08:35,1
Moscow,2032-10-07T08:35,2032-10-07T08:50,2
Saint Petersburg,2032-10-07T08:35,2032-10-07T08:50,2
Moscow,2032-10-07T08:50,2032-10-07T09:20,3
Saint Petersburg,2032-10-07T08:50,2032-10-07T09:20,3
Moscow,2032-10-07T09:20,2032-10-07T10:40,4
Saint Petersburg,2032-10-07T09:20,2032-10-07T10:40,4
Moscow,2032-10-07T10:40,2032-10-07T11:05,4
Saint Petersburg,2032-10-07T10:40,2032-10-07T11:05,4
Moscow,2032-10-07T11:05,2032-10-07T11:20,4
Saint Petersburg,2032-10-07T11:05,2032-10-07T11:20,4
Moscow,2032-10-07T11:20,2032-10-07T11:50,4
Saint Petersburg,2032-10-07T11:20,2032-10-07T11:50,4
Moscow,2032-10-07T11:50,2032-10-07T13:10,4
Saint Petersburg,2032-10-07T11:50,2032-10-07T13:10,4
Moscow,2032-10-07T13:10,2032-10-07T13:35,4
Saint Petersburg,2032-10-07T13:10,2032-10-07T13:35,4
Moscow,2032-10-07T13:35,2032-10-07T13:50,4
Saint Petersburg,2032-10-07T13:35,2032-10-07T13:50,4
Moscow,2032-10-07T13:50,2032-10-07T14:20,4
Saint Petersburg,2032-10-07T13:50,2032-10-07T14:20,4
Moscow,2032-10-07T14:20,2032-10-07T15:40,4
Saint Petersburg,2032-10-07T14:20,2032-10-07T15:40,4
Moscow,2032-10-07T15:40,2032-10-07T16:05,3
Saint Petersburg,2032-10-07T15:40,2032-10-07T16:05,3
Moscow,2032-10-07T16:05,2032-10-07T16:20,2
Saint Petersburg,2032-10-07T16:05,2032-10-07T16:20,2
Moscow,2032-10-07T16:20,2032-10-07T16:50,1
Saint Petersburg,2032-10-07T16:20,2032-10-07T16:50,1
Moscow,2032-10-09T08:10,2032-10-09T08:35,1
Moscow,2032-10-09T08:35,2032-10-09T08:50,2
Moscow,2032-10-09T08:50,2032-10-09T09:20,3
Saint Petersburg,2032-10-09T08:50,2032-10-09T09:20,1
Moscow,2032-10-09T09:20,2032-10-09T10:40,4
Saint Petersburg,2032-10-09T09:20,2032-10-09T09:50,2
Saint Petersburg,2032-10-09T09:50,2032-10-09T10:35,3
Saint Petersburg,2032-10-09T10:35,2032-10-09T11:20,4
Moscow,2032-10-09T10:40,2032-10-09T11:05,4
Moscow,2032-10-09T11:05,2032-10-09T11:20,4
Moscow,2032-10-09T11:20,2032-10-09T11:50,4
Saint Petersburg,2032-10-09T11:20,2032-10-09T11:50,4
Moscow,2032-10-09T11:50,2032-10-09T13:10,4
Saint Petersburg,2032-10-09T11:50,2032-10-09T12:20,4
Saint Petersburg,2032-10-09T12:20,2032-10-09T13:05,4
Saint Petersburg,2032-10-09T13:05,2032-10-09T13:20,3
Moscow,2032-10-09T13:10,2032-10-09T13:35,4
Saint Petersburg,2032-10-09T13:20,2032-10-09T13:50,4
Moscow,2032-10-09T13:35,2032-10-09T13:50,4
Moscow,2032-10-09T13:50,2032-10-09T14:20,4
Saint Petersburg,2032-10-09T13:50,2032-10-09T14:20,4
Moscow,2032-10-09T14:20,2032-10-09T15:40,4
Saint Petersburg,2032-10-09T14:20,2032-10-09T14:50,4
Saint Petersburg,2032-10-09T14:50,2032-10-09T15:50,4
Moscow,2032-10-09T15:40,2032-10-09T16:05,4
Saint Petersburg,2032-10-09T15:50,2032-10-09T16:20,4
Moscow,2032-10-09T16:05,2032-10-09T16:20,4
Moscow,2032-10-09T16:20,2032-10-09T16:50,4
Saint Petersburg,2032-10-09T16:20,2032-10-09T16:50,4
Moscow,2032-10-09T16:50,2032-10-09T18:10,4
Saint Petersburg,2032-10-09T16:50,2032-10-09T17:20,4
Saint Petersburg,2032-10-09T17:20,2032-10-09T18:20,4
Moscow,2032-10-09T18:10,2032-10-09T18:35,4
Saint Petersburg,2032-10-09T18:20,2032-10-09T18:50,4
Moscow,2032-10-09T18:35,2032-10-09T18:50,4
Moscow,2032-10-09T18:50,2032-10-09T19:20,4
Saint Petersburg,2032-10-09T18:50,2032-10-09T19:20,4
Moscow,2032-10-09T19:20,2032-10-09T20:40,4
Saint Petersburg,2032-10-09T19:20,2032-10-09T19:50,4
Saint Petersburg,2032-10-09T19:50,2032-10-09T20:50,3
Moscow,2032-10-09T20:40,2032-10-09T21:05,3
Saint Petersburg,2032-10-09T20:50,2032-10-09T21:20,2
Moscow,2032-10-09T21:05,2032-10-09T21:20,2
Moscow,2032-10-09T21:20,2032-10-09T21:50,1
Saint Petersburg,2032-10-09T21:20,2032-10-09T21:50,1
Moscow,2032-10-11T11:20,2032-10-11T11:50,1
Moscow,2032-10-11T11:50,2032-10-11T12:10,2
Moscow,2032-10-11T12:10,2032-10-11T12:35,3
Saint Petersburg,2032-10-11T12:10,2032-10-11T12:35,1
Moscow,2032-10-11T12:35,2032-10-11T13:50,4
Saint Petersburg,2032-10-11T12:35,2032-10-11T12:50,2
Saint Petersburg,2032-10-11T12:50,2032-10-11T13:20,3
Saint Petersburg,2032-10-11T13:20,2032-10-11T14:40,4
Moscow,2032-10-11T13:50,2032-10-11T14:20,4
Moscow,2032-10-11T14:20,2032-10-11T14:40,4
Moscow,2032-10-11T14:40,2032-10-11T15:05,4
Saint Petersburg,2032-10-11T14:40,2032-10-11T15:05,4
Moscow,2032-10-11T15:05,2032-10-11T16:20,4
Saint Petersburg,2032-10-11T15:05,2032-10-11T15:20,4
Saint Petersburg,2032-10-11T15:20,2032-10-11T15:50,4
Saint Petersburg,2032-10-11T15:50,2032-10-11T17:10,4
Moscow,2032-10-11T16:20,2032-10-11T16:50,4
Moscow,2032-10-11T16:50,2032-10-11T17:10,4
Moscow,2032-10-11T17:10,2032-10-11T17:35,4
Saint Petersburg,2032-10-11T17:10,2032-10-11T17:35,4
Moscow,2032-10-11T17:35,2032-10-11T18:50,4
Saint Petersburg,2032-10-11T17:35,2032-10-11T17:50,4
Saint Petersburg,2032-10-11T17:50,2032-10-11T18:20,4
Saint Petersburg,2032-10-11T18:20,2032-10-11T19:40,4
Moscow,2032-10-11T18:50,2032-10-11T19:20,4
Moscow,2032-10-11T19:20,2032-10-11T19:40,4
Moscow,2032-10-11T19:40,2032-10-11T20:05,4
Saint Petersburg,2032-10-11T19:40,2032-10-11T20:05,4
Moscow,2032-10-11T20:05,2032-10-11T21:20,4
Saint Petersburg,2032-10-11T20:05,2032-10-11T20:20,4
Saint Petersburg,2032-10-11T20:20,2032-10-11T20:50,4
Saint Petersburg,2032-10-11T20:50,2032-10-11T22:10,4
Moscow,2032-10-11T21:20,2032-10-11T21:50,4
Moscow,2032-10-11T21:50,2032-10-11T22:10,4
Moscow,2032-10-11T22:10,2032-10-11T22:35,4
Saint Petersburg,2032-10-11T22:10,2032-10-11T22:35,4
Moscow,2032-10-11T22:35,2032-10-11T23:50,4
Saint Petersburg,2032-10-11T22:35,2032-10-11T22:50,4
Saint Petersburg,2032-10-11T22:50,2032-10-11T23:20,3
Saint Petersburg,2032-10-11T23:20,2032-10-12T00:40,2
Moscow,2032-10-11T23:50,2032-10-12T00:20,3
Moscow,2032-10-12T00:20,2032-10-12T00:40,2
Moscow,2032-10-12T00:40,2032-10-12T01:05,1
Saint Petersburg,2032-10-12T00:40,2032-10-12T00:50,1
Saint Petersburg,2032-10-12T00:50,2032-10-12T01:05,2
Saint Petersburg,2032-10-12T01:05,2032-10-12T03:20,1
Moscow,2032-10-13T14:50,2032-10-13T15:20,1
Moscow,2032-10-13T15:20,2032-10-13T16:10,2
Saint Petersburg,2032-10-13T15:50,2032-10-13T17:20,1
Moscow,2032-10-13T16:10,2032-10-13T16:50,3
Moscow,2032-10-13T16:50,2032-10-13T17:20,4
Moscow,2032-10-13T17:20,2032-10-13T17:50,4
Saint Petersburg,2032-10-13T17:20,2032-10-13T18:10,2
Moscow,2032-10-13T17:50,2032-10-13T18:10,3
Moscow,2032-10-13T18:10,2032-10-13T18:40,4
Saint Petersburg,2032-10-13T18:10,2032-10-13T18:20,3
Saint Petersburg,2032-10-13T18:20,2032-10-13T18:50,2
Moscow,2032-10-13T18:40,2032-10-13T18:50,3
Moscow,2032-10-13T18:50,2032-10-13T19:20,4
Saint Petersburg,2032-10-13T18:50,2032-10-13T19:50,3
Moscow,2032-10-13T19:20,2032-10-13T19:50,4
Moscow,2032-10-13T19:50,2032-10-13T20:40,4
Saint Petersburg,2032-10-13T19:50,2032-10-13T20:10,3
Saint Petersburg,2032-10-13T20:10,2032-10-13T20:40,4
Moscow,2032-10-13T20:40,2032-10-13T21:20,4
Saint Petersburg,2032-10-13T20:40,2032-10-13T20:50,3
Saint Petersburg,2032-10-13T20:50,2032-10-13T21:20,4
Moscow,2032-10-13T21:20,2032-10-13T21:50,4
Saint Petersburg,2032-10-13T21:20,2032-10-13T22:10,3
Moscow,2032-10-13T21:50,2032-10-13T22:20,4
Saint Petersburg,2032-10-13T22:10,2032-10-13T22:20,4
Moscow,2032-10-13T22:20,2032-10-13T23:10,4
Saint Petersburg,2032-10-13T22:20,2032-10-13T22:40,4
Saint Petersburg,2032-10-13T22:40,2032-10-13T23:20,4
Moscow,2032-10-13T23:10,2032-10-13T23:50,4
Saint Petersburg,2032-10-13T23:20,2032-10-14T00:40,4
Moscow,2032-10-13T23:50,2032-10-14T00:20,4
Moscow,2032-10-14T00:20,2032-10-14T00:50,4
Saint Petersburg,2032-10-14T00:40,2032-10-14T00:50,4
Moscow,2032-10-14T00:50,2032-10-14T01:40,4
Saint Petersburg,2032-10-14T00:50,2032-10-14T01:10,4
Saint Petersburg,2032-10-14T01:10,2032-10-14T01:50,4
Moscow,2032-10-14T01:40,2032-10-14T02:20,4
Saint Petersburg,2032-10-14T01:50,2032-10-14T03:10,4
Moscow,2032-10-14T02:20,2032-10-14T02:50,4
Moscow,2032-10-14T02:50,2032-10-14T03:20,3
Saint Petersburg,2032-10-14T03:10,2032-10-14T03:20,4
Moscow,2032-10-14T03:20,2032-10-14T04:10,2
Saint Petersburg,2032-10-14T03:20,2032-10-14T03:40,4
Saint Petersburg,2032-10-14T03:40,2032-10-14T04:20,4
Moscow,2032-10-14T04:10,2032-10-14T04:50,1
Saint Petersburg,2032-10-14T04:20,2032-10-14T05:40,3
Saint Petersburg,2032-10-14T05:40,2032-10-14T05:50,2
Saint Petersburg,2032-10-14T05:50,2032-10-14T06:10,1
Moscow,2032-10-14T08:10,2032-10-14T10:40,1
Saint Petersburg,2032-10-14T08:10,2032-10-14T10:40,1
Moscow,2032-10-15T19:50,2032-10-15T20:10,1
Moscow,2032-10-15T20:10,2032-10-15T20:35,2
Moscow,2032-10-15T20:35,2032-10-15T20:50,3
Saint Petersburg,2032-10-15T20:35,2032-10-15T20:50,1
Moscow,2032-10-15T20:50,2032-10-15T22:20,4
Saint Petersburg,2032-10-15T20:50,2032-10-15T21:20,2
Saint Petersburg,2032-10-15T21:20,2032-10-15T21:50,3
Saint Petersburg,2032-10-15T21:50,2032-10-15T23:05,4
Moscow,2032-10-15T22:20,2032-10-15T22:40,4
Moscow,2032-10-15T22:40,2032-10-15T23:05,4
Moscow,2032-10-15T23:05,2032-10-15T23:20,4
Saint Petersburg,2032-10-15T23:05,2032-10-15T23:20,4
Moscow,2032-10-15T23:20,2032-10-16T00:50,4
Saint Petersburg,2032-10-15T23:20,2032-10-15T23:50,4
Saint Petersburg,2032-10-15T23:50,2032-10-16T00:20,4
Saint Petersburg,2032-10-16T00:20,2032-10-16T01:35,4
Moscow,2032-10-16T00:50,2032-10-16T01:10,4
Moscow,2032-10-16T01:10,2032-10-16T01:35,4
Moscow,2032-10-16T01:35,2032-10-16T01:50,4
Saint Petersburg,2032-10-16T01:35,2032-10-16T01:50,4
Moscow,2032-10-16T01:50,2032-10-16T03:20,3
Saint Petersburg,2032-10-16T01:50,2032-10-16T02:20,4
Saint Petersburg,2032-10-16T02:20,2032-10-16T02:50,3
Saint Petersburg,2032-10-16T02:50,2032-10-16T04:05,2
Moscow,2032-10-16T03:20,2032-10-16T03:40,2
Moscow,2032-10-16T03:40,2032-10-16T04:05,1
Saint Petersburg,2032-10-16T04:05,2032-10-16T04:20,1
Moscow,2032-10-16T08:10,2032-10-16T08:35,1
Saint Petersburg,2032-10-16T08:10,2032-10-16T08:35,1
Moscow,2032-10-16T08:35,2032-10-16T08:50,2
Saint Petersburg,2032-10-16T08:35,2032-10-16T08:50,2
Moscow,2032-10-16T08:50,2032-10-16T09:20,3
Saint Petersburg,2032-10-16T08:50,2032-10-16T09:20,3
Moscow,2032-10-16T09:20,2032-10-16T10:40,4
Saint Petersburg,2032-10-16T09:20,2032-10-16T10:40,4
Moscow,2032-10-16T10:40,2032-10-16T11:05,4
Saint Petersburg,2032-10-16T10:40,2032-10-16T11:05,4
Moscow,2032-10-16T11:05,2032-10-16T11:20,4
Saint Petersburg,2032-10-16T11:05,2032-10-16T11:20,4
Moscow,2032-10-16T11:20,2032-10-16T11:50,4
Saint Petersburg,2032-10-16T11:20,2032-10-16T11:50,4
Moscow,2032-10-16T11:50,2032-10-16T13:10,4
Saint Petersburg,2032-10-16T11:50,2032-10-16T12:10,3
Saint Petersburg,2032-10-16T12:10,2032-10-16T13:10,4
Moscow,2032-10-16T13:10,2032-10-16T13:35,4
Saint Petersburg,2032-10-16T13:10,2032-10-16T13:35,4
Moscow,2032-10-16T13:35,2032-10-16T13:50,3
Saint Petersburg,2032-10-16T13:35,2032-10-16T13:50,3
Moscow,2032-10-16T13:50,2032-10-16T14:20,2
Saint Petersburg,2032-10-16T13:50,2032-10-16T14:40,2
Moscow,2032-10-16T14:20,2032-10-16T15:40,1
Saint Petersburg,2032-10-16T14:40,2032-10-16T15:40,1
Moscow,2032-10-17T23:20,2032-10-17T23:50,1
Moscow,2032-10-17T23:50,2032-10-18T00:10,2
Saint Petersburg,2032-10-17T23:50,2032-10-18T00:10,1
Moscow,2032-10-18T00:10,2032-10-18T01:50,3
Saint Petersburg,2032-10-18T00:10,2032-10-18T02:20,2
Moscow,2032-10-18T01:50,2032-10-18T02:20,2
Moscow,2032-10-18T02:20,2032-10-18T02:40,1
Saint Petersburg,2032-10-18T02:20,2032-10-18T02:40,1
Moscow,2032-10-18T08:10,2032-10-18T08:35,1
Saint Petersburg,2032-10-18T08:10,2032-10-18T08:35,1
Moscow,2032-10-18T08:35,2032-10-18T08:50,2
Saint Petersburg,2032-10-18T08:35,2032-10-18T08:50,2
Moscow,2032-10-18T08:50,2032-10-18T09:20,3
Saint Petersburg,2032-10-18T08:50,2032-10-18T09:20,3
Moscow,2032-10-18T09:20,2032-10-18T10:40,4
Saint Petersburg,2032-10-18T09:20,2032-10-18T10:40,4
Moscow,2032-10-18T10:40,2032-10-18T11:05,4
Saint Petersburg,2032-10-18T10:40,2032-10-18T11:05,4
Moscow,2032-10-18T11:05,2032-10-18T11:20,4
Saint Petersburg,2032-10-18T11:05,2032-10-18T11:20,4
Moscow,2032-10-18T11:20,2032-10-18T11:50,4
Saint Petersburg,2032-10-18T11:20,2032-10-18T11:50,4
Moscow,2032-10-18T11:50,2032-10-18T13:10,4
Saint Petersburg,2032-10-18T11:50,2032-10-18T13:10,4
Moscow,2032-10-18T13:10,2032-10-18T13:35,4
Saint Petersburg,2032-10-18T13:10,2032-10-18T13:35,4
Moscow,2032-10-18T13:35,2032-10-18T13:50,4
Saint Petersburg,2032-10-18T13:35,2032-10-18T13:50,4
Moscow,2032-10-18T13:50,2032-10-18T14:20,4
Saint Petersburg,2032-10-18T13:50,2032-10-18T14:20,4
Moscow,2032-10-18T14:20,2032-10-18T15:40,4
Saint Petersburg,2032-10-18T14:20,2032-10-18T14:35,3
Saint Petersburg,2032-10-18T14:35,2032-10-18T15:40,4
Moscow,2032-10-18T15:40,2032-10-18T16:05,4
Saint Petersburg,2032-10-18T15:40,2032-10-18T15:50,3
Saint Petersburg,2032-10-18T15:50,2032-10-18T16:05,4
Moscow,2032-10-18T16:05,2032-10-18T16:20,4
Saint Petersburg,2032-10-18T16:05,2032-10-18T16:20,4
Moscow,2032-10-18T16:20,2032-10-18T16:50,4
Saint Petersburg,2032-10-18T16:20,2032-10-18T17:05,4
Moscow,2032-10-18T16:50,2032-10-18T18:10,4
Saint Petersburg,2032-10-18T17:05,2032-10-18T18:20,4
Moscow,2032-10-18T18:10,2032-10-18T18:35,4
Saint Petersburg,2032-10-18T18:20,2032-10-18T18:35,4
Moscow,2032-10-18T18:35,2032-10-18T18:50,3
Saint Petersburg,2032-10-18T18:35,2032-10-18T18:50,3
Moscow,2032-10-18T18:50,2032-10-18T19:20,2
Saint Petersburg,2032-10-18T18:50,2032-10-18T19:35,2
Moscow,2032-10-18T19:20,2032-10-18T20:40,1
Saint Petersburg,2032-10-18T19:35,2032-10-18T20:50,1
Moscow,2032-10-20T09:50,2032-10-20T10:10,1
Moscow,2032-10-20T10:10,2032-10-20T10:50,2
Moscow,2032-10-20T10:50,2032-10-20T11:20,3
Saint Petersburg,2032-10-20T10:50,2032-10-20T11:20,1
Moscow,2032-10-20T11:20,2032-10-20T12:20,4
Saint Petersburg,2032-10-20T11:20,2032-10-20T11:50,2
Saint Petersburg,2032-10-20T11:50,2032-10-20T12:10,3
Saint Petersburg,2032-10-20T12:10,2032-10-20T13:20,4
Moscow,2032-10-20T12:20,2032-10-20T12:40,4
Moscow,2032-10-20T12:40,2032-10-20T13:20,4
Moscow,2032-10-20T13:20,2032-10-20T13:50,4
Saint Petersburg,2032-10-20T13:20,2032-10-20T13:50,4
Moscow,2032-10-20T13:50,2032-10-20T14:50,4
Saint Petersburg,2032-10-20T13:50,2032-10-20T14:20,4
Saint Petersburg,2032-10-20T14:20,2032-10-20T14:40,4
Saint Petersburg,2032-10-20T14:40,2032-10-20T15:50,4
Moscow,2032-10-20T14:50,2032-10-20T15:10,4
Moscow,2032-10-20T15:10,2032-10-20T15:50,4
Moscow,2032-10-20T15:50,2032-10-20T16:20,4
Saint Petersburg,2032-10-20T15:50,2032-10-20T16:20,4
Moscow,2032-10-20T16:20,2032-10-20T17:20,4
Saint Petersburg,2032-10-20T16:20,2032-10-20T16:50,4
Saint Petersburg,2032-10-20T16:50,2032-10-20T17:10,4
Saint Petersburg,2032-10-20T17:10,2032-10-20T17:50,3
Moscow,2032-10-20T17:20,2032-10-20T17:40,4
Moscow,2032-10-20T17:40,2032-10-20T18:20,4
Saint Petersburg,2032-10-20T17:50,2032-10-20T18:20,4
Moscow,2032-10-20T18:20,2032-10-20T18:50,4
Saint Petersburg,2032-10-20T18:20,2032-10-20T18:50,4
Moscow,2032-10-20T18:50,2032-10-20T19:50,4
Saint Petersburg,2032-10-20T18:50,2032-10-20T19:20,4
Saint Petersburg,2032-10-20T19:20,2032-10-20T20:20,4
Moscow,2032-10-20T19:50,2032-10-20T20:10,4
Moscow,2032-10-20T20:10,2032-10-20T20:50,4
Saint Petersburg,2032-10-20T20:20,2032-10-20T20:50,4
Moscow,2032-10-20T20:50,2032-10-20T21:20,4
Saint Petersburg,2032-10-20T20:50,2032-10-20T21:20,4
Moscow,2032-10-20T21:20,2032-10-20T22:20,4
Saint Petersburg,2032-10-20T21:20,2032-10-20T21:50,4
Saint Petersburg,2032-10-20T21:50,2032-10-20T22:50,4
Moscow,2032-10-20T22:20,2032-10-20T22:40,3
Moscow,2032-10-20T22:40,2032-10-20T23:20,2
Saint Petersburg,2032-10-20T22:50,2032-10-20T23:20,3
Moscow,2032-10-20T23:20,2032-10-20T23:50,1
Saint Petersburg,2032-10-20T23:20,2032-10-20T23:50,2
Saint Petersburg,2032-10-20T23:50,2032-10-21T00:20,1
Moscow,2032-10-22T13:20,2032-10-22T13:50,1
Moscow,2032-10-22T13:50,2032-10-22T14:10,2
Moscow,2032-10-22T14:10,2032-10-22T14:50,3
Saint Petersburg,2032-10-22T14:10,2032-10-22T14:50,1
Moscow,2032-10-22T14:50,2032-10-22T15:50,4
Saint Petersburg,2032-10-22T14:50,2032-10-22T15:20,2
Saint Petersburg,2032-10-22T15:20,2032-10-22T16:40,3
Moscow,2032-10-22T15:50,2032-10-22T16:20,4
Moscow,2032-10-22T16:20,2032-10-22T16:40,4
Moscow,2032-10-22T16:40,2032-10-22T16:50,3
Saint Petersburg,2032-10-22T16:40,2032-10-22T16:50,2
Moscow,2032-10-22T16:50,2032-10-22T17:20,4
Saint Petersburg,2032-10-22T16:50,2032-10-22T17:20,3
Moscow,2032-10-22T17:20,2032-10-22T18:20,4
Saint Petersburg,2032-10-22T17:20,2032-10-22T17:50,3
Saint Petersburg,2032-10-22T17:50,2032-10-22T18:10,3
Saint Petersburg,2032-10-22T18:10,2032-10-22T19:20,4
Moscow,2032-10-22T18:20,2032-10-22T18:50,4
Moscow,2032-10-22T18:50,2032-10-22T19:20,4
Moscow,2032-10-22T19:20,2032-10-22T19:50,4
Saint Petersburg,2032-10-22T19:20,2032-10-22T19:50,4
Moscow,2032-10-22T19:50,2032-10-22T20:50,4
Saint Petersburg,2032-10-22T19:50,2032-10-22T20:20,4
Saint Petersburg,2032-10-22T20:20,2032-10-22T20:40,4
Saint Petersburg,2032-10-22T20:40,2032-10-22T21:50,4
Moscow,2032-10-22T20:50,2032-10-22T21:20,4
Moscow,2032-10-22T21:20,2032-10-22T21:50,4
Moscow,2032-10-22T21:50,2032-10-22T22:20,4
Saint Petersburg,2032-10-22T21:50,2032-10-22T22:20,4
Moscow,2032-10-22T22:20,2032-10-22T23:20,4
Saint Petersburg,2032-10-22T22:20,2032-10-22T22:50,4
Saint Petersburg,2032-10-22T22:50,2032-10-22T23:10,4
Saint Petersburg,2032-10-22T23:10,2032-10-23T00:20,4
Moscow,2032-10-22T23:20,2032-10-22T23:50,4
Moscow,2032-10-22T23:50,2032-10-23T00:20,4
Moscow,2032-10-23T00:20,2032-10-23T00:50,4
Saint Petersburg,2032-10-23T00:20,2032-10-23T00:50,4
Moscow,2032-10-23T00:50,2032-10-23T01:50,4
Saint Petersburg,2032-10-23T00:50,2032-10-23T01:20,4
Saint Petersburg,2032-10-23T01:20,2032-10-23T01:40,4
Saint Petersburg,2032-10-23T01:40,2032-10-23T02:50,4
Moscow,2032-10-23T01:50,2032-10-23T02:20,3
Moscow,2032-10-23T02:20,2032-10-23T02:50,2
Moscow,2032-10-23T02:50,2032-10-23T03:20,1
Saint Petersburg,2032-10-23T02:50,2032-10-23T03:20,3
Saint Petersburg,2032-10-23T03:20,2032-10-23T03:50,2
Saint Petersburg,2032-10-23T03:50,2032-10-23T04:10,1
Moscow,2032-10-24T18:10,2032-10-24T18:50,1
Moscow,2032-10-24T18:50,2032-10-24T19:20,2
Saint Petersburg,2032-10-24T18:50,2032-10-24T19:50,1
Moscow,2032-10-24T19:20,2032-10-24T19:50,3
Moscow,2032-10-24T19:50,2032-10-24T20:40,4
Saint Petersburg,2032-10-24T19:50,2032-10-24T20:10,2
Saint Petersburg,2032-10-24T20:10,2032-10-24T20:35,3
Saint Petersburg,2032-10-24T20:35,2032-10-24T21:20,4
Moscow,2032-10-24T20:40,2032-10-24T21:20,4
Moscow,2032-10-24T21:20,2032-10-24T21:50,4
Saint Petersburg,2032-10-24T21:20,2032-10-24T22:20,4
Moscow,2032-10-24T21:50,2032-10-24T22:20,4
Moscow,2032-10-24T22:20,2032-10-24T23:10,4
Saint Petersburg,2032-10-24T22:20,2032-10-24T22:40,4
Saint Petersburg,2032-10-24T22:40,2032-10-24T23:05,4
Saint Petersburg,2032-10-24T23:05,2032-10-24T23:50,4
Moscow,2032-10-24T23:10,2032-10-24T23:50,4
Moscow,2032-10-24T23:50,2032-10-25T00:20,4
Saint Petersburg,2032-10-24T23:50,2032-10-25T00:50,4
Moscow,2032-10-25T00:20,2032-10-25T00:50,4
Moscow,2032-10-25T00:50,2032-10-25T01:40,4
Saint Petersburg,2032-10-25T00:50,2032-10-25T01:10,4
Saint Petersburg,2032-10-25T01:10,2032-10-25T01:35,4
Saint Petersburg,2032-10-25T01:35,2032-10-25T02:20,4
Moscow,2032-10-25T01:40,2032-10-25T02:20,4
Moscow,2032-10-25T02:20,2032-10-25T02:50,4
Saint Petersburg,2032-10-25T02:20,2032-10-25T03:20,4
Moscow,2032-10-25T02:50,2032-10-25T03:20,3
Moscow,2032-10-25T03:20,2032-10-25T04:10,2
Saint Petersburg,2032-10-25T03:20,2032-10-25T03:40,3
Saint Petersburg,2032-10-25T03:40,2032-10-25T04:05,2
Saint Petersburg,2032-10-25T04:05,2032-10-25T04:50,1
Moscow,2032-10-25T04:10,2032-10-25T04:50,1
Moscow,2032-10-25T08:10,2032-10-25T08:35,1
Saint Petersburg,2032-10-25T08:10,2032-10-25T08:35,1
Moscow,2032-10-25T08:35,2032-10-25T08:50,2
Saint Petersburg,2032-10-25T08:35,2032-10-25T08:50,2
Moscow,2032-10-25T08:50,2032-10-25T09:20,3
Saint Petersburg,2032-10-25T08:50,2032-10-25T09:20,3
Moscow,2032-10-25T09:20,2032-10-25T10:40,4
Saint Petersburg,2032-10-25T09:20,2032-10-25T10:40,4
Moscow,2032-10-25T10:40,2032-10-25T11:05,4
Saint Petersburg,2032-10-25T10:40,2032-10-25T11:05,4
Moscow,2032-10-25T11:05,2032-10-25T11:20,4
Saint Petersburg,2032-10-25T11:05,2032-10-25T11:20,3
Moscow,2032-10-25T11:20,2032-10-25T11:50,3
Saint Petersburg,2032-10-25T11:20,2032-10-25T11:50,2
Moscow,2032-10-25T11:50,2032-10-25T13:10,2
Saint Petersburg,2032-10-25T11:50,2032-10-25T13:10,2
Moscow,2032-10-25T13:10,2032-10-25T13:35,1
Saint Petersburg,2032-10-25T13:10,2032-10-25T14:20,1
Moscow,2032-10-26T21:50,2032-10-26T22:10,1
Moscow,2032-10-26T22:10,2032-10-26T22:50,2
Saint Petersburg,2032-10-26T22:35,2032-10-26T23:50,1
Moscow,2032-10-26T22:50,2032-10-26T23:20,3
Moscow,2032-10-26T23:20,2032-10-27T00:20,4
Saint Petersburg,2032-10-26T23:50,2032-10-27T00:10,2
Saint Petersburg,2032-10-27T00:10,2032-10-27T00:50,3
Moscow,2032-10-27T00:20,2032-10-27T00:40,4
Moscow,2032-10-27T00:40,2032-10-27T01:20,4
Saint Petersburg,2032-10-27T00:50,2032-10-27T01:05,4
Saint Petersburg,2032-10-27T01:05,2032-10-27T01:20,3
Moscow,2032-10-27T01:20,2032-10-27T01:50,3
Saint Petersburg,2032-10-27T01:20,2032-10-27T02:20,4
Moscow,2032-10-27T01:50,2032-10-27T02:50,2
Saint Petersburg,2032-10-27T02:20,2032-10-27T02:40,3
Saint Petersburg,2032-10-27T02:40,2032-10-27T03:20,2
Moscow,2032-10-27T02:50,2032-10-27T03:10,1
Saint Petersburg,2032-10-27T03:20,2032-10-27T03:50,1
Moscow,2032-10-27T08:10,2032-10-27T08:35,1
Moscow,2032-10-27T08:35,2032-10-27T08:50,2
Saint Petersburg,2032-10-27T08:35,2032-10-27T08:50,1
Moscow,2032-10-27T08:50,2032-10-27T09:20,3
Saint Petersburg,2032-10-27T08:50,2032-10-27T09:20,2
Moscow,2032-10-27T09:20,2032-10-27T10:40,4
Saint Petersburg,2032-10-27T09:20,2032-10-27T10:10,3
Saint Petersburg,2032-10-27T10:10,2032-10-27T11:05,4
Moscow,2032-10-27T10:40,2032-10-27T11:05,4
Moscow,2032-10-27T11:05,2032-10-27T11:20,4
Saint Petersburg,2032-10-27T11:05,2032-10-27T11:20,4
Moscow,2032-10-27T11:20,2032-10-27T11:50,4
Saint Petersburg,2032-10-27T11:20,2032-10-27T11:50,4
Moscow,2032-10-27T11:50,2032-10-27T13:10,4
Saint Petersburg,2032-10-27T11:50,2032-10-27T12:40,4
Saint Petersburg,2032-10-27T12:40,2032-10-27T13:35,4
Moscow,2032-10-27T13:10,2032-10-27T13:35,4
Moscow,2032-10-27T13:35,2032-10-27T13:50,4
Saint Petersburg,2032-10-27T13:35,2032-10-27T13:50,4
Moscow,2032-10-27T13:50,2032-10-27T14:20,4
Saint Petersburg,2032-10-27T13:50,2032-10-27T14:20,4
Moscow,2032-10-27T14:20,2032-10-27T15:40,4
Saint Petersburg,2032-10-27T14:20,2032-10-27T15:10,4
Saint Petersburg,2032-10-27T15:10,2032-10-27T16:05,4
Moscow,2032-10-27T15:40,2032-10-27T16:05,4
Moscow,2032-10-27T16:05,2032-10-27T16:20,4
Saint Petersburg,2032-10-27T16:05,2032-10-27T16:20,4
Moscow,2032-10-27T16:20,2032-10-27T16:50,3
Saint Petersburg,2032-10-27T16:20,2032-10-27T16:50,4
Moscow,2032-10-27T16:50,2032-10-27T18:10,2
Saint Petersburg,2032-10-27T16:50,2032-10-27T17:40,3
Saint Petersburg,2032-10-27T17:40,2032-10-27T18:35,2
Moscow,2032-10-27T18:10,2032-10-27T18:35,1
Saint Petersburg,2032-10-27T18:35,2032-10-27T18:50,1
Moscow,2032-10-29T08:50,2032-10-29T09:20,1
Moscow,2032-10-29T09:20,2032-10-29T09:35,2
Saint Petersburg,2032-10-29T09:20,2032-10-29T09:50,1
Moscow,2032-10-29T09:35,2032-10-29T09:50,3
Moscow,2032-10-29T09:50,2032-10-29T11:20,4
Saint Petersburg,2032-10-29T09:50,2032-10-29T10:10,2
Saint Petersburg,2032-10-29T10:10,2032-10-29T11:50,3
Moscow,2032-10-29T11:20,2032-10-29T11:50,4
Moscow,2032-10-29T11:50,2032-10-29T12:05,4
Saint Petersburg,2032-10-29T11:50,2032-10-29T12:10,3
Moscow,2032-10-29T12:05,2032-10-29T12:20,4
Saint Petersburg,2032-10-29T12:10,2032-10-29T12:20,4
Moscow,2032-10-29T12:20,2032-10-29T13:50,4
Saint Petersburg,2032-10-29T12:20,2032-10-29T12:35,3
Saint Petersburg,2032-10-29T12:35,2032-10-29T12:40,4
Saint Petersburg,2032-10-29T12:40,2032-10-29T12:50,3
Saint Petersburg,2032-10-29T12:50,2032-10-29T14:20,4
Moscow,2032-10-29T13:50,2032-10-29T14:20,4
Moscow,2032-10-29T14:20,2032-10-29T14:35,4
Saint Petersburg,2032-10-29T14:20,2032-10-29T14:40,4
Moscow,2032-10-29T14:35,2032-10-29T14:50,4
Saint Petersburg,2032-10-29T14:40,2032-10-29T14:50,3
Moscow,2032-10-29T14:50,2032-10-29T16:20,4
Saint Petersburg,2032-10-29T14:50,2032-10-29T15:05,4
Saint Petersburg,2032-10-29T15:05,2032-10-29T15:20,4
Saint Petersburg,2032-10-29T15:20,2032-10-29T16:50,4
Moscow,2032-10-29T16:20,2032-10-29T16:50,4
Moscow,2032-10-29T16:50,2032-10-29T17:05,4
Saint Petersburg,2032-10-29T16:50,2032-10-29T17:20,4
Moscow,2032-10-29T17:05,2032-10-29T17:20,4
Moscow,2032-10-29T17:20,2032-10-29T18:50,4
Saint Petersburg,2032-10-29T17:20,2032-10-29T17:35,4
Saint Petersburg,2032-10-29T17:35,2032-10-29T17:50,4
Saint Petersburg,2032-10-29T17:50,2032-10-29T19:20,4
Moscow,2032-10-29T18:50,2032-10-29T19:20,4
Moscow,2032-10-29T19:20,2032-10-29T19:35,4
Saint Petersburg,2032-10-29T19:20,2032-10-29T19:50,4
Moscow,2032-10-29T19:35,2032-10-29T19:50,4
Moscow,2032-10-29T19:50,2032-10-29T21:20,4
Saint Petersburg,2032-10-29T19:50,2032-10-29T20:05,4
Saint Petersburg,2032-10-29T20:05,2032-10-29T20:20,4
Saint Petersburg,2032-10-29T20:20,2032-10-29T21:50,4
Moscow,2032-10-29T21:20,2032-10-29T21:50,3
Moscow,2032-10-29T21:50,2032-10-29T22:05,2
Saint Petersburg,2032-10-29T21:50,2032-10-29T22:20,3
Moscow,2032-10-29T22:05,2032-10-29T22:20,1
Saint Petersburg,2032-10-29T22:20,2032-10-29T22:35,2
Saint Petersburg,2032-10-29T22:35,2032-10-29T22:50,1
Moscow,2032-10-31T12:10,2032-10-31T12:35,1
Moscow,2032-10-31T12:35,2032-10-31T12:50,2
Moscow,2032-10-31T12:50,2032-10-31T13:20,3
Saint Petersburg,2032-10-31T12:50,2032-10-31T13:20,1
Moscow,2032-10-31T13:20,2032-10-31T14:40,4
Saint Petersburg,2032-10-31T13:20,2032-10-31T13:50,2
Saint Petersburg,2032-10-31T13:50,2032-10-31T14:10,3
Saint Petersburg,2032-10-31T14:10,2032-10-31T15:20,4
Moscow,2032-10-31T14:40,2032-10-31T15:05,4
Moscow,2032-10-31T15:05,2032-10-31T15:20,4
Moscow,2032-10-31T15:20,2032-10-31T15:50,4
Saint Petersburg,2032-10-31T15:20,2032-10-31T15:50,4
Moscow,2032-10-31T15:50,2032-10-31T17:10,4
Saint Petersburg,2032-10-31T15:50,2032-10-31T16:20,4
Saint Petersburg,2032-10-31T16:20,2032-10-31T16:40,4
Saint Petersburg,2032-10-31T16:40,2032-10-31T17:50,4
Moscow,2032-10-31T17:10,2032-10-31T17:35,4
Moscow,2032-10-31T17:35,2032-10-31T17:50,4
Moscow,2032-10-31T17:50,2032-10-31T18:20,4
Saint Petersburg,2032-10-31T17:50,2032-10-31T18:20,4
Moscow,2032-10-31T18:20,2032-10-31T19:40,4
Saint Petersburg,2032-10-31T18:20,2032-10-31T18:50,4
Saint Petersburg,2032-10-31T18:50,2032-10-31T19:10,4
Saint Petersburg,2032-10-31T19:10,2032-10-31T20:10,3
Moscow,2032-10-31T19:40,2032-10-31T20:05,4
Moscow,2032-10-31T20:05,2032-10-31T20:20,4
Saint Petersburg,2032-10-31T20:10,2032-10-31T20:20,4
Moscow,2032-10-31T20:20,2032-10-31T20:50,4
Saint Petersburg,2032-10-31T20:20,2032-10-31T20:50,4
Moscow,2032-10-31T20:50,2032-10-31T22:10,4
Saint Petersburg,2032-10-31T20:50,2032-10-31T21:20,4
Saint Petersburg,2032-10-31T21:20,2032-10-31T22:40,4
Moscow,2032-10-31T22:10,2032-10-31T22:35,4
Moscow,2032-10-31T22:35,2032-10-31T22:50,4
Saint Petersburg,2032-10-31T22:40,2032-10-31T22:50,4
Moscow,2032-10-31T22:50,2032-10-31T23:20,4
Saint Petersburg,2032-10-31T22:50,2032-10-31T23:20,4
Moscow,2032-10-31T23:20,2032-11-01T00:40,4
Saint Petersburg,2032-10-31T23:20,2032-10-31T23:50,4
Saint Petersburg,2032-10-31T23:50,2032-11-01T00:10,3
Saint Petersburg,2032-11-01T00:10,2032-11-01T01:10,4
Moscow,2032-11-01T00:40,2032-11-01T01:05,3
Moscow,2032-11-01T01:05,2032-11-01T01:20,2
Saint Petersburg,2032-11-01T01:10,2032-11-01T01:20,3
Moscow,2032-11-01T01:20,2032-11-01T01:50,1
Saint Petersburg,2032-11-01T01:20,2032-11-01T01:50,2
Saint Petersburg,2032-11-01T01:50,2032-11-01T02:40,1
Moscow,2032-11-02T16:10,2032-11-02T16:50,1
Moscow,2032-11-02T16:50,2032-11-02T17:20,2
Saint Petersburg,2032-11-02T16:50,2032-11-02T17:20,1
Moscow,2032-11-02T17:20,2032-11-02T18:10,3
Saint Petersburg,2032-11-02T17:20,2032-11-02T18:10,2
Moscow,2032-11-02T18:10,2032-11-02T18:40,4
Saint Petersburg,2032-11-02T18:10,2032-11-02T18:50,3
Moscow,2032-11-02T18:40,2032-11-02T18:50,3
Moscow,2032-11-02T18:50,2032-11-02T19:20,4
Saint Petersburg,2032-11-02T18:50,2032-11-02T19:20,4
Moscow,2032-11-02T19:20,2032-11-02T19:50,4
Saint Petersburg,2032-11-02T19:20,2032-11-02T19:50,3
Moscow,2032-11-02T19:50,2032-11-02T20:40,4
Saint Petersburg,2032-11-02T19:50,2032-11-02T20:10,3
Saint Petersburg,2032-11-02T20:10,2032-11-02T20:40,4
Moscow,2032-11-02T20:40,2032-11-02T21:20,4
Saint Petersburg,2032-11-02T20:40,2032-11-02T21:20,4
Moscow,2032-11-02T21:20,2032-11-02T21:50,4
Saint Petersburg,2032-11-02T21:20,2032-11-02T22:20,4
Moscow,2032-11-02T21:50,2032-11-02T22:20,4
Moscow,2032-11-02T22:20,2032-11-02T23:10,4
Saint Petersburg,2032-11-02T22:20,2032-11-02T22:40,4
Saint Petersburg,2032-11-02T22:40,2032-11-02T22:50,3
Saint Petersburg,2032-11-02T22:50,2032-11-02T23:10,4
Moscow,2032-11-02T23:10,2032-11-02T23:50,4
Saint Petersburg,2032-11-02T23:10,2032-11-02T23:50,4
Moscow,2032-11-02T23:50,2032-11-03T00:20,4
Saint Petersburg,2032-11-02T23:50,2032-11-03T00:50,4
Moscow,2032-11-03T00:20,2032-11-03T00:50,4
Moscow,2032-11-03T00:50,2032-11-03T01:40,4
Saint Petersburg,2032-11-03T00:50,2032-11-03T01:20,4
Saint Petersburg,2032-11-03T01:20,2032-11-03T01:40,4
Moscow,2032-11-03T01:40,2032-11-03T02:20,4
Saint Petersburg,2032-11-03T01:40,2032-11-03T02:20,4
Moscow,2032-11-03T02:20,2032-11-03T02:50,4
Saint Petersburg,2032-11-03T02:20,2032-11-03T03:20,3
Moscow,2032-11-03T02:50,2032-11-03T03:20,3
Moscow,2032-11-03T03:20,2032-11-03T04:10,2
Saint Petersburg,2032-11-03T03:20,2032-11-03T03:50,2
Saint Petersburg,2032-11-03T03:50,2032-11-03T04:10,2
Moscow,2032-11-03T04:10,2032-11-03T04:50,1
Saint Petersburg,2032-11-03T04:10,2032-11-03T06:20,1
Moscow,2032-11-03T08:10,2032-11-03T08:35,1
Saint Petersburg,2032-11-03T08:10,2032-11-03T08:35,1
Moscow,2032-11-03T08:35,2032-11-03T08:50,2
Saint Petersburg,2032-11-03T08:35,2032-11-03T08:50,2
Moscow,2032-11-03T08:50,2032-11-03T10:40,3
Saint Petersburg,2032-11-03T08:50,2032-11-03T10:40,3
Moscow,2032-11-03T10:40,2032-11-03T11:05,2
Saint Petersburg,2032-11-03T10:40,2032-11-03T11:05,2
Moscow,2032-11-03T11:05,2032-11-03T11:20,1
Saint Petersburg,2032-11-03T11:05,2032-11-03T11:20,1
Moscow,2032-11-04T20:35,2032-11-04T20:50,1
Moscow,2032-11-04T20:50,2032-11-04T21:20,2
Moscow,2032-11-04T21:20,2032-11-04T21:50,3
Saint Petersburg,2032-11-04T21:20,2032-11-04T21:50,1
Moscow,2032-11-04T21:50,2032-11-04T23:05,4
Saint Petersburg,2032-11-04T21:50,2032-11-04T22:10,2
Saint Petersburg,2032-11-04T22:10,2032-11-04T22:35,3
Saint Petersburg,2032-11-04T22:35,2032-11-04T23:50,4
Moscow,2032-11-04T23:05,2032-11-04T23:20,4
Moscow,2032-11-04T23:20,2032-11-04T23:50,4
Moscow,2032-11-04T23:50,2032-11-05T00:20,4
Saint Petersburg,2032-11-04T23:50,2032-11-05T00:20,4
Moscow,2032-11-05T00:20,2032-11-05T01:35,4
Saint Petersburg,2032-11-05T00:20,2032-11-05T00:40,4
Saint Petersburg,2032-11-05T00:40,2032-11-05T01:05,4
Saint Petersburg,2032-11-05T01:05,2032-11-05T02:20,4
Moscow,2032-11-05T01:35,2032-11-05T01:50,4
Moscow,2032-11-05T01:50,2032-11-05T02:20,3
Moscow,2032-11-05T02:20,2032-11-05T02:50,2
Saint Petersburg,2032-11-05T02:20,2032-11-05T02:50,3
Moscow,2032-11-05T02:50,2032-11-05T04:05,1
Saint Petersburg,2032-11-05T02:50,2032-11-05T03:10,2
Saint Petersburg,2032-11-05T03:10,2032-11-05T03:35,1
Moscow,2032-11-05T08:10,2032-11-05T08:35,1
Saint Petersburg,2032-11-05T08:10,2032-11-05T08:35,1
Moscow,2032-11-05T08:35,2032-11-05T08:50,2
Saint Petersburg,2032-11-05T08:35,2032-11-05T08:50,2
Moscow,2032-11-05T08:50,2032-11-05T09:20,3
Saint Petersburg,2032-11-05T08:50,2032-11-05T09:20,3
Moscow,2032-11-05T09:20,2032-11-05T10:40,4
Saint Petersburg,2032-11-05T09:20,2032-11-05T10:40,4
Moscow,2032-11-05T10:40,2032-11-05T11:05,4
Saint Petersburg,2032-11-05T10:40,2032-11-05T11:05,4
Moscow,2032-11-05T11:05,2032-11-05T11:20,4
Saint Petersburg,2032-11-05T11:05,2032-11-05T11:20,4
Moscow,2032-11-05T11:20,2032-11-05T11:50,4
Saint Petersburg,2032-11-05T11:20,2032-11-05T11:50,4
Moscow,2032-11-05T11:50,2032-11-05T13:10,4
Saint Petersburg,2032-11-05T11:50,2032-11-05T13:10,4
Moscow,2032-11-05T13:10,2032-11-05T13:35,4
Saint Petersburg,2032-11-05T13:10,2032-11-05T13:20,3
Saint Petersburg,2032-11-05T13:20,2032-11-05T13:35,4
Moscow,2032-11-05T13:35,2032-11-05T13:50,4
Saint Petersburg,2032-11-05T13:35,2032-11-05T13:50,4
Moscow,2032-11-05T13:50,2032-11-05T14:20,4
Saint Petersburg,2032-11-05T13:50,2032-11-05T14:20,4
Moscow,2032-11-05T14:20,2032-11-05T15:40,3
Saint Petersburg,2032-11-05T14:20,2032-11-05T15:50,3
Moscow,2032-11-05T15:40,2032-11-05T16:05,2
Saint Petersburg,2032-11-05T15:50,2032-11-05T16:05,2
Moscow,2032-11-05T16:05,2032-11-05T16:20,1
Saint Petersburg,2032-11-05T16:05,2032-11-05T16:20,1
Moscow,2032-11-07T00:10,2032-11-07T02:40,1
Moscow,2032-11-07T08:10,2032-11-07T08:35,1
Saint Petersburg,2032-11-07T08:10,2032-11-07T08:35,1
Moscow,2032-11-07T08:35,2032-11-07T08:50,2
Saint Petersburg,2032-11-07T08:35,2032-11-07T08:50,2
Moscow,2032-11-07T08:50,2032-11-07T09:20,3
Saint Petersburg,2032-11-07T08:50,2032-11-07T09:20,3
Moscow,2032-11-07T09:20,2032-11-07T10:40,4
Saint Petersburg,2032-11-07T09:20,2032-11-07T10:40,4
Moscow,2032-11-07T10:40,2032-11-07T11:05,4
Saint Petersburg,2032-11-07T10:40,2032-11-07T11:05,4
Moscow,2032-11-07T11:05,2032-11-07T11:20,4
Saint Petersburg,2032-11-07T11:05,2032-11-07T11:20,4
Moscow,2032-11-07T11:20,2032-11-07T11:50,4
Saint Petersburg,2032-11-07T11:20,2032-11-07T11:50,4
Moscow,2032-11-07T11:50,2032-11-07T13:10,4
Saint Petersburg,2032-11-07T11:50,2032-11-07T13:10,4
Moscow,2032-11-07T13:10,2032-11-07T13:35,4
Saint Petersburg,2032-11-07T13:10,2032-11-07T13:35,4
Moscow,2032-11-07T13:35,2032-11-07T13:50,4
Saint Petersburg,2032-11-07T13:35,2032-11-07T13:50,4
Moscow,2032-11-07T13:50,2032-11-07T14:20,4
Saint Petersburg,2032-11-07T13:50,2032-11-07T14:20,4
Moscow,2032-11-07T14:20,2032-11-07T15:40,4
Saint Petersburg,2032-11-07T14:20,2032-11-07T15:40,4
Moscow,2032-11-07T15:40,2032-11-07T16:05,4
Saint Petersburg,2032-11-07T15:40,2032-11-07T16:05,4
Moscow,2032-11-07T16:05,2032-11-07T16:20,4
Saint Petersburg,2032-11-07T16:05,2032-11-07T16:20,4
Moscow,2032-11-07T16:20,2032-11-07T16:50,4
Saint Petersburg,2032-11-07T16:20,2032-11-07T16:35,3
Saint Petersburg,2032-11-07T16:35,2032-11-07T16:50,4
Moscow,2032-11-07T16:50,2032-11-07T18:10,4
Saint Petersburg,2032-11-07T16:50,2032-11-07T18:10,4
Moscow,2032-11-07T18:10,2032-11-07T18:35,4
Saint Petersburg,2032-11-07T18:10,2032-11-07T18:35,4
Moscow,2032-11-07T18:35,2032-11-07T18:50,4
Saint Petersburg,2032-11-07T18:35,2032-11-07T19:05,4
Moscow,2032-11-07T18:50,2032-11-07T19:20,4
Saint Petersburg,2032-11-07T19:05,2032-11-07T19:20,3
Moscow,2032-11-07T19:20,2032-11-07T20:40,3
Saint Petersburg,2032-11-07T19:20,2032-11-07T20:40,2
Moscow,2032-11-07T20:40,2032-11-07T21:05,2
Saint Petersburg,2032-11-07T20:40,2032-11-07T21:05,1
Moscow,2032-11-07T21:05,2032-11-07T21:20,1
Saint Petersburg,2032-11-08T01:20,2032-11-08T03:50,1
Moscow,2032-11-09T10:50,2032-11-09T11:20,1
Moscow,2032-11-09T11:20,2032-11-09T11:50,2
Moscow,2032-11-09T11:50,2032-11-09T12:10,3
Saint Petersburg,2032-11-09T11:50,2032-11-09T12:10,1
Moscow,2032-11-09T12:10,2032-11-09T13:20,4
Saint Petersburg,2032-11-09T12:10,2032-11-09T12:35,2
Saint Petersburg,2032-11-09T12:35,2032-11-09T12:50,3
Saint Petersburg,2032-11-09T12:50,2032-11-09T14:20,4
Moscow,2032-11-09T13:20,2032-11-09T13:50,4
Moscow,2032-11-09T13:50,2032-11-09T14:20,4
Moscow,2032-11-09T14:20,2032-11-09T14:40,4
Saint Petersburg,2032-11-09T14:20,2032-11-09T14:40,4
Moscow,2032-11-09T14:40,2032-11-09T15:50,4
Saint Petersburg,2032-11-09T14:40,2032-11-09T15:05,4
Saint Petersburg,2032-11-09T15:05,2032-11-09T15:20,4
Saint Petersburg,2032-11-09T15:20,2032-11-09T16:50,4
Moscow,2032-11-09T15:50,2032-11-09T16:20,4
Moscow,2032-11-09T16:20,2032-11-09T16:50,4
Moscow,2032-11-09T16:50,2032-11-09T17:10,4
Saint Petersburg,2032-11-09T16:50,2032-11-09T17:10,4
Moscow,2032-11-09T17:10,2032-11-09T18:20,4
Saint Petersburg,2032-11-09T17:10,2032-11-09T17:35,4
Saint Petersburg,2032-11-09T17:35,2032-11-09T17:50,4
Saint Petersburg,2032-11-09T17:50,2032-11-09T19:20,4
Moscow,2032-11-09T18:20,2032-11-09T18:50,4
Moscow,2032-11-09T18:50,2032-11-09T19:20,4
Moscow,2032-11-09T19:20,2032-11-09T19:40,4
Saint Petersburg,2032-11-09T19:20,2032-11-09T19:40,4
Moscow,2032-11-09T19:40,2032-11-09T20:50,4
Saint Petersburg,2032-11-09T19:40,2032-11-09T20:05,4
Saint Petersburg,2032-11-09T20:05,2032-11-09T20:20,4
Saint Petersburg,2032-11-09T20:20,2032-11-09T21:50,4
Moscow,2032-11-09T20:50,2032-11-09T21:20,4
Moscow,2032-11-09T21:20,2032-11-09T21:50,4
Moscow,2032-11-09T21:50,2032-11-09T22:10,4
Saint Petersburg,2032-11-09T21:50,2032-11-09T22:10,4
Moscow,2032-11-09T22:10,2032-11-09T23:20,4
Saint Petersburg,2032-11-09T22:10,2032-11-09T22:35,4
Saint Petersburg,2032-11-09T22:35,2032-11-09T22:50,4
Saint Petersburg,2032-11-09T22:50,2032-11-10T00:20,3
Moscow,2032-11-09T23:20,2032-11-09T23:50,3
Moscow,2032-11-09T23:50,2032-11-10T00:20,2
Moscow,2032-11-10T00:20,2032-11-10T00:40,1
Saint Petersburg,2032-11-10T00:20,2032-11-10T00:40,2
Saint Petersburg,2032-11-10T00:40,2032-11-10T01:05,1
Moscow,2032-11-11T14:10,2032-11-11T14:50,1
Moscow,2032-11-11T14:50,2032-11-11T15:20,2
Moscow,2032-11-11T15:20,2032-11-11T16:10,3
Saint Petersburg,2032-11-11T15:20,2032-11-11T15:50,1
Saint Petersburg,2032-11-11T15:50,2032-11-11T16:10,2
Moscow,2032-11-11T16:10,2032-11-11T16:40,4
Saint Petersburg,2032-11-11T16:10,2032-11-11T17:50,3
Moscow,2032-11-11T16:40,2032-11-11T16:50,3
Moscow,2032-11-11T16:50,2032-11-11T17:20,4
Moscow,2032-11-11T17:20,2032-11-11T17:50,4
Moscow,2032-11-11T17:50,2032-11-11T18:10,3
Saint Petersburg,2032-11-11T17:50,2032-11-11T18:10,2
Moscow,2032-11-11T18:10,2032-11-11T18:40,4
Saint Petersburg,2032-11-11T18:10,2032-11-11T18:20,3
Saint Petersburg,2032-11-11T18:20,2032-11-11T18:40,2
Moscow,2032-11-11T18:40,2032-11-11T18:50,3
Saint Petersburg,2032-11-11T18:40,2032-11-11T18:50,1
Moscow,2032-11-11T18:50,2032-11-11T19:20,4
Saint Petersburg,2032-11-11T18:50,2032-11-11T19:20,3
Moscow,2032-11-11T19:20,2032-11-11T19:50,4
Saint Petersburg,2032-11-11T19:20,2032-11-11T20:40,4
Moscow,2032-11-11T19:50,2032-11-11T20:40,4
Moscow,2032-11-11T20:40,2032-11-11T21:20,4
Saint Petersburg,2032-11-11T20:40,2032-11-11T21:20,4
Moscow,2032-11-11T21:20,2032-11-11T21:50,4
Saint Petersburg,2032-11-11T21:20,2032-11-11T21:50,4
Moscow,2032-11-11T21:50,2032-11-11T22:20,4
Saint Petersburg,2032-11-11T21:50,2032-11-11T23:10,4
Moscow,2032-11-11T22:20,2032-11-11T23:10,4
Moscow,2032-11-11T23:10,2032-11-11T23:50,4
Saint Petersburg,2032-11-11T23:10,2032-11-11T23:50,4
Moscow,2032-11-11T23:50,2032-11-12T00:20,4
Saint Petersburg,2032-11-11T23:50,2032-11-12T00:20,4
Moscow,2032-11-12T00:20,2032-11-12T00:50,4
Saint Petersburg,2032-11-12T00:20,2032-11-12T01:40,4
Moscow,2032-11-12T00:50,2032-11-12T01:40,4
Moscow,2032-11-12T01:40,2032-11-12T02:20,4
Saint Petersburg,2032-11-12T01:40,2032-11-12T02:20,4
Moscow,2032-11-12T02:20,2032-11-12T02:50,4
Saint Petersburg,2032-11-12T02:20,2032-11-12T02:50,4
Moscow,2032-11-12T02:50,2032-11-12T03:20,3
Saint Petersburg,2032-11-12T02:50,2032-11-12T04:10,4
Moscow,2032-11-12T03:20,2032-11-12T04:10,2
Moscow,2032-11-12T04:10,2032-11-12T04:50,1
Saint Petersburg,2032-11-12T04:10,2032-11-12T04:50,3
Saint Petersburg,2032-11-12T04:50,2032-11-12T05:20,1
Moscow,2032-11-13T19:20,2032-11-13T19:50,1
Moscow,2032-11-13T19:50,2032-11-13T20:10,2
Moscow,2032-11-13T20:10,2032-11-13T20:35,3
Saint Petersburg,2032-11-13T20:10,2032-11-13T20:35,1
Moscow,2032-11-13T20:35,2032-11-13T21:50,4
Saint Petersburg,2032-11-13T20:35,2032-11-13T20:50,2
Saint Petersburg,2032-11-13T20:50,2032-11-13T21:20,3
Saint Petersburg,2032-11-13T21:20,2032-11-13T22:40,4
Moscow,2032-11-13T21:50,2032-11-13T22:20,4
Moscow,2032-11-13T22:20,2032-11-13T22:40,4
Moscow,2032-11-13T22:40,2032-11-13T23:05,4
Saint Petersburg,2032-11-13T22:40,2032-11-13T23:05,4
Moscow,2032-11-13T23:05,2032-11-14T00:20,4
Saint Petersburg,2032-11-13T23:05,2032-11-13T23:20,4
Saint Petersburg,2032-11-13T23:20,2032-11-13T23:50,4
Saint Petersburg,2032-11-13T23:50,2032-11-14T01:10,4
Moscow,2032-11-14T00:20,2032-11-14T00:50,4
Moscow,2032-11-14T00:50,2032-11-14T01:10,4
Moscow,2032-11-14T01:10,2032-11-14T01:35,4
Saint Petersburg,2032-11-14T01:10,2032-11-14T01:35,4
Moscow,2032-11-14T01:35,2032-11-14T02:50,3
Saint Petersburg,2032-11-14T01:35,2032-11-14T01:50,4
Saint Petersburg,2032-11-14T01:50,2032-11-14T02:20,4
Saint Petersburg,2032-11-14T02:20,2032-11-14T03:40,3
Moscow,2032-11-14T02:50,2032-11-14T03:20,2
Moscow,2032-11-14T03:20,2032-11-14T03:40,1
Saint Petersburg,2032-11-14T03:40,2032-11-14T04:05,2
Saint Petersburg,2032-11-14T04:05,2032-11-14T04:20,1
Moscow,2032-11-14T05:50,2032-11-14T08:10,1
Moscow,2032-11-14T08:10,2032-11-14T08:20,2
Saint Petersburg,2032-11-14T08:10,2032-11-14T08:35,1
Moscow,2032-11-14T08:20,2032-11-14T08:35,1
Moscow,2032-11-14T08:35,2032-11-14T08:50,2
Saint Petersburg,2032-11-14T08:35,2032-11-14T09:20,2
Moscow,2032-11-14T08:50,2032-11-14T09:20,3
Moscow,2032-11-14T09:20,2032-11-14T10:40,4
Saint Petersburg,2032-11-14T09:20,2032-11-14T09:50,3
Saint Petersburg,2032-11-14T09:50,2032-11-14T10:40,4
Moscow,2032-11-14T10:40,2032-11-14T11:05,4
Saint Petersburg,2032-11-14T10:40,2032-11-14T10:50,3
Saint Petersburg,2032-11-14T10:50,2032-11-14T11:05,4
Moscow,2032-11-14T11:05,2032-11-14T11:20,4
Saint Petersburg,2032-11-14T11:05,2032-11-14T11:50,4
Moscow,2032-11-14T11:20,2032-11-14T11:50,4
Moscow,2032-11-14T11:50,2032-11-14T13:10,4
Saint Petersburg,2032-11-14T11:50,2032-11-14T12:20,4
Saint Petersburg,2032-11-14T12:20,2032-11-14T12:50,3
Saint Petersburg,2032-11-14T12:50,2032-11-14T13:20,4
Moscow,2032-11-14T13:10,2032-11-14T13:35,3
Saint Petersburg,2032-11-14T13:20,2032-11-14T13:35,3
Moscow,2032-11-14T13:35,2032-11-14T13:50,2
Saint Petersburg,2032-11-14T13:35,2032-11-14T14:20,2
Moscow,2032-11-14T13:50,2032-11-14T14:20,1
Saint Petersburg,2032-11-14T14:20,2032-11-14T15:20,1
Moscow,2032-11-15T22:50,2032-11-15T23:20,1
Moscow,2032-11-15T23:20,2032-11-15T23:50,2
Saint Petersburg,2032-11-15T23:20,2032-11-15T23:50,1
Moscow,2032-11-15T23:50,2032-11-16T00:10,3
Saint Petersburg,2032-11-15T23:50,2032-11-16T01:50,2
Moscow,2032-11-16T00:10,2032-11-16T01:20,4
Moscow,2032-11-16T01:20,2032-11-16T01:50,3
Moscow,2032-11-16T01:50,2032-11-16T02:20,2
Saint Petersburg,2032-11-16T01:50,2032-11-16T02:20,1
Moscow,2032-11-16T02:20,2032-11-16T02:40,1
Moscow,2032-11-16T08:10,2032-11-16T08:35,1
Saint Petersburg,2032-11-16T08:10,2032-11-16T08:35,1
Moscow,2032-11-16T08:35,2032-11-16T08:50,2
Saint Petersburg,2032-11-16T08:35,2032-11-16T08:50,2
Moscow,2032-11-16T08:50,2032-11-16T09:20,3
Saint Petersburg,2032-11-16T08:50,2032-11-16T10:10,3
Moscow,2032-11-16T09:20,2032-11-16T10:40,4
Saint Petersburg,2032-11-16T10:10,2032-11-16T10:40,4
Moscow,2032-11-16T10:40,2032-11-16T11:05,4
Saint Petersburg,2032-11-16T10:40,2032-11-16T11:05,4
Moscow,2032-11-16T11:05,2032-11-16T11:20,4
Saint Petersburg,2032-11-16T11:05,2032-11-16T11:20,4
Moscow,2032-11-16T11:20,2032-11-16T11:50,4
Saint Petersburg,2032-11-16T11:20,2032-11-16T12:40,4
Moscow,2032-11-16T11:50,2032-11-16T13:10,4
Saint Petersburg,2032-11-16T12:40,2032-11-16T13:10,4
Moscow,2032-11-16T13:10,2032-11-16T13:35,4
Saint Petersburg,2032-11-16T13:10,2032-11-16T13:35,4
Moscow,2032-11-16T13:35,2032-11-16T13:50,4
Saint Petersburg,2032-11-16T13:35,2032-11-16T13:50,4
Moscow,2032-11-16T13:50,2032-11-16T14:20,4
Saint Petersburg,2032-11-16T13:50,2032-11-16T14:50,3
Moscow,2032-11-16T14:20,2032-11-16T15:40,4
Saint Petersburg,2032-11-16T14:50,2032-11-16T15:10,4
Saint Petersburg,2032-11-16T15:10,2032-11-16T15:40,4
Moscow,2032-11-16T15:40,2032-11-16T16:05,4
Saint Petersburg,2032-11-16T15:40,2032-11-16T16:05,4
Moscow,2032-11-16T16:05,2032-11-16T16:20,4
Saint Petersburg,2032-11-16T16:05,2032-11-16T17:20,4
Moscow,2032-11-16T16:20,2032-11-16T16:50,4
Moscow,2032-11-16T16:50,2032-11-16T18:10,4
Saint Petersburg,2032-11-16T17:20,2032-11-16T17:40,4
Saint Petersburg,2032-11-16T17:40,2032-11-16T18:10,4
Moscow,2032-11-16T18:10,2032-11-16T18:35,3
Saint Petersburg,2032-11-16T18:10,2032-11-16T18:35,4
Moscow,2032-11-16T18:35,2032-11-16T18:50,2
Saint Petersburg,2032-11-16T18:35,2032-11-16T19:50,3
Moscow,2032-11-16T18:50,2032-11-16T19:20,1
Saint Petersburg,2032-11-16T19:50,2032-11-16T20:10,2
Saint Petersburg,2032-11-16T20:10,2032-11-16T20:40,1
Moscow,2032-11-18T09:35,2032-11-18T09:50,1
Moscow,2032-11-18T09:50,2032-11-18T10:10,2
Moscow,2032-11-18T10:10,2032-11-18T10:50,3
Saint Petersburg,2032-11-18T10:10,2032-11-18T10:50,1
Moscow,2032-11-18T10:50,2032-11-18T12:05,4
Saint Petersburg,2032-11-18T10:50,2032-11-18T11:20,2
Saint Petersburg,2032-11-18T11:20,2032-11-18T12:10,3
Moscow,2032-11-18T12:05,2032-11-18T12:20,4
Saint Petersburg,2032-11-18T12:10,2032-11-18T12:40,4
Moscow,2032-11-18T12:20,2032-11-18T12:40,4
Moscow,2032-11-18T12:40,2032-11-18T13:20,4
Saint Petersburg,2032-11-18T12:40,2032-11-18T13:20,4
Moscow,2032-11-18T13:20,2032-11-18T14:35,4
Saint Petersburg,2032-11-18T13:20,2032-11-18T13:50,4
Saint Petersburg,2032-11-18T13:50,2032-11-18T14:40,4
Moscow,2032-11-18T14:35,2032-11-18T14:50,4
Saint Petersburg,2032-11-18T14:40,2032-11-18T15:10,4
Moscow,2032-11-18T14:50,2032-11-18T15:10,4
Moscow,2032-11-18T15:10,2032-11-18T15:50,4
Saint Petersburg,2032-11-18T15:10,2032-11-18T15:50,4
Moscow,2032-11-18T15:50,2032-11-18T17:05,4
Saint Petersburg,2032-11-18T15:50,2032-11-18T16:20,4
Saint Petersburg,2032-11-18T16:20,2032-11-18T17:10,4
Moscow,2032-11-18T17:05,2032-11-18T17:20,4
Saint Petersburg,2032-11-18T17:10,2032-11-18T17:40,4
Moscow,2032-11-18T17:20,2032-11-18T17:40,4
Moscow,2032-11-18T17:40,2032-11-18T18:20,4
Saint Petersburg,2032-11-18T17:40,2032-11-18T18:20,4
Moscow,2032-11-18T18:20,2032-11-18T19:35,4
Saint Petersburg,2032-11-18T18:20,2032-11-18T18:50,4
Saint Petersburg,2032-11-18T18:50,2032-11-18T19:40,4
Moscow,2032-11-18T19:35,2032-11-18T19:50,4
Saint Petersburg,2032-11-18T19:40,2032-11-18T20:10,4
Moscow,2032-11-18T19:50,2032-11-18T20:10,4
Moscow,2032-11-18T20:10,2032-11-18T20:50,4
Saint Petersburg,2032-11-18T20:10,2032-11-18T20:50,4
Moscow,2032-11-18T20:50,2032-11-18T22:05,4
Saint Petersburg,2032-11-18T20:50,2032-11-18T21:20,4
Saint Petersburg,2032-11-18T21:20,2032-11-18T22:10,4
Moscow,2032-11-18T22:05,2032-11-18T22:20,3
Saint Petersburg,2032-11-18T22:10,2032-11-18T22:40,3
Moscow,2032-11-18T22:20,2032-11-18T22:40,2
Moscow,2032-11-18T22:40,2032-11-18T23:20,1
Saint Petersburg,2032-11-18T22:40,2032-11-18T23:20,2
Saint Petersburg,2032-11-18T23:20,2032-11-18T23:50,1
Moscow,2032-11-20T12:50,2032-11-20T13:20,1
Moscow,2032-11-20T13:20,2032-11-20T13:50,2
Moscow,2032-11-20T13:50,2032-11-20T14:10,3
Saint Petersburg,2032-11-20T13:50,2032-11-20T14:10,1
Moscow,2032-11-20T14:10,2032-11-20T15:20,4
Saint Petersburg,2032-11-20T14:10,2032-11-20T14:50,2
Saint Petersburg,2032-11-20T14:50,2032-11-20T15:20,3
Moscow,2032-11-20T15:20,2032-11-20T15:50,4
Saint Petersburg,2032-11-20T15:20,2032-11-20T16:20,4
Moscow,2032-11-20T15:50,2032-11-20T16:20,4
Moscow,2032-11-20T16:20,2032-11-20T16:40,4
Saint Petersburg,2032-11-20T16:20,2032-11-20T16:40,4
Moscow,2032-11-20T16:40,2032-11-20T16:50,3
Saint Petersburg,2032-11-20T16:40,2032-11-20T17:20,4
Moscow,2032-11-20T16:50,2032-11-20T17:50,4
Saint Petersburg,2032-11-20T17:20,2032-11-20T17:50,4
Moscow,2032-11-20T17:50,2032-11-20T18:20,4
Saint Petersburg,2032-11-20T17:50,2032-11-20T18:50,4
Moscow,2032-11-20T18:20,2032-11-20T18:50,4
Moscow,2032-11-20T18:50,2032-11-20T19:20,4
Saint Petersburg,2032-11-20T18:50,2032-11-20T19:10,4
Saint Petersburg,2032-11-20T19:10,2032-11-20T19:50,4
Moscow,2032-11-20T19:20,2032-11-20T20:20,4
Saint Petersburg,2032-11-20T19:50,2032-11-20T20:10,3
Saint Petersburg,2032-11-20T20:10,2032-11-20T20:20,4
Moscow,2032-11-20T20:20,2032-11-20T20:50,4
Saint Petersburg,2032-11-20T20:20,2032-11-20T20:35,3
Saint Petersburg,2032-11-20T20:35,2032-11-20T21:20,4
Moscow,2032-11-20T20:50,2032-11-20T21:20,4
Moscow,2032-11-20T21:20,2032-11-20T21:50,4
Saint Petersburg,2032-11-20T21:20,2032-11-20T21:40,4
Saint Petersburg,2032-11-20T21:40,2032-11-20T21:50,3
Moscow,2032-11-20T21:50,2032-11-20T22:50,4
Saint Petersburg,2032-11-20T21:50,2032-11-20T22:40,4
Saint Petersburg,2032-11-20T22:40,2032-11-20T23:05,4
Moscow,2032-11-20T22:50,2032-11-20T23:20,4
Saint Petersburg,2032-11-20T23:05,2032-11-20T23:50,4
Moscow,2032-11-20T23:20,2032-11-20T23:50,4
Moscow,2032-11-20T23:50,2032-11-21T00:20,4
Saint Petersburg,2032-11-20T23:50,2032-11-21T00:20,4
Moscow,2032-11-21T00:20,2032-11-21T01:20,4
Saint Petersburg,2032-11-21T00:20,2032-11-21T00:50,3
Saint Petersburg,2032-11-21T00:50,2032-11-21T01:10,4
Saint Petersburg,2032-11-21T01:10,2032-11-21T01:35,4
Moscow,2032-11-21T01:20,2032-11-21T01:50,3
Saint Petersburg,2032-11-21T01:35,2032-11-21T02:20,3
Moscow,2032-11-21T01:50,2032-11-21T02:20,2
Moscow,2032-11-21T02:20,2032-11-21T02:50,1
Saint Petersburg,2032-11-21T02:20,2032-11-21T03:20,2
Saint Petersburg,2032-11-21T03:20,2032-11-21T03:40,1
Moscow,2032-11-22T17:20,2032-11-22T18:10,1
Moscow,2032-11-22T18:10,2032-11-22T18:50,2
Saint Petersburg,2032-11-22T18:10,2032-11-22T18:50,1
Moscow,2032-11-22T18:50,2032-11-22T19:20,3
Saint Petersburg,2032-11-22T18:50,2032-11-22T19:50,2
Moscow,2032-11-22T19:20,2032-11-22T19:50,4
Moscow,2032-11-22T19:50,2032-11-22T20:40,4
Saint Petersburg,2032-11-22T19:50,2032-11-22T20:10,3
Saint Petersburg,2032-11-22T20:10,2032-11-22T20:40,4
Moscow,2032-11-22T20:40,2032-11-22T21:20,4
Saint Petersburg,2032-11-22T20:40,2032-11-22T21:20,4
Moscow,2032-11-22T21:20,2032-11-22T21:50,4
Saint Petersburg,2032-11-22T21:20,2032-11-22T22:20,4
Moscow,2032-11-22T21:50,2032-11-22T22:20,4
Moscow,2032-11-22T22:20,2032-11-22T23:10,4
Saint Petersburg,2032-11-22T22:20,2032-11-22T22:40,4
Saint Petersburg,2032-11-22T22:40,2032-11-22T23:10,4
Moscow,2032-11-22T23:10,2032-11-22T23:50,4
Saint Petersburg,2032-11-22T23:10,2032-11-22T23:50,4
Moscow,2032-11-22T23:50,2032-11-23T00:20,4
Saint Petersburg,2032-11-22T23:50,2032-11-23T00:50,4
Moscow,2032-11-23T00:20,2032-11-23T00:50,4
Moscow,2032-11-23T00:50,2032-11-23T01:40,4
Saint Petersburg,2032-11-23T00:50,2032-11-23T01:10,4
Saint Petersburg,2032-11-23T01:10,2032-11-23T01:40,4
Moscow,2032-11-23T01:40,2032-11-23T02:20,4
Saint Petersburg,2032-11-23T01:40,2032-11-23T02:20,4
Moscow,2032-11-23T02:20,2032-11-23T02:50,4
Saint Petersburg,2032-11-23T02:20,2032-11-23T03:20,4
Moscow,2032-11-23T02:50,2032-11-23T03:20,3
Moscow,2032-11-23T03:20,2032-11-23T04:10,2
Saint Petersburg,2032-11-23T03:20,2032-11-23T03:40,3
Saint Petersburg,2032-11-23T03:40,2032-11-23T04:10,2
Moscow,2032-11-23T04:10,2032-11-23T04:50,1
Saint Petersburg,2032-11-23T04:10,2032-11-23T04:50,1
Moscow,2032-11-23T08:10,2032-11-23T08:35,1
Moscow,2032-11-23T08:35,2032-11-23T08:50,2
Saint Petersburg,2032-11-23T08:35,2032-11-23T08:50,1
Moscow,2032-11-23T08:50,2032-11-23T09:20,3
Saint Petersburg,2032-11-23T08:50,2032-11-23T09:20,2
Moscow,2032-11-23T09:20,2032-11-23T10:40,4
Saint Petersburg,2032-11-23T09:20,2032-11-23T09:50,3
Saint Petersburg,2032-11-23T09:50,2032-11-23T11:05,4
Moscow,2032-11-23T10:40,2032-11-23T11:05,4
Moscow,2032-11-23T11:05,2032-11-23T11:20,3
Saint Petersburg,2032-11-23T11:05,2032-11-23T11:20,3
Moscow,2032-11-23T11:20,2032-11-23T11:50,2
Saint Petersburg,2032-11-23T11:20,2032-11-23T11:50,2
Moscow,2032-11-23T11:50,2032-11-23T13:10,1
Saint Petersburg,2032-11-23T11:50,2032-11-23T12:20,1
Moscow,2032-11-24T21:20,2032-11-24T21:50,1
Moscow,2032-11-24T21:50,2032-11-24T22:10,2
Moscow,2032-11-24T22:10,2032-11-24T22:50,3
Saint Petersburg,2032-11-24T22:10,2032-11-24T22:35,1
Saint Petersburg,2032-11-24T22:35,2032-11-24T22:50,2
Moscow,2032-11-24T22:50,2032-11-24T23:50,4
Saint Petersburg,2032-11-24T22:50,2032-11-24T23:20,3
Saint Petersburg,2032-11-24T23:20,2032-11-25T00:40,4
Moscow,2032-11-24T23:50,2032-11-25T00:20,4
Moscow,2032-11-25T00:20,2032-11-25T00:40,4
Moscow,2032-11-25T00:40,2032-11-25T01:20,4
Saint Petersburg,2032-11-25T00:40,2032-11-25T01:05,4
Saint Petersburg,2032-11-25T01:05,2032-11-25T01:20,4
Moscow,2032-11-25T01:20,2032-11-25T02:20,3
Saint Petersburg,2032-11-25T01:20,2032-11-25T01:50,3
Saint Petersburg,2032-11-25T01:50,2032-11-25T03:10,2
Moscow,2032-11-25T02:20,2032-11-25T02:50,2
Moscow,2032-11-25T02:50,2032-11-25T03:10,1
Saint Petersburg,2032-11-25T03:10,2032-11-25T03:35,1
Moscow,2032-11-25T08:10,2032-11-25T08:35,1
Saint Petersburg,2032-11-25T08:10,2032-11-25T08:35,1
Moscow,2032-11-25T08:35,2032-11-25T08:50,2
Saint Petersburg,2032-11-25T08:35,2032-11-25T08:50,2
Moscow,2032-11-25T08:50,2032-11-25T09:20,3
Saint Petersburg,2032-11-25T08:50,2032-11-25T09:20,3
Moscow,2032-11-25T09:20,2032-11-25T10:40,4
Saint Petersburg,2032-11-25T09:20,2032-11-25T10:40,4
Moscow,2032-11-25T10:40,2032-11-25T11:05,4
Saint Petersburg,2032-11-25T10:40,2032-11-25T11:05,4
Moscow,2032-11-25T11:05,2032-11-25T11:20,4
Saint Petersburg,2032-11-25T11:05,2032-11-25T11:20,4
Moscow,2032-11-25T11:20,2032-11-25T11:50,4
Saint Petersburg,2032-11-25T11:20,2032-11-25T11:50,4
Moscow,2032-11-25T11:50,2032-11-25T13:10,4
Saint Petersburg,2032-11-25T11:50,2032-11-25T13:10,4
Moscow,2032-11-25T13:10,2032-11-25T13:35,4
Saint Petersburg,2032-11-25T13:10,2032-11-25T13:35,4
Moscow,2032-11-25T13:35,2032-11-25T13:50,4
Saint Petersburg,2032-11-25T13:35,2032-11-25T13:50,4
Moscow,2032-11-25T13:50,2032-11-25T14:20,4
Saint Petersburg,2032-11-25T13:50,2032-11-25T14:20,4
Moscow,2032-11-25T14:20,2032-11-25T15:40,4
Saint Petersburg,2032-11-25T14:20,2032-11-25T15:40,4
Moscow,2032-11-25T15:40,2032-11-25T16:05,4
Saint Petersburg,2032-11-25T15:40,2032-11-25T16:05,4
Moscow,2032-11-25T16:05,2032-11-25T16:20,3
Saint Petersburg,2032-11-25T16:05,2032-11-25T16:20,3
Moscow,2032-11-25T16:20,2032-11-25T16:50,2
Saint Petersburg,2032-11-25T16:20,2032-11-25T16:50,2
Moscow,2032-11-25T16:50,2032-11-25T18:10,1
Saint Petersburg,2032-11-25T16:50,2032-11-25T18:10,1
Moscow,2032-11-27T08:35,2032-11-27T08:50,1
Moscow,2032-11-27T08:50,2032-11-27T09:20,2
Saint Petersburg,2032-11-27T08:50,2032-11-27T09:20,1
Moscow,2032-11-27T09:20,2032-11-27T09:35,3
Saint Petersburg,2032-11-27T09:20,2032-11-27T09:50,2
Moscow,2032-11-27T09:35,2032-11-27T11:05,4
Saint Petersburg,2032-11-27T09:50,2032-11-27T10:10,3
Saint Petersburg,2032-11-27T10:10,2032-11-27T11:20,4
Moscow,2032-11-27T11:05,2032-11-27T11:20,4
Moscow,2032-11-27T11:20,2032-11-27T11:50,4
Saint Petersburg,2032-11-27T11:20,2032-11-27T11:50,4
Moscow,2032-11-27T11:50,2032-11-27T12:05,4
Saint Petersburg,2032-11-27T11:50,2032-11-27T12:20,4
Moscow,2032-11-27T12:05,2032-11-27T13:35,4
Saint Petersburg,2032-11-27T12:20,2032-11-27T12:40,4
Saint Petersburg,2032-11-27T12:40,2032-11-27T13:50,4
Moscow,2032-11-27T13:35,2032-11-27T13:50,4
Moscow,2032-11-27T13:50,2032-11-27T14:20,4
Saint Petersburg,2032-11-27T13:50,2032-11-27T14:20,4
Moscow,2032-11-27T14:20,2032-11-27T14:35,4
Saint Petersburg,2032-11-27T14:20,2032-11-27T14:50,4
Moscow,2032-11-27T14:35,2032-11-27T16:05,4
Saint Petersburg,2032-11-27T14:50,2032-11-27T15:10,4
Saint Petersburg,2032-11-27T15:10,2032-11-27T15:50,3
Saint Petersburg,2032-11-27T15:50,2032-11-27T16:20,4
Moscow,2032-11-27T16:05,2032-11-27T16:20,4
Moscow,2032-11-27T16:20,2032-11-27T16:50,4
Saint Petersburg,2032-11-27T16:20,2032-11-27T16:50,4
Moscow,2032-11-27T16:50,2032-11-27T17:05,4
Saint Petersburg,2032-11-27T16:50,2032-11-27T17:20,4
Moscow,2032-11-27T17:05,2032-11-27T18:35,4
Saint Petersburg,2032-11-27T17:20,2032-11-27T18:20,4
Saint Petersburg,2032-11-27T18:20,2032-11-27T18:50,4
Moscow,2032-11-27T18:35,2032-11-27T18:50,4
Moscow,2032-11-27T18:50,2032-11-27T19:20,4
Saint Petersburg,2032-11-27T18:50,2032-11-27T19:20,4
Moscow,2032-11-27T19:20,2032-11-27T19:35,4
Saint Petersburg,2032-11-27T19:20,2032-11-27T19:50,4
Moscow,2032-11-27T19:35,2032-11-27T21:05,4
Saint Petersburg,2032-11-27T19:50,2032-11-27T20:50,3
Saint Petersburg,2032-11-27T20:50,2032-11-27T21:20,2
Moscow,2032-11-27T21:05,2032-11-27T21:20,3
Moscow,2032-11-27T21:20,2032-11-27T21:50,2
Saint Petersburg,2032-11-27T21:20,2032-11-27T21:50,1
Moscow,2032-11-27T21:50,2032-11-27T22:05,1
Saint Petersburg,2032-11-28T01:50,2032-11-28T04:20,1
Moscow,2032-11-29T11:50,2032-11-29T12:10,1
Moscow,2032-11-29T12:10,2032-11-29T12:35,2
Moscow,2032-11-29T12:35,2032-11-29T12:50,3
Saint Petersburg,2032-11-29T12:35,2032-11-29T12:50,1
Moscow,2032-11-29T12:50,2032-11-29T14:20,4
Saint Petersburg,2032-11-29T12:50,2032-11-29T13:20,2
Saint Petersburg,2032-11-29T13:20,2032-11-29T13:50,3
Saint Petersburg,2032-11-29T13:50,2032-11-29T15:05,4
Moscow,2032-11-29T14:20,2032-11-29T14:40,4
Moscow,2032-11-29T14:40,2032-11-29T15:05,4
Moscow,2032-11-29T15:05,2032-11-29T15:20,4
Saint Petersburg,2032-11-29T15:05,2032-11-29T15:20,4
Moscow,2032-11-29T15:20,2032-11-29T16:50,4
Saint Petersburg,2032-11-29T15:20,2032-11-29T15:50,4
Saint Petersburg,2032-11-29T15:50,2032-11-29T16:20,4
Saint Petersburg,2032-11-29T16:20,2032-11-29T17:35,4
Moscow,2032-11-29T16:50,2032-11-29T17:10,4
Moscow,2032-11-29T17:10,2032-11-29T17:35,4
Moscow,2032-11-29T17:35,2032-11-29T17:50,4
Saint Petersburg,2032-11-29T17:35,2032-11-29T17:50,4
Moscow,2032-11-29T17:50,2032-11-29T19:20,4
Saint Petersburg,2032-11-29T17:50,2032-11-29T18:20,4
Saint Petersburg,2032-11-29T18:20,2032-11-29T18:50,4
Saint Petersburg,2032-11-29T18:50,2032-11-29T20:05,4
Moscow,2032-11-29T19:20,2032-11-29T19:40,4
Moscow,2032-11-29T19:40,2032-11-29T20:05,4
Moscow,2032-11-29T20:05,2032-11-29T20:20,4
Saint Petersburg,2032-11-29T20:05,2032-11-29T20:20,4
Moscow,2032-11-29T20:20,2032-11-29T21:50,4
Saint Petersburg,2032-11-29T20:20,2032-11-29T20:50,4
Saint Petersburg,2032-11-29T20:50,2032-11-29T21:20,4
Saint Petersburg,2032-11-29T21:20,2032-11-29T22:35,4
Moscow,2032-11-29T21:50,2032-11-29T22:10,4
Moscow,2032-11-29T22:10,2032-11-29T22:35,4
Moscow,2032-11-29T22:35,2032-11-29T22:50,4
Saint Petersburg,2032-11-29T22:35,2032-11-29T22:50,4
Moscow,2032-11-29T22:50,2032-11-30T00:20,4
Saint Petersburg,2032-11-29T22:50,2032-11-29T23:20,4
Saint Petersburg,2032-11-29T23:20,2032-11-29T23:50,3
Saint Petersburg,2032-11-29T23:50,2032-11-30T01:05,2
Moscow,2032-11-30T00:20,2032-11-30T00:40,3
Moscow,2032-11-30T00:40,2032-11-30T01:05,2
Moscow,2032-11-30T01:05,2032-11-30T01:20,1
Saint Petersburg,2032-11-30T01:05,2032-11-30T01:20,1
Saint Petersburg,2032-11-30T01:50,2032-11-30T04:20,1
Moscow,2032-12-01T15:20,2032-12-01T16:10,1
Moscow,2032-12-01T16:10,2032-12-01T16:50,2
Saint Petersburg,2032-12-01T16:10,2032-12-01T16:50,1
Moscow,2032-12-01T16:50,2032-12-01T17:20,3
Saint Petersburg,2032-12-01T16:50,2032-12-01T17:20,2
Moscow,2032-12-01T17:20,2032-12-01T17:50,4
Saint Petersburg,2032-12-01T17:20,2032-12-01T18:40,3
Moscow,2032-12-01T17:50,2032-12-01T18:10,3
Moscow,2032-12-01T18:10,2032-12-01T18:40,4
Moscow,2032-12-01T18:40,2032-12-01T18:50,3
Saint Petersburg,2032-12-01T18:40,2032-12-01T18:50,2
Moscow,2032-12-01T18:50,2032-12-01T19:20,4
Saint Petersburg,2032-12-01T18:50,2032-12-01T19:20,3
Moscow,2032-12-01T19:20,2032-12-01T19:50,4
Saint Petersburg,2032-12-01T19:20,2032-12-01T19:50,2
Moscow,2032-12-01T19:50,2032-12-01T20:40,4
Saint Petersburg,2032-12-01T19:50,2032-12-01T20:10,2
Saint Petersburg,2032-12-01T20:10,2032-12-01T21:20,4
Moscow,2032-12-01T20:40,2032-12-01T21:20,4
Moscow,2032-12-01T21:20,2032-12-01T21:50,4
Saint Petersburg,2032-12-01T21:20,2032-12-01T22:20,4
Moscow,2032-12-01T21:50,2032-12-01T22:20,4
Moscow,2032-12-01T22:20,2032-12-01T23:10,4
Saint Petersburg,2032-12-01T22:20,2032-12-01T22:40,4
Saint Petersburg,2032-12-01T22:40,2032-12-01T23:50,4
Moscow,2032-12-01T23:10,2032-12-01T23:50,4
Moscow,2032-12-01T23:50,2032-12-02T00:20,4
Saint Petersburg,2032-12-01T23:50,2032-12-02T00:50,4
Moscow,2032-12-02T00:20,2032-12-02T00:50,4
Moscow,2032-12-02T00:50,2032-12-02T01:40,4
Saint Petersburg,2032-12-02T00:50,2032-12-02T01:10,4
Saint Petersburg,2032-12-02T01:10,2032-12-02T02:20,4
Moscow,2032-12-02T01:40,2032-12-02T02:20,4
Moscow,2032-12-02T02:20,2032-12-02T02:50,4
Saint Petersburg,2032-12-02T02:20,2032-12-02T03:20,4
Moscow,2032-12-02T02:50,2032-12-02T03:20,3
Moscow,2032-12-02T03:20,2032-12-02T04:10,2
Saint Petersburg,2032-12-02T03:20,2032-12-02T03:40,4
Saint Petersburg,2032-12-02T03:40,2032-12-02T04:50,2
Moscow,2032-12-02T04:10,2032-12-02T04:50,1
Saint Petersburg,2032-12-02T04:50,2032-12-02T05:50,1
Moscow,2032-12-02T08:10,2032-12-02T08:35,1
Saint Petersburg,2032-12-02T08:10,2032-12-02T08:35,1
Moscow,2032-12-02T08:35,2032-12-02T10:40,2
Saint Petersburg,2032-12-02T08:35,2032-12-02T10:40,2
Moscow,2032-12-02T10:40,2032-12-02T11:05,1
Saint Petersburg,2032-12-02T10:40,2032-12-02T11:05,1
Moscow,2032-12-03T20:10,2032-12-03T20:35,1
Moscow,2032-12-03T20:35,2032-12-03T20:50,2
Moscow,2032-12-03T20:50,2032-12-03T21:20,3
Saint Petersburg,2032-12-03T20:50,2032-12-03T21:20,1
Moscow,2032-12-03T21:20,2032-12-03T22:40,4
Saint Petersburg,2032-12-03T21:20,2032-12-03T21:50,2
Saint Petersburg,2032-12-03T21:50,2032-12-03T22:10,3
Saint Petersburg,2032-12-03T22:10,2032-12-03T23:20,4
Moscow,2032-12-03T22:40,2032-12-03T23:05,4
Moscow,2032-12-03T23:05,2032-12-03T23:20,4
Moscow,2032-12-03T23:20,2032-12-03T23:50,4
Saint Petersburg,2032-12-03T23:20,2032-12-03T23:50,4
Moscow,2032-12-03T23:50,2032-12-04T01:10,4
Saint Petersburg,2032-12-03T23:50,2032-12-04T00:20,4
Saint Petersburg,2032-12-04T00:20,2032-12-04T00:40,4
Saint Petersburg,2032-12-04T00:40,2032-12-04T01:50,4
Moscow,2032-12-04T01:10,2032-12-04T01:35,4
Moscow,2032-12-04T01:35,2032-12-04T01:50,4
Moscow,2032-12-04T01:50,2032-12-04T02:20,3
Saint Petersburg,2032-12-04T01:50,2032-12-04T02:10,3
Saint Petersburg,2032-12-04T02:10,2032-12-04T02:20,4
Moscow,2032-12-04T02:20,2032-12-04T03:40,2
Saint Petersburg,2032-12-04T02:20,2032-12-04T02:50,3
Saint Petersburg,2032-12-04T02:50,2032-12-04T03:10,2
Saint Petersburg,2032-12-04T03:10,2032-12-04T04:40,1
Moscow,2032-12-04T03:40,2032-12-04T04:05,1
Moscow,2032-12-04T08:10,2032-12-04T08:35,1
Saint Petersburg,2032-12-04T08:10,2032-12-04T08:35,1
Moscow,2032-12-04T08:35,2032-12-04T08:50,2
Saint Petersburg,2032-12-04T08:35,2032-12-04T08:50,2
Moscow,2032-12-04T08:50,2032-12-04T09:20,3
Saint Petersburg,2032-12-04T08:50,2032-12-04T09:20,3
Moscow,2032-12-04T09:20,2032-12-04T10:40,4
Saint Petersburg,2032-12-04T09:20,2032-12-04T10:40,4
Moscow,2032-12-04T10:40,2032-12-04T11:05,4
Saint Petersburg,2032-12-04T10:40,2032-12-04T11:05,4
Moscow,2032-12-04T11:05,2032-12-04T11:20,4
Saint Petersburg,2032-12-04T11:05,2032-12-04T11:20,4
Moscow,2032-12-04T11:20,2032-12-04T11:50,4
Saint Petersburg,2032-12-04T11:20,2032-12-04T11:50,4
Moscow,2032-12-04T11:50,2032-12-04T13:10,4
Saint Petersburg,2032-12-04T11:50,2032-12-04T13:10,4
Moscow,2032-12-04T13:10,2032-12-04T13:35,4
Saint Petersburg,2032-12-04T13:10,2032-12-04T13:35,4
Moscow,2032-12-04T13:35,2032-12-04T13:50,4
Saint Petersburg,2032-12-04T13:35,2032-12-04T13:50,3
Moscow,2032-12-04T13:50,2032-12-04T14:20,3
Saint Petersburg,2032-12-04T13:50,2032-12-04T14:20,3
Moscow,2032-12-04T14:20,2032-12-04T15:40,2
Saint Petersburg,2032-12-04T14:20,2032-12-04T15:40,2
Moscow,2032-12-04T15:40,2032-12-04T16:05,1
Saint Petersburg,2032-12-04T15:40,2032-12-04T16:20,1
Moscow,2032-12-05T23:50,2032-12-06T00:10,1
Moscow,2032-12-06T00:10,2032-12-06T02:20,2
Saint Petersburg,2032-12-06T00:10,2032-12-06T02:40,1
Moscow,2032-12-06T02:20,2032-12-06T02:40,1
Moscow,2032-12-06T08:10,2032-12-06T08:35,1
Saint Petersburg,2032-12-06T08:10,2032-12-06T08:35,1
Moscow,2032-12-06T08:35,2032-12-06T08:50,2
Saint Petersburg,2032-12-06T08:35,2032-12-06T08:50,2
Moscow,2032-12-06T08:50,2032-12-06T09:20,3
Saint Petersburg,2032-12-06T08:50,2032-12-06T09:20,3
Moscow,2032-12-06T09:20,2032-12-06T10:40,4
Saint Petersburg,2032-12-06T09:20,2032-12-06T10:40,4
Moscow,2032-12-06T10:40,2032-12-06T11:05,4
Saint Petersburg,2032-12-06T10:40,2032-12-06T11:05,4
Moscow,2032-12-06T11:05,2032-12-06T11:20,4
Saint Petersburg,2032-12-06T11:05,2032-12-06T11:20,4
Moscow,2032-12-06T11:20,2032-12-06T11:50,4
Saint Petersburg,2032-12-06T11:20,2032-12-06T11:50,4
Moscow,2032-12-06T11:50,2032-12-06T13:10,4
Saint Petersburg,2032-12-06T11:50,2032-12-06T13:10,4
Moscow,2032-12-06T13:10,2032-12-06T13:35,4
Saint Petersburg,2032-12-06T13:10,2032-12-06T13:35,4
Moscow,2032-12-06T13:35,2032-12-06T13:50,4
Saint Petersburg,2032-12-06T13:35,2032-12-06T13:50,4
Moscow,2032-12-06T13:50,2032-12-06T14:20,4
Saint Petersburg,2032-12-06T13:50,2032-12-06T14:20,4
Moscow,2032-12-06T14:20,2032-12-06T15:40,4
Saint Petersburg,2032-12-06T14:20,2032-12-06T15:40,4
Moscow,2032-12-06T15:40,2032-12-06T16:05,4
Saint Petersburg,2032-12-06T15:40,2032-12-06T15:50,3
Saint Petersburg,2032-12-06T15:50,2032-12-06T16:05,4
Moscow,2032-12-06T16:05,2032-12-06T16:20,4
Saint Petersburg,2032-12-06T16:05,2032-12-06T16:20,4
Moscow,2032-12-06T16:20,2032-12-06T16:50,4
Saint Petersburg,2032-12-06T16:20,2032-12-06T16:50,4
Moscow,2032-12-06T16:50,2032-12-06T18:10,4
Saint Petersburg,2032-12-06T16:50,2032-12-06T18:20,4
Moscow,2032-12-06T18:10,2032-12-06T18:35,4
Saint Petersburg,2032-12-06T18:20,2032-12-06T18:35,4
Moscow,2032-12-06T18:35,2032-12-06T18:50,4
Saint Petersburg,2032-12-06T18:35,2032-12-06T18:50,3
Moscow,2032-12-06T18:50,2032-12-06T19:20,3
Saint Petersburg,2032-12-06T18:50,2032-12-06T19:20,3
Moscow,2032-12-06T19:20,2032-12-06T20:40,2
Saint Petersburg,2032-12-06T19:20,2032-12-06T20:50,2
Moscow,2032-12-06T20:40,2032-12-06T21:05,1
Saint Petersburg,2032-12-06T20:50,2032-12-06T21:20,1
Moscow,2032-12-08T10:10,2032-12-08T10:50,1
Moscow,2032-12-08T10:50,2032-12-08T11:20,2
Moscow,2032-12-08T11:20,2032-12-08T11:50,3
Saint Petersburg,2032-12-08T11:20,2032-12-08T11:50,1
Moscow,2032-12-08T11:50,2032-12-08T12:40,4
Saint Petersburg,2032-12-08T11:50,2032-12-08T12:10,2
Saint Petersburg,2032-12-08T12:10,2032-12-08T12:35,3
Saint Petersburg,2032-12-08T12:35,2032-12-08T13:50,4
Moscow,2032-12-08T12:40,2032-12-08T13:20,4
Moscow,2032-12-08T13:20,2032-12-08T13:50,4
Moscow,2032-12-08T13:50,2032-12-08T14:20,4
Saint Petersburg,2032-12-08T13:50,2032-12-08T14:20,4
Moscow,2032-12-08T14:20,2032-12-08T15:10,4
Saint Petersburg,2032-12-08T14:20,2032-12-08T14:40,4
Saint Petersburg,2032-12-08T14:40,2032-12-08T15:05,4
Saint Petersburg,2032-12-08T15:05,2032-12-08T16:20,4
Moscow,2032-12-08T15:10,2032-12-08T15:50,4
Moscow,2032-12-08T15:50,2032-12-08T16:20,4
Moscow,2032-12-08T16:20,2032-12-08T16:50,4
Saint Petersburg,2032-12-08T16:20,2032-12-08T16:50,4
Moscow,2032-12-08T16:50,2032-12-08T17:40,4
Saint Petersburg,2032-12-08T16:50,2032-12-08T17:10,4
Saint Petersburg,2032-12-08T17:10,2032-12-08T17:35,4
Saint Petersburg,2032-12-08T17:35,2032-12-08T18:50,4
Moscow,2032-12-08T17:40,2032-12-08T18:20,4
Moscow,2032-12-08T18:20,2032-12-08T18:50,4
Moscow,2032-12-08T18:50,2032-12-08T19:20,4
Saint Petersburg,2032-12-08T18:50,2032-12-08T19:20,4
Moscow,2032-12-08T19:20,2032-12-08T20:10,4
Saint Petersburg,2032-12-08T19:20,2032-12-08T19:40,4
Saint Petersburg,2032-12-08T19:40,2032-12-08T20:05,4
Saint Petersburg,2032-12-08T20:05,2032-12-08T21:20,4
Moscow,2032-12-08T20:10,2032-12-08T20:50,4
Moscow,2032-12-08T20:50,2032-12-08T21:20,4
Moscow,2032-12-08T21:20,2032-12-08T21:50,4
Saint Petersburg,2032-12-08T21:20,2032-12-08T21:50,4
Moscow,2032-12-08T21:50,2032-12-08T22:40,4
Saint Petersburg,2032-12-08T21:50,2032-12-08T22:10,4
Saint Petersburg,2032-12-08T22:10,2032-12-08T22:35,4
Saint Petersburg,2032-12-08T22:35,2032-12-08T23:50,3
Moscow,2032-12-08T22:40,2032-12-08T23:20,3
Moscow,2032-12-08T23:20,2032-12-08T23:50,2
Moscow,2032-12-08T23:50,2032-12-09T00:20,1
Saint Petersburg,2032-12-08T23:50,2032-12-09T00:20,2
Saint Petersburg,2032-12-09T00:20,2032-12-09T00:40,1
Moscow,2032-12-10T13:50,2032-12-10T14:10,1
Moscow,2032-12-10T14:10,2032-12-10T14:50,2
Moscow,2032-12-10T14:50,2032-12-10T15:20,3
Moscow,2032-12-10T15:20,2032-12-10T16:20,4
Saint Petersburg,2032-12-10T15:20,2032-12-10T15:50,1
Saint Petersburg,2032-12-10T15:50,2032-12-10T16:10,2
Saint Petersburg,2032-12-10T16:10,2032-12-10T16:50,3
Moscow,2032-12-10T16:20,2032-12-10T16:40,4
Moscow,2032-12-10T16:40,2032-12-10T16:50,3
Moscow,2032-12-10T16:50,2032-12-10T17:20,4
Saint Petersburg,2032-12-10T16:50,2032-12-10T17:50,4
Moscow,2032-12-10T17:20,2032-12-10T17:50,4
Moscow,2032-12-10T17:50,2032-12-10T18:10,3
Saint Petersburg,2032-12-10T17:50,2032-12-10T18:20,4
Moscow,2032-12-10T18:10,2032-12-10T18:50,4
Saint Petersburg,2032-12-10T18:20,2032-12-10T18:40,4
Saint Petersburg,2032-12-10T18:40,2032-12-10T18:50,3
Moscow,2032-12-10T18:50,2032-12-10T19:20,4
Saint Petersburg,2032-12-10T18:50,2032-12-10T19:20,4
Moscow,2032-12-10T19:20,2032-12-10T19:50,4
Saint Petersburg,2032-12-10T19:20,2032-12-10T20:10,3
Moscow,2032-12-10T19:50,2032-12-10T20:40,4
Saint Petersburg,2032-12-10T20:10,2032-12-10T20:20,4
Saint Petersburg,2032-12-10T20:20,2032-12-10T20:50,4
Moscow,2032-12-10T20:40,2032-12-10T21:20,4
Saint Petersburg,2032-12-10T20:50,2032-12-10T21:20,4
Moscow,2032-12-10T21:20,2032-12-10T21:50,4
Saint Petersburg,2032-12-10T21:20,2032-12-10T22:40,4
Moscow,2032-12-10T21:50,2032-12-10T22:20,4
Moscow,2032-12-10T22:20,2032-12-10T23:10,4
Saint Petersburg,2032-12-10T22:40,2032-12-10T22:50,4
Saint Petersburg,2032-12-10T22:50,2032-12-10T23:20,4
Moscow,2032-12-10T23:10,2032-12-10T23:50,4
Saint Petersburg,2032-12-10T23:20,2032-12-10T23:50,4
Moscow,2032-12-10T23:50,2032-12-11T00:20,4
Saint Petersburg,2032-12-10T23:50,2032-12-11T01:10,4
Moscow,2032-12-11T00:20,2032-12-11T00:50,4
Moscow,2032-12-11T00:50,2032-12-11T01:40,4
Saint Petersburg,2032-12-11T01:10,2032-12-11T01:20,4
Saint Petersburg,2032-12-11T01:20,2032-12-11T01:50,4
Moscow,2032-12-11T01:40,2032-12-11T02:20,4
Saint Petersburg,2032-12-11T01:50,2032-12-11T02:20,4
Moscow,2032-12-11T02:20,2032-12-11T02:50,3
Saint Petersburg,2032-12-11T02:20,2032-12-11T03:40,4
Moscow,2032-12-11T02:50,2032-12-11T03:20,2
Moscow,2032-12-11T03:20,2032-12-11T04:10,1
Saint Petersburg,2032-12-11T03:40,2032-12-11T03:50,3
Saint Petersburg,2032-12-11T03:50,2032-12-11T04:20,2
Saint Petersburg,2032-12-11T04:20,2032-12-11T04:50,1
Moscow,2032-12-12T18:50,2032-12-12T19:20,1
Moscow,2032-12-12T19:20,2032-12-12T19:50,2
Moscow,2032-12-12T19:50,2032-12-12T20:10,3
Saint Petersburg,2032-12-12T19:50,2032-12-12T20:10,1
Moscow,2032-12-12T20:10,2032-12-12T21:20,4
Saint Petersburg,2032-12-12T20:10,2032-12-12T20:35,2
Saint Petersburg,2032-12-12T20:35,2032-12-12T20:50,3
Saint Petersburg,2032-12-12T20:50,2032-12-12T22:20,4
Moscow,2032-12-12T21:20,2032-12-12T21:50,4
Moscow,2032-12-12T21:50,2032-12-12T22:20,4
Moscow,2032-12-12T22:20,2032-12-12T22:40,4
Saint Petersburg,2032-12-12T22:20,2032-12-12T22:40,4
Moscow,2032-12-12T22:40,2032-12-12T23:50,4
Saint Petersburg,2032-12-12T22:40,2032-12-12T23:05,4
Saint Petersburg,2032-12-12T23:05,2032-12-12T23:20,4
Saint Petersburg,2032-12-12T23:20,2032-12-13T00:50,4
Moscow,2032-12-12T23:50,2032-12-13T00:20,4
Moscow,2032-12-13T00:20,2032-12-13T00:50,4
Moscow,2032-12-13T00:50,2032-12-13T01:10,4
Saint Petersburg,2032-12-13T00:50,2032-12-13T01:10,4
Moscow,2032-12-13T01:10,2032-12-13T02:20,4
Saint Petersburg,2032-12-13T01:10,2032-12-13T01:35,4
Saint Petersburg,2032-12-13T01:35,2032-12-13T01:50,4
Saint Petersburg,2032-12-13T01:50,2032-12-13T03:20,4
Moscow,2032-12-13T02:20,2032-12-13T02:50,4
Moscow,2032-12-13T02:50,2032-12-13T03:20,3
Moscow,2032-12-13T03:20,2032-12-13T03:40,2
Saint Petersburg,2032-12-13T03:20,2032-12-13T03:40,3
Moscow,2032-12-13T03:40,2032-12-13T04:50,1
Saint Petersburg,2032-12-13T03:40,2032-12-13T04:05,2
Saint Petersburg,2032-12-13T04:05,2032-12-13T04:20,1
Moscow,2032-12-13T08:10,2032-12-13T08:35,1
Saint Petersburg,2032-12-13T08:10,2032-12-13T08:35,1
Moscow,2032-12-13T08:35,2032-12-13T08:50,2
Saint Petersburg,2032-12-13T08:35,2032-12-13T08:50,2
Moscow,2032-12-13T08:50,2032-12-13T09:20,3
Saint Petersburg,2032-12-13T08:50,2032-12-13T09:20,3
Moscow,2032-12-13T09:20,2032-12-13T10:40,4
Saint Petersburg,2032-12-13T09:20,2032-12-13T10:40,4
Moscow,2032-12-13T10:40,2032-12-13T11:05,4
Saint Petersburg,2032-12-13T10:40,2032-12-13T11:05,4
Moscow,2032-12-13T11:05,2032-12-13T11:20,4
Saint Petersburg,2032-12-13T11:05,2032-12-13T11:20,4
Moscow,2032-12-13T11:20,2032-12-13T11:50,4
Saint Petersburg,2032-12-13T11:20,2032-12-13T11:50,3
Moscow,2032-12-13T11:50,2032-12-13T13:10,3
Saint Petersburg,2032-12-13T11:50,2032-12-13T12:50,2
Saint Petersburg,2032-12-13T12:50,2032-12-13T13:10,3
Moscow,2032-12-13T13:10,2032-12-13T13:35,2
Saint Petersburg,2032-12-13T13:10,2032-12-13T13:35,2
Moscow,2032-12-13T13:35,2032-12-13T13:50,1
Saint Petersburg,2032-12-13T13:35,2032-12-13T15:20,1
Moscow,2032-12-14T22:10,2032-12-14T22:50,1
Moscow,2032-12-14T22:50,2032-12-14T23:20,2
Saint Petersburg,2032-12-14T22:50,2032-12-14T23:20,1
Moscow,2032-12-14T23:20,2032-12-14T23:50,3
Saint Petersburg,2032-12-14T23:20,2032-12-14T23:50,2
Moscow,2032-12-14T23:50,2032-12-15T00:40,4
Saint Petersburg,2032-12-14T23:50,2032-12-15T00:10,3
Saint Petersburg,2032-12-15T00:10,2032-12-15T01:20,4
Moscow,2032-12-15T00:40,2032-12-15T01:20,4
Moscow,2032-12-15T01:20,2032-12-15T01:50,3
Saint Petersburg,2032-12-15T01:20,2032-12-15T01:50,3
Moscow,2032-12-15T01:50,2032-12-15T02:20,2
Saint Petersburg,2032-12-15T01:50,2032-12-15T02:20,2
Moscow,2032-12-15T02:20,2032-12-15T03:10,1
Saint Petersburg,2032-12-15T02:20,2032-12-15T02:40,1
Moscow,2032-12-15T08:10,2032-12-15T08:35,1
Saint Petersburg,2032-12-15T08:10,2032-12-15T08:35,1
Moscow,2032-12-15T08:35,2032-12-15T08:50,2
Saint Petersburg,2032-12-15T08:35,2032-12-15T08:50,2
Moscow,2032-12-15T08:50,2032-12-15T09:20,3
Saint Petersburg,2032-12-15T08:50,2032-12-15T09:20,3
Moscow,2032-12-15T09:20,2032-12-15T10:40,4
Saint Petersburg,2032-12-15T09:20,2032-12-15T10:40,4
Moscow,2032-12-15T10:40,2032-12-15T11:05,4
Saint Petersburg,2032-12-15T10:40,2032-12-15T11:05,4
Moscow,2032-12-15T11:05,2032-12-15T11:20,4
Saint Petersburg,2032-12-15T11:05,2032-12-15T11:20,4
Moscow,2032-12-15T11:20,2032-12-15T11:50,4
Saint Petersburg,2032-12-15T11:20,2032-12-15T11:50,4
Moscow,2032-12-15T11:50,2032-12-15T13:10,4
Saint Petersburg,2032-12-15T11:50,2032-12-15T13:10,4
Moscow,2032-12-15T13:10,2032-12-15T13:35,4
Saint Petersburg,2032-12-15T13:10,2032-12-15T13:35,4
Moscow,2032-12-15T13:35,2032-12-15T13:50,4
Saint Petersburg,2032-12-15T13:35,2032-12-15T13:50,4
Moscow,2032-12-15T13:50,2032-12-15T14:20,4
Saint Petersburg,2032-12-15T13:50,2032-12-15T14:20,4
Moscow,2032-12-15T14:20,2032-12-15T15:40,4
Saint Petersburg,2032-12-15T14:20,2032-12-15T15:40,4
Moscow,2032-12-15T15:40,2032-12-15T16:05,4
Saint Petersburg,2032-12-15T15:40,2032-12-15T16:05,4
Moscow,2032-12-15T16:05,2032-12-15T16:20,4
Saint Petersburg,2032-12-15T16:05,2032-12-15T16:20,4
Moscow,2032-12-15T16:20,2032-12-15T16:50,4
Saint Petersburg,2032-12-15T16:20,2032-12-15T16:50,4
Moscow,2032-12-15T16:50,2032-12-15T18:10,3
Saint Petersburg,2032-12-15T16:50,2032-12-15T18:10,3
Moscow,2032-12-15T18:10,2032-12-15T18:35,2
Saint Petersburg,2032-12-15T18:10,2032-12-15T18:35,2
Moscow,2032-12-15T18:35,2032-12-15T18:50,1
Saint Petersburg,2032-12-15T18:35,2032-12-15T18:50,1
Moscow,2032-12-17T09:20,2032-12-17T09:35,1
Moscow,2032-12-17T09:35,2032-12-17T10:10,2
Moscow,2032-12-17T10:10,2032-12-17T11:50,4
Saint Petersburg,2032-12-17T10:10,2032-12-17T10:50,1
Saint Petersburg,2032-12-17T10:50,2032-12-17T11:20,2
Saint Petersburg,2032-12-17T11:20,2032-12-17T11:50,3
Moscow,2032-12-17T11:50,2032-12-17T12:05,4
Saint Petersburg,2032-12-17T11:50,2032-12-17T12:40,4
Moscow,2032-12-17T12:05,2032-12-17T12:40,4
Moscow,2032-12-17T12:40,2032-12-17T14:20,4
Saint Petersburg,2032-12-17T12:40,2032-12-17T13:20,4
Saint Petersburg,2032-12-17T13:20,2032-12-17T13:50,4
Saint Petersburg,2032-12-17T13:50,2032-12-17T14:20,4
Moscow,2032-12-17T14:20,2032-12-17T14:35,4
Saint Petersburg,2032-12-17T14:20,2032-12-17T15:10,4
Moscow,2032-12-17T14:35,2032-12-17T15:10,4
Moscow,2032-12-17T15:10,2032-12-17T16:50,4
Saint Petersburg,2032-12-17T15:10,2032-12-17T15:50,4
Saint Petersburg,2032-12-17T15:50,2032-12-17T16:20,4
Saint Petersburg,2032-12-17T16:20,2032-12-17T16:50,4
Moscow,2032-12-17T16:50,2032-12-17T17:05,4
Saint Petersburg,2032-12-17T16:50,2032-12-17T17:40,4
Moscow,2032-12-17T17:05,2032-12-17T17:40,4
Moscow,2032-12-17T17:40,2032-12-17T19:20,4
Saint Petersburg,2032-12-17T17:40,2032-12-17T18:20,4
Saint Petersburg,2032-12-17T18:20,2032-12-17T18:50,4
Saint Petersburg,2032-12-17T18:50,2032-12-17T19:20,4
Moscow,2032-12-17T19:20,2032-12-17T19:35,4
Saint Petersburg,2032-12-17T19:20,2032-12-17T20:10,4
Moscow,2032-12-17T19:35,2032-12-17T20:10,4
Moscow,2032-12-17T20:10,2032-12-17T21:50,4
Saint Petersburg,2032-12-17T20:10,2032-12-17T20:50,4
Saint Petersburg,2032-12-17T20:50,2032-12-17T21:20,4
Saint Petersburg,2032-12-17T21:20,2032-12-17T21:50,4
Moscow,2032-12-17T21:50,2032-12-17T22:05,3
Saint Petersburg,2032-12-17T21:50,2032-12-17T22:40,3
Moscow,2032-12-17T22:05,2032-12-17T22:40,2
Saint Petersburg,2032-12-17T22:40,2032-12-17T23:20,2
Saint Petersburg,2032-12-17T23:20,2032-12-17T23:50,1
Moscow,2032-12-19T12:35,2032-12-19T12:50,1
Moscow,2032-12-19T12:50,2032-12-19T13:20,2
Moscow,2032-12-19T13:20,2032-12-19T13:50,3
Saint Petersburg,2032-12-19T13:20,2032-12-19T13:50,1
Moscow,2032-12-19T13:50,2032-12-19T15:05,4
Saint Petersburg,2032-12-19T13:50,2032-12-19T14:10,2
Saint Petersburg,2032-12-19T14:10,2032-12-19T14:50,3
Saint Petersburg,2032-12-19T14:50,2032-12-19T15:50,4
Moscow,2032-12-19T15:05,2032-12-19T15:20,4
Moscow,2032-12-19T15:20,2032-12-19T15:50,4
Moscow,2032-12-19T15:50,2032-12-19T16:20,4
Saint Petersburg,2032-12-19T15:50,2032-12-19T16:20,4
Moscow,2032-12-19T16:20,2032-12-19T17:35,4
Saint Petersburg,2032-12-19T16:20,2032-12-19T16:40,4
Saint Petersburg,2032-12-19T16:40,2032-12-19T17:20,4
Saint Petersburg,2032-12-19T17:20,2032-12-19T18:20,4
Moscow,2032-12-19T17:35,2032-12-19T17:50,4
Moscow,2032-12-19T17:50,2032-12-19T18:20,4
Moscow,2032-12-19T18:20,2032-12-19T18:50,4
Saint Petersburg,2032-12-19T18:20,2032-12-19T18:50,4
Moscow,2032-12-19T18:50,2032-12-19T20:05,4
Saint Petersburg,2032-12-19T18:50,2032-12-19T19:10,4
Saint Petersburg,2032-12-19T19:10,2032-12-19T19:50,3
Saint Petersburg,2032-12-19T19:50,2032-12-19T20:10,3
Moscow,2032-12-19T20:05,2032-12-19T20:20,4
Saint Petersburg,2032-12-19T20:10,2032-12-19T20:50,4
Moscow,2032-12-19T20:20,2032-12-19T20:50,4
Moscow,2032-12-19T20:50,2032-12-19T21:20,4
Saint Petersburg,2032-12-19T20:50,2032-12-19T21:20,4
Moscow,2032-12-19T21:20,2032-12-19T22:35,4
Saint Petersburg,2032-12-19T21:20,2032-12-19T22:10,3
Saint Petersburg,2032-12-19T22:10,2032-12-19T22:20,4
Saint Petersburg,2032-12-19T22:20,2032-12-19T22:40,4
Moscow,2032-12-19T22:35,2032-12-19T22:50,4
Saint Petersburg,2032-12-19T22:40,2032-12-19T23:20,4
Moscow,2032-12-19T22:50,2032-12-19T23:20,4
Moscow,2032-12-19T23:20,2032-12-19T23:50,4
Saint Petersburg,2032-12-19T23:20,2032-12-19T23:50,3
Moscow,2032-12-19T23:50,2032-12-20T01:05,4
Saint Petersburg,2032-12-19T23:50,2032-12-20T00:40,4
Saint Petersburg,2032-12-20T00:40,2032-12-20T00:50,4
Saint Petersburg,2032-12-20T00:50,2032-12-20T01:10,3
Moscow,2032-12-20T01:05,2032-12-20T01:20,3
Saint Petersburg,2032-12-20T01:10,2032-12-20T02:20,2
Moscow,2032-12-20T01:20,2032-12-20T01:50,2
Moscow,2032-12-20T01:50,2032-12-20T02:20,1
Saint Petersburg,2032-12-20T02:20,2032-12-20T02:35,1
Saint Petersburg,2032-12-20T02:35,2032-12-20T03:10,2
Saint Petersburg,2032-12-20T03:10,2032-12-20T05:05,1
Moscow,2032-12-21T16:50,2032-12-21T17:20,1
Moscow,2032-12-21T17:20,2032-12-21T18:10,2
Saint Petersburg,2032-12-21T17:20,2032-12-21T18:10,1
Moscow,2032-12-21T18:10,2032-12-21T18:50,3
Saint Petersburg,2032-12-21T18:10,2032-12-21T18:50,2
Moscow,2032-12-21T18:50,2032-12-21T19:20,4
Saint Petersburg,2032-12-21T18:50,2032-12-21T19:50,3
Moscow,2032-12-21T19:20,2032-12-21T19:50,4
Moscow,2032-12-21T19:50,2032-12-21T20:40,4
Saint Petersburg,2032-12-21T19:50,2032-12-21T20:10,3
Saint Petersburg,2032-12-21T20:10,2032-12-21T20:40,4
Moscow,2032-12-21T20:40,2032-12-21T21:20,4
Saint Petersburg,2032-12-21T20:40,2032-12-21T21:20,4
Moscow,2032-12-21T21:20,2032-12-21T21:50,4
Saint Petersburg,2032-12-21T21:20,2032-12-21T22:20,4
Moscow,2032-12-21T21:50,2032-12-21T22:20,4
Moscow,2032-12-21T22:20,2032-12-21T23:10,4
Saint Petersburg,2032-12-21T22:20,2032-12-21T22:40,4
Saint Petersburg,2032-12-21T22:40,2032-12-21T23:10,4
Moscow,2032-12-21T23:10,2032-12-21T23:50,4
Saint Petersburg,2032-12-21T23:10,2032-12-21T23:50,4
Moscow,2032-12-21T23:50,2032-12-22T00:20,4
Saint Petersburg,2032-12-21T23:50,2032-12-22T00:50,4
Moscow,2032-12-22T00:20,2032-12-22T00:50,4
Moscow,2032-12-22T00:50,2032-12-22T01:40,4
Saint Petersburg,2032-12-22T00:50,2032-12-22T01:10,4
Saint Petersburg,2032-12-22T01:10,2032-12-22T01:20,3
Saint Petersburg,2032-12-22T01:20,2032-12-22T01:40,4
Moscow,2032-12-22T01:40,2032-12-22T02:20,4
Saint Petersburg,2032-12-22T01:40,2032-12-22T02:20,4
Moscow,2032-12-22T02:20,2032-12-22T02:50,4
Saint Petersburg,2032-12-22T02:20,2032-12-22T03:20,4
Moscow,2032-12-22T02:50,2032-12-22T03:20,3
Moscow,2032-12-22T03:20,2032-12-22T04:10,2
Saint Petersburg,2032-12-22T03:20,2032-12-22T03:50,3
Saint Petersburg,2032-12-22T03:50,2032-12-22T04:10,2
Moscow,2032-12-22T04:10,2032-12-22T04:50,1
Saint Petersburg,2032-12-22T04:10,2032-12-22T04:50,1
Moscow,2032-12-22T08:10,2032-12-22T08:35,1
Saint Petersburg,2032-12-22T08:10,2032-12-22T08:35,1
Moscow,2032-12-22T08:35,2032-12-22T08:50,2
Saint Petersburg,2032-12-22T08:35,2032-12-22T08:50,2
Moscow,2032-12-22T08:50,2032-12-22T09:20,3
Saint Petersburg,2032-12-22T08:50,2032-12-22T09:20,3
Moscow,2032-12-22T09:20,2032-12-22T10:40,4
Saint Petersburg,2032-12-22T09:20,2032-12-22T10:40,4
Moscow,2032-12-22T10:40,2032-12-22T11:05,3
Saint Petersburg,2032-12-22T10:40,2032-12-22T11:05,3
Moscow,2032-12-22T11:05,2032-12-22T11:20,2
Saint Petersburg,2032-12-22T11:05,2032-12-22T11:20,2
Moscow,2032-12-22T11:20,2032-12-22T11:50,1
Saint Petersburg,2032-12-22T11:20,2032-12-22T11:50,1
Moscow,2032-12-23T20:50,2032-12-23T21:20,1
Moscow,2032-12-23T21:20,2032-12-23T21:50,2
Moscow,2032-12-23T21:50,2032-12-23T22:10,3
Saint Petersburg,2032-12-23T21:50,2032-12-23T22:10,1
Moscow,2032-12-23T22:10,2032-12-23T23:20,4
Saint Petersburg,2032-12-23T22:10,2032-12-23T22:35,2
Saint Petersburg,2032-12-23T22:35,2032-12-23T22:50,3
Saint Petersburg,2032-12-23T22:50,2032-12-24T00:20,4
Moscow,2032-12-23T23:20,2032-12-23T23:50,4
Moscow,2032-12-23T23:50,2032-12-24T00:20,4
Moscow,2032-12-24T00:20,2032-12-24T00:40,4
Saint Petersburg,2032-12-24T00:20,2032-12-24T00:40,4
Moscow,2032-12-24T00:40,2032-12-24T01:50,4
Saint Petersburg,2032-12-24T00:40,2032-12-24T01:05,4
Saint Petersburg,2032-12-24T01:05,2032-12-24T01:20,4
Saint Petersburg,2032-12-24T01:20,2032-12-24T02:50,3
Moscow,2032-12-24T01:50,2032-12-24T02:20,3
Moscow,2032-12-24T02:20,2032-12-24T02:50,2
Moscow,2032-12-24T02:50,2032-12-24T03:10,1
Saint Petersburg,2032-12-24T02:50,2032-12-24T03:10,2
Saint Petersburg,2032-12-24T03:10,2032-12-24T03:35,1
Moscow,2032-12-24T08:10,2032-12-24T08:35,1
Saint Petersburg,2032-12-24T08:10,2032-12-24T08:50,1
Moscow,2032-12-24T08:35,2032-12-24T08:50,2
Moscow,2032-12-24T08:50,2032-12-24T09:20,3
Saint Petersburg,2032-12-24T08:50,2032-12-24T09:20,2
Moscow,2032-12-24T09:20,2032-12-24T10:40,4
Saint Petersburg,2032-12-24T09:20,2032-12-24T10:35,3
Saint Petersburg,2032-12-24T10:35,2032-12-24T10:40,4
Moscow,2032-12-24T10:40,2032-12-24T11:05,4
Saint Petersburg,2032-12-24T10:40,2032-12-24T11:20,4
Moscow,2032-12-24T11:05,2032-12-24T11:20,4
Moscow,2032-12-24T11:20,2032-12-24T11:50,4
Saint Petersburg,2032-12-24T11:20,2032-12-24T11:50,4
Moscow,2032-12-24T11:50,2032-12-24T13:10,4
Saint Petersburg,2032-12-24T11:50,2032-12-24T12:50,3
Saint Petersburg,2032-12-24T12:50,2032-12-24T13:05,4
Saint Petersburg,2032-12-24T13:05,2032-12-24T13:10,4
Moscow,2032-12-24T13:10,2032-12-24T13:35,4
Saint Petersburg,2032-12-24T13:10,2032-12-24T13:50,4
Moscow,2032-12-24T13:35,2032-12-24T13:50,4
Moscow,2032-12-24T13:50,2032-12-24T14:20,4
Saint Petersburg,2032-12-24T13:50,2032-12-24T15:20,4
Moscow,2032-12-24T14:20,2032-12-24T15:40,4
Saint Petersburg,2032-12-24T15:20,2032-12-24T15:35,3
Saint Petersburg,2032-12-24T15:35,2032-12-24T15:40,2
Moscow,2032-12-24T15:40,2032-12-24T16:05,3
Saint Petersburg,2032-12-24T15:40,2032-12-24T15:50,1
Saint Petersburg,2032-12-24T15:50,2032-12-24T16:20,2
Moscow,2032-12-24T16:05,2032-12-24T16:20,2
Moscow,2032-12-24T16:20,2032-12-24T16:50,1
Saint Petersburg,2032-12-24T16:20,2032-12-24T18:20,1
Moscow,2032-12-26T08:10,2032-12-26T08:35,1
Moscow,2032-12-26T08:35,2032-12-26T08:50,2
Saint Petersburg,2032-12-26T08:35,2032-12-26T08:50,1
Moscow,2032-12-26T08:50,2032-12-26T09:20,3
Saint Petersburg,2032-12-26T08:50,2032-12-26T09:20,2
Moscow,2032-12-26T09:20,2032-12-26T10:40,4
Saint Petersburg,2032-12-26T09:20,2032-12-26T09:50,3
Saint Petersburg,2032-12-26T09:50,2032-12-26T11:05,4
Moscow,2032-12-26T10:40,2032-12-26T11:05,4
Moscow,2032-12-26T11:05,2032-12-26T11:20,4
Saint Petersburg,2032-12-26T11:05,2032-12-26T11:20,4
Moscow,2032-12-26T11:20,2032-12-26T11:50,4
Saint Petersburg,2032-12-26T11:20,2032-12-26T11:50,4
Moscow,2032-12-26T11:50,2032-12-26T13:10,4
Saint Petersburg,2032-12-26T11:50,2032-12-26T12:20,4
Saint Petersburg,2032-12-26T12:20,2032-12-26T13:35,4
Moscow,2032-12-26T13:10,2032-12-26T13:35,4
Moscow,2032-12-26T13:35,2032-12-26T13:50,4
Saint Petersburg,2032-12-26T13:35,2032-12-26T13:50,4
Moscow,2032-12-26T13:50,2032-12-26T14:20,4
Saint Petersburg,2032-12-26T13:50,2032-12-26T14:20,4
Moscow,2032-12-26T14:20,2032-12-26T15:40,4
Saint Petersburg,2032-12-26T14:20,2032-12-26T14:50,4
Saint Petersburg,2032-12-26T14:50,2032-12-26T16:05,4
Moscow,2032-12-26T15:40,2032-12-26T16:05,4
Moscow,2032-12-26T16:05,2032-12-26T16:20,4
Saint Petersburg,2032-12-26T16:05,2032-12-26T16:20,4
Moscow,2032-12-26T16:20,2032-12-26T16:50,4
Saint Petersburg,2032-12-26T16:20,2032-12-26T16:50,4
Moscow,2032-12-26T16:50,2032-12-26T18:10,4
Saint Petersburg,2032-12-26T16:50,2032-12-26T17:20,4
Saint Petersburg,2032-12-26T17:20,2032-12-26T17:50,3
Saint Petersburg,2032-12-26T17:50,2032-12-26T18:35,4
Moscow,2032-12-26T18:10,2032-12-26T18:35,4
Moscow,2032-12-26T18:35,2032-12-26T18:50,4
Saint Petersburg,2032-12-26T18:35,2032-12-26T18:50,4
Moscow,2032-12-26T18:50,2032-12-26T19:20,4
Saint Petersburg,2032-12-26T18:50,2032-12-26T19:20,4
Moscow,2032-12-26T19:20,2032-12-26T20:40,4
Saint Petersburg,2032-12-26T19:20,2032-12-26T19:50,3
Saint Petersburg,2032-12-26T19:50,2032-12-26T20:20,4
Saint Petersburg,2032-12-26T20:20,2032-12-26T21:05,3
Moscow,2032-12-26T20:40,2032-12-26T21:05,3
Moscow,2032-12-26T21:05,2032-12-26T21:20,2
Saint Petersburg,2032-12-26T21:05,2032-12-26T21:20,2
Moscow,2032-12-26T21:20,2032-12-26T21:50,1
Saint Petersburg,2032-12-26T21:20,2032-12-26T22:20,1
Moscow,2032-12-28T11:20,2032-12-28T11:50,1
Moscow,2032-12-28T11:50,2032-12-28T12:10,2
Moscow,2032-12-28T12:10,2032-12-28T12:35,3
Saint Petersburg,2032-12-28T12:10,2032-12-28T12:35,1
Moscow,2032-12-28T12:35,2032-12-28T13:50,4
Saint Petersburg,2032-12-28T12:35,2032-12-28T12:50,2
Saint Petersburg,2032-12-28T12:50,2032-12-28T13:20,3
Saint Petersburg,2032-12-28T13:20,2032-12-28T14:40,4
Moscow,2032-12-28T13:50,2032-12-28T14:20,4
Moscow,2032-12-28T14:20,2032-12-28T14:40,4
Moscow,2032-12-28T14:40,2032-12-28T15:05,4
Saint Petersburg,2032-12-28T14:40,2032-12-28T15:05,4
Moscow,2032-12-28T15:05,2032-12-28T16:20,4
Saint Petersburg,2032-12-28T15:05,2032-12-28T15:20,4
Saint Petersburg,2032-12-28T15:20,2032-12-28T15:50,4
Saint Petersburg,2032-12-28T15:50,2032-12-28T17:10,4
Moscow,2032-12-28T16:20,2032-12-28T16:50,4
Moscow,2032-12-28T16:50,2032-12-28T17:10,4
Moscow,2032-12-28T17:10,2032-12-28T17:35,4
Saint Petersburg,2032-12-28T17:10,2032-12-28T17:35,4
Moscow,2032-12-28T17:35,2032-12-28T18:50,4
Saint Petersburg,2032-12-28T17:35,2032-12-28T17:50,4
Saint Petersburg,2032-12-28T17:50,2032-12-28T18:20,4
Saint Petersburg,2032-12-28T18:20,2032-12-28T19:40,4
Moscow,2032-12-28T18:50,2032-12-28T19:20,4
Moscow,2032-12-28T19:20,2032-12-28T19:40,4
Moscow,2032-12-28T19:40,2032-12-28T20:05,4
Saint Petersburg,2032-12-28T19:40,2032-12-28T20:05,4
Moscow,2032-12-28T20:05,2032-12-28T21:20,4
Saint Petersburg,2032-12-28T20:05,2032-12-28T20:20,4
Saint Petersburg,2032-12-28T20:20,2032-12-28T20:50,4
Saint Petersburg,2032-12-28T20:50,2032-12-28T22:10,4
Moscow,2032-12-28T21:20,2032-12-28T21:50,4
Moscow,2032-12-28T21:50,2032-12-28T22:10,4
Moscow,2032-12-28T22:10,2032-12-28T22:35,4
Saint Petersburg,2032-12-28T22:10,2032-12-28T22:35,4
Moscow,2032-12-28T22:35,2032-12-28T23:50,4
Saint Petersburg,2032-12-28T22:35,2032-12-28T22:50,4
Saint Petersburg,2032-12-28T22:50,2032-12-28T23:20,4
Saint Petersburg,2032-12-28T23:20,2032-12-29T00:40,3
Moscow,2032-12-28T23:50,2032-12-29T00:20,3
Moscow,2032-12-29T00:20,2032-12-29T00:40,2
Moscow,2032-12-29T00:40,2032-12-29T01:05,1
Saint Petersburg,2032-12-29T00:40,2032-12-29T01:05,2
Saint Petersburg,2032-12-29T01:05,2032-12-29T01:20,1
Moscow,2032-12-30T14:50,2032-12-30T16:10,1
Moscow,2032-12-30T16:10,2032-12-30T16:50,2
Saint Petersburg,2032-12-30T16:10,2032-12-30T16:50,1
Moscow,2032-12-30T16:50,2032-12-30T17:20,3
Saint Petersburg,2032-12-30T16:50,2032-12-30T17:20,2
Moscow,2032-12-30T17:20,2032-12-30T18:10,3
Saint Petersburg,2032-12-30T17:20,2032-12-30T17:50,3
Saint Petersburg,2032-12-30T17:50,2032-12-30T18:40,4
Moscow,2032-12-30T18:10,2032-12-30T18:40,4
Moscow,2032-12-30T18:40,2032-12-30T18:50,3
Saint Petersburg,2032-12-30T18:40,2032-12-30T19:20,4
Moscow,2032-12-30T18:50,2032-12-30T19:20,4
Moscow,2032-12-30T19:20,2032-12-30T19:50,4
Saint Petersburg,2032-12-30T19:20,2032-12-30T19:50,4
Moscow,2032-12-30T19:50,2032-12-30T20:40,4
Saint Petersburg,2032-12-30T19:50,2032-12-30T20:10,3
Saint Petersburg,2032-12-30T20:10,2032-12-30T20:20,4
Saint Petersburg,2032-12-30T20:20,2032-12-30T20:50,3
Moscow,2032-12-30T20:40,2032-12-30T21:20,4
Saint Petersburg,2032-12-30T20:50,2032-12-30T21:10,4
Saint Petersburg,2032-12-30T21:10,2032-12-30T21:20,3
Moscow,2032-12-30T21:20,2032-12-30T21:50,4
Saint Petersburg,2032-12-30T21:20,2032-12-30T21:50,4
Moscow,2032-12-30T21:50,2032-12-30T22:20,4
Saint Petersburg,2032-12-30T21:50,2032-12-30T22:40,4
Moscow,2032-12-30T22:20,2032-12-30T23:10,4
Saint Petersburg,2032-12-30T22:40,2032-12-30T23:20,4
Moscow,2032-12-30T23:10,2032-12-30T23:50,4
Saint Petersburg,2032-12-30T23:20,2032-12-30T23:50,4
Moscow,2032-12-30T23:50,2032-12-31T00:20,4
Saint Petersburg,2032-12-30T23:50,2032-12-31T00:20,4
Moscow,2032-12-31T00:20,2032-12-31T00:50,4
Saint Petersburg,2032-12-31T00:20,2032-12-31T00:35,3
Saint Petersburg,2032-12-31T00:35,2032-12-31T01:10,4
Moscow,2032-12-31T00:50,2032-12-31T01:40,4
Saint Petersburg,2032-12-31T01:10,2032-12-31T01:50,4
Moscow,2032-12-31T01:40,2032-12-31T02:20,4
Saint Petersburg,2032-12-31T01:50,2032-12-31T02:20,4
Moscow,2032-12-31T02:20,2032-12-31T02:50,4
Saint Petersburg,2032-12-31T02:20,2032-12-31T03:05,4
Moscow,2032-12-31T02:50,2032-12-31T03:20,3
Saint Petersburg,2032-12-31T03:05,2032-12-31T03:40,4
Moscow,2032-12-31T03:20,2032-12-31T04:10,2
Saint Petersburg,2032-12-31T03:40,2032-12-31T04:20,3
Moscow,2032-12-31T04:10,2032-12-31T04:50,1
Saint Petersburg,2032-12-31T04:20,2032-12-31T04:50,2
Saint Petersburg,2032-12-31T04:50,2032-12-31T05:35,1
Moscow,2032-12-31T08:10,2032-12-31T10:40,1
Saint Petersburg,2032-12-31T08:10,2032-12-31T10:40,1
Moscow,2033-01-01T19:50,2033-01-01T20:10,1
Moscow,2033-01-01T20:10,2033-01-01T20:35,2
Moscow,2033-01-01T20:35,2033-01-01T20:50,3
Saint Petersburg,2033-01-01T20:35,2033-01-01T20:50,1
Moscow,2033-01-01T20:50,2033-01-01T22:20,4
Saint Petersburg,2033-01-01T20:50,2033-01-01T21:20,2
Saint Petersburg,2033-01-01T21:20,2033-01-01T21:50,3
Saint Petersburg,2033-01-01T21:50,2033-01-01T23:05,4
Moscow,2033-01-01T22:20,2033-01-01T22:40,4
Moscow,2033-01-01T22:40,2033-01-01T23:05,4
Moscow,2033-01-01T23:05,2033-01-01T23:20,4
Saint Petersburg,2033-01-01T23:05,2033-01-01T23:20,4
Moscow,2033-01-01T23:20,2033-01-02T00:50,4
Saint Petersburg,2033-01-01T23:20,2033-01-01T23:50,4
Saint Petersburg,2033-01-01T23:50,2033-01-02T00:20,4
Saint Petersburg,2033-01-02T00:20,2033-01-02T01:35,4
Moscow,2033-01-02T00:50,2033-01-02T01:10,4
Moscow,2033-01-02T01:10,2033-01-02T01:35,4
Moscow,2033-01-02T01:35,2033-01-02T01:50,4
Saint Petersburg,2033-01-02T01:35,2033-01-02T01:50,4
Moscow,2033-01-02T01:50,2033-01-02T03:20,3
Saint Petersburg,2033-01-02T01:50,2033-01-02T02:20,4
Saint Petersburg,2033-01-02T02:20,2033-01-02T02:50,3
Saint Petersburg,2033-01-02T02:50,2033-01-02T04:05,2
Moscow,2033-01-02T03:20,2033-01-02T03:40,2
Moscow,2033-01-02T03:40,2033-01-02T04:05,1
Saint Petersburg,2033-01-02T04:05,2033-01-02T04:20,1
Moscow,2033-01-02T08:10,2033-01-02T08:35,1
Saint Petersburg,2033-01-02T08:10,2033-01-02T08:35,1
Moscow,2033-01-02T08:35,2033-01-02T08:50,2
Saint Petersburg,2033-01-02T08:35,2033-01-02T08:50,2
Moscow,2033-01-02T08:50,2033-01-02T09:20,3
Saint Petersburg,2033-01-02T08:50,2033-01-02T09:20,3
Moscow,2033-01-02T09:20,2033-01-02T10:40,4
Saint Petersburg,2033-01-02T09:20,2033-01-02T10:40,4
Moscow,2033-01-02T10:40,2033-01-02T11:05,4
Saint Petersburg,2033-01-02T10:40,2033-01-02T11:05,4
Moscow,2033-01-02T11:05,2033-01-02T11:20,4
Saint Petersburg,2033-01-02T11:05,2033-01-02T11:20,4
Moscow,2033-01-02T11:20,2033-01-02T11:50,4
Saint Petersburg,2033-01-02T11:20,2033-01-02T11:50,4
Moscow,2033-01-02T11:50,2033-01-02T13:10,4
Saint Petersburg,2033-01-02T11:50,2033-01-02T13:10,4
Moscow,2033-01-02T13:10,2033-01-02T13:35,4
Saint Petersburg,2033-01-02T13:10,2033-01-02T13:35,3
Moscow,2033-01-02T13:35,2033-01-02T13:50,3
Saint Petersburg,2033-01-02T13:35,2033-01-02T13:50,2
Moscow,2033-01-02T13:50,2033-01-02T14:20,2
Saint Petersburg,2033-01-02T13:50,2033-01-02T14:20,2
Moscow,2033-01-02T14:20,2033-01-02T15:40,1
Saint Petersburg,2033-01-02T14:20,2033-01-02T16:20,1
Moscow,2033-01-03T23:20,2033-01-03T23:50,1
Moscow,2033-01-03T23:50,2033-01-04T00:10,2
Saint Petersburg,2033-01-03T23:50,2033-01-04T00:10,1
Moscow,2033-01-04T00:10,2033-01-04T01:50,3
Saint Petersburg,2033-01-04T00:10,2033-01-04T02:20,2
Moscow,2033-01-04T01:50,2033-01-04T02:20,2
Moscow,2033-01-04T02:20,2033-01-04T02:40,1
Saint Petersburg,2033-01-04T02:20,2033-01-04T02:40,1
Moscow,2033-01-04T08:10,2033-01-04T08:35,1
Moscow,2033-01-04T08:35,2033-01-04T08:50,2
Saint Petersburg,2033-01-04T08:35,2033-01-04T08:50,1
Moscow,2033-01-04T08:50,2033-01-04T09:20,3
Saint Petersburg,2033-01-04T08:50,2033-01-04T09:50,2
Moscow,2033-01-04T09:20,2033-01-04T10:40,4
Saint Petersburg,2033-01-04T09:50,2033-01-04T10:50,3
Moscow,2033-01-04T10:40,2033-01-04T11:05,4
Saint Petersburg,2033-01-04T10:50,2033-01-04T11:05,4
Moscow,2033-01-04T11:05,2033-01-04T11:20,4
Saint Petersburg,2033-01-04T11:05,2033-01-04T11:20,3
Moscow,2033-01-04T11:20,2033-01-04T11:50,4
Saint Petersburg,2033-01-04T11:20,2033-01-04T12:10,3
Moscow,2033-01-04T11:50,2033-01-04T13:10,4
Saint Petersburg,2033-01-04T12:10,2033-01-04T12:20,4
Saint Petersburg,2033-01-04T12:20,2033-01-04T13:20,4
Moscow,2033-01-04T13:10,2033-01-04T13:35,4
Saint Petersburg,2033-01-04T13:20,2033-01-04T13:50,4
Moscow,2033-01-04T13:35,2033-01-04T13:50,4
Moscow,2033-01-04T13:50,2033-01-04T14:20,4
Saint Petersburg,2033-01-04T13:50,2033-01-04T14:40,4
Moscow,2033-01-04T14:20,2033-01-04T15:40,4
Saint Petersburg,2033-01-04T14:40,2033-01-04T14:50,4
Saint Petersburg,2033-01-04T14:50,2033-01-04T15:50,4
Moscow,2033-01-04T15:40,2033-01-04T16:05,4
Saint Petersburg,2033-01-04T15:50,2033-01-04T16:20,4
Moscow,2033-01-04T16:05,2033-01-04T16:20,4
Moscow,2033-01-04T16:20,2033-01-04T16:50,4
Saint Petersburg,2033-01-04T16:20,2033-01-04T17:10,4
Moscow,2033-01-04T16:50,2033-01-04T18:10,4
Saint Petersburg,2033-01-04T17:10,2033-01-04T17:20,4
Saint Petersburg,2033-01-04T17:20,2033-01-04T18:20,4
Moscow,2033-01-04T18:10,2033-01-04T18:35,4
Saint Petersburg,2033-01-04T18:20,2033-01-04T18:50,3
Moscow,2033-01-04T18:35,2033-01-04T18:50,3
Moscow,2033-01-04T18:50,2033-01-04T19:20,2
Saint Petersburg,2033-01-04T18:50,2033-01-04T19:40,2
Moscow,2033-01-04T19:20,2033-01-04T20:40,1
Saint Petersburg,2033-01-04T19:40,2033-01-04T19:50,1
Saint Petersburg,2033-01-05T01:20,2033-01-05T03:50,1
Moscow,2033-01-06T09:50,2033-01-06T10:10,1
Moscow,2033-01-06T10:10,2033-01-06T10:50,2
Moscow,2033-01-06T10:50,2033-01-06T11:20,3
Saint Petersburg,2033-01-06T10:50,2033-01-06T11:20,1
Moscow,2033-01-06T11:20,2033-01-06T12:20,4
Saint Petersburg,2033-01-06T11:20,2033-01-06T11:50,2
Saint Petersburg,2033-01-06T11:50,2033-01-06T12:10,3
Saint Petersburg,2033-01-06T12:10,2033-01-06T13:20,4
Moscow,2033-01-06T12:20,2033-01-06T12:40,4
Moscow,2033-01-06T12:40,2033-01-06T13:20,4
Moscow,2033-01-06T13:20,2033-01-06T13:50,4
Saint Petersburg,2033-01-06T13:20,2033-01-06T13:50,4
Moscow,2033-01-06T13:50,2033-01-06T14:50,4
Saint Petersburg,2033-01-06T13:50,2033-01-06T14:20,4
Saint Petersburg,2033-01-06T14:20,2033-01-06T14:40,4
Saint Petersburg,2033-01-06T14:40,2033-01-06T15:50,4
Moscow,2033-01-06T14:50,2033-01-06T15:10,4
Moscow,2033-01-06T15:10,2033-01-06T15:50,4
Moscow,2033-01-06T15:50,2033-01-06T16:20,4
Saint Petersburg,2033-01-06T15:50,2033-01-06T16:20,4
Moscow,2033-01-06T16:20,2033-01-06T17:20,4
Saint Petersburg,2033-01-06T16:20,2033-01-06T16:50,4
Saint Petersburg,2033-01-06T16:50,2033-01-06T17:10,4
Saint Petersburg,2033-01-06T17:10,2033-01-06T17:50,3
Moscow,2033-01-06T17:20,2033-01-06T17:40,4
Moscow,2033-01-06T17:40,2033-01-06T18:20,4
Saint Petersburg,2033-01-06T17:50,2033-01-06T18:20,4
Moscow,2033-01-06T18:20,2033-01-06T18:50,4
Saint Petersburg,2033-01-06T18:20,2033-01-06T18:50,4
Moscow,2033-01-06T18:50,2033-01-06T19:50,4
Saint Petersburg,2033-01-06T18:50,2033-01-06T19:20,4
Saint Petersburg,2033-01-06T19:20,2033-01-06T20:10,3
Moscow,2033-01-06T19:50,2033-01-06T20:10,4
Moscow,2033-01-06T20:10,2033-01-06T20:50,4
Saint Petersburg,2033-01-06T20:10,2033-01-06T20:20,4
Saint Petersburg,2033-01-06T20:20,2033-01-06T20:50,4
Moscow,2033-01-06T20:50,2033-01-06T21:20,4
Saint Petersburg,2033-01-06T20:50,2033-01-06T21:20,4
Moscow,2033-01-06T21:20,2033-01-06T22:20,4
Saint Petersburg,2033-01-06T21:20,2033-01-06T22:40,4
Moscow,2033-01-06T22:20,2033-01-06T22:40,3
Moscow,2033-01-06T22:40,2033-01-06T23:20,2
Saint Petersburg,2033-01-06T22:40,2033-01-06T22:50,3
Saint Petersburg,2033-01-06T22:50,2033-01-06T23:20,2
Moscow,2033-01-06T23:20,2033-01-06T23:50,1
Saint Petersburg,2033-01-06T23:20,2033-01-06T23:50,1
Moscow,2033-01-08T13:20,2033-01-08T13:50,1
Moscow,2033-01-08T13:50,2033-01-08T14:10,2
Moscow,2033-01-08T14:10,2033-01-08T14:50,3
Saint Petersburg,2033-01-08T14:10,2033-01-08T14:50,1
Moscow,2033-01-08T14:50,2033-01-08T15:50,4
Saint Petersburg,2033-01-08T14:50,2033-01-08T15:20,2
Saint Petersburg,2033-01-08T15:20,2033-01-08T15:50,3
Moscow,2033-01-08T15:50,2033-01-08T16:20,4
Saint Petersburg,2033-01-08T15:50,2033-01-08T16:40,4
Moscow,2033-01-08T16:20,2033-01-08T16:40,4
Moscow,2033-01-08T16:40,2033-01-08T16:50,3
Saint Petersburg,2033-01-08T16:40,2033-01-08T17:20,4
Moscow,2033-01-08T16:50,2033-01-08T17:20,4
Moscow,2033-01-08T17:20,2033-01-08T18:20,4
Saint Petersburg,2033-01-08T17:20,2033-01-08T17:50,4
Saint Petersburg,2033-01-08T17:50,2033-01-08T18:20,4
Moscow,2033-01-08T18:20,2033-01-08T18:50,4
Saint Petersburg,2033-01-08T18:20,2033-01-08T19:10,4
Moscow,2033-01-08T18:50,2033-01-08T19:20,4
Saint Petersburg,2033-01-08T19:10,2033-01-08T19:50,4
Moscow,2033-01-08T19:20,2033-01-08T19:50,4
Moscow,2033-01-08T19:50,2033-01-08T20:50,4
Saint Petersburg,2033-01-08T19:50,2033-01-08T20:20,4
Saint Petersburg,2033-01-08T20:20,2033-01-08T20:50,4
Moscow,2033-01-08T20:50,2033-01-08T21:20,4
Saint Petersburg,2033-01-08T20:50,2033-01-08T21:40,4
Moscow,2033-01-08T21:20,2033-01-08T21:50,4
Saint Petersburg,2033-01-08T21:40,2033-01-08T22:20,4
Moscow,2033-01-08T21:50,2033-01-08T22:20,4
Moscow,2033-01-08T22:20,2033-01-08T23:20,4
Saint Petersburg,2033-01-08T22:20,2033-01-08T22:50,4
Saint Petersburg,2033-01-08T22:50,2033-01-08T23:20,4
Moscow,2033-01-08T23:20,2033-01-08T23:50,4
Saint Petersburg,2033-01-08T23:20,2033-01-09T00:10,4
Moscow,2033-01-08T23:50,2033-01-09T00:20,4
Saint Petersburg,2033-01-09T00:10,2033-01-09T00:35,3
Moscow,2033-01-09T00:20,2033-01-09T00:50,4
Saint Petersburg,2033-01-09T00:35,2033-01-09T00:50,4
Moscow,2033-01-09T00:50,2033-01-09T01:50,4
Saint Petersburg,2033-01-09T00:50,2033-01-09T01:20,4
Saint Petersburg,2033-01-09T01:20,2033-01-09T01:50,4
Moscow,2033-01-09T01:50,2033-01-09T02:20,3
Saint Petersburg,2033-01-09T01:50,2033-01-09T03:05,3
Moscow,2033-01-09T02:20,2033-01-09T02:50,2
Moscow,2033-01-09T02:50,2033-01-09T03:20,1
Saint Petersburg,2033-01-09T03:05,2033-01-09T03:20,2
Saint Petersburg,2033-01-09T03:20,2033-01-09T03:50,1
Moscow,2033-01-10T18:10,2033-01-10T18:50,1
Moscow,2033-01-10T18:50,2033-01-10T19:20,2
Saint Petersburg,2033-01-10T18:50,2033-01-10T19:50,1
Moscow,2033-01-10T19:20,2033-01-10T19:50,3
Moscow,2033-01-10T19:50,2033-01-10T20:40,4
Saint Petersburg,2033-01-10T19:50,2033-01-10T20:10,2
Saint Petersburg,2033-01-10T20:10,2033-01-10T20:35,3
Saint Petersburg,2033-01-10T20:35,2033-01-10T21:20,4
Moscow,2033-01-10T20:40,2033-01-10T21:20,4
Moscow,2033-01-10T21:20,2033-01-10T21:50,4
Saint Petersburg,2033-01-10T21:20,2033-01-10T22:20,4
Moscow,2033-01-10T21:50,2033-01-10T22:20,4
Moscow,2033-01-10T22:20,2033-01-10T23:10,4
Saint Petersburg,2033-01-10T22:20,2033-01-10T22:40,4
Saint Petersburg,2033-01-10T22:40,2033-01-10T23:05,4
Saint Petersburg,2033-01-10T23:05,2033-01-10T23:50,4
Moscow,2033-01-10T23:10,2033-01-10T23:50,4
Moscow,2033-01-10T23:50,2033-01-11T00:20,4
Saint Petersburg,2033-01-10T23:50,2033-01-11T00:50,4
Moscow,2033-01-11T00:20,2033-01-11T00:50,4
Moscow,2033-01-11T00:50,2033-01-11T01:40,4
Saint Petersburg,2033-01-11T00:50,2033-01-11T01:10,4
Saint Petersburg,2033-01-11T01:10,2033-01-11T01:35,4
Saint Petersburg,2033-01-11T01:35,2033-01-11T02:20,4
Moscow,2033-01-11T01:40,2033-01-11T02:20,4
Moscow,2033-01-11T02:20,2033-01-11T02:50,4
Saint Petersburg,2033-01-11T02:20,2033-01-11T03:20,4
Moscow,2033-01-11T02:50,2033-01-11T03:20,3
Moscow,2033-01-11T03:20,2033-01-11T04:10,2
Saint Petersburg,2033-01-11T03:20,2033-01-11T03:40,3
Saint Petersburg,2033-01-11T03:40,2033-01-11T04:05,2
Saint Petersburg,2033-01-11T04:05,2033-01-11T04:50,1
Moscow,2033-01-11T04:10,2033-01-11T04:50,1
Moscow,2033-01-11T08:10,2033-01-11T08:35,1
Saint Petersburg,2033-01-11T08:10,2033-01-11T08:35,1
Moscow,2033-01-11T08:35,2033-01-11T08:50,2
Saint Petersburg,2033-01-11T08:35,2033-01-11T08:50,2
Moscow,2033-01-11T08:50,2033-01-11T09:20,3
Saint Petersburg,2033-01-11T08:50,2033-01-11T09:20,3
Moscow,2033-01-11T09:20,2033-01-11T10:40,4
Saint Petersburg,2033-01-11T09:20,2033-01-11T10:40,4
Moscow,2033-01-11T10:40,2033-01-11T11:05,4
Saint Petersburg,2033-01-11T10:40,2033-01-11T11:05,4
Moscow,2033-01-11T11:05,2033-01-11T11:20,4
Saint Petersburg,2033-01-11T11:05,2033-01-11T11:20,4
Moscow,2033-01-11T11:20,2033-01-11T11:50,3
Saint Petersburg,2033-01-11T11:20,2033-01-11T11:50,3
Moscow,2033-01-11T11:50,2033-01-11T13:10,2
Saint Petersburg,2033-01-11T11:50,2033-01-11T13:10,2
Moscow,2033-01-11T13:10,2033-01-11T13:35,1
Saint Petersburg,2033-01-11T13:10,2033-01-11T13:35,1
Moscow,2033-01-12T22:10,2033-01-12T22:50,1
Saint Petersburg,2033-01-12T22:35,2033-01-12T22:50,1
Moscow,2033-01-12T22:50,2033-01-12T23:20,2
Saint Petersburg,2033-01-12T22:50,2033-01-12T23:20,2
Moscow,2033-01-12T23:20,2033-01-12T23:50,3
Saint Petersburg,2033-01-12T23:20,2033-01-12T23:50,3
Moscow,2033-01-12T23:50,2033-01-13T00:40,4
Saint Petersburg,2033-01-12T23:50,2033-01-13T01:05,4
Moscow,2033-01-13T00:40,2033-01-13T01:20,4
Saint Petersburg,2033-01-13T01:05,2033-01-13T01:20,4
Moscow,2033-01-13T01:20,2033-01-13T01:50,3
Saint Petersburg,2033-01-13T01:20,2033-01-13T01:50,3
Moscow,2033-01-13T01:50,2033-01-13T02:20,2
Saint Petersburg,2033-01-13T01:50,2033-01-13T02:20,2
Moscow,2033-01-13T02:20,2033-01-13T03:10,1
Saint Petersburg,2033-01-13T02:20,2033-01-13T03:35,1
Moscow,2033-01-13T04:35,2033-01-13T07:05,1
Moscow,2033-01-13T08:10,2033-01-13T08:35,1
Saint Petersburg,2033-01-13T08:10,2033-01-13T08:35,1
Moscow,2033-01-13T08:35,2033-01-13T08:50,2
Saint Petersburg,2033-01-13T08:35,2033-01-13T08:50,2
Moscow,2033-01-13T08:50,2033-01-13T09:20,3
Saint Petersburg,2033-01-13T08:50,2033-01-13T09:50,3
Moscow,2033-01-13T09:20,2033-01-13T10:40,4
Saint Petersburg,2033-01-13T09:50,2033-01-13T10:40,4
Moscow,2033-01-13T10:40,2033-01-13T11:05,4
Saint Petersburg,2033-01-13T10:40,2033-01-13T11:05,4
Moscow,2033-01-13T11:05,2033-01-13T11:20,4
Saint Petersburg,2033-01-13T11:05,2033-01-13T11:20,4
Moscow,2033-01-13T11:20,2033-01-13T11:50,4
Saint Petersburg,2033-01-13T11:20,2033-01-13T12:20,4
Moscow,2033-01-13T11:50,2033-01-13T13:10,4
Saint Petersburg,2033-01-13T12:20,2033-01-13T13:10,4
Moscow,2033-01-13T13:10,2033-01-13T13:35,4
Saint Petersburg,2033-01-13T13:10,2033-01-13T13:35,4
Moscow,2033-01-13T13:35,2033-01-13T13:50,4
Saint Petersburg,2033-01-13T13:35,2033-01-13T13:50,4
Moscow,2033-01-13T13:50,2033-01-13T14:20,4
Saint Petersburg,2033-01-13T13:50,2033-01-13T14:50,4
Moscow,2033-01-13T14:20,2033-01-13T15:40,4
Saint Petersburg,2033-01-13T14:50,2033-01-13T15:40,4
Moscow,2033-01-13T15:40,2033-01-13T16:05,4
Saint Petersburg,2033-01-13T15:40,2033-01-13T16:05,4
Moscow,2033-01-13T16:05,2033-01-13T16:20,4
Saint Petersburg,2033-01-13T16:05,2033-01-13T16:20,3
Moscow,2033-01-13T16:20,2033-01-13T16:50,3
Saint Petersburg,2033-01-13T16:20,2033-01-13T16:35,2
Saint Petersburg,2033-01-13T16:35,2033-01-13T17:20,3
Moscow,2033-01-13T16:50,2033-01-13T18:10,2
Saint Petersburg,2033-01-13T17:20,2033-01-13T18:10,2
Moscow,2033-01-13T18:10,2033-01-13T18:35,1
Saint Petersburg,2033-01-13T18:10,2033-01-13T19:05,1
Moscow,2033-01-15T08:50,2033-01-15T09:20,1
Moscow,2033-01-15T09:20,2033-01-15T09:35,2
Saint Petersburg,2033-01-15T09:20,2033-01-15T09:50,1
Moscow,2033-01-15T09:35,2033-01-15T09:50,3
Moscow,2033-01-15T09:50,2033-01-15T11:20,4
Saint Petersburg,2033-01-15T09:50,2033-01-15T10:10,2
Saint Petersburg,2033-01-15T10:10,2033-01-15T10:50,3
Saint Petersburg,2033-01-15T10:50,2033-01-15T11:50,4
Moscow,2033-01-15T11:20,2033-01-15T11:50,4
Moscow,2033-01-15T11:50,2033-01-15T12:05,4
Saint Petersburg,2033-01-15T11:50,2033-01-15T12:20,4
Moscow,2033-01-15T12:05,2033-01-15T12:20,4
Moscow,2033-01-15T12:20,2033-01-15T13:50,4
Saint Petersburg,2033-01-15T12:20,2033-01-15T12:40,4
Saint Petersburg,2033-01-15T12:40,2033-01-15T13:20,4
Saint Petersburg,2033-01-15T13:20,2033-01-15T14:20,4
Moscow,2033-01-15T13:50,2033-01-15T14:20,4
Moscow,2033-01-15T14:20,2033-01-15T14:35,4
Saint Petersburg,2033-01-15T14:20,2033-01-15T14:50,4
Moscow,2033-01-15T14:35,2033-01-15T14:50,4
Moscow,2033-01-15T14:50,2033-01-15T16:20,4
Saint Petersburg,2033-01-15T14:50,2033-01-15T15:10,4
Saint Petersburg,2033-01-15T15:10,2033-01-15T15:50,4
Saint Petersburg,2033-01-15T15:50,2033-01-15T16:50,4
Moscow,2033-01-15T16:20,2033-01-15T16:50,4
Moscow,2033-01-15T16:50,2033-01-15T17:05,4
Saint Petersburg,2033-01-15T16:50,2033-01-15T17:20,4
Moscow,2033-01-15T17:05,2033-01-15T17:20,4
Moscow,2033-01-15T17:20,2033-01-15T18:50,4
Saint Petersburg,2033-01-15T17:20,2033-01-15T17:40,4
Saint Petersburg,2033-01-15T17:40,2033-01-15T18:20,4
Saint Petersburg,2033-01-15T18:20,2033-01-15T18:50,3
Moscow,2033-01-15T18:50,2033-01-15T19:20,4
Saint Petersburg,2033-01-15T18:50,2033-01-15T19:20,4
Moscow,2033-01-15T19:20,2033-01-15T19:35,4
Saint Petersburg,2033-01-15T19:20,2033-01-15T19:50,4
Moscow,2033-01-15T19:35,2033-01-15T19:50,4
Moscow,2033-01-15T19:50,2033-01-15T21:20,4
Saint Petersburg,2033-01-15T19:50,2033-01-15T20:10,4
Saint Petersburg,2033-01-15T20:10,2033-01-15T21:20,4
Moscow,2033-01-15T21:20,2033-01-15T21:50,3
Saint Petersburg,2033-01-15T21:20,2033-01-15T21:50,3
Moscow,2033-01-15T21:50,2033-01-15T22:05,2
Saint Petersburg,2033-01-15T21:50,2033-01-15T22:20,2
Moscow,2033-01-15T22:05,2033-01-15T22:20,1
Saint Petersburg,2033-01-15T22:20,2033-01-15T22:40,1
Moscow,2033-01-17T12:10,2033-01-17T12:35,1
Moscow,2033-01-17T12:35,2033-01-17T12:50,2
Moscow,2033-01-17T12:50,2033-01-17T13:20,3
Saint Petersburg,2033-01-17T12:50,2033-01-17T14:10,1
Moscow,2033-01-17T13:20,2033-01-17T14:40,4
Saint Petersburg,2033-01-17T14:10,2033-01-17T14:50,2
Moscow,2033-01-17T14:40,2033-01-17T15:05,4
Saint Petersburg,2033-01-17T14:50,2033-01-17T15:20,3
Moscow,2033-01-17T15:05,2033-01-17T15:20,4
Moscow,2033-01-17T15:20,2033-01-17T15:50,4
Saint Petersburg,2033-01-17T15:20,2033-01-17T15:50,3
Moscow,2033-01-17T15:50,2033-01-17T17:10,4
Saint Petersburg,2033-01-17T15:50,2033-01-17T16:40,4
Saint Petersburg,2033-01-17T16:40,2033-01-17T17:20,4
Moscow,2033-01-17T17:10,2033-01-17T17:35,4
Saint Petersburg,2033-01-17T17:20,2033-01-17T17:50,4
Moscow,2033-01-17T17:35,2033-01-17T17:50,4
Moscow,2033-01-17T17:50,2033-01-17T18:20,4
Saint Petersburg,2033-01-17T17:50,2033-01-17T18:20,4
Moscow,2033-01-17T18:20,2033-01-17T19:40,4
Saint Petersburg,2033-01-17T18:20,2033-01-17T19:10,4
Saint Petersburg,2033-01-17T19:10,2033-01-17T19:50,4
Moscow,2033-01-17T19:40,2033-01-17T20:05,4
Saint Petersburg,2033-01-17T19:50,2033-01-17T20:20,4
Moscow,2033-01-17T20:05,2033-01-17T20:20,4
Moscow,2033-01-17T20:20,2033-01-17T20:50,4
Saint Petersburg,2033-01-17T20:20,2033-01-17T20:50,4
Moscow,2033-01-17T20:50,2033-01-17T22:10,4
Saint Petersburg,2033-01-17T20:50,2033-01-17T21:40,4
Saint Petersburg,2033-01-17T21:40,2033-01-17T22:20,4
Moscow,2033-01-17T22:10,2033-01-17T22:35,4
Saint Petersburg,2033-01-17T22:20,2033-01-17T22:50,4
Moscow,2033-01-17T22:35,2033-01-17T22:50,4
Moscow,2033-01-17T22:50,2033-01-17T23:20,4
Saint Petersburg,2033-01-17T22:50,2033-01-17T23:20,4
Moscow,2033-01-17T23:20,2033-01-18T00:40,4
Saint Petersburg,2033-01-17T23:20,2033-01-18T00:10,4
Saint Petersburg,2033-01-18T00:10,2033-01-18T00:50,4
Moscow,2033-01-18T00:40,2033-01-18T01:05,3
Saint Petersburg,2033-01-18T00:50,2033-01-18T01:20,4
Moscow,2033-01-18T01:05,2033-01-18T01:20,2
Moscow,2033-01-18T01:20,2033-01-18T01:50,1
Saint Petersburg,2033-01-18T01:20,2033-01-18T01:50,3
Saint Petersburg,2033-01-18T01:50,2033-01-18T02:40,2
Saint Petersburg,2033-01-18T02:40,2033-01-18T03:20,1
Moscow,2033-01-19T16:10,2033-01-19T16:50,1
Moscow,2033-01-19T16:50,2033-01-19T17:20,2
Saint Petersburg,2033-01-19T16:50,2033-01-19T17:20,1
Moscow,2033-01-19T17:20,2033-01-19T18:10,3
Saint Petersburg,2033-01-19T17:20,2033-01-19T18:10,2
Moscow,2033-01-19T18:10,2033-01-19T18:40,4
Saint Petersburg,2033-01-19T18:10,2033-01-19T19:20,3
Moscow,2033-01-19T18:40,2033-01-19T18:50,3
Moscow,2033-01-19T18:50,2033-01-19T19:20,4
Moscow,2033-01-19T19:20,2033-01-19T19:50,4
Saint Petersburg,2033-01-19T19:20,2033-01-19T19:50,2
Moscow,2033-01-19T19:50,2033-01-19T20:40,4
Saint Petersburg,2033-01-19T19:50,2033-01-19T20:10,1
Saint Petersburg,2033-01-19T20:10,2033-01-19T20:40,2
Moscow,2033-01-19T20:40,2033-01-19T21:20,4
Saint Petersburg,2033-01-19T20:40,2033-01-19T20:50,1
Saint Petersburg,2033-01-19T20:50,2033-01-19T21:20,2
Moscow,2033-01-19T21:20,2033-01-19T21:50,4
Saint Petersburg,2033-01-19T21:20,2033-01-19T22:35,3
Moscow,2033-01-19T21:50,2033-01-19T22:20,4
Moscow,2033-01-19T22:20,2033-01-19T23:10,4
Saint Petersburg,2033-01-19T22:35,2033-01-19T22:40,4
Saint Petersburg,2033-01-19T22:40,2033-01-19T22:50,3
Saint Petersburg,2033-01-19T22:50,2033-01-19T23:20,4
Moscow,2033-01-19T23:10,2033-01-19T23:50,4
Saint Petersburg,2033-01-19T23:20,2033-01-19T23:50,4
Moscow,2033-01-19T23:50,2033-01-20T00:20,4
Saint Petersburg,2033-01-19T23:50,2033-01-20T01:05,4
Moscow,2033-01-20T00:20,2033-01-20T00:50,4
Moscow,2033-01-20T00:50,2033-01-20T01:40,4
Saint Petersburg,2033-01-20T01:05,2033-01-20T01:20,4
Saint Petersburg,2033-01-20T01:20,2033-01-20T01:50,4
Moscow,2033-01-20T01:40,2033-01-20T02:20,4
Saint Petersburg,2033-01-20T01:50,2033-01-20T02:20,4
Moscow,2033-01-20T02:20,2033-01-20T02:50,4
Saint Petersburg,2033-01-20T02:20,2033-01-20T03:35,4
Moscow,2033-01-20T02:50,2033-01-20T03:20,3
Moscow,2033-01-20T03:20,2033-01-20T04:10,2
Saint Petersburg,2033-01-20T03:35,2033-01-20T03:50,4
Saint Petersburg,2033-01-20T03:50,2033-01-20T04:20,3
Moscow,2033-01-20T04:10,2033-01-20T04:50,1
Saint Petersburg,2033-01-20T04:20,2033-01-20T04:50,2
Saint Petersburg,2033-01-20T04:50,2033-01-20T06:05,1
Moscow,2033-01-20T08:10,2033-01-20T08:35,1
Saint Petersburg,2033-01-20T08:10,2033-01-20T08:35,2
Moscow,2033-01-20T08:35,2033-01-20T08:50,2
Saint Petersburg,2033-01-20T08:35,2033-01-20T08:50,3
Moscow,2033-01-20T08:50,2033-01-20T10:40,3
Saint Petersburg,2033-01-20T08:50,2033-01-20T10:40,4
Moscow,2033-01-20T10:40,2033-01-20T11:05,2
Saint Petersburg,2033-01-20T10:40,2033-01-20T11:05,2
Moscow,2033-01-20T11:05,2033-01-20T11:20,1
Saint Petersburg,2033-01-20T11:05,2033-01-20T11:20,1
Moscow,2033-01-21T20:35,2033-01-21T20:50,1
Moscow,2033-01-21T20:50,2033-01-21T21:20,2
Moscow,2033-01-21T21:20,2033-01-21T21:50,3
Saint Petersburg,2033-01-21T21:20,2033-01-21T21:50,1
Moscow,2033-01-21T21:50,2033-01-21T23:05,4
Saint Petersburg,2033-01-21T21:50,2033-01-21T22:10,2
Saint Petersburg,2033-01-21T22:10,2033-01-21T22:35,3
Saint Petersburg,2033-01-21T22:35,2033-01-21T23:50,4
Moscow,2033-01-21T23:05,2033-01-21T23:20,4
Moscow,2033-01-21T23:20,2033-01-21T23:50,4
Moscow,2033-01-21T23:50,2033-01-22T00:20,4
Saint Petersburg,2033-01-21T23:50,2033-01-22T00:20,4
Moscow,2033-01-22T00:20,2033-01-22T01:35,4
Saint Petersburg,2033-01-22T00:20,2033-01-22T00:40,4
Saint Petersburg,2033-01-22T00:40,2033-01-22T01:05,4
Saint Petersburg,2033-01-22T01:05,2033-01-22T02:20,4
Moscow,2033-01-22T01:35,2033-01-22T01:50,4
Moscow,2033-01-22T01:50,2033-01-22T02:20,3
Moscow,2033-01-22T02:20,2033-01-22T02:50,2
Saint Petersburg,2033-01-22T02:20,2033-01-22T02:50,3
Moscow,2033-01-22T02:50,2033-01-22T04:05,1
Saint Petersburg,2033-01-22T02:50,2033-01-22T03:10,2
Saint Petersburg,2033-01-22T03:10,2033-01-22T03:35,1
Moscow,2033-01-22T08:10,2033-01-22T08:35,1
Saint Petersburg,2033-01-22T08:10,2033-01-22T08:35,1
Moscow,2033-01-22T08:35,2033-01-22T08:50,2
Saint Petersburg,2033-01-22T08:35,2033-01-22T08:50,2
Moscow,2033-01-22T08:50,2033-01-22T09:20,3
Saint Petersburg,2033-01-22T08:50,2033-01-22T09:20,3
Moscow,2033-01-22T09:20,2033-01-22T10:40,4
Saint Petersburg,2033-01-22T09:20,2033-01-22T10:40,4
Moscow,2033-01-22T10:40,2033-01-22T11:05,4
Saint Petersburg,2033-01-22T10:40,2033-01-22T11:05,4
Moscow,2033-01-22T11:05,2033-01-22T11:20,4
Saint Petersburg,2033-01-22T11:05,2033-01-22T11:20,4
Moscow,2033-01-22T11:20,2033-01-22T11:50,4
Saint Petersburg,2033-01-22T11:20,2033-01-22T11:50,4
Moscow,2033-01-22T11:50,2033-01-22T13:10,4
Saint Petersburg,2033-01-22T11:50,2033-01-22T13:10,4
Moscow,2033-01-22T13:10,2033-01-22T13:35,4
Saint Petersburg,2033-01-22T13:10,2033-01-22T13:35,4
Moscow,2033-01-22T13:35,2033-01-22T13:50,4
Saint Petersburg,2033-01-22T13:35,2033-01-22T13:50,4
Moscow,2033-01-22T13:50,2033-01-22T14:20,4
Saint Petersburg,2033-01-22T13:50,2033-01-22T14:20,3
Moscow,2033-01-22T14:20,2033-01-22T15:40,3
Saint Petersburg,2033-01-22T14:20,2033-01-22T15:40,2
Moscow,2033-01-22T15:40,2033-01-22T16:05,2
Saint Petersburg,2033-01-22T15:40,2033-01-22T16:05,1
Moscow,2033-01-22T16:05,2033-01-22T16:20,1
Saint Petersburg,2033-01-22T16:10,2033-01-22T18:40,1
Moscow,2033-01-24T00:10,2033-01-24T02:40,1
Moscow,2033-01-24T08:10,2033-01-24T08:35,1
Saint Petersburg,2033-01-24T08:10,2033-01-24T08:50,1
Moscow,2033-01-24T08:35,2033-01-24T08:50,2
Moscow,2033-01-24T08:50,2033-01-24T09:20,3
Saint Petersburg,2033-01-24T08:50,2033-01-24T09:20,2
Moscow,2033-01-24T09:20,2033-01-24T10:40,4
Saint Petersburg,2033-01-24T09:20,2033-01-24T09:50,3
Saint Petersburg,2033-01-24T09:50,2033-01-24T10:40,4
Moscow,2033-01-24T10:40,2033-01-24T11:05,4
Saint Petersburg,2033-01-24T10:40,2033-01-24T10:50,3
Saint Petersburg,2033-01-24T10:50,2033-01-24T11:20,4
Moscow,2033-01-24T11:05,2033-01-24T11:20,4
Moscow,2033-01-24T11:20,2033-01-24T11:50,4
Saint Petersburg,2033-01-24T11:20,2033-01-24T11:50,3
Moscow,2033-01-24T11:50,2033-01-24T13:10,4
Saint Petersburg,2033-01-24T11:50,2033-01-24T12:10,3
Saint Petersburg,2033-01-24T12:10,2033-01-24T12:20,4
Saint Petersburg,2033-01-24T12:20,2033-01-24T13:20,3
Moscow,2033-01-24T13:10,2033-01-24T13:35,4
Saint Petersburg,2033-01-24T13:20,2033-01-24T14:10,3
Moscow,2033-01-24T13:35,2033-01-24T13:50,4
Moscow,2033-01-24T13:50,2033-01-24T14:20,4
Saint Petersburg,2033-01-24T14:10,2033-01-24T14:20,4
Moscow,2033-01-24T14:20,2033-01-24T15:40,4
Saint Petersburg,2033-01-24T14:20,2033-01-24T14:40,4
Saint Petersburg,2033-01-24T14:40,2033-01-24T15:50,4
Moscow,2033-01-24T15:40,2033-01-24T16:05,4
Saint Petersburg,2033-01-24T15:50,2033-01-24T16:40,4
Moscow,2033-01-24T16:05,2033-01-24T16:20,4
Moscow,2033-01-24T16:20,2033-01-24T16:50,4
Saint Petersburg,2033-01-24T16:40,2033-01-24T16:50,4
Moscow,2033-01-24T16:50,2033-01-24T18:10,4
Saint Petersburg,2033-01-24T16:50,2033-01-24T17:10,4
Saint Petersburg,2033-01-24T17:10,2033-01-24T18:20,4
Moscow,2033-01-24T18:10,2033-01-24T18:35,4
Saint Petersburg,2033-01-24T18:20,2033-01-24T19:10,4
Moscow,2033-01-24T18:35,2033-01-24T18:50,4
Moscow,2033-01-24T18:50,2033-01-24T19:20,4
Saint Petersburg,2033-01-24T19:10,2033-01-24T19:20,4
Moscow,2033-01-24T19:20,2033-01-24T20:40,3
Saint Petersburg,2033-01-24T19:20,2033-01-24T19:40,4
Saint Petersburg,2033-01-24T19:40,2033-01-24T20:50,3
Moscow,2033-01-24T20:40,2033-01-24T21:05,2
Saint Petersburg,2033-01-24T20:50,2033-01-24T21:40,2
Moscow,2033-01-24T21:05,2033-01-24T21:20,1
Saint Petersburg,2033-01-24T21:40,2033-01-24T21:50,1
Moscow,2033-01-26T10:50,2033-01-26T11:20,1
Moscow,2033-01-26T11:20,2033-01-26T11:50,2
Moscow,2033-01-26T11:50,2033-01-26T12:10,3
Saint Petersburg,2033-01-26T11:50,2033-01-26T12:10,1
Moscow,2033-01-26T12:10,2033-01-26T13:20,4
Saint Petersburg,2033-01-26T12:10,2033-01-26T12:35,2
Saint Petersburg,2033-01-26T12:35,2033-01-26T12:50,3
Saint Petersburg,2033-01-26T12:50,2033-01-26T14:20,4
Moscow,2033-01-26T13:20,2033-01-26T13:50,4
Moscow,2033-01-26T13:50,2033-01-26T14:20,4
Moscow,2033-01-26T14:20,2033-01-26T14:40,4
Saint Petersburg,2033-01-26T14:20,2033-01-26T14:40,4
Moscow,2033-01-26T14:40,2033-01-26T15:50,4
Saint Petersburg,2033-01-26T14:40,2033-01-26T15:05,4
Saint Petersburg,2033-01-26T15:05,2033-01-26T15:20,4
Saint Petersburg,2033-01-26T15:20,2033-01-26T16:50,4
Moscow,2033-01-26T15:50,2033-01-26T16:20,4
Moscow,2033-01-26T16:20,2033-01-26T16:50,4
Moscow,2033-01-26T16:50,2033-01-26T17:10,4
Saint Petersburg,2033-01-26T16:50,2033-01-26T17:10,4
Moscow,2033-01-26T17:10,2033-01-26T18:20,4
Saint Petersburg,2033-01-26T17:10,2033-01-26T17:35,4
Saint Petersburg,2033-01-26T17:35,2033-01-26T17:50,4
Saint Petersburg,2033-01-26T17:50,2033-01-26T19:20,4
Moscow,2033-01-26T18:20,2033-01-26T18:50,4
Moscow,2033-01-26T18:50,2033-01-26T19:20,4
Moscow,2033-01-26T19:20,2033-01-26T19:40,4
Saint Petersburg,2033-01-26T19:20,2033-01-26T19:40,4
Moscow,2033-01-26T19:40,2033-01-26T20:50,4
Saint Petersburg,2033-01-26T19:40,2033-01-26T20:05,4
Saint Petersburg,2033-01-26T20:05,2033-01-26T20:10,3
Saint Petersburg,2033-01-26T20:10,2033-01-26T20:20,4
Saint Petersburg,2033-01-26T20:20,2033-01-26T20:35,3
Saint Petersburg,2033-01-26T20:35,2033-01-26T21:50,4
Moscow,2033-01-26T20:50,2033-01-26T21:20,4
Moscow,2033-01-26T21:20,2033-01-26T21:50,4
Moscow,2033-01-26T21:50,2033-01-26T22:10,4
Saint Petersburg,2033-01-26T21:50,2033-01-26T22:10,4
Moscow,2033-01-26T22:10,2033-01-26T23:20,4
Saint Petersburg,2033-01-26T22:10,2033-01-26T22:40,4
Saint Petersburg,2033-01-26T22:40,2033-01-26T23:05,3
Saint Petersburg,2033-01-26T23:05,2033-01-27T00:20,2
Moscow,2033-01-26T23:20,2033-01-26T23:50,3
Moscow,2033-01-26T23:50,2033-01-27T00:20,2
Moscow,2033-01-27T00:20,2033-01-27T00:40,1
Saint Petersburg,2033-01-27T00:20,2033-01-27T00:40,1
Saint Petersburg,2033-01-27T02:50,2033-01-27T05:20,1
Moscow,2033-01-28T14:10,2033-01-28T14:50,1
Moscow,2033-01-28T14:50,2033-01-28T15:20,2
Moscow,2033-01-28T15:20,2033-01-28T16:10,3
Saint Petersburg,2033-01-28T15:20,2033-01-28T15:50,1
Saint Petersburg,2033-01-28T15:50,2033-01-28T16:10,2
Moscow,2033-01-28T16:10,2033-01-28T16:40,4
Saint Petersburg,2033-01-28T16:10,2033-01-28T16:50,3
Moscow,2033-01-28T16:40,2033-01-28T16:50,3
Moscow,2033-01-28T16:50,2033-01-28T17:20,4
Saint Petersburg,2033-01-28T16:50,2033-01-28T17:50,4
Moscow,2033-01-28T17:20,2033-01-28T17:50,4
Moscow,2033-01-28T17:50,2033-01-28T18:10,3
Saint Petersburg,2033-01-28T17:50,2033-01-28T18:20,4
Moscow,2033-01-28T18:10,2033-01-28T18:40,4
Saint Petersburg,2033-01-28T18:20,2033-01-28T18:40,4
Moscow,2033-01-28T18:40,2033-01-28T18:50,3
Saint Petersburg,2033-01-28T18:40,2033-01-28T18:50,3
Moscow,2033-01-28T18:50,2033-01-28T19:20,4
Saint Petersburg,2033-01-28T18:50,2033-01-28T19:20,4
Moscow,2033-01-28T19:20,2033-01-28T19:50,4
Saint Petersburg,2033-01-28T19:20,2033-01-28T19:50,3
Moscow,2033-01-28T19:50,2033-01-28T20:40,4
Saint Petersburg,2033-01-28T19:50,2033-01-28T20:20,4
Saint Petersburg,2033-01-28T20:20,2033-01-28T20:50,4
Moscow,2033-01-28T20:40,2033-01-28T21:20,4
Saint Petersburg,2033-01-28T20:50,2033-01-28T21:20,4
Moscow,2033-01-28T21:20,2033-01-28T21:50,4
Saint Petersburg,2033-01-28T21:20,2033-01-28T22:20,4
Moscow,2033-01-28T21:50,2033-01-28T22:20,4
Moscow,2033-01-28T22:20,2033-01-28T23:10,4
Saint Petersburg,2033-01-28T22:20,2033-01-28T22:50,4
Saint Petersburg,2033-01-28T22:50,2033-01-28T23:20,4
Moscow,2033-01-28T23:10,2033-01-28T23:50,4
Saint Petersburg,2033-01-28T23:20,2033-01-28T23:50,4
Moscow,2033-01-28T23:50,2033-01-29T00:20,4
Saint Petersburg,2033-01-28T23:50,2033-01-29T00:50,4
Moscow,2033-01-29T00:20,2033-01-29T00:50,4
Moscow,2033-01-29T00:50,2033-01-29T01:40,4
Saint Petersburg,2033-01-29T00:50,2033-01-29T01:20,4
Saint Petersburg,2033-01-29T01:20,2033-01-29T01:50,4
Moscow,2033-01-29T01:40,2033-01-29T02:20,4
Saint Petersburg,2033-01-29T01:50,2033-01-29T02:20,4
Moscow,2033-01-29T02:20,2033-01-29T02:50,4
Saint Petersburg,2033-01-29T02:20,2033-01-29T03:20,4
Moscow,2033-01-29T02:50,2033-01-29T03:20,3
Moscow,2033-01-29T03:20,2033-01-29T04:10,2
Saint Petersburg,2033-01-29T03:20,2033-01-29T03:50,3
Saint Petersburg,2033-01-29T03:50,2033-01-29T04:20,2
Moscow,2033-01-29T04:10,2033-01-29T04:50,1
Saint Petersburg,2033-01-29T04:20,2033-01-29T04:50,1
Moscow,2033-01-30T19:20,2033-01-30T19:50,1
Moscow,2033-01-30T19:50,2033-01-30T20:10,2
Moscow,2033-01-30T20:10,2033-01-30T20:35,3
Saint Petersburg,2033-01-30T20:10,2033-01-30T20:35,1
Moscow,2033-01-30T20:35,2033-01-30T21:50,4
Saint Petersburg,2033-01-30T20:35,2033-01-30T20:50,2
Saint Petersburg,2033-01-30T20:50,2033-01-30T21:20,3
Saint Petersburg,2033-01-30T21:20,2033-01-30T22:40,4
Moscow,2033-01-30T21:50,2033-01-30T22:20,4
Moscow,2033-01-30T22:20,2033-01-30T22:40,4
Moscow,2033-01-30T22:40,2033-01-30T23:05,4
Saint Petersburg,2033-01-30T22:40,2033-01-30T23:05,4
Moscow,2033-01-30T23:05,2033-01-31T00:20,4
Saint Petersburg,2033-01-30T23:05,2033-01-30T23:20,4
Saint Petersburg,2033-01-30T23:20,2033-01-30T23:50,4
Saint Petersburg,2033-01-30T23:50,2033-01-31T01:10,4
Moscow,2033-01-31T00:20,2033-01-31T00:50,4
Moscow,2033-01-31T00:50,2033-01-31T01:10,4
Moscow,2033-01-31T01:10,2033-01-31T01:35,4
Saint Petersburg,2033-01-31T01:10,2033-01-31T01:35,4
Moscow,2033-01-31T01:35,2033-01-31T02:50,4
Saint Petersburg,2033-01-31T01:35,2033-01-31T01:50,4
Saint Petersburg,2033-01-31T01:50,2033-01-31T02:20,3
Saint Petersburg,2033-01-31T02:20,2033-01-31T02:50,2
Moscow,2033-01-31T02:50,2033-01-31T03:20,3
Saint Petersburg,2033-01-31T02:50,2033-01-31T03:40,3
Moscow,2033-01-31T03:20,2033-01-31T03:40,2
Moscow,2033-01-31T03:40,2033-01-31T04:05,1
Saint Petersburg,2033-01-31T03:40,2033-01-31T04:05,2
Saint Petersburg,2033-01-31T04:05,2033-01-31T05:20,1
Moscow,2033-01-31T08:10,2033-01-31T08:35,1
Saint Petersburg,2033-01-31T08:10,2033-01-31T08:35,1
Moscow,2033-01-31T08:35,2033-01-31T08:50,2
Saint Petersburg,2033-01-31T08:35,2033-01-31T08:50,2
Moscow,2033-01-31T08:50,2033-01-31T09:20,3
Saint Petersburg,2033-01-31T08:50,2033-01-31T09:20,3
Moscow,2033-01-31T09:20,2033-01-31T10:40,4
Saint Petersburg,2033-01-31T09:20,2033-01-31T10:40,4
Moscow,2033-01-31T10:40,2033-01-31T11:05,4
Saint Petersburg,2033-01-31T10:40,2033-01-31T11:05,4
Moscow,2033-01-31T11:05,2033-01-31T11:20,4
Saint Petersburg,2033-01-31T11:05,2033-01-31T11:20,4
Moscow,2033-01-31T11:20,2033-01-31T11:50,4
Saint Petersburg,2033-01-31T11:20,2033-01-31T11:50,4
Moscow,2033-01-31T11:50,2033-01-31T13:10,4
Saint Petersburg,2033-01-31T11:50,2033-01-31T13:10,4
Moscow,2033-01-31T13:10,2033-01-31T13:35,3
Saint Petersburg,2033-01-31T13:10,2033-01-31T13:35,3
Moscow,2033-01-31T13:35,2033-01-31T13:50,2
Saint Petersburg,2033-01-31T13:35,2033-01-31T13:50,2
Moscow,2033-01-31T13:50,2033-01-31T14:20,1
Saint Petersburg,2033-01-31T13:50,2033-01-31T14:20,1
Moscow,2033-02-01T22:50,2033-02-01T23:20,1
Moscow,2033-02-01T23:20,2033-02-01T23:50,2
Saint Petersburg,2033-02-01T23:20,2033-02-01T23:50,1
Moscow,2033-02-01T23:50,2033-02-02T00:10,3
Saint Petersburg,2033-02-01T23:50,2033-02-02T00:10,2
Moscow,2033-02-02T00:10,2033-02-02T01:20,4
Saint Petersburg,2033-02-02T00:10,2033-02-02T01:50,3
Moscow,2033-02-02T01:20,2033-02-02T01:50,3
Moscow,2033-02-02T01:50,2033-02-02T02:20,2
Saint Petersburg,2033-02-02T01:50,2033-02-02T02:20,2
Moscow,2033-02-02T02:20,2033-02-02T02:40,1
Saint Petersburg,2033-02-02T02:20,2033-02-02T02:40,1
Moscow,2033-02-02T08:10,2033-02-02T08:35,1
Moscow,2033-02-02T08:35,2033-02-02T08:50,2
Moscow,2033-02-02T08:50,2033-02-02T09:20,3
Saint Petersburg,2033-02-02T08:50,2033-02-02T09:20,1
Moscow,2033-02-02T09:20,2033-02-02T10:40,4
Saint Petersburg,2033-02-02T09:20,2033-02-02T10:10,2
Saint Petersburg,2033-02-02T10:10,2033-02-02T10:35,3
Saint Petersburg,2033-02-02T10:35,2033-02-02T11:20,4
Moscow,2033-02-02T10:40,2033-02-02T11:05,4
Moscow,2033-02-02T11:05,2033-02-02T11:20,4
Moscow,2033-02-02T11:20,2033-02-02T11:50,4
Saint Petersburg,2033-02-02T11:20,2033-02-02T11:50,4
Moscow,2033-02-02T11:50,2033-02-02T13:10,4
Saint Petersburg,2033-02-02T11:50,2033-02-02T12:40,4
Saint Petersburg,2033-02-02T12:40,2033-02-02T13:05,4
Saint Petersburg,2033-02-02T13:05,2033-02-02T13:50,4
Moscow,2033-02-02T13:10,2033-02-02T13:35,4
Moscow,2033-02-02T13:35,2033-02-02T13:50,4
Moscow,2033-02-02T13:50,2033-02-02T14:20,4
Saint Petersburg,2033-02-02T13:50,2033-02-02T14:20,4
Moscow,2033-02-02T14:20,2033-02-02T15:40,4
Saint Petersburg,2033-02-02T14:20,2033-02-02T15:10,4
Saint Petersburg,2033-02-02T15:10,2033-02-02T15:35,4
Saint Petersburg,2033-02-02T15:35,2033-02-02T16:20,4
Moscow,2033-02-02T15:40,2033-02-02T16:05,4
Moscow,2033-02-02T16:05,2033-02-02T16:20,4
Moscow,2033-02-02T16:20,2033-02-02T16:50,4
Saint Petersburg,2033-02-02T16:20,2033-02-02T16:50,4
Moscow,2033-02-02T16:50,2033-02-02T18:10,4
Saint Petersburg,2033-02-02T16:50,2033-02-02T17:40,4
Saint Petersburg,2033-02-02T17:40,2033-02-02T18:05,4
Saint Petersburg,2033-02-02T18:05,2033-02-02T18:50,4
Moscow,2033-02-02T18:10,2033-02-02T18:35,3
Moscow,2033-02-02T18:35,2033-02-02T18:50,2
Moscow,2033-02-02T18:50,2033-02-02T19:20,1
Saint Petersburg,2033-02-02T18:50,2033-02-02T19:20,3
Saint Petersburg,2033-02-02T19:20,2033-02-02T20:10,2
Saint Petersburg,2033-02-02T20:10,2033-02-02T20:35,1
Moscow,2033-02-04T09:35,2033-02-04T09:50,1
Moscow,2033-02-04T09:50,2033-02-04T10:10,2
Moscow,2033-02-04T10:10,2033-02-04T10:50,3
Saint Petersburg,2033-02-04T10:10,2033-02-04T10:50,1
Moscow,2033-02-04T10:50,2033-02-04T12:05,4
Saint Petersburg,2033-02-04T10:50,2033-02-04T11:20,2
Saint Petersburg,2033-02-04T11:20,2033-02-04T11:50,3
Saint Petersburg,2033-02-04T11:50,2033-02-04T12:40,4
Moscow,2033-02-04T12:05,2033-02-04T12:20,4
Moscow,2033-02-04T12:20,2033-02-04T12:40,4
Moscow,2033-02-04T12:40,2033-02-04T13:20,4
Saint Petersburg,2033-02-04T12:40,2033-02-04T13:20,4
Moscow,2033-02-04T13:20,2033-02-04T14:35,4
Saint Petersburg,2033-02-04T13:20,2033-02-04T13:50,4
Saint Petersburg,2033-02-04T13:50,2033-02-04T14:20,4
Saint Petersburg,2033-02-04T14:20,2033-02-04T15:10,4
Moscow,2033-02-04T14:35,2033-02-04T14:50,4
Moscow,2033-02-04T14:50,2033-02-04T15:10,4
Moscow,2033-02-04T15:10,2033-02-04T15:50,4
Saint Petersburg,2033-02-04T15:10,2033-02-04T15:50,4
Moscow,2033-02-04T15:50,2033-02-04T17:05,4
Saint Petersburg,2033-02-04T15:50,2033-02-04T16:20,4
Saint Petersburg,2033-02-04T16:20,2033-02-04T16:50,4
Saint Petersburg,2033-02-04T16:50,2033-02-04T17:40,4
Moscow,2033-02-04T17:05,2033-02-04T17:20,4
Moscow,2033-02-04T17:20,2033-02-04T17:40,4
Moscow,2033-02-04T17:40,2033-02-04T18:20,4
Saint Petersburg,2033-02-04T17:40,2033-02-04T18:20,4
Moscow,2033-02-04T18:20,2033-02-04T19:35,4
Saint Petersburg,2033-02-04T18:20,2033-02-04T18:50,4
Saint Petersburg,2033-02-04T18:50,2033-02-04T19:20,4
Saint Petersburg,2033-02-04T19:20,2033-02-04T20:10,4
Moscow,2033-02-04T19:35,2033-02-04T19:50,4
Moscow,2033-02-04T19:50,2033-02-04T20:10,4
Moscow,2033-02-04T20:10,2033-02-04T20:50,4
Saint Petersburg,2033-02-04T20:10,2033-02-04T20:50,4
Moscow,2033-02-04T20:50,2033-02-04T22:05,4
Saint Petersburg,2033-02-04T20:50,2033-02-04T21:20,4
Saint Petersburg,2033-02-04T21:20,2033-02-04T21:50,4
Saint Petersburg,2033-02-04T21:50,2033-02-04T22:40,3
Moscow,2033-02-04T22:05,2033-02-04T22:20,3
Moscow,2033-02-04T22:20,2033-02-04T22:40,2
Moscow,2033-02-04T22:40,2033-02-04T23:20,1
Saint Petersburg,2033-02-04T22:40,2033-02-04T23:20,2
Saint Petersburg,2033-02-04T23:20,2033-02-04T23:50,1
Moscow,2033-02-06T12:50,2033-02-06T13:20,1
Moscow,2033-02-06T13:20,2033-02-06T13:50,2
Moscow,2033-02-06T13:50,2033-02-06T14:10,3
Saint Petersburg,2033-02-06T13:50,2033-02-06T15:20,1
Moscow,2033-02-06T14:10,2033-02-06T15:20,4
Moscow,2033-02-06T15:20,2033-02-06T15:50,4
Saint Petersburg,2033-02-06T15:20,2033-02-06T15:50,2
Moscow,2033-02-06T15:50,2033-02-06T16:20,4
Saint Petersburg,2033-02-06T15:50,2033-02-06T16:10,3
Saint Petersburg,2033-02-06T16:10,2033-02-06T16:20,4
Moscow,2033-02-06T16:20,2033-02-06T16:40,4
Saint Petersburg,2033-02-06T16:20,2033-02-06T16:50,3
Moscow,2033-02-06T16:40,2033-02-06T16:50,3
Moscow,2033-02-06T16:50,2033-02-06T17:50,4
Saint Petersburg,2033-02-06T16:50,2033-02-06T17:50,4
Moscow,2033-02-06T17:50,2033-02-06T18:20,4
Saint Petersburg,2033-02-06T17:50,2033-02-06T18:20,4
Moscow,2033-02-06T18:20,2033-02-06T18:50,4
Saint Petersburg,2033-02-06T18:20,2033-02-06T18:40,4
Saint Petersburg,2033-02-06T18:40,2033-02-06T19:20,4
Moscow,2033-02-06T18:50,2033-02-06T19:20,4
Moscow,2033-02-06T19:20,2033-02-06T20:20,4
Saint Petersburg,2033-02-06T19:20,2033-02-06T19:50,3
Saint Petersburg,2033-02-06T19:50,2033-02-06T20:20,4
Moscow,2033-02-06T20:20,2033-02-06T20:50,4
Saint Petersburg,2033-02-06T20:20,2033-02-06T20:50,4
Moscow,2033-02-06T20:50,2033-02-06T21:20,4
Saint Petersburg,2033-02-06T20:50,2033-02-06T21:10,4
Saint Petersburg,2033-02-06T21:10,2033-02-06T22:20,4
Moscow,2033-02-06T21:20,2033-02-06T21:50,4
Moscow,2033-02-06T21:50,2033-02-06T22:50,4
Saint Petersburg,2033-02-06T22:20,2033-02-06T22:50,4
Moscow,2033-02-06T22:50,2033-02-06T23:20,4
Saint Petersburg,2033-02-06T22:50,2033-02-06T23:20,4
Moscow,2033-02-06T23:20,2033-02-06T23:50,4
Saint Petersburg,2033-02-06T23:20,2033-02-06T23:40,4
Saint Petersburg,2033-02-06T23:40,2033-02-07T00:50,4
Moscow,2033-02-06T23:50,2033-02-07T00:20,4
Moscow,2033-02-07T00:20,2033-02-07T01:20,4
Saint Petersburg,2033-02-07T00:50,2033-02-07T01:20,4
Moscow,2033-02-07T01:20,2033-02-07T01:50,3
Saint Petersburg,2033-02-07T01:20,2033-02-07T01:50,4
Moscow,2033-02-07T01:50,2033-02-07T02:20,2
Saint Petersburg,2033-02-07T01:50,2033-02-07T02:10,3
Saint Petersburg,2033-02-07T02:10,2033-02-07T03:20,2
Moscow,2033-02-07T02:20,2033-02-07T02:50,1
Saint Petersburg,2033-02-07T03:20,2033-02-07T03:50,1
Moscow,2033-02-08T17:20,2033-02-08T18:10,1
Moscow,2033-02-08T18:10,2033-02-08T18:50,2
Saint Petersburg,2033-02-08T18:10,2033-02-08T18:50,1
Moscow,2033-02-08T18:50,2033-02-08T19:20,3
Saint Petersburg,2033-02-08T18:50,2033-02-08T19:50,2
Moscow,2033-02-08T19:20,2033-02-08T19:50,4
Moscow,2033-02-08T19:50,2033-02-08T20:40,4
Saint Petersburg,2033-02-08T19:50,2033-02-08T20:10,3
Saint Petersburg,2033-02-08T20:10,2033-02-08T20:40,4
Moscow,2033-02-08T20:40,2033-02-08T21:20,4
Saint Petersburg,2033-02-08T20:40,2033-02-08T21:20,4
Moscow,2033-02-08T21:20,2033-02-08T21:50,4
Saint Petersburg,2033-02-08T21:20,2033-02-08T22:20,4
Moscow,2033-02-08T21:50,2033-02-08T22:20,4
Moscow,2033-02-08T22:20,2033-02-08T23:10,4
Saint Petersburg,2033-02-08T22:20,2033-02-08T22:40,4
Saint Petersburg,2033-02-08T22:40,2033-02-08T23:10,4
Moscow,2033-02-08T23:10,2033-02-08T23:50,4
Saint Petersburg,2033-02-08T23:10,2033-02-08T23:50,4
Moscow,2033-02-08T23:50,2033-02-09T00:20,4
Saint Petersburg,2033-02-08T23:50,2033-02-09T00:50,4
Moscow,2033-02-09T00:20,2033-02-09T00:50,4
Moscow,2033-02-09T00:50,2033-02-09T01:40,4
Saint Petersburg,2033-02-09T00:50,2033-02-09T01:10,4
Saint Petersburg,2033-02-09T01:10,2033-02-09T01:40,4
Moscow,2033-02-09T01:40,2033-02-09T02:20,4
Saint Petersburg,2033-02-09T01:40,2033-02-09T02:20,4
Moscow,2033-02-09T02:20,2033-02-09T02:50,4
Saint Petersburg,2033-02-09T02:20,2033-02-09T03:20,4
Moscow,2033-02-09T02:50,2033-02-09T03:20,3
Moscow,2033-02-09T03:20,2033-02-09T04:10,2
Saint Petersburg,2033-02-09T03:20,2033-02-09T03:40,3
Saint Petersburg,2033-02-09T03:40,2033-02-09T04:10,2
Moscow,2033-02-09T04:10,2033-02-09T04:50,1
Saint Petersburg,2033-02-09T04:10,2033-02-09T04:50,1
Moscow,2033-02-09T08:10,2033-02-09T08:35,1
Saint Petersburg,2033-02-09T08:10,2033-02-09T08:35,1
Moscow,2033-02-09T08:35,2033-02-09T08:50,2
Saint Petersburg,2033-02-09T08:35,2033-02-09T08:50,2
Moscow,2033-02-09T08:50,2033-02-09T09:20,3
Saint Petersburg,2033-02-09T08:50,2033-02-09T09:20,3
Moscow,2033-02-09T09:20,2033-02-09T10:40,4
Saint Petersburg,2033-02-09T09:20,2033-02-09T10:40,4
Moscow,2033-02-09T10:40,2033-02-09T11:05,4
Saint Petersburg,2033-02-09T10:40,2033-02-09T11:05,4
Moscow,2033-02-09T11:05,2033-02-09T11:20,3
Saint Petersburg,2033-02-09T11:05,2033-02-09T11:20,3
Moscow,2033-02-09T11:20,2033-02-09T11:50,2
Saint Petersburg,2033-02-09T11:20,2033-02-09T11:50,2
Moscow,2033-02-09T11:50,2033-02-09T13:10,1
Saint Petersburg,2033-02-09T11:50,2033-02-09T13:10,1
Moscow,2033-02-10T21:20,2033-02-10T21:50,1
Moscow,2033-02-10T21:50,2033-02-10T22:10,2
Moscow,2033-02-10T22:10,2033-02-10T22:50,3
Saint Petersburg,2033-02-10T22:10,2033-02-10T22:35,1
Saint Petersburg,2033-02-10T22:35,2033-02-10T22:50,2
Moscow,2033-02-10T22:50,2033-02-10T23:50,4
Saint Petersburg,2033-02-10T22:50,2033-02-10T23:20,3
Saint Petersburg,2033-02-10T23:20,2033-02-11T00:40,4
Moscow,2033-02-10T23:50,2033-02-11T00:20,4
Moscow,2033-02-11T00:20,2033-02-11T00:40,4
Moscow,2033-02-11T00:40,2033-02-11T01:20,4
Saint Petersburg,2033-02-11T00:40,2033-02-11T01:05,4
Saint Petersburg,2033-02-11T01:05,2033-02-11T01:20,4
Moscow,2033-02-11T01:20,2033-02-11T02:20,3
Saint Petersburg,2033-02-11T01:20,2033-02-11T01:50,3
Saint Petersburg,2033-02-11T01:50,2033-02-11T03:10,2
Moscow,2033-02-11T02:20,2033-02-11T02:50,2
Moscow,2033-02-11T02:50,2033-02-11T03:10,1
Saint Petersburg,2033-02-11T03:10,2033-02-11T03:35,1
Moscow,2033-02-11T08:10,2033-02-11T08:35,1
Saint Petersburg,2033-02-11T08:10,2033-02-11T08:35,1
Moscow,2033-02-11T08:35,2033-02-11T08:50,2
Saint Petersburg,2033-02-11T08:35,2033-02-11T08:50,2
Moscow,2033-02-11T08:50,2033-02-11T09:20,3
Saint Petersburg,2033-02-11T08:50,2033-02-11T09:20,3
Moscow,2033-02-11T09:20,2033-02-11T10:40,4
Saint Petersburg,2033-02-11T09:20,2033-02-11T10:40,4
Moscow,2033-02-11T10:40,2033-02-11T11:05,4
Saint Petersburg,2033-02-11T10:40,2033-02-11T11:05,4
Moscow,2033-02-11T11:05,2033-02-11T11:20,4
Saint Petersburg,2033-02-11T11:05,2033-02-11T11:20,4
Moscow,2033-02-11T11:20,2033-02-11T11:50,4
Saint Petersburg,2033-02-11T11:20,2033-02-11T11:50,4
Moscow,2033-02-11T11:50,2033-02-11T13:10,4
Saint Petersburg,2033-02-11T11:50,2033-02-11T13:10,4
Moscow,2033-02-11T13:10,2033-02-11T13:35,4
Saint Petersburg,2033-02-11T13:10,2033-02-11T13:35,4
Moscow,2033-02-11T13:35,2033-02-11T13:50,4
Saint Petersburg,2033-02-11T13:35,2033-02-11T13:50,4
Moscow,2033-02-11T13:50,2033-02-11T14:20,4
Saint Petersburg,2033-02-11T13:50,2033-02-11T14:20,4
Moscow,2033-02-11T14:20,2033-02-11T15:40,4
Saint Petersburg,2033-02-11T14:20,2033-02-11T15:40,4
Moscow,2033-02-11T15:40,2033-02-11T16:05,4
Saint Petersburg,2033-02-11T15:40,2033-02-11T16:05,3
Moscow,2033-02-11T16:05,2033-02-11T16:20,3
Saint Petersburg,2033-02-11T16:05,2033-02-11T16:20,2
Moscow,2033-02-11T16:20,2033-02-11T16:50,2
Saint Petersburg,2033-02-11T16:20,2033-02-11T16:50,1
Moscow,2033-02-11T16:50,2033-02-11T18:10,1
Saint Petersburg,2033-02-11T16:50,2033-02-11T19:20,1
Moscow,2033-02-13T08:35,2033-02-13T08:50,1
Moscow,2033-02-13T08:50,2033-02-13T09:20,2
Saint Petersburg,2033-02-13T08:50,2033-02-13T09:20,1
Moscow,2033-02-13T09:20,2033-02-13T09:35,3
Saint Petersburg,2033-02-13T09:20,2033-02-13T09:50,2
Moscow,2033-02-13T09:35,2033-02-13T11:05,4
Saint Petersburg,2033-02-13T09:50,2033-02-13T10:10,3
Saint Petersburg,2033-02-13T10:10,2033-02-13T11:20,4
Moscow,2033-02-13T11:05,2033-02-13T11:20,4
Moscow,2033-02-13T11:20,2033-02-13T11:50,4
Saint Petersburg,2033-02-13T11:20,2033-02-13T11:50,4
Moscow,2033-02-13T11:50,2033-02-13T12:05,4
Saint Petersburg,2033-02-13T11:50,2033-02-13T12:20,4
Moscow,2033-02-13T12:05,2033-02-13T13:35,4
Saint Petersburg,2033-02-13T12:20,2033-02-13T12:40,4
Saint Petersburg,2033-02-13T12:40,2033-02-13T13:50,4
Moscow,2033-02-13T13:35,2033-02-13T13:50,4
Moscow,2033-02-13T13:50,2033-02-13T14:20,4
Saint Petersburg,2033-02-13T13:50,2033-02-13T14:10,3
Saint Petersburg,2033-02-13T14:10,2033-02-13T14:20,4
Moscow,2033-02-13T14:20,2033-02-13T14:35,4
Saint Petersburg,2033-02-13T14:20,2033-02-13T14:50,4
Moscow,2033-02-13T14:35,2033-02-13T16:05,4
Saint Petersburg,2033-02-13T14:50,2033-02-13T15:10,4
Saint Petersburg,2033-02-13T15:10,2033-02-13T16:40,4
Moscow,2033-02-13T16:05,2033-02-13T16:20,4
Moscow,2033-02-13T16:20,2033-02-13T16:50,4
Saint Petersburg,2033-02-13T16:40,2033-02-13T16:50,4
Moscow,2033-02-13T16:50,2033-02-13T17:05,4
Saint Petersburg,2033-02-13T16:50,2033-02-13T17:20,4
Moscow,2033-02-13T17:05,2033-02-13T18:35,4
Saint Petersburg,2033-02-13T17:20,2033-02-13T17:40,4
Saint Petersburg,2033-02-13T17:40,2033-02-13T19:10,4
Moscow,2033-02-13T18:35,2033-02-13T18:50,4
Moscow,2033-02-13T18:50,2033-02-13T19:20,4
Saint Petersburg,2033-02-13T19:10,2033-02-13T19:20,4
Moscow,2033-02-13T19:20,2033-02-13T19:35,4
Saint Petersburg,2033-02-13T19:20,2033-02-13T19:50,4
Moscow,2033-02-13T19:35,2033-02-13T21:05,4
Saint Petersburg,2033-02-13T19:50,2033-02-13T20:10,4
Saint Petersburg,2033-02-13T20:10,2033-02-13T21:40,3
Moscow,2033-02-13T21:05,2033-02-13T21:20,3
Moscow,2033-02-13T21:20,2033-02-13T21:50,2
Saint Petersburg,2033-02-13T21:40,2033-02-13T21:50,2
Moscow,2033-02-13T21:50,2033-02-13T22:05,1
Saint Petersburg,2033-02-13T21:50,2033-02-13T22:20,1
Moscow,2033-02-15T11:50,2033-02-15T12:10,1
Moscow,2033-02-15T12:10,2033-02-15T12:35,2
Moscow,2033-02-15T12:35,2033-02-15T12:50,3
Saint Petersburg,2033-02-15T12:35,2033-02-15T12:50,1
Moscow,2033-02-15T12:50,2033-02-15T14:20,4
Saint Petersburg,2033-02-15T12:50,2033-02-15T13:20,2
Saint Petersburg,2033-02-15T13:20,2033-02-15T13:50,3
Saint Petersburg,2033-02-15T13:50,2033-02-15T15:05,4
Moscow,2033-02-15T14:20,2033-02-15T14:40,4
Moscow,2033-02-15T14:40,2033-02-15T15:05,4
Moscow,2033-02-15T15:05,2033-02-15T15:20,4
Saint Petersburg,2033-02-15T15:05,2033-02-15T15:20,4
Moscow,2033-02-15T15:20,2033-02-15T16:50,4
Saint Petersburg,2033-02-15T15:20,2033-02-15T15:50,4
Saint Petersburg,2033-02-15T15:50,2033-02-15T16:20,4
Saint Petersburg,2033-02-15T16:20,2033-02-15T17:35,4
Moscow,2033-02-15T16:50,2033-02-15T17:10,4
Moscow,2033-02-15T17:10,2033-02-15T17:35,4
Moscow,2033-02-15T17:35,2033-02-15T17:50,4
Saint Petersburg,2033-02-15T17:35,2033-02-15T17:50,4
Moscow,2033-02-15T17:50,2033-02-15T19:20,4
Saint Petersburg,2033-02-15T17:50,2033-02-15T18:20,4
Saint Petersburg,2033-02-15T18:20,2033-02-15T18:50,4
Saint Petersburg,2033-02-15T18:50,2033-02-15T20:05,4
Moscow,2033-02-15T19:20,2033-02-15T19:40,4
Moscow,2033-02-15T19:40,2033-02-15T20:05,4
Moscow,2033-02-15T20:05,2033-02-15T20:20,4
Saint Petersburg,2033-02-15T20:05,2033-02-15T20:20,4
Moscow,2033-02-15T20:20,2033-02-15T21:50,4
Saint Petersburg,2033-02-15T20:20,2033-02-15T20:50,4
Saint Petersburg,2033-02-15T20:50,2033-02-15T21:20,4
Saint Petersburg,2033-02-15T21:20,2033-02-15T22:35,4
Moscow,2033-02-15T21:50,2033-02-15T22:10,4
Moscow,2033-02-15T22:10,2033-02-15T22:35,4
Moscow,2033-02-15T22:35,2033-02-15T22:50,4
Saint Petersburg,2033-02-15T22:35,2033-02-15T22:50,4
Moscow,2033-02-15T22:50,2033-02-16T00:20,4
Saint Petersburg,2033-02-15T22:50,2033-02-15T23:20,4
Saint Petersburg,2033-02-15T23:20,2033-02-15T23:50,4
Saint Petersburg,2033-02-15T23:50,2033-02-16T01:05,3
Moscow,2033-02-16T00:20,2033-02-16T00:40,3
Moscow,2033-02-16T00:40,2033-02-16T01:05,2
Moscow,2033-02-16T01:05,2033-02-16T01:20,1
Saint Petersburg,2033-02-16T01:05,2033-02-16T01:20,2
Saint Petersburg,2033-02-16T01:20,2033-02-16T01:50,1
Moscow,2033-02-17T15:20,2033-02-17T16:10,1
Moscow,2033-02-17T16:10,2033-02-17T16:50,2
Saint Petersburg,2033-02-17T16:10,2033-02-17T16:50,1
Moscow,2033-02-17T16:50,2033-02-17T17:20,3
Saint Petersburg,2033-02-17T16:50,2033-02-17T17:20,2
Moscow,2033-02-17T17:20,2033-02-17T17:50,4
Saint Petersburg,2033-02-17T17:20,2033-02-17T18:10,3
Moscow,2033-02-17T17:50,2033-02-17T18:10,3
Moscow,2033-02-17T18:10,2033-02-17T18:40,4
Saint Petersburg,2033-02-17T18:10,2033-02-17T18:40,4
Moscow,2033-02-17T18:40,2033-02-17T18:50,3
Saint Petersburg,2033-02-17T18:40,2033-02-17T18:50,3
Moscow,2033-02-17T18:50,2033-02-17T19:20,4
Saint Petersburg,2033-02-17T18:50,2033-02-17T19:20,4
Moscow,2033-02-17T19:20,2033-02-17T19:50,4
Saint Petersburg,2033-02-17T19:20,2033-02-17T19:50,3
Moscow,2033-02-17T19:50,2033-02-17T20:40,4
Saint Petersburg,2033-02-17T19:50,2033-02-17T20:10,3
Saint Petersburg,2033-02-17T20:10,2033-02-17T20:40,4
Moscow,2033-02-17T20:40,2033-02-17T21:20,4
Saint Petersburg,2033-02-17T20:40,2033-02-17T21:20,4
Moscow,2033-02-17T21:20,2033-02-17T21:50,4
Saint Petersburg,2033-02-17T21:20,2033-02-17T22:20,4
Moscow,2033-02-17T21:50,2033-02-17T22:20,4
Moscow,2033-02-17T22:20,2033-02-17T23:10,4
Saint Petersburg,2033-02-17T22:20,2033-02-17T22:40,4
Saint Petersburg,2033-02-17T22:40,2033-02-17T23:10,4
Moscow,2033-02-17T23:10,2033-02-17T23:50,4
Saint Petersburg,2033-02-17T23:10,2033-02-17T23:50,4
Moscow,2033-02-17T23:50,2033-02-18T00:20,4
Saint Petersburg,2033-02-17T23:50,2033-02-18T00:50,4
Moscow,2033-02-18T00:20,2033-02-18T00:50,4
Moscow,2033-02-18T00:50,2033-02-18T01:40,4
Saint Petersburg,2033-02-18T00:50,2033-02-18T01:10,4
Saint Petersburg,2033-02-18T01:10,2033-02-18T01:40,4
Moscow,2033-02-18T01:40,2033-02-18T02:20,4
Saint Petersburg,2033-02-18T01:40,2033-02-18T01:50,3
Saint Petersburg,2033-02-18T01:50,2033-02-18T02:20,4
Moscow,2033-02-18T02:20,2033-02-18T02:50,4
Saint Petersburg,2033-02-18T02:20,2033-02-18T03:20,4
Moscow,2033-02-18T02:50,2033-02-18T03:20,3
Moscow,2033-02-18T03:20,2033-02-18T04:10,2
Saint Petersburg,2033-02-18T03:20,2033-02-18T03:40,3
Saint Petersburg,2033-02-18T03:40,2033-02-18T04:20,2
Moscow,2033-02-18T04:10,2033-02-18T04:50,1
Saint Petersburg,2033-02-18T04:20,2033-02-18T04:50,1
Moscow,2033-02-18T08:10,2033-02-18T08:35,1
Saint Petersburg,2033-02-18T08:10,2033-02-18T08:35,1
Moscow,2033-02-18T08:35,2033-02-18T10:40,2
Saint Petersburg,2033-02-18T08:35,2033-02-18T10:40,2
Moscow,2033-02-18T10:40,2033-02-18T11:05,1
Saint Petersburg,2033-02-18T10:40,2033-02-18T11:05,1
Moscow,2033-02-19T20:10,2033-02-19T20:35,1
Moscow,2033-02-19T20:35,2033-02-19T20:50,2
Moscow,2033-02-19T20:50,2033-02-19T21:20,3
Saint Petersburg,2033-02-19T20:50,2033-02-19T21:20,1
Moscow,2033-02-19T21:20,2033-02-19T22:40,4
Saint Petersburg,2033-02-19T21:20,2033-02-19T21:50,2
Saint Petersburg,2033-02-19T21:50,2033-02-19T22:10,3
Saint Petersburg,2033-02-19T22:10,2033-02-19T23:20,4
Moscow,2033-02-19T22:40,2033-02-19T23:05,4
Moscow,2033-02-19T23:05,2033-02-19T23:20,4
Moscow,2033-02-19T23:20,2033-02-19T23:50,4
Saint Petersburg,2033-02-19T23:20,2033-02-19T23:50,4
Moscow,2033-02-19T23:50,2033-02-20T01:10,4
Saint Petersburg,2033-02-19T23:50,2033-02-20T00:20,4
Saint Petersburg,2033-02-20T00:20,2033-02-20T00:40,4
Saint Petersburg,2033-02-20T00:40,2033-02-20T01:50,4
Moscow,2033-02-20T01:10,2033-02-20T01:35,4
Moscow,2033-02-20T01:35,2033-02-20T01:50,4
Moscow,2033-02-20T01:50,2033-02-20T02:20,3
Saint Petersburg,2033-02-20T01:50,2033-02-20T02:20,4
Moscow,2033-02-20T02:20,2033-02-20T03:40,2
Saint Petersburg,2033-02-20T02:20,2033-02-20T02:50,3
Saint Petersburg,2033-02-20T02:50,2033-02-20T03:10,2
Saint Petersburg,2033-02-20T03:10,2033-02-20T04:20,1
Moscow,2033-02-20T03:40,2033-02-20T04:05,1
Moscow,2033-02-20T08:10,2033-02-20T08:35,1
Moscow,2033-02-20T08:35,2033-02-20T08:50,2
Saint Petersburg,2033-02-20T08:35,2033-02-20T08:50,1
Moscow,2033-02-20T08:50,2033-02-20T09:20,3
Saint Petersburg,2033-02-20T08:50,2033-02-20T09:20,2
Moscow,2033-02-20T09:20,2033-02-20T10:40,4
Saint Petersburg,2033-02-20T09:20,2033-02-20T10:10,3
Saint Petersburg,2033-02-20T10:10,2033-02-20T11:05,4
Moscow,2033-02-20T10:40,2033-02-20T11:05,4
Moscow,2033-02-20T11:05,2033-02-20T11:20,4
Saint Petersburg,2033-02-20T11:05,2033-02-20T11:20,4
Moscow,2033-02-20T11:20,2033-02-20T11:50,4
Saint Petersburg,2033-02-20T11:20,2033-02-20T11:50,4
Moscow,2033-02-20T11:50,2033-02-20T13:10,4
Saint Petersburg,2033-02-20T11:50,2033-02-20T12:40,4
Saint Petersburg,2033-02-20T12:40,2033-02-20T13:35,4
Moscow,2033-02-20T13:10,2033-02-20T13:35,4
Moscow,2033-02-20T13:35,2033-02-20T13:50,4
Saint Petersburg,2033-02-20T13:35,2033-02-20T13:50,4
Moscow,2033-02-20T13:50,2033-02-20T14:20,3
Saint Petersburg,2033-02-20T13:50,2033-02-20T14:20,3
Moscow,2033-02-20T14:20,2033-02-20T15:40,2
Saint Petersburg,2033-02-20T14:20,2033-02-20T15:10,2
Saint Petersburg,2033-02-20T15:10,2033-02-20T16:05,1
Moscow,2033-02-20T15:40,2033-02-20T16:05,1
Saint Petersburg,2033-02-20T16:10,2033-02-20T18:40,1
Moscow,2033-02-21T23:50,2033-02-22T00:10,1
Moscow,2033-02-22T00:10,2033-02-22T02:20,2
Saint Petersburg,2033-02-22T00:10,2033-02-22T02:40,1
Moscow,2033-02-22T02:20,2033-02-22T02:40,1
Moscow,2033-02-22T08:10,2033-02-22T08:35,1
Saint Petersburg,2033-02-22T08:10,2033-02-22T08:35,1
Moscow,2033-02-22T08:35,2033-02-22T08:50,2
Saint Petersburg,2033-02-22T08:35,2033-02-22T09:50,2
Moscow,2033-02-22T08:50,2033-02-22T09:20,3
Moscow,2033-02-22T09:20,2033-02-22T10:40,4
Saint Petersburg,2033-02-22T09:50,2033-02-22T10:10,3
Saint Petersburg,2033-02-22T10:10,2033-02-22T10:40,4
Moscow,2033-02-22T10:40,2033-02-22T11:05,4
Saint Petersburg,2033-02-22T10:40,2033-02-22T10:50,3
Saint Petersburg,2033-02-22T10:50,2033-02-22T11:05,4
Moscow,2033-02-22T11:05,2033-02-22T11:20,4
Saint Petersburg,2033-02-22T11:05,2033-02-22T11:20,3
Moscow,2033-02-22T11:20,2033-02-22T11:50,4
Saint Petersburg,2033-02-22T11:20,2033-02-22T12:20,4
Moscow,2033-02-22T11:50,2033-02-22T13:10,4
Saint Petersburg,2033-02-22T12:20,2033-02-22T12:40,4
Saint Petersburg,2033-02-22T12:40,2033-02-22T13:20,4
Moscow,2033-02-22T13:10,2033-02-22T13:35,4
Saint Petersburg,2033-02-22T13:20,2033-02-22T13:50,4
Moscow,2033-02-22T13:35,2033-02-22T13:50,4
Moscow,2033-02-22T13:50,2033-02-22T14:20,4
Saint Petersburg,2033-02-22T13:50,2033-02-22T14:50,4
Moscow,2033-02-22T14:20,2033-02-22T15:40,4
Saint Petersburg,2033-02-22T14:50,2033-02-22T15:10,4
Saint Petersburg,2033-02-22T15:10,2033-02-22T15:50,4
Moscow,2033-02-22T15:40,2033-02-22T16:05,4
Saint Petersburg,2033-02-22T15:50,2033-02-22T16:20,4
Moscow,2033-02-22T16:05,2033-02-22T16:20,4
Moscow,2033-02-22T16:20,2033-02-22T16:50,4
Saint Petersburg,2033-02-22T16:20,2033-02-22T17:20,4
Moscow,2033-02-22T16:50,2033-02-22T18:10,4
Saint Petersburg,2033-02-22T17:20,2033-02-22T17:40,4
Saint Petersburg,2033-02-22T17:40,2033-02-22T18:20,4
Moscow,2033-02-22T18:10,2033-02-22T18:35,4
Saint Petersburg,2033-02-22T18:20,2033-02-22T18:50,4
Moscow,2033-02-22T18:35,2033-02-22T18:50,4
Moscow,2033-02-22T18:50,2033-02-22T19:20,3
Saint Petersburg,2033-02-22T18:50,2033-02-22T19:50,4
Moscow,2033-02-22T19:20,2033-02-22T20:40,2
Saint Petersburg,2033-02-22T19:50,2033-02-22T20:10,3
Saint Petersburg,2033-02-22T20:10,2033-02-22T20:50,2
Moscow,2033-02-22T20:40,2033-02-22T21:05,1
Saint Petersburg,2033-02-22T20:50,2033-02-22T21:20,1
Moscow,2033-02-24T10:10,2033-02-24T10:50,1
Moscow,2033-02-24T10:50,2033-02-24T11:20,2
Moscow,2033-02-24T11:20,2033-02-24T11:50,3
Saint Petersburg,2033-02-24T11:20,2033-02-24T11:50,1
Moscow,2033-02-24T11:50,2033-02-24T12:40,4
Saint Petersburg,2033-02-24T11:50,2033-02-24T12:10,2
Saint Petersburg,2033-02-24T12:10,2033-02-24T12:35,3
Saint Petersburg,2033-02-24T12:35,2033-02-24T13:50,4
Moscow,2033-02-24T12:40,2033-02-24T13:20,4
Moscow,2033-02-24T13:20,2033-02-24T13:50,4
Moscow,2033-02-24T13:50,2033-02-24T14:20,4
Saint Petersburg,2033-02-24T13:50,2033-02-24T14:20,4
Moscow,2033-02-24T14:20,2033-02-24T15:10,4
Saint Petersburg,2033-02-24T14:20,2033-02-24T14:40,4
Saint Petersburg,2033-02-24T14:40,2033-02-24T15:05,4
Saint Petersburg,2033-02-24T15:05,2033-02-24T16:20,4
Moscow,2033-02-24T15:10,2033-02-24T15:50,4
Moscow,2033-02-24T15:50,2033-02-24T16:20,4
Moscow,2033-02-24T16:20,2033-02-24T16:50,4
Saint Petersburg,2033-02-24T16:20,2033-02-24T16:50,4
Moscow,2033-02-24T16:50,2033-02-24T17:40,4
Saint Petersburg,2033-02-24T16:50,2033-02-24T17:10,4
Saint Petersburg,2033-02-24T17:10,2033-02-24T17:35,4
Saint Petersburg,2033-02-24T17:35,2033-02-24T18:50,4
Moscow,2033-02-24T17:40,2033-02-24T18:20,4
Moscow,2033-02-24T18:20,2033-02-24T18:50,4
Moscow,2033-02-24T18:50,2033-02-24T19:20,4
Saint Petersburg,2033-02-24T18:50,2033-02-24T19:20,4
Moscow,2033-02-24T19:20,2033-02-24T20:10,4
Saint Petersburg,2033-02-24T19:20,2033-02-24T19:40,4
Saint Petersburg,2033-02-24T19:40,2033-02-24T20:05,4
Saint Petersburg,2033-02-24T20:05,2033-02-24T21:20,4
Moscow,2033-02-24T20:10,2033-02-24T20:50,4
Moscow,2033-02-24T20:50,2033-02-24T21:20,4
Moscow,2033-02-24T21:20,2033-02-24T21:50,4
Saint Petersburg,2033-02-24T21:20,2033-02-24T21:50,4
Moscow,2033-02-24T21:50,2033-02-24T22:40,4
Saint Petersburg,2033-02-24T21:50,2033-02-24T22:10,4
Saint Petersburg,2033-02-24T22:10,2033-02-24T22:35,4
Saint Petersburg,2033-02-24T22:35,2033-02-24T23:50,3
Moscow,2033-02-24T22:40,2033-02-24T23:20,3
Moscow,2033-02-24T23:20,2033-02-24T23:50,2
Moscow,2033-02-24T23:50,2033-02-25T00:20,1
Saint Petersburg,2033-02-24T23:50,2033-02-25T00:20,2
Saint Petersburg,2033-02-25T00:20,2033-02-25T00:40,1
Moscow,2033-02-26T13:50,2033-02-26T14:10,1
Moscow,2033-02-26T14:10,2033-02-26T14:50,2
Moscow,2033-02-26T14:50,2033-02-26T15:20,3
Saint Petersburg,2033-02-26T14:50,2033-02-26T15:50,1
Moscow,2033-02-26T15:20,2033-02-26T16:20,4
Saint Petersburg,2033-02-26T15:50,2033-02-26T16:10,2
Saint Petersburg,2033-02-26T16:10,2033-02-26T16:50,3
Moscow,2033-02-26T16:20,2033-02-26T16:40,4
Moscow,2033-02-26T16:40,2033-02-26T16:50,3
Moscow,2033-02-26T16:50,2033-02-26T17:20,4
Saint Petersburg,2033-02-26T16:50,2033-02-26T17:20,4
Moscow,2033-02-26T17:20,2033-02-26T17:50,4
Saint Petersburg,2033-02-26T17:20,2033-02-26T18:20,4
Moscow,2033-02-26T17:50,2033-02-26T18:10,3
Moscow,2033-02-26T18:10,2033-02-26T18:50,4
Saint Petersburg,2033-02-26T18:20,2033-02-26T18:40,4
Saint Petersburg,2033-02-26T18:40,2033-02-26T18:50,3
Moscow,2033-02-26T18:50,2033-02-26T19:20,4
Saint Petersburg,2033-02-26T18:50,2033-02-26T19:20,4
Moscow,2033-02-26T19:20,2033-02-26T19:50,4
Saint Petersburg,2033-02-26T19:20,2033-02-26T19:50,3
Moscow,2033-02-26T19:50,2033-02-26T20:40,4
Saint Petersburg,2033-02-26T19:50,2033-02-26T20:10,3
Saint Petersburg,2033-02-26T20:10,2033-02-26T20:50,4
Moscow,2033-02-26T20:40,2033-02-26T21:20,4
Saint Petersburg,2033-02-26T20:50,2033-02-26T21:20,4
Moscow,2033-02-26T21:20,2033-02-26T21:50,4
Saint Petersburg,2033-02-26T21:20,2033-02-26T22:20,4
Moscow,2033-02-26T21:50,2033-02-26T22:20,4
Moscow,2033-02-26T22:20,2033-02-26T23:10,4
Saint Petersburg,2033-02-26T22:20,2033-02-26T22:40,4
Saint Petersburg,2033-02-26T22:40,2033-02-26T23:20,4
Moscow,2033-02-26T23:10,2033-02-26T23:50,4
Saint Petersburg,2033-02-26T23:20,2033-02-26T23:50,4
Moscow,2033-02-26T23:50,2033-02-27T00:20,4
Saint Petersburg,2033-02-26T23:50,2033-02-27T00:10,3
Saint Petersburg,2033-02-27T00:10,2033-02-27T00:50,4
Moscow,2033-02-27T00:20,2033-02-27T00:50,4
Moscow,2033-02-27T00:50,2033-02-27T01:40,4
Saint Petersburg,2033-02-27T00:50,2033-02-27T01:10,4
Saint Petersburg,2033-02-27T01:10,2033-02-27T01:20,3
Saint Petersburg,2033-02-27T01:20,2033-02-27T01:50,4
Moscow,2033-02-27T01:40,2033-02-27T02:20,4
Saint Petersburg,2033-02-27T01:50,2033-02-27T02:40,4
Moscow,2033-02-27T02:20,2033-02-27T02:50,3
Saint Petersburg,2033-02-27T02:40,2033-02-27T03:20,4
Moscow,2033-02-27T02:50,2033-02-27T03:20,2
Moscow,2033-02-27T03:20,2033-02-27T04:10,1
Saint Petersburg,2033-02-27T03:20,2033-02-27T03:50,3
Saint Petersburg,2033-02-27T03:50,2033-02-27T04:20,2
Saint Petersburg,2033-02-27T04:20,2033-02-27T05:10,1
Moscow,2033-02-28T18:50,2033-02-28T19:20,1
Moscow,2033-02-28T19:20,2033-02-28T19:50,2
Moscow,2033-02-28T19:50,2033-02-28T20:10,3
Saint Petersburg,2033-02-28T19:50,2033-02-28T20:10,1
Moscow,2033-02-28T20:10,2033-02-28T21:20,4
Saint Petersburg,2033-02-28T20:10,2033-02-28T20:35,2
Saint Petersburg,2033-02-28T20:35,2033-02-28T21:20,3
Moscow,2033-02-28T21:20,2033-02-28T21:50,4
Saint Petersburg,2033-02-28T21:20,2033-02-28T22:20,4
Moscow,2033-02-28T21:50,2033-02-28T22:20,4
Moscow,2033-02-28T22:20,2033-02-28T22:40,4
Saint Petersburg,2033-02-28T22:20,2033-02-28T22:40,4
Moscow,2033-02-28T22:40,2033-02-28T23:50,4
Saint Petersburg,2033-02-28T22:40,2033-02-28T23:05,4
Saint Petersburg,2033-02-28T23:05,2033-02-28T23:50,4
Moscow,2033-02-28T23:50,2033-03-01T00:20,4
Saint Petersburg,2033-02-28T23:50,2033-03-01T00:50,4
Moscow,2033-03-01T00:20,2033-03-01T00:50,4
Moscow,2033-03-01T00:50,2033-03-01T01:10,4
Saint Petersburg,2033-03-01T00:50,2033-03-01T01:10,4
Moscow,2033-03-01T01:10,2033-03-01T02:20,4
Saint Petersburg,2033-03-01T01:10,2033-03-01T01:35,4
Saint Petersburg,2033-03-01T01:35,2033-03-01T02:20,4
Moscow,2033-03-01T02:20,2033-03-01T02:50,4
Saint Petersburg,2033-03-01T02:20,2033-03-01T03:20,4
Moscow,2033-03-01T02:50,2033-03-01T03:20,3
Moscow,2033-03-01T03:20,2033-03-01T03:40,2
Saint Petersburg,2033-03-01T03:20,2033-03-01T03:40,3
Moscow,2033-03-01T03:40,2033-03-01T04:50,1
Saint Petersburg,2033-03-01T03:40,2033-03-01T04:05,2
Saint Petersburg,2033-03-01T04:05,2033-03-01T04:50,1
Moscow,2033-03-01T08:10,2033-03-01T08:35,1
Saint Petersburg,2033-03-01T08:10,2033-03-01T08:35,1
Moscow,2033-03-01T08:35,2033-03-01T08:50,2
Saint Petersburg,2033-03-01T08:35,2033-03-01T08:50,2
Moscow,2033-03-01T08:50,2033-03-01T09:20,3
Saint Petersburg,2033-03-01T08:50,2033-03-01T09:20,3
Moscow,2033-03-01T09:20,2033-03-01T10:40,4
Saint Petersburg,2033-03-01T09:20,2033-03-01T10:40,4
Moscow,2033-03-01T10:40,2033-03-01T11:05,4
Saint Petersburg,2033-03-01T10:40,2033-03-01T11:05,4
Moscow,2033-03-01T11:05,2033-03-01T11:20,4
Saint Petersburg,2033-03-01T11:05,2033-03-01T11:20,4
Moscow,2033-03-01T11:20,2033-03-01T11:50,4
Saint Petersburg,2033-03-01T11:20,2033-03-01T11:50,4
Moscow,2033-03-01T11:50,2033-03-01T13:10,3
Saint Petersburg,2033-03-01T11:50,2033-03-01T13:10,3
Moscow,2033-03-01T13:10,2033-03-01T13:35,2
Saint Petersburg,2033-03-01T13:10,2033-03-01T13:35,2
Moscow,2033-03-01T13:35,2033-03-01T13:50,1
Saint Petersburg,2033-03-01T13:35,2033-03-01T13:50,1
Moscow,2033-03-02T22:10,2033-03-02T22:50,1
Moscow,2033-03-02T22:50,2033-03-02T23:20,2
Saint Petersburg,2033-03-02T22:50,2033-03-02T23:20,1
Moscow,2033-03-02T23:20,2033-03-02T23:50,3
Saint Petersburg,2033-03-02T23:20,2033-03-02T23:50,2
Moscow,2033-03-02T23:50,2033-03-03T00:40,4
Saint Petersburg,2033-03-02T23:50,2033-03-03T00:10,3
Saint Petersburg,2033-03-03T00:10,2033-03-03T01:20,4
Moscow,2033-03-03T00:40,2033-03-03T01:20,4
Moscow,2033-03-03T01:20,2033-03-03T01:50,3
Saint Petersburg,2033-03-03T01:20,2033-03-03T01:50,3
Moscow,2033-03-03T01:50,2033-03-03T02:20,2
Saint Petersburg,2033-03-03T01:50,2033-03-03T02:20,2
Moscow,2033-03-03T02:20,2033-03-03T03:10,1
Saint Petersburg,2033-03-03T02:20,2033-03-03T02:40,1
Moscow,2033-03-03T08:10,2033-03-03T08:35,1
Saint Petersburg,2033-03-03T08:10,2033-03-03T08:35,1
Moscow,2033-03-03T08:35,2033-03-03T08:50,2
Saint Petersburg,2033-03-03T08:35,2033-03-03T08:50,2
Moscow,2033-03-03T08:50,2033-03-03T09:20,3
Saint Petersburg,2033-03-03T08:50,2033-03-03T09:20,3
Moscow,2033-03-03T09:20,2033-03-03T10:40,4
Saint Petersburg,2033-03-03T09:20,2033-03-03T10:40,4
Moscow,2033-03-03T10:40,2033-03-03T11:05,4
Saint Petersburg,2033-03-03T10:40,2033-03-03T11:05,4
Moscow,2033-03-03T11:05,2033-03-03T11:20,4
Saint Petersburg,2033-03-03T11:05,2033-03-03T11:20,3
Moscow,2033-03-03T11:20,2033-03-03T11:50,4
Saint Petersburg,2033-03-03T11:20,2033-03-03T11:50,3
Moscow,2033-03-03T11:50,2033-03-03T13:10,4
Saint Petersburg,2033-03-03T11:50,2033-03-03T12:50,3
Saint Petersburg,2033-03-03T12:50,2033-03-03T13:10,4
Moscow,2033-03-03T13:10,2033-03-03T13:35,4
Saint Petersburg,2033-03-03T13:10,2033-03-03T13:50,4
Moscow,2033-03-03T13:35,2033-03-03T13:50,4
Moscow,2033-03-03T13:50,2033-03-03T14:20,4
Saint Petersburg,2033-03-03T13:50,2033-03-03T14:20,4
Moscow,2033-03-03T14:20,2033-03-03T15:40,4
Saint Petersburg,2033-03-03T14:20,2033-03-03T15:20,4
Saint Petersburg,2033-03-03T15:20,2033-03-03T15:40,4
Moscow,2033-03-03T15:40,2033-03-03T16:05,4
Saint Petersburg,2033-03-03T15:40,2033-03-03T16:10,3
Moscow,2033-03-03T16:05,2033-03-03T16:20,4
Saint Petersburg,2033-03-03T16:10,2033-03-03T16:20,4
Moscow,2033-03-03T16:20,2033-03-03T16:50,4
Saint Petersburg,2033-03-03T16:20,2033-03-03T16:50,4
Moscow,2033-03-03T16:50,2033-03-03T18:10,3
Saint Petersburg,2033-03-03T16:50,2033-03-03T17:50,4
Saint Petersburg,2033-03-03T17:50,2033-03-03T18:40,3
Moscow,2033-03-03T18:10,2033-03-03T18:35,2
Moscow,2033-03-03T18:35,2033-03-03T18:50,1
Saint Petersburg,2033-03-03T18:40,2033-03-03T18:50,2
Saint Petersburg,2033-03-03T18:50,2033-03-03T19:20,1
Moscow,2033-03-05T09:20,2033-03-05T09:35,1
Moscow,2033-03-05T09:35,2033-03-05T09:50,2
Moscow,2033-03-05T09:50,2033-03-05T10:10,3
Saint Petersburg,2033-03-05T09:50,2033-03-05T10:10,1
Moscow,2033-03-05T10:10,2033-03-05T11:50,4
Saint Petersburg,2033-03-05T10:10,2033-03-05T10:50,2
Saint Petersburg,2033-03-05T10:50,2033-03-05T11:20,3
Saint Petersburg,2033-03-05T11:20,2033-03-05T12:20,4
Moscow,2033-03-05T11:50,2033-03-05T12:05,4
Moscow,2033-03-05T12:05,2033-03-05T12:20,4
Moscow,2033-03-05T12:20,2033-03-05T12:40,4
Saint Petersburg,2033-03-05T12:20,2033-03-05T12:40,4
Moscow,2033-03-05T12:40,2033-03-05T14:20,4
Saint Petersburg,2033-03-05T12:40,2033-03-05T13:20,4
Saint Petersburg,2033-03-05T13:20,2033-03-05T13:50,4
Saint Petersburg,2033-03-05T13:50,2033-03-05T14:50,4
Moscow,2033-03-05T14:20,2033-03-05T14:35,4
Moscow,2033-03-05T14:35,2033-03-05T14:50,4
Moscow,2033-03-05T14:50,2033-03-05T15:10,4
Saint Petersburg,2033-03-05T14:50,2033-03-05T15:10,4
Moscow,2033-03-05T15:10,2033-03-05T16:50,4
Saint Petersburg,2033-03-05T15:10,2033-03-05T15:50,4
Saint Petersburg,2033-03-05T15:50,2033-03-05T16:20,4
Saint Petersburg,2033-03-05T16:20,2033-03-05T17:20,4
Moscow,2033-03-05T16:50,2033-03-05T17:05,4
Moscow,2033-03-05T17:05,2033-03-05T17:20,4
Moscow,2033-03-05T17:20,2033-03-05T17:40,4
Saint Petersburg,2033-03-05T17:20,2033-03-05T17:40,4
Moscow,2033-03-05T17:40,2033-03-05T19:20,4
Saint Petersburg,2033-03-05T17:40,2033-03-05T18:20,4
Saint Petersburg,2033-03-05T18:20,2033-03-05T18:50,4
Saint Petersburg,2033-03-05T18:50,2033-03-05T19:50,4
Moscow,2033-03-05T19:20,2033-03-05T19:35,4
Moscow,2033-03-05T19:35,2033-03-05T19:50,4
Moscow,2033-03-05T19:50,2033-03-05T20:10,4
Saint Petersburg,2033-03-05T19:50,2033-03-05T20:10,4
Moscow,2033-03-05T20:10,2033-03-05T21:50,4
Saint Petersburg,2033-03-05T20:10,2033-03-05T20:50,4
Saint Petersburg,2033-03-05T20:50,2033-03-05T21:20,4
Saint Petersburg,2033-03-05T21:20,2033-03-05T22:20,3
Moscow,2033-03-05T21:50,2033-03-05T22:05,3
Moscow,2033-03-05T22:05,2033-03-05T22:20,2
Moscow,2033-03-05T22:20,2033-03-05T22:40,1
Saint Petersburg,2033-03-05T22:20,2033-03-05T22:40,2
Saint Petersburg,2033-03-05T22:40,2033-03-05T23:20,1
Moscow,2033-03-07T12:35,2033-03-07T12:50,1
Moscow,2033-03-07T12:50,2033-03-07T13:20,2
Moscow,2033-03-07T13:20,2033-03-07T13:50,3
Saint Petersburg,2033-03-07T13:20,2033-03-07T13:50,1
Moscow,2033-03-07T13:50,2033-03-07T15:05,4
Saint Petersburg,2033-03-07T13:50,2033-03-07T14:10,2
Saint Petersburg,2033-03-07T14:10,2033-03-07T14:50,3
Saint Petersburg,2033-03-07T14:50,2033-03-07T15:50,4
Moscow,2033-03-07T15:05,2033-03-07T15:20,4
Moscow,2033-03-07T15:20,2033-03-07T15:50,4
Moscow,2033-03-07T15:50,2033-03-07T16:20,4
Saint Petersburg,2033-03-07T15:50,2033-03-07T16:20,4
Moscow,2033-03-07T16:20,2033-03-07T17:35,4
Saint Petersburg,2033-03-07T16:20,2033-03-07T16:40,4
Saint Petersburg,2033-03-07T16:40,2033-03-07T17:20,4
Saint Petersburg,2033-03-07T17:20,2033-03-07T18:20,4
Moscow,2033-03-07T17:35,2033-03-07T17:50,4
Moscow,2033-03-07T17:50,2033-03-07T18:20,4
Moscow,2033-03-07T18:20,2033-03-07T18:50,4
Saint Petersburg,2033-03-07T18:20,2033-03-07T18:50,4
Moscow,2033-03-07T18:50,2033-03-07T20:05,4
Saint Petersburg,2033-03-07T18:50,2033-03-07T19:10,4
Saint Petersburg,2033-03-07T19:10,2033-03-07T19:50,4
Saint Petersburg,2033-03-07T19:50,2033-03-07T20:50,4
Moscow,2033-03-07T20:05,2033-03-07T20:20,4
Moscow,2033-03-07T20:20,2033-03-07T20:50,4
Moscow,2033-03-07T20:50,2033-03-07T21:20,4
Saint Petersburg,2033-03-07T20:50,2033-03-07T21:20,4
Moscow,2033-03-07T21:20,2033-03-07T22:35,4
Saint Petersburg,2033-03-07T21:20,2033-03-07T21:40,4
Saint Petersburg,2033-03-07T21:40,2033-03-07T22:20,4
Saint Petersburg,2033-03-07T22:20,2033-03-07T23:20,4
Moscow,2033-03-07T22:35,2033-03-07T22:50,4
Moscow,2033-03-07T22:50,2033-03-07T23:20,4
Moscow,2033-03-07T23:20,2033-03-07T23:50,4
Saint Petersburg,2033-03-07T23:20,2033-03-07T23:50,4
Moscow,2033-03-07T23:50,2033-03-08T01:05,4
Saint Petersburg,2033-03-07T23:50,2033-03-08T00:10,4
Saint Petersburg,2033-03-08T00:10,2033-03-08T00:50,4
Saint Petersburg,2033-03-08T00:50,2033-03-08T01:50,3
Moscow,2033-03-08T01:05,2033-03-08T01:20,3
Moscow,2033-03-08T01:20,2033-03-08T01:50,2
Moscow,2033-03-08T01:50,2033-03-08T02:20,1
Saint Petersburg,2033-03-08T01:50,2033-03-08T02:20,2
Saint Petersburg,2033-03-08T02:20,2033-03-08T02:40,1
Moscow,2033-03-09T16:50,2033-03-09T17:20,1
Moscow,2033-03-09T17:20,2033-03-09T18:10,2
Moscow,2033-03-09T18:10,2033-03-09T18:50,3
Saint Petersburg,2033-03-09T18:10,2033-03-09T18:50,1
Moscow,2033-03-09T18:50,2033-03-09T19:20,4
Saint Petersburg,2033-03-09T18:50,2033-03-09T19:50,2
Moscow,2033-03-09T19:20,2033-03-09T19:50,4
Moscow,2033-03-09T19:50,2033-03-09T20:40,4
Saint Petersburg,2033-03-09T19:50,2033-03-09T20:10,3
Saint Petersburg,2033-03-09T20:10,2033-03-09T20:40,4
Moscow,2033-03-09T20:40,2033-03-09T21:20,4
Saint Petersburg,2033-03-09T20:40,2033-03-09T21:20,4
Moscow,2033-03-09T21:20,2033-03-09T21:50,4
Saint Petersburg,2033-03-09T21:20,2033-03-09T22:20,4
Moscow,2033-03-09T21:50,2033-03-09T22:20,4
Moscow,2033-03-09T22:20,2033-03-09T23:10,4
Saint Petersburg,2033-03-09T22:20,2033-03-09T22:40,4
Saint Petersburg,2033-03-09T22:40,2033-03-09T23:10,4
Moscow,2033-03-09T23:10,2033-03-09T23:50,4
Saint Petersburg,2033-03-09T23:10,2033-03-09T23:50,4
Moscow,2033-03-09T23:50,2033-03-10T00:20,4
Saint Petersburg,2033-03-09T23:50,2033-03-10T00:50,4
Moscow,2033-03-10T00:20,2033-03-10T00:50,4
Moscow,2033-03-10T00:50,2033-03-10T01:40,4
Saint Petersburg,2033-03-10T00:50,2033-03-10T01:10,4
Saint Petersburg,2033-03-10T01:10,2033-03-10T01:40,4
Moscow,2033-03-10T01:40,2033-03-10T02:20,4
Saint Petersburg,2033-03-10T01:40,2033-03-10T02:20,4
Moscow,2033-03-10T02:20,2033-03-10T02:50,4
Saint Petersburg,2033-03-10T02:20,2033-03-10T03:20,4
Moscow,2033-03-10T02:50,2033-03-10T03:20,3
Moscow,2033-03-10T03:20,2033-03-10T04:10,2
Saint Petersburg,2033-03-10T03:20,2033-03-10T03:40,4
Saint Petersburg,2033-03-10T03:40,2033-03-10T04:10,3
Moscow,2033-03-10T04:10,2033-03-10T04:50,1
Saint Petersburg,2033-03-10T04:10,2033-03-10T04:50,2
Saint Petersburg,2033-03-10T04:50,2033-03-10T05:50,1
Moscow,2033-03-10T08:10,2033-03-10T08:35,1
Saint Petersburg,2033-03-10T08:10,2033-03-10T08:35,1
Moscow,2033-03-10T08:35,2033-03-10T08:50,2
Saint Petersburg,2033-03-10T08:35,2033-03-10T08:50,2
Moscow,2033-03-10T08:50,2033-03-10T09:20,3
Saint Petersburg,2033-03-10T08:50,2033-03-10T09:20,3
Moscow,2033-03-10T09:20,2033-03-10T10:40,4
Saint Petersburg,2033-03-10T09:20,2033-03-10T10:40,4
Moscow,2033-03-10T10:40,2033-03-10T11:05,3
Saint Petersburg,2033-03-10T10:40,2033-03-10T11:05,3
Moscow,2033-03-10T11:05,2033-03-10T11:20,2
Saint Petersburg,2033-03-10T11:05,2033-03-10T11:20,2
Moscow,2033-03-10T11:20,2033-03-10T11:50,1
Saint Petersburg,2033-03-10T11:20,2033-03-10T11:50,1
Moscow,2033-03-11T20:50,2033-03-11T21:20,1
Moscow,2033-03-11T21:20,2033-03-11T21:50,2
Moscow,2033-03-11T21:50,2033-03-11T22:10,3
Saint Petersburg,2033-03-11T21:50,2033-03-11T22:10,1
Moscow,2033-03-11T22:10,2033-03-11T23:20,4
Saint Petersburg,2033-03-11T22:10,2033-03-11T22:35,2
Saint Petersburg,2033-03-11T22:35,2033-03-11T22:50,3
Saint Petersburg,2033-03-11T22:50,2033-03-12T00:20,4
Moscow,2033-03-11T23:20,2033-03-11T23:50,4
Moscow,2033-03-11T23:50,2033-03-12T00:20,4
Moscow,2033-03-12T00:20,2033-03-12T00:40,4
Saint Petersburg,2033-03-12T00:20,2033-03-12T00:40,4
Moscow,2033-03-12T00:40,2033-03-12T01:50,3
Saint Petersburg,2033-03-12T00:40,2033-03-12T01:05,4
Saint Petersburg,2033-03-12T01:05,2033-03-12T01:20,4
Saint Petersburg,2033-03-12T01:20,2033-03-12T02:50,3
Moscow,2033-03-12T01:50,2033-03-12T02:20,2
Moscow,2033-03-12T02:20,2033-03-12T02:50,1
Saint Petersburg,2033-03-12T02:50,2033-03-12T03:10,2
Saint Petersburg,2033-03-12T03:10,2033-03-12T03:35,1
Moscow,2033-03-12T05:50,2033-03-12T08:10,1
Moscow,2033-03-12T08:10,2033-03-12T08:20,2
Saint Petersburg,2033-03-12T08:10,2033-03-12T08:35,1
Moscow,2033-03-12T08:20,2033-03-12T08:35,1
Moscow,2033-03-12T08:35,2033-03-12T08:50,2
Saint Petersburg,2033-03-12T08:35,2033-03-12T09:20,2
Moscow,2033-03-12T08:50,2033-03-12T09:20,3
Moscow,2033-03-12T09:20,2033-03-12T10:40,4
Saint Petersburg,2033-03-12T09:20,2033-03-12T09:50,3
Saint Petersburg,2033-03-12T09:50,2033-03-12T10:40,4
Moscow,2033-03-12T10:40,2033-03-12T11:05,4
Saint Petersburg,2033-03-12T10:40,2033-03-12T10:50,3
Saint Petersburg,2033-03-12T10:50,2033-03-12T11:05,4
Moscow,2033-03-12T11:05,2033-03-12T11:20,4
Saint Petersburg,2033-03-12T11:05,2033-03-12T11:50,4
Moscow,2033-03-12T11:20,2033-03-12T11:50,4
Moscow,2033-03-12T11:50,2033-03-12T13:10,4
Saint Petersburg,2033-03-12T11:50,2033-03-12T12:20,4
Saint Petersburg,2033-03-12T12:20,2033-03-12T13:20,4
Moscow,2033-03-12T13:10,2033-03-12T13:35,4
Saint Petersburg,2033-03-12T13:20,2033-03-12T13:35,4
Moscow,2033-03-12T13:35,2033-03-12T13:50,4
Saint Petersburg,2033-03-12T13:35,2033-03-12T14:20,4
Moscow,2033-03-12T13:50,2033-03-12T14:20,4
Moscow,2033-03-12T14:20,2033-03-12T15:40,4
Saint Petersburg,2033-03-12T14:20,2033-03-12T14:50,4
Saint Petersburg,2033-03-12T14:50,2033-03-12T15:50,4
Moscow,2033-03-12T15:40,2033-03-12T16:05,3
Saint Petersburg,2033-03-12T15:50,2033-03-12T16:05,3
Moscow,2033-03-12T16:05,2033-03-12T16:20,2
Saint Petersburg,2033-03-12T16:05,2033-03-12T16:50,2
Moscow,2033-03-12T16:20,2033-03-12T16:50,1
Saint Petersburg,2033-03-12T16:50,2033-03-12T17:20,1
Moscow,2033-03-14T08:10,2033-03-14T08:35,1
Moscow,2033-03-14T08:35,2033-03-14T08:50,2
Saint Petersburg,2033-03-14T08:35,2033-03-14T08:50,1
Moscow,2033-03-14T08:50,2033-03-14T09:20,3
Saint Petersburg,2033-03-14T08:50,2033-03-14T09:20,2
Moscow,2033-03-14T09:20,2033-03-14T10:40,4
Saint Petersburg,2033-03-14T09:20,2033-03-14T10:10,3
Saint Petersburg,2033-03-14T10:10,2033-03-14T11:05,4
Moscow,2033-03-14T10:40,2033-03-14T11:05,4
Moscow,2033-03-14T11:05,2033-03-14T11:20,4
Saint Petersburg,2033-03-14T11:05,2033-03-14T11:20,4
Moscow,2033-03-14T11:20,2033-03-14T11:50,4
Saint Petersburg,2033-03-14T11:20,2033-03-14T11:50,4
Moscow,2033-03-14T11:50,2033-03-14T13:10,4
Saint Petersburg,2033-03-14T11:50,2033-03-14T12:40,4
Saint Petersburg,2033-03-14T12:40,2033-03-14T13:35,4
Moscow,2033-03-14T13:10,2033-03-14T13:35,4
Moscow,2033-03-14T13:35,2033-03-14T13:50,4
Saint Petersburg,2033-03-14T13:35,2033-03-14T13:50,4
Moscow,2033-03-14T13:50,2033-03-14T14:20,4
Saint Petersburg,2033-03-14T13:50,2033-03-14T14:20,4
Moscow,2033-03-14T14:20,2033-03-14T15:40,4
Saint Petersburg,2033-03-14T14:20,2033-03-14T15:10,4
Saint Petersburg,2033-03-14T15:10,2033-03-14T16:05,4
Moscow,2033-03-14T15:40,2033-03-14T16:05,4
Moscow,2033-03-14T16:05,2033-03-14T16:20,4
Saint Petersburg,2033-03-14T16:05,2033-03-14T16:20,4
Moscow,2033-03-14T16:20,2033-03-14T16:50,4
Saint Petersburg,2033-03-14T16:20,2033-03-14T16:50,4
Moscow,2033-03-14T16:50,2033-03-14T18:10,4
Saint Petersburg,2033-03-14T16:50,2033-03-14T17:40,4
Saint Petersburg,2033-03-14T17:40,2033-03-14T18:35,4
Moscow,2033-03-14T18:10,2033-03-14T18:35,4
Moscow,2033-03-14T18:35,2033-03-14T18:50,4
Saint Petersburg,2033-03-14T18:35,2033-03-14T18:50,4
Moscow,2033-03-14T18:50,2033-03-14T19:20,4
Saint Petersburg,2033-03-14T18:50,2033-03-14T19:20,4
Moscow,2033-03-14T19:20,2033-03-14T20:40,4
Saint Petersburg,2033-03-14T19:20,2033-03-14T20:10,3
Saint Petersburg,2033-03-14T20:10,2033-03-14T21:05,2
Moscow,2033-03-14T20:40,2033-03-14T21:05,3
Moscow,2033-03-14T21:05,2033-03-14T21:20,2
Saint Petersburg,2033-03-14T21:05,2033-03-14T21:20,1
Moscow,2033-03-14T21:20,2033-03-14T21:50,1
Saint Petersburg,2033-03-15T01:50,2033-03-15T04:20,1
Moscow,2033-03-16T11:20,2033-03-16T11:50,1
Moscow,2033-03-16T11:50,2033-03-16T12:10,2
Moscow,2033-03-16T12:10,2033-03-16T12:35,3
Saint Petersburg,2033-03-16T12:10,2033-03-16T12:35,1
Moscow,2033-03-16T12:35,2033-03-16T13:50,4
Saint Petersburg,2033-03-16T12:35,2033-03-16T12:50,2
Saint Petersburg,2033-03-16T12:50,2033-03-16T13:20,3
Saint Petersburg,2033-03-16T13:20,2033-03-16T14:40,4
Moscow,2033-03-16T13:50,2033-03-16T14:20,4
Moscow,2033-03-16T14:20,2033-03-16T14:40,4
Moscow,2033-03-16T14:40,2033-03-16T15:05,4
Saint Petersburg,2033-03-16T14:40,2033-03-16T15:05,4
Moscow,2033-03-16T15:05,2033-03-16T16:20,4
Saint Petersburg,2033-03-16T15:05,2033-03-16T15:20,4
Saint Petersburg,2033-03-16T15:20,2033-03-16T15:50,4
Saint Petersburg,2033-03-16T15:50,2033-03-16T17:10,4
Moscow,2033-03-16T16:20,2033-03-16T16:50,4
Moscow,2033-03-16T16:50,2033-03-16T17:10,4
Moscow,2033-03-16T17:10,2033-03-16T17:35,4
Saint Petersburg,2033-03-16T17:10,2033-03-16T17:35,4
Moscow,2033-03-16T17:35,2033-03-16T18:50,4
Saint Petersburg,2033-03-16T17:35,2033-03-16T17:50,4
Saint Petersburg,2033-03-16T17:50,2033-03-16T18:20,4
Saint Petersburg,2033-03-16T18:20,2033-03-16T19:40,4
Moscow,2033-03-16T18:50,2033-03-16T19:20,4
Moscow,2033-03-16T19:20,2033-03-16T19:40,4
Moscow,2033-03-16T19:40,2033-03-16T20:05,4
Saint Petersburg,2033-03-16T19:40,2033-03-16T19:50,3
Saint Petersburg,2033-03-16T19:50,2033-03-16T20:05,4
Moscow,2033-03-16T20:05,2033-03-16T21:20,4
Saint Petersburg,2033-03-16T20:05,2033-03-16T20:10,3
Saint Petersburg,2033-03-16T20:10,2033-03-16T20:20,4
Saint Petersburg,2033-03-16T20:20,2033-03-16T20:50,3
Saint Petersburg,2033-03-16T20:50,2033-03-16T21:20,3
Moscow,2033-03-16T21:20,2033-03-16T21:50,4
Saint Petersburg,2033-03-16T21:20,2033-03-16T22:20,4
Moscow,2033-03-16T21:50,2033-03-16T22:10,4
Moscow,2033-03-16T22:10,2033-03-16T22:35,4
Saint Petersburg,2033-03-16T22:20,2033-03-16T22:40,4
Moscow,2033-03-16T22:35,2033-03-16T23:50,4
Saint Petersburg,2033-03-16T22:40,2033-03-16T23:20,4
Saint Petersburg,2033-03-16T23:20,2033-03-16T23:50,4
Moscow,2033-03-16T23:50,2033-03-17T00:20,3
Saint Petersburg,2033-03-16T23:50,2033-03-17T00:50,3
Moscow,2033-03-17T00:20,2033-03-17T00:40,2
Moscow,2033-03-17T00:40,2033-03-17T01:05,1
Saint Petersburg,2033-03-17T00:50,2033-03-17T01:10,2
Saint Petersburg,2033-03-17T01:10,2033-03-17T01:50,1
Moscow,2033-03-18T14:50,2033-03-18T15:20,1
Moscow,2033-03-18T15:20,2033-03-18T16:10,2
Saint Petersburg,2033-03-18T15:50,2033-03-18T16:10,1
Moscow,2033-03-18T16:10,2033-03-18T16:50,3
Saint Petersburg,2033-03-18T16:10,2033-03-18T17:20,2
Moscow,2033-03-18T16:50,2033-03-18T17:20,4
Moscow,2033-03-18T17:20,2033-03-18T17:50,4
Saint Petersburg,2033-03-18T17:20,2033-03-18T18:10,3
Moscow,2033-03-18T17:50,2033-03-18T18:10,3
Moscow,2033-03-18T18:10,2033-03-18T18:40,4
Saint Petersburg,2033-03-18T18:10,2033-03-18T18:20,4
Saint Petersburg,2033-03-18T18:20,2033-03-18T18:40,3
Moscow,2033-03-18T18:40,2033-03-18T18:50,3
Saint Petersburg,2033-03-18T18:40,2033-03-18T18:50,2
Moscow,2033-03-18T18:50,2033-03-18T19:20,4
Saint Petersburg,2033-03-18T18:50,2033-03-18T19:50,3
Moscow,2033-03-18T19:20,2033-03-18T19:50,4
Moscow,2033-03-18T19:50,2033-03-18T20:40,4
Saint Petersburg,2033-03-18T19:50,2033-03-18T20:10,3
Saint Petersburg,2033-03-18T20:10,2033-03-18T20:40,4
Moscow,2033-03-18T20:40,2033-03-18T21:20,4
Saint Petersburg,2033-03-18T20:40,2033-03-18T21:20,4
Moscow,2033-03-18T21:20,2033-03-18T21:50,4
Saint Petersburg,2033-03-18T21:20,2033-03-18T22:20,4
Moscow,2033-03-18T21:50,2033-03-18T22:20,4
Moscow,2033-03-18T22:20,2033-03-18T23:10,4
Saint Petersburg,2033-03-18T22:20,2033-03-18T22:40,4
Saint Petersburg,2033-03-18T22:40,2033-03-18T23:10,4
Moscow,2033-03-18T23:10,2033-03-18T23:50,4
Saint Petersburg,2033-03-18T23:10,2033-03-18T23:20,3
Saint Petersburg,2033-03-18T23:20,2033-03-18T23:50,4
Moscow,2033-03-18T23:50,2033-03-19T00:20,4
Saint Petersburg,2033-03-18T23:50,2033-03-19T00:50,3
Moscow,2033-03-19T00:20,2033-03-19T00:50,4
Moscow,2033-03-19T00:50,2033-03-19T01:40,4
Saint Petersburg,2033-03-19T00:50,2033-03-19T01:10,4
Saint Petersburg,2033-03-19T01:10,2033-03-19T01:50,3
Moscow,2033-03-19T01:40,2033-03-19T02:20,4
Saint Petersburg,2033-03-19T01:50,2033-03-19T02:10,2
Saint Petersburg,2033-03-19T02:10,2033-03-19T02:50,3
Moscow,2033-03-19T02:20,2033-03-19T02:50,4
Moscow,2033-03-19T02:50,2033-03-19T03:20,3
Saint Petersburg,2033-03-19T02:50,2033-03-19T03:20,4
Moscow,2033-03-19T03:20,2033-03-19T04:10,2
Saint Petersburg,2033-03-19T03:20,2033-03-19T04:40,4
Moscow,2033-03-19T04:10,2033-03-19T04:50,1
Saint Petersburg,2033-03-19T04:40,2033-03-19T05:20,3
Saint Petersburg,2033-03-19T05:20,2033-03-19T05:50,2
Moscow,2033-03-19T08:10,2033-03-19T10:40,1
Saint Petersburg,2033-03-19T08:10,2033-03-19T10:40,1
Moscow,2033-03-20T19:50,2033-03-20T20:10,1
Moscow,2033-03-20T20:10,2033-03-20T20:35,2
Moscow,2033-03-20T20:35,2033-03-20T20:50,3
Saint Petersburg,2033-03-20T20:35,2033-03-20T20:50,1
Moscow,2033-03-20T20:50,2033-03-20T22:20,4
Saint Petersburg,2033-03-20T20:50,2033-03-20T21:20,2
Saint Petersburg,2033-03-20T21:20,2033-03-20T21:50,3
Saint Petersburg,2033-03-20T21:50,2033-03-20T23:05,4
Moscow,2033-03-20T22:20,2033-03-20T22:40,4
Moscow,2033-03-20T22:40,2033-03-20T23:05,4
Moscow,2033-03-20T23:05,2033-03-20T23:20,4
Saint Petersburg,2033-03-20T23:05,2033-03-20T23:20,4
Moscow,2033-03-20T23:20,2033-03-21T00:50,4
Saint Petersburg,2033-03-20T23:20,2033-03-20T23:50,4
Saint Petersburg,2033-03-20T23:50,2033-03-21T00:20,4
Saint Petersburg,2033-03-21T00:20,2033-03-21T01:35,4
Moscow,2033-03-21T00:50,2033-03-21T01:10,4
Moscow,2033-03-21T01:10,2033-03-21T01:35,4
Moscow,2033-03-21T01:35,2033-03-21T01:50,4
Saint Petersburg,2033-03-21T01:35,2033-03-21T01:50,4
Moscow,2033-03-21T01:50,2033-03-21T03:20,3
Saint Petersburg,2033-03-21T01:50,2033-03-21T02:20,4
Saint Petersburg,2033-03-21T02:20,2033-03-21T02:50,3
Saint Petersburg,2033-03-21T02:50,2033-03-21T04:05,2
Moscow,2033-03-21T03:20,2033-03-21T03:40,2
Moscow,2033-03-21T03:40,2033-03-21T04:05,1
Saint Petersburg,2033-03-21T04:05,2033-03-21T04:20,1
Moscow,2033-03-21T08:10,2033-03-21T08:35,1
Saint Petersburg,2033-03-21T08:10,2033-03-21T08:35,1
Moscow,2033-03-21T08:35,2033-03-21T08:50,2
Saint Petersburg,2033-03-21T08:35,2033-03-21T08:50,2
Moscow,2033-03-21T08:50,2033-03-21T09:20,3
Saint Petersburg,2033-03-21T08:50,2033-03-21T09:20,3
Moscow,2033-03-21T09:20,2033-03-21T10:40,4
Saint Petersburg,2033-03-21T09:20,2033-03-21T10:40,4
Moscow,2033-03-21T10:40,2033-03-21T11:05,4
Saint Petersburg,2033-03-21T10:40,2033-03-21T11:05,4
Moscow,2033-03-21T11:05,2033-03-21T11:20,4
Saint Petersburg,2033-03-21T11:05,2033-03-21T11:20,4
Moscow,2033-03-21T11:20,2033-03-21T11:50,4
Saint Petersburg,2033-03-21T11:20,2033-03-21T11:50,4
Moscow,2033-03-21T11:50,2033-03-21T13:10,4
Saint Petersburg,2033-03-21T11:50,2033-03-21T13:10,4
Moscow,2033-03-21T13:10,2033-03-21T13:35,4
Saint Petersburg,2033-03-21T13:10,2033-03-21T13:35,4
Moscow,2033-03-21T13:35,2033-03-21T13:50,3
Saint Petersburg,2033-03-21T13:35,2033-03-21T13:50,3
Moscow,2033-03-21T13:50,2033-03-21T14:20,2
Saint Petersburg,2033-03-21T13:50,2033-03-21T14:20,2
Moscow,2033-03-21T14:20,2033-03-21T15:40,1
Saint Petersburg,2033-03-21T14:20,2033-03-21T15:40,1
Moscow,2033-03-22T23:20,2033-03-22T23:50,1
Moscow,2033-03-22T23:50,2033-03-23T00:10,2
Moscow,2033-03-23T00:10,2033-03-23T01:50,3
Saint Petersburg,2033-03-23T00:10,2033-03-23T01:50,1
Moscow,2033-03-23T01:50,2033-03-23T02:20,2
Saint Petersburg,2033-03-23T01:50,2033-03-23T02:40,2
Moscow,2033-03-23T02:20,2033-03-23T02:40,1
Saint Petersburg,2033-03-23T02:40,2033-03-23T04:20,1
Moscow,2033-03-23T08:10,2033-03-23T08:35,1
Saint Petersburg,2033-03-23T08:10,2033-03-23T08:35,1
Moscow,2033-03-23T08:35,2033-03-23T08:50,2
Saint Petersburg,2033-03-23T08:35,2033-03-23T08:50,2
Moscow,2033-03-23T08:50,2033-03-23T09:20,3
Saint Petersburg,2033-03-23T08:50,2033-03-23T09:20,3
Moscow,2033-03-23T09:20,2033-03-23T10:40,4
Saint Petersburg,2033-03-23T09:20,2033-03-23T10:40,4
Moscow,2033-03-23T10:40,2033-03-23T11:05,4
Saint Petersburg,2033-03-23T10:40,2033-03-23T11:05,4
Moscow,2033-03-23T11:05,2033-03-23T11:20,4
Saint Petersburg,2033-03-23T11:05,2033-03-23T11:20,4
Moscow,2033-03-23T11:20,2033-03-23T11:50,4
Saint Petersburg,2033-03-23T11:20,2033-03-23T11:50,4
Moscow,2033-03-23T11:50,2033-03-23T13:10,4
Saint Petersburg,2033-03-23T11:50,2033-03-23T13:10,4
Moscow,2033-03-23T13:10,2033-03-23T13:35,4
Saint Petersburg,2033-03-23T13:10,2033-03-23T13:35,4
Moscow,2033-03-23T13:35,2033-03-23T13:50,4
Saint Petersburg,2033-03-23T13:35,2033-03-23T13:50,4
Moscow,2033-03-23T13:50,2033-03-23T14:20,4
Saint Petersburg,2033-03-23T13:50,2033-03-23T14:20,4
Moscow,2033-03-23T14:20,2033-03-23T15:40,4
Saint Petersburg,2033-03-23T14:20,2033-03-23T15:40,4
Moscow,2033-03-23T15:40,2033-03-23T16:05,4
Saint Petersburg,2033-03-23T15:40,2033-03-23T16:05,4
Moscow,2033-03-23T16:05,2033-03-23T16:20,4
Saint Petersburg,2033-03-23T16:05,2033-03-23T16:20,4
Moscow,2033-03-23T16:20,2033-03-23T16:50,4
Saint Petersburg,2033-03-23T16:20,2033-03-23T16:50,4
Moscow,2033-03-23T16:50,2033-03-23T18:10,4
Saint Petersburg,2033-03-23T16:50,2033-03-23T18:10,4
Moscow,2033-03-23T18:10,2033-03-23T18:35,4
Saint Petersburg,2033-03-23T18:10,2033-03-23T18:35,4
Moscow,2033-03-23T18:35,2033-03-23T18:50,3
Saint Petersburg,2033-03-23T18:35,2033-03-23T18:50,3
Moscow,2033-03-23T18:50,2033-03-23T19:20,2
Saint Petersburg,2033-03-23T18:50,2033-03-23T19:20,2
Moscow,2033-03-23T19:20,2033-03-23T20:40,1
Saint Petersburg,2033-03-23T19:20,2033-03-23T20:40,1
Moscow,2033-03-25T09:50,2033-03-25T10:10,1
Moscow,2033-03-25T10:10,2033-03-25T10:50,2
Moscow,2033-03-25T10:50,2033-03-25T11:20,3
Saint Petersburg,2033-03-25T10:50,2033-03-25T11:20,1
Moscow,2033-03-25T11:20,2033-03-25T12:20,4
Saint Petersburg,2033-03-25T11:20,2033-03-25T11:50,2
Saint Petersburg,2033-03-25T11:50,2033-03-25T12:10,3
Saint Petersburg,2033-03-25T12:10,2033-03-25T13:20,4
Moscow,2033-03-25T12:20,2033-03-25T12:40,4
Moscow,2033-03-25T12:40,2033-03-25T13:20,4
Moscow,2033-03-25T13:20,2033-03-25T13:50,4
Saint Petersburg,2033-03-25T13:20,2033-03-25T13:50,4
Moscow,2033-03-25T13:50,2033-03-25T14:50,4
Saint Petersburg,2033-03-25T13:50,2033-03-25T14:20,4
Saint Petersburg,2033-03-25T14:20,2033-03-25T14:40,4
Saint Petersburg,2033-03-25T14:40,2033-03-25T15:50,4
Moscow,2033-03-25T14:50,2033-03-25T15:10,4
Moscow,2033-03-25T15:10,2033-03-25T15:50,4
Moscow,2033-03-25T15:50,2033-03-25T16:20,4
Saint Petersburg,2033-03-25T15:50,2033-03-25T16:20,4
Moscow,2033-03-25T16:20,2033-03-25T17:20,4
Saint Petersburg,2033-03-25T16:20,2033-03-25T16:50,4
Saint Petersburg,2033-03-25T16:50,2033-03-25T17:10,4
Saint Petersburg,2033-03-25T17:10,2033-03-25T18:20,4
Moscow,2033-03-25T17:20,2033-03-25T17:40,4
Moscow,2033-03-25T17:40,2033-03-25T18:20,4
Moscow,2033-03-25T18:20,2033-03-25T18:50,4
Saint Petersburg,2033-03-25T18:20,2033-03-25T18:50,4
Moscow,2033-03-25T18:50,2033-03-25T19:50,4
Saint Petersburg,2033-03-25T18:50,2033-03-25T19:20,4
Saint Petersburg,2033-03-25T19:20,2033-03-25T19:40,4
Saint Petersburg,2033-03-25T19:40,2033-03-25T20:50,4
Moscow,2033-03-25T19:50,2033-03-25T20:10,4
Moscow,2033-03-25T20:10,2033-03-25T20:50,4
Moscow,2033-03-25T20:50,2033-03-25T21:20,4
Saint Petersburg,2033-03-25T20:50,2033-03-25T21:20,4
Moscow,2033-03-25T21:20,2033-03-25T22:20,4
Saint Petersburg,2033-03-25T21:20,2033-03-25T21:50,4
Saint Petersburg,2033-03-25T21:50,2033-03-25T22:10,3
Saint Petersburg,2033-03-25T22:10,2033-03-25T23:20,3
Moscow,2033-03-25T22:20,2033-03-25T22:40,3
Moscow,2033-03-25T22:40,2033-03-25T23:20,2
Moscow,2033-03-25T23:20,2033-03-25T23:50,1
Saint Petersburg,2033-03-25T23:20,2033-03-25T23:50,2
Saint Petersburg,2033-03-25T23:50,2033-03-26T00:40,1
Moscow,2033-03-27T13:20,2033-03-27T13:50,1
Moscow,2033-03-27T13:50,2033-03-27T14:10,2
Moscow,2033-03-27T14:10,2033-03-27T14:50,3
Saint Petersburg,2033-03-27T14:10,2033-03-27T14:50,1
Moscow,2033-03-27T14:50,2033-03-27T15:50,4
Saint Petersburg,2033-03-27T14:50,2033-03-27T15:20,2
Saint Petersburg,2033-03-27T15:20,2033-03-27T15:50,3
Moscow,2033-03-27T15:50,2033-03-27T16:20,4
Saint Petersburg,2033-03-27T15:50,2033-03-27T16:40,4
Moscow,2033-03-27T16:20,2033-03-27T16:40,4
Moscow,2033-03-27T16:40,2033-03-27T16:50,3
Saint Petersburg,2033-03-27T16:40,2033-03-27T17:20,4
Moscow,2033-03-27T16:50,2033-03-27T17:20,4
Moscow,2033-03-27T17:20,2033-03-27T18:20,4
Saint Petersburg,2033-03-27T17:20,2033-03-27T17:50,4
Saint Petersburg,2033-03-27T17:50,2033-03-27T18:20,4
Moscow,2033-03-27T18:20,2033-03-27T18:50,4
Saint Petersburg,2033-03-27T18:20,2033-03-27T19:10,4
Moscow,2033-03-27T18:50,2033-03-27T19:20,4
Saint Petersburg,2033-03-27T19:10,2033-03-27T19:50,4
Moscow,2033-03-27T19:20,2033-03-27T19:50,4
Moscow,2033-03-27T19:50,2033-03-27T20:50,4
Saint Petersburg,2033-03-27T19:50,2033-03-27T20:20,4
Saint Petersburg,2033-03-27T20:20,2033-03-27T20:50,4
Moscow,2033-03-27T20:50,2033-03-27T21:20,4
Saint Petersburg,2033-03-27T20:50,2033-03-27T21:40,4
Moscow,2033-03-27T21:20,2033-03-27T21:50,4
Saint Petersburg,2033-03-27T21:40,2033-03-27T22:20,4
Moscow,2033-03-27T21:50,2033-03-27T22:20,4
Moscow,2033-03-27T22:20,2033-03-27T23:20,4
Saint Petersburg,2033-03-27T22:20,2033-03-27T22:50,4
Saint Petersburg,2033-03-27T22:50,2033-03-27T23:20,4
Moscow,2033-03-27T23:20,2033-03-27T23:50,4
Saint Petersburg,2033-03-27T23:20,2033-03-28T00:10,4
Moscow,2033-03-27T23:50,2033-03-28T00:20,4
Saint Petersburg,2033-03-28T00:10,2033-03-28T00:50,4
Moscow,2033-03-28T00:20,2033-03-28T00:50,4
Moscow,2033-03-28T00:50,2033-03-28T01:50,4
Saint Petersburg,2033-03-28T00:50,2033-03-28T01:20,4
Saint Petersburg,2033-03-28T01:20,2033-03-28T01:50,3
Moscow,2033-03-28T01:50,2033-03-28T02:20,3
Saint Petersburg,2033-03-28T01:50,2033-03-28T02:40,2
Moscow,2033-03-28T02:20,2033-03-28T02:50,2
Saint Petersburg,2033-03-28T02:40,2033-03-28T03:20,1
Moscow,2033-03-28T02:50,2033-03-28T03:20,1
Saint Petersburg,2033-03-28T08:10,2033-03-28T10:40,1
Moscow,2033-03-29T18:10,2033-03-29T18:50,1
Moscow,2033-03-29T18:50,2033-03-29T19:20,2
Saint Petersburg,2033-03-29T18:50,2033-03-29T19:50,1
Moscow,2033-03-29T19:20,2033-03-29T19:50,3
Moscow,2033-03-29T19:50,2033-03-29T20:40,4
Saint Petersburg,2033-03-29T19:50,2033-03-29T20:10,2
Saint Petersburg,2033-03-29T20:10,2033-03-29T20:35,3
Saint Petersburg,2033-03-29T20:35,2033-03-29T21:20,4
Moscow,2033-03-29T20:40,2033-03-29T21:20,4
Moscow,2033-03-29T21:20,2033-03-29T21:50,4
Saint Petersburg,2033-03-29T21:20,2033-03-29T22:20,4
Moscow,2033-03-29T21:50,2033-03-29T22:20,4
Moscow,2033-03-29T22:20,2033-03-29T23:10,4
Saint Petersburg,2033-03-29T22:20,2033-03-29T22:40,4
Saint Petersburg,2033-03-29T22:40,2033-03-29T23:05,4
Saint Petersburg,2033-03-29T23:05,2033-03-29T23:50,4
Moscow,2033-03-29T23:10,2033-03-29T23:50,4
Moscow,2033-03-29T23:50,2033-03-30T00:20,4
Saint Petersburg,2033-03-29T23:50,2033-03-30T00:50,4
Moscow,2033-03-30T00:20,2033-03-30T00:50,4
Moscow,2033-03-30T00:50,2033-03-30T01:40,4
Saint Petersburg,2033-03-30T00:50,2033-03-30T01:10,4
Saint Petersburg,2033-03-30T01:10,2033-03-30T01:35,3
Saint Petersburg,2033-03-30T01:35,2033-03-30T01:50,2
Moscow,2033-03-30T01:40,2033-03-30T02:20,4
Saint Petersburg,2033-03-30T01:50,2033-03-30T02:20,4
Moscow,2033-03-30T02:20,2033-03-30T02:50,4
Saint Petersburg,2033-03-30T02:20,2033-03-30T03:20,4
Moscow,2033-03-30T02:50,2033-03-30T03:20,3
Moscow,2033-03-30T03:20,2033-03-30T04:10,2
Saint Petersburg,2033-03-30T03:20,2033-03-30T04:20,3
Moscow,2033-03-30T04:10,2033-03-30T04:50,1
Saint Petersburg,2033-03-30T04:20,2033-03-30T04:50,1
Moscow,2033-03-30T08:10,2033-03-30T08:35,1
Saint Petersburg,2033-03-30T08:10,2033-03-30T08:35,1
Moscow,2033-03-30T08:35,2033-03-30T08:50,2
Saint Petersburg,2033-03-30T08:35,2033-03-30T08:50,2
Moscow,2033-03-30T08:50,2033-03-30T09:20,3
Saint Petersburg,2033-03-30T08:50,2033-03-30T09:20,3
Moscow,2033-03-30T09:20,2033-03-30T10:40,4
Saint Petersburg,2033-03-30T09:20,2033-03-30T10:40,4
Moscow,2033-03-30T10:40,2033-03-30T11:05,4
Saint Petersburg,2033-03-30T10:40,2033-03-30T11:05,4
Moscow,2033-03-30T11:05,2033-03-30T11:20,4
Saint Petersburg,2033-03-30T11:05,2033-03-30T11:20,4
Moscow,2033-03-30T11:20,2033-03-30T11:50,3
Saint Petersburg,2033-03-30T11:20,2033-03-30T11:50,3
Moscow,2033-03-30T11:50,2033-03-30T13:10,2
Saint Petersburg,2033-03-30T11:50,2033-03-30T13:10,2
Moscow,2033-03-30T13:10,2033-03-30T13:35,1
Saint Petersburg,2033-03-30T13:10,2033-03-30T13:35,1
Moscow,2033-03-31T21:50,2033-03-31T22:10,1
Moscow,2033-03-31T22:10,2033-03-31T22:50,2
Saint Petersburg,2033-03-31T22:35,2033-03-31T22:50,1
Moscow,2033-03-31T22:50,2033-03-31T23:20,3
Saint Petersburg,2033-03-31T22:50,2033-03-31T23:20,2
Moscow,2033-03-31T23:20,2033-04-01T00:20,4
Saint Petersburg,2033-03-31T23:20,2033-03-31T23:50,3
Saint Petersburg,2033-03-31T23:50,2033-04-01T01:05,4
Moscow,2033-04-01T00:20,2033-04-01T00:40,4
Moscow,2033-04-01T00:40,2033-04-01T01:20,4
Saint Petersburg,2033-04-01T01:05,2033-04-01T01:20,4
Moscow,2033-04-01T01:20,2033-04-01T01:50,3
Saint Petersburg,2033-04-01T01:20,2033-04-01T01:50,3
Moscow,2033-04-01T01:50,2033-04-01T02:50,2
Saint Petersburg,2033-04-01T01:50,2033-04-01T02:20,2
Saint Petersburg,2033-04-01T02:20,2033-04-01T03:35,1
Moscow,2033-04-01T02:50,2033-04-01T03:10,1
Moscow,2033-04-01T08:10,2033-04-01T08:35,1
Saint Petersburg,2033-04-01T08:10,2033-04-01T08:35,1
Moscow,2033-04-01T08:35,2033-04-01T08:50,2
Saint Petersburg,2033-04-01T08:35,2033-04-01T08:50,2
Moscow,2033-04-01T08:50,2033-04-01T09:20,3
Saint Petersburg,2033-04-01T08:50,2033-04-01T09:20,3
Moscow,2033-04-01T09:20,2033-04-01T10:40,4
Saint Petersburg,2033-04-01T09:20,2033-04-01T10:40,4
Moscow,2033-04-01T10:40,2033-04-01T11:05,4
Saint Petersburg,2033-04-01T10:40,2033-04-01T11:05,4
Moscow,2033-04-01T11:05,2033-04-01T11:20,4
Saint Petersburg,2033-04-01T11:05,2033-04-01T11:20,4
Moscow,2033-04-01T11:20,2033-04-01T11:50,4
Saint Petersburg,2033-04-01T11:20,2033-04-01T11:50,3
Moscow,2033-04-01T11:50,2033-04-01T13:10,4
Saint Petersburg,2033-04-01T11:50,2033-04-01T13:10,4
Moscow,2033-04-01T13:10,2033-04-01T13:35,4
Saint Petersburg,2033-04-01T13:10,2033-04-01T13:20,3
Saint Petersburg,2033-04-01T13:20,2033-04-01T13:35,4
Moscow,2033-04-01T13:35,2033-04-01T13:50,4
Saint Petersburg,2033-04-01T13:35,2033-04-01T14:20,4
Moscow,2033-04-01T13:50,2033-04-01T14:20,4
Moscow,2033-04-01T14:20,2033-04-01T15:40,4
Saint Petersburg,2033-04-01T14:20,2033-04-01T14:50,3
Saint Petersburg,2033-04-01T14:50,2033-04-01T15:50,4
Moscow,2033-04-01T15:40,2033-04-01T16:05,4
Saint Petersburg,2033-04-01T15:50,2033-04-01T16:05,4
Moscow,2033-04-01T16:05,2033-04-01T16:20,4
Saint Petersburg,2033-04-01T16:05,2033-04-01T16:50,3
Moscow,2033-04-01T16:20,2033-04-01T16:50,3
Moscow,2033-04-01T16:50,2033-04-01T18:10,2
Saint Petersburg,2033-04-01T16:50,2033-04-01T17:20,2
Saint Petersburg,2033-04-01T17:20,2033-04-01T17:50,1
Saint Petersburg,2033-04-01T17:50,2033-04-01T18:20,2
Moscow,2033-04-01T18:10,2033-04-01T18:35,1
Saint Petersburg,2033-04-01T18:20,2033-04-01T20:20,1
Moscow,2033-04-03T08:50,2033-04-03T09:20,1
Moscow,2033-04-03T09:20,2033-04-03T09:35,2
Saint Petersburg,2033-04-03T09:20,2033-04-03T09:50,1
Moscow,2033-04-03T09:35,2033-04-03T09:50,3
Moscow,2033-04-03T09:50,2033-04-03T11:20,4
Saint Petersburg,2033-04-03T09:50,2033-04-03T10:10,2
Saint Petersburg,2033-04-03T10:10,2033-04-03T10:50,3
Saint Petersburg,2033-04-03T10:50,2033-04-03T11:50,4
Moscow,2033-04-03T11:20,2033-04-03T11:50,4
Moscow,2033-04-03T11:50,2033-04-03T12:05,4
Saint Petersburg,2033-04-03T11:50,2033-04-03T12:20,4
Moscow,2033-04-03T12:05,2033-04-03T12:20,4
Moscow,2033-04-03T12:20,2033-04-03T13:50,4
Saint Petersburg,2033-04-03T12:20,2033-04-03T12:40,4
Saint Petersburg,2033-04-03T12:40,2033-04-03T13:20,4
Saint Petersburg,2033-04-03T13:20,2033-04-03T14:20,4
Moscow,2033-04-03T13:50,2033-04-03T14:20,4
Moscow,2033-04-03T14:20,2033-04-03T14:35,4
Saint Petersburg,2033-04-03T14:20,2033-04-03T14:50,4
Moscow,2033-04-03T14:35,2033-04-03T14:50,4
Moscow,2033-04-03T14:50,2033-04-03T16:20,4
Saint Petersburg,2033-04-03T14:50,2033-04-03T15:10,4
Saint Petersburg,2033-04-03T15:10,2033-04-03T15:50,4
Saint Petersburg,2033-04-03T15:50,2033-04-03T16:35,3
Moscow,2033-04-03T16:20,2033-04-03T16:50,4
Saint Petersburg,2033-04-03T16:35,2033-04-03T16:50,4
Moscow,2033-04-03T16:50,2033-04-03T17:05,4
Saint Petersburg,2033-04-03T16:50,2033-04-03T17:20,4
Moscow,2033-04-03T17:05,2033-04-03T17:20,4
Moscow,2033-04-03T17:20,2033-04-03T18:50,4
Saint Petersburg,2033-04-03T17:20,2033-04-03T17:40,4
Saint Petersburg,2033-04-03T17:40,2033-04-03T19:05,4
Moscow,2033-04-03T18:50,2033-04-03T19:20,4
Saint Petersburg,2033-04-03T19:05,2033-04-03T19:20,4
Moscow,2033-04-03T19:20,2033-04-03T19:35,4
Saint Petersburg,2033-04-03T19:20,2033-04-03T19:50,4
Moscow,2033-04-03T19:35,2033-04-03T19:50,4
Moscow,2033-04-03T19:50,2033-04-03T21:20,4
Saint Petersburg,2033-04-03T19:50,2033-04-03T20:10,4
Saint Petersburg,2033-04-03T20:10,2033-04-03T21:35,4
Moscow,2033-04-03T21:20,2033-04-03T21:50,3
Saint Petersburg,2033-04-03T21:35,2033-04-03T21:50,3
Moscow,2033-04-03T21:50,2033-04-03T22:05,2
Saint Petersburg,2033-04-03T21:50,2033-04-03T22:20,2
Moscow,2033-04-03T22:05,2033-04-03T22:20,1
Saint Petersburg,2033-04-03T22:20,2033-04-03T22:40,1
Moscow,2033-04-05T12:10,2033-04-05T12:35,1
Moscow,2033-04-05T12:35,2033-04-05T12:50,2
Moscow,2033-04-05T12:50,2033-04-05T13:20,3
Saint Petersburg,2033-04-05T12:50,2033-04-05T13:20,1
Moscow,2033-04-05T13:20,2033-04-05T14:40,4
Saint Petersburg,2033-04-05T13:20,2033-04-05T13:50,2
Saint Petersburg,2033-04-05T13:50,2033-04-05T14:10,3
Saint Petersburg,2033-04-05T14:10,2033-04-05T15:20,4
Moscow,2033-04-05T14:40,2033-04-05T15:05,4
Moscow,2033-04-05T15:05,2033-04-05T15:20,4
Moscow,2033-04-05T15:20,2033-04-05T15:50,4
Saint Petersburg,2033-04-05T15:20,2033-04-05T15:50,4
Moscow,2033-04-05T15:50,2033-04-05T17:10,4
Saint Petersburg,2033-04-05T15:50,2033-04-05T16:20,4
Saint Petersburg,2033-04-05T16:20,2033-04-05T16:40,4
Saint Petersburg,2033-04-05T16:40,2033-04-05T17:50,4
Moscow,2033-04-05T17:10,2033-04-05T17:35,4
Moscow,2033-04-05T17:35,2033-04-05T17:50,4
Moscow,2033-04-05T17:50,2033-04-05T18:20,4
Saint Petersburg,2033-04-05T17:50,2033-04-05T18:20,4
Moscow,2033-04-05T18:20,2033-04-05T19:40,4
Saint Petersburg,2033-04-05T18:20,2033-04-05T18:50,4
Saint Petersburg,2033-04-05T18:50,2033-04-05T19:10,4
Saint Petersburg,2033-04-05T19:10,2033-04-05T20:20,4
Moscow,2033-04-05T19:40,2033-04-05T20:05,4
Moscow,2033-04-05T20:05,2033-04-05T20:20,4
Moscow,2033-04-05T20:20,2033-04-05T20:50,4
Saint Petersburg,2033-04-05T20:20,2033-04-05T20:50,4
Moscow,2033-04-05T20:50,2033-04-05T22:10,4
Saint Petersburg,2033-04-05T20:50,2033-04-05T21:20,4
Saint Petersburg,2033-04-05T21:20,2033-04-05T21:40,4
Saint Petersburg,2033-04-05T21:40,2033-04-05T22:50,4
Moscow,2033-04-05T22:10,2033-04-05T22:35,4
Moscow,2033-04-05T22:35,2033-04-05T22:50,4
Moscow,2033-04-05T22:50,2033-04-05T23:20,4
Saint Petersburg,2033-04-05T22:50,2033-04-05T23:20,4
Moscow,2033-04-05T23:20,2033-04-06T00:40,4
Saint Petersburg,2033-04-05T23:20,2033-04-05T23:50,4
Saint Petersburg,2033-04-05T23:50,2033-04-06T00:10,3
Saint Petersburg,2033-04-06T00:10,2033-04-06T01:20,2
Moscow,2033-04-06T00:40,2033-04-06T01:05,3
Moscow,2033-04-06T01:05,2033-04-06T01:20,2
Moscow,2033-04-06T01:20,2033-04-06T01:50,1
Saint Petersburg,2033-04-06T01:20,2033-04-06T01:50,1
Moscow,2033-04-07T16:10,2033-04-07T16:50,1
Moscow,2033-04-07T16:50,2033-04-07T17:20,2
Saint Petersburg,2033-04-07T16:50,2033-04-07T17:20,1
Moscow,2033-04-07T17:20,2033-04-07T18:10,3
Saint Petersburg,2033-04-07T17:20,2033-04-07T18:10,2
Moscow,2033-04-07T18:10,2033-04-07T18:40,4
Saint Petersburg,2033-04-07T18:10,2033-04-07T18:50,3
Moscow,2033-04-07T18:40,2033-04-07T18:50,3
Moscow,2033-04-07T18:50,2033-04-07T19:20,4
Saint Petersburg,2033-04-07T18:50,2033-04-07T19:20,4
Moscow,2033-04-07T19:20,2033-04-07T19:50,4
Saint Petersburg,2033-04-07T19:20,2033-04-07T19:50,3
Moscow,2033-04-07T19:50,2033-04-07T20:40,4
Saint Petersburg,2033-04-07T19:50,2033-04-07T20:10,3
Saint Petersburg,2033-04-07T20:10,2033-04-07T20:40,4
Moscow,2033-04-07T20:40,2033-04-07T21:20,4
Saint Petersburg,2033-04-07T20:40,2033-04-07T21:20,4
Moscow,2033-04-07T21:20,2033-04-07T21:50,4
Saint Petersburg,2033-04-07T21:20,2033-04-07T22:20,4
Moscow,2033-04-07T21:50,2033-04-07T22:20,4
Moscow,2033-04-07T22:20,2033-04-07T23:10,4
Saint Petersburg,2033-04-07T22:20,2033-04-07T22:40,4
Saint Petersburg,2033-04-07T22:40,2033-04-07T23:10,4
Moscow,2033-04-07T23:10,2033-04-07T23:50,4
Saint Petersburg,2033-04-07T23:10,2033-04-07T23:50,4
Moscow,2033-04-07T23:50,2033-04-08T00:20,4
Saint Petersburg,2033-04-07T23:50,2033-04-08T00:50,4
Moscow,2033-04-08T00:20,2033-04-08T00:50,4
Moscow,2033-04-08T00:50,2033-04-08T01:40,4
Saint Petersburg,2033-04-08T00:50,2033-04-08T01:10,4
Saint Petersburg,2033-04-08T01:10,2033-04-08T01:40,4
Moscow,2033-04-08T01:40,2033-04-08T02:20,4
Saint Petersburg,2033-04-08T01:40,2033-04-08T01:50,3
Saint Petersburg,2033-04-08T01:50,2033-04-08T02:20,4
Moscow,2033-04-08T02:20,2033-04-08T02:50,4
Saint Petersburg,2033-04-08T02:20,2033-04-08T03:20,4
Moscow,2033-04-08T02:50,2033-04-08T03:20,3
Moscow,2033-04-08T03:20,2033-04-08T04:10,2
Saint Petersburg,2033-04-08T03:20,2033-04-08T03:40,3
Saint Petersburg,2033-04-08T03:40,2033-04-08T04:20,2
Moscow,2033-04-08T04:10,2033-04-08T04:50,1
Saint Petersburg,2033-04-08T04:20,2033-04-08T04:50,1
Moscow,2033-04-08T08:10,2033-04-08T08:35,1
Moscow,2033-04-08T08:35,2033-04-08T08:50,2
Saint Petersburg,2033-04-08T08:35,2033-04-08T08:50,1
Moscow,2033-04-08T08:50,2033-04-08T10:40,3
Saint Petersburg,2033-04-08T08:50,2033-04-08T11:05,2
Moscow,2033-04-08T10:40,2033-04-08T11:05,2
Moscow,2033-04-08T11:05,2033-04-08T11:20,1
Saint Petersburg,2033-04-08T11:05,2033-04-08T11:20,1
Moscow,2033-04-09T20:35,2033-04-09T20:50,1
Moscow,2033-04-09T20:50,2033-04-09T21:20,2
Moscow,2033-04-09T21:20,2033-04-09T21:50,3
Saint Petersburg,2033-04-09T21:20,2033-04-09T21:50,1
Moscow,2033-04-09T21:50,2033-04-09T23:05,4
Saint Petersburg,2033-04-09T21:50,2033-04-09T22:10,2
Saint Petersburg,2033-04-09T22:10,2033-04-09T22:35,3
Saint Petersburg,2033-04-09T22:35,2033-04-09T23:50,4
Moscow,2033-04-09T23:05,2033-04-09T23:20,4
Moscow,2033-04-09T23:20,2033-04-09T23:50,4
Moscow,2033-04-09T23:50,2033-04-10T00:20,4
Saint Petersburg,2033-04-09T23:50,2033-04-10T00:20,4
Moscow,2033-04-10T00:20,2033-04-10T01:35,4
Saint Petersburg,2033-04-10T00:20,2033-04-10T00:40,4
Saint Petersburg,2033-04-10T00:40,2033-04-10T01:05,4
Saint Petersburg,2033-04-10T01:05,2033-04-10T02:20,4
Moscow,2033-04-10T01:35,2033-04-10T01:50,4
Moscow,2033-04-10T01:50,2033-04-10T02:20,3
Moscow,2033-04-10T02:20,2033-04-10T02:50,2
Saint Petersburg,2033-04-10T02:20,2033-04-10T02:50,3
Moscow,2033-04-10T02:50,2033-04-10T04:05,1
Saint Petersburg,2033-04-10T02:50,2033-04-10T03:10,2
Saint Petersburg,2033-04-10T03:10,2033-04-10T03:35,1
Moscow,2033-04-10T08:10,2033-04-10T08:35,1
Saint Petersburg,2033-04-10T08:10,2033-04-10T08:35,1
Moscow,2033-04-10T08:35,2033-04-10T08:50,2
Saint Petersburg,2033-04-10T08:35,2033-04-10T08:50,2
Moscow,2033-04-10T08:50,2033-04-10T09:20,3
Saint Petersburg,2033-04-10T08:50,2033-04-10T09:20,3
Moscow,2033-04-10T09:20,2033-04-10T10:40,4
Saint Petersburg,2033-04-10T09:20,2033-04-10T10:40,4
Moscow,2033-04-10T10:40,2033-04-10T11:05,4
Saint Petersburg,2033-04-10T10:40,2033-04-10T11:05,4
Moscow,2033-04-10T11:05,2033-04-10T11:20,4
Saint Petersburg,2033-04-10T11:05,2033-04-10T11:20,4
Moscow,2033-04-10T11:20,2033-04-10T11:50,4
Saint Petersburg,2033-04-10T11:20,2033-04-10T11:50,4
Moscow,2033-04-10T11:50,2033-04-10T13:10,4
Saint Petersburg,2033-04-10T11:50,2033-04-10T13:10,4
Moscow,2033-04-10T13:10,2033-04-10T13:35,4
Saint Petersburg,2033-04-10T13:10,2033-04-10T13:35,4
Moscow,2033-04-10T13:35,2033-04-10T13:50,4
Saint Petersburg,2033-04-10T13:35,2033-04-10T13:50,4
Moscow,2033-04-10T13:50,2033-04-10T14:20,4
Saint Petersburg,2033-04-10T13:50,2033-04-10T14:20,4
Moscow,2033-04-10T14:20,2033-04-10T15:40,3
Saint Petersburg,2033-04-10T14:20,2033-04-10T15:40,3
Moscow,2033-04-10T15:40,2033-04-10T16:05,2
Saint Petersburg,2033-04-10T15:40,2033-04-10T16:05,2
Moscow,2033-04-10T16:05,2033-04-10T16:20,1
Saint Petersburg,2033-04-10T16:05,2033-04-10T16:20,1
Moscow,2033-04-12T00:10,2033-04-12T02:40,1
Moscow,2033-04-12T08:10,2033-04-12T08:35,1
Moscow,2033-04-12T08:35,2033-04-12T08:50,2
Saint Petersburg,2033-04-12T08:35,2033-04-12T08:50,1
Moscow,2033-04-12T08:50,2033-04-12T09:20,3
Saint Petersburg,2033-04-12T08:50,2033-04-12T09:20,2
Moscow,2033-04-12T09:20,2033-04-12T10:40,4
Saint Petersburg,2033-04-12T09:20,2033-04-12T10:10,3
Saint Petersburg,2033-04-12T10:10,2033-04-12T11:05,4
Moscow,2033-04-12T10:40,2033-04-12T11:05,4
Moscow,2033-04-12T11:05,2033-04-12T11:20,4
Saint Petersburg,2033-04-12T11:05,2033-04-12T11:20,4
Moscow,2033-04-12T11:20,2033-04-12T11:50,4
Saint Petersburg,2033-04-12T11:20,2033-04-12T11:50,4
Moscow,2033-04-12T11:50,2033-04-12T13:10,4
Saint Petersburg,2033-04-12T11:50,2033-04-12T12:40,4
Saint Petersburg,2033-04-12T12:40,2033-04-12T12:50,3
Saint Petersburg,2033-04-12T12:50,2033-04-12T13:35,4
Moscow,2033-04-12T13:10,2033-04-12T13:35,4
Moscow,2033-04-12T13:35,2033-04-12T13:50,4
Saint Petersburg,2033-04-12T13:35,2033-04-12T13:50,4
Moscow,2033-04-12T13:50,2033-04-12T14:20,4
Saint Petersburg,2033-04-12T13:50,2033-04-12T14:20,4
Moscow,2033-04-12T14:20,2033-04-12T15:40,4
Saint Petersburg,2033-04-12T14:20,2033-04-12T15:20,4
Saint Petersburg,2033-04-12T15:20,2033-04-12T15:50,3
Moscow,2033-04-12T15:40,2033-04-12T16:05,4
Saint Petersburg,2033-04-12T15:50,2033-04-12T16:05,4
Moscow,2033-04-12T16:05,2033-04-12T16:20,4
Saint Petersburg,2033-04-12T16:05,2033-04-12T16:20,4
Moscow,2033-04-12T16:20,2033-04-12T16:50,4
Saint Petersburg,2033-04-12T16:20,2033-04-12T16:50,4
Moscow,2033-04-12T16:50,2033-04-12T18:10,4
Saint Petersburg,2033-04-12T16:50,2033-04-12T18:20,4
Moscow,2033-04-12T18:10,2033-04-12T18:35,4
Saint Petersburg,2033-04-12T18:20,2033-04-12T18:35,4
Moscow,2033-04-12T18:35,2033-04-12T18:50,4
Saint Petersburg,2033-04-12T18:35,2033-04-12T18:50,4
Moscow,2033-04-12T18:50,2033-04-12T19:20,4
Saint Petersburg,2033-04-12T18:50,2033-04-12T19:20,4
Moscow,2033-04-12T19:20,2033-04-12T20:40,3
Saint Petersburg,2033-04-12T19:20,2033-04-12T20:50,4
Moscow,2033-04-12T20:40,2033-04-12T21:05,2
Saint Petersburg,2033-04-12T20:50,2033-04-12T21:05,3
Moscow,2033-04-12T21:05,2033-04-12T21:20,1
Saint Petersburg,2033-04-12T21:05,2033-04-12T21:20,2
Saint Petersburg,2033-04-12T21:20,2033-04-12T21:50,1
Moscow,2033-04-14T10:50,2033-04-14T11:20,1
Moscow,2033-04-14T11:20,2033-04-14T11:50,2
Moscow,2033-04-14T11:50,2033-04-14T12:10,3
Saint Petersburg,2033-04-14T11:50,2033-04-14T12:10,1
Moscow,2033-04-14T12:10,2033-04-14T13:20,4
Saint Petersburg,2033-04-14T12:10,2033-04-14T12:35,2
Saint Petersburg,2033-04-14T12:35,2033-04-14T12:50,3
Saint Petersburg,2033-04-14T12:50,2033-04-14T14:20,4
Moscow,2033-04-14T13:20,2033-04-14T13:50,4
Moscow,2033-04-14T13:50,2033-04-14T14:20,4
Moscow,2033-04-14T14:20,2033-04-14T14:40,4
Saint Petersburg,2033-04-14T14:20,2033-04-14T14:40,4
Moscow,2033-04-14T14:40,2033-04-14T15:50,4
Saint Petersburg,2033-04-14T14:40,2033-04-14T15:05,4
Saint Petersburg,2033-04-14T15:05,2033-04-14T15:20,4
Saint Petersburg,2033-04-14T15:20,2033-04-14T16:50,4
Moscow,2033-04-14T15:50,2033-04-14T16:20,4
Moscow,2033-04-14T16:20,2033-04-14T16:50,4
Moscow,2033-04-14T16:50,2033-04-14T17:10,4
Saint Petersburg,2033-04-14T16:50,2033-04-14T17:10,4
Moscow,2033-04-14T17:10,2033-04-14T18:20,4
Saint Petersburg,2033-04-14T17:10,2033-04-14T17:35,4
Saint Petersburg,2033-04-14T17:35,2033-04-14T17:50,4
Saint Petersburg,2033-04-14T17:50,2033-04-14T19:20,4
Moscow,2033-04-14T18:20,2033-04-14T18:50,4
Moscow,2033-04-14T18:50,2033-04-14T19:20,4
Moscow,2033-04-14T19:20,2033-04-14T19:40,4
Saint Petersburg,2033-04-14T19:20,2033-04-14T19:40,4
Moscow,2033-04-14T19:40,2033-04-14T20:50,4
Saint Petersburg,2033-04-14T19:40,2033-04-14T20:05,4
Saint Petersburg,2033-04-14T20:05,2033-04-14T20:20,4
Saint Petersburg,2033-04-14T20:20,2033-04-14T21:50,4
Moscow,2033-04-14T20:50,2033-04-14T21:20,4
Moscow,2033-04-14T21:20,2033-04-14T21:50,4
Moscow,2033-04-14T21:50,2033-04-14T22:10,4
Saint Petersburg,2033-04-14T21:50,2033-04-14T22:10,4
Moscow,2033-04-14T22:10,2033-04-14T23:20,4
Saint Petersburg,2033-04-14T22:10,2033-04-14T22:35,4
Saint Petersburg,2033-04-14T22:35,2033-04-14T22:50,3
Saint Petersburg,2033-04-14T22:50,2033-04-15T00:20,3
Moscow,2033-04-14T23:20,2033-04-14T23:50,3
Moscow,2033-04-14T23:50,2033-04-15T00:20,2
Moscow,2033-04-15T00:20,2033-04-15T00:40,1
Saint Petersburg,2033-04-15T00:20,2033-04-15T00:40,2
Saint Petersburg,2033-04-15T00:40,2033-04-15T01:20,1
Moscow,2033-04-16T14:10,2033-04-16T14:50,1
Moscow,2033-04-16T14:50,2033-04-16T15:20,2
Moscow,2033-04-16T15:20,2033-04-16T16:10,3
Saint Petersburg,2033-04-16T15:20,2033-04-16T16:50,1
Moscow,2033-04-16T16:10,2033-04-16T16:40,4
Moscow,2033-04-16T16:40,2033-04-16T16:50,3
Moscow,2033-04-16T16:50,2033-04-16T17:20,4
Saint Petersburg,2033-04-16T16:50,2033-04-16T17:20,2
Moscow,2033-04-16T17:20,2033-04-16T17:50,4
Saint Petersburg,2033-04-16T17:20,2033-04-16T17:50,3
Moscow,2033-04-16T17:50,2033-04-16T18:10,3
Saint Petersburg,2033-04-16T17:50,2033-04-16T18:10,2
Moscow,2033-04-16T18:10,2033-04-16T18:40,4
Saint Petersburg,2033-04-16T18:10,2033-04-16T18:50,3
Moscow,2033-04-16T18:40,2033-04-16T18:50,3
Moscow,2033-04-16T18:50,2033-04-16T19:20,4
Saint Petersburg,2033-04-16T18:50,2033-04-16T19:20,4
Moscow,2033-04-16T19:20,2033-04-16T19:50,4
Saint Petersburg,2033-04-16T19:20,2033-04-16T19:50,3
Moscow,2033-04-16T19:50,2033-04-16T20:40,4
Saint Petersburg,2033-04-16T19:50,2033-04-16T20:10,3
Saint Petersburg,2033-04-16T20:10,2033-04-16T20:40,4
Moscow,2033-04-16T20:40,2033-04-16T21:20,4
Saint Petersburg,2033-04-16T20:40,2033-04-16T21:20,4
Moscow,2033-04-16T21:20,2033-04-16T21:50,4
Saint Petersburg,2033-04-16T21:20,2033-04-16T21:50,3
Moscow,2033-04-16T21:50,2033-04-16T22:20,4
Saint Petersburg,2033-04-16T21:50,2033-04-16T22:20,4
Moscow,2033-04-16T22:20,2033-04-16T23:10,4
Saint Petersburg,2033-04-16T22:20,2033-04-16T22:40,4
Saint Petersburg,2033-04-16T22:40,2033-04-16T23:10,4
Moscow,2033-04-16T23:10,2033-04-16T23:50,4
Saint Petersburg,2033-04-16T23:10,2033-04-17T00:20,4
Moscow,2033-04-16T23:50,2033-04-17T00:20,4
Moscow,2033-04-17T00:20,2033-04-17T00:50,4
Saint Petersburg,2033-04-17T00:20,2033-04-17T00:50,4
Moscow,2033-04-17T00:50,2033-04-17T01:40,4
Saint Petersburg,2033-04-17T00:50,2033-04-17T01:10,4
Saint Petersburg,2033-04-17T01:10,2033-04-17T01:40,4
Moscow,2033-04-17T01:40,2033-04-17T02:20,4
Saint Petersburg,2033-04-17T01:40,2033-04-17T02:50,4
Moscow,2033-04-17T02:20,2033-04-17T02:50,4
Moscow,2033-04-17T02:50,2033-04-17T03:20,3
Saint Petersburg,2033-04-17T02:50,2033-04-17T03:20,4
Moscow,2033-04-17T03:20,2033-04-17T04:10,2
Saint Petersburg,2033-04-17T03:20,2033-04-17T03:40,4
Saint Petersburg,2033-04-17T03:40,2033-04-17T04:10,4
Moscow,2033-04-17T04:10,2033-04-17T04:50,1
Saint Petersburg,2033-04-17T04:10,2033-04-17T05:20,3
Saint Petersburg,2033-04-17T05:20,2033-04-17T05:50,2
Saint Petersburg,2033-04-17T05:50,2033-04-17T06:10,1
Moscow,2033-04-18T19:20,2033-04-18T19:50,1
Moscow,2033-04-18T19:50,2033-04-18T20:10,2
Moscow,2033-04-18T20:10,2033-04-18T20:35,3
Saint Petersburg,2033-04-18T20:10,2033-04-18T20:35,1
Moscow,2033-04-18T20:35,2033-04-18T21:50,4
Saint Petersburg,2033-04-18T20:35,2033-04-18T20:50,2
Saint Petersburg,2033-04-18T20:50,2033-04-18T21:20,3
Saint Petersburg,2033-04-18T21:20,2033-04-18T22:40,4
Moscow,2033-04-18T21:50,2033-04-18T22:20,4
Moscow,2033-04-18T22:20,2033-04-18T22:40,4
Moscow,2033-04-18T22:40,2033-04-18T23:05,4
Saint Petersburg,2033-04-18T22:40,2033-04-18T23:05,4
Moscow,2033-04-18T23:05,2033-04-19T00:20,4
Saint Petersburg,2033-04-18T23:05,2033-04-18T23:20,4
Saint Petersburg,2033-04-18T23:20,2033-04-18T23:50,4
Saint Petersburg,2033-04-18T23:50,2033-04-19T01:10,4
Moscow,2033-04-19T00:20,2033-04-19T00:50,4
Moscow,2033-04-19T00:50,2033-04-19T01:10,4
Moscow,2033-04-19T01:10,2033-04-19T01:35,4
Saint Petersburg,2033-04-19T01:10,2033-04-19T01:35,4
Moscow,2033-04-19T01:35,2033-04-19T02:50,4
Saint Petersburg,2033-04-19T01:35,2033-04-19T01:50,4
Saint Petersburg,2033-04-19T01:50,2033-04-19T02:20,4
Saint Petersburg,2033-04-19T02:20,2033-04-19T03:40,3
Moscow,2033-04-19T02:50,2033-04-19T03:20,3
Moscow,2033-04-19T03:20,2033-04-19T03:40,2
Moscow,2033-04-19T03:40,2033-04-19T04:05,1
Saint Petersburg,2033-04-19T03:40,2033-04-19T04:05,2
Saint Petersburg,2033-04-19T04:05,2033-04-19T04:20,1
Moscow,2033-04-19T08:10,2033-04-19T08:35,1
Moscow,2033-04-19T08:35,2033-04-19T08:50,2
Saint Petersburg,2033-04-19T08:35,2033-04-19T08:50,1
Moscow,2033-04-19T08:50,2033-04-19T09:20,3
Saint Petersburg,2033-04-19T08:50,2033-04-19T09:20,2
Moscow,2033-04-19T09:20,2033-04-19T10:40,4
Saint Petersburg,2033-04-19T09:20,2033-04-19T10:10,3
Saint Petersburg,2033-04-19T10:10,2033-04-19T11:05,4
Moscow,2033-04-19T10:40,2033-04-19T11:05,4
Moscow,2033-04-19T11:05,2033-04-19T11:20,4
Saint Petersburg,2033-04-19T11:05,2033-04-19T11:20,4
Moscow,2033-04-19T11:20,2033-04-19T11:50,4
Saint Petersburg,2033-04-19T11:20,2033-04-19T11:50,4
Moscow,2033-04-19T11:50,2033-04-19T13:10,4
Saint Petersburg,2033-04-19T11:50,2033-04-19T12:40,4
Saint Petersburg,2033-04-19T12:40,2033-04-19T13:35,4
Moscow,2033-04-19T13:10,2033-04-19T13:35,3
Moscow,2033-04-19T13:35,2033-04-19T13:50,2
Saint Petersburg,2033-04-19T13:35,2033-04-19T13:50,3
Moscow,2033-04-19T13:50,2033-04-19T14:20,1
Saint Petersburg,2033-04-19T13:50,2033-04-19T14:20,2
Saint Petersburg,2033-04-19T14:20,2033-04-19T15:10,1
Moscow,2033-04-20T22:50,2033-04-20T23:20,1
Moscow,2033-04-20T23:20,2033-04-20T23:50,2
Saint Petersburg,2033-04-20T23:20,2033-04-20T23:50,1
Moscow,2033-04-20T23:50,2033-04-21T00:10,3
Saint Petersburg,2033-04-20T23:50,2033-04-21T00:10,2
Moscow,2033-04-21T00:10,2033-04-21T01:20,4
Saint Petersburg,2033-04-21T00:10,2033-04-21T01:50,3
Moscow,2033-04-21T01:20,2033-04-21T01:50,3
Moscow,2033-04-21T01:50,2033-04-21T02:20,2
Saint Petersburg,2033-04-21T01:50,2033-04-21T02:20,2
Moscow,2033-04-21T02:20,2033-04-21T02:40,1
Saint Petersburg,2033-04-21T02:20,2033-04-21T02:40,1
Moscow,2033-04-21T08:10,2033-04-21T08:35,1
Saint Petersburg,2033-04-21T08:10,2033-04-21T08:35,1
Moscow,2033-04-21T08:35,2033-04-21T08:50,2
Saint Petersburg,2033-04-21T08:35,2033-04-21T08:50,2
Moscow,2033-04-21T08:50,2033-04-21T09:20,3
Saint Petersburg,2033-04-21T08:50,2033-04-21T09:20,3
Moscow,2033-04-21T09:20,2033-04-21T10:40,4
Saint Petersburg,2033-04-21T09:20,2033-04-21T10:40,4
Moscow,2033-04-21T10:40,2033-04-21T11:05,4
Saint Petersburg,2033-04-21T10:40,2033-04-21T11:05,4
Moscow,2033-04-21T11:05,2033-04-21T11:20,4
Saint Petersburg,2033-04-21T11:05,2033-04-21T11:20,4
Moscow,2033-04-21T11:20,2033-04-21T11:50,4
Saint Petersburg,2033-04-21T11:20,2033-04-21T11:50,4
Moscow,2033-04-21T11:50,2033-04-21T13:10,4
Saint Petersburg,2033-04-21T11:50,2033-04-21T13:10,4
Moscow,2033-04-21T13:10,2033-04-21T13:35,4
Saint Petersburg,2033-04-21T13:10,2033-04-21T13:35,4
Moscow,2033-04-21T13:35,2033-04-21T13:50,4
Saint Petersburg,2033-04-21T13:35,2033-04-21T13:50,4
Moscow,2033-04-21T13:50,2033-04-21T14:20,4
Saint Petersburg,2033-04-21T13:50,2033-04-21T14:10,3
Saint Petersburg,2033-04-21T14:10,2033-04-21T14:20,4
Moscow,2033-04-21T14:20,2033-04-21T15:40,4
Saint Petersburg,2033-04-21T14:20,2033-04-21T15:40,4
Moscow,2033-04-21T15:40,2033-04-21T16:05,4
Saint Petersburg,2033-04-21T15:40,2033-04-21T16:05,4
Moscow,2033-04-21T16:05,2033-04-21T16:20,4
Saint Petersburg,2033-04-21T16:05,2033-04-21T16:40,4
Moscow,2033-04-21T16:20,2033-04-21T16:50,4
Saint Petersburg,2033-04-21T16:40,2033-04-21T16:50,4
Moscow,2033-04-21T16:50,2033-04-21T18:10,4
Saint Petersburg,2033-04-21T16:50,2033-04-21T18:10,4
Moscow,2033-04-21T18:10,2033-04-21T18:35,3
Saint Petersburg,2033-04-21T18:10,2033-04-21T18:35,3
Moscow,2033-04-21T18:35,2033-04-21T18:50,2
Saint Petersburg,2033-04-21T18:35,2033-04-21T19:10,2
Moscow,2033-04-21T18:50,2033-04-21T19:20,1
Saint Petersburg,2033-04-21T19:10,2033-04-21T19:20,1
Moscow,2033-04-23T09:35,2033-04-23T09:50,1
Moscow,2033-04-23T09:50,2033-04-23T10:10,2
Moscow,2033-04-23T10:10,2033-04-23T10:50,3
Saint Petersburg,2033-04-23T10:10,2033-04-23T10:50,1
Moscow,2033-04-23T10:50,2033-04-23T12:05,4
Saint Petersburg,2033-04-23T10:50,2033-04-23T11:20,2
Saint Petersburg,2033-04-23T11:20,2033-04-23T11:50,3
Saint Petersburg,2033-04-23T11:50,2033-04-23T12:40,4
Moscow,2033-04-23T12:05,2033-04-23T12:20,4
Moscow,2033-04-23T12:20,2033-04-23T12:40,4
Moscow,2033-04-23T12:40,2033-04-23T13:20,4
Saint Petersburg,2033-04-23T12:40,2033-04-23T13:20,4
Moscow,2033-04-23T13:20,2033-04-23T14:35,4
Saint Petersburg,2033-04-23T13:20,2033-04-23T13:50,4
Saint Petersburg,2033-04-23T13:50,2033-04-23T14:20,4
Saint Petersburg,2033-04-23T14:20,2033-04-23T15:10,4
Moscow,2033-04-23T14:35,2033-04-23T14:50,4
Moscow,2033-04-23T14:50,2033-04-23T15:10,4
Moscow,2033-04-23T15:10,2033-04-23T15:50,4
Saint Petersburg,2033-04-23T15:10,2033-04-23T15:50,4
Moscow,2033-04-23T15:50,2033-04-23T17:05,4
Saint Petersburg,2033-04-23T15:50,2033-04-23T16:20,4
Saint Petersburg,2033-04-23T16:20,2033-04-23T16:50,4
Saint Petersburg,2033-04-23T16:50,2033-04-23T17:20,3
Moscow,2033-04-23T17:05,2033-04-23T17:20,4
Moscow,2033-04-23T17:20,2033-04-23T17:40,4
Saint Petersburg,2033-04-23T17:20,2033-04-23T17:40,4
Moscow,2033-04-23T17:40,2033-04-23T18:20,4
Saint Petersburg,2033-04-23T17:40,2033-04-23T18:20,4
Moscow,2033-04-23T18:20,2033-04-23T19:35,4
Saint Petersburg,2033-04-23T18:20,2033-04-23T18:50,4
Saint Petersburg,2033-04-23T18:50,2033-04-23T19:50,4
Moscow,2033-04-23T19:35,2033-04-23T19:50,4
Moscow,2033-04-23T19:50,2033-04-23T20:10,4
Saint Petersburg,2033-04-23T19:50,2033-04-23T20:10,4
Moscow,2033-04-23T20:10,2033-04-23T20:50,4
Saint Petersburg,2033-04-23T20:10,2033-04-23T20:50,4
Moscow,2033-04-23T20:50,2033-04-23T22:05,4
Saint Petersburg,2033-04-23T20:50,2033-04-23T21:20,4
Saint Petersburg,2033-04-23T21:20,2033-04-23T22:20,4
Moscow,2033-04-23T22:05,2033-04-23T22:20,3
Moscow,2033-04-23T22:20,2033-04-23T22:40,2
Saint Petersburg,2033-04-23T22:20,2033-04-23T22:40,3
Moscow,2033-04-23T22:40,2033-04-23T23:20,1
Saint Petersburg,2033-04-23T22:40,2033-04-23T23:20,2
Saint Petersburg,2033-04-23T23:20,2033-04-23T23:50,1
Moscow,2033-04-25T12:50,2033-04-25T13:20,1
Moscow,2033-04-25T13:20,2033-04-25T13:50,2
Moscow,2033-04-25T13:50,2033-04-25T14:10,3
Saint Petersburg,2033-04-25T13:50,2033-04-25T14:10,1
Moscow,2033-04-25T14:10,2033-04-25T15:20,4
Saint Petersburg,2033-04-25T14:10,2033-04-25T14:50,2
Saint Petersburg,2033-04-25T14:50,2033-04-25T15:20,3
Moscow,2033-04-25T15:20,2033-04-25T15:50,4
Saint Petersburg,2033-04-25T15:20,2033-04-25T16:20,4
Moscow,2033-04-25T15:50,2033-04-25T16:20,4
Moscow,2033-04-25T16:20,2033-04-25T16:40,4
Saint Petersburg,2033-04-25T16:20,2033-04-25T16:40,4
Moscow,2033-04-25T16:40,2033-04-25T16:50,3
Saint Petersburg,2033-04-25T16:40,2033-04-25T17:20,4
Moscow,2033-04-25T16:50,2033-04-25T17:50,4
Saint Petersburg,2033-04-25T17:20,2033-04-25T17:50,4
Moscow,2033-04-25T17:50,2033-04-25T18:20,4
Saint Petersburg,2033-04-25T17:50,2033-04-25T18:50,4
Moscow,2033-04-25T18:20,2033-04-25T18:50,4
Moscow,2033-04-25T18:50,2033-04-25T19:20,4
Saint Petersburg,2033-04-25T18:50,2033-04-25T19:10,4
Saint Petersburg,2033-04-25T19:10,2033-04-25T19:50,3
Moscow,2033-04-25T19:20,2033-04-25T20:20,4
Saint Petersburg,2033-04-25T19:50,2033-04-25T20:10,3
Saint Petersburg,2033-04-25T20:10,2033-04-25T20:20,4
Moscow,2033-04-25T20:20,2033-04-25T20:50,4
Saint Petersburg,2033-04-25T20:20,2033-04-25T21:20,4
Moscow,2033-04-25T20:50,2033-04-25T21:20,4
Moscow,2033-04-25T21:20,2033-04-25T21:50,4
Saint Petersburg,2033-04-25T21:20,2033-04-25T22:20,4
Moscow,2033-04-25T21:50,2033-04-25T22:50,4
Saint Petersburg,2033-04-25T22:20,2033-04-25T22:40,4
Saint Petersburg,2033-04-25T22:40,2033-04-25T22:50,4
Moscow,2033-04-25T22:50,2033-04-25T23:20,4
Saint Petersburg,2033-04-25T22:50,2033-04-25T23:50,4
Moscow,2033-04-25T23:20,2033-04-25T23:50,4
Moscow,2033-04-25T23:50,2033-04-26T00:20,4
Saint Petersburg,2033-04-25T23:50,2033-04-26T00:50,4
Moscow,2033-04-26T00:20,2033-04-26T01:20,4
Saint Petersburg,2033-04-26T00:50,2033-04-26T01:10,4
Saint Petersburg,2033-04-26T01:10,2033-04-26T01:20,3
Moscow,2033-04-26T01:20,2033-04-26T01:50,3
Saint Petersburg,2033-04-26T01:20,2033-04-26T01:50,2
Moscow,2033-04-26T01:50,2033-04-26T02:20,2
Saint Petersburg,2033-04-26T01:50,2033-04-26T02:20,3
Moscow,2033-04-26T02:20,2033-04-26T02:50,1
Saint Petersburg,2033-04-26T02:20,2033-04-26T03:20,2
Saint Petersburg,2033-04-26T03:20,2033-04-26T04:20,1
Moscow,2033-04-27T17:20,2033-04-27T18:10,1
Moscow,2033-04-27T18:10,2033-04-27T18:50,2
Saint Petersburg,2033-04-27T18:10,2033-04-27T18:50,1
Moscow,2033-04-27T18:50,2033-04-27T19:20,3
Saint Petersburg,2033-04-27T18:50,2033-04-27T19:50,2
Moscow,2033-04-27T19:20,2033-04-27T19:50,4
Moscow,2033-04-27T19:50,2033-04-27T20:40,4
Saint Petersburg,2033-04-27T19:50,2033-04-27T20:10,3
Saint Petersburg,2033-04-27T20:10,2033-04-27T20:40,4
Moscow,2033-04-27T20:40,2033-04-27T21:20,4
Saint Petersburg,2033-04-27T20:40,2033-04-27T21:20,4
Moscow,2033-04-27T21:20,2033-04-27T21:50,4
Saint Petersburg,2033-04-27T21:20,2033-04-27T22:20,4
Moscow,2033-04-27T21:50,2033-04-27T22:20,4
Moscow,2033-04-27T22:20,2033-04-27T23:10,4
Saint Petersburg,2033-04-27T22:20,2033-04-27T22:40,4
Saint Petersburg,2033-04-27T22:40,2033-04-27T23:10,4
Moscow,2033-04-27T23:10,2033-04-27T23:50,4
Saint Petersburg,2033-04-27T23:10,2033-04-27T23:50,4
Moscow,2033-04-27T23:50,2033-04-28T00:20,4
Saint Petersburg,2033-04-27T23:50,2033-04-28T00:50,4
Moscow,2033-04-28T00:20,2033-04-28T00:50,4
Moscow,2033-04-28T00:50,2033-04-28T01:40,4
Saint Petersburg,2033-04-28T00:50,2033-04-28T01:10,4
Saint Petersburg,2033-04-28T01:10,2033-04-28T01:40,4
Moscow,2033-04-28T01:40,2033-04-28T02:20,4
Saint Petersburg,2033-04-28T01:40,2033-04-28T02:20,4
Moscow,2033-04-28T02:20,2033-04-28T02:50,4
Saint Petersburg,2033-04-28T02:20,2033-04-28T03:20,4
Moscow,2033-04-28T02:50,2033-04-28T03:20,3
Moscow,2033-04-28T03:20,2033-04-28T04:10,2
Saint Petersburg,2033-04-28T03:20,2033-04-28T03:40,3
Saint Petersburg,2033-04-28T03:40,2033-04-28T04:10,2
Moscow,2033-04-28T04:10,2033-04-28T04:50,1
Saint Petersburg,2033-04-28T04:10,2033-04-28T04:50,1
Moscow,2033-04-28T08:10,2033-04-28T08:35,1
Saint Petersburg,2033-04-28T08:10,2033-04-28T08:35,1
Moscow,2033-04-28T08:35,2033-04-28T08:50,2
Saint Petersburg,2033-04-28T08:35,2033-04-28T08:50,2
Moscow,2033-04-28T08:50,2033-04-28T09:20,3
Saint Petersburg,2033-04-28T08:50,2033-04-28T09:20,3
Moscow,2033-04-28T09:20,2033-04-28T10:40,4
Saint Petersburg,2033-04-28T09:20,2033-04-28T10:40,4
Moscow,2033-04-28T10:40,2033-04-28T11:05,4
Saint Petersburg,2033-04-28T10:40,2033-04-28T11:05,4
Moscow,2033-04-28T11:05,2033-04-28T11:20,3
Saint Petersburg,2033-04-28T11:05,2033-04-28T11:20,3
Moscow,2033-04-28T11:20,2033-04-28T11:50,2
Saint Petersburg,2033-04-28T11:20,2033-04-28T11:50,2
Moscow,2033-04-28T11:50,2033-04-28T13:10,1
Saint Petersburg,2033-04-28T11:50,2033-04-28T13:10,1
Moscow,2033-04-29T21:20,2033-04-29T21:50,1
Moscow,2033-04-29T21:50,2033-04-29T22:10,2
Moscow,2033-04-29T22:10,2033-04-29T22:50,3
Saint Petersburg,2033-04-29T22:10,2033-04-29T23:20,1
Moscow,2033-04-29T22:50,2033-04-29T23:50,4
Saint Petersburg,2033-04-29T23:20,2033-04-29T23:50,2
Moscow,2033-04-29T23:50,2033-04-30T00:20,4
Saint Petersburg,2033-04-29T23:50,2033-04-30T00:35,3
Moscow,2033-04-30T00:20,2033-04-30T00:40,4
Saint Petersburg,2033-04-30T00:35,2033-04-30T00:40,4
Moscow,2033-04-30T00:40,2033-04-30T01:20,4
Saint Petersburg,2033-04-30T00:40,2033-04-30T00:50,3
Saint Petersburg,2033-04-30T00:50,2033-04-30T01:50,4
Moscow,2033-04-30T01:20,2033-04-30T02:20,3
Saint Petersburg,2033-04-30T01:50,2033-04-30T02:10,3
Saint Petersburg,2033-04-30T02:10,2033-04-30T02:20,4
Moscow,2033-04-30T02:20,2033-04-30T02:50,2
Saint Petersburg,2033-04-30T02:20,2033-04-30T03:05,3
Moscow,2033-04-30T02:50,2033-04-30T03:10,1
Saint Petersburg,2033-04-30T03:05,2033-04-30T03:20,2
Saint Petersburg,2033-04-30T03:20,2033-04-30T04:40,1
Moscow,2033-04-30T08:10,2033-04-30T08:35,1
Saint Petersburg,2033-04-30T08:10,2033-04-30T08:35,1
Moscow,2033-04-30T08:35,2033-04-30T08:50,2
Saint Petersburg,2033-04-30T08:35,2033-04-30T08:50,2
Moscow,2033-04-30T08:50,2033-04-30T09:20,3
Saint Petersburg,2033-04-30T08:50,2033-04-30T09:20,3
Moscow,2033-04-30T09:20,2033-04-30T10:40,4
Saint Petersburg,2033-04-30T09:20,2033-04-30T10:40,4
Moscow,2033-04-30T10:40,2033-04-30T11:05,4
Saint Petersburg,2033-04-30T10:40,2033-04-30T11:05,4
Moscow,2033-04-30T11:05,2033-04-30T11:20,4
Saint Petersburg,2033-04-30T11:05,2033-04-30T11:20,4
Moscow,2033-04-30T11:20,2033-04-30T11:50,4
Saint Petersburg,2033-04-30T11:20,2033-04-30T11:50,4
Moscow,2033-04-30T11:50,2033-04-30T13:10,4
Saint Petersburg,2033-04-30T11:50,2033-04-30T13:10,4
Moscow,2033-04-30T13:10,2033-04-30T13:35,4
Saint Petersburg,2033-04-30T13:10,2033-04-30T13:35,4
Moscow,2033-04-30T13:35,2033-04-30T13:50,4
Saint Petersburg,2033-04-30T13:35,2033-04-30T13:50,4
Moscow,2033-04-30T13:50,2033-04-30T14:20,4
Saint Petersburg,2033-04-30T13:50,2033-04-30T14:20,4
Moscow,2033-04-30T14:20,2033-04-30T15:40,4
Saint Petersburg,2033-04-30T14:20,2033-04-30T15:40,4
Moscow,2033-04-30T15:40,2033-04-30T16:05,4
Saint Petersburg,2033-04-30T15:40,2033-04-30T16:05,4
Moscow,2033-04-30T16:05,2033-04-30T16:20,3
Saint Petersburg,2033-04-30T16:05,2033-04-30T16:20,3
Moscow,2033-04-30T16:20,2033-04-30T16:50,2
Saint Petersburg,2033-04-30T16:20,2033-04-30T16:50,2
Moscow,2033-04-30T16:50,2033-04-30T18:10,1
Saint Petersburg,2033-04-30T16:50,2033-04-30T18:10,1
Moscow,2033-05-02T08:35,2033-05-02T08:50,1
Moscow,2033-05-02T08:50,2033-05-02T09:20,2
Saint Petersburg,2033-05-02T08:50,2033-05-02T09:20,1
Moscow,2033-05-02T09:20,2033-05-02T09:35,3
Saint Petersburg,2033-05-02T09:20,2033-05-02T09:50,2
Moscow,2033-05-02T09:35,2033-05-02T11:05,4
Saint Petersburg,2033-05-02T09:50,2033-05-02T11:20,3
Moscow,2033-05-02T11:05,2033-05-02T11:20,4
Moscow,2033-05-02T11:20,2033-05-02T11:50,4
Saint Petersburg,2033-05-02T11:20,2033-05-02T11:50,3
Moscow,2033-05-02T11:50,2033-05-02T12:05,4
Saint Petersburg,2033-05-02T11:50,2033-05-02T12:10,3
Moscow,2033-05-02T12:05,2033-05-02T13:35,4
Saint Petersburg,2033-05-02T12:10,2033-05-02T12:20,4
Saint Petersburg,2033-05-02T12:20,2033-05-02T12:35,3
Saint Petersburg,2033-05-02T12:35,2033-05-02T13:50,4
Moscow,2033-05-02T13:35,2033-05-02T13:50,4
Moscow,2033-05-02T13:50,2033-05-02T14:20,4
Saint Petersburg,2033-05-02T13:50,2033-05-02T14:10,3
Saint Petersburg,2033-05-02T14:10,2033-05-02T14:20,4
Moscow,2033-05-02T14:20,2033-05-02T14:35,4
Saint Petersburg,2033-05-02T14:20,2033-05-02T14:40,4
Moscow,2033-05-02T14:35,2033-05-02T16:05,4
Saint Petersburg,2033-05-02T14:40,2033-05-02T14:50,3
Saint Petersburg,2033-05-02T14:50,2033-05-02T15:05,4
Saint Petersburg,2033-05-02T15:05,2033-05-02T16:40,4
Moscow,2033-05-02T16:05,2033-05-02T16:20,4
Moscow,2033-05-02T16:20,2033-05-02T16:50,4
Saint Petersburg,2033-05-02T16:40,2033-05-02T16:50,4
Moscow,2033-05-02T16:50,2033-05-02T17:05,4
Saint Petersburg,2033-05-02T16:50,2033-05-02T17:20,4
Moscow,2033-05-02T17:05,2033-05-02T18:35,4
Saint Petersburg,2033-05-02T17:20,2033-05-02T17:35,4
Saint Petersburg,2033-05-02T17:35,2033-05-02T19:10,4
Moscow,2033-05-02T18:35,2033-05-02T18:50,4
Moscow,2033-05-02T18:50,2033-05-02T19:20,4
Saint Petersburg,2033-05-02T19:10,2033-05-02T19:20,4
Moscow,2033-05-02T19:20,2033-05-02T19:35,4
Saint Petersburg,2033-05-02T19:20,2033-05-02T19:50,4
Moscow,2033-05-02T19:35,2033-05-02T21:05,4
Saint Petersburg,2033-05-02T19:50,2033-05-02T20:05,4
Saint Petersburg,2033-05-02T20:05,2033-05-02T21:40,4
Moscow,2033-05-02T21:05,2033-05-02T21:20,3
Moscow,2033-05-02T21:20,2033-05-02T21:50,2
Saint Petersburg,2033-05-02T21:40,2033-05-02T21:50,3
Moscow,2033-05-02T21:50,2033-05-02T22:05,1
Saint Petersburg,2033-05-02T21:50,2033-05-02T22:20,2
Saint Petersburg,2033-05-02T22:20,2033-05-02T22:35,1
Moscow,2033-05-04T11:50,2033-05-04T12:10,1
Moscow,2033-05-04T12:10,2033-05-04T12:35,2
Moscow,2033-05-04T12:35,2033-05-04T12:50,3
Saint Petersburg,2033-05-04T12:35,2033-05-04T12:50,1
Moscow,2033-05-04T12:50,2033-05-04T14:20,4
Saint Petersburg,2033-05-04T12:50,2033-05-04T13:20,2
Saint Petersburg,2033-05-04T13:20,2033-05-04T13:50,3
Saint Petersburg,2033-05-04T13:50,2033-05-04T15:05,4
Moscow,2033-05-04T14:20,2033-05-04T14:40,4
Moscow,2033-05-04T14:40,2033-05-04T15:05,4
Moscow,2033-05-04T15:05,2033-05-04T15:20,4
Saint Petersburg,2033-05-04T15:05,2033-05-04T15:20,4
Moscow,2033-05-04T15:20,2033-05-04T16:50,4
Saint Petersburg,2033-05-04T15:20,2033-05-04T15:50,4
Saint Petersburg,2033-05-04T15:50,2033-05-04T16:20,4
Saint Petersburg,2033-05-04T16:20,2033-05-04T17:35,4
Moscow,2033-05-04T16:50,2033-05-04T17:10,4
Moscow,2033-05-04T17:10,2033-05-04T17:35,4
Moscow,2033-05-04T17:35,2033-05-04T17:50,4
Saint Petersburg,2033-05-04T17:35,2033-05-04T17:50,4
Moscow,2033-05-04T17:50,2033-05-04T19:20,4
Saint Petersburg,2033-05-04T17:50,2033-05-04T18:20,4
Saint Petersburg,2033-05-04T18:20,2033-05-04T18:50,4
Saint Petersburg,2033-05-04T18:50,2033-05-04T20:05,4
Moscow,2033-05-04T19:20,2033-05-04T19:40,4
Moscow,2033-05-04T19:40,2033-05-04T20:05,4
Moscow,2033-05-04T20:05,2033-05-04T20:20,4
Saint Petersburg,2033-05-04T20:05,2033-05-04T20:20,4
Moscow,2033-05-04T20:20,2033-05-04T21:50,4
Saint Petersburg,2033-05-04T20:20,2033-05-04T20:50,4
Saint Petersburg,2033-05-04T20:50,2033-05-04T21:20,4
Saint Petersburg,2033-05-04T21:20,2033-05-04T22:35,4
Moscow,2033-05-04T21:50,2033-05-04T22:10,4
Moscow,2033-05-04T22:10,2033-05-04T22:35,4
Moscow,2033-05-04T22:35,2033-05-04T22:50,4
Saint Petersburg,2033-05-04T22:35,2033-05-04T22:50,4
Moscow,2033-05-04T22:50,2033-05-05T00:20,4
Saint Petersburg,2033-05-04T22:50,2033-05-04T23:20,4
Saint Petersburg,2033-05-04T23:20,2033-05-04T23:50,3
Saint Petersburg,2033-05-04T23:50,2033-05-05T01:05,2
Moscow,2033-05-05T00:20,2033-05-05T00:40,3
Moscow,2033-05-05T00:40,2033-05-05T01:05,2
Moscow,2033-05-05T01:05,2033-05-05T01:20,1
Saint Petersburg,2033-05-05T01:05,2033-05-05T01:20,1
Saint Petersburg,2033-05-05T07:50,2033-05-05T10:20,1
Moscow,2033-05-06T15:20,2033-05-06T16:10,1
Moscow,2033-05-06T16:10,2033-05-06T16:50,2
Saint Petersburg,2033-05-06T16:10,2033-05-06T16:50,1
Moscow,2033-05-06T16:50,2033-05-06T17:20,3
Saint Petersburg,2033-05-06T16:50,2033-05-06T18:10,2
Moscow,2033-05-06T17:20,2033-05-06T17:50,4
Moscow,2033-05-06T17:50,2033-05-06T18:10,3
Moscow,2033-05-06T18:10,2033-05-06T18:40,4
Saint Petersburg,2033-05-06T18:10,2033-05-06T18:40,3
Moscow,2033-05-06T18:40,2033-05-06T18:50,3
Saint Petersburg,2033-05-06T18:40,2033-05-06T18:50,2
Moscow,2033-05-06T18:50,2033-05-06T19:20,4
Saint Petersburg,2033-05-06T18:50,2033-05-06T19:20,3
Moscow,2033-05-06T19:20,2033-05-06T19:50,4
Saint Petersburg,2033-05-06T19:20,2033-05-06T20:10,2
Moscow,2033-05-06T19:50,2033-05-06T20:40,4
Saint Petersburg,2033-05-06T20:10,2033-05-06T20:40,3
Moscow,2033-05-06T20:40,2033-05-06T21:20,4
Saint Petersburg,2033-05-06T20:40,2033-05-06T20:50,2
Saint Petersburg,2033-05-06T20:50,2033-05-06T21:20,3
Moscow,2033-05-06T21:20,2033-05-06T21:50,4
Saint Petersburg,2033-05-06T21:20,2033-05-06T22:35,3
Moscow,2033-05-06T21:50,2033-05-06T22:20,4
Moscow,2033-05-06T22:20,2033-05-06T23:10,4
Saint Petersburg,2033-05-06T22:35,2033-05-06T22:40,4
Saint Petersburg,2033-05-06T22:40,2033-05-06T23:20,4
Moscow,2033-05-06T23:10,2033-05-06T23:50,4
Saint Petersburg,2033-05-06T23:20,2033-05-06T23:50,4
Moscow,2033-05-06T23:50,2033-05-07T00:20,4
Saint Petersburg,2033-05-06T23:50,2033-05-07T01:05,4
Moscow,2033-05-07T00:20,2033-05-07T00:50,4
Moscow,2033-05-07T00:50,2033-05-07T01:40,4
Saint Petersburg,2033-05-07T01:05,2033-05-07T01:10,4
Saint Petersburg,2033-05-07T01:10,2033-05-07T01:50,4
Moscow,2033-05-07T01:40,2033-05-07T02:20,4
Saint Petersburg,2033-05-07T01:50,2033-05-07T02:20,4
Moscow,2033-05-07T02:20,2033-05-07T02:50,4
Saint Petersburg,2033-05-07T02:20,2033-05-07T03:35,4
Moscow,2033-05-07T02:50,2033-05-07T03:20,3
Moscow,2033-05-07T03:20,2033-05-07T04:10,2
Saint Petersburg,2033-05-07T03:35,2033-05-07T03:40,4
Saint Petersburg,2033-05-07T03:40,2033-05-07T04:20,4
Moscow,2033-05-07T04:10,2033-05-07T04:50,1
Saint Petersburg,2033-05-07T04:20,2033-05-07T04:50,3
Saint Petersburg,2033-05-07T04:50,2033-05-07T06:05,2
Saint Petersburg,2033-05-07T06:05,2033-05-07T06:10,1
Moscow,2033-05-07T08:10,2033-05-07T08:35,1
Saint Petersburg,2033-05-07T08:10,2033-05-07T08:35,1
Moscow,2033-05-07T08:35,2033-05-07T10:40,2
Saint Petersburg,2033-05-07T08:35,2033-05-07T10:40,2
Moscow,2033-05-07T10:40,2033-05-07T11:05,1
Saint Petersburg,2033-05-07T10:40,2033-05-07T11:05,1
Moscow,2033-05-08T20:10,2033-05-08T20:35,1
Moscow,2033-05-08T20:35,2033-05-08T20:50,2
Moscow,2033-05-08T20:50,2033-05-08T21:20,3
Saint Petersburg,2033-05-08T20:50,2033-05-08T21:20,1
Moscow,2033-05-08T21:20,2033-05-08T22:40,4
Saint Petersburg,2033-05-08T21:20,2033-05-08T21:50,2
Saint Petersburg,2033-05-08T21:50,2033-05-08T22:10,3
Saint Petersburg,2033-05-08T22:10,2033-05-08T23:20,4
Moscow,2033-05-08T22:40,2033-05-08T23:05,4
Moscow,2033-05-08T23:05,2033-05-08T23:20,4
Moscow,2033-05-08T23:20,2033-05-08T23:50,4
Saint Petersburg,2033-05-08T23:20,2033-05-08T23:50,4
Moscow,2033-05-08T23:50,2033-05-09T01:10,4
Saint Petersburg,2033-05-08T23:50,2033-05-09T00:20,4
Saint Petersburg,2033-05-09T00:20,2033-05-09T00:40,4
Saint Petersburg,2033-05-09T00:40,2033-05-09T01:50,4
Moscow,2033-05-09T01:10,2033-05-09T01:35,4
Moscow,2033-05-09T01:35,2033-05-09T01:50,4
Moscow,2033-05-09T01:50,2033-05-09T02:20,3
Saint Petersburg,2033-05-09T01:50,2033-05-09T02:20,4
Moscow,2033-05-09T02:20,2033-05-09T03:40,2
Saint Petersburg,2033-05-09T02:20,2033-05-09T02:50,3
Saint Petersburg,2033-05-09T02:50,2033-05-09T03:10,2
Saint Petersburg,2033-05-09T03:10,2033-05-09T04:20,1
Moscow,2033-05-09T03:40,2033-05-09T04:05,1
Moscow,2033-05-09T08:10,2033-05-09T08:35,1
Saint Petersburg,2033-05-09T08:10,2033-05-09T08:35,1
Moscow,2033-05-09T08:35,2033-05-09T08:50,2
Saint Petersburg,2033-05-09T08:35,2033-05-09T08:50,2
Moscow,2033-05-09T08:50,2033-05-09T09:20,3
Saint Petersburg,2033-05-09T08:50,2033-05-09T09:20,3
Moscow,2033-05-09T09:20,2033-05-09T10:40,4
Saint Petersburg,2033-05-09T09:20,2033-05-09T10:40,4
Moscow,2033-05-09T10:40,2033-05-09T11:05,4
Saint Petersburg,2033-05-09T10:40,2033-05-09T11:05,4
Moscow,2033-05-09T11:05,2033-05-09T11:20,4
Saint Petersburg,2033-05-09T11:05,2033-05-09T11:20,4
Moscow,2033-05-09T11:20,2033-05-09T11:50,4
Saint Petersburg,2033-05-09T11:20,2033-05-09T11:50,4
Moscow,2033-05-09T11:50,2033-05-09T13:10,4
Saint Petersburg,2033-05-09T11:50,2033-05-09T12:50,3
Saint Petersburg,2033-05-09T12:50,2033-05-09T13:10,4
Moscow,2033-05-09T13:10,2033-05-09T13:35,4
Saint Petersburg,2033-05-09T13:10,2033-05-09T13:35,4
Moscow,2033-05-09T13:35,2033-05-09T13:50,4
Saint Petersburg,2033-05-09T13:35,2033-05-09T13:50,4
Moscow,2033-05-09T13:50,2033-05-09T14:20,3
Saint Petersburg,2033-05-09T13:50,2033-05-09T15:20,3
Moscow,2033-05-09T14:20,2033-05-09T15:40,2
Saint Petersburg,2033-05-09T15:20,2033-05-09T15:40,2
Moscow,2033-05-09T15:40,2033-05-09T16:05,1
Saint Petersburg,2033-05-09T15:40,2033-05-09T16:05,1
Moscow,2033-05-10T23:50,2033-05-11T00:10,1
Moscow,2033-05-11T00:10,2033-05-11T02:20,2
Saint Petersburg,2033-05-11T00:10,2033-05-11T02:40,1
Moscow,2033-05-11T02:20,2033-05-11T02:40,1
Moscow,2033-05-11T08:10,2033-05-11T08:35,1
Saint Petersburg,2033-05-11T08:10,2033-05-11T08:35,1
Moscow,2033-05-11T08:35,2033-05-11T08:50,2
Saint Petersburg,2033-05-11T08:35,2033-05-11T08:50,2
Moscow,2033-05-11T08:50,2033-05-11T09:20,3
Saint Petersburg,2033-05-11T08:50,2033-05-11T09:20,3
Moscow,2033-05-11T09:20,2033-05-11T10:40,4
Saint Petersburg,2033-05-11T09:20,2033-05-11T10:40,4
Moscow,2033-05-11T10:40,2033-05-11T11:05,4
Saint Petersburg,2033-05-11T10:40,2033-05-11T11:05,4
Moscow,2033-05-11T11:05,2033-05-11T11:20,4
Saint Petersburg,2033-05-11T11:05,2033-05-11T11:20,4
Moscow,2033-05-11T11:20,2033-05-11T11:50,4
Saint Petersburg,2033-05-11T11:20,2033-05-11T11:50,4
Moscow,2033-05-11T11:50,2033-05-11T13:10,4
Saint Petersburg,2033-05-11T11:50,2033-05-11T13:10,4
Moscow,2033-05-11T13:10,2033-05-11T13:35,4
Saint Petersburg,2033-05-11T13:10,2033-05-11T13:35,4
Moscow,2033-05-11T13:35,2033-05-11T13:50,4
Saint Petersburg,2033-05-11T13:35,2033-05-11T13:50,4
Moscow,2033-05-11T13:50,2033-05-11T14:20,4
Saint Petersburg,2033-05-11T13:50,2033-05-11T14:20,4
Moscow,2033-05-11T14:20,2033-05-11T15:40,4
Saint Petersburg,2033-05-11T14:20,2033-05-11T14:50,3
Saint Petersburg,2033-05-11T14:50,2033-05-11T15:40,4
Moscow,2033-05-11T15:40,2033-05-11T16:05,4
Saint Petersburg,2033-05-11T15:40,2033-05-11T16:05,4
Moscow,2033-05-11T16:05,2033-05-11T16:20,4
Saint Petersburg,2033-05-11T16:05,2033-05-11T16:10,3
Saint Petersburg,2033-05-11T16:10,2033-05-11T16:20,4
Moscow,2033-05-11T16:20,2033-05-11T16:50,4
Saint Petersburg,2033-05-11T16:20,2033-05-11T17:20,4
Moscow,2033-05-11T16:50,2033-05-11T18:10,4
Saint Petersburg,2033-05-11T17:20,2033-05-11T18:10,4
Moscow,2033-05-11T18:10,2033-05-11T18:35,4
Saint Petersburg,2033-05-11T18:10,2033-05-11T18:40,4
Moscow,2033-05-11T18:35,2033-05-11T18:50,4
Saint Petersburg,2033-05-11T18:40,2033-05-11T18:50,4
Moscow,2033-05-11T18:50,2033-05-11T19:20,3
Saint Petersburg,2033-05-11T18:50,2033-05-11T19:50,3
Moscow,2033-05-11T19:20,2033-05-11T20:40,2
Saint Petersburg,2033-05-11T19:50,2033-05-11T20:40,2
Moscow,2033-05-11T20:40,2033-05-11T21:05,1
Saint Petersburg,2033-05-11T20:40,2033-05-11T21:10,1
Moscow,2033-05-13T10:10,2033-05-13T10:50,1
Moscow,2033-05-13T10:50,2033-05-13T11:20,2
Moscow,2033-05-13T11:20,2033-05-13T11:50,3
Saint Petersburg,2033-05-13T11:20,2033-05-13T11:50,1
Moscow,2033-05-13T11:50,2033-05-13T12:40,4
Saint Petersburg,2033-05-13T11:50,2033-05-13T12:10,2
Saint Petersburg,2033-05-13T12:10,2033-05-13T12:35,3
Saint Petersburg,2033-05-13T12:35,2033-05-13T13:50,4
Moscow,2033-05-13T12:40,2033-05-13T13:20,4
Moscow,2033-05-13T13:20,2033-05-13T13:50,4
Moscow,2033-05-13T13:50,2033-05-13T14:20,4
Saint Petersburg,2033-05-13T13:50,2033-05-13T14:20,4
Moscow,2033-05-13T14:20,2033-05-13T15:10,4
Saint Petersburg,2033-05-13T14:20,2033-05-13T14:40,4
Saint Petersburg,2033-05-13T14:40,2033-05-13T15:05,4
Saint Petersburg,2033-05-13T15:05,2033-05-13T16:20,4
Moscow,2033-05-13T15:10,2033-05-13T15:50,4
Moscow,2033-05-13T15:50,2033-05-13T16:20,4
Moscow,2033-05-13T16:20,2033-05-13T16:50,4
Saint Petersburg,2033-05-13T16:20,2033-05-13T16:50,4
Moscow,2033-05-13T16:50,2033-05-13T17:40,4
Saint Petersburg,2033-05-13T16:50,2033-05-13T17:10,4
Saint Petersburg,2033-05-13T17:10,2033-05-13T17:35,4
Saint Petersburg,2033-05-13T17:35,2033-05-13T18:50,4
Moscow,2033-05-13T17:40,2033-05-13T18:20,4
Moscow,2033-05-13T18:20,2033-05-13T18:50,4
Moscow,2033-05-13T18:50,2033-05-13T19:20,4
Saint Petersburg,2033-05-13T18:50,2033-05-13T19:20,4
Moscow,2033-05-13T19:20,2033-05-13T20:10,4
Saint Petersburg,2033-05-13T19:20,2033-05-13T19:40,4
Saint Petersburg,2033-05-13T19:40,2033-05-13T20:05,4
Saint Petersburg,2033-05-13T20:05,2033-05-13T21:20,4
Moscow,2033-05-13T20:10,2033-05-13T20:50,4
Moscow,2033-05-13T20:50,2033-05-13T21:20,4
Moscow,2033-05-13T21:20,2033-05-13T21:50,4
Saint Petersburg,2033-05-13T21:20,2033-05-13T21:50,4
Moscow,2033-05-13T21:50,2033-05-13T22:40,4
Saint Petersburg,2033-05-13T21:50,2033-05-13T22:10,4
Saint Petersburg,2033-05-13T22:10,2033-05-13T22:35,4
Saint Petersburg,2033-05-13T22:35,2033-05-13T23:50,3
Moscow,2033-05-13T22:40,2033-05-13T23:20,3
Moscow,2033-05-13T23:20,2033-05-13T23:50,2
Moscow,2033-05-13T23:50,2033-05-14T00:20,1
Saint Petersburg,2033-05-13T23:50,2033-05-14T00:20,2
Saint Petersburg,2033-05-14T00:20,2033-05-14T00:40,1
Moscow,2033-05-15T13:50,2033-05-15T14:10,1
Moscow,2033-05-15T14:10,2033-05-15T14:50,2
Moscow,2033-05-15T14:50,2033-05-15T15:20,3
Saint Petersburg,2033-05-15T14:50,2033-05-15T15:20,1
Moscow,2033-05-15T15:20,2033-05-15T16:20,4
Saint Petersburg,2033-05-15T15:20,2033-05-15T15:50,2
Saint Petersburg,2033-05-15T15:50,2033-05-15T17:20,3
Moscow,2033-05-15T16:20,2033-05-15T16:40,4
Moscow,2033-05-15T16:40,2033-05-15T16:50,3
Moscow,2033-05-15T16:50,2033-05-15T17:20,4
Moscow,2033-05-15T17:20,2033-05-15T17:50,4
Saint Petersburg,2033-05-15T17:20,2033-05-15T17:50,3
Moscow,2033-05-15T17:50,2033-05-15T18:10,3
Saint Petersburg,2033-05-15T17:50,2033-05-15T18:10,2
Moscow,2033-05-15T18:10,2033-05-15T18:50,4
Saint Petersburg,2033-05-15T18:10,2033-05-15T18:20,4
Saint Petersburg,2033-05-15T18:20,2033-05-15T18:50,3
Moscow,2033-05-15T18:50,2033-05-15T19:20,4
Saint Petersburg,2033-05-15T18:50,2033-05-15T19:50,4
Moscow,2033-05-15T19:20,2033-05-15T19:50,4
Moscow,2033-05-15T19:50,2033-05-15T20:40,4
Saint Petersburg,2033-05-15T19:50,2033-05-15T20:40,4
Moscow,2033-05-15T20:40,2033-05-15T21:20,4
Saint Petersburg,2033-05-15T20:40,2033-05-15T21:20,4
Moscow,2033-05-15T21:20,2033-05-15T21:50,4
Saint Petersburg,2033-05-15T21:20,2033-05-15T22:20,4
Moscow,2033-05-15T21:50,2033-05-15T22:20,4
Moscow,2033-05-15T22:20,2033-05-15T23:10,4
Saint Petersburg,2033-05-15T22:20,2033-05-15T23:10,4
Moscow,2033-05-15T23:10,2033-05-15T23:50,4
Saint Petersburg,2033-05-15T23:10,2033-05-15T23:50,4
Moscow,2033-05-15T23:50,2033-05-16T00:20,4
Saint Petersburg,2033-05-15T23:50,2033-05-16T00:50,4
Moscow,2033-05-16T00:20,2033-05-16T00:50,4
Moscow,2033-05-16T00:50,2033-05-16T01:40,4
Saint Petersburg,2033-05-16T00:50,2033-05-16T01:40,4
Moscow,2033-05-16T01:40,2033-05-16T02:20,4
Saint Petersburg,2033-05-16T01:40,2033-05-16T02:20,4
Moscow,2033-05-16T02:20,2033-05-16T02:50,3
Saint Petersburg,2033-05-16T02:20,2033-05-16T03:20,3
Moscow,2033-05-16T02:50,2033-05-16T03:20,2
Moscow,2033-05-16T03:20,2033-05-16T04:10,1
Saint Petersburg,2033-05-16T03:20,2033-05-16T04:10,2
Saint Petersburg,2033-05-16T05:50,2033-05-16T08:20,1
Moscow,2033-05-17T18:50,2033-05-17T19:20,1
Moscow,2033-05-17T19:20,2033-05-17T19:50,2
Moscow,2033-05-17T19:50,2033-05-17T20:10,3
Saint Petersburg,2033-05-17T19:50,2033-05-17T20:10,1
Moscow,2033-05-17T20:10,2033-05-17T21:20,4
Saint Petersburg,2033-05-17T20:10,2033-05-17T20:35,2
Saint Petersburg,2033-05-17T20:35,2033-05-17T20:50,3
Saint Petersburg,2033-05-17T20:50,2033-05-17T22:20,4
Moscow,2033-05-17T21:20,2033-05-17T21:50,4
Moscow,2033-05-17T21:50,2033-05-17T22:20,4
Moscow,2033-05-17T22:20,2033-05-17T22:40,4
Saint Petersburg,2033-05-17T22:20,2033-05-17T22:40,4
Moscow,2033-05-17T22:40,2033-05-17T23:50,4
Saint Petersburg,2033-05-17T22:40,2033-05-17T23:05,4
Saint Petersburg,2033-05-17T23:05,2033-05-17T23:20,4
Saint Petersburg,2033-05-17T23:20,2033-05-18T00:50,4
Moscow,2033-05-17T23:50,2033-05-18T00:20,4
Moscow,2033-05-18T00:20,2033-05-18T00:50,4
Moscow,2033-05-18T00:50,2033-05-18T01:10,4
Saint Petersburg,2033-05-18T00:50,2033-05-18T01:10,4
Moscow,2033-05-18T01:10,2033-05-18T02:20,4
Saint Petersburg,2033-05-18T01:10,2033-05-18T01:35,4
Saint Petersburg,2033-05-18T01:35,2033-05-18T01:50,4
Saint Petersburg,2033-05-18T01:50,2033-05-18T03:20,4
Moscow,2033-05-18T02:20,2033-05-18T02:50,4
Moscow,2033-05-18T02:50,2033-05-18T03:20,3
Moscow,2033-05-18T03:20,2033-05-18T03:40,2
Saint Petersburg,2033-05-18T03:20,2033-05-18T03:40,3
Moscow,2033-05-18T03:40,2033-05-18T04:50,1
Saint Petersburg,2033-05-18T03:40,2033-05-18T04:05,2
Saint Petersburg,2033-05-18T04:05,2033-05-18T04:20,1
Moscow,2033-05-18T08:10,2033-05-18T08:35,1
Saint Petersburg,2033-05-18T08:10,2033-05-18T08:35,1
Moscow,2033-05-18T08:35,2033-05-18T08:50,2
Saint Petersburg,2033-05-18T08:35,2033-05-18T08:50,2
Moscow,2033-05-18T08:50,2033-05-18T09:20,3
Saint Petersburg,2033-05-18T08:50,2033-05-18T09:20,3
Moscow,2033-05-18T09:20,2033-05-18T10:40,4
Saint Petersburg,2033-05-18T09:20,2033-05-18T10:40,4
Moscow,2033-05-18T10:40,2033-05-18T11:05,4
Saint Petersburg,2033-05-18T10:40,2033-05-18T11:05,4
Moscow,2033-05-18T11:05,2033-05-18T11:20,4
Saint Petersburg,2033-05-18T11:05,2033-05-18T11:20,4
Moscow,2033-05-18T11:20,2033-05-18T11:50,4
Saint Petersburg,2033-05-18T11:20,2033-05-18T11:50,3
Moscow,2033-05-18T11:50,2033-05-18T13:10,3
Saint Petersburg,2033-05-18T11:50,2033-05-18T12:10,2
Saint Petersburg,2033-05-18T12:10,2033-05-18T13:10,3
Moscow,2033-05-18T13:10,2033-05-18T13:35,2
Saint Petersburg,2033-05-18T13:10,2033-05-18T13:35,2
Moscow,2033-05-18T13:35,2033-05-18T13:50,1
Saint Petersburg,2033-05-18T13:35,2033-05-18T14:40,1
Moscow,2033-05-19T22:10,2033-05-19T22:50,1
Moscow,2033-05-19T22:50,2033-05-19T23:20,2
Saint Petersburg,2033-05-19T22:50,2033-05-20T00:10,1
Moscow,2033-05-19T23:20,2033-05-19T23:50,3
Moscow,2033-05-19T23:50,2033-05-20T00:40,4
Saint Petersburg,2033-05-20T00:10,2033-05-20T01:20,2
Moscow,2033-05-20T00:40,2033-05-20T01:20,4
Moscow,2033-05-20T01:20,2033-05-20T01:50,3
Saint Petersburg,2033-05-20T01:20,2033-05-20T01:50,2
Moscow,2033-05-20T01:50,2033-05-20T02:20,2
Saint Petersburg,2033-05-20T01:50,2033-05-20T02:40,3
Moscow,2033-05-20T02:20,2033-05-20T03:10,1
Saint Petersburg,2033-05-20T02:40,2033-05-20T03:50,2
Saint Petersburg,2033-05-20T03:50,2033-05-20T04:20,1
Moscow,2033-05-20T08:10,2033-05-20T08:35,1
Saint Petersburg,2033-05-20T08:10,2033-05-20T08:50,1
Moscow,2033-05-20T08:35,2033-05-20T08:50,2
Moscow,2033-05-20T08:50,2033-05-20T09:20,3
Saint Petersburg,2033-05-20T08:50,2033-05-20T09:20,2
Moscow,2033-05-20T09:20,2033-05-20T10:40,4
Saint Petersburg,2033-05-20T09:20,2033-05-20T10:35,3
Saint Petersburg,2033-05-20T10:35,2033-05-20T10:40,4
Moscow,2033-05-20T10:40,2033-05-20T11:05,4
Saint Petersburg,2033-05-20T10:40,2033-05-20T11:20,4
Moscow,2033-05-20T11:05,2033-05-20T11:20,4
Moscow,2033-05-20T11:20,2033-05-20T11:50,4
Saint Petersburg,2033-05-20T11:20,2033-05-20T11:50,4
Moscow,2033-05-20T11:50,2033-05-20T13:10,4
Saint Petersburg,2033-05-20T11:50,2033-05-20T13:05,4
Saint Petersburg,2033-05-20T13:05,2033-05-20T13:10,4
Moscow,2033-05-20T13:10,2033-05-20T13:35,4
Saint Petersburg,2033-05-20T13:10,2033-05-20T13:50,4
Moscow,2033-05-20T13:35,2033-05-20T13:50,4
Moscow,2033-05-20T13:50,2033-05-20T14:20,4
Saint Petersburg,2033-05-20T13:50,2033-05-20T14:10,3
Saint Petersburg,2033-05-20T14:10,2033-05-20T14:20,4
Moscow,2033-05-20T14:20,2033-05-20T15:40,4
Saint Petersburg,2033-05-20T14:20,2033-05-20T15:35,4
Saint Petersburg,2033-05-20T15:35,2033-05-20T15:40,4
Moscow,2033-05-20T15:40,2033-05-20T16:05,4
Saint Petersburg,2033-05-20T15:40,2033-05-20T16:40,4
Moscow,2033-05-20T16:05,2033-05-20T16:20,4
Moscow,2033-05-20T16:20,2033-05-20T16:50,4
Saint Petersburg,2033-05-20T16:40,2033-05-20T16:50,4
Moscow,2033-05-20T16:50,2033-05-20T18:10,3
Saint Petersburg,2033-05-20T16:50,2033-05-20T18:05,4
Saint Petersburg,2033-05-20T18:05,2033-05-20T18:10,3
Moscow,2033-05-20T18:10,2033-05-20T18:35,2
Saint Petersburg,2033-05-20T18:10,2033-05-20T19:10,2
Moscow,2033-05-20T18:35,2033-05-20T18:50,1
Saint Petersburg,2033-05-20T19:10,2033-05-20T19:20,1
Moscow,2033-05-22T09:20,2033-05-22T09:35,1
Moscow,2033-05-22T09:35,2033-05-22T09:50,2
Moscow,2033-05-22T09:50,2033-05-22T10:10,3
Saint Petersburg,2033-05-22T09:50,2033-05-22T10:10,1
Moscow,2033-05-22T10:10,2033-05-22T11:50,4
Saint Petersburg,2033-05-22T10:10,2033-05-22T10:50,2
Saint Petersburg,2033-05-22T10:50,2033-05-22T12:10,3
Moscow,2033-05-22T11:50,2033-05-22T12:05,4
Moscow,2033-05-22T12:05,2033-05-22T12:20,4
Saint Petersburg,2033-05-22T12:10,2033-05-22T12:20,4
Moscow,2033-05-22T12:20,2033-05-22T12:40,4
Saint Petersburg,2033-05-22T12:20,2033-05-22T12:35,3
Saint Petersburg,2033-05-22T12:35,2033-05-22T12:40,4
Moscow,2033-05-22T12:40,2033-05-22T14:20,4
Saint Petersburg,2033-05-22T12:40,2033-05-22T12:50,3
Saint Petersburg,2033-05-22T12:50,2033-05-22T13:20,4
Saint Petersburg,2033-05-22T13:20,2033-05-22T14:40,4
Moscow,2033-05-22T14:20,2033-05-22T14:35,4
Moscow,2033-05-22T14:35,2033-05-22T14:50,4
Saint Petersburg,2033-05-22T14:40,2033-05-22T15:05,4
Moscow,2033-05-22T14:50,2033-05-22T15:10,4
Saint Petersburg,2033-05-22T15:05,2033-05-22T15:20,4
Moscow,2033-05-22T15:10,2033-05-22T16:50,4
Saint Petersburg,2033-05-22T15:20,2033-05-22T15:50,4
Saint Petersburg,2033-05-22T15:50,2033-05-22T17:10,4
Moscow,2033-05-22T16:50,2033-05-22T17:05,4
Moscow,2033-05-22T17:05,2033-05-22T17:20,4
Saint Petersburg,2033-05-22T17:10,2033-05-22T17:35,4
Moscow,2033-05-22T17:20,2033-05-22T17:40,4
Saint Petersburg,2033-05-22T17:35,2033-05-22T17:50,4
Moscow,2033-05-22T17:40,2033-05-22T19:20,4
Saint Petersburg,2033-05-22T17:50,2033-05-22T18:20,4
Saint Petersburg,2033-05-22T18:20,2033-05-22T19:40,4
Moscow,2033-05-22T19:20,2033-05-22T19:35,4
Moscow,2033-05-22T19:35,2033-05-22T19:50,4
Saint Petersburg,2033-05-22T19:40,2033-05-22T20:05,4
Moscow,2033-05-22T19:50,2033-05-22T20:10,4
Saint Petersburg,2033-05-22T20:05,2033-05-22T20:20,4
Moscow,2033-05-22T20:10,2033-05-22T21:50,4
Saint Petersburg,2033-05-22T20:20,2033-05-22T20:50,4
Saint Petersburg,2033-05-22T20:50,2033-05-22T22:10,4
Moscow,2033-05-22T21:50,2033-05-22T22:05,3
Moscow,2033-05-22T22:05,2033-05-22T22:20,2
Saint Petersburg,2033-05-22T22:10,2033-05-22T22:35,3
Moscow,2033-05-22T22:20,2033-05-22T22:40,1
Saint Petersburg,2033-05-22T22:35,2033-05-22T22:50,2
Saint Petersburg,2033-05-22T22:50,2033-05-22T23:20,1
Moscow,2033-05-24T12:35,2033-05-24T12:50,1
Moscow,2033-05-24T12:50,2033-05-24T13:20,2
Moscow,2033-05-24T13:20,2033-05-24T13:50,3
Saint Petersburg,2033-05-24T13:20,2033-05-24T13:50,1
Moscow,2033-05-24T13:50,2033-05-24T15:05,4
Saint Petersburg,2033-05-24T13:50,2033-05-24T14:10,2
Saint Petersburg,2033-05-24T14:10,2033-05-24T14:50,3
Saint Petersburg,2033-05-24T14:50,2033-05-24T15:50,4
Moscow,2033-05-24T15:05,2033-05-24T15:20,4
Moscow,2033-05-24T15:20,2033-05-24T15:50,4
Moscow,2033-05-24T15:50,2033-05-24T16:20,4
Saint Petersburg,2033-05-24T15:50,2033-05-24T16:20,4
Moscow,2033-05-24T16:20,2033-05-24T17:35,4
Saint Petersburg,2033-05-24T16:20,2033-05-24T16:40,4
Saint Petersburg,2033-05-24T16:40,2033-05-24T17:20,4
Saint Petersburg,2033-05-24T17:20,2033-05-24T18:20,4
Moscow,2033-05-24T17:35,2033-05-24T17:50,4
Moscow,2033-05-24T17:50,2033-05-24T18:20,4
Moscow,2033-05-24T18:20,2033-05-24T18:50,4
Saint Petersburg,2033-05-24T18:20,2033-05-24T18:50,4
Moscow,2033-05-24T18:50,2033-05-24T20:05,4
Saint Petersburg,2033-05-24T18:50,2033-05-24T19:10,4
Saint Petersburg,2033-05-24T19:10,2033-05-24T19:50,3
Saint Petersburg,2033-05-24T19:50,2033-05-24T20:10,3
Moscow,2033-05-24T20:05,2033-05-24T20:20,4
Saint Petersburg,2033-05-24T20:10,2033-05-24T20:50,4
Moscow,2033-05-24T20:20,2033-05-24T20:50,4
Moscow,2033-05-24T20:50,2033-05-24T21:20,4
Saint Petersburg,2033-05-24T20:50,2033-05-24T21:20,4
Moscow,2033-05-24T21:20,2033-05-24T22:35,4
Saint Petersburg,2033-05-24T21:20,2033-05-24T22:20,4
Saint Petersburg,2033-05-24T22:20,2033-05-24T22:40,4
Moscow,2033-05-24T22:35,2033-05-24T22:50,4
Saint Petersburg,2033-05-24T22:40,2033-05-24T23:20,4
Moscow,2033-05-24T22:50,2033-05-24T23:20,4
Moscow,2033-05-24T23:20,2033-05-24T23:50,4
Saint Petersburg,2033-05-24T23:20,2033-05-24T23:50,4
Moscow,2033-05-24T23:50,2033-05-25T01:05,4
Saint Petersburg,2033-05-24T23:50,2033-05-25T00:35,3
Saint Petersburg,2033-05-25T00:35,2033-05-25T00:50,4
Saint Petersburg,2033-05-25T00:50,2033-05-25T01:10,3
Moscow,2033-05-25T01:05,2033-05-25T01:20,3
Saint Petersburg,2033-05-25T01:10,2033-05-25T01:50,2
Moscow,2033-05-25T01:20,2033-05-25T01:50,2
Moscow,2033-05-25T01:50,2033-05-25T02:20,1
Saint Petersburg,2033-05-25T01:50,2033-05-25T02:10,1
Saint Petersburg,2033-05-25T02:10,2033-05-25T03:05,2
Saint Petersburg,2033-05-25T03:05,2033-05-25T04:40,1
Moscow,2033-05-26T16:50,2033-05-26T17:20,1
Moscow,2033-05-26T17:20,2033-05-26T18:10,2
Saint Petersburg,2033-05-26T17:20,2033-05-26T18:10,1
Moscow,2033-05-26T18:10,2033-05-26T18:50,3
Saint Petersburg,2033-05-26T18:10,2033-05-26T18:50,2
Moscow,2033-05-26T18:50,2033-05-26T19:20,4
Saint Petersburg,2033-05-26T18:50,2033-05-26T19:50,3
Moscow,2033-05-26T19:20,2033-05-26T19:50,4
Moscow,2033-05-26T19:50,2033-05-26T20:40,4
Saint Petersburg,2033-05-26T19:50,2033-05-26T20:10,3
Saint Petersburg,2033-05-26T20:10,2033-05-26T20:40,4
Moscow,2033-05-26T20:40,2033-05-26T21:20,4
Saint Petersburg,2033-05-26T20:40,2033-05-26T21:20,4
Moscow,2033-05-26T21:20,2033-05-26T21:50,4
Saint Petersburg,2033-05-26T21:20,2033-05-26T22:20,4
Moscow,2033-05-26T21:50,2033-05-26T22:20,4
Moscow,2033-05-26T22:20,2033-05-26T23:10,4
Saint Petersburg,2033-05-26T22:20,2033-05-26T22:40,4
Saint Petersburg,2033-05-26T22:40,2033-05-26T23:10,4
Moscow,2033-05-26T23:10,2033-05-26T23:50,4
Saint Petersburg,2033-05-26T23:10,2033-05-26T23:20,3
Saint Petersburg,2033-05-26T23:20,2033-05-26T23:50,4
Moscow,2033-05-26T23:50,2033-05-27T00:20,4
Saint Petersburg,2033-05-26T23:50,2033-05-27T00:50,4
Moscow,2033-05-27T00:20,2033-05-27T00:50,4
Moscow,2033-05-27T00:50,2033-05-27T01:40,4
Saint Petersburg,2033-05-27T00:50,2033-05-27T01:10,4
Saint Petersburg,2033-05-27T01:10,2033-05-27T01:50,4
Moscow,2033-05-27T01:40,2033-05-27T02:20,4
Saint Petersburg,2033-05-27T01:50,2033-05-27T02:20,4
Moscow,2033-05-27T02:20,2033-05-27T02:50,4
Saint Petersburg,2033-05-27T02:20,2033-05-27T03:20,3
Moscow,2033-05-27T02:50,2033-05-27T03:20,3
Moscow,2033-05-27T03:20,2033-05-27T04:10,2
Saint Petersburg,2033-05-27T03:20,2033-05-27T03:40,2
Saint Petersburg,2033-05-27T03:40,2033-05-27T04:10,1
Moscow,2033-05-27T04:10,2033-05-27T04:50,1
Saint Petersburg,2033-05-27T04:10,2033-05-27T04:20,2
Saint Petersburg,2033-05-27T04:20,2033-05-27T06:40,1
Moscow,2033-05-27T08:10,2033-05-27T08:35,1
Saint Petersburg,2033-05-27T08:10,2033-05-27T08:35,1
Moscow,2033-05-27T08:35,2033-05-27T08:50,2
Saint Petersburg,2033-05-27T08:35,2033-05-27T08:50,2
Moscow,2033-05-27T08:50,2033-05-27T09:20,3
Saint Petersburg,2033-05-27T08:50,2033-05-27T09:20,3
Moscow,2033-05-27T09:20,2033-05-27T10:40,4
Saint Petersburg,2033-05-27T09:20,2033-05-27T10:40,4
Moscow,2033-05-27T10:40,2033-05-27T11:05,3
Saint Petersburg,2033-05-27T10:40,2033-05-27T11:05,3
Moscow,2033-05-27T11:05,2033-05-27T11:20,2
Saint Petersburg,2033-05-27T11:05,2033-05-27T11:20,2
Moscow,2033-05-27T11:20,2033-05-27T11:50,1
Saint Petersburg,2033-05-27T11:20,2033-05-27T11:50,1
Moscow,2033-05-28T20:50,2033-05-28T21:20,1
Moscow,2033-05-28T21:20,2033-05-28T21:50,2
Moscow,2033-05-28T21:50,2033-05-28T22:10,3
Saint Petersburg,2033-05-28T21:50,2033-05-28T22:10,1
Moscow,2033-05-28T22:10,2033-05-28T23:20,4
Saint Petersburg,2033-05-28T22:10,2033-05-28T22:35,2
Saint Petersburg,2033-05-28T22:35,2033-05-28T22:50,3
Saint Petersburg,2033-05-28T22:50,2033-05-29T00:20,4
Moscow,2033-05-28T23:20,2033-05-28T23:50,4
Moscow,2033-05-28T23:50,2033-05-29T00:20,4
Moscow,2033-05-29T00:20,2033-05-29T00:40,4
Saint Petersburg,2033-05-29T00:20,2033-05-29T00:40,4
Moscow,2033-05-29T00:40,2033-05-29T01:50,4
Saint Petersburg,2033-05-29T00:40,2033-05-29T01:05,4
Saint Petersburg,2033-05-29T01:05,2033-05-29T01:20,4
Saint Petersburg,2033-05-29T01:20,2033-05-29T02:50,3
Moscow,2033-05-29T01:50,2033-05-29T02:20,3
Moscow,2033-05-29T02:20,2033-05-29T02:50,2
Moscow,2033-05-29T02:50,2033-05-29T03:10,1
Saint Petersburg,2033-05-29T02:50,2033-05-29T03:10,2
Saint Petersburg,2033-05-29T03:10,2033-05-29T03:35,1
Moscow,2033-05-29T08:10,2033-05-29T08:35,1
Saint Petersburg,2033-05-29T08:10,2033-05-29T08:35,1
Moscow,2033-05-29T08:35,2033-05-29T08:50,2
Saint Petersburg,2033-05-29T08:35,2033-05-29T08:50,2
Moscow,2033-05-29T08:50,2033-05-29T09:20,3
Saint Petersburg,2033-05-29T08:50,2033-05-29T09:20,3
Moscow,2033-05-29T09:20,2033-05-29T10:40,4
Saint Petersburg,2033-05-29T09:20,2033-05-29T10:40,4
Moscow,2033-05-29T10:40,2033-05-29T11:05,4
Saint Petersburg,2033-05-29T10:40,2033-05-29T11:05,4
Moscow,2033-05-29T11:05,2033-05-29T11:20,4
Saint Petersburg,2033-05-29T11:05,2033-05-29T11:20,4
Moscow,2033-05-29T11:20,2033-05-29T11:50,4
Saint Petersburg,2033-05-29T11:20,2033-05-29T11:50,4
Moscow,2033-05-29T11:50,2033-05-29T13:10,4
Saint Petersburg,2033-05-29T11:50,2033-05-29T13:10,4
Moscow,2033-05-29T13:10,2033-05-29T13:35,4
Saint Petersburg,2033-05-29T13:10,2033-05-29T13:35,4
Moscow,2033-05-29T13:35,2033-05-29T13:50,4
Saint Petersburg,2033-05-29T13:35,2033-05-29T13:50,4
Moscow,2033-05-29T13:50,2033-05-29T14:20,4
Saint Petersburg,2033-05-29T13:50,2033-05-29T14:20,4
Moscow,2033-05-29T14:20,2033-05-29T15:40,4
Saint Petersburg,2033-05-29T14:20,2033-05-29T15:40,4
Moscow,2033-05-29T15:40,2033-05-29T16:05,3
Saint Petersburg,2033-05-29T15:40,2033-05-29T16:05,3
Moscow,2033-05-29T16:05,2033-05-29T16:20,2
Saint Petersburg,2033-05-29T16:05,2033-05-29T16:20,2
Moscow,2033-05-29T16:20,2033-05-29T16:50,1
Saint Petersburg,2033-05-29T16:20,2033-05-29T16:50,1
Moscow,2033-05-31T08:10,2033-05-31T08:35,1
Moscow,2033-05-31T08:35,2033-05-31T08:50,2
Saint Petersburg,2033-05-31T08:35,2033-05-31T08:50,1
Moscow,2033-05-31T08:50,2033-05-31T09:20,3
Saint Petersburg,2033-05-31T08:50,2033-05-31T09:20,2
Moscow,2033-05-31T09:20,2033-05-31T10:40,4
Saint Petersburg,2033-05-31T09:20,2033-05-31T09:50,3
Saint Petersburg,2033-05-31T09:50,2033-05-31T11:05,4
Moscow,2033-05-31T10:40,2033-05-31T11:05,4
Moscow,2033-05-31T11:05,2033-05-31T11:20,4
Saint Petersburg,2033-05-31T11:05,2033-05-31T11:20,4
Moscow,2033-05-31T11:20,2033-05-31T11:50,4
Saint Petersburg,2033-05-31T11:20,2033-05-31T11:50,4
Moscow,2033-05-31T11:50,2033-05-31T13:10,4
Saint Petersburg,2033-05-31T11:50,2033-05-31T12:20,4
Saint Petersburg,2033-05-31T12:20,2033-05-31T13:35,4
Moscow,2033-05-31T13:10,2033-05-31T13:35,4
Moscow,2033-05-31T13:35,2033-05-31T13:50,4
Saint Petersburg,2033-05-31T13:35,2033-05-31T13:50,4
Moscow,2033-05-31T13:50,2033-05-31T14:20,4
Saint Petersburg,2033-05-31T13:50,2033-05-31T14:20,4
Moscow,2033-05-31T14:20,2033-05-31T15:40,4
Saint Petersburg,2033-05-31T14:20,2033-05-31T14:50,4
Saint Petersburg,2033-05-31T14:50,2033-05-31T16:05,4
Moscow,2033-05-31T15:40,2033-05-31T16:05,4
Moscow,2033-05-31T16:05,2033-05-31T16:20,4
Saint Petersburg,2033-05-31T16:05,2033-05-31T16:20,4
Moscow,2033-05-31T16:20,2033-05-31T16:50,4
Saint Petersburg,2033-05-31T16:20,2033-05-31T16:50,4
Moscow,2033-05-31T16:50,2033-05-31T18:10,4
Saint Petersburg,2033-05-31T16:50,2033-05-31T17:20,4
Saint Petersburg,2033-05-31T17:20,2033-05-31T18:35,4
Moscow,2033-05-31T18:10,2033-05-31T18:35,4
Moscow,2033-05-31T18:35,2033-05-31T18:50,4
Saint Petersburg,2033-05-31T18:35,2033-05-31T18:50,4
Moscow,2033-05-31T18:50,2033-05-31T19:20,4
Saint Petersburg,2033-05-31T18:50,2033-05-31T19:20,4
Moscow,2033-05-31T19:20,2033-05-31T20:40,4
Saint Petersburg,2033-05-31T19:20,2033-05-31T19:50,4
Saint Petersburg,2033-05-31T19:50,2033-05-31T21:05,3
Moscow,2033-05-31T20:40,2033-05-31T21:05,3
Moscow,2033-05-31T21:05,2033-05-31T21:20,2
Saint Petersburg,2033-05-31T21:05,2033-05-31T21:20,2
Moscow,2033-05-31T21:20,2033-05-31T21:50,1
Saint Petersburg,2033-05-31T21:20,2033-05-31T21:50,1
Moscow,2033-06-02T11:20,2033-06-02T11:50,1
Moscow,2033-06-02T11:50,2033-06-02T12:10,2
Moscow,2033-06-02T12:10,2033-06-02T12:35,3
Saint Petersburg,2033-06-02T12:10,2033-06-02T12:35,1
Moscow,2033-06-02T12:35,2033-06-02T13:50,4
Saint Petersburg,2033-06-02T12:35,2033-06-02T12:50,2
Saint Petersburg,2033-06-02T12:50,2033-06-02T13:20,3
Saint Petersburg,2033-06-02T13:20,2033-06-02T14:40,4
Moscow,2033-06-02T13:50,2033-06-02T14:20,4
Moscow,2033-06-02T14:20,2033-06-02T14:40,4
Moscow,2033-06-02T14:40,2033-06-02T15:05,4
Saint Petersburg,2033-06-02T14:40,2033-06-02T15:05,4
Moscow,2033-06-02T15:05,2033-06-02T16:20,4
Saint Petersburg,2033-06-02T15:05,2033-06-02T15:20,4
Saint Petersburg,2033-06-02T15:20,2033-06-02T15:50,4
Saint Petersburg,2033-06-02T15:50,2033-06-02T17:10,4
Moscow,2033-06-02T16:20,2033-06-02T16:50,4
Moscow,2033-06-02T16:50,2033-06-02T17:10,4
Moscow,2033-06-02T17:10,2033-06-02T17:35,4
Saint Petersburg,2033-06-02T17:10,2033-06-02T17:35,4
Moscow,2033-06-02T17:35,2033-06-02T18:50,4
Saint Petersburg,2033-06-02T17:35,2033-06-02T17:50,4
Saint Petersburg,2033-06-02T17:50,2033-06-02T18:10,3
Saint Petersburg,2033-06-02T18:10,2033-06-02T18:20,4
Saint Petersburg,2033-06-02T18:20,2033-06-02T19:40,4
Moscow,2033-06-02T18:50,2033-06-02T19:20,4
Moscow,2033-06-02T19:20,2033-06-02T19:40,4
Moscow,2033-06-02T19:40,2033-06-02T20:05,4
Saint Petersburg,2033-06-02T19:40,2033-06-02T20:05,4
Moscow,2033-06-02T20:05,2033-06-02T21:20,4
Saint Petersburg,2033-06-02T20:05,2033-06-02T20:40,4
Saint Petersburg,2033-06-02T20:40,2033-06-02T20:50,4
Saint Petersburg,2033-06-02T20:50,2033-06-02T22:10,4
Moscow,2033-06-02T21:20,2033-06-02T21:50,4
Moscow,2033-06-02T21:50,2033-06-02T22:10,4
Moscow,2033-06-02T22:10,2033-06-02T22:35,4
Saint Petersburg,2033-06-02T22:10,2033-06-02T22:35,4
Moscow,2033-06-02T22:35,2033-06-02T23:50,4
Saint Petersburg,2033-06-02T22:35,2033-06-02T23:10,4
Saint Petersburg,2033-06-02T23:10,2033-06-02T23:20,3
Saint Petersburg,2033-06-02T23:20,2033-06-03T00:40,2
Moscow,2033-06-02T23:50,2033-06-03T00:20,3
Moscow,2033-06-03T00:20,2033-06-03T00:40,2
Moscow,2033-06-03T00:40,2033-06-03T01:05,1
Saint Petersburg,2033-06-03T00:40,2033-06-03T01:05,1
Saint Petersburg,2033-06-03T01:20,2033-06-03T03:50,1
Moscow,2033-06-04T14:50,2033-06-04T15:20,1
Moscow,2033-06-04T15:20,2033-06-04T16:10,2
Saint Petersburg,2033-06-04T15:50,2033-06-04T16:10,1
Moscow,2033-06-04T16:10,2033-06-04T16:50,3
Saint Petersburg,2033-06-04T16:10,2033-06-04T16:50,2
Moscow,2033-06-04T16:50,2033-06-04T17:20,4
Saint Petersburg,2033-06-04T16:50,2033-06-04T18:20,3
Moscow,2033-06-04T17:20,2033-06-04T17:50,4
Moscow,2033-06-04T17:50,2033-06-04T18:10,3
Moscow,2033-06-04T18:10,2033-06-04T18:40,4
Saint Petersburg,2033-06-04T18:20,2033-06-04T18:40,2
Moscow,2033-06-04T18:40,2033-06-04T18:50,3
Saint Petersburg,2033-06-04T18:40,2033-06-04T18:50,1
Moscow,2033-06-04T18:50,2033-06-04T19:20,4
Saint Petersburg,2033-06-04T18:50,2033-06-04T19:20,2
Moscow,2033-06-04T19:20,2033-06-04T19:50,4
Saint Petersburg,2033-06-04T19:20,2033-06-04T19:50,2
Moscow,2033-06-04T19:50,2033-06-04T20:40,4
Saint Petersburg,2033-06-04T19:50,2033-06-04T20:10,3
Saint Petersburg,2033-06-04T20:10,2033-06-04T21:20,4
Moscow,2033-06-04T20:40,2033-06-04T21:20,4
Moscow,2033-06-04T21:20,2033-06-04T21:50,4
Saint Petersburg,2033-06-04T21:20,2033-06-04T21:50,4
Moscow,2033-06-04T21:50,2033-06-04T22:20,4
Saint Petersburg,2033-06-04T21:50,2033-06-04T22:20,4
Moscow,2033-06-04T22:20,2033-06-04T23:10,4
Saint Petersburg,2033-06-04T22:20,2033-06-04T22:40,4
Saint Petersburg,2033-06-04T22:40,2033-06-04T23:50,4
Moscow,2033-06-04T23:10,2033-06-04T23:50,4
Moscow,2033-06-04T23:50,2033-06-05T00:20,4
Saint Petersburg,2033-06-04T23:50,2033-06-05T00:20,4
Moscow,2033-06-05T00:20,2033-06-05T00:50,4
Saint Petersburg,2033-06-05T00:20,2033-06-05T00:50,4
Moscow,2033-06-05T00:50,2033-06-05T01:40,4
Saint Petersburg,2033-06-05T00:50,2033-06-05T01:10,4
Saint Petersburg,2033-06-05T01:10,2033-06-05T02:20,4
Moscow,2033-06-05T01:40,2033-06-05T02:20,4
Moscow,2033-06-05T02:20,2033-06-05T02:50,4
Saint Petersburg,2033-06-05T02:20,2033-06-05T02:50,4
Moscow,2033-06-05T02:50,2033-06-05T03:20,3
Saint Petersburg,2033-06-05T02:50,2033-06-05T03:20,4
Moscow,2033-06-05T03:20,2033-06-05T04:10,2
Saint Petersburg,2033-06-05T03:20,2033-06-05T03:40,4
Saint Petersburg,2033-06-05T03:40,2033-06-05T04:50,3
Moscow,2033-06-05T04:10,2033-06-05T04:50,1
Saint Petersburg,2033-06-05T04:50,2033-06-05T05:20,2
Saint Petersburg,2033-06-05T05:20,2033-06-05T05:50,1
Moscow,2033-06-05T08:10,2033-06-05T10:40,1
Saint Petersburg,2033-06-05T08:10,2033-06-05T10:40,1
Moscow,2033-06-06T19:50,2033-06-06T20:10,1
Moscow,2033-06-06T20:10,2033-06-06T20:35,2
Moscow,2033-06-06T20:35,2033-06-06T20:50,3
Saint Petersburg,2033-06-06T20:35,2033-06-06T20:50,1
Moscow,2033-06-06T20:50,2033-06-06T22:20,4
Saint Petersburg,2033-06-06T20:50,2033-06-06T21:20,2
Saint Petersburg,2033-06-06T21:20,2033-06-06T21:50,3
Saint Petersburg,2033-06-06T21:50,2033-06-06T23:05,4
Moscow,2033-06-06T22:20,2033-06-06T22:40,4
Moscow,2033-06-06T22:40,2033-06-06T23:05,4
Moscow,2033-06-06T23:05,2033-06-06T23:20,4
Saint Petersburg,2033-06-06T23:05,2033-06-06T23:20,4
Moscow,2033-06-06T23:20,2033-06-07T00:50,4
Saint Petersburg,2033-06-06T23:20,2033-06-06T23:50,4
Saint Petersburg,2033-06-06T23:50,2033-06-07T00:20,4
Saint Petersburg,2033-06-07T00:20,2033-06-07T01:35,4
Moscow,2033-06-07T00:50,2033-06-07T01:10,4
Moscow,2033-06-07T01:10,2033-06-07T01:35,4
Moscow,2033-06-07T01:35,2033-06-07T01:50,4
Saint Petersburg,2033-06-07T01:35,2033-06-07T01:50,4
Moscow,2033-06-07T01:50,2033-06-07T03:20,3
Saint Petersburg,2033-06-07T01:50,2033-06-07T02:20,4
Saint Petersburg,2033-06-07T02:20,2033-06-07T02:50,3
Saint Petersburg,2033-06-07T02:50,2033-06-07T04:05,2
Moscow,2033-06-07T03:20,2033-06-07T03:40,2
Moscow,2033-06-07T03:40,2033-06-07T04:05,1
Saint Petersburg,2033-06-07T04:05,2033-06-07T04:20,1
Moscow,2033-06-07T08:10,2033-06-07T08:35,1
Saint Petersburg,2033-06-07T08:10,2033-06-07T08:35,1
Moscow,2033-06-07T08:35,2033-06-07T08:50,2
Saint Petersburg,2033-06-07T08:35,2033-06-07T08:50,2
Moscow,2033-06-07T08:50,2033-06-07T09:20,3
Saint Petersburg,2033-06-07T08:50,2033-06-07T09:50,3
Moscow,2033-06-07T09:20,2033-06-07T10:40,4
Saint Petersburg,2033-06-07T09:50,2033-06-07T10:40,4
Moscow,2033-06-07T10:40,2033-06-07T11:05,4
Saint Petersburg,2033-06-07T10:40,2033-06-07T11:05,4
Moscow,2033-06-07T11:05,2033-06-07T11:20,4
Saint Petersburg,2033-06-07T11:05,2033-06-07T11:20,4
Moscow,2033-06-07T11:20,2033-06-07T11:50,4
Saint Petersburg,2033-06-07T11:20,2033-06-07T12:20,4
Moscow,2033-06-07T11:50,2033-06-07T13:10,4
Saint Petersburg,2033-06-07T12:20,2033-06-07T13:10,4
Moscow,2033-06-07T13:10,2033-06-07T13:35,4
Saint Petersburg,2033-06-07T13:10,2033-06-07T13:20,3
Saint Petersburg,2033-06-07T13:20,2033-06-07T13:35,4
Moscow,2033-06-07T13:35,2033-06-07T13:50,3
Saint Petersburg,2033-06-07T13:35,2033-06-07T13:50,3
Moscow,2033-06-07T13:50,2033-06-07T14:20,2
Saint Petersburg,2033-06-07T13:50,2033-06-07T14:50,2
Moscow,2033-06-07T14:20,2033-06-07T15:40,1
Saint Petersburg,2033-06-07T14:50,2033-06-07T15:50,1
Moscow,2033-06-08T23:20,2033-06-08T23:50,1
Moscow,2033-06-08T23:50,2033-06-09T00:10,2
Saint Petersburg,2033-06-08T23:50,2033-06-09T00:10,1
Moscow,2033-06-09T00:10,2033-06-09T01:50,3
Saint Petersburg,2033-06-09T00:10,2033-06-09T02:20,2
Moscow,2033-06-09T01:50,2033-06-09T02:20,2
Moscow,2033-06-09T02:20,2033-06-09T02:40,1
Saint Petersburg,2033-06-09T02:20,2033-06-09T02:40,1
Moscow,2033-06-09T08:10,2033-06-09T08:35,1
Saint Petersburg,2033-06-09T08:10,2033-06-09T08:35,1
Moscow,2033-06-09T08:35,2033-06-09T08:50,2
Saint Petersburg,2033-06-09T08:35,2033-06-09T08:50,2
Moscow,2033-06-09T08:50,2033-06-09T09:20,3
Saint Petersburg,2033-06-09T08:50,2033-06-09T09:20,3
Moscow,2033-06-09T09:20,2033-06-09T10:40,4
Saint Petersburg,2033-06-09T09:20,2033-06-09T10:40,4
Moscow,2033-06-09T10:40,2033-06-09T11:05,4
Saint Petersburg,2033-06-09T10:40,2033-06-09T11:05,4
Moscow,2033-06-09T11:05,2033-06-09T11:20,4
Saint Petersburg,2033-06-09T11:05,2033-06-09T11:20,4
Moscow,2033-06-09T11:20,2033-06-09T11:50,4
Saint Petersburg,2033-06-09T11:20,2033-06-09T11:50,4
Moscow,2033-06-09T11:50,2033-06-09T13:10,4
Saint Petersburg,2033-06-09T11:50,2033-06-09T13:10,4
Moscow,2033-06-09T13:10,2033-06-09T13:35,4
Saint Petersburg,2033-06-09T13:10,2033-06-09T13:35,4
Moscow,2033-06-09T13:35,2033-06-09T13:50,4
Saint Petersburg,2033-06-09T13:35,2033-06-09T13:50,4
Moscow,2033-06-09T13:50,2033-06-09T14:20,4
Saint Petersburg,2033-06-09T13:50,2033-06-09T14:20,4
Moscow,2033-06-09T14:20,2033-06-09T15:40,4
Saint Petersburg,2033-06-09T14:20,2033-06-09T15:20,3
Saint Petersburg,2033-06-09T15:20,2033-06-09T15:40,4
Moscow,2033-06-09T15:40,2033-06-09T16:05,4
Saint Petersburg,2033-06-09T15:40,2033-06-09T16:05,4
Moscow,2033-06-09T16:05,2033-06-09T16:20,4
Saint Petersburg,2033-06-09T16:05,2033-06-09T16:20,4
Moscow,2033-06-09T16:20,2033-06-09T16:50,4
Saint Petersburg,2033-06-09T16:20,2033-06-09T17:50,4
Moscow,2033-06-09T16:50,2033-06-09T18:10,4
Saint Petersburg,2033-06-09T17:50,2033-06-09T18:10,4
Moscow,2033-06-09T18:10,2033-06-09T18:35,4
Saint Petersburg,2033-06-09T18:10,2033-06-09T18:35,4
Moscow,2033-06-09T18:35,2033-06-09T18:50,3
Saint Petersburg,2033-06-09T18:35,2033-06-09T18:50,3
Moscow,2033-06-09T18:50,2033-06-09T19:20,2
Saint Petersburg,2033-06-09T18:50,2033-06-09T20:20,2
Moscow,2033-06-09T19:20,2033-06-09T20:40,1
Saint Petersburg,2033-06-09T20:20,2033-06-09T20:40,1
Moscow,2033-06-11T09:50,2033-06-11T10:10,1
Moscow,2033-06-11T10:10,2033-06-11T10:50,2
Moscow,2033-06-11T10:50,2033-06-11T11:20,3
Saint Petersburg,2033-06-11T10:50,2033-06-11T11:20,1
Moscow,2033-06-11T11:20,2033-06-11T12:20,4
Saint Petersburg,2033-06-11T11:20,2033-06-11T11:50,2
Saint Petersburg,2033-06-11T11:50,2033-06-11T12:10,3
Saint Petersburg,2033-06-11T12:10,2033-06-11T13:20,4
Moscow,2033-06-11T12:20,2033-06-11T12:40,4
Moscow,2033-06-11T12:40,2033-06-11T13:20,4
Moscow,2033-06-11T13:20,2033-06-11T13:50,4
Saint Petersburg,2033-06-11T13:20,2033-06-11T13:50,4
Moscow,2033-06-11T13:50,2033-06-11T14:50,4
Saint Petersburg,2033-06-11T13:50,2033-06-11T14:20,4
Saint Petersburg,2033-06-11T14:20,2033-06-11T14:40,4
Saint Petersburg,2033-06-11T14:40,2033-06-11T15:50,4
Moscow,2033-06-11T14:50,2033-06-11T15:10,4
Moscow,2033-06-11T15:10,2033-06-11T15:50,4
Moscow,2033-06-11T15:50,2033-06-11T16:20,4
Saint Petersburg,2033-06-11T15:50,2033-06-11T16:20,4
Moscow,2033-06-11T16:20,2033-06-11T17:20,4
Saint Petersburg,2033-06-11T16:20,2033-06-11T16:50,4
Saint Petersburg,2033-06-11T16:50,2033-06-11T17:10,4
Saint Petersburg,2033-06-11T17:10,2033-06-11T18:20,4
Moscow,2033-06-11T17:20,2033-06-11T17:40,4
Moscow,2033-06-11T17:40,2033-06-11T18:20,4
Moscow,2033-06-11T18:20,2033-06-11T18:50,4
Saint Petersburg,2033-06-11T18:20,2033-06-11T18:50,4
Moscow,2033-06-11T18:50,2033-06-11T19:50,4
Saint Petersburg,2033-06-11T18:50,2033-06-11T19:20,4
Saint Petersburg,2033-06-11T19:20,2033-06-11T19:40,4
Saint Petersburg,2033-06-11T19:40,2033-06-11T20:50,4
Moscow,2033-06-11T19:50,2033-06-11T20:10,4
Moscow,2033-06-11T20:10,2033-06-11T20:50,4
Moscow,2033-06-11T20:50,2033-06-11T21:20,4
Saint Petersburg,2033-06-11T20:50,2033-06-11T21:20,4
Moscow,2033-06-11T21:20,2033-06-11T22:20,4
Saint Petersburg,2033-06-11T21:20,2033-06-11T21:50,4
Saint Petersburg,2033-06-11T21:50,2033-06-11T22:10,4
Saint Petersburg,2033-06-11T22:10,2033-06-11T23:20,3
Moscow,2033-06-11T22:20,2033-06-11T22:40,3
Moscow,2033-06-11T22:40,2033-06-11T23:20,2
Moscow,2033-06-11T23:20,2033-06-11T23:50,1
Saint Petersburg,2033-06-11T23:20,2033-06-11T23:50,2
Saint Petersburg,2033-06-11T23:50,2033-06-12T00:20,1
Moscow,2033-06-13T13:20,2033-06-13T14:10,1
Moscow,2033-06-13T14:10,2033-06-13T14:35,2
Saint Petersburg,2033-06-13T14:10,2033-06-13T14:50,1
Moscow,2033-06-13T14:35,2033-06-13T14:50,3
Moscow,2033-06-13T14:50,2033-06-13T15:50,4
Saint Petersburg,2033-06-13T14:50,2033-06-13T15:20,2
Saint Petersburg,2033-06-13T15:20,2033-06-13T15:50,3
Moscow,2033-06-13T15:50,2033-06-13T16:40,4
Saint Petersburg,2033-06-13T15:50,2033-06-13T16:40,4
Moscow,2033-06-13T16:40,2033-06-13T17:05,4
Saint Petersburg,2033-06-13T16:40,2033-06-13T17:20,4
Moscow,2033-06-13T17:05,2033-06-13T17:20,4
Moscow,2033-06-13T17:20,2033-06-13T18:20,4
Saint Petersburg,2033-06-13T17:20,2033-06-13T17:50,4
Saint Petersburg,2033-06-13T17:50,2033-06-13T18:10,3
Saint Petersburg,2033-06-13T18:10,2033-06-13T18:20,4
Moscow,2033-06-13T18:20,2033-06-13T19:10,4
Saint Petersburg,2033-06-13T18:20,2033-06-13T19:10,3
Moscow,2033-06-13T19:10,2033-06-13T19:35,4
Saint Petersburg,2033-06-13T19:10,2033-06-13T19:50,2
Moscow,2033-06-13T19:35,2033-06-13T19:50,4
Moscow,2033-06-13T19:50,2033-06-13T20:50,4
Saint Petersburg,2033-06-13T19:50,2033-06-13T20:35,2
Saint Petersburg,2033-06-13T20:35,2033-06-13T20:40,3
Saint Petersburg,2033-06-13T20:40,2033-06-13T20:50,2
Moscow,2033-06-13T20:50,2033-06-13T21:40,4
Saint Petersburg,2033-06-13T20:50,2033-06-13T22:10,3
Moscow,2033-06-13T21:40,2033-06-13T22:05,4
Moscow,2033-06-13T22:05,2033-06-13T22:20,4
Saint Petersburg,2033-06-13T22:10,2033-06-13T22:20,4
Moscow,2033-06-13T22:20,2033-06-13T23:20,4
Saint Petersburg,2033-06-13T22:20,2033-06-13T22:50,3
Saint Petersburg,2033-06-13T22:50,2033-06-13T23:05,4
Saint Petersburg,2033-06-13T23:05,2033-06-13T23:20,4
Moscow,2033-06-13T23:20,2033-06-14T00:10,4
Saint Petersburg,2033-06-13T23:20,2033-06-14T00:40,4
Moscow,2033-06-14T00:10,2033-06-14T00:35,4
Moscow,2033-06-14T00:35,2033-06-14T00:50,4
Saint Petersburg,2033-06-14T00:40,2033-06-14T01:20,4
Moscow,2033-06-14T00:50,2033-06-14T01:50,4
Saint Petersburg,2033-06-14T01:20,2033-06-14T01:35,4
Saint Petersburg,2033-06-14T01:35,2033-06-14T01:50,4
Moscow,2033-06-14T01:50,2033-06-14T02:40,3
Saint Petersburg,2033-06-14T01:50,2033-06-14T02:50,3
Moscow,2033-06-14T02:40,2033-06-14T03:05,2
Saint Petersburg,2033-06-14T02:50,2033-06-14T03:10,4
Moscow,2033-06-14T03:05,2033-06-14T03:20,1
Saint Petersburg,2033-06-14T03:10,2033-06-14T03:50,4
Saint Petersburg,2033-06-14T03:50,2033-06-14T04:05,3
Saint Petersburg,2033-06-14T04:05,2033-06-14T05:20,2
Saint Petersburg,2033-06-14T05:20,2033-06-14T05:40,1
Moscow,2033-06-15T18:10,2033-06-15T18:50,1
Moscow,2033-06-15T18:50,2033-06-15T19:20,2
Saint Petersburg,2033-06-15T18:50,2033-06-15T19:50,1
Moscow,2033-06-15T19:20,2033-06-15T19:50,3
Moscow,2033-06-15T19:50,2033-06-15T20:40,4
Saint Petersburg,2033-06-15T19:50,2033-06-15T20:10,2
Saint Petersburg,2033-06-15T20:10,2033-06-15T20:35,3
Saint Petersburg,2033-06-15T20:35,2033-06-15T21:20,4
Moscow,2033-06-15T20:40,2033-06-15T21:20,4
Moscow,2033-06-15T21:20,2033-06-15T21:50,4
Saint Petersburg,2033-06-15T21:20,2033-06-15T22:20,4
Moscow,2033-06-15T21:50,2033-06-15T22:20,4
Moscow,2033-06-15T22:20,2033-06-15T23:10,4
Saint Petersburg,2033-06-15T22:20,2033-06-15T22:40,4
Saint Petersburg,2033-06-15T22:40,2033-06-15T23:05,4
Saint Petersburg,2033-06-15T23:05,2033-06-15T23:50,4
Moscow,2033-06-15T23:10,2033-06-15T23:50,4
Moscow,2033-06-15T23:50,2033-06-16T00:20,4
Saint Petersburg,2033-06-15T23:50,2033-06-16T00:50,4
Moscow,2033-06-16T00:20,2033-06-16T00:50,4
Moscow,2033-06-16T00:50,2033-06-16T01:40,4
Saint Petersburg,2033-06-16T00:50,2033-06-16T01:10,4
Saint Petersburg,2033-06-16T01:10,2033-06-16T01:35,4
Saint Petersburg,2033-06-16T01:35,2033-06-16T02:20,4
Moscow,2033-06-16T01:40,2033-06-16T02:20,4
Moscow,2033-06-16T02:20,2033-06-16T02:50,4
Saint Petersburg,2033-06-16T02:20,2033-06-16T03:20,4
Moscow,2033-06-16T02:50,2033-06-16T03:20,3
Moscow,2033-06-16T03:20,2033-06-16T04:10,2
Saint Petersburg,2033-06-16T03:20,2033-06-16T03:40,3
Saint Petersburg,2033-06-16T03:40,2033-06-16T04:05,2
Saint Petersburg,2033-06-16T04:05,2033-06-16T04:50,1
Moscow,2033-06-16T04:10,2033-06-16T04:50,1
Moscow,2033-06-16T08:10,2033-06-16T08:35,1
Saint Petersburg,2033-06-16T08:10,2033-06-16T08:35,1
Moscow,2033-06-16T08:35,2033-06-16T08:50,2
Saint Petersburg,2033-06-16T08:35,2033-06-16T08:50,2
Moscow,2033-06-16T08:50,2033-06-16T09:20,3
Saint Petersburg,2033-06-16T08:50,2033-06-16T09:20,3
Moscow,2033-06-16T09:20,2033-06-16T10:40,4
Saint Petersburg,2033-06-16T09:20,2033-06-16T10:40,4
Moscow,2033-06-16T10:40,2033-06-16T11:05,4
Saint Petersburg,2033-06-16T10:40,2033-06-16T11:05,4
Moscow,2033-06-16T11:05,2033-06-16T11:20,4
Saint Petersburg,2033-06-16T11:05,2033-06-16T11:20,3
Moscow,2033-06-16T11:20,2033-06-16T11:50,3
Saint Petersburg,2033-06-16T11:20,2033-06-16T11:50,2
Moscow,2033-06-16T11:50,2033-06-16T13:10,2
Saint Petersburg,2033-06-16T11:50,2033-06-16T12:10,1
Saint Petersburg,2033-06-16T12:10,2033-06-16T13:10,2
Moscow,2033-06-16T13:10,2033-06-16T13:35,1
Saint Petersburg,2033-06-16T13:10,2033-06-16T14:40,1
Moscow,2033-06-17T21:50,2033-06-17T22:10,1
Moscow,2033-06-17T22:10,2033-06-17T22:50,2
Saint Petersburg,2033-06-17T22:35,2033-06-17T22:50,1
Moscow,2033-06-17T22:50,2033-06-17T23:20,3
Saint Petersburg,2033-06-17T22:50,2033-06-17T23:20,2
Moscow,2033-06-17T23:20,2033-06-18T00:20,4
Saint Petersburg,2033-06-17T23:20,2033-06-17T23:50,3
Saint Petersburg,2033-06-17T23:50,2033-06-18T01:05,4
Moscow,2033-06-18T00:20,2033-06-18T00:40,4
Moscow,2033-06-18T00:40,2033-06-18T01:20,4
Saint Petersburg,2033-06-18T01:05,2033-06-18T01:20,4
Moscow,2033-06-18T01:20,2033-06-18T01:50,3
Saint Petersburg,2033-06-18T01:20,2033-06-18T01:50,3
Moscow,2033-06-18T01:50,2033-06-18T02:50,2
Saint Petersburg,2033-06-18T01:50,2033-06-18T02:20,2
Saint Petersburg,2033-06-18T02:20,2033-06-18T03:35,1
Moscow,2033-06-18T02:50,2033-06-18T03:10,1
Moscow,2033-06-18T08:10,2033-06-18T08:35,1
Saint Petersburg,2033-06-18T08:10,2033-06-18T08:35,1
Moscow,2033-06-18T08:35,2033-06-18T08:50,2
Saint Petersburg,2033-06-18T08:35,2033-06-18T08:50,2
Moscow,2033-06-18T08:50,2033-06-18T09:20,3
Saint Petersburg,2033-06-18T08:50,2033-06-18T09:20,3
Moscow,2033-06-18T09:20,2033-06-18T10:40,4
Saint Petersburg,2033-06-18T09:20,2033-06-18T10:40,4
Moscow,2033-06-18T10:40,2033-06-18T11:05,4
Saint Petersburg,2033-06-18T10:40,2033-06-18T11:05,4
Moscow,2033-06-18T11:05,2033-06-18T11:20,4
Saint Petersburg,2033-06-18T11:05,2033-06-18T11:20,4
Moscow,2033-06-18T11:20,2033-06-18T11:50,4
Saint Petersburg,2033-06-18T11:20,2033-06-18T11:50,4
Moscow,2033-06-18T11:50,2033-06-18T13:10,4
Saint Petersburg,2033-06-18T11:50,2033-06-18T13:10,4
Moscow,2033-06-18T13:10,2033-06-18T13:35,4
Saint Petersburg,2033-06-18T13:10,2033-06-18T13:35,4
Moscow,2033-06-18T13:35,2033-06-18T13:50,4
Saint Petersburg,2033-06-18T13:35,2033-06-18T13:50,4
Moscow,2033-06-18T13:50,2033-06-18T14:20,4
Saint Petersburg,2033-06-18T13:50,2033-06-18T14:20,4
Moscow,2033-06-18T14:20,2033-06-18T15:40,4
Saint Petersburg,2033-06-18T14:20,2033-06-18T15:40,4
Moscow,2033-06-18T15:40,2033-06-18T16:05,4
Saint Petersburg,2033-06-18T15:40,2033-06-18T16:05,4
Moscow,2033-06-18T16:05,2033-06-18T16:20,4
Saint Petersburg,2033-06-18T16:05,2033-06-18T16:20,4
Moscow,2033-06-18T16:20,2033-06-18T16:50,3
Saint Petersburg,2033-06-18T16:20,2033-06-18T16:50,3
Moscow,2033-06-18T16:50,2033-06-18T18:10,2
Saint Petersburg,2033-06-18T16:50,2033-06-18T18:10,2
Moscow,2033-06-18T18:10,2033-06-18T18:35,1
Saint Petersburg,2033-06-18T18:10,2033-06-18T18:35,1
Moscow,2033-06-20T08:50,2033-06-20T09:20,1
Moscow,2033-06-20T09:20,2033-06-20T09:35,2
Moscow,2033-06-20T09:35,2033-06-20T09:50,3
Moscow,2033-06-20T09:50,2033-06-20T11:20,4
Saint Petersburg,2033-06-20T09:50,2033-06-20T10:10,1
Saint Petersburg,2033-06-20T10:10,2033-06-20T10:50,2
Saint Petersburg,2033-06-20T10:50,2033-06-20T11:20,3
Moscow,2033-06-20T11:20,2033-06-20T11:50,4
Saint Petersburg,2033-06-20T11:20,2033-06-20T12:20,4
Moscow,2033-06-20T11:50,2033-06-20T12:05,4
Moscow,2033-06-20T12:05,2033-06-20T12:20,4
Moscow,2033-06-20T12:20,2033-06-20T13:50,4
Saint Petersburg,2033-06-20T12:20,2033-06-20T12:40,4
Saint Petersburg,2033-06-20T12:40,2033-06-20T13:20,4
Saint Petersburg,2033-06-20T13:20,2033-06-20T13:50,4
Moscow,2033-06-20T13:50,2033-06-20T14:20,4
Saint Petersburg,2033-06-20T13:50,2033-06-20T14:50,4
Moscow,2033-06-20T14:20,2033-06-20T14:35,4
Moscow,2033-06-20T14:35,2033-06-20T14:50,4
Moscow,2033-06-20T14:50,2033-06-20T16:20,4
Saint Petersburg,2033-06-20T14:50,2033-06-20T15:10,4
Saint Petersburg,2033-06-20T15:10,2033-06-20T15:50,4
Saint Petersburg,2033-06-20T15:50,2033-06-20T16:20,4
Moscow,2033-06-20T16:20,2033-06-20T16:50,4
Saint Petersburg,2033-06-20T16:20,2033-06-20T17:20,4
Moscow,2033-06-20T16:50,2033-06-20T17:05,4
Moscow,2033-06-20T17:05,2033-06-20T17:20,4
Moscow,2033-06-20T17:20,2033-06-20T18:50,4
Saint Petersburg,2033-06-20T17:20,2033-06-20T17:40,4
Saint Petersburg,2033-06-20T17:40,2033-06-20T18:20,4
Saint Petersburg,2033-06-20T18:20,2033-06-20T18:50,4
Moscow,2033-06-20T18:50,2033-06-20T19:20,4
Saint Petersburg,2033-06-20T18:50,2033-06-20T19:50,4
Moscow,2033-06-20T19:20,2033-06-20T19:35,4
Moscow,2033-06-20T19:35,2033-06-20T19:50,4
Moscow,2033-06-20T19:50,2033-06-20T21:20,4
Saint Petersburg,2033-06-20T19:50,2033-06-20T20:10,4
Saint Petersburg,2033-06-20T20:10,2033-06-20T20:50,4
Saint Petersburg,2033-06-20T20:50,2033-06-20T21:20,4
Moscow,2033-06-20T21:20,2033-06-20T21:50,3
Saint Petersburg,2033-06-20T21:20,2033-06-20T22:20,3
Moscow,2033-06-20T21:50,2033-06-20T22:05,2
Moscow,2033-06-20T22:05,2033-06-20T22:20,1
Saint Petersburg,2033-06-20T22:20,2033-06-20T22:40,2
Saint Petersburg,2033-06-20T22:40,2033-06-20T23:20,1
Moscow,2033-06-22T12:10,2033-06-22T12:35,1
Moscow,2033-06-22T12:35,2033-06-22T12:50,2
Moscow,2033-06-22T12:50,2033-06-22T13:20,3
Saint Petersburg,2033-06-22T12:50,2033-06-22T13:20,1
Moscow,2033-06-22T13:20,2033-06-22T14:40,4
Saint Petersburg,2033-06-22T13:20,2033-06-22T13:50,2
Saint Petersburg,2033-06-22T13:50,2033-06-22T14:10,3
Saint Petersburg,2033-06-22T14:10,2033-06-22T15:20,4
Moscow,2033-06-22T14:40,2033-06-22T15:05,4
Moscow,2033-06-22T15:05,2033-06-22T15:20,4
Moscow,2033-06-22T15:20,2033-06-22T15:50,4
Saint Petersburg,2033-06-22T15:20,2033-06-22T15:50,4
Moscow,2033-06-22T15:50,2033-06-22T17:10,4
Saint Petersburg,2033-06-22T15:50,2033-06-22T16:20,4
Saint Petersburg,2033-06-22T16:20,2033-06-22T16:40,4
Saint Petersburg,2033-06-22T16:40,2033-06-22T17:50,4
Moscow,2033-06-22T17:10,2033-06-22T17:35,4
Moscow,2033-06-22T17:35,2033-06-22T17:50,4
Moscow,2033-06-22T17:50,2033-06-22T18:20,4
Saint Petersburg,2033-06-22T17:50,2033-06-22T18:20,4
Moscow,2033-06-22T18:20,2033-06-22T19:40,4
Saint Petersburg,2033-06-22T18:20,2033-06-22T18:50,4
Saint Petersburg,2033-06-22T18:50,2033-06-22T19:10,4
Saint Petersburg,2033-06-22T19:10,2033-06-22T19:20,3
Saint Petersburg,2033-06-22T19:20,2033-06-22T20:20,4
Moscow,2033-06-22T19:40,2033-06-22T20:05,4
Moscow,2033-06-22T20:05,2033-06-22T20:20,4
Moscow,2033-06-22T20:20,2033-06-22T20:50,4
Saint Petersburg,2033-06-22T20:20,2033-06-22T20:50,4
Moscow,2033-06-22T20:50,2033-06-22T22:10,4
Saint Petersburg,2033-06-22T20:50,2033-06-22T21:20,4
Saint Petersburg,2033-06-22T21:20,2033-06-22T21:50,4
Saint Petersburg,2033-06-22T21:50,2033-06-22T22:50,4
Moscow,2033-06-22T22:10,2033-06-22T22:35,4
Moscow,2033-06-22T22:35,2033-06-22T22:50,4
Moscow,2033-06-22T22:50,2033-06-22T23:20,4
Saint Petersburg,2033-06-22T22:50,2033-06-22T23:20,4
Moscow,2033-06-22T23:20,2033-06-23T00:40,4
Saint Petersburg,2033-06-22T23:20,2033-06-22T23:50,4
Saint Petersburg,2033-06-22T23:50,2033-06-23T00:20,3
Saint Petersburg,2033-06-23T00:20,2033-06-23T01:20,2
Moscow,2033-06-23T00:40,2033-06-23T01:05,3
Moscow,2033-06-23T01:05,2033-06-23T01:20,2
Moscow,2033-06-23T01:20,2033-06-23T01:50,1
Saint Petersburg,2033-06-23T01:20,2033-06-23T01:50,1
Saint Petersburg,2033-06-23T02:10,2033-06-23T04:40,1
Moscow,2033-06-24T16:10,2033-06-24T16:50,1
Moscow,2033-06-24T16:50,2033-06-24T17:20,2
Saint Petersburg,2033-06-24T16:50,2033-06-24T17:20,1
Moscow,2033-06-24T17:20,2033-06-24T18:10,3
Saint Petersburg,2033-06-24T17:20,2033-06-24T18:10,2
Moscow,2033-06-24T18:10,2033-06-24T18:40,4
Saint Petersburg,2033-06-24T18:10,2033-06-24T19:20,3
Moscow,2033-06-24T18:40,2033-06-24T18:50,3
Moscow,2033-06-24T18:50,2033-06-24T19:20,4
Moscow,2033-06-24T19:20,2033-06-24T19:50,4
Saint Petersburg,2033-06-24T19:20,2033-06-24T19:50,2
Moscow,2033-06-24T19:50,2033-06-24T20:40,4
Saint Petersburg,2033-06-24T19:50,2033-06-24T20:10,2
Saint Petersburg,2033-06-24T20:10,2033-06-24T20:35,3
Saint Petersburg,2033-06-24T20:35,2033-06-24T20:40,4
Moscow,2033-06-24T20:40,2033-06-24T21:20,4
Saint Petersburg,2033-06-24T20:40,2033-06-24T20:50,3
Saint Petersburg,2033-06-24T20:50,2033-06-24T22:20,4
Moscow,2033-06-24T21:20,2033-06-24T21:50,4
Moscow,2033-06-24T21:50,2033-06-24T22:20,4
Moscow,2033-06-24T22:20,2033-06-24T23:10,4
Saint Petersburg,2033-06-24T22:20,2033-06-24T22:40,4
Saint Petersburg,2033-06-24T22:40,2033-06-24T23:05,4
Saint Petersburg,2033-06-24T23:05,2033-06-24T23:20,4
Moscow,2033-06-24T23:10,2033-06-24T23:50,4
Saint Petersburg,2033-06-24T23:20,2033-06-25T00:50,4
Moscow,2033-06-24T23:50,2033-06-25T00:20,4
Moscow,2033-06-25T00:20,2033-06-25T00:50,4
Moscow,2033-06-25T00:50,2033-06-25T01:40,4
Saint Petersburg,2033-06-25T00:50,2033-06-25T01:10,4
Saint Petersburg,2033-06-25T01:10,2033-06-25T01:35,4
Saint Petersburg,2033-06-25T01:35,2033-06-25T01:50,4
Moscow,2033-06-25T01:40,2033-06-25T02:20,4
Saint Petersburg,2033-06-25T01:50,2033-06-25T03:20,4
Moscow,2033-06-25T02:20,2033-06-25T02:50,4
Moscow,2033-06-25T02:50,2033-06-25T03:20,3
Moscow,2033-06-25T03:20,2033-06-25T04:10,2
Saint Petersburg,2033-06-25T03:20,2033-06-25T03:40,4
Saint Petersburg,2033-06-25T03:40,2033-06-25T04:05,3
Saint Petersburg,2033-06-25T04:05,2033-06-25T04:20,2
Moscow,2033-06-25T04:10,2033-06-25T04:50,1
Saint Petersburg,2033-06-25T04:20,2033-06-25T05:50,1
Moscow,2033-06-25T08:10,2033-06-25T08:35,1
Saint Petersburg,2033-06-25T08:10,2033-06-25T08:35,1
Moscow,2033-06-25T08:35,2033-06-25T08:50,2
Saint Petersburg,2033-06-25T08:35,2033-06-25T08:50,2
Moscow,2033-06-25T08:50,2033-06-25T10:40,3
Saint Petersburg,2033-06-25T08:50,2033-06-25T10:40,3
Moscow,2033-06-25T10:40,2033-06-25T11:05,2
Saint Petersburg,2033-06-25T10:40,2033-06-25T11:05,2
Moscow,2033-06-25T11:05,2033-06-25T11:20,1
Saint Petersburg,2033-06-25T11:05,2033-06-25T11:20,1
Moscow,2033-06-26T20:35,2033-06-26T20:50,1
Moscow,2033-06-26T20:50,2033-06-26T21:20,2
Moscow,2033-06-26T21:20,2033-06-26T21:50,3
Saint Petersburg,2033-06-26T21:20,2033-06-26T21:50,1
Moscow,2033-06-26T21:50,2033-06-26T23:05,4
Saint Petersburg,2033-06-26T21:50,2033-06-26T22:10,2
Saint Petersburg,2033-06-26T22:10,2033-06-26T22:35,3
Saint Petersburg,2033-06-26T22:35,2033-06-26T23:50,4
Moscow,2033-06-26T23:05,2033-06-26T23:20,4
Moscow,2033-06-26T23:20,2033-06-26T23:50,4
Moscow,2033-06-26T23:50,2033-06-27T00:20,4
Saint Petersburg,2033-06-26T23:50,2033-06-27T00:20,4
Moscow,2033-06-27T00:20,2033-06-27T01:35,4
Saint Petersburg,2033-06-27T00:20,2033-06-27T00:40,4
Saint Petersburg,2033-06-27T00:40,2033-06-27T01:05,4
Saint Petersburg,2033-06-27T01:05,2033-06-27T02:20,4
Moscow,2033-06-27T01:35,2033-06-27T01:50,4
Moscow,2033-06-27T01:50,2033-06-27T02:20,3
Moscow,2033-06-27T02:20,2033-06-27T02:50,2
Saint Petersburg,2033-06-27T02:20,2033-06-27T02:50,3
Moscow,2033-06-27T02:50,2033-06-27T04:05,1
Saint Petersburg,2033-06-27T02:50,2033-06-27T03:10,2
Saint Petersburg,2033-06-27T03:10,2033-06-27T03:35,1
Moscow,2033-06-27T08:10,2033-06-27T08:35,1
Moscow,2033-06-27T08:35,2033-06-27T08:50,2
Saint Petersburg,2033-06-27T08:35,2033-06-27T08:50,1
Moscow,2033-06-27T08:50,2033-06-27T09:20,3
Saint Petersburg,2033-06-27T08:50,2033-06-27T09:50,2
Moscow,2033-06-27T09:20,2033-06-27T10:40,4
Saint Petersburg,2033-06-27T09:50,2033-06-27T10:10,3
Saint Petersburg,2033-06-27T10:10,2033-06-27T11:05,4
Moscow,2033-06-27T10:40,2033-06-27T11:05,4
Moscow,2033-06-27T11:05,2033-06-27T11:20,4
Saint Petersburg,2033-06-27T11:05,2033-06-27T11:20,4
Moscow,2033-06-27T11:20,2033-06-27T11:50,4
Saint Petersburg,2033-06-27T11:20,2033-06-27T12:10,3
Moscow,2033-06-27T11:50,2033-06-27T13:10,4
Saint Petersburg,2033-06-27T12:10,2033-06-27T12:20,4
Saint Petersburg,2033-06-27T12:20,2033-06-27T12:40,4
Saint Petersburg,2033-06-27T12:40,2033-06-27T13:20,3
Moscow,2033-06-27T13:10,2033-06-27T13:35,4
Saint Petersburg,2033-06-27T13:20,2033-06-27T13:35,4
Moscow,2033-06-27T13:35,2033-06-27T13:50,4
Saint Petersburg,2033-06-27T13:35,2033-06-27T14:40,4
Moscow,2033-06-27T13:50,2033-06-27T14:20,4
Moscow,2033-06-27T14:20,2033-06-27T15:40,3
Saint Petersburg,2033-06-27T14:40,2033-06-27T14:50,4
Saint Petersburg,2033-06-27T14:50,2033-06-27T15:50,4
Moscow,2033-06-27T15:40,2033-06-27T16:05,2
Saint Petersburg,2033-06-27T15:50,2033-06-27T16:05,3
Moscow,2033-06-27T16:05,2033-06-27T16:20,1
Saint Petersburg,2033-06-27T16:05,2033-06-27T17:10,2
Saint Petersburg,2033-06-27T17:10,2033-06-27T17:20,1
Moscow,2033-06-29T00:10,2033-06-29T02:40,1
Moscow,2033-06-29T08:10,2033-06-29T08:35,1
Saint Petersburg,2033-06-29T08:10,2033-06-29T08:35,1
Moscow,2033-06-29T08:35,2033-06-29T08:50,2
Saint Petersburg,2033-06-29T08:35,2033-06-29T08:50,2
Moscow,2033-06-29T08:50,2033-06-29T09:20,3
Saint Petersburg,2033-06-29T08:50,2033-06-29T09:20,3
Moscow,2033-06-29T09:20,2033-06-29T10:40,4
Saint Petersburg,2033-06-29T09:20,2033-06-29T10:40,4
Moscow,2033-06-29T10:40,2033-06-29T11:05,4
Saint Petersburg,2033-06-29T10:40,2033-06-29T11:05,4
Moscow,2033-06-29T11:05,2033-06-29T11:20,4
Saint Petersburg,2033-06-29T11:05,2033-06-29T11:20,4
Moscow,2033-06-29T11:20,2033-06-29T11:50,4
Saint Petersburg,2033-06-29T11:20,2033-06-29T11:50,4
Moscow,2033-06-29T11:50,2033-06-29T13:10,4
Saint Petersburg,2033-06-29T11:50,2033-06-29T13:10,4
Moscow,2033-06-29T13:10,2033-06-29T13:35,4
Saint Petersburg,2033-06-29T13:10,2033-06-29T13:35,4
Moscow,2033-06-29T13:35,2033-06-29T13:50,4
Saint Petersburg,2033-06-29T13:35,2033-06-29T13:50,4
Moscow,2033-06-29T13:50,2033-06-29T14:20,4
Saint Petersburg,2033-06-29T13:50,2033-06-29T14:20,4
Moscow,2033-06-29T14:20,2033-06-29T15:40,4
Saint Petersburg,2033-06-29T14:20,2033-06-29T15:40,4
Moscow,2033-06-29T15:40,2033-06-29T16:05,4
Saint Petersburg,2033-06-29T15:40,2033-06-29T16:05,4
Moscow,2033-06-29T16:05,2033-06-29T16:20,4
Saint Petersburg,2033-06-29T16:05,2033-06-29T16:10,3
Saint Petersburg,2033-06-29T16:10,2033-06-29T16:20,4
Moscow,2033-06-29T16:20,2033-06-29T16:50,4
Saint Petersburg,2033-06-29T16:20,2033-06-29T16:50,4
Moscow,2033-06-29T16:50,2033-06-29T18:10,4
Saint Petersburg,2033-06-29T16:50,2033-06-29T17:20,3
Saint Petersburg,2033-06-29T17:20,2033-06-29T18:10,4
Moscow,2033-06-29T18:10,2033-06-29T18:35,4
Saint Petersburg,2033-06-29T18:10,2033-06-29T18:40,4
Moscow,2033-06-29T18:35,2033-06-29T18:50,4
Saint Petersburg,2033-06-29T18:40,2033-06-29T18:50,3
Moscow,2033-06-29T18:50,2033-06-29T19:20,4
Saint Petersburg,2033-06-29T18:50,2033-06-29T19:20,2
Moscow,2033-06-29T19:20,2033-06-29T20:40,3
Saint Petersburg,2033-06-29T19:20,2033-06-29T19:50,3
Saint Petersburg,2033-06-29T19:50,2033-06-29T20:40,2
Moscow,2033-06-29T20:40,2033-06-29T21:05,2
Saint Petersburg,2033-06-29T20:40,2033-06-29T21:50,1
Moscow,2033-06-29T21:05,2033-06-29T21:20,1
Saint Petersburg,2033-06-30T01:50,2033-06-30T04:20,1
Moscow,2033-07-01T10:50,2033-07-01T11:20,1
Moscow,2033-07-01T11:20,2033-07-01T11:50,2
Moscow,2033-07-01T11:50,2033-07-01T12:10,3
Saint Petersburg,2033-07-01T11:50,2033-07-01T12:10,1
Moscow,2033-07-01T12:10,2033-07-01T13:20,4
Saint Petersburg,2033-07-01T12:10,2033-07-01T12:35,2
Saint Petersburg,2033-07-01T12:35,2033-07-01T12:50,3
Saint Petersburg,2033-07-01T12:50,2033-07-01T14:20,4
Moscow,2033-07-01T13:20,2033-07-01T13:50,4
Moscow,2033-07-01T13:50,2033-07-01T14:20,4
Moscow,2033-07-01T14:20,2033-07-01T14:40,4
Saint Petersburg,2033-07-01T14:20,2033-07-01T14:40,4
Moscow,2033-07-01T14:40,2033-07-01T15:50,4
Saint Petersburg,2033-07-01T14:40,2033-07-01T15:05,4
Saint Petersburg,2033-07-01T15:05,2033-07-01T15:20,4
Saint Petersburg,2033-07-01T15:20,2033-07-01T16:50,4
Moscow,2033-07-01T15:50,2033-07-01T16:20,4
Moscow,2033-07-01T16:20,2033-07-01T16:50,4
Moscow,2033-07-01T16:50,2033-07-01T17:10,4
Saint Petersburg,2033-07-01T16:50,2033-07-01T17:10,4
Moscow,2033-07-01T17:10,2033-07-01T18:20,4
Saint Petersburg,2033-07-01T17:10,2033-07-01T17:35,4
Saint Petersburg,2033-07-01T17:35,2033-07-01T17:50,4
Saint Petersburg,2033-07-01T17:50,2033-07-01T19:20,4
Moscow,2033-07-01T18:20,2033-07-01T18:50,4
Moscow,2033-07-01T18:50,2033-07-01T19:20,4
Moscow,2033-07-01T19:20,2033-07-01T19:40,4
Saint Petersburg,2033-07-01T19:20,2033-07-01T19:40,4
Moscow,2033-07-01T19:40,2033-07-01T20:50,4
Saint Petersburg,2033-07-01T19:40,2033-07-01T20:05,4
Saint Petersburg,2033-07-01T20:05,2033-07-01T20:20,4
Saint Petersburg,2033-07-01T20:20,2033-07-01T21:50,4
Moscow,2033-07-01T20:50,2033-07-01T21:20,4
Moscow,2033-07-01T21:20,2033-07-01T21:50,4
Moscow,2033-07-01T21:50,2033-07-01T22:10,4
Saint Petersburg,2033-07-01T21:50,2033-07-01T22:10,4
Moscow,2033-07-01T22:10,2033-07-01T23:20,4
Saint Petersburg,2033-07-01T22:10,2033-07-01T22:35,4
Saint Petersburg,2033-07-01T22:35,2033-07-01T22:50,4
Saint Petersburg,2033-07-01T22:50,2033-07-02T00:20,3
Moscow,2033-07-01T23:20,2033-07-01T23:50,3
Moscow,2033-07-01T23:50,2033-07-02T00:20,2
Moscow,2033-07-02T00:20,2033-07-02T00:40,1
Saint Petersburg,2033-07-02T00:20,2033-07-02T00:40,2
Saint Petersburg,2033-07-02T00:40,2033-07-02T01:05,1
Moscow,2033-07-03T14:10,2033-07-03T14:50,1
Moscow,2033-07-03T14:50,2033-07-03T15:20,2
Moscow,2033-07-03T15:20,2033-07-03T16:10,3
Moscow,2033-07-03T16:10,2033-07-03T16:40,4
Saint Petersburg,2033-07-03T16:10,2033-07-03T16:50,1
Moscow,2033-07-03T16:40,2033-07-03T16:50,3
Moscow,2033-07-03T16:50,2033-07-03T17:20,4
Saint Petersburg,2033-07-03T16:50,2033-07-03T17:20,2
Moscow,2033-07-03T17:20,2033-07-03T17:50,4
Saint Petersburg,2033-07-03T17:20,2033-07-03T18:40,4
Moscow,2033-07-03T17:50,2033-07-03T18:10,3
Moscow,2033-07-03T18:10,2033-07-03T18:40,4
Moscow,2033-07-03T18:40,2033-07-03T18:50,3
Saint Petersburg,2033-07-03T18:40,2033-07-03T19:20,4
Moscow,2033-07-03T18:50,2033-07-03T19:20,4
Moscow,2033-07-03T19:20,2033-07-03T19:50,4
Saint Petersburg,2033-07-03T19:20,2033-07-03T19:50,3
Moscow,2033-07-03T19:50,2033-07-03T20:40,4
Saint Petersburg,2033-07-03T19:50,2033-07-03T20:35,2
Saint Petersburg,2033-07-03T20:35,2033-07-03T20:50,3
Moscow,2033-07-03T20:40,2033-07-03T21:20,4
Saint Petersburg,2033-07-03T20:50,2033-07-03T21:10,4
Saint Petersburg,2033-07-03T21:10,2033-07-03T22:20,4
Moscow,2033-07-03T21:20,2033-07-03T21:50,4
Moscow,2033-07-03T21:50,2033-07-03T22:20,4
Moscow,2033-07-03T22:20,2033-07-03T23:10,4
Saint Petersburg,2033-07-03T22:20,2033-07-03T23:05,4
Saint Petersburg,2033-07-03T23:05,2033-07-03T23:20,4
Moscow,2033-07-03T23:10,2033-07-03T23:50,4
Saint Petersburg,2033-07-03T23:20,2033-07-03T23:40,4
Saint Petersburg,2033-07-03T23:40,2033-07-04T00:10,3
Moscow,2033-07-03T23:50,2033-07-04T00:20,4
Saint Petersburg,2033-07-04T00:10,2033-07-04T00:50,4
Moscow,2033-07-04T00:20,2033-07-04T00:50,4
Moscow,2033-07-04T00:50,2033-07-04T01:40,4
Saint Petersburg,2033-07-04T00:50,2033-07-04T01:35,4
Saint Petersburg,2033-07-04T01:35,2033-07-04T01:50,4
Moscow,2033-07-04T01:40,2033-07-04T02:20,4
Saint Petersburg,2033-07-04T01:50,2033-07-04T02:40,4
Moscow,2033-07-04T02:20,2033-07-04T02:50,4
Saint Petersburg,2033-07-04T02:40,2033-07-04T03:20,4
Moscow,2033-07-04T02:50,2033-07-04T03:20,3
Moscow,2033-07-04T03:20,2033-07-04T04:10,2
Saint Petersburg,2033-07-04T03:20,2033-07-04T04:05,4
Saint Petersburg,2033-07-04T04:05,2033-07-04T04:20,4
Moscow,2033-07-04T04:10,2033-07-04T04:50,1
Saint Petersburg,2033-07-04T04:20,2033-07-04T05:10,3
Saint Petersburg,2033-07-04T05:10,2033-07-04T05:50,2
Saint Petersburg,2033-07-04T05:50,2033-07-04T06:35,1
Moscow,2033-07-05T19:20,2033-07-05T19:50,1
Moscow,2033-07-05T19:50,2033-07-05T20:10,2
Moscow,2033-07-05T20:10,2033-07-05T20:35,3
Saint Petersburg,2033-07-05T20:10,2033-07-05T20:35,1
Moscow,2033-07-05T20:35,2033-07-05T21:50,4
Saint Petersburg,2033-07-05T20:35,2033-07-05T20:50,2
Saint Petersburg,2033-07-05T20:50,2033-07-05T21:20,3
Saint Petersburg,2033-07-05T21:20,2033-07-05T22:40,4
Moscow,2033-07-05T21:50,2033-07-05T22:20,4
Moscow,2033-07-05T22:20,2033-07-05T22:40,4
Moscow,2033-07-05T22:40,2033-07-05T23:05,4
Saint Petersburg,2033-07-05T22:40,2033-07-05T23:05,4
Moscow,2033-07-05T23:05,2033-07-06T00:20,4
Saint Petersburg,2033-07-05T23:05,2033-07-05T23:20,4
Saint Petersburg,2033-07-05T23:20,2033-07-05T23:50,4
Saint Petersburg,2033-07-05T23:50,2033-07-06T01:10,4
Moscow,2033-07-06T00:20,2033-07-06T00:50,4
Moscow,2033-07-06T00:50,2033-07-06T01:10,4
Moscow,2033-07-06T01:10,2033-07-06T01:35,4
Saint Petersburg,2033-07-06T01:10,2033-07-06T01:35,4
Moscow,2033-07-06T01:35,2033-07-06T02:50,4
Saint Petersburg,2033-07-06T01:35,2033-07-06T01:50,4
Saint Petersburg,2033-07-06T01:50,2033-07-06T02:20,4
Saint Petersburg,2033-07-06T02:20,2033-07-06T03:40,3
Moscow,2033-07-06T02:50,2033-07-06T03:20,3
Moscow,2033-07-06T03:20,2033-07-06T03:40,2
Moscow,2033-07-06T03:40,2033-07-06T04:05,1
Saint Petersburg,2033-07-06T03:40,2033-07-06T04:05,2
Saint Petersburg,2033-07-06T04:05,2033-07-06T04:20,1
Moscow,2033-07-06T08:10,2033-07-06T08:35,1
Saint Petersburg,2033-07-06T08:10,2033-07-06T08:35,1
Moscow,2033-07-06T08:35,2033-07-06T08:50,2
Saint Petersburg,2033-07-06T08:35,2033-07-06T08:50,2
Moscow,2033-07-06T08:50,2033-07-06T09:20,3
Saint Petersburg,2033-07-06T08:50,2033-07-06T09:50,3
Moscow,2033-07-06T09:20,2033-07-06T10:40,4
Saint Petersburg,2033-07-06T09:50,2033-07-06T10:40,4
Moscow,2033-07-06T10:40,2033-07-06T11:05,4
Saint Petersburg,2033-07-06T10:40,2033-07-06T11:05,4
Moscow,2033-07-06T11:05,2033-07-06T11:20,4
Saint Petersburg,2033-07-06T11:05,2033-07-06T11:20,4
Moscow,2033-07-06T11:20,2033-07-06T11:50,4
Saint Petersburg,2033-07-06T11:20,2033-07-06T12:20,3
Moscow,2033-07-06T11:50,2033-07-06T13:10,4
Saint Petersburg,2033-07-06T12:20,2033-07-06T13:10,2
Moscow,2033-07-06T13:10,2033-07-06T13:35,3
Saint Petersburg,2033-07-06T13:10,2033-07-06T13:20,1
Saint Petersburg,2033-07-06T13:20,2033-07-06T13:35,3
Moscow,2033-07-06T13:35,2033-07-06T13:50,2
Saint Petersburg,2033-07-06T13:35,2033-07-06T15:50,2
Moscow,2033-07-06T13:50,2033-07-06T14:20,1
Moscow,2033-07-07T22:50,2033-07-07T23:20,1
Moscow,2033-07-07T23:20,2033-07-07T23:50,2
Saint Petersburg,2033-07-07T23:20,2033-07-07T23:50,1
Moscow,2033-07-07T23:50,2033-07-08T00:10,3
Saint Petersburg,2033-07-07T23:50,2033-07-08T01:50,2
Moscow,2033-07-08T00:10,2033-07-08T01:20,4
Moscow,2033-07-08T01:20,2033-07-08T01:50,3
Moscow,2033-07-08T01:50,2033-07-08T02:20,2
Saint Petersburg,2033-07-08T01:50,2033-07-08T02:20,1
Moscow,2033-07-08T02:20,2033-07-08T02:40,1
Saint Petersburg,2033-07-08T04:10,2033-07-08T06:40,1
Moscow,2033-07-08T08:10,2033-07-08T08:35,1
Saint Petersburg,2033-07-08T08:10,2033-07-08T08:35,1
Moscow,2033-07-08T08:35,2033-07-08T08:50,2
Saint Petersburg,2033-07-08T08:35,2033-07-08T08:50,2
Moscow,2033-07-08T08:50,2033-07-08T09:20,3
Saint Petersburg,2033-07-08T08:50,2033-07-08T09:20,3
Moscow,2033-07-08T09:20,2033-07-08T10:40,4
Saint Petersburg,2033-07-08T09:20,2033-07-08T10:40,4
Moscow,2033-07-08T10:40,2033-07-08T11:05,4
Saint Petersburg,2033-07-08T10:40,2033-07-08T11:05,4
Moscow,2033-07-08T11:05,2033-07-08T11:20,4
Saint Petersburg,2033-07-08T11:05,2033-07-08T11:20,4
Moscow,2033-07-08T11:20,2033-07-08T11:50,4
Saint Petersburg,2033-07-08T11:20,2033-07-08T11:50,4
Moscow,2033-07-08T11:50,2033-07-08T13:10,4
Saint Petersburg,2033-07-08T11:50,2033-07-08T13:10,4
Moscow,2033-07-08T13:10,2033-07-08T13:35,4
Saint Petersburg,2033-07-08T13:10,2033-07-08T13:35,4
Moscow,2033-07-08T13:35,2033-07-08T13:50,4
Saint Petersburg,2033-07-08T13:35,2033-07-08T13:50,4
Moscow,2033-07-08T13:50,2033-07-08T14:20,4
Saint Petersburg,2033-07-08T13:50,2033-07-08T14:20,4
Moscow,2033-07-08T14:20,2033-07-08T15:40,4
Saint Petersburg,2033-07-08T14:20,2033-07-08T15:40,4
Moscow,2033-07-08T15:40,2033-07-08T16:05,4
Saint Petersburg,2033-07-08T15:40,2033-07-08T16:05,4
Moscow,2033-07-08T16:05,2033-07-08T16:20,4
Saint Petersburg,2033-07-08T16:05,2033-07-08T16:20,4
Moscow,2033-07-08T16:20,2033-07-08T16:50,4
Saint Petersburg,2033-07-08T16:20,2033-07-08T16:50,4
Moscow,2033-07-08T16:50,2033-07-08T18:10,4
Saint Petersburg,2033-07-08T16:50,2033-07-08T18:10,4
Moscow,2033-07-08T18:10,2033-07-08T18:35,3
Saint Petersburg,2033-07-08T18:10,2033-07-08T18:35,3
Moscow,2033-07-08T18:35,2033-07-08T18:50,2
Saint Petersburg,2033-07-08T18:35,2033-07-08T18:50,2
Moscow,2033-07-08T18:50,2033-07-08T19:20,1
Saint Petersburg,2033-07-08T18:50,2033-07-08T19:20,1
Moscow,2033-07-10T09:35,2033-07-10T09:50,1
Moscow,2033-07-10T09:50,2033-07-10T10:10,2
Moscow,2033-07-10T10:10,2033-07-10T10:50,3
Moscow,2033-07-10T10:50,2033-07-10T12:05,4
Saint Petersburg,2033-07-10T10:50,2033-07-10T11:20,1
Saint Petersburg,2033-07-10T11:20,2033-07-10T11:50,2
Saint Petersburg,2033-07-10T11:50,2033-07-10T12:10,3
Moscow,2033-07-10T12:05,2033-07-10T12:20,4
Saint Petersburg,2033-07-10T12:10,2033-07-10T13:20,4
Moscow,2033-07-10T12:20,2033-07-10T12:40,4
Moscow,2033-07-10T12:40,2033-07-10T13:20,4
Moscow,2033-07-10T13:20,2033-07-10T14:35,4
Saint Petersburg,2033-07-10T13:20,2033-07-10T13:50,4
Saint Petersburg,2033-07-10T13:50,2033-07-10T14:10,3
Saint Petersburg,2033-07-10T14:10,2033-07-10T14:20,4
Saint Petersburg,2033-07-10T14:20,2033-07-10T14:40,4
Moscow,2033-07-10T14:35,2033-07-10T14:50,4
Saint Petersburg,2033-07-10T14:40,2033-07-10T15:50,4
Moscow,2033-07-10T14:50,2033-07-10T15:10,4
Moscow,2033-07-10T15:10,2033-07-10T15:50,4
Moscow,2033-07-10T15:50,2033-07-10T17:05,4
Saint Petersburg,2033-07-10T15:50,2033-07-10T16:40,4
Saint Petersburg,2033-07-10T16:40,2033-07-10T16:50,4
Saint Petersburg,2033-07-10T16:50,2033-07-10T17:10,4
Moscow,2033-07-10T17:05,2033-07-10T17:20,4
Saint Petersburg,2033-07-10T17:10,2033-07-10T17:20,3
Moscow,2033-07-10T17:20,2033-07-10T17:40,4
Saint Petersburg,2033-07-10T17:20,2033-07-10T18:20,4
Moscow,2033-07-10T17:40,2033-07-10T18:20,4
Moscow,2033-07-10T18:20,2033-07-10T19:35,4
Saint Petersburg,2033-07-10T18:20,2033-07-10T19:10,4
Saint Petersburg,2033-07-10T19:10,2033-07-10T19:20,4
Saint Petersburg,2033-07-10T19:20,2033-07-10T19:50,4
Moscow,2033-07-10T19:35,2033-07-10T19:50,4
Moscow,2033-07-10T19:50,2033-07-10T20:10,4
Saint Petersburg,2033-07-10T19:50,2033-07-10T20:50,4
Moscow,2033-07-10T20:10,2033-07-10T20:50,4
Moscow,2033-07-10T20:50,2033-07-10T22:05,4
Saint Petersburg,2033-07-10T20:50,2033-07-10T21:40,4
Saint Petersburg,2033-07-10T21:40,2033-07-10T21:50,4
Saint Petersburg,2033-07-10T21:50,2033-07-10T22:20,4
Moscow,2033-07-10T22:05,2033-07-10T22:20,3
Moscow,2033-07-10T22:20,2033-07-10T22:40,2
Saint Petersburg,2033-07-10T22:20,2033-07-10T23:20,3
Moscow,2033-07-10T22:40,2033-07-10T23:20,1
Saint Petersburg,2033-07-10T23:20,2033-07-11T00:10,2
Saint Petersburg,2033-07-11T00:10,2033-07-11T00:20,1
Moscow,2033-07-12T12:50,2033-07-12T13:20,1
Moscow,2033-07-12T13:20,2033-07-12T13:50,2
Moscow,2033-07-12T13:50,2033-07-12T14:10,3
Saint Petersburg,2033-07-12T13:50,2033-07-12T14:10,1
Moscow,2033-07-12T14:10,2033-07-12T15:20,4
Saint Petersburg,2033-07-12T14:10,2033-07-12T14:50,2
Saint Petersburg,2033-07-12T14:50,2033-07-12T15:20,3
Moscow,2033-07-12T15:20,2033-07-12T15:50,4
Saint Petersburg,2033-07-12T15:20,2033-07-12T16:20,4
Moscow,2033-07-12T15:50,2033-07-12T16:20,4
Moscow,2033-07-12T16:20,2033-07-12T16:40,4
Saint Petersburg,2033-07-12T16:20,2033-07-12T16:40,4
Moscow,2033-07-12T16:40,2033-07-12T16:50,3
Saint Petersburg,2033-07-12T16:40,2033-07-12T17:20,4
Moscow,2033-07-12T16:50,2033-07-12T17:50,4
Saint Petersburg,2033-07-12T17:20,2033-07-12T17:50,4
Moscow,2033-07-12T17:50,2033-07-12T18:20,4
Saint Petersburg,2033-07-12T17:50,2033-07-12T18:50,4
Moscow,2033-07-12T18:20,2033-07-12T18:50,4
Moscow,2033-07-12T18:50,2033-07-12T19:20,4
Saint Petersburg,2033-07-12T18:50,2033-07-12T19:10,4
Saint Petersburg,2033-07-12T19:10,2033-07-12T19:50,3
Moscow,2033-07-12T19:20,2033-07-12T20:20,4
Saint Petersburg,2033-07-12T19:50,2033-07-12T20:10,3
Saint Petersburg,2033-07-12T20:10,2033-07-12T20:20,4
Moscow,2033-07-12T20:20,2033-07-12T20:50,4
Saint Petersburg,2033-07-12T20:20,2033-07-12T20:50,3
Moscow,2033-07-12T20:50,2033-07-12T21:20,4
Saint Petersburg,2033-07-12T20:50,2033-07-12T21:20,4
Moscow,2033-07-12T21:20,2033-07-12T21:50,4
Saint Petersburg,2033-07-12T21:20,2033-07-12T22:20,4
Moscow,2033-07-12T21:50,2033-07-12T22:50,4
Saint Petersburg,2033-07-12T22:20,2033-07-12T22:35,3
Saint Petersburg,2033-07-12T22:35,2033-07-12T22:40,4
Saint Petersburg,2033-07-12T22:40,2033-07-12T23:20,4
Moscow,2033-07-12T22:50,2033-07-12T23:20,4
Moscow,2033-07-12T23:20,2033-07-12T23:50,4
Saint Petersburg,2033-07-12T23:20,2033-07-12T23:50,4
Moscow,2033-07-12T23:50,2033-07-13T00:20,4
Saint Petersburg,2033-07-12T23:50,2033-07-13T00:10,3
Saint Petersburg,2033-07-13T00:10,2033-07-13T01:05,4
Moscow,2033-07-13T00:20,2033-07-13T01:20,4
Saint Petersburg,2033-07-13T01:05,2033-07-13T01:10,4
Saint Petersburg,2033-07-13T01:10,2033-07-13T01:50,4
Moscow,2033-07-13T01:20,2033-07-13T01:50,3
Moscow,2033-07-13T01:50,2033-07-13T02:20,2
Saint Petersburg,2033-07-13T01:50,2033-07-13T02:40,3
Moscow,2033-07-13T02:20,2033-07-13T02:50,1
Saint Petersburg,2033-07-13T02:40,2033-07-13T03:35,2
Saint Petersburg,2033-07-13T03:35,2033-07-13T03:40,1
Moscow,2033-07-14T17:20,2033-07-14T18:10,1
Moscow,2033-07-14T18:10,2033-07-14T18:50,2
Saint Petersburg,2033-07-14T18:10,2033-07-14T18:50,1
Moscow,2033-07-14T18:50,2033-07-14T19:20,3
Saint Petersburg,2033-07-14T18:50,2033-07-14T19:50,2
Moscow,2033-07-14T19:20,2033-07-14T19:50,4
Moscow,2033-07-14T19:50,2033-07-14T20:40,4
Saint Petersburg,2033-07-14T19:50,2033-07-14T20:10,3
Saint Petersburg,2033-07-14T20:10,2033-07-14T20:40,4
Moscow,2033-07-14T20:40,2033-07-14T21:20,4
Saint Petersburg,2033-07-14T20:40,2033-07-14T21:20,4
Moscow,2033-07-14T21:20,2033-07-14T21:50,4
Saint Petersburg,2033-07-14T21:20,2033-07-14T22:20,4
Moscow,2033-07-14T21:50,2033-07-14T22:20,4
Moscow,2033-07-14T22:20,2033-07-14T23:10,4
Saint Petersburg,2033-07-14T22:20,2033-07-14T22:40,4
Saint Petersburg,2033-07-14T22:40,2033-07-14T23:10,4
Moscow,2033-07-14T23:10,2033-07-14T23:50,4
Saint Petersburg,2033-07-14T23:10,2033-07-14T23:50,4
Moscow,2033-07-14T23:50,2033-07-15T00:20,4
Saint Petersburg,2033-07-14T23:50,2033-07-15T00:50,4
Moscow,2033-07-15T00:20,2033-07-15T00:50,4
Moscow,2033-07-15T00:50,2033-07-15T01:40,4
Saint Petersburg,2033-07-15T00:50,2033-07-15T01:10,4
Saint Petersburg,2033-07-15T01:10,2033-07-15T01:40,4
Moscow,2033-07-15T01:40,2033-07-15T02:20,4
Saint Petersburg,2033-07-15T01:40,2033-07-15T02:20,4
Moscow,2033-07-15T02:20,2033-07-15T02:50,4
Saint Petersburg,2033-07-15T02:20,2033-07-15T03:20,4
Moscow,2033-07-15T02:50,2033-07-15T03:20,3
Moscow,2033-07-15T03:20,2033-07-15T04:10,2
Saint Petersburg,2033-07-15T03:20,2033-07-15T03:40,3
Saint Petersburg,2033-07-15T03:40,2033-07-15T04:10,2
Moscow,2033-07-15T04:10,2033-07-15T04:50,1
Saint Petersburg,2033-07-15T04:10,2033-07-15T04:50,1
Moscow,2033-07-15T08:10,2033-07-15T08:35,1
Saint Petersburg,2033-07-15T08:10,2033-07-15T08:35,1
Moscow,2033-07-15T08:35,2033-07-15T08:50,2
Saint Petersburg,2033-07-15T08:35,2033-07-15T08:50,2
Moscow,2033-07-15T08:50,2033-07-15T09:20,3
Saint Petersburg,2033-07-15T08:50,2033-07-15T09:20,3
Moscow,2033-07-15T09:20,2033-07-15T10:40,4
Saint Petersburg,2033-07-15T09:20,2033-07-15T10:40,4
Moscow,2033-07-15T10:40,2033-07-15T11:05,4
Saint Petersburg,2033-07-15T10:40,2033-07-15T11:05,4
Moscow,2033-07-15T11:05,2033-07-15T11:20,3
Saint Petersburg,2033-07-15T11:05,2033-07-15T11:20,3
Moscow,2033-07-15T11:20,2033-07-15T11:50,2
Saint Petersburg,2033-07-15T11:20,2033-07-15T11:50,2
Moscow,2033-07-15T11:50,2033-07-15T13:10,1
Saint Petersburg,2033-07-15T11:50,2033-07-15T13:10,1
Moscow,2033-07-16T21:20,2033-07-16T21:50,1
Moscow,2033-07-16T21:50,2033-07-16T22:10,2
Moscow,2033-07-16T22:10,2033-07-16T22:50,3
Saint Petersburg,2033-07-16T22:10,2033-07-16T22:35,1
Saint Petersburg,2033-07-16T22:35,2033-07-16T22:50,2
Moscow,2033-07-16T22:50,2033-07-16T23:50,4
Saint Petersburg,2033-07-16T22:50,2033-07-16T23:20,3
Saint Petersburg,2033-07-16T23:20,2033-07-17T00:40,4
Moscow,2033-07-16T23:50,2033-07-17T00:20,4
Moscow,2033-07-17T00:20,2033-07-17T00:40,4
Moscow,2033-07-17T00:40,2033-07-17T01:20,4
Saint Petersburg,2033-07-17T00:40,2033-07-17T01:05,4
Saint Petersburg,2033-07-17T01:05,2033-07-17T01:20,4
Moscow,2033-07-17T01:20,2033-07-17T02:20,3
Saint Petersburg,2033-07-17T01:20,2033-07-17T01:50,3
Saint Petersburg,2033-07-17T01:50,2033-07-17T03:10,2
Moscow,2033-07-17T02:20,2033-07-17T02:50,2
Moscow,2033-07-17T02:50,2033-07-17T03:10,1
Saint Petersburg,2033-07-17T03:10,2033-07-17T03:35,1
Moscow,2033-07-17T08:10,2033-07-17T08:35,1
Saint Petersburg,2033-07-17T08:10,2033-07-17T08:35,1
Moscow,2033-07-17T08:35,2033-07-17T08:50,2
Saint Petersburg,2033-07-17T08:35,2033-07-17T09:20,2
Moscow,2033-07-17T08:50,2033-07-17T09:20,3
Moscow,2033-07-17T09:20,2033-07-17T10:40,4
Saint Petersburg,2033-07-17T09:20,2033-07-17T09:50,3
Saint Petersburg,2033-07-17T09:50,2033-07-17T10:40,4
Moscow,2033-07-17T10:40,2033-07-17T11:05,4
Saint Petersburg,2033-07-17T10:40,2033-07-17T10:50,3
Saint Petersburg,2033-07-17T10:50,2033-07-17T11:05,4
Moscow,2033-07-17T11:05,2033-07-17T11:20,4
Saint Petersburg,2033-07-17T11:05,2033-07-17T11:50,4
Moscow,2033-07-17T11:20,2033-07-17T11:50,4
Moscow,2033-07-17T11:50,2033-07-17T13:10,4
Saint Petersburg,2033-07-17T11:50,2033-07-17T12:20,4
Saint Petersburg,2033-07-17T12:20,2033-07-17T13:20,4
Moscow,2033-07-17T13:10,2033-07-17T13:35,4
Saint Petersburg,2033-07-17T13:20,2033-07-17T13:35,4
Moscow,2033-07-17T13:35,2033-07-17T13:50,4
Saint Petersburg,2033-07-17T13:35,2033-07-17T14:10,3
Moscow,2033-07-17T13:50,2033-07-17T14:20,4
Saint Petersburg,2033-07-17T14:10,2033-07-17T14:20,4
Moscow,2033-07-17T14:20,2033-07-17T15:40,4
Saint Petersburg,2033-07-17T14:20,2033-07-17T14:50,4
Saint Petersburg,2033-07-17T14:50,2033-07-17T15:50,4
Moscow,2033-07-17T15:40,2033-07-17T16:05,4
Saint Petersburg,2033-07-17T15:50,2033-07-17T16:10,3
Moscow,2033-07-17T16:05,2033-07-17T16:20,3
Saint Petersburg,2033-07-17T16:10,2033-07-17T16:40,4
Moscow,2033-07-17T16:20,2033-07-17T16:50,2
Saint Petersburg,2033-07-17T16:40,2033-07-17T16:50,3
Moscow,2033-07-17T16:50,2033-07-17T18:10,1
Saint Petersburg,2033-07-17T16:50,2033-07-17T17:20,2
Saint Petersburg,2033-07-17T17:20,2033-07-17T18:40,1
Moscow,2033-07-19T08:35,2033-07-19T08:50,1
Moscow,2033-07-19T08:50,2033-07-19T09:20,2
Saint Petersburg,2033-07-19T08:50,2033-07-19T09:20,1
Moscow,2033-07-19T09:20,2033-07-19T09:35,3
Saint Petersburg,2033-07-19T09:20,2033-07-19T09:50,2
Moscow,2033-07-19T09:35,2033-07-19T11:05,4
Saint Petersburg,2033-07-19T09:50,2033-07-19T10:10,3
Saint Petersburg,2033-07-19T10:10,2033-07-19T11:20,4
Moscow,2033-07-19T11:05,2033-07-19T11:20,4
Moscow,2033-07-19T11:20,2033-07-19T11:50,4
Saint Petersburg,2033-07-19T11:20,2033-07-19T11:50,4
Moscow,2033-07-19T11:50,2033-07-19T12:05,4
Saint Petersburg,2033-07-19T11:50,2033-07-19T12:20,4
Moscow,2033-07-19T12:05,2033-07-19T13:35,4
Saint Petersburg,2033-07-19T12:20,2033-07-19T12:40,4
Saint Petersburg,2033-07-19T12:40,2033-07-19T13:50,4
Moscow,2033-07-19T13:35,2033-07-19T13:50,4
Moscow,2033-07-19T13:50,2033-07-19T14:20,4
Saint Petersburg,2033-07-19T13:50,2033-07-19T14:20,4
Moscow,2033-07-19T14:20,2033-07-19T14:35,4
Saint Petersburg,2033-07-19T14:20,2033-07-19T14:50,4
Moscow,2033-07-19T14:35,2033-07-19T16:05,4
Saint Petersburg,2033-07-19T14:50,2033-07-19T15:10,4
Saint Petersburg,2033-07-19T15:10,2033-07-19T16:20,4
Moscow,2033-07-19T16:05,2033-07-19T16:20,4
Moscow,2033-07-19T16:20,2033-07-19T16:50,4
Saint Petersburg,2033-07-19T16:20,2033-07-19T16:50,4
Moscow,2033-07-19T16:50,2033-07-19T17:05,4
Saint Petersburg,2033-07-19T16:50,2033-07-19T17:20,4
Moscow,2033-07-19T17:05,2033-07-19T18:35,4
Saint Petersburg,2033-07-19T17:20,2033-07-19T17:40,4
Saint Petersburg,2033-07-19T17:40,2033-07-19T18:10,3
Saint Petersburg,2033-07-19T18:10,2033-07-19T18:50,4
Moscow,2033-07-19T18:35,2033-07-19T18:50,4
Moscow,2033-07-19T18:50,2033-07-19T19:20,4
Saint Petersburg,2033-07-19T18:50,2033-07-19T19:20,4
Moscow,2033-07-19T19:20,2033-07-19T19:35,4
Saint Petersburg,2033-07-19T19:20,2033-07-19T19:50,4
Moscow,2033-07-19T19:35,2033-07-19T21:05,4
Saint Petersburg,2033-07-19T19:50,2033-07-19T20:40,4
Saint Petersburg,2033-07-19T20:40,2033-07-19T21:20,3
Moscow,2033-07-19T21:05,2033-07-19T21:20,3
Moscow,2033-07-19T21:20,2033-07-19T21:50,2
Saint Petersburg,2033-07-19T21:20,2033-07-19T21:50,2
Moscow,2033-07-19T21:50,2033-07-19T22:05,1
Saint Petersburg,2033-07-19T21:50,2033-07-19T22:20,1
Moscow,2033-07-21T11:50,2033-07-21T12:10,1
Moscow,2033-07-21T12:10,2033-07-21T12:35,2
Moscow,2033-07-21T12:35,2033-07-21T12:50,3
Saint Petersburg,2033-07-21T12:35,2033-07-21T12:50,1
Moscow,2033-07-21T12:50,2033-07-21T14:20,4
Saint Petersburg,2033-07-21T12:50,2033-07-21T13:50,2
Saint Petersburg,2033-07-21T13:50,2033-07-21T14:10,3
Saint Petersburg,2033-07-21T14:10,2033-07-21T15:05,4
Moscow,2033-07-21T14:20,2033-07-21T14:40,4
Moscow,2033-07-21T14:40,2033-07-21T15:05,4
Moscow,2033-07-21T15:05,2033-07-21T15:20,4
Saint Petersburg,2033-07-21T15:05,2033-07-21T15:20,4
Moscow,2033-07-21T15:20,2033-07-21T16:50,4
Saint Petersburg,2033-07-21T15:20,2033-07-21T16:20,4
Saint Petersburg,2033-07-21T16:20,2033-07-21T16:40,4
Saint Petersburg,2033-07-21T16:40,2033-07-21T17:35,4
Moscow,2033-07-21T16:50,2033-07-21T17:10,4
Moscow,2033-07-21T17:10,2033-07-21T17:35,4
Moscow,2033-07-21T17:35,2033-07-21T17:50,4
Saint Petersburg,2033-07-21T17:35,2033-07-21T17:50,4
Moscow,2033-07-21T17:50,2033-07-21T19:20,4
Saint Petersburg,2033-07-21T17:50,2033-07-21T18:50,4
Saint Petersburg,2033-07-21T18:50,2033-07-21T19:10,4
Saint Petersburg,2033-07-21T19:10,2033-07-21T20:05,4
Moscow,2033-07-21T19:20,2033-07-21T19:40,4
Moscow,2033-07-21T19:40,2033-07-21T20:05,4
Moscow,2033-07-21T20:05,2033-07-21T20:20,4
Saint Petersburg,2033-07-21T20:05,2033-07-21T20:20,4
Moscow,2033-07-21T20:20,2033-07-21T21:50,4
Saint Petersburg,2033-07-21T20:20,2033-07-21T21:20,4
Saint Petersburg,2033-07-21T21:20,2033-07-21T21:40,4
Saint Petersburg,2033-07-21T21:40,2033-07-21T22:35,4
Moscow,2033-07-21T21:50,2033-07-21T22:10,4
Moscow,2033-07-21T22:10,2033-07-21T22:35,4
Moscow,2033-07-21T22:35,2033-07-21T22:50,4
Saint Petersburg,2033-07-21T22:35,2033-07-21T22:50,4
Moscow,2033-07-21T22:50,2033-07-22T00:20,4
Saint Petersburg,2033-07-21T22:50,2033-07-21T23:50,4
Saint Petersburg,2033-07-21T23:50,2033-07-22T00:10,4
Saint Petersburg,2033-07-22T00:10,2033-07-22T01:05,3
Moscow,2033-07-22T00:20,2033-07-22T00:40,3
Moscow,2033-07-22T00:40,2033-07-22T01:05,2
Moscow,2033-07-22T01:05,2033-07-22T01:20,1
Saint Petersburg,2033-07-22T01:05,2033-07-22T01:20,2
Saint Petersburg,2033-07-22T01:20,2033-07-22T02:20,1
Moscow,2033-07-23T15:20,2033-07-23T16:10,1
Moscow,2033-07-23T16:10,2033-07-23T16:50,2
Moscow,2033-07-23T16:50,2033-07-23T17:20,3
Saint Petersburg,2033-07-23T16:50,2033-07-23T17:20,1
Moscow,2033-07-23T17:20,2033-07-23T17:50,4
Saint Petersburg,2033-07-23T17:20,2033-07-23T18:10,2
Moscow,2033-07-23T17:50,2033-07-23T18:10,3
Moscow,2033-07-23T18:10,2033-07-23T18:40,4
Saint Petersburg,2033-07-23T18:10,2033-07-23T19:20,3
Moscow,2033-07-23T18:40,2033-07-23T18:50,3
Moscow,2033-07-23T18:50,2033-07-23T19:20,4
Moscow,2033-07-23T19:20,2033-07-23T19:50,4
Saint Petersburg,2033-07-23T19:20,2033-07-23T19:50,2
Moscow,2033-07-23T19:50,2033-07-23T20:40,4
Saint Petersburg,2033-07-23T19:50,2033-07-23T20:35,2
Saint Petersburg,2033-07-23T20:35,2033-07-23T20:40,3
Moscow,2033-07-23T20:40,2033-07-23T21:20,4
Saint Petersburg,2033-07-23T20:40,2033-07-23T20:50,2
Saint Petersburg,2033-07-23T20:50,2033-07-23T22:10,3
Moscow,2033-07-23T21:20,2033-07-23T21:50,4
Moscow,2033-07-23T21:50,2033-07-23T22:20,4
Saint Petersburg,2033-07-23T22:10,2033-07-23T22:20,4
Moscow,2033-07-23T22:20,2033-07-23T23:10,4
Saint Petersburg,2033-07-23T22:20,2033-07-23T22:50,3
Saint Petersburg,2033-07-23T22:50,2033-07-23T23:05,4
Saint Petersburg,2033-07-23T23:05,2033-07-23T23:20,4
Moscow,2033-07-23T23:10,2033-07-23T23:50,4
Saint Petersburg,2033-07-23T23:20,2033-07-24T00:40,4
Moscow,2033-07-23T23:50,2033-07-24T00:20,4
Moscow,2033-07-24T00:20,2033-07-24T00:50,4
Saint Petersburg,2033-07-24T00:40,2033-07-24T01:20,4
Moscow,2033-07-24T00:50,2033-07-24T01:40,4
Saint Petersburg,2033-07-24T01:20,2033-07-24T01:35,4
Saint Petersburg,2033-07-24T01:35,2033-07-24T01:50,4
Moscow,2033-07-24T01:40,2033-07-24T02:20,4
Saint Petersburg,2033-07-24T01:50,2033-07-24T03:10,4
Moscow,2033-07-24T02:20,2033-07-24T02:50,4
Moscow,2033-07-24T02:50,2033-07-24T03:20,3
Saint Petersburg,2033-07-24T03:10,2033-07-24T03:50,4
Moscow,2033-07-24T03:20,2033-07-24T04:10,2
Saint Petersburg,2033-07-24T03:50,2033-07-24T04:05,4
Saint Petersburg,2033-07-24T04:05,2033-07-24T04:20,3
Moscow,2033-07-24T04:10,2033-07-24T04:50,1
Saint Petersburg,2033-07-24T04:20,2033-07-24T05:40,2
Saint Petersburg,2033-07-24T05:40,2033-07-24T06:20,1
Moscow,2033-07-24T08:10,2033-07-24T08:35,1
Saint Petersburg,2033-07-24T08:10,2033-07-24T08:35,1
Moscow,2033-07-24T08:35,2033-07-24T10:40,2
Saint Petersburg,2033-07-24T08:35,2033-07-24T10:40,2
Moscow,2033-07-24T10:40,2033-07-24T11:05,1
Saint Petersburg,2033-07-24T10:40,2033-07-24T11:05,1
Moscow,2033-07-25T20:10,2033-07-25T20:35,1
Moscow,2033-07-25T20:35,2033-07-25T20:50,2
Moscow,2033-07-25T20:50,2033-07-25T21:20,3
Saint Petersburg,2033-07-25T20:50,2033-07-25T21:20,1
Moscow,2033-07-25T21:20,2033-07-25T22:40,4
Saint Petersburg,2033-07-25T21:20,2033-07-25T21:50,2
Saint Petersburg,2033-07-25T21:50,2033-07-25T22:10,3
Saint Petersburg,2033-07-25T22:10,2033-07-25T23:20,4
Moscow,2033-07-25T22:40,2033-07-25T23:05,4
Moscow,2033-07-25T23:05,2033-07-25T23:20,4
Moscow,2033-07-25T23:20,2033-07-25T23:50,4
Saint Petersburg,2033-07-25T23:20,2033-07-25T23:50,4
Moscow,2033-07-25T23:50,2033-07-26T01:10,4
Saint Petersburg,2033-07-25T23:50,2033-07-26T00:20,4
Saint Petersburg,2033-07-26T00:20,2033-07-26T00:40,4
Saint Petersburg,2033-07-26T00:40,2033-07-26T01:50,4
Moscow,2033-07-26T01:10,2033-07-26T01:35,4
Moscow,2033-07-26T01:35,2033-07-26T01:50,4
Moscow,2033-07-26T01:50,2033-07-26T02:20,3
Saint Petersburg,2033-07-26T01:50,2033-07-26T02:20,4
Moscow,2033-07-26T02:20,2033-07-26T03:40,2
Saint Petersburg,2033-07-26T02:20,2033-07-26T02:50,3
Saint Petersburg,2033-07-26T02:50,2033-07-26T03:10,2
Saint Petersburg,2033-07-26T03:10,2033-07-26T04:20,1
Moscow,2033-07-26T03:40,2033-07-26T04:05,1
Moscow,2033-07-26T08:10,2033-07-26T08:35,1
Saint Petersburg,2033-07-26T08:10,2033-07-26T08:35,1
Moscow,2033-07-26T08:35,2033-07-26T08:50,2
Saint Petersburg,2033-07-26T08:35,2033-07-26T08:50,2
Moscow,2033-07-26T08:50,2033-07-26T09:20,3
Saint Petersburg,2033-07-26T08:50,2033-07-26T09:20,3
Moscow,2033-07-26T09:20,2033-07-26T10:40,4
Saint Petersburg,2033-07-26T09:20,2033-07-26T10:40,4
Moscow,2033-07-26T10:40,2033-07-26T11:05,4
Saint Petersburg,2033-07-26T10:40,2033-07-26T11:05,4
Moscow,2033-07-26T11:05,2033-07-26T11:20,4
Saint Petersburg,2033-07-26T11:05,2033-07-26T11:20,4
Moscow,2033-07-26T11:20,2033-07-26T11:50,4
Saint Petersburg,2033-07-26T11:20,2033-07-26T11:50,4
Moscow,2033-07-26T11:50,2033-07-26T13:10,4
Saint Petersburg,2033-07-26T11:50,2033-07-26T13:10,4
Moscow,2033-07-26T13:10,2033-07-26T13:35,4
Saint Petersburg,2033-07-26T13:10,2033-07-26T13:35,4
Moscow,2033-07-26T13:35,2033-07-26T13:50,4
Saint Petersburg,2033-07-26T13:35,2033-07-26T13:50,3
Moscow,2033-07-26T13:50,2033-07-26T14:20,3
Saint Petersburg,2033-07-26T13:50,2033-07-26T14:10,2
Saint Petersburg,2033-07-26T14:10,2033-07-26T14:20,3
Moscow,2033-07-26T14:20,2033-07-26T15:40,2
Saint Petersburg,2033-07-26T14:20,2033-07-26T15:40,2
Moscow,2033-07-26T15:40,2033-07-26T16:05,1
Saint Petersburg,2033-07-26T15:40,2033-07-26T16:40,1
Moscow,2033-07-27T23:50,2033-07-28T00:10,1
Moscow,2033-07-28T00:10,2033-07-28T02:20,2
Saint Petersburg,2033-07-28T00:10,2033-07-28T02:40,1
Moscow,2033-07-28T02:20,2033-07-28T02:40,1
Moscow,2033-07-28T08:10,2033-07-28T08:35,1
Moscow,2033-07-28T08:35,2033-07-28T08:50,2
Saint Petersburg,2033-07-28T08:35,2033-07-28T08:50,1
Moscow,2033-07-28T08:50,2033-07-28T09:20,3
Saint Petersburg,2033-07-28T08:50,2033-07-28T09:20,2
Moscow,2033-07-28T09:20,2033-07-28T10:40,4
Saint Petersburg,2033-07-28T09:20,2033-07-28T10:10,3
Saint Petersburg,2033-07-28T10:10,2033-07-28T11:05,4
Moscow,2033-07-28T10:40,2033-07-28T11:05,4
Moscow,2033-07-28T11:05,2033-07-28T11:20,4
Saint Petersburg,2033-07-28T11:05,2033-07-28T11:20,3
Moscow,2033-07-28T11:20,2033-07-28T11:50,4
Saint Petersburg,2033-07-28T11:20,2033-07-28T11:50,3
Moscow,2033-07-28T11:50,2033-07-28T13:10,4
Saint Petersburg,2033-07-28T11:50,2033-07-28T12:10,3
Saint Petersburg,2033-07-28T12:10,2033-07-28T12:40,4
Saint Petersburg,2033-07-28T12:40,2033-07-28T12:50,3
Saint Petersburg,2033-07-28T12:50,2033-07-28T13:50,4
Moscow,2033-07-28T13:10,2033-07-28T13:35,4
Moscow,2033-07-28T13:35,2033-07-28T13:50,4
Moscow,2033-07-28T13:50,2033-07-28T14:20,4
Saint Petersburg,2033-07-28T13:50,2033-07-28T14:20,4
Moscow,2033-07-28T14:20,2033-07-28T15:40,4
Saint Petersburg,2033-07-28T14:20,2033-07-28T14:40,4
Saint Petersburg,2033-07-28T14:40,2033-07-28T15:20,4
Saint Petersburg,2033-07-28T15:20,2033-07-28T16:20,4
Moscow,2033-07-28T15:40,2033-07-28T16:05,4
Moscow,2033-07-28T16:05,2033-07-28T16:20,4
Moscow,2033-07-28T16:20,2033-07-28T16:50,4
Saint Petersburg,2033-07-28T16:20,2033-07-28T16:50,4
Moscow,2033-07-28T16:50,2033-07-28T18:10,4
Saint Petersburg,2033-07-28T16:50,2033-07-28T17:10,4
Saint Petersburg,2033-07-28T17:10,2033-07-28T17:50,4
Saint Petersburg,2033-07-28T17:50,2033-07-28T18:50,4
Moscow,2033-07-28T18:10,2033-07-28T18:35,4
Moscow,2033-07-28T18:35,2033-07-28T18:50,4
Moscow,2033-07-28T18:50,2033-07-28T19:20,3
Saint Petersburg,2033-07-28T18:50,2033-07-28T19:20,4
Moscow,2033-07-28T19:20,2033-07-28T20:40,2
Saint Petersburg,2033-07-28T19:20,2033-07-28T19:40,3
Saint Petersburg,2033-07-28T19:40,2033-07-28T20:20,2
Saint Petersburg,2033-07-28T20:20,2033-07-28T21:20,1
Moscow,2033-07-28T20:40,2033-07-28T21:05,1
Moscow,2033-07-30T10:10,2033-07-30T10:50,1
Moscow,2033-07-30T10:50,2033-07-30T11:20,2
Moscow,2033-07-30T11:20,2033-07-30T11:50,3
Saint Petersburg,2033-07-30T11:20,2033-07-30T11:50,1
Moscow,2033-07-30T11:50,2033-07-30T12:40,4
Saint Petersburg,2033-07-30T11:50,2033-07-30T12:10,2
Saint Petersburg,2033-07-30T12:10,2033-07-30T12:35,3
Saint Petersburg,2033-07-30T12:35,2033-07-30T13:50,4
Moscow,2033-07-30T12:40,2033-07-30T13:20,4
Moscow,2033-07-30T13:20,2033-07-30T13:50,4
Moscow,2033-07-30T13:50,2033-07-30T14:20,4
Saint Petersburg,2033-07-30T13:50,2033-07-30T14:20,4
Moscow,2033-07-30T14:20,2033-07-30T15:10,4
Saint Petersburg,2033-07-30T14:20,2033-07-30T14:40,4
Saint Petersburg,2033-07-30T14:40,2033-07-30T15:05,4
Saint Petersburg,2033-07-30T15:05,2033-07-30T16:20,4
Moscow,2033-07-30T15:10,2033-07-30T15:50,4
Moscow,2033-07-30T15:50,2033-07-30T16:20,4
Moscow,2033-07-30T16:20,2033-07-30T16:50,4
Saint Petersburg,2033-07-30T16:20,2033-07-30T16:50,4
Moscow,2033-07-30T16:50,2033-07-30T17:40,4
Saint Petersburg,2033-07-30T16:50,2033-07-30T17:10,4
Saint Petersburg,2033-07-30T17:10,2033-07-30T17:35,4
Saint Petersburg,2033-07-30T17:35,2033-07-30T18:10,3
Moscow,2033-07-30T17:40,2033-07-30T18:20,4
Saint Petersburg,2033-07-30T18:10,2033-07-30T18:50,4
Moscow,2033-07-30T18:20,2033-07-30T18:50,4
Moscow,2033-07-30T18:50,2033-07-30T19:20,4
Saint Petersburg,2033-07-30T18:50,2033-07-30T19:20,4
Moscow,2033-07-30T19:20,2033-07-30T20:10,4
Saint Petersburg,2033-07-30T19:20,2033-07-30T19:40,4
Saint Petersburg,2033-07-30T19:40,2033-07-30T20:40,4
Moscow,2033-07-30T20:10,2033-07-30T20:50,4
Saint Petersburg,2033-07-30T20:40,2033-07-30T20:50,3
Moscow,2033-07-30T20:50,2033-07-30T21:20,4
Saint Petersburg,2033-07-30T20:50,2033-07-30T21:20,4
Moscow,2033-07-30T21:20,2033-07-30T21:50,4
Saint Petersburg,2033-07-30T21:20,2033-07-30T21:50,4
Moscow,2033-07-30T21:50,2033-07-30T22:40,4
Saint Petersburg,2033-07-30T21:50,2033-07-30T22:10,4
Saint Petersburg,2033-07-30T22:10,2033-07-30T23:20,4
Moscow,2033-07-30T22:40,2033-07-30T23:20,3
Moscow,2033-07-30T23:20,2033-07-30T23:50,2
Saint Petersburg,2033-07-30T23:20,2033-07-30T23:50,3
Moscow,2033-07-30T23:50,2033-07-31T00:20,1
Saint Petersburg,2033-07-30T23:50,2033-07-31T00:20,2
Saint Petersburg,2033-07-31T00:20,2033-07-31T00:40,1
Moscow,2033-08-01T13:50,2033-08-01T14:10,1
Moscow,2033-08-01T14:10,2033-08-01T14:50,2
Moscow,2033-08-01T14:50,2033-08-01T15:20,3
Saint Petersburg,2033-08-01T14:50,2033-08-01T15:20,1
Moscow,2033-08-01T15:20,2033-08-01T16:20,4
Saint Petersburg,2033-08-01T15:20,2033-08-01T15:50,2
Saint Petersburg,2033-08-01T15:50,2033-08-01T16:10,3
Saint Petersburg,2033-08-01T16:10,2033-08-01T17:20,4
Moscow,2033-08-01T16:20,2033-08-01T16:40,4
Moscow,2033-08-01T16:40,2033-08-01T16:50,3
Moscow,2033-08-01T16:50,2033-08-01T17:20,4
Moscow,2033-08-01T17:20,2033-08-01T17:50,4
Saint Petersburg,2033-08-01T17:20,2033-08-01T17:50,4
Moscow,2033-08-01T17:50,2033-08-01T18:10,3
Saint Petersburg,2033-08-01T17:50,2033-08-01T18:20,4
Moscow,2033-08-01T18:10,2033-08-01T18:50,4
Saint Petersburg,2033-08-01T18:20,2033-08-01T18:40,4
Saint Petersburg,2033-08-01T18:40,2033-08-01T18:50,3
Moscow,2033-08-01T18:50,2033-08-01T19:20,4
Saint Petersburg,2033-08-01T18:50,2033-08-01T19:50,4
Moscow,2033-08-01T19:20,2033-08-01T19:50,4
Moscow,2033-08-01T19:50,2033-08-01T20:40,4
Saint Petersburg,2033-08-01T19:50,2033-08-01T20:20,4
Saint Petersburg,2033-08-01T20:20,2033-08-01T20:50,4
Moscow,2033-08-01T20:40,2033-08-01T21:20,4
Saint Petersburg,2033-08-01T20:50,2033-08-01T21:20,4
Moscow,2033-08-01T21:20,2033-08-01T21:50,4
Saint Petersburg,2033-08-01T21:20,2033-08-01T22:20,4
Moscow,2033-08-01T21:50,2033-08-01T22:20,4
Moscow,2033-08-01T22:20,2033-08-01T23:10,4
Saint Petersburg,2033-08-01T22:20,2033-08-01T22:50,4
Saint Petersburg,2033-08-01T22:50,2033-08-01T23:20,4
Moscow,2033-08-01T23:10,2033-08-01T23:50,4
Saint Petersburg,2033-08-01T23:20,2033-08-01T23:50,4
Moscow,2033-08-01T23:50,2033-08-02T00:20,4
Saint Petersburg,2033-08-01T23:50,2033-08-02T00:50,4
Moscow,2033-08-02T00:20,2033-08-02T00:50,4
Moscow,2033-08-02T00:50,2033-08-02T01:40,4
Saint Petersburg,2033-08-02T00:50,2033-08-02T01:20,4
Saint Petersburg,2033-08-02T01:20,2033-08-02T01:50,4
Moscow,2033-08-02T01:40,2033-08-02T02:20,4
Saint Petersburg,2033-08-02T01:50,2033-08-02T02:20,4
Moscow,2033-08-02T02:20,2033-08-02T02:50,3
Saint Petersburg,2033-08-02T02:20,2033-08-02T03:20,3
Moscow,2033-08-02T02:50,2033-08-02T03:20,2
Moscow,2033-08-02T03:20,2033-08-02T04:10,1
Saint Petersburg,2033-08-02T03:20,2033-08-02T03:50,2
Saint Petersburg,2033-08-02T03:50,2033-08-02T04:20,1
Moscow,2033-08-03T18:50,2033-08-03T19:20,1
Moscow,2033-08-03T19:20,2033-08-03T19:50,2
Moscow,2033-08-03T19:50,2033-08-03T20:10,3
Saint Petersburg,2033-08-03T19:50,2033-08-03T20:10,1
Moscow,2033-08-03T20:10,2033-08-03T21:20,4
Saint Petersburg,2033-08-03T20:10,2033-08-03T20:35,2
Saint Petersburg,2033-08-03T20:35,2033-08-03T20:50,3
Saint Petersburg,2033-08-03T20:50,2033-08-03T22:20,4
Moscow,2033-08-03T21:20,2033-08-03T21:50,4
Moscow,2033-08-03T21:50,2033-08-03T22:20,4
Moscow,2033-08-03T22:20,2033-08-03T22:40,4
Saint Petersburg,2033-08-03T22:20,2033-08-03T22:40,4
Moscow,2033-08-03T22:40,2033-08-03T23:50,4
Saint Petersburg,2033-08-03T22:40,2033-08-03T23:05,4
Saint Petersburg,2033-08-03T23:05,2033-08-03T23:20,4
Saint Petersburg,2033-08-03T23:20,2033-08-04T00:50,4
Moscow,2033-08-03T23:50,2033-08-04T00:20,4
Moscow,2033-08-04T00:20,2033-08-04T00:50,4
Moscow,2033-08-04T00:50,2033-08-04T01:10,4
Saint Petersburg,2033-08-04T00:50,2033-08-04T01:10,4
Moscow,2033-08-04T01:10,2033-08-04T02:20,4
Saint Petersburg,2033-08-04T01:10,2033-08-04T01:35,4
Saint Petersburg,2033-08-04T01:35,2033-08-04T01:50,4
Saint Petersburg,2033-08-04T01:50,2033-08-04T02:35,3
Moscow,2033-08-04T02:20,2033-08-04T02:50,3
Saint Petersburg,2033-08-04T02:35,2033-08-04T03:20,4
Moscow,2033-08-04T02:50,2033-08-04T03:20,2
Moscow,2033-08-04T03:20,2033-08-04T03:40,1
Saint Petersburg,2033-08-04T03:20,2033-08-04T03:40,3
Saint Petersburg,2033-08-04T03:40,2033-08-04T04:05,2
Saint Petersburg,2033-08-04T04:05,2033-08-04T05:05,1
Moscow,2033-08-04T04:50,2033-08-04T07:20,1
Moscow,2033-08-04T08:10,2033-08-04T08:35,1
Saint Petersburg,2033-08-04T08:10,2033-08-04T08:35,1
Moscow,2033-08-04T08:35,2033-08-04T08:50,2
Saint Petersburg,2033-08-04T08:35,2033-08-04T08:50,2
Moscow,2033-08-04T08:50,2033-08-04T09:20,3
Saint Petersburg,2033-08-04T08:50,2033-08-04T09:20,3
Moscow,2033-08-04T09:20,2033-08-04T10:40,4
Saint Petersburg,2033-08-04T09:20,2033-08-04T10:40,4
Moscow,2033-08-04T10:40,2033-08-04T11:05,4
Saint Petersburg,2033-08-04T10:40,2033-08-04T11:05,4
Moscow,2033-08-04T11:05,2033-08-04T11:20,4
Saint Petersburg,2033-08-04T11:05,2033-08-04T11:20,4
Moscow,2033-08-04T11:20,2033-08-04T11:50,4
Saint Petersburg,2033-08-04T11:20,2033-08-04T11:50,4
Moscow,2033-08-04T11:50,2033-08-04T13:10,3
Saint Petersburg,2033-08-04T11:50,2033-08-04T13:10,3
Moscow,2033-08-04T13:10,2033-08-04T13:35,2
Saint Petersburg,2033-08-04T13:10,2033-08-04T13:35,2
Moscow,2033-08-04T13:35,2033-08-04T13:50,1
Saint Petersburg,2033-08-04T13:35,2033-08-04T13:50,1
Moscow,2033-08-05T22:10,2033-08-05T22:50,1
Moscow,2033-08-05T22:50,2033-08-05T23:20,2
Saint Petersburg,2033-08-05T22:50,2033-08-05T23:20,1
Moscow,2033-08-05T23:20,2033-08-05T23:50,3
Saint Petersburg,2033-08-05T23:20,2033-08-05T23:50,2
Moscow,2033-08-05T23:50,2033-08-06T00:40,4
Saint Petersburg,2033-08-05T23:50,2033-08-06T00:10,3
Saint Petersburg,2033-08-06T00:10,2033-08-06T01:20,4
Moscow,2033-08-06T00:40,2033-08-06T01:20,4
Moscow,2033-08-06T01:20,2033-08-06T01:50,3
Saint Petersburg,2033-08-06T01:20,2033-08-06T01:50,3
Moscow,2033-08-06T01:50,2033-08-06T02:20,2
Saint Petersburg,2033-08-06T01:50,2033-08-06T02:20,2
Moscow,2033-08-06T02:20,2033-08-06T03:10,1
Saint Petersburg,2033-08-06T02:20,2033-08-06T02:40,1
Moscow,2033-08-06T08:10,2033-08-06T08:35,1
Moscow,2033-08-06T08:35,2033-08-06T08:50,2
Saint Petersburg,2033-08-06T08:35,2033-08-06T08:50,1
Moscow,2033-08-06T08:50,2033-08-06T09:20,3
Saint Petersburg,2033-08-06T08:50,2033-08-06T09:20,2
Moscow,2033-08-06T09:20,2033-08-06T10:40,4
Saint Petersburg,2033-08-06T09:20,2033-08-06T10:10,3
Saint Petersburg,2033-08-06T10:10,2033-08-06T11:05,4
Moscow,2033-08-06T10:40,2033-08-06T11:05,4
Moscow,2033-08-06T11:05,2033-08-06T11:20,4
Saint Petersburg,2033-08-06T11:05,2033-08-06T11:20,4
Moscow,2033-08-06T11:20,2033-08-06T11:50,4
Saint Petersburg,2033-08-06T11:20,2033-08-06T11:50,4
Moscow,2033-08-06T11:50,2033-08-06T13:10,4
Saint Petersburg,2033-08-06T11:50,2033-08-06T12:40,4
Saint Petersburg,2033-08-06T12:40,2033-08-06T13:35,4
Moscow,2033-08-06T13:10,2033-08-06T13:35,4
Moscow,2033-08-06T13:35,2033-08-06T13:50,4
Saint Petersburg,2033-08-06T13:35,2033-08-06T13:50,4
Moscow,2033-08-06T13:50,2033-08-06T14:20,4
Saint Petersburg,2033-08-06T13:50,2033-08-06T14:20,4
Moscow,2033-08-06T14:20,2033-08-06T15:40,4
Saint Petersburg,2033-08-06T14:20,2033-08-06T15:10,4
Saint Petersburg,2033-08-06T15:10,2033-08-06T16:05,4
Moscow,2033-08-06T15:40,2033-08-06T16:05,4
Moscow,2033-08-06T16:05,2033-08-06T16:20,4
Saint Petersburg,2033-08-06T16:05,2033-08-06T16:20,4
Moscow,2033-08-06T16:20,2033-08-06T16:50,4
Saint Petersburg,2033-08-06T16:20,2033-08-06T16:50,4
Moscow,2033-08-06T16:50,2033-08-06T18:10,3
Saint Petersburg,2033-08-06T16:50,2033-08-06T17:40,4
Saint Petersburg,2033-08-06T17:40,2033-08-06T18:35,3
Moscow,2033-08-06T18:10,2033-08-06T18:35,2
Moscow,2033-08-06T18:35,2033-08-06T18:50,1
Saint Petersburg,2033-08-06T18:35,2033-08-06T18:50,2
Saint Petersburg,2033-08-06T18:50,2033-08-06T19:20,1
Moscow,2033-08-08T09:20,2033-08-08T09:35,1
Moscow,2033-08-08T09:35,2033-08-08T09:50,2
Moscow,2033-08-08T09:50,2033-08-08T10:10,3
Saint Petersburg,2033-08-08T09:50,2033-08-08T10:10,1
Moscow,2033-08-08T10:10,2033-08-08T11:50,4
Saint Petersburg,2033-08-08T10:10,2033-08-08T10:50,2
Saint Petersburg,2033-08-08T10:50,2033-08-08T11:20,3
Saint Petersburg,2033-08-08T11:20,2033-08-08T12:20,4
Moscow,2033-08-08T11:50,2033-08-08T12:05,4
Moscow,2033-08-08T12:05,2033-08-08T12:20,4
Moscow,2033-08-08T12:20,2033-08-08T12:40,4
Saint Petersburg,2033-08-08T12:20,2033-08-08T12:40,4
Moscow,2033-08-08T12:40,2033-08-08T14:20,4
Saint Petersburg,2033-08-08T12:40,2033-08-08T13:20,4
Saint Petersburg,2033-08-08T13:20,2033-08-08T13:50,4
Saint Petersburg,2033-08-08T13:50,2033-08-08T14:50,4
Moscow,2033-08-08T14:20,2033-08-08T14:35,4
Moscow,2033-08-08T14:35,2033-08-08T14:50,4
Moscow,2033-08-08T14:50,2033-08-08T15:10,4
Saint Petersburg,2033-08-08T14:50,2033-08-08T15:10,4
Moscow,2033-08-08T15:10,2033-08-08T16:50,4
Saint Petersburg,2033-08-08T15:10,2033-08-08T15:50,4
Saint Petersburg,2033-08-08T15:50,2033-08-08T16:20,4
Saint Petersburg,2033-08-08T16:20,2033-08-08T17:20,4
Moscow,2033-08-08T16:50,2033-08-08T17:05,4
Moscow,2033-08-08T17:05,2033-08-08T17:20,4
Moscow,2033-08-08T17:20,2033-08-08T17:40,4
Saint Petersburg,2033-08-08T17:20,2033-08-08T17:40,4
Moscow,2033-08-08T17:40,2033-08-08T19:20,4
Saint Petersburg,2033-08-08T17:40,2033-08-08T18:20,4
Saint Petersburg,2033-08-08T18:20,2033-08-08T18:50,4
Saint Petersburg,2033-08-08T18:50,2033-08-08T19:50,4
Moscow,2033-08-08T19:20,2033-08-08T19:35,4
Moscow,2033-08-08T19:35,2033-08-08T19:50,4
Moscow,2033-08-08T19:50,2033-08-08T20:10,4
Saint Petersburg,2033-08-08T19:50,2033-08-08T20:10,4
Moscow,2033-08-08T20:10,2033-08-08T21:50,4
Saint Petersburg,2033-08-08T20:10,2033-08-08T20:50,3
Saint Petersburg,2033-08-08T20:50,2033-08-08T21:20,2
Saint Petersburg,2033-08-08T21:20,2033-08-08T22:20,1
Moscow,2033-08-08T21:50,2033-08-08T22:05,3
Moscow,2033-08-08T22:05,2033-08-08T22:20,2
Moscow,2033-08-08T22:20,2033-08-08T22:40,1
Saint Petersburg,2033-08-09T01:50,2033-08-09T02:10,1
Saint Petersburg,2033-08-09T02:10,2033-08-09T04:20,2
Saint Petersburg,2033-08-09T04:20,2033-08-09T04:40,1
Moscow,2033-08-10T12:35,2033-08-10T12:50,1
Moscow,2033-08-10T12:50,2033-08-10T13:20,2
Moscow,2033-08-10T13:20,2033-08-10T13:50,3
Saint Petersburg,2033-08-10T13:20,2033-08-10T14:50,1
Moscow,2033-08-10T13:50,2033-08-10T15:05,4
Saint Petersburg,2033-08-10T14:50,2033-08-10T15:20,2
Moscow,2033-08-10T15:05,2033-08-10T15:20,4
Moscow,2033-08-10T15:20,2033-08-10T15:50,4
Saint Petersburg,2033-08-10T15:20,2033-08-10T15:50,3
Moscow,2033-08-10T15:50,2033-08-10T16:20,4
Saint Petersburg,2033-08-10T15:50,2033-08-10T16:10,3
Saint Petersburg,2033-08-10T16:10,2033-08-10T17:20,4
Moscow,2033-08-10T16:20,2033-08-10T17:35,4
Saint Petersburg,2033-08-10T17:20,2033-08-10T17:50,4
Moscow,2033-08-10T17:35,2033-08-10T17:50,4
Moscow,2033-08-10T17:50,2033-08-10T18:20,4
Saint Petersburg,2033-08-10T17:50,2033-08-10T18:20,4
Moscow,2033-08-10T18:20,2033-08-10T18:50,4
Saint Petersburg,2033-08-10T18:20,2033-08-10T18:40,4
Saint Petersburg,2033-08-10T18:40,2033-08-10T19:50,4
Moscow,2033-08-10T18:50,2033-08-10T20:05,4
Saint Petersburg,2033-08-10T19:50,2033-08-10T20:20,4
Moscow,2033-08-10T20:05,2033-08-10T20:20,4
Moscow,2033-08-10T20:20,2033-08-10T20:50,4
Saint Petersburg,2033-08-10T20:20,2033-08-10T20:50,4
Moscow,2033-08-10T20:50,2033-08-10T21:20,4
Saint Petersburg,2033-08-10T20:50,2033-08-10T21:10,4
Saint Petersburg,2033-08-10T21:10,2033-08-10T22:20,4
Moscow,2033-08-10T21:20,2033-08-10T22:35,4
Saint Petersburg,2033-08-10T22:20,2033-08-10T22:50,4
Moscow,2033-08-10T22:35,2033-08-10T22:50,4
Moscow,2033-08-10T22:50,2033-08-10T23:20,4
Saint Petersburg,2033-08-10T22:50,2033-08-10T23:20,4
Moscow,2033-08-10T23:20,2033-08-10T23:50,4
Saint Petersburg,2033-08-10T23:20,2033-08-10T23:40,4
Saint Petersburg,2033-08-10T23:40,2033-08-11T00:50,4
Moscow,2033-08-10T23:50,2033-08-11T01:05,4
Saint Petersburg,2033-08-11T00:50,2033-08-11T01:20,4
Moscow,2033-08-11T01:05,2033-08-11T01:20,3
Moscow,2033-08-11T01:20,2033-08-11T01:50,2
Saint Petersburg,2033-08-11T01:20,2033-08-11T01:50,4
Moscow,2033-08-11T01:50,2033-08-11T02:20,1
Saint Petersburg,2033-08-11T01:50,2033-08-11T02:10,3
Saint Petersburg,2033-08-11T02:10,2033-08-11T03:20,2
Saint Petersburg,2033-08-11T03:20,2033-08-11T03:50,1
Moscow,2033-08-12T16:50,2033-08-12T17:20,1
Moscow,2033-08-12T17:20,2033-08-12T18:10,2
Saint Petersburg,2033-08-12T17:20,2033-08-12T18:10,1
Moscow,2033-08-12T18:10,2033-08-12T18:50,3
Saint Petersburg,2033-08-12T18:10,2033-08-12T18:50,2
Moscow,2033-08-12T18:50,2033-08-12T19:20,4
Saint Petersburg,2033-08-12T18:50,2033-08-12T19:50,3
Moscow,2033-08-12T19:20,2033-08-12T19:50,4
Moscow,2033-08-12T19:50,2033-08-12T20:40,4
Saint Petersburg,2033-08-12T19:50,2033-08-12T20:10,3
Saint Petersburg,2033-08-12T20:10,2033-08-12T20:40,4
Moscow,2033-08-12T20:40,2033-08-12T21:20,4
Saint Petersburg,2033-08-12T20:40,2033-08-12T21:20,4
Moscow,2033-08-12T21:20,2033-08-12T21:50,4
Saint Petersburg,2033-08-12T21:20,2033-08-12T22:20,4
Moscow,2033-08-12T21:50,2033-08-12T22:20,4
Moscow,2033-08-12T22:20,2033-08-12T23:10,4
Saint Petersburg,2033-08-12T22:20,2033-08-12T22:40,4
Saint Petersburg,2033-08-12T22:40,2033-08-12T23:10,4
Moscow,2033-08-12T23:10,2033-08-12T23:50,4
Saint Petersburg,2033-08-12T23:10,2033-08-12T23:50,4
Moscow,2033-08-12T23:50,2033-08-13T00:20,4
Saint Petersburg,2033-08-12T23:50,2033-08-13T00:50,4
Moscow,2033-08-13T00:20,2033-08-13T00:50,4
Moscow,2033-08-13T00:50,2033-08-13T01:40,4
Saint Petersburg,2033-08-13T00:50,2033-08-13T01:10,4
Saint Petersburg,2033-08-13T01:10,2033-08-13T01:40,4
Moscow,2033-08-13T01:40,2033-08-13T02:20,4
Saint Petersburg,2033-08-13T01:40,2033-08-13T02:20,4
Moscow,2033-08-13T02:20,2033-08-13T02:50,4
Saint Petersburg,2033-08-13T02:20,2033-08-13T03:20,3
Moscow,2033-08-13T02:50,2033-08-13T03:20,3
Moscow,2033-08-13T03:20,2033-08-13T04:10,2
Saint Petersburg,2033-08-13T03:20,2033-08-13T03:40,2
Saint Petersburg,2033-08-13T03:40,2033-08-13T04:10,1
Moscow,2033-08-13T04:10,2033-08-13T04:50,1
Saint Petersburg,2033-08-13T06:50,2033-08-13T08:10,1
Moscow,2033-08-13T08:10,2033-08-13T08:35,1
Saint Petersburg,2033-08-13T08:10,2033-08-13T08:35,2
Moscow,2033-08-13T08:35,2033-08-13T08:50,2
Saint Petersburg,2033-08-13T08:35,2033-08-13T08:50,3
Moscow,2033-08-13T08:50,2033-08-13T09:20,3
Saint Petersburg,2033-08-13T08:50,2033-08-13T09:20,4
Moscow,2033-08-13T09:20,2033-08-13T10:40,4
Saint Petersburg,2033-08-13T09:20,2033-08-13T10:40,4
Moscow,2033-08-13T10:40,2033-08-13T11:05,3
Saint Petersburg,2033-08-13T10:40,2033-08-13T11:05,3
Moscow,2033-08-13T11:05,2033-08-13T11:20,2
Saint Petersburg,2033-08-13T11:05,2033-08-13T11:20,2
Moscow,2033-08-13T11:20,2033-08-13T11:50,1
Saint Petersburg,2033-08-13T11:20,2033-08-13T11:50,1
Moscow,2033-08-14T20:50,2033-08-14T21:20,1
Moscow,2033-08-14T21:20,2033-08-14T21:50,2
Moscow,2033-08-14T21:50,2033-08-14T22:10,3
Saint Petersburg,2033-08-14T21:50,2033-08-14T22:10,1
Moscow,2033-08-14T22:10,2033-08-14T23:20,4
Saint Petersburg,2033-08-14T22:10,2033-08-14T22:35,2
Saint Petersburg,2033-08-14T22:35,2033-08-14T22:50,3
Saint Petersburg,2033-08-14T22:50,2033-08-15T00:20,4
Moscow,2033-08-14T23:20,2033-08-14T23:50,4
Moscow,2033-08-14T23:50,2033-08-15T00:20,4
Moscow,2033-08-15T00:20,2033-08-15T00:40,4
Saint Petersburg,2033-08-15T00:20,2033-08-15T00:40,4
Moscow,2033-08-15T00:40,2033-08-15T01:50,4
Saint Petersburg,2033-08-15T00:40,2033-08-15T01:05,4
Saint Petersburg,2033-08-15T01:05,2033-08-15T01:20,4
Saint Petersburg,2033-08-15T01:20,2033-08-15T02:50,3
Moscow,2033-08-15T01:50,2033-08-15T02:20,3
Moscow,2033-08-15T02:20,2033-08-15T02:50,2
Moscow,2033-08-15T02:50,2033-08-15T03:10,1
Saint Petersburg,2033-08-15T02:50,2033-08-15T03:10,2
Saint Petersburg,2033-08-15T03:10,2033-08-15T03:35,1
Moscow,2033-08-15T08:10,2033-08-15T08:35,1
Saint Petersburg,2033-08-15T08:10,2033-08-15T08:35,1
Moscow,2033-08-15T08:35,2033-08-15T08:50,2
Saint Petersburg,2033-08-15T08:35,2033-08-15T08:50,2
Moscow,2033-08-15T08:50,2033-08-15T09:20,3
Saint Petersburg,2033-08-15T08:50,2033-08-15T09:20,3
Moscow,2033-08-15T09:20,2033-08-15T10:40,4
Saint Petersburg,2033-08-15T09:20,2033-08-15T10:40,4
Moscow,2033-08-15T10:40,2033-08-15T11:05,4
Saint Petersburg,2033-08-15T10:40,2033-08-15T11:05,4
Moscow,2033-08-15T11:05,2033-08-15T11:20,4
Saint Petersburg,2033-08-15T11:05,2033-08-15T11:20,4
Moscow,2033-08-15T11:20,2033-08-15T11:50,4
Saint Petersburg,2033-08-15T11:20,2033-08-15T11:50,4
Moscow,2033-08-15T11:50,2033-08-15T13:10,4
Saint Petersburg,2033-08-15T11:50,2033-08-15T13:10,4
Moscow,2033-08-15T13:10,2033-08-15T13:35,4
Saint Petersburg,2033-08-15T13:10,2033-08-15T13:35,4
Moscow,2033-08-15T13:35,2033-08-15T13:50,4
Saint Petersburg,2033-08-15T13:35,2033-08-15T13:50,4
Moscow,2033-08-15T13:50,2033-08-15T14:20,4
Saint Petersburg,2033-08-15T13:50,2033-08-15T14:20,4
Moscow,2033-08-15T14:20,2033-08-15T15:40,4
Saint Petersburg,2033-08-15T14:20,2033-08-15T15:40,3
Moscow,2033-08-15T15:40,2033-08-15T16:05,3
Saint Petersburg,2033-08-15T15:40,2033-08-15T16:05,2
Moscow,2033-08-15T16:05,2033-08-15T16:20,2
Saint Petersburg,2033-08-15T16:05,2033-08-15T16:20,1
Moscow,2033-08-15T16:20,2033-08-15T16:50,1
Saint Petersburg,2033-08-15T16:35,2033-08-15T19:05,1
Moscow,2033-08-17T08:10,2033-08-17T08:35,1
Moscow,2033-08-17T08:35,2033-08-17T08:50,2
Saint Petersburg,2033-08-17T08:35,2033-08-17T09:50,1
Moscow,2033-08-17T08:50,2033-08-17T09:20,3
Moscow,2033-08-17T09:20,2033-08-17T10:40,4
Saint Petersburg,2033-08-17T09:50,2033-08-17T10:10,2
Saint Petersburg,2033-08-17T10:10,2033-08-17T10:50,3
Moscow,2033-08-17T10:40,2033-08-17T11:05,4
Saint Petersburg,2033-08-17T10:50,2033-08-17T11:05,4
Moscow,2033-08-17T11:05,2033-08-17T11:20,4
Saint Petersburg,2033-08-17T11:05,2033-08-17T11:20,3
Moscow,2033-08-17T11:20,2033-08-17T11:50,4
Saint Petersburg,2033-08-17T11:20,2033-08-17T12:20,4
Moscow,2033-08-17T11:50,2033-08-17T13:10,4
Saint Petersburg,2033-08-17T12:20,2033-08-17T12:40,4
Saint Petersburg,2033-08-17T12:40,2033-08-17T12:50,3
Saint Petersburg,2033-08-17T12:50,2033-08-17T13:20,4
Moscow,2033-08-17T13:10,2033-08-17T13:35,4
Saint Petersburg,2033-08-17T13:20,2033-08-17T13:50,4
Moscow,2033-08-17T13:35,2033-08-17T13:50,4
Moscow,2033-08-17T13:50,2033-08-17T14:20,4
Saint Petersburg,2033-08-17T13:50,2033-08-17T14:50,4
Moscow,2033-08-17T14:20,2033-08-17T15:40,4
Saint Petersburg,2033-08-17T14:50,2033-08-17T15:20,4
Saint Petersburg,2033-08-17T15:20,2033-08-17T15:50,4
Moscow,2033-08-17T15:40,2033-08-17T16:05,4
Saint Petersburg,2033-08-17T15:50,2033-08-17T16:20,4
Moscow,2033-08-17T16:05,2033-08-17T16:20,4
Moscow,2033-08-17T16:20,2033-08-17T16:50,4
Saint Petersburg,2033-08-17T16:20,2033-08-17T17:20,4
Moscow,2033-08-17T16:50,2033-08-17T18:10,4
Saint Petersburg,2033-08-17T17:20,2033-08-17T17:50,4
Saint Petersburg,2033-08-17T17:50,2033-08-17T18:20,4
Moscow,2033-08-17T18:10,2033-08-17T18:35,4
Saint Petersburg,2033-08-17T18:20,2033-08-17T18:50,4
Moscow,2033-08-17T18:35,2033-08-17T18:50,4
Moscow,2033-08-17T18:50,2033-08-17T19:20,4
Saint Petersburg,2033-08-17T18:50,2033-08-17T19:50,4
Moscow,2033-08-17T19:20,2033-08-17T20:40,4
Saint Petersburg,2033-08-17T19:50,2033-08-17T20:20,4
Saint Petersburg,2033-08-17T20:20,2033-08-17T20:50,4
Moscow,2033-08-17T20:40,2033-08-17T21:05,3
Saint Petersburg,2033-08-17T20:50,2033-08-17T21:20,3
Moscow,2033-08-17T21:05,2033-08-17T21:20,2
Moscow,2033-08-17T21:20,2033-08-17T21:50,1
Saint Petersburg,2033-08-17T21:20,2033-08-17T22:20,2
Saint Petersburg,2033-08-17T22:20,2033-08-17T22:50,1
Moscow,2033-08-19T11:20,2033-08-19T11:50,1
Moscow,2033-08-19T11:50,2033-08-19T12:10,2
Moscow,2033-08-19T12:10,2033-08-19T12:35,3
Saint Petersburg,2033-08-19T12:10,2033-08-19T12:35,1
Moscow,2033-08-19T12:35,2033-08-19T13:50,4
Saint Petersburg,2033-08-19T12:35,2033-08-19T12:50,2
Saint Petersburg,2033-08-19T12:50,2033-08-19T13:20,3
Saint Petersburg,2033-08-19T13:20,2033-08-19T14:40,4
Moscow,2033-08-19T13:50,2033-08-19T14:20,4
Moscow,2033-08-19T14:20,2033-08-19T14:40,4
Moscow,2033-08-19T14:40,2033-08-19T15:05,4
Saint Petersburg,2033-08-19T14:40,2033-08-19T15:05,4
Moscow,2033-08-19T15:05,2033-08-19T16:20,4
Saint Petersburg,2033-08-19T15:05,2033-08-19T15:20,4
Saint Petersburg,2033-08-19T15:20,2033-08-19T15:50,4
Saint Petersburg,2033-08-19T15:50,2033-08-19T17:10,4
Moscow,2033-08-19T16:20,2033-08-19T16:50,4
Moscow,2033-08-19T16:50,2033-08-19T17:10,4
Moscow,2033-08-19T17:10,2033-08-19T17:35,4
Saint Petersburg,2033-08-19T17:10,2033-08-19T17:35,4
Moscow,2033-08-19T17:35,2033-08-19T18:50,4
Saint Petersburg,2033-08-19T17:35,2033-08-19T17:50,4
Saint Petersburg,2033-08-19T17:50,2033-08-19T18:20,4
Saint Petersburg,2033-08-19T18:20,2033-08-19T19:40,4
Moscow,2033-08-19T18:50,2033-08-19T19:20,4
Moscow,2033-08-19T19:20,2033-08-19T19:40,4
Moscow,2033-08-19T19:40,2033-08-19T20:05,4
Saint Petersburg,2033-08-19T19:40,2033-08-19T20:05,4
Moscow,2033-08-19T20:05,2033-08-19T21:20,4
Saint Petersburg,2033-08-19T20:05,2033-08-19T20:20,4
Saint Petersburg,2033-08-19T20:20,2033-08-19T20:50,4
Saint Petersburg,2033-08-19T20:50,2033-08-19T22:10,4
Moscow,2033-08-19T21:20,2033-08-19T21:50,4
Moscow,2033-08-19T21:50,2033-08-19T22:10,4
Moscow,2033-08-19T22:10,2033-08-19T22:35,4
Saint Petersburg,2033-08-19T22:10,2033-08-19T22:35,4
Moscow,2033-08-19T22:35,2033-08-19T23:50,4
Saint Petersburg,2033-08-19T22:35,2033-08-19T22:50,4
Saint Petersburg,2033-08-19T22:50,2033-08-19T23:20,4
Saint Petersburg,2033-08-19T23:20,2033-08-20T00:40,3
Moscow,2033-08-19T23:50,2033-08-20T00:20,3
Moscow,2033-08-20T00:20,2033-08-20T00:40,2
Moscow,2033-08-20T00:40,2033-08-20T01:05,1
Saint Petersburg,2033-08-20T00:40,2033-08-20T01:05,2
Saint Petersburg,2033-08-20T01:05,2033-08-20T01:20,1
Moscow,2033-08-21T14:50,2033-08-21T15:20,1
Moscow,2033-08-21T15:20,2033-08-21T16:10,2
Saint Petersburg,2033-08-21T15:50,2033-08-21T16:10,1
Moscow,2033-08-21T16:10,2033-08-21T16:50,3
Saint Petersburg,2033-08-21T16:10,2033-08-21T16:50,2
Moscow,2033-08-21T16:50,2033-08-21T17:20,4
Saint Petersburg,2033-08-21T16:50,2033-08-21T17:20,3
Moscow,2033-08-21T17:20,2033-08-21T17:50,4
Saint Petersburg,2033-08-21T17:20,2033-08-21T18:20,4
Moscow,2033-08-21T17:50,2033-08-21T18:10,3
Moscow,2033-08-21T18:10,2033-08-21T18:40,4
Saint Petersburg,2033-08-21T18:20,2033-08-21T18:40,4
Moscow,2033-08-21T18:40,2033-08-21T18:50,3
Saint Petersburg,2033-08-21T18:40,2033-08-21T18:50,3
Moscow,2033-08-21T18:50,2033-08-21T19:20,4
Saint Petersburg,2033-08-21T18:50,2033-08-21T19:20,4
Moscow,2033-08-21T19:20,2033-08-21T19:50,4
Saint Petersburg,2033-08-21T19:20,2033-08-21T19:50,3
Moscow,2033-08-21T19:50,2033-08-21T20:40,4
Saint Petersburg,2033-08-21T19:50,2033-08-21T20:10,3
Saint Petersburg,2033-08-21T20:10,2033-08-21T20:50,4
Moscow,2033-08-21T20:40,2033-08-21T21:20,4
Saint Petersburg,2033-08-21T20:50,2033-08-21T21:20,4
Moscow,2033-08-21T21:20,2033-08-21T21:50,4
Saint Petersburg,2033-08-21T21:20,2033-08-21T22:20,4
Moscow,2033-08-21T21:50,2033-08-21T22:20,4
Moscow,2033-08-21T22:20,2033-08-21T23:10,4
Saint Petersburg,2033-08-21T22:20,2033-08-21T22:40,4
Saint Petersburg,2033-08-21T22:40,2033-08-21T23:20,4
Moscow,2033-08-21T23:10,2033-08-21T23:50,4
Saint Petersburg,2033-08-21T23:20,2033-08-21T23:50,4
Moscow,2033-08-21T23:50,2033-08-22T00:20,4
Saint Petersburg,2033-08-21T23:50,2033-08-22T00:50,4
Moscow,2033-08-22T00:20,2033-08-22T00:50,4
Moscow,2033-08-22T00:50,2033-08-22T01:40,4
Saint Petersburg,2033-08-22T00:50,2033-08-22T01:10,4
Saint Petersburg,2033-08-22T01:10,2033-08-22T01:20,3
Saint Petersburg,2033-08-22T01:20,2033-08-22T01:50,4
Moscow,2033-08-22T01:40,2033-08-22T02:20,4
Saint Petersburg,2033-08-22T01:50,2033-08-22T02:20,4
Moscow,2033-08-22T02:20,2033-08-22T02:50,4
Saint Petersburg,2033-08-22T02:20,2033-08-22T03:20,4
Moscow,2033-08-22T02:50,2033-08-22T03:20,3
Moscow,2033-08-22T03:20,2033-08-22T04:10,2
Saint Petersburg,2033-08-22T03:20,2033-08-22T03:50,3
Saint Petersburg,2033-08-22T03:50,2033-08-22T04:20,2
Moscow,2033-08-22T04:10,2033-08-22T04:50,1
Saint Petersburg,2033-08-22T04:20,2033-08-22T04:50,1
Moscow,2033-08-22T08:10,2033-08-22T10:40,1
Saint Petersburg,2033-08-22T08:10,2033-08-22T10:40,1
Moscow,2033-08-23T19:50,2033-08-23T20:10,1
Moscow,2033-08-23T20:10,2033-08-23T20:35,2
Moscow,2033-08-23T20:35,2033-08-23T20:50,3
Saint Petersburg,2033-08-23T20:35,2033-08-23T20:50,1
Moscow,2033-08-23T20:50,2033-08-23T22:20,4
Saint Petersburg,2033-08-23T20:50,2033-08-23T21:20,2
Saint Petersburg,2033-08-23T21:20,2033-08-23T21:50,3
Saint Petersburg,2033-08-23T21:50,2033-08-23T23:05,4
Moscow,2033-08-23T22:20,2033-08-23T22:40,4
Moscow,2033-08-23T22:40,2033-08-23T23:05,4
Moscow,2033-08-23T23:05,2033-08-23T23:20,4
Saint Petersburg,2033-08-23T23:05,2033-08-23T23:20,4
Moscow,2033-08-23T23:20,2033-08-24T00:50,4
Saint Petersburg,2033-08-23T23:20,2033-08-23T23:50,4
Saint Petersburg,2033-08-23T23:50,2033-08-24T00:20,4
Saint Petersburg,2033-08-24T00:20,2033-08-24T01:35,4
Moscow,2033-08-24T00:50,2033-08-24T01:10,4
Moscow,2033-08-24T01:10,2033-08-24T01:35,4
Moscow,2033-08-24T01:35,2033-08-24T01:50,4
Saint Petersburg,2033-08-24T01:35,2033-08-24T01:50,4
Moscow,2033-08-24T01:50,2033-08-24T03:20,3
Saint Petersburg,2033-08-24T01:50,2033-08-24T02:20,4
Saint Petersburg,2033-08-24T02:20,2033-08-24T02:50,3
Saint Petersburg,2033-08-24T02:50,2033-08-24T04:05,2
Moscow,2033-08-24T03:20,2033-08-24T03:40,2
Moscow,2033-08-24T03:40,2033-08-24T04:05,1
Saint Petersburg,2033-08-24T04:05,2033-08-24T04:20,1
Moscow,2033-08-24T08:10,2033-08-24T08:35,1
Saint Petersburg,2033-08-24T08:10,2033-08-24T08:35,1
Moscow,2033-08-24T08:35,2033-08-24T08:50,2
Saint Petersburg,2033-08-24T08:35,2033-08-24T08:50,2
Moscow,2033-08-24T08:50,2033-08-24T09:20,3
Saint Petersburg,2033-08-24T08:50,2033-08-24T09:20,3
Moscow,2033-08-24T09:20,2033-08-24T10:40,4
Saint Petersburg,2033-08-24T09:20,2033-08-24T10:40,4
Moscow,2033-08-24T10:40,2033-08-24T11:05,4
Saint Petersburg,2033-08-24T10:40,2033-08-24T11:05,4
Moscow,2033-08-24T11:05,2033-08-24T11:20,4
Saint Petersburg,2033-08-24T11:05,2033-08-24T11:20,4
Moscow,2033-08-24T11:20,2033-08-24T11:50,4
Saint Petersburg,2033-08-24T11:20,2033-08-24T11:50,4
Moscow,2033-08-24T11:50,2033-08-24T13:10,4
Saint Petersburg,2033-08-24T11:50,2033-08-24T13:10,4
Moscow,2033-08-24T13:10,2033-08-24T13:35,4
Saint Petersburg,2033-08-24T13:10,2033-08-24T13:35,4
Moscow,2033-08-24T13:35,2033-08-24T13:50,3
Saint Petersburg,2033-08-24T13:35,2033-08-24T13:50,3
Moscow,2033-08-24T13:50,2033-08-24T14:20,2
Saint Petersburg,2033-08-24T13:50,2033-08-24T14:20,2
Moscow,2033-08-24T14:20,2033-08-24T15:40,1
Saint Petersburg,2033-08-24T14:20,2033-08-24T15:40,1
Moscow,2033-08-25T23:20,2033-08-25T23:50,1
Moscow,2033-08-25T23:50,2033-08-26T00:10,2
Saint Petersburg,2033-08-25T23:50,2033-08-26T00:10,1
Moscow,2033-08-26T00:10,2033-08-26T01:50,3
Saint Petersburg,2033-08-26T00:10,2033-08-26T02:20,2
Moscow,2033-08-26T01:50,2033-08-26T02:20,2
Moscow,2033-08-26T02:20,2033-08-26T02:40,1
Saint Petersburg,2033-08-26T02:20,2033-08-26T02:40,1
Moscow,2033-08-26T08:10,2033-08-26T08:35,1
Saint Petersburg,2033-08-26T08:10,2033-08-26T09:20,1
Moscow,2033-08-26T08:35,2033-08-26T08:50,2
Moscow,2033-08-26T08:50,2033-08-26T09:20,3
Moscow,2033-08-26T09:20,2033-08-26T10:40,4
Saint Petersburg,2033-08-26T09:20,2033-08-26T09:50,2
Saint Petersburg,2033-08-26T09:50,2033-08-26T10:35,3
Saint Petersburg,2033-08-26T10:35,2033-08-26T10:40,4
Moscow,2033-08-26T10:40,2033-08-26T11:05,4
Saint Petersburg,2033-08-26T10:40,2033-08-26T10:50,3
Saint Petersburg,2033-08-26T10:50,2033-08-26T11:50,4
Moscow,2033-08-26T11:05,2033-08-26T11:20,4
Moscow,2033-08-26T11:20,2033-08-26T11:50,4
Moscow,2033-08-26T11:50,2033-08-26T13:10,4
Saint Petersburg,2033-08-26T11:50,2033-08-26T12:20,4
Saint Petersburg,2033-08-26T12:20,2033-08-26T13:05,4
Saint Petersburg,2033-08-26T13:05,2033-08-26T13:20,4
Moscow,2033-08-26T13:10,2033-08-26T13:35,4
Saint Petersburg,2033-08-26T13:20,2033-08-26T14:20,4
Moscow,2033-08-26T13:35,2033-08-26T13:50,4
Moscow,2033-08-26T13:50,2033-08-26T14:20,4
Moscow,2033-08-26T14:20,2033-08-26T15:40,4
Saint Petersburg,2033-08-26T14:20,2033-08-26T14:50,4
Saint Petersburg,2033-08-26T14:50,2033-08-26T15:35,4
Saint Petersburg,2033-08-26T15:35,2033-08-26T15:50,4
Moscow,2033-08-26T15:40,2033-08-26T16:05,4
Saint Petersburg,2033-08-26T15:50,2033-08-26T16:50,4
Moscow,2033-08-26T16:05,2033-08-26T16:20,4
Moscow,2033-08-26T16:20,2033-08-26T16:50,4
Moscow,2033-08-26T16:50,2033-08-26T18:10,4
Saint Petersburg,2033-08-26T16:50,2033-08-26T17:20,4
Saint Petersburg,2033-08-26T17:20,2033-08-26T18:05,4
Saint Petersburg,2033-08-26T18:05,2033-08-26T18:20,4
Moscow,2033-08-26T18:10,2033-08-26T18:35,4
Saint Petersburg,2033-08-26T18:20,2033-08-26T19:20,4
Moscow,2033-08-26T18:35,2033-08-26T18:50,3
Moscow,2033-08-26T18:50,2033-08-26T19:20,2
Moscow,2033-08-26T19:20,2033-08-26T20:40,1
Saint Petersburg,2033-08-26T19:20,2033-08-26T19:50,3
Saint Petersburg,2033-08-26T19:50,2033-08-26T20:35,2
Saint Petersburg,2033-08-26T20:35,2033-08-26T20:50,1
Moscow,2033-08-28T09:50,2033-08-28T10:10,1
Moscow,2033-08-28T10:10,2033-08-28T10:50,2
Moscow,2033-08-28T10:50,2033-08-28T11:20,3
Saint Petersburg,2033-08-28T10:50,2033-08-28T11:20,1
Moscow,2033-08-28T11:20,2033-08-28T12:20,4
Saint Petersburg,2033-08-28T11:20,2033-08-28T11:50,2
Saint Petersburg,2033-08-28T11:50,2033-08-28T12:10,3
Saint Petersburg,2033-08-28T12:10,2033-08-28T13:20,4
Moscow,2033-08-28T12:20,2033-08-28T12:40,4
Moscow,2033-08-28T12:40,2033-08-28T13:20,4
Moscow,2033-08-28T13:20,2033-08-28T13:50,4
Saint Petersburg,2033-08-28T13:20,2033-08-28T13:50,4
Moscow,2033-08-28T13:50,2033-08-28T14:50,4
Saint Petersburg,2033-08-28T13:50,2033-08-28T14:20,4
Saint Petersburg,2033-08-28T14:20,2033-08-28T14:40,4
Saint Petersburg,2033-08-28T14:40,2033-08-28T15:50,4
Moscow,2033-08-28T14:50,2033-08-28T15:10,4
Moscow,2033-08-28T15:10,2033-08-28T15:50,4
Moscow,2033-08-28T15:50,2033-08-28T16:20,4
Saint Petersburg,2033-08-28T15:50,2033-08-28T16:20,4
Moscow,2033-08-28T16:20,2033-08-28T17:20,4
Saint Petersburg,2033-08-28T16:20,2033-08-28T16:50,4
Saint Petersburg,2033-08-28T16:50,2033-08-28T17:10,4
Saint Petersburg,2033-08-28T17:10,2033-08-28T18:20,4
Moscow,2033-08-28T17:20,2033-08-28T17:40,4
Moscow,2033-08-28T17:40,2033-08-28T18:20,4
Moscow,2033-08-28T18:20,2033-08-28T18:50,4
Saint Petersburg,2033-08-28T18:20,2033-08-28T18:50,4
Moscow,2033-08-28T18:50,2033-08-28T19:50,4
Saint Petersburg,2033-08-28T18:50,2033-08-28T19:20,4
Saint Petersburg,2033-08-28T19:20,2033-08-28T19:40,4
Saint Petersburg,2033-08-28T19:40,2033-08-28T20:50,4
Moscow,2033-08-28T19:50,2033-08-28T20:10,4
Moscow,2033-08-28T20:10,2033-08-28T20:50,4
Moscow,2033-08-28T20:50,2033-08-28T21:20,4
Saint Petersburg,2033-08-28T20:50,2033-08-28T21:20,4
Moscow,2033-08-28T21:20,2033-08-28T22:20,4
Saint Petersburg,2033-08-28T21:20,2033-08-28T21:50,4
Saint Petersburg,2033-08-28T21:50,2033-08-28T22:10,4
Saint Petersburg,2033-08-28T22:10,2033-08-28T23:20,3
Moscow,2033-08-28T22:20,2033-08-28T22:40,3
Moscow,2033-08-28T22:40,2033-08-28T23:20,2
Moscow,2033-08-28T23:20,2033-08-28T23:50,1
Saint Petersburg,2033-08-28T23:20,2033-08-28T23:50,2
Saint Petersburg,2033-08-28T23:50,2033-08-29T00:20,1
Moscow,2033-08-30T13:20,2033-08-30T13:50,1
Moscow,2033-08-30T13:50,2033-08-30T14:10,2
Moscow,2033-08-30T14:10,2033-08-30T14:50,3
Saint Petersburg,2033-08-30T14:10,2033-08-30T15:50,1
Moscow,2033-08-30T14:50,2033-08-30T15:50,4
Moscow,2033-08-30T15:50,2033-08-30T16:20,4
Saint Petersburg,2033-08-30T15:50,2033-08-30T16:10,2
Saint Petersburg,2033-08-30T16:10,2033-08-30T16:40,3
Moscow,2033-08-30T16:20,2033-08-30T16:40,4
Moscow,2033-08-30T16:40,2033-08-30T16:50,3
Saint Petersburg,2033-08-30T16:40,2033-08-30T16:50,2
Moscow,2033-08-30T16:50,2033-08-30T17:20,4
Saint Petersburg,2033-08-30T16:50,2033-08-30T17:20,3
Moscow,2033-08-30T17:20,2033-08-30T18:20,4
Saint Petersburg,2033-08-30T17:20,2033-08-30T18:20,4
Moscow,2033-08-30T18:20,2033-08-30T18:50,4
Saint Petersburg,2033-08-30T18:20,2033-08-30T18:40,4
Saint Petersburg,2033-08-30T18:40,2033-08-30T18:50,3
Moscow,2033-08-30T18:50,2033-08-30T19:20,4
Saint Petersburg,2033-08-30T18:50,2033-08-30T19:20,4
Moscow,2033-08-30T19:20,2033-08-30T19:50,4
Saint Petersburg,2033-08-30T19:20,2033-08-30T19:50,4
Moscow,2033-08-30T19:50,2033-08-30T20:50,4
Saint Petersburg,2033-08-30T19:50,2033-08-30T20:50,4
Moscow,2033-08-30T20:50,2033-08-30T21:20,4
Saint Petersburg,2033-08-30T20:50,2033-08-30T21:20,4
Moscow,2033-08-30T21:20,2033-08-30T21:50,4
Saint Petersburg,2033-08-30T21:20,2033-08-30T21:50,4
Moscow,2033-08-30T21:50,2033-08-30T22:20,4
Saint Petersburg,2033-08-30T21:50,2033-08-30T22:20,4
Moscow,2033-08-30T22:20,2033-08-30T23:20,4
Saint Petersburg,2033-08-30T22:20,2033-08-30T23:20,4
Moscow,2033-08-30T23:20,2033-08-30T23:50,4
Saint Petersburg,2033-08-30T23:20,2033-08-30T23:50,4
Moscow,2033-08-30T23:50,2033-08-31T00:20,4
Saint Petersburg,2033-08-30T23:50,2033-08-31T00:20,4
Moscow,2033-08-31T00:20,2033-08-31T00:50,4
Saint Petersburg,2033-08-31T00:20,2033-08-31T00:50,4
Moscow,2033-08-31T00:50,2033-08-31T01:50,4
Saint Petersburg,2033-08-31T00:50,2033-08-31T01:50,4
Moscow,2033-08-31T01:50,2033-08-31T02:20,3
Saint Petersburg,2033-08-31T01:50,2033-08-31T02:20,4
Moscow,2033-08-31T02:20,2033-08-31T02:50,2
Saint Petersburg,2033-08-31T02:20,2033-08-31T02:50,4
Moscow,2033-08-31T02:50,2033-08-31T03:20,1
Saint Petersburg,2033-08-31T02:50,2033-08-31T03:20,3
Saint Petersburg,2033-08-31T03:20,2033-08-31T04:20,2
Saint Petersburg,2033-08-31T04:20,2033-08-31T04:50,1
Moscow,2033-09-01T18:10,2033-09-01T18:50,1
Moscow,2033-09-01T18:50,2033-09-01T19:20,2
Saint Petersburg,2033-09-01T18:50,2033-09-01T19:50,1
Moscow,2033-09-01T19:20,2033-09-01T19:50,3
Moscow,2033-09-01T19:50,2033-09-01T20:40,4
Saint Petersburg,2033-09-01T19:50,2033-09-01T20:10,2
Saint Petersburg,2033-09-01T20:10,2033-09-01T21:20,3
Moscow,2033-09-01T20:40,2033-09-01T21:20,4
Moscow,2033-09-01T21:20,2033-09-01T21:50,4
Saint Petersburg,2033-09-01T21:20,2033-09-01T21:50,3
Moscow,2033-09-01T21:50,2033-09-01T22:20,4
Saint Petersburg,2033-09-01T21:50,2033-09-01T22:20,4
Moscow,2033-09-01T22:20,2033-09-01T23:10,4
Saint Petersburg,2033-09-01T22:20,2033-09-01T22:40,4
Saint Petersburg,2033-09-01T22:40,2033-09-01T23:50,4
Moscow,2033-09-01T23:10,2033-09-01T23:50,4
Moscow,2033-09-01T23:50,2033-09-02T00:20,4
Saint Petersburg,2033-09-01T23:50,2033-09-02T00:20,4
Moscow,2033-09-02T00:20,2033-09-02T00:50,4
Saint Petersburg,2033-09-02T00:20,2033-09-02T00:35,3
Saint Petersburg,2033-09-02T00:35,2033-09-02T00:50,4
Moscow,2033-09-02T00:50,2033-09-02T01:40,4
Saint Petersburg,2033-09-02T00:50,2033-09-02T01:10,4
Saint Petersburg,2033-09-02T01:10,2033-09-02T02:20,4
Moscow,2033-09-02T01:40,2033-09-02T02:20,4
Moscow,2033-09-02T02:20,2033-09-02T02:50,4
Saint Petersburg,2033-09-02T02:20,2033-09-02T03:05,4
Moscow,2033-09-02T02:50,2033-09-02T03:20,3
Saint Petersburg,2033-09-02T03:05,2033-09-02T03:20,4
Moscow,2033-09-02T03:20,2033-09-02T04:10,2
Saint Petersburg,2033-09-02T03:20,2033-09-02T03:40,3
Saint Petersburg,2033-09-02T03:40,2033-09-02T04:50,2
Moscow,2033-09-02T04:10,2033-09-02T04:50,1
Saint Petersburg,2033-09-02T04:50,2033-09-02T05:35,1
Moscow,2033-09-02T08:10,2033-09-02T08:35,1
Saint Petersburg,2033-09-02T08:10,2033-09-02T08:35,1
Moscow,2033-09-02T08:35,2033-09-02T08:50,2
Saint Petersburg,2033-09-02T08:35,2033-09-02T08:50,2
Moscow,2033-09-02T08:50,2033-09-02T09:20,3
Saint Petersburg,2033-09-02T08:50,2033-09-02T09:20,3
Moscow,2033-09-02T09:20,2033-09-02T10:40,4
Saint Petersburg,2033-09-02T09:20,2033-09-02T10:40,4
Moscow,2033-09-02T10:40,2033-09-02T11:05,4
Saint Petersburg,2033-09-02T10:40,2033-09-02T11:05,4
Moscow,2033-09-02T11:05,2033-09-02T11:20,4
Saint Petersburg,2033-09-02T11:05,2033-09-02T11:20,4
Moscow,2033-09-02T11:20,2033-09-02T11:50,3
Saint Petersburg,2033-09-02T11:20,2033-09-02T11:50,3
Moscow,2033-09-02T11:50,2033-09-02T13:10,2
Saint Petersburg,2033-09-02T11:50,2033-09-02T13:10,2
Moscow,2033-09-02T13:10,2033-09-02T13:35,1
Saint Petersburg,2033-09-02T13:10,2033-09-02T13:35,1
Moscow,2033-09-03T21:50,2033-09-03T22:10,1
Moscow,2033-09-03T22:10,2033-09-03T22:50,2
Saint Petersburg,2033-09-03T22:35,2033-09-03T22:50,1
Moscow,2033-09-03T22:50,2033-09-03T23:20,3
Saint Petersburg,2033-09-03T22:50,2033-09-03T23:20,2
Moscow,2033-09-03T23:20,2033-09-04T00:20,4
Saint Petersburg,2033-09-03T23:20,2033-09-03T23:50,3
Saint Petersburg,2033-09-03T23:50,2033-09-04T01:05,4
Moscow,2033-09-04T00:20,2033-09-04T00:40,4
Moscow,2033-09-04T00:40,2033-09-04T01:20,4
Saint Petersburg,2033-09-04T01:05,2033-09-04T01:20,4
Moscow,2033-09-04T01:20,2033-09-04T01:50,3
Saint Petersburg,2033-09-04T01:20,2033-09-04T01:50,3
Moscow,2033-09-04T01:50,2033-09-04T02:50,2
Saint Petersburg,2033-09-04T01:50,2033-09-04T02:20,2
Saint Petersburg,2033-09-04T02:20,2033-09-04T03:35,1
Moscow,2033-09-04T02:50,2033-09-04T03:10,1
Moscow,2033-09-04T08:10,2033-09-04T08:35,1
Saint Petersburg,2033-09-04T08:10,2033-09-04T08:35,1
Moscow,2033-09-04T08:35,2033-09-04T08:50,2
Saint Petersburg,2033-09-04T08:35,2033-09-04T08:50,2
Moscow,2033-09-04T08:50,2033-09-04T09:20,3
Saint Petersburg,2033-09-04T08:50,2033-09-04T09:20,3
Moscow,2033-09-04T09:20,2033-09-04T10:40,4
Saint Petersburg,2033-09-04T09:20,2033-09-04T10:40,4
Moscow,2033-09-04T10:40,2033-09-04T11:05,4
Saint Petersburg,2033-09-04T10:40,2033-09-04T11:05,4
Moscow,2033-09-04T11:05,2033-09-04T11:20,4
Saint Petersburg,2033-09-04T11:05,2033-09-04T11:20,4
Moscow,2033-09-04T11:20,2033-09-04T11:50,4
Saint Petersburg,2033-09-04T11:20,2033-09-04T11:50,4
Moscow,2033-09-04T11:50,2033-09-04T13:10,4
Saint Petersburg,2033-09-04T11:50,2033-09-04T12:10,3
Saint Petersburg,2033-09-04T12:10,2033-09-04T13:10,4
Moscow,2033-09-04T13:10,2033-09-04T13:35,4
Saint Petersburg,2033-09-04T13:10,2033-09-04T13:35,4
Moscow,2033-09-04T13:35,2033-09-04T13:50,4
Saint Petersburg,2033-09-04T13:35,2033-09-04T13:50,4
Moscow,2033-09-04T13:50,2033-09-04T14:20,4
Saint Petersburg,2033-09-04T13:50,2033-09-04T14:40,4
Moscow,2033-09-04T14:20,2033-09-04T15:40,4
Saint Petersburg,2033-09-04T14:40,2033-09-04T15:40,4
Moscow,2033-09-04T15:40,2033-09-04T16:05,4
Saint Petersburg,2033-09-04T15:40,2033-09-04T15:50,3
Saint Petersburg,2033-09-04T15:50,2033-09-04T16:05,4
Moscow,2033-09-04T16:05,2033-09-04T16:20,4
Saint Petersburg,2033-09-04T16:05,2033-09-04T16:20,4
Moscow,2033-09-04T16:20,2033-09-04T16:50,3
Saint Petersburg,2033-09-04T16:20,2033-09-04T17:10,3
Moscow,2033-09-04T16:50,2033-09-04T18:10,2
Saint Petersburg,2033-09-04T17:10,2033-09-04T18:20,2
Moscow,2033-09-04T18:10,2033-09-04T18:35,1
Saint Petersburg,2033-09-04T18:20,2033-09-04T18:35,1
Moscow,2033-09-06T08:50,2033-09-06T09:20,1
Moscow,2033-09-06T09:20,2033-09-06T09:35,2
Saint Petersburg,2033-09-06T09:20,2033-09-06T09:50,1
Moscow,2033-09-06T09:35,2033-09-06T10:10,3
Saint Petersburg,2033-09-06T09:50,2033-09-06T10:10,2
Moscow,2033-09-06T10:10,2033-09-06T11:20,4
Saint Petersburg,2033-09-06T10:10,2033-09-06T10:50,3
Saint Petersburg,2033-09-06T10:50,2033-09-06T11:50,4
Moscow,2033-09-06T11:20,2033-09-06T11:50,4
Moscow,2033-09-06T11:50,2033-09-06T12:05,4
Saint Petersburg,2033-09-06T11:50,2033-09-06T12:20,4
Moscow,2033-09-06T12:05,2033-09-06T12:40,4
Saint Petersburg,2033-09-06T12:20,2033-09-06T12:40,4
Moscow,2033-09-06T12:40,2033-09-06T13:50,4
Saint Petersburg,2033-09-06T12:40,2033-09-06T13:20,4
Saint Petersburg,2033-09-06T13:20,2033-09-06T14:20,4
Moscow,2033-09-06T13:50,2033-09-06T14:20,4
Moscow,2033-09-06T14:20,2033-09-06T14:35,4
Saint Petersburg,2033-09-06T14:20,2033-09-06T14:50,4
Moscow,2033-09-06T14:35,2033-09-06T15:10,4
Saint Petersburg,2033-09-06T14:50,2033-09-06T15:10,4
Moscow,2033-09-06T15:10,2033-09-06T16:20,4
Saint Petersburg,2033-09-06T15:10,2033-09-06T15:50,4
Saint Petersburg,2033-09-06T15:50,2033-09-06T16:50,4
Moscow,2033-09-06T16:20,2033-09-06T16:50,4
Moscow,2033-09-06T16:50,2033-09-06T17:05,4
Saint Petersburg,2033-09-06T16:50,2033-09-06T17:20,4
Moscow,2033-09-06T17:05,2033-09-06T17:40,4
Saint Petersburg,2033-09-06T17:20,2033-09-06T17:40,4
Moscow,2033-09-06T17:40,2033-09-06T18:50,4
Saint Petersburg,2033-09-06T17:40,2033-09-06T18:20,4
Saint Petersburg,2033-09-06T18:20,2033-09-06T19:20,4
Moscow,2033-09-06T18:50,2033-09-06T19:20,4
Moscow,2033-09-06T19:20,2033-09-06T19:35,4
Saint Petersburg,2033-09-06T19:20,2033-09-06T19:50,4
Moscow,2033-09-06T19:35,2033-09-06T20:10,4
Saint Petersburg,2033-09-06T19:50,2033-09-06T20:10,4
Moscow,2033-09-06T20:10,2033-09-06T21:20,4
Saint Petersburg,2033-09-06T20:10,2033-09-06T20:50,4
Saint Petersburg,2033-09-06T20:50,2033-09-06T21:50,3
Moscow,2033-09-06T21:20,2033-09-06T21:50,3
Moscow,2033-09-06T21:50,2033-09-06T22:05,2
Saint Petersburg,2033-09-06T21:50,2033-09-06T22:20,2
Moscow,2033-09-06T22:05,2033-09-06T22:40,1
Saint Petersburg,2033-09-06T22:20,2033-09-06T22:40,1
Moscow,2033-09-08T12:10,2033-09-08T12:35,1
Moscow,2033-09-08T12:35,2033-09-08T12:50,2
Moscow,2033-09-08T12:50,2033-09-08T13:20,3
Saint Petersburg,2033-09-08T12:50,2033-09-08T13:20,1
Moscow,2033-09-08T13:20,2033-09-08T14:40,4
Saint Petersburg,2033-09-08T13:20,2033-09-08T13:50,2
Saint Petersburg,2033-09-08T13:50,2033-09-08T14:10,3
Saint Petersburg,2033-09-08T14:10,2033-09-08T15:20,4
Moscow,2033-09-08T14:40,2033-09-08T15:05,4
Moscow,2033-09-08T15:05,2033-09-08T15:20,4
Moscow,2033-09-08T15:20,2033-09-08T15:50,4
Saint Petersburg,2033-09-08T15:20,2033-09-08T15:50,4
Moscow,2033-09-08T15:50,2033-09-08T17:10,4
Saint Petersburg,2033-09-08T15:50,2033-09-08T16:20,4
Saint Petersburg,2033-09-08T16:20,2033-09-08T16:40,4
Saint Petersburg,2033-09-08T16:40,2033-09-08T16:50,3
Saint Petersburg,2033-09-08T16:50,2033-09-08T17:50,4
Moscow,2033-09-08T17:10,2033-09-08T17:35,4
Moscow,2033-09-08T17:35,2033-09-08T17:50,4
Moscow,2033-09-08T17:50,2033-09-08T18:20,4
Saint Petersburg,2033-09-08T17:50,2033-09-08T18:20,4
Moscow,2033-09-08T18:20,2033-09-08T19:40,4
Saint Petersburg,2033-09-08T18:20,2033-09-08T18:50,4
Saint Petersburg,2033-09-08T18:50,2033-09-08T19:20,4
Saint Petersburg,2033-09-08T19:20,2033-09-08T19:50,3
Moscow,2033-09-08T19:40,2033-09-08T20:05,4
Saint Petersburg,2033-09-08T19:50,2033-09-08T20:20,4
Moscow,2033-09-08T20:05,2033-09-08T20:20,4
Moscow,2033-09-08T20:20,2033-09-08T20:50,4
Saint Petersburg,2033-09-08T20:20,2033-09-08T20:50,4
Moscow,2033-09-08T20:50,2033-09-08T22:10,4
Saint Petersburg,2033-09-08T20:50,2033-09-08T21:20,4
Saint Petersburg,2033-09-08T21:20,2033-09-08T22:20,4
Moscow,2033-09-08T22:10,2033-09-08T22:35,4
Saint Petersburg,2033-09-08T22:20,2033-09-08T22:50,4
Moscow,2033-09-08T22:35,2033-09-08T22:50,4
Moscow,2033-09-08T22:50,2033-09-08T23:20,4
Saint Petersburg,2033-09-08T22:50,2033-09-08T23:20,4
Moscow,2033-09-08T23:20,2033-09-09T00:40,4
Saint Petersburg,2033-09-08T23:20,2033-09-08T23:50,3
Saint Petersburg,2033-09-08T23:50,2033-09-09T00:50,2
Moscow,2033-09-09T00:40,2033-09-09T01:05,3
Saint Petersburg,2033-09-09T00:50,2033-09-09T01:20,1
Moscow,2033-09-09T01:05,2033-09-09T01:20,2
Moscow,2033-09-09T01:20,2033-09-09T01:50,1
Saint Petersburg,2033-09-09T02:10,2033-09-09T03:20,1
Saint Petersburg,2033-09-09T03:20,2033-09-09T04:40,2
Saint Petersburg,2033-09-09T04:40,2033-09-09T05:50,1
Moscow,2033-09-10T16:10,2033-09-10T16:50,1
Moscow,2033-09-10T16:50,2033-09-10T17:20,2
Saint Petersburg,2033-09-10T16:50,2033-09-10T17:20,1
Moscow,2033-09-10T17:20,2033-09-10T18:10,3
Saint Petersburg,2033-09-10T17:20,2033-09-10T18:10,2
Moscow,2033-09-10T18:10,2033-09-10T18:40,4
Saint Petersburg,2033-09-10T18:10,2033-09-10T18:50,3
Moscow,2033-09-10T18:40,2033-09-10T18:50,3
Moscow,2033-09-10T18:50,2033-09-10T19:20,4
Saint Petersburg,2033-09-10T18:50,2033-09-10T19:20,4
Moscow,2033-09-10T19:20,2033-09-10T19:50,4
Saint Petersburg,2033-09-10T19:20,2033-09-10T19:50,3
Moscow,2033-09-10T19:50,2033-09-10T20:40,4
Saint Petersburg,2033-09-10T19:50,2033-09-10T20:10,3
Saint Petersburg,2033-09-10T20:10,2033-09-10T20:40,4
Moscow,2033-09-10T20:40,2033-09-10T21:20,4
Saint Petersburg,2033-09-10T20:40,2033-09-10T21:20,4
Moscow,2033-09-10T21:20,2033-09-10T21:50,4
Saint Petersburg,2033-09-10T21:20,2033-09-10T22:20,4
Moscow,2033-09-10T21:50,2033-09-10T22:20,4
Moscow,2033-09-10T22:20,2033-09-10T23:10,4
Saint Petersburg,2033-09-10T22:20,2033-09-10T22:40,4
Saint Petersburg,2033-09-10T22:40,2033-09-10T23:10,4
Moscow,2033-09-10T23:10,2033-09-10T23:50,4
Saint Petersburg,2033-09-10T23:10,2033-09-10T23:50,4
Moscow,2033-09-10T23:50,2033-09-11T00:20,4
Saint Petersburg,2033-09-10T23:50,2033-09-11T00:50,4
Moscow,2033-09-11T00:20,2033-09-11T00:50,4
Moscow,2033-09-11T00:50,2033-09-11T01:40,4
Saint Petersburg,2033-09-11T00:50,2033-09-11T01:10,4
Saint Petersburg,2033-09-11T01:10,2033-09-11T01:40,4
Moscow,2033-09-11T01:40,2033-09-11T02:20,4
Saint Petersburg,2033-09-11T01:40,2033-09-11T02:10,3
Saint Petersburg,2033-09-11T02:10,2033-09-11T02:20,4
Moscow,2033-09-11T02:20,2033-09-11T02:50,4
Saint Petersburg,2033-09-11T02:20,2033-09-11T03:20,4
Moscow,2033-09-11T02:50,2033-09-11T03:20,3
Moscow,2033-09-11T03:20,2033-09-11T04:10,2
Saint Petersburg,2033-09-11T03:20,2033-09-11T03:40,3
Saint Petersburg,2033-09-11T03:40,2033-09-11T04:40,2
Moscow,2033-09-11T04:10,2033-09-11T04:50,1
Saint Petersburg,2033-09-11T04:40,2033-09-11T04:50,1
Moscow,2033-09-11T08:10,2033-09-11T08:35,1
Saint Petersburg,2033-09-11T08:10,2033-09-11T08:35,1
Moscow,2033-09-11T08:35,2033-09-11T08:50,2
Saint Petersburg,2033-09-11T08:35,2033-09-11T08:50,2
Moscow,2033-09-11T08:50,2033-09-11T10:40,3
Saint Petersburg,2033-09-11T08:50,2033-09-11T10:40,3
Moscow,2033-09-11T10:40,2033-09-11T11:05,2
Saint Petersburg,2033-09-11T10:40,2033-09-11T11:05,2
Moscow,2033-09-11T11:05,2033-09-11T11:20,1
Saint Petersburg,2033-09-11T11:05,2033-09-11T11:20,1
Moscow,2033-09-12T20:35,2033-09-12T20:50,1
Moscow,2033-09-12T20:50,2033-09-12T21:20,2
Moscow,2033-09-12T21:20,2033-09-12T21:50,3
Saint Petersburg,2033-09-12T21:20,2033-09-12T21:50,1
Moscow,2033-09-12T21:50,2033-09-12T23:05,4
Saint Petersburg,2033-09-12T21:50,2033-09-12T22:10,2
Saint Petersburg,2033-09-12T22:10,2033-09-12T22:35,3
Saint Petersburg,2033-09-12T22:35,2033-09-12T23:50,4
Moscow,2033-09-12T23:05,2033-09-12T23:20,4
Moscow,2033-09-12T23:20,2033-09-12T23:50,4
Moscow,2033-09-12T23:50,2033-09-13T00:20,4
Saint Petersburg,2033-09-12T23:50,2033-09-13T00:20,4
Moscow,2033-09-13T00:20,2033-09-13T01:35,4
Saint Petersburg,2033-09-13T00:20,2033-09-13T00:40,4
Saint Petersburg,2033-09-13T00:40,2033-09-13T01:05,4
Saint Petersburg,2033-09-13T01:05,2033-09-13T02:20,4
Moscow,2033-09-13T01:35,2033-09-13T01:50,4
Moscow,2033-09-13T01:50,2033-09-13T02:20,3
Moscow,2033-09-13T02:20,2033-09-13T02:50,2
Saint Petersburg,2033-09-13T02:20,2033-09-13T02:50,3
Moscow,2033-09-13T02:50,2033-09-13T04:05,1
Saint Petersburg,2033-09-13T02:50,2033-09-13T03:10,2
Saint Petersburg,2033-09-13T03:10,2033-09-13T03:35,1
Moscow,2033-09-13T08:10,2033-09-13T08:35,1
Saint Petersburg,2033-09-13T08:10,2033-09-13T08:50,1
Moscow,2033-09-13T08:35,2033-09-13T08:50,2
Moscow,2033-09-13T08:50,2033-09-13T09:20,3
Saint Petersburg,2033-09-13T08:50,2033-09-13T09:20,2
Moscow,2033-09-13T09:20,2033-09-13T10:40,4
Saint Petersburg,2033-09-13T09:20,2033-09-13T10:35,3
Saint Petersburg,2033-09-13T10:35,2033-09-13T10:40,4
Moscow,2033-09-13T10:40,2033-09-13T11:05,4
Saint Petersburg,2033-09-13T10:40,2033-09-13T11:20,4
Moscow,2033-09-13T11:05,2033-09-13T11:20,4
Moscow,2033-09-13T11:20,2033-09-13T11:50,4
Saint Petersburg,2033-09-13T11:20,2033-09-13T11:50,4
Moscow,2033-09-13T11:50,2033-09-13T13:10,4
Saint Petersburg,2033-09-13T11:50,2033-09-13T13:05,4
Saint Petersburg,2033-09-13T13:05,2033-09-13T13:10,4
Moscow,2033-09-13T13:10,2033-09-13T13:35,4
Saint Petersburg,2033-09-13T13:10,2033-09-13T13:50,4
Moscow,2033-09-13T13:35,2033-09-13T13:50,4
Moscow,2033-09-13T13:50,2033-09-13T14:20,4
Saint Petersburg,2033-09-13T13:50,2033-09-13T14:20,4
Moscow,2033-09-13T14:20,2033-09-13T15:40,3
Saint Petersburg,2033-09-13T14:20,2033-09-13T15:35,4
Saint Petersburg,2033-09-13T15:35,2033-09-13T15:40,3
Moscow,2033-09-13T15:40,2033-09-13T16:05,2
Saint Petersburg,2033-09-13T15:40,2033-09-13T16:20,2
Moscow,2033-09-13T16:05,2033-09-13T16:20,1
Saint Petersburg,2033-09-13T16:20,2033-09-13T16:50,1
Moscow,2033-09-15T00:10,2033-09-15T02:40,1
Moscow,2033-09-15T08:10,2033-09-15T08:35,1
Saint Petersburg,2033-09-15T08:10,2033-09-15T08:35,1
Moscow,2033-09-15T08:35,2033-09-15T08:50,2
Saint Petersburg,2033-09-15T08:35,2033-09-15T08:50,2
Moscow,2033-09-15T08:50,2033-09-15T09:20,3
Saint Petersburg,2033-09-15T08:50,2033-09-15T10:10,3
Moscow,2033-09-15T09:20,2033-09-15T10:40,4
Saint Petersburg,2033-09-15T10:10,2033-09-15T10:40,4
Moscow,2033-09-15T10:40,2033-09-15T11:05,4
Saint Petersburg,2033-09-15T10:40,2033-09-15T10:50,3
Saint Petersburg,2033-09-15T10:50,2033-09-15T11:05,4
Moscow,2033-09-15T11:05,2033-09-15T11:20,4
Saint Petersburg,2033-09-15T11:05,2033-09-15T11:20,3
Moscow,2033-09-15T11:20,2033-09-15T11:50,4
Saint Petersburg,2033-09-15T11:20,2033-09-15T11:50,3
Moscow,2033-09-15T11:50,2033-09-15T13:10,4
Saint Petersburg,2033-09-15T11:50,2033-09-15T12:40,4
Saint Petersburg,2033-09-15T12:40,2033-09-15T13:20,4
Moscow,2033-09-15T13:10,2033-09-15T13:35,4
Saint Petersburg,2033-09-15T13:20,2033-09-15T13:50,4
Moscow,2033-09-15T13:35,2033-09-15T13:50,4
Moscow,2033-09-15T13:50,2033-09-15T14:20,4
Saint Petersburg,2033-09-15T13:50,2033-09-15T14:20,4
Moscow,2033-09-15T14:20,2033-09-15T15:40,4
Saint Petersburg,2033-09-15T14:20,2033-09-15T15:10,4
Saint Petersburg,2033-09-15T15:10,2033-09-15T15:50,4
Moscow,2033-09-15T15:40,2033-09-15T16:05,4
Saint Petersburg,2033-09-15T15:50,2033-09-15T16:20,4
Moscow,2033-09-15T16:05,2033-09-15T16:20,4
Moscow,2033-09-15T16:20,2033-09-15T16:50,4
Saint Petersburg,2033-09-15T16:20,2033-09-15T16:50,4
Moscow,2033-09-15T16:50,2033-09-15T18:10,4
Saint Petersburg,2033-09-15T16:50,2033-09-15T17:40,4
Saint Petersburg,2033-09-15T17:40,2033-09-15T18:20,4
Moscow,2033-09-15T18:10,2033-09-15T18:35,4
Saint Petersburg,2033-09-15T18:20,2033-09-15T18:50,4
Moscow,2033-09-15T18:35,2033-09-15T18:50,4
Moscow,2033-09-15T18:50,2033-09-15T19:20,4
Saint Petersburg,2033-09-15T18:50,2033-09-15T19:20,4
Moscow,2033-09-15T19:20,2033-09-15T20:40,3
Saint Petersburg,2033-09-15T19:20,2033-09-15T20:10,4
Saint Petersburg,2033-09-15T20:10,2033-09-15T20:50,3
Moscow,2033-09-15T20:40,2033-09-15T21:05,2
Saint Petersburg,2033-09-15T20:50,2033-09-15T21:20,2
Moscow,2033-09-15T21:05,2033-09-15T21:20,1
Saint Petersburg,2033-09-15T21:20,2033-09-15T21:50,1
Moscow,2033-09-17T10:50,2033-09-17T11:20,1
Moscow,2033-09-17T11:20,2033-09-17T11:50,2
Moscow,2033-09-17T11:50,2033-09-17T12:10,3
Saint Petersburg,2033-09-17T11:50,2033-09-17T12:10,1
Moscow,2033-09-17T12:10,2033-09-17T13:20,4
Saint Petersburg,2033-09-17T12:10,2033-09-17T12:35,2
Saint Petersburg,2033-09-17T12:35,2033-09-17T12:50,3
Saint Petersburg,2033-09-17T12:50,2033-09-17T14:20,4
Moscow,2033-09-17T13:20,2033-09-17T13:50,4
Moscow,2033-09-17T13:50,2033-09-17T14:20,4
Moscow,2033-09-17T14:20,2033-09-17T14:40,4
Saint Petersburg,2033-09-17T14:20,2033-09-17T14:40,4
Moscow,2033-09-17T14:40,2033-09-17T15:50,4
Saint Petersburg,2033-09-17T14:40,2033-09-17T15:05,4
Saint Petersburg,2033-09-17T15:05,2033-09-17T15:20,4
Saint Petersburg,2033-09-17T15:20,2033-09-17T16:50,4
Moscow,2033-09-17T15:50,2033-09-17T16:20,4
Moscow,2033-09-17T16:20,2033-09-17T16:50,4
Moscow,2033-09-17T16:50,2033-09-17T17:10,4
Saint Petersburg,2033-09-17T16:50,2033-09-17T17:10,4
Moscow,2033-09-17T17:10,2033-09-17T18:20,4
Saint Petersburg,2033-09-17T17:10,2033-09-17T17:35,4
Saint Petersburg,2033-09-17T17:35,2033-09-17T17:50,4
Saint Petersburg,2033-09-17T17:50,2033-09-17T18:50,3
Moscow,2033-09-17T18:20,2033-09-17T18:50,4
Moscow,2033-09-17T18:50,2033-09-17T19:20,4
Saint Petersburg,2033-09-17T18:50,2033-09-17T19:20,4
Moscow,2033-09-17T19:20,2033-09-17T19:40,4
Saint Petersburg,2033-09-17T19:20,2033-09-17T19:40,3
Moscow,2033-09-17T19:40,2033-09-17T20:50,4
Saint Petersburg,2033-09-17T19:40,2033-09-17T19:50,2
Saint Petersburg,2033-09-17T19:50,2033-09-17T20:05,3
Saint Petersburg,2033-09-17T20:05,2033-09-17T20:10,2
Saint Petersburg,2033-09-17T20:10,2033-09-17T20:50,3
Moscow,2033-09-17T20:50,2033-09-17T21:20,4
Saint Petersburg,2033-09-17T20:50,2033-09-17T21:20,4
Moscow,2033-09-17T21:20,2033-09-17T21:50,4
Saint Petersburg,2033-09-17T21:20,2033-09-17T22:20,4
Moscow,2033-09-17T21:50,2033-09-17T22:10,4
Moscow,2033-09-17T22:10,2033-09-17T23:20,4
Saint Petersburg,2033-09-17T22:20,2033-09-17T22:35,3
Saint Petersburg,2033-09-17T22:35,2033-09-17T22:40,4
Saint Petersburg,2033-09-17T22:40,2033-09-17T23:20,4
Moscow,2033-09-17T23:20,2033-09-17T23:50,3
Saint Petersburg,2033-09-17T23:20,2033-09-17T23:50,3
Moscow,2033-09-17T23:50,2033-09-18T00:20,2
Saint Petersburg,2033-09-17T23:50,2033-09-18T01:05,2
Moscow,2033-09-18T00:20,2033-09-18T00:40,1
Saint Petersburg,2033-09-18T01:05,2033-09-18T01:10,1
Saint Petersburg,2033-09-18T01:20,2033-09-18T03:50,1
Moscow,2033-09-19T14:10,2033-09-19T14:50,1
Moscow,2033-09-19T14:50,2033-09-19T15:20,2
Moscow,2033-09-19T15:20,2033-09-19T16:10,3
Saint Petersburg,2033-09-19T15:20,2033-09-19T15:50,1
Saint Petersburg,2033-09-19T15:50,2033-09-19T16:10,2
Moscow,2033-09-19T16:10,2033-09-19T16:40,4
Saint Petersburg,2033-09-19T16:10,2033-09-19T16:50,3
Moscow,2033-09-19T16:40,2033-09-19T16:50,3
Moscow,2033-09-19T16:50,2033-09-19T17:20,4
Saint Petersburg,2033-09-19T16:50,2033-09-19T17:50,4
Moscow,2033-09-19T17:20,2033-09-19T17:50,4
Moscow,2033-09-19T17:50,2033-09-19T18:10,3
Saint Petersburg,2033-09-19T17:50,2033-09-19T18:20,4
Moscow,2033-09-19T18:10,2033-09-19T18:40,4
Saint Petersburg,2033-09-19T18:20,2033-09-19T18:40,4
Moscow,2033-09-19T18:40,2033-09-19T18:50,3
Saint Petersburg,2033-09-19T18:40,2033-09-19T18:50,3
Moscow,2033-09-19T18:50,2033-09-19T19:20,4
Saint Petersburg,2033-09-19T18:50,2033-09-19T19:20,4
Moscow,2033-09-19T19:20,2033-09-19T19:50,4
Saint Petersburg,2033-09-19T19:20,2033-09-19T19:50,3
Moscow,2033-09-19T19:50,2033-09-19T20:40,4
Saint Petersburg,2033-09-19T19:50,2033-09-19T20:20,4
Saint Petersburg,2033-09-19T20:20,2033-09-19T20:50,4
Moscow,2033-09-19T20:40,2033-09-19T21:20,4
Saint Petersburg,2033-09-19T20:50,2033-09-19T21:20,4
Moscow,2033-09-19T21:20,2033-09-19T21:50,4
Saint Petersburg,2033-09-19T21:20,2033-09-19T22:20,4
Moscow,2033-09-19T21:50,2033-09-19T22:20,4
Moscow,2033-09-19T22:20,2033-09-19T23:10,4
Saint Petersburg,2033-09-19T22:20,2033-09-19T22:50,4
Saint Petersburg,2033-09-19T22:50,2033-09-19T23:20,4
Moscow,2033-09-19T23:10,2033-09-19T23:50,4
Saint Petersburg,2033-09-19T23:20,2033-09-19T23:50,3
Moscow,2033-09-19T23:50,2033-09-20T00:20,4
Saint Petersburg,2033-09-19T23:50,2033-09-20T00:35,2
Moscow,2033-09-20T00:20,2033-09-20T00:50,4
Saint Petersburg,2033-09-20T00:35,2033-09-20T00:50,4
Moscow,2033-09-20T00:50,2033-09-20T01:40,4
Saint Petersburg,2033-09-20T00:50,2033-09-20T01:20,4
Saint Petersburg,2033-09-20T01:20,2033-09-20T03:05,4
Moscow,2033-09-20T01:40,2033-09-20T02:20,4
Moscow,2033-09-20T02:20,2033-09-20T02:50,4
Moscow,2033-09-20T02:50,2033-09-20T03:20,3
Saint Petersburg,2033-09-20T03:05,2033-09-20T03:20,4
Moscow,2033-09-20T03:20,2033-09-20T04:10,2
Saint Petersburg,2033-09-20T03:20,2033-09-20T03:50,3
Saint Petersburg,2033-09-20T03:50,2033-09-20T05:35,2
Moscow,2033-09-20T04:10,2033-09-20T04:50,1
Moscow,2033-09-21T19:20,2033-09-21T19:50,1
Moscow,2033-09-21T19:50,2033-09-21T20:10,2
Moscow,2033-09-21T20:10,2033-09-21T20:35,3
Saint Petersburg,2033-09-21T20:10,2033-09-21T20:35,1
Moscow,2033-09-21T20:35,2033-09-21T21:50,4
Saint Petersburg,2033-09-21T20:35,2033-09-21T20:50,2
Saint Petersburg,2033-09-21T20:50,2033-09-21T21:20,3
Saint Petersburg,2033-09-21T21:20,2033-09-21T22:40,4
Moscow,2033-09-21T21:50,2033-09-21T22:20,4
Moscow,2033-09-21T22:20,2033-09-21T22:40,4
Moscow,2033-09-21T22:40,2033-09-21T23:05,4
Saint Petersburg,2033-09-21T22:40,2033-09-21T23:05,4
Moscow,2033-09-21T23:05,2033-09-22T00:20,4
Saint Petersburg,2033-09-21T23:05,2033-09-21T23:20,4
Saint Petersburg,2033-09-21T23:20,2033-09-21T23:50,4
Saint Petersburg,2033-09-21T23:50,2033-09-22T01:10,4
Moscow,2033-09-22T00:20,2033-09-22T00:50,4
Moscow,2033-09-22T00:50,2033-09-22T01:10,4
Moscow,2033-09-22T01:10,2033-09-22T01:35,4
Saint Petersburg,2033-09-22T01:10,2033-09-22T01:35,4
Moscow,2033-09-22T01:35,2033-09-22T02:50,4
Saint Petersburg,2033-09-22T01:35,2033-09-22T01:50,4
Saint Petersburg,2033-09-22T01:50,2033-09-22T02:20,4
Saint Petersburg,2033-09-22T02:20,2033-09-22T03:40,3
Moscow,2033-09-22T02:50,2033-09-22T03:20,3
Moscow,2033-09-22T03:20,2033-09-22T03:40,2
Moscow,2033-09-22T03:40,2033-09-22T04:05,1
Saint Petersburg,2033-09-22T03:40,2033-09-22T04:05,2
Saint Petersburg,2033-09-22T04:05,2033-09-22T04:20,1
Moscow,2033-09-22T08:10,2033-09-22T08:35,1
Saint Petersburg,2033-09-22T08:10,2033-09-22T08:35,1
Moscow,2033-09-22T08:35,2033-09-22T08:50,2
Saint Petersburg,2033-09-22T08:35,2033-09-22T08:50,2
Moscow,2033-09-22T08:50,2033-09-22T09:20,3
Saint Petersburg,2033-09-22T08:50,2033-09-22T09:20,3
Moscow,2033-09-22T09:20,2033-09-22T10:40,4
Saint Petersburg,2033-09-22T09:20,2033-09-22T10:40,4
Moscow,2033-09-22T10:40,2033-09-22T11:05,4
Saint Petersburg,2033-09-22T10:40,2033-09-22T11:05,4
Moscow,2033-09-22T11:05,2033-09-22T11:20,4
Saint Petersburg,2033-09-22T11:05,2033-09-22T11:20,4
Moscow,2033-09-22T11:20,2033-09-22T11:50,4
Saint Petersburg,2033-09-22T11:20,2033-09-22T11:50,4
Moscow,2033-09-22T11:50,2033-09-22T13:10,4
Saint Petersburg,2033-09-22T11:50,2033-09-22T13:10,4
Moscow,2033-09-22T13:10,2033-09-22T13:35,3
Saint Petersburg,2033-09-22T13:10,2033-09-22T13:35,3
Moscow,2033-09-22T13:35,2033-09-22T13:50,2
Saint Petersburg,2033-09-22T13:35,2033-09-22T13:50,2
Moscow,2033-09-22T13:50,2033-09-22T14:20,1
Saint Petersburg,2033-09-22T13:50,2033-09-22T14:20,1
Moscow,2033-09-23T22:50,2033-09-23T23:20,1
Moscow,2033-09-23T23:20,2033-09-23T23:50,2
Saint Petersburg,2033-09-23T23:20,2033-09-23T23:50,1
Moscow,2033-09-23T23:50,2033-09-24T00:10,3
Saint Petersburg,2033-09-23T23:50,2033-09-24T00:10,2
Moscow,2033-09-24T00:10,2033-09-24T01:20,4
Saint Petersburg,2033-09-24T00:10,2033-09-24T01:50,3
Moscow,2033-09-24T01:20,2033-09-24T01:50,3
Moscow,2033-09-24T01:50,2033-09-24T02:20,2
Saint Petersburg,2033-09-24T01:50,2033-09-24T02:20,2
Moscow,2033-09-24T02:20,2033-09-24T02:40,1
Saint Petersburg,2033-09-24T02:20,2033-09-24T02:40,1
Moscow,2033-09-24T08:10,2033-09-24T08:35,1
Saint Petersburg,2033-09-24T08:10,2033-09-24T08:35,1
Moscow,2033-09-24T08:35,2033-09-24T08:50,2
Saint Petersburg,2033-09-24T08:35,2033-09-24T08:50,2
Moscow,2033-09-24T08:50,2033-09-24T09:20,3
Saint Petersburg,2033-09-24T08:50,2033-09-24T09:20,3
Moscow,2033-09-24T09:20,2033-09-24T10:40,4
Saint Petersburg,2033-09-24T09:20,2033-09-24T10:40,4
Moscow,2033-09-24T10:40,2033-09-24T11:05,4
Saint Petersburg,2033-09-24T10:40,2033-09-24T11:05,4
Moscow,2033-09-24T11:05,2033-09-24T11:20,4
Saint Petersburg,2033-09-24T11:05,2033-09-24T11:20,4
Moscow,2033-09-24T11:20,2033-09-24T11:50,4
Saint Petersburg,2033-09-24T11:20,2033-09-24T11:50,4
Moscow,2033-09-24T11:50,2033-09-24T13:10,4
Saint Petersburg,2033-09-24T11:50,2033-09-24T13:10,4
Moscow,2033-09-24T13:10,2033-09-24T13:35,4
Saint Petersburg,2033-09-24T13:10,2033-09-24T13:20,3
Saint Petersburg,2033-09-24T13:20,2033-09-24T13:35,4
Moscow,2033-09-24T13:35,2033-09-24T13:50,4
Saint Petersburg,2033-09-24T13:35,2033-09-24T13:50,4
Moscow,2033-09-24T13:50,2033-09-24T14:20,4
Saint Petersburg,2033-09-24T13:50,2033-09-24T14:20,4
Moscow,2033-09-24T14:20,2033-09-24T15:40,4
Saint Petersburg,2033-09-24T14:20,2033-09-24T15:50,4
Moscow,2033-09-24T15:40,2033-09-24T16:05,4
Saint Petersburg,2033-09-24T15:50,2033-09-24T16:05,4
Moscow,2033-09-24T16:05,2033-09-24T16:20,4
Saint Petersburg,2033-09-24T16:05,2033-09-24T16:20,4
Moscow,2033-09-24T16:20,2033-09-24T16:50,4
Saint Petersburg,2033-09-24T16:20,2033-09-24T16:35,3
Saint Petersburg,2033-09-24T16:35,2033-09-24T16:50,4
Moscow,2033-09-24T16:50,2033-09-24T18:10,4
Saint Petersburg,2033-09-24T16:50,2033-09-24T18:20,4
Moscow,2033-09-24T18:10,2033-09-24T18:35,3
Saint Petersburg,2033-09-24T18:20,2033-09-24T18:35,3
Moscow,2033-09-24T18:35,2033-09-24T18:50,2
Saint Petersburg,2033-09-24T18:35,2033-09-24T19:05,2
Moscow,2033-09-24T18:50,2033-09-24T19:20,1
Saint Petersburg,2033-09-24T19:05,2033-09-24T19:20,1
Moscow,2033-09-26T09:35,2033-09-26T09:50,1
Moscow,2033-09-26T09:50,2033-09-26T10:10,2
Moscow,2033-09-26T10:10,2033-09-26T10:50,3
Saint Petersburg,2033-09-26T10:10,2033-09-26T10:50,1
Moscow,2033-09-26T10:50,2033-09-26T12:05,4
Saint Petersburg,2033-09-26T10:50,2033-09-26T11:20,2
Saint Petersburg,2033-09-26T11:20,2033-09-26T11:50,3
Saint Petersburg,2033-09-26T11:50,2033-09-26T12:40,4
Moscow,2033-09-26T12:05,2033-09-26T12:20,4
Moscow,2033-09-26T12:20,2033-09-26T12:40,4
Moscow,2033-09-26T12:40,2033-09-26T13:20,4
Saint Petersburg,2033-09-26T12:40,2033-09-26T13:20,4
Moscow,2033-09-26T13:20,2033-09-26T14:35,4
Saint Petersburg,2033-09-26T13:20,2033-09-26T13:50,4
Saint Petersburg,2033-09-26T13:50,2033-09-26T14:20,4
Saint Petersburg,2033-09-26T14:20,2033-09-26T15:10,4
Moscow,2033-09-26T14:35,2033-09-26T14:50,4
Moscow,2033-09-26T14:50,2033-09-26T15:10,4
Moscow,2033-09-26T15:10,2033-09-26T15:50,4
Saint Petersburg,2033-09-26T15:10,2033-09-26T15:50,4
Moscow,2033-09-26T15:50,2033-09-26T17:05,4
Saint Petersburg,2033-09-26T15:50,2033-09-26T16:20,4
Saint Petersburg,2033-09-26T16:20,2033-09-26T16:50,4
Saint Petersburg,2033-09-26T16:50,2033-09-26T17:40,4
Moscow,2033-09-26T17:05,2033-09-26T17:20,4
Moscow,2033-09-26T17:20,2033-09-26T17:40,4
Moscow,2033-09-26T17:40,2033-09-26T18:20,4
Saint Petersburg,2033-09-26T17:40,2033-09-26T18:20,4
Moscow,2033-09-26T18:20,2033-09-26T19:35,4
Saint Petersburg,2033-09-26T18:20,2033-09-26T18:50,4
Saint Petersburg,2033-09-26T18:50,2033-09-26T19:20,4
Saint Petersburg,2033-09-26T19:20,2033-09-26T20:10,4
Moscow,2033-09-26T19:35,2033-09-26T19:50,4
Moscow,2033-09-26T19:50,2033-09-26T20:10,4
Moscow,2033-09-26T20:10,2033-09-26T20:50,4
Saint Petersburg,2033-09-26T20:10,2033-09-26T20:50,4
Moscow,2033-09-26T20:50,2033-09-26T22:05,4
Saint Petersburg,2033-09-26T20:50,2033-09-26T21:20,4
Saint Petersburg,2033-09-26T21:20,2033-09-26T21:50,3
Saint Petersburg,2033-09-26T21:50,2033-09-26T22:40,3
Moscow,2033-09-26T22:05,2033-09-26T22:20,3
Moscow,2033-09-26T22:20,2033-09-26T22:40,2
Moscow,2033-09-26T22:40,2033-09-26T23:20,1
Saint Petersburg,2033-09-26T22:40,2033-09-26T23:20,2
Saint Petersburg,2033-09-26T23:20,2033-09-27T00:20,1
Moscow,2033-09-28T12:50,2033-09-28T13:20,1
Moscow,2033-09-28T13:20,2033-09-28T13:50,2
Moscow,2033-09-28T13:50,2033-09-28T14:10,3
Saint Petersburg,2033-09-28T13:50,2033-09-28T14:10,1
Moscow,2033-09-28T14:10,2033-09-28T15:20,4
Saint Petersburg,2033-09-28T14:10,2033-09-28T14:50,2
Saint Petersburg,2033-09-28T14:50,2033-09-28T15:20,3
Moscow,2033-09-28T15:20,2033-09-28T15:50,4
Saint Petersburg,2033-09-28T15:20,2033-09-28T16:20,4
Moscow,2033-09-28T15:50,2033-09-28T16:20,4
Moscow,2033-09-28T16:20,2033-09-28T16:40,4
Saint Petersburg,2033-09-28T16:20,2033-09-28T16:40,4
Moscow,2033-09-28T16:40,2033-09-28T16:50,3
Saint Petersburg,2033-09-28T16:40,2033-09-28T17:20,4
Moscow,2033-09-28T16:50,2033-09-28T17:50,4
Saint Petersburg,2033-09-28T17:20,2033-09-28T17:50,4
Moscow,2033-09-28T17:50,2033-09-28T18:20,4
Saint Petersburg,2033-09-28T17:50,2033-09-28T18:50,4
Moscow,2033-09-28T18:20,2033-09-28T18:50,4
Moscow,2033-09-28T18:50,2033-09-28T19:20,4
Saint Petersburg,2033-09-28T18:50,2033-09-28T19:10,4
Saint Petersburg,2033-09-28T19:10,2033-09-28T19:50,4
Moscow,2033-09-28T19:20,2033-09-28T20:20,4
Saint Petersburg,2033-09-28T19:50,2033-09-28T20:20,4
Moscow,2033-09-28T20:20,2033-09-28T20:50,4
Saint Petersburg,2033-09-28T20:20,2033-09-28T21:20,4
Moscow,2033-09-28T20:50,2033-09-28T21:20,4
Moscow,2033-09-28T21:20,2033-09-28T21:50,4
Saint Petersburg,2033-09-28T21:20,2033-09-28T21:40,4
Saint Petersburg,2033-09-28T21:40,2033-09-28T22:20,4
Moscow,2033-09-28T21:50,2033-09-28T22:50,4
Saint Petersburg,2033-09-28T22:20,2033-09-28T22:50,4
Moscow,2033-09-28T22:50,2033-09-28T23:20,4
Saint Petersburg,2033-09-28T22:50,2033-09-28T23:50,4
Moscow,2033-09-28T23:20,2033-09-28T23:50,4
Moscow,2033-09-28T23:50,2033-09-29T00:20,4
Saint Petersburg,2033-09-28T23:50,2033-09-29T00:10,4
Saint Petersburg,2033-09-29T00:10,2033-09-29T00:50,4
Moscow,2033-09-29T00:20,2033-09-29T01:20,4
Saint Petersburg,2033-09-29T00:50,2033-09-29T01:20,4
Moscow,2033-09-29T01:20,2033-09-29T01:50,3
Saint Petersburg,2033-09-29T01:20,2033-09-29T02:20,3
Moscow,2033-09-29T01:50,2033-09-29T02:20,2
Moscow,2033-09-29T02:20,2033-09-29T02:50,1
Saint Petersburg,2033-09-29T02:20,2033-09-29T02:40,2
Saint Petersburg,2033-09-29T02:40,2033-09-29T03:20,1
Moscow,2033-09-30T17:20,2033-09-30T18:10,1
Moscow,2033-09-30T18:10,2033-09-30T18:50,2
Saint Petersburg,2033-09-30T18:10,2033-09-30T18:50,1
Moscow,2033-09-30T18:50,2033-09-30T19:20,3
Saint Petersburg,2033-09-30T18:50,2033-09-30T19:50,2
Moscow,2033-09-30T19:20,2033-09-30T19:50,4
Moscow,2033-09-30T19:50,2033-09-30T20:40,4
Saint Petersburg,2033-09-30T19:50,2033-09-30T20:10,3
Saint Petersburg,2033-09-30T20:10,2033-09-30T20:40,4
Moscow,2033-09-30T20:40,2033-09-30T21:20,4
Saint Petersburg,2033-09-30T20:40,2033-09-30T21:20,4
Moscow,2033-09-30T21:20,2033-09-30T21:50,4
Saint Petersburg,2033-09-30T21:20,2033-09-30T22:20,4
Moscow,2033-09-30T21:50,2033-09-30T22:20,4
Moscow,2033-09-30T22:20,2033-09-30T23:10,4
Saint Petersburg,2033-09-30T22:20,2033-09-30T22:40,4
Saint Petersburg,2033-09-30T22:40,2033-09-30T23:10,4
Moscow,2033-09-30T23:10,2033-09-30T23:50,4
Saint Petersburg,2033-09-30T23:10,2033-09-30T23:50,4
Moscow,2033-09-30T23:50,2033-10-01T00:20,4
Saint Petersburg,2033-09-30T23:50,2033-10-01T00:50,4
Moscow,2033-10-01T00:20,2033-10-01T00:50,4
Moscow,2033-10-01T00:50,2033-10-01T01:40,4
Saint Petersburg,2033-10-01T00:50,2033-10-01T01:10,4
Saint Petersburg,2033-10-01T01:10,2033-10-01T01:20,3
Saint Petersburg,2033-10-01T01:20,2033-10-01T01:40,4
Moscow,2033-10-01T01:40,2033-10-01T02:20,4
Saint Petersburg,2033-10-01T01:40,2033-10-01T02:20,4
Moscow,2033-10-01T02:20,2033-10-01T02:50,4
Saint Petersburg,2033-10-01T02:20,2033-10-01T03:20,4
Moscow,2033-10-01T02:50,2033-10-01T03:20,3
Moscow,2033-10-01T03:20,2033-10-01T04:10,2
Saint Petersburg,2033-10-01T03:20,2033-10-01T03:50,3
Saint Petersburg,2033-10-01T03:50,2033-10-01T04:10,2
Moscow,2033-10-01T04:10,2033-10-01T04:50,1
Saint Petersburg,2033-10-01T04:10,2033-10-01T04:50,1
Moscow,2033-10-01T08:10,2033-10-01T08:35,1
Saint Petersburg,2033-10-01T08:10,2033-10-01T08:35,1
Moscow,2033-10-01T08:35,2033-10-01T08:50,2
Saint Petersburg,2033-10-01T08:35,2033-10-01T08:50,2
Moscow,2033-10-01T08:50,2033-10-01T09:20,3
Saint Petersburg,2033-10-01T08:50,2033-10-01T09:20,3
Moscow,2033-10-01T09:20,2033-10-01T10:40,4
Saint Petersburg,2033-10-01T09:20,2033-10-01T10:40,4
Moscow,2033-10-01T10:40,2033-10-01T11:05,4
Saint Petersburg,2033-10-01T10:40,2033-10-01T11:05,4
Moscow,2033-10-01T11:05,2033-10-01T11:20,3
Saint Petersburg,2033-10-01T11:05,2033-10-01T11:20,3
Moscow,2033-10-01T11:20,2033-10-01T11:50,2
Saint Petersburg,2033-10-01T11:20,2033-10-01T11:50,2
Moscow,2033-10-01T11:50,2033-10-01T13:10,1
Saint Petersburg,2033-10-01T11:50,2033-10-01T13:10,1
Moscow,2033-10-02T21:20,2033-10-02T21:50,1
Moscow,2033-10-02T21:50,2033-10-02T22:10,2
Moscow,2033-10-02T22:10,2033-10-02T22:50,3
Saint Petersburg,2033-10-02T22:10,2033-10-02T22:35,1
Saint Petersburg,2033-10-02T22:35,2033-10-02T22:50,2
Moscow,2033-10-02T22:50,2033-10-02T23:50,4
Saint Petersburg,2033-10-02T22:50,2033-10-02T23:20,3
Saint Petersburg,2033-10-02T23:20,2033-10-03T00:40,4
Moscow,2033-10-02T23:50,2033-10-03T00:20,4
Moscow,2033-10-03T00:20,2033-10-03T00:40,4
Moscow,2033-10-03T00:40,2033-10-03T01:20,4
Saint Petersburg,2033-10-03T00:40,2033-10-03T01:05,4
Saint Petersburg,2033-10-03T01:05,2033-10-03T01:20,4
Moscow,2033-10-03T01:20,2033-10-03T02:20,3
Saint Petersburg,2033-10-03T01:20,2033-10-03T01:50,3
Saint Petersburg,2033-10-03T01:50,2033-10-03T03:10,2
Moscow,2033-10-03T02:20,2033-10-03T02:50,2
Moscow,2033-10-03T02:50,2033-10-03T03:10,1
Saint Petersburg,2033-10-03T03:10,2033-10-03T03:35,1
Moscow,2033-10-03T08:10,2033-10-03T08:35,1
Saint Petersburg,2033-10-03T08:10,2033-10-03T08:35,1
Moscow,2033-10-03T08:35,2033-10-03T08:50,2
Saint Petersburg,2033-10-03T08:35,2033-10-03T08:50,2
Moscow,2033-10-03T08:50,2033-10-03T09:20,3
Saint Petersburg,2033-10-03T08:50,2033-10-03T09:50,3
Moscow,2033-10-03T09:20,2033-10-03T10:40,4
Saint Petersburg,2033-10-03T09:50,2033-10-03T10:40,4
Moscow,2033-10-03T10:40,2033-10-03T11:05,4
Saint Petersburg,2033-10-03T10:40,2033-10-03T11:05,4
Moscow,2033-10-03T11:05,2033-10-03T11:20,4
Saint Petersburg,2033-10-03T11:05,2033-10-03T11:20,4
Moscow,2033-10-03T11:20,2033-10-03T11:50,4
Saint Petersburg,2033-10-03T11:20,2033-10-03T12:20,4
Moscow,2033-10-03T11:50,2033-10-03T13:10,4
Saint Petersburg,2033-10-03T12:20,2033-10-03T13:10,4
Moscow,2033-10-03T13:10,2033-10-03T13:35,4
Saint Petersburg,2033-10-03T13:10,2033-10-03T13:35,4
Moscow,2033-10-03T13:35,2033-10-03T13:50,4
Saint Petersburg,2033-10-03T13:35,2033-10-03T13:50,4
Moscow,2033-10-03T13:50,2033-10-03T14:20,4
Saint Petersburg,2033-10-03T13:50,2033-10-03T14:50,4
Moscow,2033-10-03T14:20,2033-10-03T15:40,4
Saint Petersburg,2033-10-03T14:50,2033-10-03T15:40,4
Moscow,2033-10-03T15:40,2033-10-03T16:05,4
Saint Petersburg,2033-10-03T15:40,2033-10-03T16:05,3
Moscow,2033-10-03T16:05,2033-10-03T16:20,3
Saint Petersburg,2033-10-03T16:05,2033-10-03T16:20,2
Moscow,2033-10-03T16:20,2033-10-03T16:50,2
Saint Petersburg,2033-10-03T16:20,2033-10-03T17:20,1
Moscow,2033-10-03T16:50,2033-10-03T18:10,1
Saint Petersburg,2033-10-03T17:20,2033-10-03T19:50,1
Moscow,2033-10-05T08:35,2033-10-05T08:50,1
Moscow,2033-10-05T08:50,2033-10-05T09:20,2
Saint Petersburg,2033-10-05T08:50,2033-10-05T09:20,1
Moscow,2033-10-05T09:20,2033-10-05T09:35,3
Saint Petersburg,2033-10-05T09:20,2033-10-05T09:50,2
Moscow,2033-10-05T09:35,2033-10-05T11:05,4
Saint Petersburg,2033-10-05T09:50,2033-10-05T10:50,3
Saint Petersburg,2033-10-05T10:50,2033-10-05T11:20,4
Moscow,2033-10-05T11:05,2033-10-05T11:20,4
Moscow,2033-10-05T11:20,2033-10-05T11:50,4
Saint Petersburg,2033-10-05T11:20,2033-10-05T11:50,4
Moscow,2033-10-05T11:50,2033-10-05T12:05,4
Saint Petersburg,2033-10-05T11:50,2033-10-05T12:10,3
Moscow,2033-10-05T12:05,2033-10-05T13:35,4
Saint Petersburg,2033-10-05T12:10,2033-10-05T12:20,4
Saint Petersburg,2033-10-05T12:20,2033-10-05T13:20,4
Saint Petersburg,2033-10-05T13:20,2033-10-05T13:50,4
Moscow,2033-10-05T13:35,2033-10-05T13:50,4
Moscow,2033-10-05T13:50,2033-10-05T14:20,4
Saint Petersburg,2033-10-05T13:50,2033-10-05T14:40,4
Moscow,2033-10-05T14:20,2033-10-05T14:35,4
Moscow,2033-10-05T14:35,2033-10-05T16:05,4
Saint Petersburg,2033-10-05T14:40,2033-10-05T14:50,4
Saint Petersburg,2033-10-05T14:50,2033-10-05T15:50,4
Saint Petersburg,2033-10-05T15:50,2033-10-05T16:20,4
Moscow,2033-10-05T16:05,2033-10-05T16:20,4
Moscow,2033-10-05T16:20,2033-10-05T16:50,4
Saint Petersburg,2033-10-05T16:20,2033-10-05T17:10,4
Moscow,2033-10-05T16:50,2033-10-05T17:05,4
Moscow,2033-10-05T17:05,2033-10-05T18:35,4
Saint Petersburg,2033-10-05T17:10,2033-10-05T17:20,4
Saint Petersburg,2033-10-05T17:20,2033-10-05T18:20,4
Saint Petersburg,2033-10-05T18:20,2033-10-05T18:50,4
Moscow,2033-10-05T18:35,2033-10-05T18:50,4
Moscow,2033-10-05T18:50,2033-10-05T19:20,4
Saint Petersburg,2033-10-05T18:50,2033-10-05T19:40,4
Moscow,2033-10-05T19:20,2033-10-05T19:35,4
Moscow,2033-10-05T19:35,2033-10-05T21:05,4
Saint Petersburg,2033-10-05T19:40,2033-10-05T19:50,4
Saint Petersburg,2033-10-05T19:50,2033-10-05T20:50,4
Saint Petersburg,2033-10-05T20:50,2033-10-05T21:20,3
Moscow,2033-10-05T21:05,2033-10-05T21:20,3
Moscow,2033-10-05T21:20,2033-10-05T21:50,2
Saint Petersburg,2033-10-05T21:20,2033-10-05T22:10,2
Moscow,2033-10-05T21:50,2033-10-05T22:05,1
Saint Petersburg,2033-10-05T22:10,2033-10-05T22:20,1
Moscow,2033-10-07T11:50,2033-10-07T12:10,1
Moscow,2033-10-07T12:10,2033-10-07T12:35,2
Moscow,2033-10-07T12:35,2033-10-07T12:50,3
Saint Petersburg,2033-10-07T12:35,2033-10-07T12:50,1
Moscow,2033-10-07T12:50,2033-10-07T14:20,4
Saint Petersburg,2033-10-07T12:50,2033-10-07T13:20,2
Saint Petersburg,2033-10-07T13:20,2033-10-07T13:50,3
Saint Petersburg,2033-10-07T13:50,2033-10-07T15:05,4
Moscow,2033-10-07T14:20,2033-10-07T14:40,4
Moscow,2033-10-07T14:40,2033-10-07T15:05,4
Moscow,2033-10-07T15:05,2033-10-07T15:20,4
Saint Petersburg,2033-10-07T15:05,2033-10-07T15:20,4
Moscow,2033-10-07T15:20,2033-10-07T16:50,4
Saint Petersburg,2033-10-07T15:20,2033-10-07T15:50,4
Saint Petersburg,2033-10-07T15:50,2033-10-07T16:20,4
Saint Petersburg,2033-10-07T16:20,2033-10-07T17:35,4
Moscow,2033-10-07T16:50,2033-10-07T17:10,4
Moscow,2033-10-07T17:10,2033-10-07T17:35,4
Moscow,2033-10-07T17:35,2033-10-07T17:50,4
Saint Petersburg,2033-10-07T17:35,2033-10-07T17:50,4
Moscow,2033-10-07T17:50,2033-10-07T18:10,3
Saint Petersburg,2033-10-07T17:50,2033-10-07T18:10,3
Moscow,2033-10-07T18:10,2033-10-07T19:20,4
Saint Petersburg,2033-10-07T18:10,2033-10-07T18:20,4
Saint Petersburg,2033-10-07T18:20,2033-10-07T18:50,4
Saint Petersburg,2033-10-07T18:50,2033-10-07T20:05,4
Moscow,2033-10-07T19:20,2033-10-07T19:40,4
Moscow,2033-10-07T19:40,2033-10-07T20:05,4
Moscow,2033-10-07T20:05,2033-10-07T20:40,4
Saint Petersburg,2033-10-07T20:05,2033-10-07T20:40,4
Moscow,2033-10-07T20:40,2033-10-07T21:50,4
Saint Petersburg,2033-10-07T20:40,2033-10-07T20:50,4
Saint Petersburg,2033-10-07T20:50,2033-10-07T21:20,4
Saint Petersburg,2033-10-07T21:20,2033-10-07T21:50,3
Moscow,2033-10-07T21:50,2033-10-07T22:10,4
Saint Petersburg,2033-10-07T21:50,2033-10-07T22:35,4
Moscow,2033-10-07T22:10,2033-10-07T22:35,4
Moscow,2033-10-07T22:35,2033-10-07T23:10,4
Saint Petersburg,2033-10-07T22:35,2033-10-07T23:10,4
Moscow,2033-10-07T23:10,2033-10-08T00:20,3
Saint Petersburg,2033-10-07T23:10,2033-10-07T23:20,4
Saint Petersburg,2033-10-07T23:20,2033-10-08T00:20,4
Moscow,2033-10-08T00:20,2033-10-08T00:40,2
Saint Petersburg,2033-10-08T00:20,2033-10-08T01:05,3
Moscow,2033-10-08T00:40,2033-10-08T01:05,1
Saint Petersburg,2033-10-08T01:05,2033-10-08T01:40,2
Saint Petersburg,2033-10-08T01:40,2033-10-08T01:50,1
Moscow,2033-10-09T15:20,2033-10-09T16:10,1
Moscow,2033-10-09T16:10,2033-10-09T16:50,2
Saint Petersburg,2033-10-09T16:10,2033-10-09T16:50,1
Moscow,2033-10-09T16:50,2033-10-09T17:20,3
Saint Petersburg,2033-10-09T16:50,2033-10-09T17:20,2
Moscow,2033-10-09T17:20,2033-10-09T17:50,4
Saint Petersburg,2033-10-09T17:20,2033-10-09T18:10,3
Moscow,2033-10-09T17:50,2033-10-09T18:10,3
Moscow,2033-10-09T18:10,2033-10-09T18:40,4
Saint Petersburg,2033-10-09T18:10,2033-10-09T18:40,4
Moscow,2033-10-09T18:40,2033-10-09T18:50,3
Saint Petersburg,2033-10-09T18:40,2033-10-09T18:50,3
Moscow,2033-10-09T18:50,2033-10-09T19:20,4
Saint Petersburg,2033-10-09T18:50,2033-10-09T19:20,4
Moscow,2033-10-09T19:20,2033-10-09T19:50,4
Saint Petersburg,2033-10-09T19:20,2033-10-09T19:50,3
Moscow,2033-10-09T19:50,2033-10-09T20:40,4
Saint Petersburg,2033-10-09T19:50,2033-10-09T20:10,2
Saint Petersburg,2033-10-09T20:10,2033-10-09T20:35,3
Saint Petersburg,2033-10-09T20:35,2033-10-09T20:40,4
Moscow,2033-10-09T20:40,2033-10-09T21:20,4
Saint Petersburg,2033-10-09T20:40,2033-10-09T20:50,3
Saint Petersburg,2033-10-09T20:50,2033-10-09T21:20,4
Moscow,2033-10-09T21:20,2033-10-09T21:50,4
Saint Petersburg,2033-10-09T21:20,2033-10-09T22:40,4
Moscow,2033-10-09T21:50,2033-10-09T22:20,4
Moscow,2033-10-09T22:20,2033-10-09T23:10,4
Saint Petersburg,2033-10-09T22:40,2033-10-09T23:05,4
Saint Petersburg,2033-10-09T23:05,2033-10-09T23:20,4
Moscow,2033-10-09T23:10,2033-10-09T23:50,4
Saint Petersburg,2033-10-09T23:20,2033-10-09T23:50,4
Moscow,2033-10-09T23:50,2033-10-10T00:20,4
Saint Petersburg,2033-10-09T23:50,2033-10-10T01:10,4
Moscow,2033-10-10T00:20,2033-10-10T00:50,4
Moscow,2033-10-10T00:50,2033-10-10T01:40,4
Saint Petersburg,2033-10-10T01:10,2033-10-10T01:20,3
Saint Petersburg,2033-10-10T01:20,2033-10-10T01:35,4
Saint Petersburg,2033-10-10T01:35,2033-10-10T01:50,4
Moscow,2033-10-10T01:40,2033-10-10T02:20,4
Saint Petersburg,2033-10-10T01:50,2033-10-10T02:20,3
Moscow,2033-10-10T02:20,2033-10-10T02:50,4
Saint Petersburg,2033-10-10T02:20,2033-10-10T03:50,2
Moscow,2033-10-10T02:50,2033-10-10T03:20,3
Moscow,2033-10-10T03:20,2033-10-10T04:10,2
Saint Petersburg,2033-10-10T03:50,2033-10-10T04:05,1
Moscow,2033-10-10T04:10,2033-10-10T04:50,1
Saint Petersburg,2033-10-10T04:10,2033-10-10T05:50,1
Saint Petersburg,2033-10-10T05:50,2033-10-10T06:40,2
Saint Petersburg,2033-10-10T06:40,2033-10-10T08:10,1
Moscow,2033-10-10T08:10,2033-10-10T08:35,1
Saint Petersburg,2033-10-10T08:10,2033-10-10T08:20,2
Saint Petersburg,2033-10-10T08:20,2033-10-10T08:35,1
Moscow,2033-10-10T08:35,2033-10-10T10:40,2
Saint Petersburg,2033-10-10T08:35,2033-10-10T10:40,2
Moscow,2033-10-10T10:40,2033-10-10T11:05,1
Saint Petersburg,2033-10-10T10:40,2033-10-10T11:05,1
Moscow,2033-10-11T20:10,2033-10-11T20:35,1
Moscow,2033-10-11T20:35,2033-10-11T20:50,2
Moscow,2033-10-11T20:50,2033-10-11T21:20,3
Saint Petersburg,2033-10-11T20:50,2033-10-11T21:20,1
Moscow,2033-10-11T21:20,2033-10-11T22:40,4
Saint Petersburg,2033-10-11T21:20,2033-10-11T21:50,2
Saint Petersburg,2033-10-11T21:50,2033-10-11T22:10,3
Saint Petersburg,2033-10-11T22:10,2033-10-11T23:20,4
Moscow,2033-10-11T22:40,2033-10-11T23:05,4
Moscow,2033-10-11T23:05,2033-10-11T23:20,4
Moscow,2033-10-11T23:20,2033-10-11T23:50,4
Saint Petersburg,2033-10-11T23:20,2033-10-11T23:50,4
Moscow,2033-10-11T23:50,2033-10-12T01:10,4
Saint Petersburg,2033-10-11T23:50,2033-10-12T00:20,4
Saint Petersburg,2033-10-12T00:20,2033-10-12T00:40,4
Saint Petersburg,2033-10-12T00:40,2033-10-12T01:50,4
Moscow,2033-10-12T01:10,2033-10-12T01:35,4
Moscow,2033-10-12T01:35,2033-10-12T01:50,4
Moscow,2033-10-12T01:50,2033-10-12T02:20,3
Saint Petersburg,2033-10-12T01:50,2033-10-12T02:20,4
Moscow,2033-10-12T02:20,2033-10-12T03:40,2
Saint Petersburg,2033-10-12T02:20,2033-10-12T02:50,3
Saint Petersburg,2033-10-12T02:50,2033-10-12T03:10,2
Saint Petersburg,2033-10-12T03:10,2033-10-12T04:20,1
Moscow,2033-10-12T03:40,2033-10-12T04:05,1
Moscow,2033-10-12T08:10,2033-10-12T08:35,1
Saint Petersburg,2033-10-12T08:10,2033-10-12T08:35,1
Moscow,2033-10-12T08:35,2033-10-12T08:50,2
Saint Petersburg,2033-10-12T08:35,2033-10-12T08:50,2
Moscow,2033-10-12T08:50,2033-10-12T09:20,3
Saint Petersburg,2033-10-12T08:50,2033-10-12T09:20,3
Moscow,2033-10-12T09:20,2033-10-12T10:40,4
Saint Petersburg,2033-10-12T09:20,2033-10-12T10:40,4
Moscow,2033-10-12T10:40,2033-10-12T11:05,4
Saint Petersburg,2033-10-12T10:40,2033-10-12T11:05,4
Moscow,2033-10-12T11:05,2033-10-12T11:20,4
Saint Petersburg,2033-10-12T11:05,2033-10-12T11:20,4
Moscow,2033-10-12T11:20,2033-10-12T11:50,4
Saint Petersburg,2033-10-12T11:20,2033-10-12T11:50,4
Moscow,2033-10-12T11:50,2033-10-12T13:10,4
Saint Petersburg,2033-10-12T11:50,2033-10-12T13:10,4
Moscow,2033-10-12T13:10,2033-10-12T13:35,4
Saint Petersburg,2033-10-12T13:10,2033-10-12T13:35,4
Moscow,2033-10-12T13:35,2033-10-12T13:50,4
Saint Petersburg,2033-10-12T13:35,2033-10-12T13:50,4
Moscow,2033-10-12T13:50,2033-10-12T14:20,3
Saint Petersburg,2033-10-12T13:50,2033-10-12T14:20,3
Moscow,2033-10-12T14:20,2033-10-12T15:40,2
Saint Petersburg,2033-10-12T14:20,2033-10-12T15:40,2
Moscow,2033-10-12T15:40,2033-10-12T16:05,1
Saint Petersburg,2033-10-12T15:40,2033-10-12T16:05,1
Moscow,2033-10-13T23:50,2033-10-14T00:10,1
Moscow,2033-10-14T00:10,2033-10-14T02:20,2
Saint Petersburg,2033-10-14T02:10,2033-10-14T04:40,1
Moscow,2033-10-14T02:20,2033-10-14T02:40,1
Moscow,2033-10-14T08:10,2033-10-14T08:35,1
Saint Petersburg,2033-10-14T08:10,2033-10-14T08:35,1
Moscow,2033-10-14T08:35,2033-10-14T08:50,2
Saint Petersburg,2033-10-14T08:35,2033-10-14T08:50,2
Moscow,2033-10-14T08:50,2033-10-14T09:20,3
Saint Petersburg,2033-10-14T08:50,2033-10-14T09:20,3
Moscow,2033-10-14T09:20,2033-10-14T10:40,4
Saint Petersburg,2033-10-14T09:20,2033-10-14T10:40,4
Moscow,2033-10-14T10:40,2033-10-14T11:05,4
Saint Petersburg,2033-10-14T10:40,2033-10-14T11:05,4
Moscow,2033-10-14T11:05,2033-10-14T11:20,4
Saint Petersburg,2033-10-14T11:05,2033-10-14T11:20,4
Moscow,2033-10-14T11:20,2033-10-14T11:50,4
Saint Petersburg,2033-10-14T11:20,2033-10-14T11:50,3
Moscow,2033-10-14T11:50,2033-10-14T13:10,4
Saint Petersburg,2033-10-14T11:50,2033-10-14T12:10,3
Saint Petersburg,2033-10-14T12:10,2033-10-14T13:10,4
Moscow,2033-10-14T13:10,2033-10-14T13:35,4
Saint Petersburg,2033-10-14T13:10,2033-10-14T13:35,4
Moscow,2033-10-14T13:35,2033-10-14T13:50,4
Saint Petersburg,2033-10-14T13:35,2033-10-14T14:20,4
Moscow,2033-10-14T13:50,2033-10-14T14:20,4
Moscow,2033-10-14T14:20,2033-10-14T15:40,4
Saint Petersburg,2033-10-14T14:20,2033-10-14T14:40,4
Saint Petersburg,2033-10-14T14:40,2033-10-14T15:20,3
Saint Petersburg,2033-10-14T15:20,2033-10-14T15:40,4
Moscow,2033-10-14T15:40,2033-10-14T16:05,4
Saint Petersburg,2033-10-14T15:40,2033-10-14T16:05,4
Moscow,2033-10-14T16:05,2033-10-14T16:20,4
Saint Petersburg,2033-10-14T16:05,2033-10-14T16:50,4
Moscow,2033-10-14T16:20,2033-10-14T16:50,4
Moscow,2033-10-14T16:50,2033-10-14T18:10,4
Saint Petersburg,2033-10-14T16:50,2033-10-14T17:50,4
Saint Petersburg,2033-10-14T17:50,2033-10-14T18:10,4
Moscow,2033-10-14T18:10,2033-10-14T18:35,4
Saint Petersburg,2033-10-14T18:10,2033-10-14T18:35,4
Moscow,2033-10-14T18:35,2033-10-14T18:50,4
Saint Petersburg,2033-10-14T18:35,2033-10-14T19:20,4
Moscow,2033-10-14T18:50,2033-10-14T19:20,3
Moscow,2033-10-14T19:20,2033-10-14T20:40,2
Saint Petersburg,2033-10-14T19:20,2033-10-14T20:20,3
Saint Petersburg,2033-10-14T20:20,2033-10-14T20:40,2
Moscow,2033-10-14T20:40,2033-10-14T21:05,1
Saint Petersburg,2033-10-14T20:40,2033-10-14T21:05,1
Moscow,2033-10-16T10:10,2033-10-16T10:50,1
Moscow,2033-10-16T10:50,2033-10-16T11:20,2
Moscow,2033-10-16T11:20,2033-10-16T11:50,3
Saint Petersburg,2033-10-16T11:20,2033-10-16T11:50,1
Moscow,2033-10-16T11:50,2033-10-16T12:40,4
Saint Petersburg,2033-10-16T11:50,2033-10-16T12:10,2
Saint Petersburg,2033-10-16T12:10,2033-10-16T12:35,3
Saint Petersburg,2033-10-16T12:35,2033-10-16T13:50,4
Moscow,2033-10-16T12:40,2033-10-16T13:20,4
Moscow,2033-10-16T13:20,2033-10-16T13:50,4
Moscow,2033-10-16T13:50,2033-10-16T14:20,4
Saint Petersburg,2033-10-16T13:50,2033-10-16T14:20,4
Moscow,2033-10-16T14:20,2033-10-16T15:10,4
Saint Petersburg,2033-10-16T14:20,2033-10-16T14:40,4
Saint Petersburg,2033-10-16T14:40,2033-10-16T15:05,4
Saint Petersburg,2033-10-16T15:05,2033-10-16T16:20,4
Moscow,2033-10-16T15:10,2033-10-16T15:50,4
Moscow,2033-10-16T15:50,2033-10-16T16:20,4
Moscow,2033-10-16T16:20,2033-10-16T16:50,4
Saint Petersburg,2033-10-16T16:20,2033-10-16T16:50,4
Moscow,2033-10-16T16:50,2033-10-16T17:40,4
Saint Petersburg,2033-10-16T16:50,2033-10-16T17:10,4
Saint Petersburg,2033-10-16T17:10,2033-10-16T17:35,4
Saint Petersburg,2033-10-16T17:35,2033-10-16T18:50,4
Moscow,2033-10-16T17:40,2033-10-16T18:20,4
Moscow,2033-10-16T18:20,2033-10-16T18:50,4
Moscow,2033-10-16T18:50,2033-10-16T19:20,4
Saint Petersburg,2033-10-16T18:50,2033-10-16T19:20,4
Moscow,2033-10-16T19:20,2033-10-16T20:10,4
Saint Petersburg,2033-10-16T19:20,2033-10-16T19:40,4
Saint Petersburg,2033-10-16T19:40,2033-10-16T20:05,4
Saint Petersburg,2033-10-16T20:05,2033-10-16T21:20,4
Moscow,2033-10-16T20:10,2033-10-16T20:50,4
Moscow,2033-10-16T20:50,2033-10-16T21:20,4
Moscow,2033-10-16T21:20,2033-10-16T21:50,4
Saint Petersburg,2033-10-16T21:20,2033-10-16T21:50,4
Moscow,2033-10-16T21:50,2033-10-16T22:40,4
Saint Petersburg,2033-10-16T21:50,2033-10-16T22:10,4
Saint Petersburg,2033-10-16T22:10,2033-10-16T22:35,3
Saint Petersburg,2033-10-16T22:35,2033-10-16T23:50,3
Moscow,2033-10-16T22:40,2033-10-16T23:20,3
Moscow,2033-10-16T23:20,2033-10-16T23:50,2
Moscow,2033-10-16T23:50,2033-10-17T00:20,1
Saint Petersburg,2033-10-16T23:50,2033-10-17T00:20,2
Saint Petersburg,2033-10-17T00:20,2033-10-17T01:05,1
Moscow,2033-10-18T13:50,2033-10-18T14:10,1
Moscow,2033-10-18T14:10,2033-10-18T14:50,2
Moscow,2033-10-18T14:50,2033-10-18T15:20,3
Saint Petersburg,2033-10-18T14:50,2033-10-18T16:10,1
Moscow,2033-10-18T15:20,2033-10-18T16:20,4
Saint Petersburg,2033-10-18T16:10,2033-10-18T16:50,2
Moscow,2033-10-18T16:20,2033-10-18T16:40,4
Moscow,2033-10-18T16:40,2033-10-18T16:50,3
Moscow,2033-10-18T16:50,2033-10-18T17:20,4
Saint Petersburg,2033-10-18T16:50,2033-10-18T17:20,3
Moscow,2033-10-18T17:20,2033-10-18T17:50,4
Saint Petersburg,2033-10-18T17:20,2033-10-18T18:10,3
Moscow,2033-10-18T17:50,2033-10-18T18:10,3
Moscow,2033-10-18T18:10,2033-10-18T18:50,4
Saint Petersburg,2033-10-18T18:10,2033-10-18T18:40,4
Saint Petersburg,2033-10-18T18:40,2033-10-18T18:50,3
Moscow,2033-10-18T18:50,2033-10-18T19:20,4
Saint Petersburg,2033-10-18T18:50,2033-10-18T19:20,4
Moscow,2033-10-18T19:20,2033-10-18T19:50,4
Saint Petersburg,2033-10-18T19:20,2033-10-18T19:50,4
Moscow,2033-10-18T19:50,2033-10-18T20:40,4
Saint Petersburg,2033-10-18T19:50,2033-10-18T20:40,4
Moscow,2033-10-18T20:40,2033-10-18T21:20,4
Saint Petersburg,2033-10-18T20:40,2033-10-18T21:20,4
Moscow,2033-10-18T21:20,2033-10-18T21:50,4
Saint Petersburg,2033-10-18T21:20,2033-10-18T21:50,4
Moscow,2033-10-18T21:50,2033-10-18T22:20,4
Saint Petersburg,2033-10-18T21:50,2033-10-18T22:20,4
Moscow,2033-10-18T22:20,2033-10-18T23:10,4
Saint Petersburg,2033-10-18T22:20,2033-10-18T23:10,4
Moscow,2033-10-18T23:10,2033-10-18T23:50,4
Saint Petersburg,2033-10-18T23:10,2033-10-18T23:50,4
Moscow,2033-10-18T23:50,2033-10-19T00:20,4
Saint Petersburg,2033-10-18T23:50,2033-10-19T00:20,4
Moscow,2033-10-19T00:20,2033-10-19T00:50,4
Saint Petersburg,2033-10-19T00:20,2033-10-19T00:50,4
Moscow,2033-10-19T00:50,2033-10-19T01:40,4
Saint Petersburg,2033-10-19T00:50,2033-10-19T01:40,4
Moscow,2033-10-19T01:40,2033-10-19T02:20,4
Saint Petersburg,2033-10-19T01:40,2033-10-19T02:20,4
Moscow,2033-10-19T02:20,2033-10-19T02:50,3
Saint Petersburg,2033-10-19T02:20,2033-10-19T02:50,4
Moscow,2033-10-19T02:50,2033-10-19T03:20,2
Saint Petersburg,2033-10-19T02:50,2033-10-19T03:20,4
Moscow,2033-10-19T03:20,2033-10-19T04:10,1
Saint Petersburg,2033-10-19T03:20,2033-10-19T04:10,3
Saint Petersburg,2033-10-19T04:10,2033-10-19T04:50,2
Saint Petersburg,2033-10-19T04:50,2033-10-19T05:20,1
Moscow,2033-10-20T18:50,2033-10-20T19:20,1
Moscow,2033-10-20T19:20,2033-10-20T19:50,2
Moscow,2033-10-20T19:50,2033-10-20T20:10,3
Moscow,2033-10-20T20:10,2033-10-20T21:20,4
Saint Petersburg,2033-10-20T20:10,2033-10-20T20:35,1
Saint Petersburg,2033-10-20T20:35,2033-10-20T20:50,2
Saint Petersburg,2033-10-20T20:50,2033-10-20T21:20,3
Moscow,2033-10-20T21:20,2033-10-20T21:50,4
Saint Petersburg,2033-10-20T21:20,2033-10-20T22:40,4
Moscow,2033-10-20T21:50,2033-10-20T22:20,4
Moscow,2033-10-20T22:20,2033-10-20T22:40,4
Moscow,2033-10-20T22:40,2033-10-20T23:50,4
Saint Petersburg,2033-10-20T22:40,2033-10-20T23:05,4
Saint Petersburg,2033-10-20T23:05,2033-10-20T23:20,4
Saint Petersburg,2033-10-20T23:20,2033-10-20T23:50,4
Moscow,2033-10-20T23:50,2033-10-21T00:20,4
Saint Petersburg,2033-10-20T23:50,2033-10-21T01:10,4
Moscow,2033-10-21T00:20,2033-10-21T00:50,4
Moscow,2033-10-21T00:50,2033-10-21T01:10,4
Moscow,2033-10-21T01:10,2033-10-21T02:20,4
Saint Petersburg,2033-10-21T01:10,2033-10-21T01:35,4
Saint Petersburg,2033-10-21T01:35,2033-10-21T01:50,4
Saint Petersburg,2033-10-21T01:50,2033-10-21T02:20,4
Moscow,2033-10-21T02:20,2033-10-21T02:50,4
Saint Petersburg,2033-10-21T02:20,2033-10-21T03:40,4
Moscow,2033-10-21T02:50,2033-10-21T03:20,3
Moscow,2033-10-21T03:20,2033-10-21T03:40,2
Moscow,2033-10-21T03:40,2033-10-21T04:50,1
Saint Petersburg,2033-10-21T03:40,2033-10-21T04:05,3
Saint Petersburg,2033-10-21T04:05,2033-10-21T04:20,2
Saint Petersburg,2033-10-21T04:20,2033-10-21T04:50,1
Moscow,2033-10-21T08:10,2033-10-21T08:35,1
Saint Petersburg,2033-10-21T08:10,2033-10-21T08:35,1
Moscow,2033-10-21T08:35,2033-10-21T08:50,2
Saint Petersburg,2033-10-21T08:35,2033-10-21T08:50,2
Moscow,2033-10-21T08:50,2033-10-21T09:20,3
Saint Petersburg,2033-10-21T08:50,2033-10-21T09:20,3
Moscow,2033-10-21T09:20,2033-10-21T10:40,4
Saint Petersburg,2033-10-21T09:20,2033-10-21T10:40,4
Moscow,2033-10-21T10:40,2033-10-21T11:05,4
Saint Petersburg,2033-10-21T10:40,2033-10-21T11:05,4
Moscow,2033-10-21T11:05,2033-10-21T11:20,4
Saint Petersburg,2033-10-21T11:05,2033-10-21T11:20,4
Moscow,2033-10-21T11:20,2033-10-21T11:50,4
Saint Petersburg,2033-10-21T11:20,2033-10-21T11:50,4
Moscow,2033-10-21T11:50,2033-10-21T13:10,3
Saint Petersburg,2033-10-21T11:50,2033-10-21T13:10,3
Moscow,2033-10-21T13:10,2033-10-21T13:35,2
Saint Petersburg,2033-10-21T13:10,2033-10-21T13:35,2
Moscow,2033-10-21T13:35,2033-10-21T13:50,1
Saint Petersburg,2033-10-21T13:35,2033-10-21T13:50,1
Moscow,2033-10-22T22:10,2033-10-22T22:50,1
Moscow,2033-10-22T22:50,2033-10-22T23:20,2
Saint Petersburg,2033-10-22T22:50,2033-10-22T23:20,1
Moscow,2033-10-22T23:20,2033-10-22T23:50,3
Saint Petersburg,2033-10-22T23:20,2033-10-22T23:50,2
Moscow,2033-10-22T23:50,2033-10-23T00:40,4
Saint Petersburg,2033-10-22T23:50,2033-10-23T00:10,3
Saint Petersburg,2033-10-23T00:10,2033-10-23T01:20,4
Moscow,2033-10-23T00:40,2033-10-23T01:20,4
Moscow,2033-10-23T01:20,2033-10-23T01:50,3
Saint Petersburg,2033-10-23T01:20,2033-10-23T01:50,3
Moscow,2033-10-23T01:50,2033-10-23T02:20,2
Saint Petersburg,2033-10-23T01:50,2033-10-23T02:20,2
Moscow,2033-10-23T02:20,2033-10-23T03:10,1
Saint Petersburg,2033-10-23T02:20,2033-10-23T02:40,1
Moscow,2033-10-23T08:10,2033-10-23T08:35,1
Saint Petersburg,2033-10-23T08:10,2033-10-23T08:35,1
Moscow,2033-10-23T08:35,2033-10-23T08:50,2
Saint Petersburg,2033-10-23T08:35,2033-10-23T08:50,2
Moscow,2033-10-23T08:50,2033-10-23T09:20,3
Saint Petersburg,2033-10-23T08:50,2033-10-23T09:20,3
Moscow,2033-10-23T09:20,2033-10-23T10:40,4
Saint Petersburg,2033-10-23T09:20,2033-10-23T10:40,4
Moscow,2033-10-23T10:40,2033-10-23T11:05,4
Saint Petersburg,2033-10-23T10:40,2033-10-23T11:05,4
Moscow,2033-10-23T11:05,2033-10-23T11:20,4
Saint Petersburg,2033-10-23T11:05,2033-10-23T11:20,4
Moscow,2033-10-23T11:20,2033-10-23T11:50,4
Saint Petersburg,2033-10-23T11:20,2033-10-23T11:50,4
Moscow,2033-10-23T11:50,2033-10-23T13:10,4
Saint Petersburg,2033-10-23T11:50,2033-10-23T13:10,4
Moscow,2033-10-23T13:10,2033-10-23T13:35,4
Saint Petersburg,2033-10-23T13:10,2033-10-23T13:35,4
Moscow,2033-10-23T13:35,2033-10-23T13:50,4
Saint Petersburg,2033-10-23T13:35,2033-10-23T13:50,4
Moscow,2033-10-23T13:50,2033-10-23T14:20,4
Saint Petersburg,2033-10-23T13:50,2033-10-23T14:20,4
Moscow,2033-10-23T14:20,2033-10-23T15:40,4
Saint Petersburg,2033-10-23T14:20,2033-10-23T15:40,4
Moscow,2033-10-23T15:40,2033-10-23T16:05,4
Saint Petersburg,2033-10-23T15:40,2033-10-23T16:05,4
Moscow,2033-10-23T16:05,2033-10-23T16:20,4
Saint Petersburg,2033-10-23T16:05,2033-10-23T16:20,4
Moscow,2033-10-23T16:20,2033-10-23T16:50,4
Saint Petersburg,2033-10-23T16:20,2033-10-23T16:50,3
Moscow,2033-10-23T16:50,2033-10-23T18:10,3
Saint Petersburg,2033-10-23T16:50,2033-10-23T18:10,2
Moscow,2033-10-23T18:10,2033-10-23T18:35,2
Saint Petersburg,2033-10-23T18:10,2033-10-23T18:35,2
Moscow,2033-10-23T18:35,2033-10-23T18:50,1
Saint Petersburg,2033-10-23T18:35,2033-10-23T20:40,1
Moscow,2033-10-25T09:20,2033-10-25T09:35,1
Moscow,2033-10-25T09:35,2033-10-25T09:50,2
Moscow,2033-10-25T09:50,2033-10-25T10:10,3
Saint Petersburg,2033-10-25T09:50,2033-10-25T10:10,1
Moscow,2033-10-25T10:10,2033-10-25T11:50,4
Saint Petersburg,2033-10-25T10:10,2033-10-25T10:50,2
Saint Petersburg,2033-10-25T10:50,2033-10-25T11:20,3
Saint Petersburg,2033-10-25T11:20,2033-10-25T12:20,4
Moscow,2033-10-25T11:50,2033-10-25T12:05,4
Moscow,2033-10-25T12:05,2033-10-25T12:20,4
Moscow,2033-10-25T12:20,2033-10-25T12:40,4
Saint Petersburg,2033-10-25T12:20,2033-10-25T12:40,4
Moscow,2033-10-25T12:40,2033-10-25T14:20,4
Saint Petersburg,2033-10-25T12:40,2033-10-25T13:20,4
Saint Petersburg,2033-10-25T13:20,2033-10-25T13:50,4
Saint Petersburg,2033-10-25T13:50,2033-10-25T14:50,4
Moscow,2033-10-25T14:20,2033-10-25T14:35,4
Moscow,2033-10-25T14:35,2033-10-25T14:50,4
Moscow,2033-10-25T14:50,2033-10-25T15:10,4
Saint Petersburg,2033-10-25T14:50,2033-10-25T15:10,4
Moscow,2033-10-25T15:10,2033-10-25T16:50,4
Saint Petersburg,2033-10-25T15:10,2033-10-25T15:50,4
Saint Petersburg,2033-10-25T15:50,2033-10-25T16:20,4
Saint Petersburg,2033-10-25T16:20,2033-10-25T16:50,3
Moscow,2033-10-25T16:50,2033-10-25T17:05,4
Saint Petersburg,2033-10-25T16:50,2033-10-25T17:20,4
Moscow,2033-10-25T17:05,2033-10-25T17:20,4
Moscow,2033-10-25T17:20,2033-10-25T17:40,4
Saint Petersburg,2033-10-25T17:20,2033-10-25T17:40,4
Moscow,2033-10-25T17:40,2033-10-25T19:20,4
Saint Petersburg,2033-10-25T17:40,2033-10-25T18:20,4
Saint Petersburg,2033-10-25T18:20,2033-10-25T19:20,4
Moscow,2033-10-25T19:20,2033-10-25T19:35,4
Saint Petersburg,2033-10-25T19:20,2033-10-25T19:50,4
Moscow,2033-10-25T19:35,2033-10-25T19:50,4
Moscow,2033-10-25T19:50,2033-10-25T20:10,4
Saint Petersburg,2033-10-25T19:50,2033-10-25T20:10,4
Moscow,2033-10-25T20:10,2033-10-25T21:50,4
Saint Petersburg,2033-10-25T20:10,2033-10-25T20:50,4
Saint Petersburg,2033-10-25T20:50,2033-10-25T21:50,4
Moscow,2033-10-25T21:50,2033-10-25T22:05,3
Saint Petersburg,2033-10-25T21:50,2033-10-25T22:20,3
Moscow,2033-10-25T22:05,2033-10-25T22:20,2
Moscow,2033-10-25T22:20,2033-10-25T22:40,1
Saint Petersburg,2033-10-25T22:20,2033-10-25T22:40,2
Saint Petersburg,2033-10-25T22:40,2033-10-25T23:20,1
Moscow,2033-10-27T12:35,2033-10-27T12:50,1
Moscow,2033-10-27T12:50,2033-10-27T13:20,2
Moscow,2033-10-27T13:20,2033-10-27T13:50,3
Saint Petersburg,2033-10-27T13:20,2033-10-27T13:50,1
Moscow,2033-10-27T13:50,2033-10-27T15:05,4
Saint Petersburg,2033-10-27T13:50,2033-10-27T14:10,2
Saint Petersburg,2033-10-27T14:10,2033-10-27T14:50,3
Saint Petersburg,2033-10-27T14:50,2033-10-27T15:50,4
Moscow,2033-10-27T15:05,2033-10-27T15:20,4
Moscow,2033-10-27T15:20,2033-10-27T15:50,4
Moscow,2033-10-27T15:50,2033-10-27T16:20,4
Saint Petersburg,2033-10-27T15:50,2033-10-27T16:20,4
Moscow,2033-10-27T16:20,2033-10-27T17:35,4
Saint Petersburg,2033-10-27T16:20,2033-10-27T16:40,4
Saint Petersburg,2033-10-27T16:40,2033-10-27T17:20,4
Saint Petersburg,2033-10-27T17:20,2033-10-27T18:20,4
Moscow,2033-10-27T17:35,2033-10-27T17:50,4
Moscow,2033-10-27T17:50,2033-10-27T18:20,4
Moscow,2033-10-27T18:20,2033-10-27T18:50,4
Saint Petersburg,2033-10-27T18:20,2033-10-27T18:50,4
Moscow,2033-10-27T18:50,2033-10-27T20:05,4
Saint Petersburg,2033-10-27T18:50,2033-10-27T19:10,4
Saint Petersburg,2033-10-27T19:10,2033-10-27T19:20,3
Saint Petersburg,2033-10-27T19:20,2033-10-27T19:50,4
Saint Petersburg,2033-10-27T19:50,2033-10-27T20:10,3
Moscow,2033-10-27T20:05,2033-10-27T20:20,4
Saint Petersburg,2033-10-27T20:10,2033-10-27T20:50,4
Moscow,2033-10-27T20:20,2033-10-27T20:50,4
Moscow,2033-10-27T20:50,2033-10-27T21:20,4
Saint Petersburg,2033-10-27T20:50,2033-10-27T21:20,4
Moscow,2033-10-27T21:20,2033-10-27T22:35,4
Saint Petersburg,2033-10-27T21:20,2033-10-27T21:50,4
Saint Petersburg,2033-10-27T21:50,2033-10-27T22:40,4
Moscow,2033-10-27T22:35,2033-10-27T22:50,4
Saint Petersburg,2033-10-27T22:40,2033-10-27T23:20,4
Moscow,2033-10-27T22:50,2033-10-27T23:20,4
Moscow,2033-10-27T23:20,2033-10-27T23:50,4
Saint Petersburg,2033-10-27T23:20,2033-10-27T23:50,3
Moscow,2033-10-27T23:50,2033-10-28T01:05,4
Saint Petersburg,2033-10-27T23:50,2033-10-28T00:20,3
Saint Petersburg,2033-10-28T00:20,2033-10-28T01:10,2
Moscow,2033-10-28T01:05,2033-10-28T01:20,3
Saint Petersburg,2033-10-28T01:10,2033-10-28T01:20,1
Moscow,2033-10-28T01:20,2033-10-28T01:50,2
Saint Petersburg,2033-10-28T01:20,2033-10-28T02:20,2
Moscow,2033-10-28T01:50,2033-10-28T02:20,1
Saint Petersburg,2033-10-28T02:20,2033-10-28T03:50,1
Saint Petersburg,2033-10-28T08:10,2033-10-28T10:40,1
Moscow,2033-10-29T16:50,2033-10-29T17:20,1
Moscow,2033-10-29T17:20,2033-10-29T18:10,2
Saint Petersburg,2033-10-29T17:20,2033-10-29T18:10,1
Moscow,2033-10-29T18:10,2033-10-29T18:50,3
Saint Petersburg,2033-10-29T18:10,2033-10-29T18:50,2
Moscow,2033-10-29T18:50,2033-10-29T19:20,4
Saint Petersburg,2033-10-29T18:50,2033-10-29T19:50,3
Moscow,2033-10-29T19:20,2033-10-29T19:50,4
Moscow,2033-10-29T19:50,2033-10-29T20:40,4
Saint Petersburg,2033-10-29T19:50,2033-10-29T20:10,3
Saint Petersburg,2033-10-29T20:10,2033-10-29T20:40,4
Moscow,2033-10-29T20:40,2033-10-29T21:20,4
Saint Petersburg,2033-10-29T20:40,2033-10-29T21:20,4
Moscow,2033-10-29T21:20,2033-10-29T21:50,4
Saint Petersburg,2033-10-29T21:20,2033-10-29T22:20,4
Moscow,2033-10-29T21:50,2033-10-29T22:20,4
Moscow,2033-10-29T22:20,2033-10-29T23:10,4
Saint Petersburg,2033-10-29T22:20,2033-10-29T22:40,4
Saint Petersburg,2033-10-29T22:40,2033-10-29T23:10,4
Moscow,2033-10-29T23:10,2033-10-29T23:50,4
Saint Petersburg,2033-10-29T23:10,2033-10-29T23:50,4
Moscow,2033-10-29T23:50,2033-10-30T00:20,4
Saint Petersburg,2033-10-29T23:50,2033-10-30T00:50,4
Moscow,2033-10-30T00:20,2033-10-30T00:50,4
Moscow,2033-10-30T00:50,2033-10-30T01:40,4
Saint Petersburg,2033-10-30T00:50,2033-10-30T01:10,4
Saint Petersburg,2033-10-30T01:10,2033-10-30T01:40,4
Moscow,2033-10-30T01:40,2033-10-30T02:20,4
Saint Petersburg,2033-10-30T01:40,2033-10-30T02:10,3
Saint Petersburg,2033-10-30T02:10,2033-10-30T02:20,4
Moscow,2033-10-30T02:20,2033-10-30T02:50,4
Saint Petersburg,2033-10-30T02:20,2033-10-30T03:20,3
Moscow,2033-10-30T02:50,2033-10-30T03:20,3
Moscow,2033-10-30T03:20,2033-10-30T04:10,2
Saint Petersburg,2033-10-30T03:20,2033-10-30T03:40,3
Saint Petersburg,2033-10-30T03:40,2033-10-30T04:40,2
Moscow,2033-10-30T04:10,2033-10-30T04:50,1
Saint Petersburg,2033-10-30T04:40,2033-10-30T05:50,1
Moscow,2033-10-30T08:10,2033-10-30T08:35,1
Saint Petersburg,2033-10-30T08:10,2033-10-30T08:50,1
Moscow,2033-10-30T08:35,2033-10-30T08:50,2
Moscow,2033-10-30T08:50,2033-10-30T09:20,3
Saint Petersburg,2033-10-30T08:50,2033-10-30T09:20,2
Moscow,2033-10-30T09:20,2033-10-30T10:40,4
Saint Petersburg,2033-10-30T09:20,2033-10-30T10:40,3
Moscow,2033-10-30T10:40,2033-10-30T11:05,3
Saint Petersburg,2033-10-30T10:40,2033-10-30T11:20,2
Moscow,2033-10-30T11:05,2033-10-30T11:20,2
Moscow,2033-10-30T11:20,2033-10-30T11:50,1
Saint Petersburg,2033-10-30T11:20,2033-10-30T11:50,1
Moscow,2033-10-31T20:50,2033-10-31T21:20,1
Moscow,2033-10-31T21:20,2033-10-31T21:50,2
Moscow,2033-10-31T21:50,2033-10-31T22:10,3
Saint Petersburg,2033-10-31T21:50,2033-10-31T22:10,1
Moscow,2033-10-31T22:10,2033-10-31T23:20,4
Saint Petersburg,2033-10-31T22:10,2033-10-31T22:50,2
Saint Petersburg,2033-10-31T22:50,2033-10-31T23:20,3
Moscow,2033-10-31T23:20,2033-10-31T23:50,4
Saint Petersburg,2033-10-31T23:20,2033-11-01T00:20,4
Moscow,2033-10-31T23:50,2033-11-01T00:20,4
Moscow,2033-11-01T00:20,2033-11-01T00:40,4
Saint Petersburg,2033-11-01T00:20,2033-11-01T00:35,3
Saint Petersburg,2033-11-01T00:35,2033-11-01T00:40,4
Moscow,2033-11-01T00:40,2033-11-01T01:50,4
Saint Petersburg,2033-11-01T00:40,2033-11-01T01:20,4
Saint Petersburg,2033-11-01T01:20,2033-11-01T01:50,4
Moscow,2033-11-01T01:50,2033-11-01T02:20,3
Saint Petersburg,2033-11-01T01:50,2033-11-01T03:05,3
Moscow,2033-11-01T02:20,2033-11-01T02:50,2
Moscow,2033-11-01T02:50,2033-11-01T03:10,1
Saint Petersburg,2033-11-01T03:05,2033-11-01T03:10,2
Saint Petersburg,2033-11-01T03:10,2033-11-01T03:50,1
Moscow,2033-11-01T08:10,2033-11-01T08:35,1
Saint Petersburg,2033-11-01T08:10,2033-11-01T08:35,1
Moscow,2033-11-01T08:35,2033-11-01T08:50,2
Saint Petersburg,2033-11-01T08:35,2033-11-01T08:50,2
Moscow,2033-11-01T08:50,2033-11-01T09:20,3
Saint Petersburg,2033-11-01T08:50,2033-11-01T09:20,3
Moscow,2033-11-01T09:20,2033-11-01T10:40,4
Saint Petersburg,2033-11-01T09:20,2033-11-01T10:40,4
Moscow,2033-11-01T10:40,2033-11-01T11:05,4
Saint Petersburg,2033-11-01T10:40,2033-11-01T11:05,4
Moscow,2033-11-01T11:05,2033-11-01T11:20,4
Saint Petersburg,2033-11-01T11:05,2033-11-01T11:20,4
Moscow,2033-11-01T11:20,2033-11-01T11:50,4
Saint Petersburg,2033-11-01T11:20,2033-11-01T11:50,4
Moscow,2033-11-01T11:50,2033-11-01T13:10,4
Saint Petersburg,2033-11-01T11:50,2033-11-01T13:10,4
Moscow,2033-11-01T13:10,2033-11-01T13:35,4
Saint Petersburg,2033-11-01T13:10,2033-11-01T13:35,4
Moscow,2033-11-01T13:35,2033-11-01T13:50,4
Saint Petersburg,2033-11-01T13:35,2033-11-01T13:50,4
Moscow,2033-11-01T13:50,2033-11-01T14:20,4
Saint Petersburg,2033-11-01T13:50,2033-11-01T14:20,4
Moscow,2033-11-01T14:20,2033-11-01T15:40,4
Saint Petersburg,2033-11-01T14:20,2033-11-01T15:40,3
Moscow,2033-11-01T15:40,2033-11-01T16:05,3
Saint Petersburg,2033-11-01T15:40,2033-11-01T16:05,2
Moscow,2033-11-01T16:05,2033-11-01T16:20,2
Saint Petersburg,2033-11-01T16:05,2033-11-01T16:20,1
Moscow,2033-11-01T16:20,2033-11-01T16:50,1
Moscow,2033-11-03T08:10,2033-11-03T08:35,1
Moscow,2033-11-03T08:35,2033-11-03T08:50,2
Moscow,2033-11-03T08:50,2033-11-03T09:20,3
Saint Petersburg,2033-11-03T08:50,2033-11-03T09:20,1
Moscow,2033-11-03T09:20,2033-11-03T10:40,4
Saint Petersburg,2033-11-03T09:20,2033-11-03T09:50,2
Saint Petersburg,2033-11-03T09:50,2033-11-03T10:35,3
Saint Petersburg,2033-11-03T10:35,2033-11-03T11:20,4
Moscow,2033-11-03T10:40,2033-11-03T11:05,4
Moscow,2033-11-03T11:05,2033-11-03T11:20,4
Moscow,2033-11-03T11:20,2033-11-03T11:50,4
Saint Petersburg,2033-11-03T11:20,2033-11-03T11:50,4
Moscow,2033-11-03T11:50,2033-11-03T13:10,4
Saint Petersburg,2033-11-03T11:50,2033-11-03T12:20,4
Saint Petersburg,2033-11-03T12:20,2033-11-03T13:05,4
Saint Petersburg,2033-11-03T13:05,2033-11-03T13:20,3
Moscow,2033-11-03T13:10,2033-11-03T13:35,4
Saint Petersburg,2033-11-03T13:20,2033-11-03T13:50,4
Moscow,2033-11-03T13:35,2033-11-03T13:50,4
Moscow,2033-11-03T13:50,2033-11-03T14:20,4
Saint Petersburg,2033-11-03T13:50,2033-11-03T14:10,3
Saint Petersburg,2033-11-03T14:10,2033-11-03T14:20,4
Moscow,2033-11-03T14:20,2033-11-03T15:40,4
Saint Petersburg,2033-11-03T14:20,2033-11-03T14:50,4
Saint Petersburg,2033-11-03T14:50,2033-11-03T15:50,4
Moscow,2033-11-03T15:40,2033-11-03T16:05,4
Saint Petersburg,2033-11-03T15:50,2033-11-03T16:40,4
Moscow,2033-11-03T16:05,2033-11-03T16:20,4
Moscow,2033-11-03T16:20,2033-11-03T16:50,4
Saint Petersburg,2033-11-03T16:40,2033-11-03T16:50,4
Moscow,2033-11-03T16:50,2033-11-03T18:10,4
Saint Petersburg,2033-11-03T16:50,2033-11-03T17:20,4
Saint Petersburg,2033-11-03T17:20,2033-11-03T18:20,4
Moscow,2033-11-03T18:10,2033-11-03T18:35,4
Saint Petersburg,2033-11-03T18:20,2033-11-03T19:10,4
Moscow,2033-11-03T18:35,2033-11-03T18:50,4
Moscow,2033-11-03T18:50,2033-11-03T19:20,4
Saint Petersburg,2033-11-03T19:10,2033-11-03T19:20,4
Moscow,2033-11-03T19:20,2033-11-03T20:40,4
Saint Petersburg,2033-11-03T19:20,2033-11-03T19:50,4
Saint Petersburg,2033-11-03T19:50,2033-11-03T20:50,4
Moscow,2033-11-03T20:40,2033-11-03T21:05,3
Saint Petersburg,2033-11-03T20:50,2033-11-03T21:40,3
Moscow,2033-11-03T21:05,2033-11-03T21:20,2
Moscow,2033-11-03T21:20,2033-11-03T21:50,1
Saint Petersburg,2033-11-03T21:40,2033-11-03T21:50,2
Saint Petersburg,2033-11-03T21:50,2033-11-03T22:20,1
Moscow,2033-11-05T11:20,2033-11-05T11:50,1
Moscow,2033-11-05T11:50,2033-11-05T12:10,2
Moscow,2033-11-05T12:10,2033-11-05T12:35,3
Saint Petersburg,2033-11-05T12:10,2033-11-05T12:35,1
Moscow,2033-11-05T12:35,2033-11-05T13:50,4
Saint Petersburg,2033-11-05T12:35,2033-11-05T12:50,2
Saint Petersburg,2033-11-05T12:50,2033-11-05T13:20,3
Saint Petersburg,2033-11-05T13:20,2033-11-05T14:40,4
Moscow,2033-11-05T13:50,2033-11-05T14:20,4
Moscow,2033-11-05T14:20,2033-11-05T14:40,4
Moscow,2033-11-05T14:40,2033-11-05T15:05,4
Saint Petersburg,2033-11-05T14:40,2033-11-05T15:05,4
Moscow,2033-11-05T15:05,2033-11-05T16:20,4
Saint Petersburg,2033-11-05T15:05,2033-11-05T15:20,4
Saint Petersburg,2033-11-05T15:20,2033-11-05T15:50,4
Saint Petersburg,2033-11-05T15:50,2033-11-05T17:10,4
Moscow,2033-11-05T16:20,2033-11-05T16:50,4
Moscow,2033-11-05T16:50,2033-11-05T17:10,4
Moscow,2033-11-05T17:10,2033-11-05T17:35,4
Saint Petersburg,2033-11-05T17:10,2033-11-05T17:35,4
Moscow,2033-11-05T17:35,2033-11-05T18:50,4
Saint Petersburg,2033-11-05T17:35,2033-11-05T17:50,4
Saint Petersburg,2033-11-05T17:50,2033-11-05T18:20,4
Saint Petersburg,2033-11-05T18:20,2033-11-05T19:40,4
Moscow,2033-11-05T18:50,2033-11-05T19:20,4
Moscow,2033-11-05T19:20,2033-11-05T19:40,4
Moscow,2033-11-05T19:40,2033-11-05T20:05,4
Saint Petersburg,2033-11-05T19:40,2033-11-05T20:05,4
Moscow,2033-11-05T20:05,2033-11-05T21:20,4
Saint Petersburg,2033-11-05T20:05,2033-11-05T20:20,4
Saint Petersburg,2033-11-05T20:20,2033-11-05T20:50,4
Saint Petersburg,2033-11-05T20:50,2033-11-05T22:10,4
Moscow,2033-11-05T21:20,2033-11-05T21:50,4
Moscow,2033-11-05T21:50,2033-11-05T22:10,4
Moscow,2033-11-05T22:10,2033-11-05T22:35,4
Saint Petersburg,2033-11-05T22:10,2033-11-05T22:35,4
Moscow,2033-11-05T22:35,2033-11-05T23:50,4
Saint Petersburg,2033-11-05T22:35,2033-11-05T22:50,4
Saint Petersburg,2033-11-05T22:50,2033-11-05T23:20,3
Saint Petersburg,2033-11-05T23:20,2033-11-06T00:40,3
Moscow,2033-11-05T23:50,2033-11-06T00:20,3
Moscow,2033-11-06T00:20,2033-11-06T00:40,2
Moscow,2033-11-06T00:40,2033-11-06T01:05,1
Saint Petersburg,2033-11-06T00:40,2033-11-06T01:05,2
Saint Petersburg,2033-11-06T01:05,2033-11-06T01:50,1
Moscow,2033-11-07T14:50,2033-11-07T15:20,1
Moscow,2033-11-07T15:20,2033-11-07T16:10,2
Saint Petersburg,2033-11-07T15:50,2033-11-07T16:10,1
Moscow,2033-11-07T16:10,2033-11-07T16:50,3
Saint Petersburg,2033-11-07T16:10,2033-11-07T17:20,2
Moscow,2033-11-07T16:50,2033-11-07T17:20,4
Moscow,2033-11-07T17:20,2033-11-07T17:50,4
Saint Petersburg,2033-11-07T17:20,2033-11-07T18:10,3
Moscow,2033-11-07T17:50,2033-11-07T18:10,3
Moscow,2033-11-07T18:10,2033-11-07T18:40,4
Saint Petersburg,2033-11-07T18:10,2033-11-07T18:20,4
Saint Petersburg,2033-11-07T18:20,2033-11-07T18:40,3
Moscow,2033-11-07T18:40,2033-11-07T18:50,3
Saint Petersburg,2033-11-07T18:40,2033-11-07T19:50,2
Moscow,2033-11-07T18:50,2033-11-07T19:20,4
Moscow,2033-11-07T19:20,2033-11-07T19:50,4
Moscow,2033-11-07T19:50,2033-11-07T20:40,4
Saint Petersburg,2033-11-07T19:50,2033-11-07T20:35,2
Saint Petersburg,2033-11-07T20:35,2033-11-07T20:40,3
Moscow,2033-11-07T20:40,2033-11-07T21:20,4
Saint Petersburg,2033-11-07T20:40,2033-11-07T20:50,2
Saint Petersburg,2033-11-07T20:50,2033-11-07T22:10,3
Moscow,2033-11-07T21:20,2033-11-07T21:50,4
Moscow,2033-11-07T21:50,2033-11-07T22:20,4
Saint Petersburg,2033-11-07T22:10,2033-11-07T22:20,4
Moscow,2033-11-07T22:20,2033-11-07T23:10,4
Saint Petersburg,2033-11-07T22:20,2033-11-07T22:50,3
Saint Petersburg,2033-11-07T22:50,2033-11-07T23:05,4
Saint Petersburg,2033-11-07T23:05,2033-11-07T23:20,4
Moscow,2033-11-07T23:10,2033-11-07T23:50,4
Saint Petersburg,2033-11-07T23:20,2033-11-08T00:40,4
Moscow,2033-11-07T23:50,2033-11-08T00:20,4
Moscow,2033-11-08T00:20,2033-11-08T00:50,4
Saint Petersburg,2033-11-08T00:40,2033-11-08T01:20,4
Moscow,2033-11-08T00:50,2033-11-08T01:40,4
Saint Petersburg,2033-11-08T01:20,2033-11-08T01:35,4
Saint Petersburg,2033-11-08T01:35,2033-11-08T01:50,4
Moscow,2033-11-08T01:40,2033-11-08T02:20,4
Saint Petersburg,2033-11-08T01:50,2033-11-08T03:10,4
Moscow,2033-11-08T02:20,2033-11-08T02:50,4
Moscow,2033-11-08T02:50,2033-11-08T03:20,3
Saint Petersburg,2033-11-08T03:10,2033-11-08T03:50,4
Moscow,2033-11-08T03:20,2033-11-08T04:10,2
Saint Petersburg,2033-11-08T03:50,2033-11-08T04:05,4
Saint Petersburg,2033-11-08T04:05,2033-11-08T04:20,4
Moscow,2033-11-08T04:10,2033-11-08T04:50,1
Saint Petersburg,2033-11-08T04:20,2033-11-08T05:40,3
Saint Petersburg,2033-11-08T05:40,2033-11-08T06:20,2
Saint Petersburg,2033-11-08T06:20,2033-11-08T06:35,1
Moscow,2033-11-08T08:10,2033-11-08T10:40,1
Saint Petersburg,2033-11-08T08:10,2033-11-08T10:40,1
Moscow,2033-11-09T19:50,2033-11-09T20:10,1
Moscow,2033-11-09T20:10,2033-11-09T20:50,2
Saint Petersburg,2033-11-09T20:35,2033-11-09T20:50,1
Moscow,2033-11-09T20:50,2033-11-09T21:20,3
Saint Petersburg,2033-11-09T20:50,2033-11-09T21:20,2
Moscow,2033-11-09T21:20,2033-11-09T22:20,4
Saint Petersburg,2033-11-09T21:20,2033-11-09T21:50,3
Saint Petersburg,2033-11-09T21:50,2033-11-09T23:05,4
Moscow,2033-11-09T22:20,2033-11-09T22:40,4
Moscow,2033-11-09T22:40,2033-11-09T23:20,4
Saint Petersburg,2033-11-09T23:05,2033-11-09T23:20,4
Moscow,2033-11-09T23:20,2033-11-09T23:50,4
Saint Petersburg,2033-11-09T23:20,2033-11-09T23:50,4
Moscow,2033-11-09T23:50,2033-11-10T00:50,4
Saint Petersburg,2033-11-09T23:50,2033-11-10T00:20,4
Saint Petersburg,2033-11-10T00:20,2033-11-10T01:35,4
Moscow,2033-11-10T00:50,2033-11-10T01:10,4
Moscow,2033-11-10T01:10,2033-11-10T01:50,4
Saint Petersburg,2033-11-10T01:35,2033-11-10T01:50,4
Moscow,2033-11-10T01:50,2033-11-10T02:20,3
Saint Petersburg,2033-11-10T01:50,2033-11-10T02:20,4
Moscow,2033-11-10T02:20,2033-11-10T03:20,2
Saint Petersburg,2033-11-10T02:20,2033-11-10T02:50,3
Saint Petersburg,2033-11-10T02:50,2033-11-10T04:05,2
Moscow,2033-11-10T03:20,2033-11-10T03:40,1
Saint Petersburg,2033-11-10T04:05,2033-11-10T04:20,1
Moscow,2033-11-10T08:10,2033-11-10T08:35,1
Saint Petersburg,2033-11-10T08:10,2033-11-10T08:50,1
Moscow,2033-11-10T08:35,2033-11-10T08:50,2
Moscow,2033-11-10T08:50,2033-11-10T09:20,3
Saint Petersburg,2033-11-10T08:50,2033-11-10T09:20,2
Moscow,2033-11-10T09:20,2033-11-10T10:40,4
Saint Petersburg,2033-11-10T09:20,2033-11-10T10:35,3
Saint Petersburg,2033-11-10T10:35,2033-11-10T10:40,4
Moscow,2033-11-10T10:40,2033-11-10T11:05,4
Saint Petersburg,2033-11-10T10:40,2033-11-10T11:20,4
Moscow,2033-11-10T11:05,2033-11-10T11:20,4
Moscow,2033-11-10T11:20,2033-11-10T11:50,4
Saint Petersburg,2033-11-10T11:20,2033-11-10T11:50,4
Moscow,2033-11-10T11:50,2033-11-10T13:10,4
Saint Petersburg,2033-11-10T11:50,2033-11-10T12:10,3
Saint Petersburg,2033-11-10T12:10,2033-11-10T13:05,4
Saint Petersburg,2033-11-10T13:05,2033-11-10T13:10,4
Moscow,2033-11-10T13:10,2033-11-10T13:35,4
Saint Petersburg,2033-11-10T13:10,2033-11-10T13:50,4
Moscow,2033-11-10T13:35,2033-11-10T13:50,3
Moscow,2033-11-10T13:50,2033-11-10T14:20,2
Saint Petersburg,2033-11-10T13:50,2033-11-10T14:40,3
Moscow,2033-11-10T14:20,2033-11-10T15:40,1
Saint Petersburg,2033-11-10T14:40,2033-11-10T15:35,2
Saint Petersburg,2033-11-10T15:35,2033-11-10T15:40,1
Moscow,2033-11-11T23:20,2033-11-11T23:50,1
Moscow,2033-11-11T23:50,2033-11-12T00:10,2
Saint Petersburg,2033-11-11T23:50,2033-11-12T00:10,1
Moscow,2033-11-12T00:10,2033-11-12T01:50,3
Saint Petersburg,2033-11-12T00:10,2033-11-12T02:20,2
Moscow,2033-11-12T01:50,2033-11-12T02:20,2
Moscow,2033-11-12T02:20,2033-11-12T02:40,1
Saint Petersburg,2033-11-12T02:20,2033-11-12T02:40,1
Moscow,2033-11-12T08:10,2033-11-12T08:35,1
Saint Petersburg,2033-11-12T08:10,2033-11-12T08:35,1
Moscow,2033-11-12T08:35,2033-11-12T08:50,2
Saint Petersburg,2033-11-12T08:35,2033-11-12T08:50,2
Moscow,2033-11-12T08:50,2033-11-12T09:20,3
Saint Petersburg,2033-11-12T08:50,2033-11-12T09:20,3
Moscow,2033-11-12T09:20,2033-11-12T10:40,4
Saint Petersburg,2033-11-12T09:20,2033-11-12T10:40,4
Moscow,2033-11-12T10:40,2033-11-12T11:05,4
Saint Petersburg,2033-11-12T10:40,2033-11-12T11:05,4
Moscow,2033-11-12T11:05,2033-11-12T11:20,4
Saint Petersburg,2033-11-12T11:05,2033-11-12T11:20,4
Moscow,2033-11-12T11:20,2033-11-12T11:50,4
Saint Petersburg,2033-11-12T11:20,2033-11-12T11:50,4
Moscow,2033-11-12T11:50,2033-11-12T13:10,4
Saint Petersburg,2033-11-12T11:50,2033-11-12T13:10,4
Moscow,2033-11-12T13:10,2033-11-12T13:35,4
Saint Petersburg,2033-11-12T13:10,2033-11-12T13:35,4
Moscow,2033-11-12T13:35,2033-11-12T13:50,4
Saint Petersburg,2033-11-12T13:35,2033-11-12T13:50,4
Moscow,2033-11-12T13:50,2033-11-12T14:20,4
Saint Petersburg,2033-11-12T13:50,2033-11-12T14:20,4
Moscow,2033-11-12T14:20,2033-11-12T15:40,4
Saint Petersburg,2033-11-12T14:20,2033-11-12T14:35,3
Saint Petersburg,2033-11-12T14:35,2033-11-12T15:40,4
Moscow,2033-11-12T15:40,2033-11-12T16:05,4
Saint Petersburg,2033-11-12T15:40,2033-11-12T15:50,3
Saint Petersburg,2033-11-12T15:50,2033-11-12T16:05,4
Moscow,2033-11-12T16:05,2033-11-12T16:20,4
Saint Petersburg,2033-11-12T16:05,2033-11-12T16:20,4
Moscow,2033-11-12T16:20,2033-11-12T16:50,4
Saint Petersburg,2033-11-12T16:20,2033-11-12T17:05,4
Moscow,2033-11-12T16:50,2033-11-12T18:10,4
Saint Petersburg,2033-11-12T17:05,2033-11-12T18:20,4
Moscow,2033-11-12T18:10,2033-11-12T18:35,4
Saint Petersburg,2033-11-12T18:20,2033-11-12T18:35,4
Moscow,2033-11-12T18:35,2033-11-12T18:50,3
Saint Petersburg,2033-11-12T18:35,2033-11-12T18:50,3
Moscow,2033-11-12T18:50,2033-11-12T19:20,2
Saint Petersburg,2033-11-12T18:50,2033-11-12T19:35,2
Moscow,2033-11-12T19:20,2033-11-12T20:40,1
Saint Petersburg,2033-11-12T19:35,2033-11-12T20:50,1
Moscow,2033-11-14T09:50,2033-11-14T10:10,1
Moscow,2033-11-14T10:10,2033-11-14T10:50,2
Moscow,2033-11-14T10:50,2033-11-14T11:20,3
Saint Petersburg,2033-11-14T10:50,2033-11-14T11:20,1
Moscow,2033-11-14T11:20,2033-11-14T12:20,4
Saint Petersburg,2033-11-14T11:20,2033-11-14T11:50,2
Saint Petersburg,2033-11-14T11:50,2033-11-14T12:10,3
Saint Petersburg,2033-11-14T12:10,2033-11-14T13:20,4
Moscow,2033-11-14T12:20,2033-11-14T12:40,4
Moscow,2033-11-14T12:40,2033-11-14T13:20,4
Moscow,2033-11-14T13:20,2033-11-14T13:50,4
Saint Petersburg,2033-11-14T13:20,2033-11-14T13:50,4
Moscow,2033-11-14T13:50,2033-11-14T14:50,4
Saint Petersburg,2033-11-14T13:50,2033-11-14T14:20,4
Saint Petersburg,2033-11-14T14:20,2033-11-14T14:40,4
Saint Petersburg,2033-11-14T14:40,2033-11-14T15:50,4
Moscow,2033-11-14T14:50,2033-11-14T15:10,4
Moscow,2033-11-14T15:10,2033-11-14T15:50,4
Moscow,2033-11-14T15:50,2033-11-14T16:20,4
Saint Petersburg,2033-11-14T15:50,2033-11-14T16:20,4
Moscow,2033-11-14T16:20,2033-11-14T17:20,4
Saint Petersburg,2033-11-14T16:20,2033-11-14T16:50,4
Saint Petersburg,2033-11-14T16:50,2033-11-14T17:10,4
Saint Petersburg,2033-11-14T17:10,2033-11-14T18:20,4
Moscow,2033-11-14T17:20,2033-11-14T17:40,4
Moscow,2033-11-14T17:40,2033-11-14T18:20,4
Moscow,2033-11-14T18:20,2033-11-14T18:50,4
Saint Petersburg,2033-11-14T18:20,2033-11-14T18:50,4
Moscow,2033-11-14T18:50,2033-11-14T19:50,4
Saint Petersburg,2033-11-14T18:50,2033-11-14T19:20,4
Saint Petersburg,2033-11-14T19:20,2033-11-14T19:40,4
Saint Petersburg,2033-11-14T19:40,2033-11-14T20:50,4
Moscow,2033-11-14T19:50,2033-11-14T20:10,4
Moscow,2033-11-14T20:10,2033-11-14T20:50,4
Moscow,2033-11-14T20:50,2033-11-14T21:20,4
Saint Petersburg,2033-11-14T20:50,2033-11-14T21:20,4
Moscow,2033-11-14T21:20,2033-11-14T22:20,4
Saint Petersburg,2033-11-14T21:20,2033-11-14T21:50,4
Saint Petersburg,2033-11-14T21:50,2033-11-14T22:10,4
Saint Petersburg,2033-11-14T22:10,2033-11-14T23:20,3
Moscow,2033-11-14T22:20,2033-11-14T22:40,3
Moscow,2033-11-14T22:40,2033-11-14T23:20,2
Moscow,2033-11-14T23:20,2033-11-14T23:50,1
Saint Petersburg,2033-11-14T23:20,2033-11-14T23:50,2
Saint Petersburg,2033-11-14T23:50,2033-11-15T00:20,1
Moscow,2033-11-16T13:20,2033-11-16T13:50,1
Moscow,2033-11-16T13:50,2033-11-16T14:10,2
Moscow,2033-11-16T14:10,2033-11-16T14:50,3
Saint Petersburg,2033-11-16T14:10,2033-11-16T14:50,1
Moscow,2033-11-16T14:50,2033-11-16T15:50,4
Saint Petersburg,2033-11-16T14:50,2033-11-16T15:20,2
Saint Petersburg,2033-11-16T15:20,2033-11-16T15:50,3
Moscow,2033-11-16T15:50,2033-11-16T16:20,4
Saint Petersburg,2033-11-16T15:50,2033-11-16T16:40,4
Moscow,2033-11-16T16:20,2033-11-16T16:40,4
Moscow,2033-11-16T16:40,2033-11-16T16:50,3
Saint Petersburg,2033-11-16T16:40,2033-11-16T16:50,3
Moscow,2033-11-16T16:50,2033-11-16T17:20,4
Saint Petersburg,2033-11-16T16:50,2033-11-16T17:20,4
Moscow,2033-11-16T17:20,2033-11-16T18:10,3
Saint Petersburg,2033-11-16T17:20,2033-11-16T17:50,4
Saint Petersburg,2033-11-16T17:50,2033-11-16T18:10,3
Moscow,2033-11-16T18:10,2033-11-16T18:20,4
Saint Petersburg,2033-11-16T18:10,2033-11-16T18:20,4
Moscow,2033-11-16T18:20,2033-11-16T18:50,3
Saint Petersburg,2033-11-16T18:20,2033-11-16T19:20,4
Moscow,2033-11-16T18:50,2033-11-16T19:20,3
Moscow,2033-11-16T19:20,2033-11-16T19:50,3
Saint Petersburg,2033-11-16T19:20,2033-11-16T19:50,4
Moscow,2033-11-16T19:50,2033-11-16T20:40,4
Saint Petersburg,2033-11-16T19:50,2033-11-16T20:40,4
Moscow,2033-11-16T20:40,2033-11-16T21:20,4
Saint Petersburg,2033-11-16T20:40,2033-11-16T20:50,4
Saint Petersburg,2033-11-16T20:50,2033-11-16T21:50,4
Moscow,2033-11-16T21:20,2033-11-16T21:50,4
Moscow,2033-11-16T21:50,2033-11-16T22:20,4
Saint Petersburg,2033-11-16T21:50,2033-11-16T22:20,4
Moscow,2033-11-16T22:20,2033-11-16T23:10,4
Saint Petersburg,2033-11-16T22:20,2033-11-16T23:10,4
Moscow,2033-11-16T23:10,2033-11-16T23:50,4
Saint Petersburg,2033-11-16T23:10,2033-11-16T23:20,4
Saint Petersburg,2033-11-16T23:20,2033-11-17T00:20,4
Moscow,2033-11-16T23:50,2033-11-17T00:20,4
Moscow,2033-11-17T00:20,2033-11-17T00:35,3
Saint Petersburg,2033-11-17T00:20,2033-11-17T00:50,4
Moscow,2033-11-17T00:35,2033-11-17T00:50,4
Moscow,2033-11-17T00:50,2033-11-17T01:40,4
Saint Petersburg,2033-11-17T00:50,2033-11-17T01:40,4
Moscow,2033-11-17T01:40,2033-11-17T02:20,4
Saint Petersburg,2033-11-17T01:40,2033-11-17T01:50,3
Saint Petersburg,2033-11-17T01:50,2033-11-17T02:10,2
Saint Petersburg,2033-11-17T02:10,2033-11-17T02:50,3
Moscow,2033-11-17T02:20,2033-11-17T03:05,3
Saint Petersburg,2033-11-17T02:50,2033-11-17T03:20,2
Moscow,2033-11-17T03:05,2033-11-17T03:20,2
Moscow,2033-11-17T03:20,2033-11-17T04:10,1
Saint Petersburg,2033-11-17T03:20,2033-11-17T04:40,1
Moscow,2033-11-18T18:10,2033-11-18T18:50,1
Moscow,2033-11-18T18:50,2033-11-18T19:20,2
Saint Petersburg,2033-11-18T18:50,2033-11-18T19:50,1
Moscow,2033-11-18T19:20,2033-11-18T19:50,3
Moscow,2033-11-18T19:50,2033-11-18T20:40,4
Saint Petersburg,2033-11-18T19:50,2033-11-18T20:10,2
Saint Petersburg,2033-11-18T20:10,2033-11-18T20:35,3
Saint Petersburg,2033-11-18T20:35,2033-11-18T21:20,4
Moscow,2033-11-18T20:40,2033-11-18T21:20,4
Moscow,2033-11-18T21:20,2033-11-18T21:50,4
Saint Petersburg,2033-11-18T21:20,2033-11-18T22:20,4
Moscow,2033-11-18T21:50,2033-11-18T22:20,4
Moscow,2033-11-18T22:20,2033-11-18T23:10,4
Saint Petersburg,2033-11-18T22:20,2033-11-18T22:40,4
Saint Petersburg,2033-11-18T22:40,2033-11-18T23:05,4
Saint Petersburg,2033-11-18T23:05,2033-11-18T23:50,4
Moscow,2033-11-18T23:10,2033-11-18T23:50,4
Moscow,2033-11-18T23:50,2033-11-19T00:20,4
Saint Petersburg,2033-11-18T23:50,2033-11-19T00:50,4
Moscow,2033-11-19T00:20,2033-11-19T00:50,4
Moscow,2033-11-19T00:50,2033-11-19T01:40,4
Saint Petersburg,2033-11-19T00:50,2033-11-19T01:10,4
Saint Petersburg,2033-11-19T01:10,2033-11-19T01:35,4
Saint Petersburg,2033-11-19T01:35,2033-11-19T02:20,4
Moscow,2033-11-19T01:40,2033-11-19T02:20,4
Moscow,2033-11-19T02:20,2033-11-19T02:50,4
Saint Petersburg,2033-11-19T02:20,2033-11-19T03:20,4
Moscow,2033-11-19T02:50,2033-11-19T03:20,3
Moscow,2033-11-19T03:20,2033-11-19T04:10,2
Saint Petersburg,2033-11-19T03:20,2033-11-19T03:40,3
Saint Petersburg,2033-11-19T03:40,2033-11-19T04:05,2
Saint Petersburg,2033-11-19T04:05,2033-11-19T04:50,1
Moscow,2033-11-19T04:10,2033-11-19T04:50,1
Moscow,2033-11-19T08:10,2033-11-19T08:35,1
Saint Petersburg,2033-11-19T08:10,2033-11-19T08:35,1
Moscow,2033-11-19T08:35,2033-11-19T08:50,2
Saint Petersburg,2033-11-19T08:35,2033-11-19T08:50,2
Moscow,2033-11-19T08:50,2033-11-19T09:20,3
Saint Petersburg,2033-11-19T08:50,2033-11-19T09:20,3
Moscow,2033-11-19T09:20,2033-11-19T10:40,4
Saint Petersburg,2033-11-19T09:20,2033-11-19T10:40,4
Moscow,2033-11-19T10:40,2033-11-19T11:05,4
Saint Petersburg,2033-11-19T10:40,2033-11-19T11:05,4
Moscow,2033-11-19T11:05,2033-11-19T11:20,4
Saint Petersburg,2033-11-19T11:05,2033-11-19T11:20,4
Moscow,2033-11-19T11:20,2033-11-19T11:50,3
Saint Petersburg,2033-11-19T11:20,2033-11-19T11:50,3
Moscow,2033-11-19T11:50,2033-11-19T13:10,2
Saint Petersburg,2033-11-19T11:50,2033-11-19T13:10,2
Moscow,2033-11-19T13:10,2033-11-19T13:35,1
Saint Petersburg,2033-11-19T13:10,2033-11-19T13:35,1
Moscow,2033-11-20T21:50,2033-11-20T22:10,1
Moscow,2033-11-20T22:10,2033-11-20T22:50,2
Saint Petersburg,2033-11-20T22:35,2033-11-20T23:50,1
Moscow,2033-11-20T22:50,2033-11-20T23:20,3
Moscow,2033-11-20T23:20,2033-11-21T00:20,4
Saint Petersburg,2033-11-20T23:50,2033-11-21T00:10,2
Saint Petersburg,2033-11-21T00:10,2033-11-21T00:50,3
Moscow,2033-11-21T00:20,2033-11-21T00:40,4
Moscow,2033-11-21T00:40,2033-11-21T01:20,4
Saint Petersburg,2033-11-21T00:50,2033-11-21T01:05,4
Saint Petersburg,2033-11-21T01:05,2033-11-21T01:20,3
Moscow,2033-11-21T01:20,2033-11-21T01:50,3
Saint Petersburg,2033-11-21T01:20,2033-11-21T02:20,4
Moscow,2033-11-21T01:50,2033-11-21T02:50,2
Saint Petersburg,2033-11-21T02:20,2033-11-21T02:40,3
Saint Petersburg,2033-11-21T02:40,2033-11-21T03:20,2
Moscow,2033-11-21T02:50,2033-11-21T03:10,1
Saint Petersburg,2033-11-21T03:20,2033-11-21T03:50,1
Moscow,2033-11-21T08:10,2033-11-21T08:35,1
Moscow,2033-11-21T08:35,2033-11-21T08:50,2
Saint Petersburg,2033-11-21T08:35,2033-11-21T08:50,1
Moscow,2033-11-21T08:50,2033-11-21T09:20,3
Saint Petersburg,2033-11-21T08:50,2033-11-21T09:20,2
Moscow,2033-11-21T09:20,2033-11-21T10:40,4
Saint Petersburg,2033-11-21T09:20,2033-11-21T10:10,3
Saint Petersburg,2033-11-21T10:10,2033-11-21T11:05,4
Moscow,2033-11-21T10:40,2033-11-21T11:05,4
Moscow,2033-11-21T11:05,2033-11-21T11:20,4
Saint Petersburg,2033-11-21T11:05,2033-11-21T11:20,4
Moscow,2033-11-21T11:20,2033-11-21T11:50,4
Saint Petersburg,2033-11-21T11:20,2033-11-21T11:50,4
Moscow,2033-11-21T11:50,2033-11-21T13:10,4
Saint Petersburg,2033-11-21T11:50,2033-11-21T12:40,4
Saint Petersburg,2033-11-21T12:40,2033-11-21T13:35,4
Moscow,2033-11-21T13:10,2033-11-21T13:35,4
Moscow,2033-11-21T13:35,2033-11-21T13:50,4
Saint Petersburg,2033-11-21T13:35,2033-11-21T13:50,4
Moscow,2033-11-21T13:50,2033-11-21T14:20,4
Saint Petersburg,2033-11-21T13:50,2033-11-21T14:20,4
Moscow,2033-11-21T14:20,2033-11-21T15:40,4
Saint Petersburg,2033-11-21T14:20,2033-11-21T15:10,4
Saint Petersburg,2033-11-21T15:10,2033-11-21T16:05,4
Moscow,2033-11-21T15:40,2033-11-21T16:05,4
Moscow,2033-11-21T16:05,2033-11-21T16:20,4
Saint Petersburg,2033-11-21T16:05,2033-11-21T16:20,4
Moscow,2033-11-21T16:20,2033-11-21T16:50,3
Saint Petersburg,2033-11-21T16:20,2033-11-21T16:50,4
Moscow,2033-11-21T16:50,2033-11-21T18:10,2
Saint Petersburg,2033-11-21T16:50,2033-11-21T17:40,3
Saint Petersburg,2033-11-21T17:40,2033-11-21T18:35,2
Moscow,2033-11-21T18:10,2033-11-21T18:35,1
Saint Petersburg,2033-11-21T18:35,2033-11-21T18:50,1
Moscow,2033-11-23T08:50,2033-11-23T09:20,1
Moscow,2033-11-23T09:20,2033-11-23T09:35,2
Saint Petersburg,2033-11-23T09:20,2033-11-23T09:50,1
Moscow,2033-11-23T09:35,2033-11-23T09:50,3
Moscow,2033-11-23T09:50,2033-11-23T11:20,4
Saint Petersburg,2033-11-23T09:50,2033-11-23T10:10,2
Saint Petersburg,2033-11-23T10:10,2033-11-23T11:50,3
Moscow,2033-11-23T11:20,2033-11-23T11:50,4
Moscow,2033-11-23T11:50,2033-11-23T12:05,4
Saint Petersburg,2033-11-23T11:50,2033-11-23T12:10,3
Moscow,2033-11-23T12:05,2033-11-23T12:20,4
Saint Petersburg,2033-11-23T12:10,2033-11-23T12:20,4
Moscow,2033-11-23T12:20,2033-11-23T13:50,4
Saint Petersburg,2033-11-23T12:20,2033-11-23T12:35,3
Saint Petersburg,2033-11-23T12:35,2033-11-23T12:40,4
Saint Petersburg,2033-11-23T12:40,2033-11-23T12:50,3
Saint Petersburg,2033-11-23T12:50,2033-11-23T14:20,4
Moscow,2033-11-23T13:50,2033-11-23T14:20,4
Moscow,2033-11-23T14:20,2033-11-23T14:35,4
Saint Petersburg,2033-11-23T14:20,2033-11-23T14:40,4
Moscow,2033-11-23T14:35,2033-11-23T14:50,4
Saint Petersburg,2033-11-23T14:40,2033-11-23T14:50,3
Moscow,2033-11-23T14:50,2033-11-23T16:20,4
Saint Petersburg,2033-11-23T14:50,2033-11-23T15:05,4
Saint Petersburg,2033-11-23T15:05,2033-11-23T15:20,4
Saint Petersburg,2033-11-23T15:20,2033-11-23T16:50,4
Moscow,2033-11-23T16:20,2033-11-23T16:50,4
Moscow,2033-11-23T16:50,2033-11-23T17:05,4
Saint Petersburg,2033-11-23T16:50,2033-11-23T17:20,4
Moscow,2033-11-23T17:05,2033-11-23T17:20,4
Moscow,2033-11-23T17:20,2033-11-23T18:50,4
Saint Petersburg,2033-11-23T17:20,2033-11-23T17:35,4
Saint Petersburg,2033-11-23T17:35,2033-11-23T17:50,4
Saint Petersburg,2033-11-23T17:50,2033-11-23T19:20,4
Moscow,2033-11-23T18:50,2033-11-23T19:20,4
Moscow,2033-11-23T19:20,2033-11-23T19:35,4
Saint Petersburg,2033-11-23T19:20,2033-11-23T19:50,4
Moscow,2033-11-23T19:35,2033-11-23T19:50,4
Moscow,2033-11-23T19:50,2033-11-23T21:20,4
Saint Petersburg,2033-11-23T19:50,2033-11-23T20:05,4
Saint Petersburg,2033-11-23T20:05,2033-11-23T20:20,4
Saint Petersburg,2033-11-23T20:20,2033-11-23T21:50,4
Moscow,2033-11-23T21:20,2033-11-23T21:50,3
Moscow,2033-11-23T21:50,2033-11-23T22:05,2
Saint Petersburg,2033-11-23T21:50,2033-11-23T22:20,3
Moscow,2033-11-23T22:05,2033-11-23T22:20,1
Saint Petersburg,2033-11-23T22:20,2033-11-23T22:35,2
Saint Petersburg,2033-11-23T22:35,2033-11-23T22:50,1
Moscow,2033-11-25T12:10,2033-11-25T12:35,1
Moscow,2033-11-25T12:35,2033-11-25T12:50,2
Moscow,2033-11-25T12:50,2033-11-25T13:20,3
Saint Petersburg,2033-11-25T12:50,2033-11-25T13:20,1
Moscow,2033-11-25T13:20,2033-11-25T14:40,4
Saint Petersburg,2033-11-25T13:20,2033-11-25T13:50,2
Saint Petersburg,2033-11-25T13:50,2033-11-25T14:10,3
Saint Petersburg,2033-11-25T14:10,2033-11-25T15:20,4
Moscow,2033-11-25T14:40,2033-11-25T15:05,4
Moscow,2033-11-25T15:05,2033-11-25T15:20,4
Moscow,2033-11-25T15:20,2033-11-25T15:50,4
Saint Petersburg,2033-11-25T15:20,2033-11-25T15:50,4
Moscow,2033-11-25T15:50,2033-11-25T17:10,4
Saint Petersburg,2033-11-25T15:50,2033-11-25T16:20,4
Saint Petersburg,2033-11-25T16:20,2033-11-25T16:40,4
Saint Petersburg,2033-11-25T16:40,2033-11-25T17:50,4
Moscow,2033-11-25T17:10,2033-11-25T17:35,4
Moscow,2033-11-25T17:35,2033-11-25T17:50,4
Moscow,2033-11-25T17:50,2033-11-25T18:20,4
Saint Petersburg,2033-11-25T17:50,2033-11-25T18:20,4
Moscow,2033-11-25T18:20,2033-11-25T19:40,4
Saint Petersburg,2033-11-25T18:20,2033-11-25T18:50,4
Saint Petersburg,2033-11-25T18:50,2033-11-25T19:10,4
Saint Petersburg,2033-11-25T19:10,2033-11-25T20:10,3
Moscow,2033-11-25T19:40,2033-11-25T20:05,4
Moscow,2033-11-25T20:05,2033-11-25T20:20,4
Saint Petersburg,2033-11-25T20:10,2033-11-25T20:20,4
Moscow,2033-11-25T20:20,2033-11-25T20:50,4
Saint Petersburg,2033-11-25T20:20,2033-11-25T20:50,4
Moscow,2033-11-25T20:50,2033-11-25T22:10,4
Saint Petersburg,2033-11-25T20:50,2033-11-25T21:20,4
Saint Petersburg,2033-11-25T21:20,2033-11-25T22:40,4
Moscow,2033-11-25T22:10,2033-11-25T22:35,4
Moscow,2033-11-25T22:35,2033-11-25T22:50,4
Saint Petersburg,2033-11-25T22:40,2033-11-25T22:50,4
Moscow,2033-11-25T22:50,2033-11-25T23:20,4
Saint Petersburg,2033-11-25T22:50,2033-11-25T23:20,4
Moscow,2033-11-25T23:20,2033-11-26T00:40,4
Saint Petersburg,2033-11-25T23:20,2033-11-25T23:50,4
Saint Petersburg,2033-11-25T23:50,2033-11-26T01:10,3
Moscow,2033-11-26T00:40,2033-11-26T01:05,3
Moscow,2033-11-26T01:05,2033-11-26T01:20,2
Saint Petersburg,2033-11-26T01:10,2033-11-26T01:20,2
Moscow,2033-11-26T01:20,2033-11-26T01:50,1
Saint Petersburg,2033-11-26T01:20,2033-11-26T01:50,1
Saint Petersburg,2033-11-26T01:50,2033-11-26T04:20,1
Moscow,2033-11-27T16:10,2033-11-27T16:50,1
Moscow,2033-11-27T16:50,2033-11-27T17:20,2
Moscow,2033-11-27T17:20,2033-11-27T18:10,3
Moscow,2033-11-27T18:10,2033-11-27T18:40,4
Saint Petersburg,2033-11-27T18:10,2033-11-27T18:50,1
Moscow,2033-11-27T18:40,2033-11-27T18:50,3
Moscow,2033-11-27T18:50,2033-11-27T19:20,4
Saint Petersburg,2033-11-27T18:50,2033-11-27T19:50,2
Moscow,2033-11-27T19:20,2033-11-27T19:50,4
Moscow,2033-11-27T19:50,2033-11-27T20:40,4
Saint Petersburg,2033-11-27T19:50,2033-11-27T20:35,3
Saint Petersburg,2033-11-27T20:35,2033-11-27T20:40,4
Moscow,2033-11-27T20:40,2033-11-27T21:20,4
Saint Petersburg,2033-11-27T20:40,2033-11-27T21:20,3
Moscow,2033-11-27T21:20,2033-11-27T21:50,4
Saint Petersburg,2033-11-27T21:20,2033-11-27T22:20,4
Moscow,2033-11-27T21:50,2033-11-27T22:20,4
Moscow,2033-11-27T22:20,2033-11-27T23:10,4
Saint Petersburg,2033-11-27T22:20,2033-11-27T22:50,3
Saint Petersburg,2033-11-27T22:50,2033-11-27T23:05,4
Saint Petersburg,2033-11-27T23:05,2033-11-27T23:50,4
Moscow,2033-11-27T23:10,2033-11-27T23:50,4
Moscow,2033-11-27T23:50,2033-11-28T00:20,4
Saint Petersburg,2033-11-27T23:50,2033-11-28T00:10,3
Saint Petersburg,2033-11-28T00:10,2033-11-28T01:20,4
Moscow,2033-11-28T00:20,2033-11-28T00:50,4
Moscow,2033-11-28T00:50,2033-11-28T01:40,4
Saint Petersburg,2033-11-28T01:20,2033-11-28T01:35,4
Saint Petersburg,2033-11-28T01:35,2033-11-28T02:20,4
Moscow,2033-11-28T01:40,2033-11-28T02:20,4
Moscow,2033-11-28T02:20,2033-11-28T02:50,4
Saint Petersburg,2033-11-28T02:20,2033-11-28T02:40,4
Saint Petersburg,2033-11-28T02:40,2033-11-28T02:50,3
Moscow,2033-11-28T02:50,2033-11-28T03:20,3
Saint Petersburg,2033-11-28T02:50,2033-11-28T03:50,4
Moscow,2033-11-28T03:20,2033-11-28T04:10,2
Saint Petersburg,2033-11-28T03:50,2033-11-28T04:05,4
Saint Petersburg,2033-11-28T04:05,2033-11-28T04:50,4
Moscow,2033-11-28T04:10,2033-11-28T04:50,1
Saint Petersburg,2033-11-28T04:50,2033-11-28T05:20,3
Saint Petersburg,2033-11-28T05:20,2033-11-28T06:20,2
Saint Petersburg,2033-11-28T06:20,2033-11-28T06:35,1
Moscow,2033-11-28T08:10,2033-11-28T08:35,1
Saint Petersburg,2033-11-28T08:10,2033-11-28T08:35,1
Moscow,2033-11-28T08:35,2033-11-28T08:50,2
Saint Petersburg,2033-11-28T08:35,2033-11-28T08:50,2
Moscow,2033-11-28T08:50,2033-11-28T10:40,3
Saint Petersburg,2033-11-28T08:50,2033-11-28T10:40,3
Moscow,2033-11-28T10:40,2033-11-28T11:05,2
Saint Petersburg,2033-11-28T10:40,2033-11-28T11:05,2
Moscow,2033-11-28T11:05,2033-11-28T11:20,1
Saint Petersburg,2033-11-28T11:05,2033-11-28T11:20,1
Moscow,2033-11-29T20:35,2033-11-29T20:50,1
Moscow,2033-11-29T20:50,2033-11-29T21:20,2
Moscow,2033-11-29T21:20,2033-11-29T21:50,3
Saint Petersburg,2033-11-29T21:20,2033-11-29T21:50,1
Moscow,2033-11-29T21:50,2033-11-29T23:05,4
Saint Petersburg,2033-11-29T21:50,2033-11-29T22:10,2
Saint Petersburg,2033-11-29T22:10,2033-11-29T22:35,3
Saint Petersburg,2033-11-29T22:35,2033-11-29T23:50,4
Moscow,2033-11-29T23:05,2033-11-29T23:20,4
Moscow,2033-11-29T23:20,2033-11-29T23:50,4
Moscow,2033-11-29T23:50,2033-11-30T00:20,4
Saint Petersburg,2033-11-29T23:50,2033-11-30T00:20,4
Moscow,2033-11-30T00:20,2033-11-30T01:35,4
Saint Petersburg,2033-11-30T00:20,2033-11-30T00:40,4
Saint Petersburg,2033-11-30T00:40,2033-11-30T01:05,4
Saint Petersburg,2033-11-30T01:05,2033-11-30T02:20,4
Moscow,2033-11-30T01:35,2033-11-30T01:50,4
Moscow,2033-11-30T01:50,2033-11-30T02:20,3
Moscow,2033-11-30T02:20,2033-11-30T02:50,2
Saint Petersburg,2033-11-30T02:20,2033-11-30T02:50,3
Moscow,2033-11-30T02:50,2033-11-30T04:05,1
Saint Petersburg,2033-11-30T02:50,2033-11-30T03:10,2
Saint Petersburg,2033-11-30T03:10,2033-11-30T03:35,1
Moscow,2033-11-30T08:10,2033-11-30T08:35,1
Saint Petersburg,2033-11-30T08:10,2033-11-30T08:35,1
Moscow,2033-11-30T08:35,2033-11-30T08:50,2
Saint Petersburg,2033-11-30T08:35,2033-11-30T08:50,2
Moscow,2033-11-30T08:50,2033-11-30T09:20,3
Saint Petersburg,2033-11-30T08:50,2033-11-30T09:20,3
Moscow,2033-11-30T09:20,2033-11-30T10:40,4
Saint Petersburg,2033-11-30T09:20,2033-11-30T10:40,4
Moscow,2033-11-30T10:40,2033-11-30T11:05,4
Saint Petersburg,2033-11-30T10:40,2033-11-30T11:05,4
Moscow,2033-11-30T11:05,2033-11-30T11:20,4
Saint Petersburg,2033-11-30T11:05,2033-11-30T11:20,4
Moscow,2033-11-30T11:20,2033-11-30T11:50,4
Saint Petersburg,2033-11-30T11:20,2033-11-30T11:50,4
Moscow,2033-11-30T11:50,2033-11-30T13:10,4
Saint Petersburg,2033-11-30T11:50,2033-11-30T13:10,4
Moscow,2033-11-30T13:10,2033-11-30T13:35,4
Saint Petersburg,2033-11-30T13:10,2033-11-30T13:20,3
Saint Petersburg,2033-11-30T13:20,2033-11-30T13:35,4
Moscow,2033-11-30T13:35,2033-11-30T13:50,4
Saint Petersburg,2033-11-30T13:35,2033-11-30T13:50,4
Moscow,2033-11-30T13:50,2033-11-30T14:20,4
Saint Petersburg,2033-11-30T13:50,2033-11-30T14:20,4
Moscow,2033-11-30T14:20,2033-11-30T15:40,3
Saint Petersburg,2033-11-30T14:20,2033-11-30T15:50,3
Moscow,2033-11-30T15:40,2033-11-30T16:05,2
Saint Petersburg,2033-11-30T15:50,2033-11-30T16:05,2
Moscow,2033-11-30T16:05,2033-11-30T16:20,1
Saint Petersburg,2033-11-30T16:05,2033-11-30T16:20,1
Moscow,2033-12-02T00:10,2033-12-02T02:40,1
Moscow,2033-12-02T08:10,2033-12-02T08:35,1
Saint Petersburg,2033-12-02T08:10,2033-12-02T08:35,1
Moscow,2033-12-02T08:35,2033-12-02T08:50,2
Saint Petersburg,2033-12-02T08:35,2033-12-02T08:50,2
Moscow,2033-12-02T08:50,2033-12-02T09:20,3
Saint Petersburg,2033-12-02T08:50,2033-12-02T09:20,3
Moscow,2033-12-02T09:20,2033-12-02T10:40,4
Saint Petersburg,2033-12-02T09:20,2033-12-02T10:40,4
Moscow,2033-12-02T10:40,2033-12-02T11:05,4
Saint Petersburg,2033-12-02T10:40,2033-12-02T11:05,4
Moscow,2033-12-02T11:05,2033-12-02T11:20,4
Saint Petersburg,2033-12-02T11:05,2033-12-02T11:20,4
Moscow,2033-12-02T11:20,2033-12-02T11:50,4
Saint Petersburg,2033-12-02T11:20,2033-12-02T11:50,4
Moscow,2033-12-02T11:50,2033-12-02T13:10,4
Saint Petersburg,2033-12-02T11:50,2033-12-02T13:10,4
Moscow,2033-12-02T13:10,2033-12-02T13:35,4
Saint Petersburg,2033-12-02T13:10,2033-12-02T13:35,4
Moscow,2033-12-02T13:35,2033-12-02T13:50,4
Saint Petersburg,2033-12-02T13:35,2033-12-02T13:50,4
Moscow,2033-12-02T13:50,2033-12-02T14:20,4
Saint Petersburg,2033-12-02T13:50,2033-12-02T14:20,4
Moscow,2033-12-02T14:20,2033-12-02T15:40,4
Saint Petersburg,2033-12-02T14:20,2033-12-02T15:40,4
Moscow,2033-12-02T15:40,2033-12-02T16:05,4
Saint Petersburg,2033-12-02T15:40,2033-12-02T16:05,4
Moscow,2033-12-02T16:05,2033-12-02T16:20,4
Saint Petersburg,2033-12-02T16:05,2033-12-02T16:20,4
Moscow,2033-12-02T16:20,2033-12-02T16:50,4
Saint Petersburg,2033-12-02T16:20,2033-12-02T16:50,4
Moscow,2033-12-02T16:50,2033-12-02T18:10,4
Saint Petersburg,2033-12-02T16:50,2033-12-02T18:10,4
Moscow,2033-12-02T18:10,2033-12-02T18:35,4
Saint Petersburg,2033-12-02T18:10,2033-12-02T18:35,4
Moscow,2033-12-02T18:35,2033-12-02T18:50,4
Saint Petersburg,2033-12-02T18:35,2033-12-02T18:50,4
Moscow,2033-12-02T18:50,2033-12-02T19:20,4
Saint Petersburg,2033-12-02T18:50,2033-12-02T19:20,4
Moscow,2033-12-02T19:20,2033-12-02T20:40,3
Saint Petersburg,2033-12-02T19:20,2033-12-02T20:40,3
Moscow,2033-12-02T20:40,2033-12-02T21:05,2
Saint Petersburg,2033-12-02T20:40,2033-12-02T21:05,2
Moscow,2033-12-02T21:05,2033-12-02T21:20,1
Saint Petersburg,2033-12-02T21:05,2033-12-02T21:20,1
Moscow,2033-12-04T10:50,2033-12-04T11:20,1
Moscow,2033-12-04T11:20,2033-12-04T11:50,2
Moscow,2033-12-04T11:50,2033-12-04T12:10,3
Saint Petersburg,2033-12-04T11:50,2033-12-04T12:10,1
Moscow,2033-12-04T12:10,2033-12-04T13:20,4
Saint Petersburg,2033-12-04T12:10,2033-12-04T12:35,2
Saint Petersburg,2033-12-04T12:35,2033-12-04T12:50,3
Saint Petersburg,2033-12-04T12:50,2033-12-04T14:20,4
Moscow,2033-12-04T13:20,2033-12-04T13:50,4
Moscow,2033-12-04T13:50,2033-12-04T14:20,4
Moscow,2033-12-04T14:20,2033-12-04T14:40,4
Saint Petersburg,2033-12-04T14:20,2033-12-04T14:40,4
Moscow,2033-12-04T14:40,2033-12-04T15:50,4
Saint Petersburg,2033-12-04T14:40,2033-12-04T15:05,4
Saint Petersburg,2033-12-04T15:05,2033-12-04T15:20,4
Saint Petersburg,2033-12-04T15:20,2033-12-04T16:50,4
Moscow,2033-12-04T15:50,2033-12-04T16:20,4
Moscow,2033-12-04T16:20,2033-12-04T16:50,4
Moscow,2033-12-04T16:50,2033-12-04T17:10,4
Saint Petersburg,2033-12-04T16:50,2033-12-04T17:10,4
Moscow,2033-12-04T17:10,2033-12-04T18:20,4
Saint Petersburg,2033-12-04T17:10,2033-12-04T17:35,4
Saint Petersburg,2033-12-04T17:35,2033-12-04T17:50,4
Saint Petersburg,2033-12-04T17:50,2033-12-04T19:20,4
Moscow,2033-12-04T18:20,2033-12-04T18:50,4
Moscow,2033-12-04T18:50,2033-12-04T19:20,4
Moscow,2033-12-04T19:20,2033-12-04T19:40,4
Saint Petersburg,2033-12-04T19:20,2033-12-04T19:40,4
Moscow,2033-12-04T19:40,2033-12-04T20:50,4
Saint Petersburg,2033-12-04T19:40,2033-12-04T20:05,4
Saint Petersburg,2033-12-04T20:05,2033-12-04T20:20,4
Saint Petersburg,2033-12-04T20:20,2033-12-04T21:50,4
Moscow,2033-12-04T20:50,2033-12-04T21:20,4
Moscow,2033-12-04T21:20,2033-12-04T21:50,4
Moscow,2033-12-04T21:50,2033-12-04T22:10,4
Saint Petersburg,2033-12-04T21:50,2033-12-04T22:10,4
Moscow,2033-12-04T22:10,2033-12-04T23:20,4
Saint Petersburg,2033-12-04T22:10,2033-12-04T22:35,4
Saint Petersburg,2033-12-04T22:35,2033-12-04T22:50,4
Saint Petersburg,2033-12-04T22:50,2033-12-05T00:20,3
Moscow,2033-12-04T23:20,2033-12-04T23:50,3
Moscow,2033-12-04T23:50,2033-12-05T00:20,2
Moscow,2033-12-05T00:20,2033-12-05T00:40,1
Saint Petersburg,2033-12-05T00:20,2033-12-05T00:40,2
Saint Petersburg,2033-12-05T00:40,2033-12-05T01:05,1
Moscow,2033-12-06T14:50,2033-12-06T15:20,1
Moscow,2033-12-06T15:20,2033-12-06T16:10,2
Saint Petersburg,2033-12-06T15:20,2033-12-06T15:50,1
Saint Petersburg,2033-12-06T15:50,2033-12-06T16:10,2
Moscow,2033-12-06T16:10,2033-12-06T16:50,3
Saint Petersburg,2033-12-06T16:10,2033-12-06T17:50,3
Moscow,2033-12-06T16:50,2033-12-06T17:20,4
Moscow,2033-12-06T17:20,2033-12-06T17:50,4
Moscow,2033-12-06T17:50,2033-12-06T18:10,3
Saint Petersburg,2033-12-06T17:50,2033-12-06T18:10,2
Moscow,2033-12-06T18:10,2033-12-06T18:40,4
Saint Petersburg,2033-12-06T18:10,2033-12-06T18:20,3
Saint Petersburg,2033-12-06T18:20,2033-12-06T18:40,2
Moscow,2033-12-06T18:40,2033-12-06T18:50,3
Saint Petersburg,2033-12-06T18:40,2033-12-06T18:50,1
Moscow,2033-12-06T18:50,2033-12-06T19:20,4
Saint Petersburg,2033-12-06T18:50,2033-12-06T19:20,3
Moscow,2033-12-06T19:20,2033-12-06T19:50,4
Saint Petersburg,2033-12-06T19:20,2033-12-06T20:40,4
Moscow,2033-12-06T19:50,2033-12-06T20:40,4
Moscow,2033-12-06T20:40,2033-12-06T21:20,4
Saint Petersburg,2033-12-06T20:40,2033-12-06T21:20,4
Moscow,2033-12-06T21:20,2033-12-06T21:50,4
Saint Petersburg,2033-12-06T21:20,2033-12-06T21:50,4
Moscow,2033-12-06T21:50,2033-12-06T22:20,4
Saint Petersburg,2033-12-06T21:50,2033-12-06T23:10,4
Moscow,2033-12-06T22:20,2033-12-06T23:10,4
Moscow,2033-12-06T23:10,2033-12-06T23:50,4
Saint Petersburg,2033-12-06T23:10,2033-12-06T23:50,4
Moscow,2033-12-06T23:50,2033-12-07T00:20,4
Saint Petersburg,2033-12-06T23:50,2033-12-07T00:20,4
Moscow,2033-12-07T00:20,2033-12-07T00:50,4
Saint Petersburg,2033-12-07T00:20,2033-12-07T01:40,4
Moscow,2033-12-07T00:50,2033-12-07T01:40,4
Moscow,2033-12-07T01:40,2033-12-07T02:20,4
Saint Petersburg,2033-12-07T01:40,2033-12-07T02:20,4
Moscow,2033-12-07T02:20,2033-12-07T02:50,4
Saint Petersburg,2033-12-07T02:20,2033-12-07T02:50,4
Moscow,2033-12-07T02:50,2033-12-07T03:20,3
Saint Petersburg,2033-12-07T02:50,2033-12-07T04:10,3
Moscow,2033-12-07T03:20,2033-12-07T04:10,2
Moscow,2033-12-07T04:10,2033-12-07T04:50,1
Saint Petersburg,2033-12-07T04:10,2033-12-07T04:50,2
Saint Petersburg,2033-12-07T08:10,2033-12-07T10:40,1
Moscow,2033-12-08T19:20,2033-12-08T19:50,1
Moscow,2033-12-08T19:50,2033-12-08T20:10,2
Moscow,2033-12-08T20:10,2033-12-08T20:35,3
Saint Petersburg,2033-12-08T20:10,2033-12-08T20:35,1
Moscow,2033-12-08T20:35,2033-12-08T21:50,4
Saint Petersburg,2033-12-08T20:35,2033-12-08T20:50,2
Saint Petersburg,2033-12-08T20:50,2033-12-08T21:20,3
Saint Petersburg,2033-12-08T21:20,2033-12-08T22:40,4
Moscow,2033-12-08T21:50,2033-12-08T22:20,4
Moscow,2033-12-08T22:20,2033-12-08T22:40,4
Moscow,2033-12-08T22:40,2033-12-08T23:05,4
Saint Petersburg,2033-12-08T22:40,2033-12-08T23:05,4
Moscow,2033-12-08T23:05,2033-12-09T00:20,4
Saint Petersburg,2033-12-08T23:05,2033-12-08T23:20,4
Saint Petersburg,2033-12-08T23:20,2033-12-08T23:50,4
Saint Petersburg,2033-12-08T23:50,2033-12-09T01:10,4
Moscow,2033-12-09T00:20,2033-12-09T00:50,4
Moscow,2033-12-09T00:50,2033-12-09T01:10,4
Moscow,2033-12-09T01:10,2033-12-09T01:35,4
Saint Petersburg,2033-12-09T01:10,2033-12-09T01:35,4
Moscow,2033-12-09T01:35,2033-12-09T02:50,4
Saint Petersburg,2033-12-09T01:35,2033-12-09T01:50,4
Saint Petersburg,2033-12-09T01:50,2033-12-09T02:20,4
Saint Petersburg,2033-12-09T02:20,2033-12-09T03:40,3
Moscow,2033-12-09T02:50,2033-12-09T03:20,3
Moscow,2033-12-09T03:20,2033-12-09T03:40,2
Moscow,2033-12-09T03:40,2033-12-09T04:05,1
Saint Petersburg,2033-12-09T03:40,2033-12-09T04:05,2
Saint Petersburg,2033-12-09T04:05,2033-12-09T04:20,1
Moscow,2033-12-09T08:10,2033-12-09T08:35,1
Saint Petersburg,2033-12-09T08:10,2033-12-09T08:35,1
Moscow,2033-12-09T08:35,2033-12-09T08:50,2
Saint Petersburg,2033-12-09T08:35,2033-12-09T08:50,2
Moscow,2033-12-09T08:50,2033-12-09T09:20,3
Saint Petersburg,2033-12-09T08:50,2033-12-09T09:20,3
Moscow,2033-12-09T09:20,2033-12-09T10:40,4
Saint Petersburg,2033-12-09T09:20,2033-12-09T10:40,4
Moscow,2033-12-09T10:40,2033-12-09T11:05,4
Saint Petersburg,2033-12-09T10:40,2033-12-09T11:05,4
Moscow,2033-12-09T11:05,2033-12-09T11:20,4
Saint Petersburg,2033-12-09T11:05,2033-12-09T11:20,4
Moscow,2033-12-09T11:20,2033-12-09T11:50,4
Saint Petersburg,2033-12-09T11:20,2033-12-09T11:50,4
Moscow,2033-12-09T11:50,2033-12-09T13:10,4
Saint Petersburg,2033-12-09T11:50,2033-12-09T12:50,3
Saint Petersburg,2033-12-09T12:50,2033-12-09T13:10,4
Moscow,2033-12-09T13:10,2033-12-09T13:35,3
Saint Petersburg,2033-12-09T13:10,2033-12-09T13:35,3
Moscow,2033-12-09T13:35,2033-12-09T13:50,2
Saint Petersburg,2033-12-09T13:35,2033-12-09T13:50,2
Moscow,2033-12-09T13:50,2033-12-09T14:20,1
Saint Petersburg,2033-12-09T13:50,2033-12-09T15:20,1
Moscow,2033-12-10T22:50,2033-12-10T23:20,1
Moscow,2033-12-10T23:20,2033-12-10T23:50,2
Saint Petersburg,2033-12-10T23:20,2033-12-11T01:50,1
Moscow,2033-12-10T23:50,2033-12-11T00:10,3
Moscow,2033-12-11T00:10,2033-12-11T01:20,4
Moscow,2033-12-11T01:20,2033-12-11T01:50,3
Moscow,2033-12-11T01:50,2033-12-11T02:20,2
Saint Petersburg,2033-12-11T01:50,2033-12-11T02:10,1
Saint Petersburg,2033-12-11T02:10,2033-12-11T04:20,2
Moscow,2033-12-11T02:20,2033-12-11T02:40,1
Saint Petersburg,2033-12-11T04:20,2033-12-11T04:40,1
Moscow,2033-12-11T08:10,2033-12-11T08:35,1
Saint Petersburg,2033-12-11T08:10,2033-12-11T08:35,1
Moscow,2033-12-11T08:35,2033-12-11T08:50,2
Saint Petersburg,2033-12-11T08:35,2033-12-11T09:20,2
Moscow,2033-12-11T08:50,2033-12-11T09:20,3
Moscow,2033-12-11T09:20,2033-12-11T10:40,4
Saint Petersburg,2033-12-11T09:20,2033-12-11T09:50,3
Saint Petersburg,2033-12-11T09:50,2033-12-11T10:40,4
Moscow,2033-12-11T10:40,2033-12-11T11:05,4
Saint Petersburg,2033-12-11T10:40,2033-12-11T10:50,3
Saint Petersburg,2033-12-11T10:50,2033-12-11T11:05,4
Moscow,2033-12-11T11:05,2033-12-11T11:20,4
Saint Petersburg,2033-12-11T11:05,2033-12-11T11:50,4
Moscow,2033-12-11T11:20,2033-12-11T11:50,4
Moscow,2033-12-11T11:50,2033-12-11T13:10,4
Saint Petersburg,2033-12-11T11:50,2033-12-11T12:20,4
Saint Petersburg,2033-12-11T12:20,2033-12-11T13:20,4
Moscow,2033-12-11T13:10,2033-12-11T13:35,4
Saint Petersburg,2033-12-11T13:20,2033-12-11T13:35,4
Moscow,2033-12-11T13:35,2033-12-11T13:50,4
Saint Petersburg,2033-12-11T13:35,2033-12-11T14:20,4
Moscow,2033-12-11T13:50,2033-12-11T14:20,4
Moscow,2033-12-11T14:20,2033-12-11T15:40,4
Saint Petersburg,2033-12-11T14:20,2033-12-11T14:50,4
Saint Petersburg,2033-12-11T14:50,2033-12-11T15:50,4
Moscow,2033-12-11T15:40,2033-12-11T16:05,4
Saint Petersburg,2033-12-11T15:50,2033-12-11T16:05,4
Moscow,2033-12-11T16:05,2033-12-11T16:20,4
Saint Petersburg,2033-12-11T16:05,2033-12-11T16:50,4
Moscow,2033-12-11T16:20,2033-12-11T16:50,4
Moscow,2033-12-11T16:50,2033-12-11T18:10,4
Saint Petersburg,2033-12-11T16:50,2033-12-11T17:20,4
Saint Petersburg,2033-12-11T17:20,2033-12-11T18:20,4
Moscow,2033-12-11T18:10,2033-12-11T18:35,3
Saint Petersburg,2033-12-11T18:20,2033-12-11T18:35,3
Moscow,2033-12-11T18:35,2033-12-11T18:50,2
Saint Petersburg,2033-12-11T18:35,2033-12-11T19:20,2
Moscow,2033-12-11T18:50,2033-12-11T19:20,1
Saint Petersburg,2033-12-11T19:20,2033-12-11T19:50,1
Moscow,2033-12-13T09:35,2033-12-13T09:50,1
Moscow,2033-12-13T09:50,2033-12-13T10:10,2
Moscow,2033-12-13T10:10,2033-12-13T10:50,3
Saint Petersburg,2033-12-13T10:10,2033-12-13T10:50,1
Moscow,2033-12-13T10:50,2033-12-13T12:05,4
Saint Petersburg,2033-12-13T10:50,2033-12-13T11:20,2
Saint Petersburg,2033-12-13T11:20,2033-12-13T11:50,3
Saint Petersburg,2033-12-13T11:50,2033-12-13T12:40,4
Moscow,2033-12-13T12:05,2033-12-13T12:20,4
Moscow,2033-12-13T12:20,2033-12-13T12:40,4
Moscow,2033-12-13T12:40,2033-12-13T13:20,4
Saint Petersburg,2033-12-13T12:40,2033-12-13T13:20,4
Moscow,2033-12-13T13:20,2033-12-13T14:35,4
Saint Petersburg,2033-12-13T13:20,2033-12-13T13:50,4
Saint Petersburg,2033-12-13T13:50,2033-12-13T14:20,4
Saint Petersburg,2033-12-13T14:20,2033-12-13T15:10,4
Moscow,2033-12-13T14:35,2033-12-13T14:50,4
Moscow,2033-12-13T14:50,2033-12-13T15:10,4
Moscow,2033-12-13T15:10,2033-12-13T15:50,4
Saint Petersburg,2033-12-13T15:10,2033-12-13T15:50,4
Moscow,2033-12-13T15:50,2033-12-13T17:05,4
Saint Petersburg,2033-12-13T15:50,2033-12-13T16:20,4
Saint Petersburg,2033-12-13T16:20,2033-12-13T16:50,4
Saint Petersburg,2033-12-13T16:50,2033-12-13T17:40,4
Moscow,2033-12-13T17:05,2033-12-13T17:20,4
Moscow,2033-12-13T17:20,2033-12-13T17:40,4
Moscow,2033-12-13T17:40,2033-12-13T18:20,4
Saint Petersburg,2033-12-13T17:40,2033-12-13T18:20,4
Moscow,2033-12-13T18:20,2033-12-13T19:35,4
Saint Petersburg,2033-12-13T18:20,2033-12-13T18:50,4
Saint Petersburg,2033-12-13T18:50,2033-12-13T19:20,4
Saint Petersburg,2033-12-13T19:20,2033-12-13T20:10,4
Moscow,2033-12-13T19:35,2033-12-13T19:50,4
Moscow,2033-12-13T19:50,2033-12-13T20:10,4
Moscow,2033-12-13T20:10,2033-12-13T20:50,4
Saint Petersburg,2033-12-13T20:10,2033-12-13T20:50,4
Moscow,2033-12-13T20:50,2033-12-13T22:05,4
Saint Petersburg,2033-12-13T20:50,2033-12-13T21:20,4
Saint Petersburg,2033-12-13T21:20,2033-12-13T21:50,3
Saint Petersburg,2033-12-13T21:50,2033-12-13T22:40,2
Moscow,2033-12-13T22:05,2033-12-13T22:20,3
Moscow,2033-12-13T22:20,2033-12-13T22:40,2
Moscow,2033-12-13T22:40,2033-12-13T23:20,1
Saint Petersburg,2033-12-13T22:40,2033-12-13T23:20,1
Saint Petersburg,2033-12-14T02:50,2033-12-14T05:20,1
Moscow,2033-12-15T12:50,2033-12-15T13:20,1
Moscow,2033-12-15T13:20,2033-12-15T13:50,2
Moscow,2033-12-15T13:50,2033-12-15T14:10,3
Saint Petersburg,2033-12-15T13:50,2033-12-15T14:10,1
Moscow,2033-12-15T14:10,2033-12-15T15:20,4
Saint Petersburg,2033-12-15T14:10,2033-12-15T14:50,2
Saint Petersburg,2033-12-15T14:50,2033-12-15T15:20,3
Moscow,2033-12-15T15:20,2033-12-15T15:50,4
Saint Petersburg,2033-12-15T15:20,2033-12-15T16:20,4
Moscow,2033-12-15T15:50,2033-12-15T16:20,4
Moscow,2033-12-15T16:20,2033-12-15T16:40,4
Saint Petersburg,2033-12-15T16:20,2033-12-15T16:40,4
Moscow,2033-12-15T16:40,2033-12-15T16:50,3
Saint Petersburg,2033-12-15T16:40,2033-12-15T17:20,4
Moscow,2033-12-15T16:50,2033-12-15T17:50,4
Saint Petersburg,2033-12-15T17:20,2033-12-15T17:50,4
Moscow,2033-12-15T17:50,2033-12-15T18:20,4
Saint Petersburg,2033-12-15T17:50,2033-12-15T18:10,3
Saint Petersburg,2033-12-15T18:10,2033-12-15T18:50,4
Moscow,2033-12-15T18:20,2033-12-15T18:50,4
Moscow,2033-12-15T18:50,2033-12-15T19:20,4
Saint Petersburg,2033-12-15T18:50,2033-12-15T19:10,4
Saint Petersburg,2033-12-15T19:10,2033-12-15T19:50,3
Moscow,2033-12-15T19:20,2033-12-15T20:20,4
Saint Petersburg,2033-12-15T19:50,2033-12-15T20:10,2
Saint Petersburg,2033-12-15T20:10,2033-12-15T20:35,3
Moscow,2033-12-15T20:20,2033-12-15T20:50,4
Saint Petersburg,2033-12-15T20:35,2033-12-15T20:40,4
Saint Petersburg,2033-12-15T20:40,2033-12-15T20:50,3
Moscow,2033-12-15T20:50,2033-12-15T21:20,4
Saint Petersburg,2033-12-15T20:50,2033-12-15T21:20,4
Moscow,2033-12-15T21:20,2033-12-15T21:50,4
Saint Petersburg,2033-12-15T21:20,2033-12-15T21:50,3
Moscow,2033-12-15T21:50,2033-12-15T22:50,4
Saint Petersburg,2033-12-15T21:50,2033-12-15T22:40,4
Saint Petersburg,2033-12-15T22:40,2033-12-15T23:05,4
Moscow,2033-12-15T22:50,2033-12-15T23:20,4
Saint Petersburg,2033-12-15T23:05,2033-12-15T23:20,4
Moscow,2033-12-15T23:20,2033-12-15T23:50,4
Saint Petersburg,2033-12-15T23:20,2033-12-16T00:20,4
Moscow,2033-12-15T23:50,2033-12-16T00:20,4
Moscow,2033-12-16T00:20,2033-12-16T01:20,4
Saint Petersburg,2033-12-16T00:20,2033-12-16T01:10,4
Saint Petersburg,2033-12-16T01:10,2033-12-16T01:35,3
Moscow,2033-12-16T01:20,2033-12-16T01:50,3
Saint Petersburg,2033-12-16T01:35,2033-12-16T01:50,2
Moscow,2033-12-16T01:50,2033-12-16T02:20,2
Saint Petersburg,2033-12-16T01:50,2033-12-16T02:35,1
Moscow,2033-12-16T02:20,2033-12-16T02:50,1
Saint Petersburg,2033-12-16T02:35,2033-12-16T02:50,2
Saint Petersburg,2033-12-16T02:50,2033-12-16T05:05,2
Saint Petersburg,2033-12-16T05:05,2033-12-16T05:20,1
Moscow,2033-12-17T17:20,2033-12-17T18:10,1
Moscow,2033-12-17T18:10,2033-12-17T18:50,2
Saint Petersburg,2033-12-17T18:10,2033-12-17T18:50,1
Moscow,2033-12-17T18:50,2033-12-17T19:20,3
Saint Petersburg,2033-12-17T18:50,2033-12-17T19:50,2
Moscow,2033-12-17T19:20,2033-12-17T19:50,4
Moscow,2033-12-17T19:50,2033-12-17T20:40,4
Saint Petersburg,2033-12-17T19:50,2033-12-17T20:10,3
Saint Petersburg,2033-12-17T20:10,2033-12-17T20:40,4
Moscow,2033-12-17T20:40,2033-12-17T21:20,4
Saint Petersburg,2033-12-17T20:40,2033-12-17T21:20,4
Moscow,2033-12-17T21:20,2033-12-17T21:50,4
Saint Petersburg,2033-12-17T21:20,2033-12-17T22:20,4
Moscow,2033-12-17T21:50,2033-12-17T22:20,4
Moscow,2033-12-17T22:20,2033-12-17T23:10,4
Saint Petersburg,2033-12-17T22:20,2033-12-17T22:40,4
Saint Petersburg,2033-12-17T22:40,2033-12-17T23:10,4
Moscow,2033-12-17T23:10,2033-12-17T23:50,4
Saint Petersburg,2033-12-17T23:10,2033-12-17T23:50,4
Moscow,2033-12-17T23:50,2033-12-18T00:20,4
Saint Petersburg,2033-12-17T23:50,2033-12-18T00:50,4
Moscow,2033-12-18T00:20,2033-12-18T00:50,4
Moscow,2033-12-18T00:50,2033-12-18T01:40,4
Saint Petersburg,2033-12-18T00:50,2033-12-18T01:10,4
Saint Petersburg,2033-12-18T01:10,2033-12-18T01:40,4
Moscow,2033-12-18T01:40,2033-12-18T02:20,4
Saint Petersburg,2033-12-18T01:40,2033-12-18T02:20,4
Moscow,2033-12-18T02:20,2033-12-18T02:50,4
Saint Petersburg,2033-12-18T02:20,2033-12-18T03:20,4
Moscow,2033-12-18T02:50,2033-12-18T03:20,3
Moscow,2033-12-18T03:20,2033-12-18T04:10,2
Saint Petersburg,2033-12-18T03:20,2033-12-18T03:40,3
Saint Petersburg,2033-12-18T03:40,2033-12-18T04:10,2
Moscow,2033-12-18T04:10,2033-12-18T04:50,1
Saint Petersburg,2033-12-18T04:10,2033-12-18T04:50,1
Moscow,2033-12-18T08:10,2033-12-18T08:35,1
Saint Petersburg,2033-12-18T08:10,2033-12-18T08:35,1
Moscow,2033-12-18T08:35,2033-12-18T08:50,2
Saint Petersburg,2033-12-18T08:35,2033-12-18T08:50,2
Moscow,2033-12-18T08:50,2033-12-18T09:20,3
Saint Petersburg,2033-12-18T08:50,2033-12-18T09:20,3
Moscow,2033-12-18T09:20,2033-12-18T10:40,4
Saint Petersburg,2033-12-18T09:20,2033-12-18T10:40,4
Moscow,2033-12-18T10:40,2033-12-18T11:05,4
Saint Petersburg,2033-12-18T10:40,2033-12-18T11:05,4
Moscow,2033-12-18T11:05,2033-12-18T11:20,3
Saint Petersburg,2033-12-18T11:05,2033-12-18T11:20,3
Moscow,2033-12-18T11:20,2033-12-18T11:50,2
Saint Petersburg,2033-12-18T11:20,2033-12-18T11:50,2
Moscow,2033-12-18T11:50,2033-12-18T13:10,1
Saint Petersburg,2033-12-18T11:50,2033-12-18T13:10,1
Moscow,2033-12-19T21:20,2033-12-19T21:50,1
Moscow,2033-12-19T21:50,2033-12-19T22:10,2
Moscow,2033-12-19T22:10,2033-12-19T22:50,3
Saint Petersburg,2033-12-19T22:10,2033-12-19T22:35,1
Saint Petersburg,2033-12-19T22:35,2033-12-19T22:50,2
Moscow,2033-12-19T22:50,2033-12-19T23:50,4
Saint Petersburg,2033-12-19T22:50,2033-12-19T23:20,3
Saint Petersburg,2033-12-19T23:20,2033-12-20T00:40,4
Moscow,2033-12-19T23:50,2033-12-20T00:20,4
Moscow,2033-12-20T00:20,2033-12-20T00:40,4
Moscow,2033-12-20T00:40,2033-12-20T01:20,4
Saint Petersburg,2033-12-20T00:40,2033-12-20T01:05,4
Saint Petersburg,2033-12-20T01:05,2033-12-20T01:20,4
Moscow,2033-12-20T01:20,2033-12-20T02:20,3
Saint Petersburg,2033-12-20T01:20,2033-12-20T01:50,3
Saint Petersburg,2033-12-20T01:50,2033-12-20T03:10,2
Moscow,2033-12-20T02:20,2033-12-20T02:50,2
Moscow,2033-12-20T02:50,2033-12-20T03:10,1
Saint Petersburg,2033-12-20T03:10,2033-12-20T03:35,1
Moscow,2033-12-20T08:10,2033-12-20T08:35,1
Saint Petersburg,2033-12-20T08:10,2033-12-20T08:35,1
Moscow,2033-12-20T08:35,2033-12-20T08:50,2
Saint Petersburg,2033-12-20T08:35,2033-12-20T08:50,2
Moscow,2033-12-20T08:50,2033-12-20T09:20,3
Saint Petersburg,2033-12-20T08:50,2033-12-20T09:20,3
Moscow,2033-12-20T09:20,2033-12-20T10:40,4
Saint Petersburg,2033-12-20T09:20,2033-12-20T10:40,4
Moscow,2033-12-20T10:40,2033-12-20T11:05,4
Saint Petersburg,2033-12-20T10:40,2033-12-20T11:05,4
Moscow,2033-12-20T11:05,2033-12-20T11:20,4
Saint Petersburg,2033-12-20T11:05,2033-12-20T11:20,4
Moscow,2033-12-20T11:20,2033-12-20T11:50,4
Saint Petersburg,2033-12-20T11:20,2033-12-20T11:50,4
Moscow,2033-12-20T11:50,2033-12-20T13:10,4
Saint Petersburg,2033-12-20T11:50,2033-12-20T13:10,4
Moscow,2033-12-20T13:10,2033-12-20T13:35,4
Saint Petersburg,2033-12-20T13:10,2033-12-20T13:35,4
Moscow,2033-12-20T13:35,2033-12-20T13:50,4
Saint Petersburg,2033-12-20T13:35,2033-12-20T13:50,4
Moscow,2033-12-20T13:50,2033-12-20T14:20,4
Saint Petersburg,2033-12-20T13:50,2033-12-20T14:20,4
Moscow,2033-12-20T14:20,2033-12-20T15:40,4
Saint Petersburg,2033-12-20T14:20,2033-12-20T15:40,4
Moscow,2033-12-20T15:40,2033-12-20T16:05,4
Saint Petersburg,2033-12-20T15:40,2033-12-20T16:05,4
Moscow,2033-12-20T16:05,2033-12-20T16:20,3
Saint Petersburg,2033-12-20T16:05,2033-12-20T16:20,3
Moscow,2033-12-20T16:20,2033-12-20T16:50,2
Saint Petersburg,2033-12-20T16:20,2033-12-20T16:50,2
Moscow,2033-12-20T16:50,2033-12-20T18:10,1
Saint Petersburg,2033-12-20T16:50,2033-12-20T18:10,1
Moscow,2033-12-22T08:35,2033-12-22T08:50,1
Moscow,2033-12-22T08:50,2033-12-22T09:20,2
Saint Petersburg,2033-12-22T08:50,2033-12-22T09:20,1
Moscow,2033-12-22T09:20,2033-12-22T09:35,3
Saint Petersburg,2033-12-22T09:20,2033-12-22T09:50,2
Moscow,2033-12-22T09:35,2033-12-22T11:05,4
Saint Petersburg,2033-12-22T09:50,2033-12-22T10:10,3
Saint Petersburg,2033-12-22T10:10,2033-12-22T11:20,4
Moscow,2033-12-22T11:05,2033-12-22T11:20,4
Moscow,2033-12-22T11:20,2033-12-22T11:50,4
Saint Petersburg,2033-12-22T11:20,2033-12-22T11:50,4
Moscow,2033-12-22T11:50,2033-12-22T12:05,4
Saint Petersburg,2033-12-22T11:50,2033-12-22T12:20,4
Moscow,2033-12-22T12:05,2033-12-22T13:35,4
Saint Petersburg,2033-12-22T12:20,2033-12-22T12:40,4
Saint Petersburg,2033-12-22T12:40,2033-12-22T13:50,4
Moscow,2033-12-22T13:35,2033-12-22T13:50,4
Moscow,2033-12-22T13:50,2033-12-22T14:20,4
Saint Petersburg,2033-12-22T13:50,2033-12-22T14:20,4
Moscow,2033-12-22T14:20,2033-12-22T14:35,4
Saint Petersburg,2033-12-22T14:20,2033-12-22T14:50,4
Moscow,2033-12-22T14:35,2033-12-22T16:05,4
Saint Petersburg,2033-12-22T14:50,2033-12-22T15:10,4
Saint Petersburg,2033-12-22T15:10,2033-12-22T16:20,4
Moscow,2033-12-22T16:05,2033-12-22T16:20,4
Moscow,2033-12-22T16:20,2033-12-22T16:50,4
Saint Petersburg,2033-12-22T16:20,2033-12-22T16:50,4
Moscow,2033-12-22T16:50,2033-12-22T17:05,4
Saint Petersburg,2033-12-22T16:50,2033-12-22T17:20,4
Moscow,2033-12-22T17:05,2033-12-22T18:35,4
Saint Petersburg,2033-12-22T17:20,2033-12-22T17:40,4
Saint Petersburg,2033-12-22T17:40,2033-12-22T18:50,4
Moscow,2033-12-22T18:35,2033-12-22T18:50,4
Moscow,2033-12-22T18:50,2033-12-22T19:20,4
Saint Petersburg,2033-12-22T18:50,2033-12-22T19:20,4
Moscow,2033-12-22T19:20,2033-12-22T19:35,4
Saint Petersburg,2033-12-22T19:20,2033-12-22T19:50,4
Moscow,2033-12-22T19:35,2033-12-22T21:05,4
Saint Petersburg,2033-12-22T19:50,2033-12-22T20:10,4
Saint Petersburg,2033-12-22T20:10,2033-12-22T21:20,3
Moscow,2033-12-22T21:05,2033-12-22T21:20,3
Moscow,2033-12-22T21:20,2033-12-22T21:50,2
Saint Petersburg,2033-12-22T21:20,2033-12-22T21:50,2
Moscow,2033-12-22T21:50,2033-12-22T22:05,1
Saint Petersburg,2033-12-22T21:50,2033-12-22T22:20,1
Moscow,2033-12-24T11:50,2033-12-24T12:10,1
Moscow,2033-12-24T12:10,2033-12-24T12:35,2
Moscow,2033-12-24T12:35,2033-12-24T12:50,3
Saint Petersburg,2033-12-24T12:35,2033-12-24T12:50,1
Moscow,2033-12-24T12:50,2033-12-24T14:20,4
Saint Petersburg,2033-12-24T12:50,2033-12-24T13:20,2
Saint Petersburg,2033-12-24T13:20,2033-12-24T13:50,3
Saint Petersburg,2033-12-24T13:50,2033-12-24T15:05,4
Moscow,2033-12-24T14:20,2033-12-24T14:40,4
Moscow,2033-12-24T14:40,2033-12-24T15:05,4
Moscow,2033-12-24T15:05,2033-12-24T15:20,4
Saint Petersburg,2033-12-24T15:05,2033-12-24T15:20,4
Moscow,2033-12-24T15:20,2033-12-24T16:50,4
Saint Petersburg,2033-12-24T15:20,2033-12-24T15:50,4
Saint Petersburg,2033-12-24T15:50,2033-12-24T16:20,4
Saint Petersburg,2033-12-24T16:20,2033-12-24T17:35,4
Moscow,2033-12-24T16:50,2033-12-24T17:10,4
Moscow,2033-12-24T17:10,2033-12-24T17:35,4
Moscow,2033-12-24T17:35,2033-12-24T17:50,4
Saint Petersburg,2033-12-24T17:35,2033-12-24T17:50,4
Moscow,2033-12-24T17:50,2033-12-24T19:20,4
Saint Petersburg,2033-12-24T17:50,2033-12-24T18:20,4
Saint Petersburg,2033-12-24T18:20,2033-12-24T18:50,4
Saint Petersburg,2033-12-24T18:50,2033-12-24T20:05,4
Moscow,2033-12-24T19:20,2033-12-24T19:40,4
Moscow,2033-12-24T19:40,2033-12-24T20:05,4
Moscow,2033-12-24T20:05,2033-12-24T20:20,4
Saint Petersburg,2033-12-24T20:05,2033-12-24T20:20,4
Moscow,2033-12-24T20:20,2033-12-24T21:50,4
Saint Petersburg,2033-12-24T20:20,2033-12-24T20:50,4
Saint Petersburg,2033-12-24T20:50,2033-12-24T21:20,4
Saint Petersburg,2033-12-24T21:20,2033-12-24T22:35,4
Moscow,2033-12-24T21:50,2033-12-24T22:10,4
Moscow,2033-12-24T22:10,2033-12-24T22:35,4
Moscow,2033-12-24T22:35,2033-12-24T22:50,4
Saint Petersburg,2033-12-24T22:35,2033-12-24T22:50,4
Moscow,2033-12-24T22:50,2033-12-25T00:20,4
Saint Petersburg,2033-12-24T22:50,2033-12-24T23:20,4
Saint Petersburg,2033-12-24T23:20,2033-12-24T23:50,3
Saint Petersburg,2033-12-24T23:50,2033-12-25T01:05,2
Moscow,2033-12-25T00:20,2033-12-25T00:40,3
Moscow,2033-12-25T00:40,2033-12-25T01:05,2
Moscow,2033-12-25T01:05,2033-12-25T01:20,1
Saint Petersburg,2033-12-25T01:05,2033-12-25T01:20,1
Saint Petersburg,2033-12-25T01:50,2033-12-25T04:20,1
Moscow,2033-12-26T15:20,2033-12-26T16:10,1
Moscow,2033-12-26T16:10,2033-12-26T16:50,2
Saint Petersburg,2033-12-26T16:10,2033-12-26T16:50,1
Moscow,2033-12-26T16:50,2033-12-26T17:20,3
Saint Petersburg,2033-12-26T16:50,2033-12-26T17:20,2
Moscow,2033-12-26T17:20,2033-12-26T17:50,4
Saint Petersburg,2033-12-26T17:20,2033-12-26T18:40,3
Moscow,2033-12-26T17:50,2033-12-26T18:10,3
Moscow,2033-12-26T18:10,2033-12-26T18:40,4
Moscow,2033-12-26T18:40,2033-12-26T18:50,3
Saint Petersburg,2033-12-26T18:40,2033-12-26T19:20,2
Moscow,2033-12-26T18:50,2033-12-26T19:20,4
Moscow,2033-12-26T19:20,2033-12-26T19:50,4
Saint Petersburg,2033-12-26T19:20,2033-12-26T19:50,1
Moscow,2033-12-26T19:50,2033-12-26T20:40,4
Saint Petersburg,2033-12-26T19:50,2033-12-26T20:10,1
Saint Petersburg,2033-12-26T20:10,2033-12-26T20:50,3
Moscow,2033-12-26T20:40,2033-12-26T21:20,4
Saint Petersburg,2033-12-26T20:50,2033-12-26T22:20,4
Moscow,2033-12-26T21:20,2033-12-26T21:50,4
Moscow,2033-12-26T21:50,2033-12-26T22:20,4
Moscow,2033-12-26T22:20,2033-12-26T23:10,4
Saint Petersburg,2033-12-26T22:20,2033-12-26T22:40,4
Saint Petersburg,2033-12-26T22:40,2033-12-26T23:20,4
Moscow,2033-12-26T23:10,2033-12-26T23:50,4
Saint Petersburg,2033-12-26T23:20,2033-12-27T00:50,4
Moscow,2033-12-26T23:50,2033-12-27T00:20,4
Moscow,2033-12-27T00:20,2033-12-27T00:50,4
Moscow,2033-12-27T00:50,2033-12-27T01:40,4
Saint Petersburg,2033-12-27T00:50,2033-12-27T01:10,4
Saint Petersburg,2033-12-27T01:10,2033-12-27T01:50,4
Moscow,2033-12-27T01:40,2033-12-27T02:20,4
Saint Petersburg,2033-12-27T01:50,2033-12-27T03:20,4
Moscow,2033-12-27T02:20,2033-12-27T02:50,4
Moscow,2033-12-27T02:50,2033-12-27T03:20,3
Moscow,2033-12-27T03:20,2033-12-27T04:10,2
Saint Petersburg,2033-12-27T03:20,2033-12-27T03:40,4
Saint Petersburg,2033-12-27T03:40,2033-12-27T04:20,3
Moscow,2033-12-27T04:10,2033-12-27T04:50,1
Saint Petersburg,2033-12-27T04:20,2033-12-27T05:50,2
Saint Petersburg,2033-12-27T05:50,2033-12-27T06:10,1
Moscow,2033-12-27T08:10,2033-12-27T08:35,1
Saint Petersburg,2033-12-27T08:10,2033-12-27T08:35,1
Moscow,2033-12-27T08:35,2033-12-27T10:40,2
Saint Petersburg,2033-12-27T08:35,2033-12-27T10:40,2
Moscow,2033-12-27T10:40,2033-12-27T11:05,1
Saint Petersburg,2033-12-27T10:40,2033-12-27T11:05,1
Moscow,2033-12-28T20:10,2033-12-28T20:35,1
Moscow,2033-12-28T20:35,2033-12-28T20:50,2
Moscow,2033-12-28T20:50,2033-12-28T21:20,3
Saint Petersburg,2033-12-28T20:50,2033-12-28T21:20,1
Moscow,2033-12-28T21:20,2033-12-28T22:40,4
Saint Petersburg,2033-12-28T21:20,2033-12-28T21:50,2
Saint Petersburg,2033-12-28T21:50,2033-12-28T22:10,3
Saint Petersburg,2033-12-28T22:10,2033-12-28T23:20,4
Moscow,2033-12-28T22:40,2033-12-28T23:05,4
Moscow,2033-12-28T23:05,2033-12-28T23:20,4
Moscow,2033-12-28T23:20,2033-12-28T23:50,4
Saint Petersburg,2033-12-28T23:20,2033-12-28T23:50,4
Moscow,2033-12-28T23:50,2033-12-29T01:10,4
Saint Petersburg,2033-12-28T23:50,2033-12-29T00:20,4
Saint Petersburg,2033-12-29T00:20,2033-12-29T00:40,4
Saint Petersburg,2033-12-29T00:40,2033-12-29T01:50,4
Moscow,2033-12-29T01:10,2033-12-29T01:35,4
Moscow,2033-12-29T01:35,2033-12-29T01:50,4
Moscow,2033-12-29T01:50,2033-12-29T02:20,3
Saint Petersburg,2033-12-29T01:50,2033-12-29T02:20,4
Moscow,2033-12-29T02:20,2033-12-29T03:40,2
Saint Petersburg,2033-12-29T02:20,2033-12-29T02:50,3
Saint Petersburg,2033-12-29T02:50,2033-12-29T03:10,2
Saint Petersburg,2033-12-29T03:10,2033-12-29T04:20,1
Moscow,2033-12-29T03:40,2033-12-29T04:05,1
Moscow,2033-12-29T08:10,2033-12-29T08:35,1
Saint Petersburg,2033-12-29T08:10,2033-12-29T08:35,1
Moscow,2033-12-29T08:35,2033-12-29T08:50,2
Saint Petersburg,2033-12-29T08:35,2033-12-29T09:20,2
Moscow,2033-12-29T08:50,2033-12-29T09:20,3
Moscow,2033-12-29T09:20,2033-12-29T10:40,4
Saint Petersburg,2033-12-29T09:20,2033-12-29T10:10,3
Saint Petersburg,2033-12-29T10:10,2033-12-29T10:40,4
Moscow,2033-12-29T10:40,2033-12-29T11:05,4
Saint Petersburg,2033-12-29T10:40,2033-12-29T10:50,3
Saint Petersburg,2033-12-29T10:50,2033-12-29T11:05,4
Moscow,2033-12-29T11:05,2033-12-29T11:20,4
Saint Petersburg,2033-12-29T11:05,2033-12-29T11:20,3
Moscow,2033-12-29T11:20,2033-12-29T11:50,4
Saint Petersburg,2033-12-29T11:20,2033-12-29T11:50,4
Moscow,2033-12-29T11:50,2033-12-29T13:10,4
Saint Petersburg,2033-12-29T11:50,2033-12-29T12:40,4
Saint Petersburg,2033-12-29T12:40,2033-12-29T12:50,3
Saint Petersburg,2033-12-29T12:50,2033-12-29T13:20,4
Moscow,2033-12-29T13:10,2033-12-29T13:35,4
Saint Petersburg,2033-12-29T13:20,2033-12-29T13:50,4
Moscow,2033-12-29T13:35,2033-12-29T13:50,4
Moscow,2033-12-29T13:50,2033-12-29T14:20,3
Saint Petersburg,2033-12-29T13:50,2033-12-29T14:20,4
Moscow,2033-12-29T14:20,2033-12-29T15:40,2
Saint Petersburg,2033-12-29T14:20,2033-12-29T15:20,3
Saint Petersburg,2033-12-29T15:20,2033-12-29T15:50,2
Moscow,2033-12-29T15:40,2033-12-29T16:05,1
Saint Petersburg,2033-12-29T15:50,2033-12-29T16:20,1
Moscow,2033-12-30T23:50,2033-12-31T00:10,1
Moscow,2033-12-31T00:10,2033-12-31T02:20,2
Saint Petersburg,2033-12-31T00:10,2033-12-31T02:40,1
Moscow,2033-12-31T02:20,2033-12-31T02:40,1
Moscow,2033-12-31T08:10,2033-12-31T08:35,1
Saint Petersburg,2033-12-31T08:10,2033-12-31T08:35,1
Moscow,2033-12-31T08:35,2033-12-31T09:20,2
Saint Petersburg,2033-12-31T08:35,2033-12-31T08:50,2
Saint Petersburg,2033-12-31T08:50,2033-12-31T09:20,3
Moscow,2033-12-31T09:20,2033-12-31T09:35,3
Saint Petersburg,2033-12-31T09:20,2033-12-31T10:40,4
Moscow,2033-12-31T09:35,2033-12-31T10:40,4
Moscow,2033-12-31T10:40,2033-12-31T11:05,4
Saint Petersburg,2033-12-31T10:40,2033-12-31T11:05,4
Moscow,2033-12-31T11:05,2033-12-31T11:50,4
Saint Petersburg,2033-12-31T11:05,2033-12-31T11:20,4
Saint Petersburg,2033-12-31T11:20,2033-12-31T11:50,4
Moscow,2033-12-31T11:50,2033-12-31T12:05,4
Saint Petersburg,2033-12-31T11:50,2033-12-31T13:10,4
Moscow,2033-12-31T12:05,2033-12-31T13:10,4
Moscow,2033-12-31T13:10,2033-12-31T13:35,4
Saint Petersburg,2033-12-31T13:10,2033-12-31T13:35,4
Moscow,2033-12-31T13:35,2033-12-31T14:20,4
Saint Petersburg,2033-12-31T13:35,2033-12-31T13:50,4
Saint Petersburg,2033-12-31T13:50,2033-12-31T14:20,4
Moscow,2033-12-31T14:20,2033-12-31T14:35,4
Saint Petersburg,2033-12-31T14:20,2033-12-31T15:40,4
Moscow,2033-12-31T14:35,2033-12-31T15:40,4
Moscow,2033-12-31T15:40,2033-12-31T16:05,4
Saint Petersburg,2033-12-31T15:40,2033-12-31T16:05,4
Moscow,2033-12-31T16:05,2033-12-31T16:50,4
Saint Petersburg,2033-12-31T16:05,2033-12-31T16:20,4
Saint Petersburg,2033-12-31T16:20,2033-12-31T16:50,4
Moscow,2033-12-31T16:50,2033-12-31T17:05,4
Saint Petersburg,2033-12-31T16:50,2033-12-31T18:10,4
Moscow,2033-12-31T17:05,2033-12-31T18:10,4
Moscow,2033-12-31T18:10,2033-12-31T18:35,4
Saint Petersburg,2033-12-31T18:10,2033-12-31T18:35,4
Moscow,2033-12-31T18:35,2033-12-31T19:20,3
Saint Petersburg,2033-12-31T18:35,2033-12-31T18:50,3
Saint Petersburg,2033-12-31T18:50,2033-12-31T19:20,3
Moscow,2033-12-31T19:20,2033-12-31T19:35,2
Saint Petersburg,2033-12-31T19:20,2033-12-31T20:40,2
Moscow,2033-12-31T19:35,2033-12-31T20:40,1
Saint Petersburg,2033-12-31T20:40,2033-12-31T21:20,1
Moscow,2034-01-02T10:10,2034-01-02T10:50,1
Moscow,2034-01-02T10:50,2034-01-02T11:20,2
Moscow,2034-01-02T11:20,2034-01-02T11:50,3
Saint Petersburg,2034-01-02T11:20,2034-01-02T11:50,1
Moscow,2034-01-02T11:50,2034-01-02T12:40,4
Saint Petersburg,2034-01-02T11:50,2034-01-02T12:10,2
Saint Petersburg,2034-01-02T12:10,2034-01-02T12:35,3
Saint Petersburg,2034-01-02T12:35,2034-01-02T13:50,4
Moscow,2034-01-02T12:40,2034-01-02T13:20,4
Moscow,2034-01-02T13:20,2034-01-02T13:50,4
Moscow,2034-01-02T13:50,2034-01-02T14:20,4
Saint Petersburg,2034-01-02T13:50,2034-01-02T14:20,4
Moscow,2034-01-02T14:20,2034-01-02T15:10,4
Saint Petersburg,2034-01-02T14:20,2034-01-02T14:40,4
Saint Petersburg,2034-01-02T14:40,2034-01-02T15:05,4
Saint Petersburg,2034-01-02T15:05,2034-01-02T16:20,4
Moscow,2034-01-02T15:10,2034-01-02T15:50,4
Moscow,2034-01-02T15:50,2034-01-02T16:20,4
Moscow,2034-01-02T16:20,2034-01-02T16:50,4
Saint Petersburg,2034-01-02T16:20,2034-01-02T16:50,4
Moscow,2034-01-02T16:50,2034-01-02T17:40,4
Saint Petersburg,2034-01-02T16:50,2034-01-02T17:10,4
Saint Petersburg,2034-01-02T17:10,2034-01-02T17:35,4
Saint Petersburg,2034-01-02T17:35,2034-01-02T18:50,4
Moscow,2034-01-02T17:40,2034-01-02T18:20,4
Moscow,2034-01-02T18:20,2034-01-02T18:50,4
Moscow,2034-01-02T18:50,2034-01-02T19:20,4
Saint Petersburg,2034-01-02T18:50,2034-01-02T19:20,4
Moscow,2034-01-02T19:20,2034-01-02T20:10,4
Saint Petersburg,2034-01-02T19:20,2034-01-02T19:40,4
Saint Petersburg,2034-01-02T19:40,2034-01-02T20:05,4
Saint Petersburg,2034-01-02T20:05,2034-01-02T21:20,4
Moscow,2034-01-02T20:10,2034-01-02T20:50,4
Moscow,2034-01-02T20:50,2034-01-02T21:20,4
Moscow,2034-01-02T21:20,2034-01-02T21:50,4
Saint Petersburg,2034-01-02T21:20,2034-01-02T21:50,4
Moscow,2034-01-02T21:50,2034-01-02T22:40,4
Saint Petersburg,2034-01-02T21:50,2034-01-02T22:10,4
Saint Petersburg,2034-01-02T22:10,2034-01-02T22:35,4
Saint Petersburg,2034-01-02T22:35,2034-01-02T23:50,3
Moscow,2034-01-02T22:40,2034-01-02T23:20,3
Moscow,2034-01-02T23:20,2034-01-02T23:50,2
Moscow,2034-01-02T23:50,2034-01-03T00:20,1
Saint Petersburg,2034-01-02T23:50,2034-01-03T00:20,2
Saint Petersburg,2034-01-03T00:20,2034-01-03T00:40,1
