start,end,trains_on_service,inspection_and_service_trains,revision_trains
2032-01-05T00:00,2032-01-05T04:00,4,4,0
2032-01-05T04:00,2032-01-05T08:10,1,1,0
2032-01-05T08:10,2032-01-05T10:00,2,2,0
2032-01-05T10:00,2032-01-05T10:10,1,1,0
2032-01-05T10:10,2032-01-05T11:50,2,2,0
2032-01-05T11:50,2032-01-05T12:10,3,3,0
2032-01-05T12:10,2032-01-05T12:35,2,2,0
2032-01-05T12:35,2032-01-05T13:50,3,3,0
2032-01-05T13:50,2032-01-05T14:10,4,4,0
2032-01-05T14:10,2032-01-05T15:20,4,4,0
2032-01-05T15:20,2032-01-05T15:50,5,5,0
2032-01-05T15:50,2032-01-05T16:35,4,4,0
2032-01-05T16:35,2032-01-05T17:20,3,3,0
2032-01-05T17:20,2032-01-05T17:50,2,2,0
2032-01-05T17:50,2032-01-05T18:10,1,1,0
2032-01-05T21:20,2032-01-05T22:10,1,1,0
2032-01-05T22:10,2032-01-05T23:20,2,2,0
2032-01-05T23:20,2032-01-06T00:10,3,3,0
2032-01-06T00:10,2032-01-06T01:20,2,2,0
2032-01-06T01:20,2032-01-06T07:20,1,1,0
2032-01-06T08:35,2032-01-06T10:10,1,1,0
2032-01-06T10:10,2032-01-06T10:35,2,2,0
2032-01-06T10:35,2032-01-06T12:10,1,1,0
2032-01-07T15:50,2032-01-07T19:50,1,1,0
2032-01-07T19:50,2032-01-07T21:50,2,2,0
2032-01-07T21:50,2032-01-08T01:50,1,1,0
2032-01-08T14:50,2032-01-08T16:50,1,1,0
2032-01-08T16:50,2032-01-08T22:10,1,1,0
2032-01-08T22:10,2032-01-09T00:10,2,2,0
2032-01-09T00:10,2032-01-09T02:50,1,1,0
2032-01-09T08:10,2032-01-09T08:35,1,1,0
2032-01-09T08:35,2032-01-09T10:10,2,2,0
2032-01-09T10:10,2032-01-09T10:35,1,1,0
2032-01-09T17:20,2032-01-09T21:20,1,1,0
2032-01-10T12:10,2032-01-10T13:20,1,1,0
2032-01-10T13:20,2032-01-10T14:10,2,2,0
2032-01-10T14:10,2032-01-10T15:20,2,2,0
2032-01-10T15:20,2032-01-10T16:10,3,3,0
2032-01-10T16:10,2032-01-10T17:20,2,2,0
2032-01-10T17:20,2032-01-10T19:20,1,1,0
2032-01-10T23:20,2032-01-11T03:20,1,1,0
2032-01-11T09:20,2032-01-11T11:20,1,1,0
2032-01-11T18:50,2032-01-11T20:50,1,1,0
2032-01-11T20:50,2032-01-11T22:50,1,1,0
2032-01-12T10:10,2032-01-12T14:10,1,1,0
2032-01-12T15:50,2032-01-12T18:10,1,1,0
2032-01-12T18:10,2032-01-12T19:50,2,2,0
2032-01-12T19:50,2032-01-12T21:50,3,3,0
2032-01-12T21:50,2032-01-12T22:10,2,2,0
2032-01-12T22:10,2032-01-13T01:50,2,2,0
2032-01-13T01:50,2032-01-13T02:10,1,1,0
2032-01-13T09:50,2032-01-13T11:50,1,1,0
2032-01-13T14:10,2032-01-13T14:50,1,1,0
2032-01-13T14:50,2032-01-13T16:10,2,2,0
2032-01-13T16:10,2032-01-13T16:50,2,2,0
2032-01-13T16:50,2032-01-13T18:10,1,1,0
2032-01-13T18:50,2032-01-13T22:50,1,1,0
2032-01-15T10:50,2032-01-15T12:50,1,1,0
2032-01-15T12:50,2032-01-15T14:50,1,1,0
2032-01-15T14:50,2032-01-15T15:20,1,1,0
2032-01-15T15:20,2032-01-15T16:10,2,2,0
2032-01-15T16:10,2032-01-15T16:50,3,3,0
2032-01-15T16:50,2032-01-15T19:20,2,2,0
2032-01-15T19:20,2032-01-15T20:10,1,1,0
2032-01-15T20:10,2032-01-16T00:10,1,1,0
2032-01-16T11:50,2032-01-16T13:50,1,1,0
2032-01-16T13:50,2032-01-16T15:50,2,2,0
2032-01-16T16:10,2032-01-16T20:10,1,1,0
2032-01-16T20:10,2032-01-16T20:35,2,2,0
2032-01-16T20:35,2032-01-16T22:10,3,3,0
2032-01-16T22:10,2032-01-16T22:35,3,3,0
2032-01-16T22:35,2032-01-16T22:50,2,2,0
2032-01-16T22:50,2032-01-17T00:50,3,3,0
2032-01-17T00:50,2032-01-17T02:10,2,2,0
2032-01-17T14:50,2032-01-17T16:50,1,1,0
2032-01-17T16:50,2032-01-17T18:50,1,1,0
2032-01-17T18:50,2032-01-17T20:50,2,2,0
2032-01-17T20:50,2032-01-18T02:50,1,1,0
2032-01-18T09:50,2032-01-18T11:20,1,1,0
2032-01-18T11:20,2032-01-18T11:50,2,2,0
2032-01-18T11:50,2032-01-18T12:50,1,1,0
2032-01-18T12:50,2032-01-18T13:50,2,2,0
2032-01-18T13:50,2032-01-18T15:20,3,3,0
2032-01-18T15:20,2032-01-18T15:50,2,2,0
2032-01-18T15:50,2032-01-18T16:50,1,1,0
2032-01-18T17:20,2032-01-18T19:20,1,1,0
2032-01-19T15:20,2032-01-19T16:50,1,1,0
2032-01-19T16:50,2032-01-19T17:20,2,2,0
2032-01-19T17:20,2032-01-19T20:50,1,1,0
2032-01-19T20:50,2032-01-19T22:50,1,1,0
2032-01-20T15:20,2032-01-20T19:20,1,1,0
2032-01-20T23:20,2032-01-21T03:20,1,1,0
2032-01-21T11:20,2032-01-21T12:50,1,1,0
2032-01-21T12:50,2032-01-21T13:50,2,2,0
2032-01-21T13:50,2032-01-21T15:20,3,3,0
2032-01-21T15:20,2032-01-21T15:50,3,3,0
2032-01-21T15:50,2032-01-21T16:50,2,2,0
2032-01-21T16:50,2032-01-22T01:20,1,1,0
2032-01-22T09:50,2032-01-22T13:50,1,1,0
2032-01-22T18:10,2032-01-22T23:50,1,1,0
2032-01-22T23:50,2032-01-23T00:10,2,2,0
2032-01-23T00:10,2032-01-23T01:50,3,3,0
2032-01-23T01:50,2032-01-23T04:10,2,2,0
2032-01-23T13:50,2032-01-23T17:50,1,1,0
2032-01-23T20:35,2032-01-23T22:10,1,1,0
2032-01-23T22:10,2032-01-23T22:35,2,2,0
2032-01-23T22:35,2032-01-24T00:10,1,1,0
2032-01-24T10:50,2032-01-24T12:35,1,1,0
2032-01-24T12:35,2032-01-24T14:35,2,2,0
2032-01-24T14:35,2032-01-24T14:50,1,1,0
2032-01-24T20:10,2032-01-25T00:10,1,1,0
2032-01-25T11:50,2032-01-25T15:50,1,1,0
2032-01-25T16:10,2032-01-25T18:10,1,1,0
2032-01-25T18:10,2032-01-26T00:10,1,1,0
2032-01-26T00:10,2032-01-26T02:10,2,2,0
2032-01-26T02:10,2032-01-26T04:10,1,1,0
2032-01-26T09:20,2032-01-26T10:50,1,1,0
2032-01-26T10:50,2032-01-26T11:20,2,2,0
2032-01-26T11:20,2032-01-26T13:20,2,2,0
2032-01-26T13:20,2032-01-26T13:50,1,1,0
2032-01-26T13:50,2032-01-26T14:50,2,2,0
2032-01-26T14:50,2032-01-26T17:50,1,1,0
2032-01-27T08:10,2032-01-27T10:10,1,1,0
2032-01-27T12:10,2032-01-27T16:10,1,1,0
2032-01-27T16:50,2032-01-27T20:50,1,1,0
2032-01-27T23:50,2032-01-28T08:50,1,1,0
2032-01-28T08:50,2032-01-28T09:50,2,2,0
2032-01-28T09:50,2032-01-28T12:50,1,1,0
2032-01-28T22:10,2032-01-28T22:50,1,1,0
2032-01-28T22:50,2032-01-29T00:10,2,2,0
2032-01-29T00:10,2032-01-29T00:50,1,1,0
2032-01-29T08:50,2032-01-29T09:20,1,1,0
2032-01-29T09:20,2032-01-29T10:50,2,2,0
2032-01-29T10:50,2032-01-29T11:20,1,1,0
2032-01-29T18:10,2032-01-29T20:10,1,1,0
2032-01-30T12:50,2032-01-30T14:50,1,1,0
2032-01-31T10:10,2032-01-31T12:10,1,1,0
2032-01-31T17:20,2032-01-31T19:20,1,1,0
2032-01-31T20:10,2032-01-31T22:10,1,1,0
2032-02-01T23:20,2032-02-02T01:20,1,1,0
2032-02-02T16:50,2032-02-02T17:20,1,1,0
2032-02-02T17:20,2032-02-02T20:10,2,2,0
2032-02-02T20:10,2032-02-02T22:10,3,3,0
2032-02-02T22:10,2032-02-02T22:50,4,4,0
2032-02-02T22:50,2032-02-03T00:10,5,5,0
2032-02-03T00:10,2032-02-03T02:50,3,3,0
2032-02-03T02:50,2032-02-03T03:20,1,1,0
2032-02-03T12:35,2032-02-03T14:35,1,1,0
2032-02-03T17:20,2032-02-03T18:10,1,1,0
2032-02-03T18:10,2032-02-03T19:20,2,2,0
2032-02-03T19:20,2032-02-03T20:10,1,1,0
2032-02-03T20:10,2032-02-03T22:10,1,1,0
2032-02-04T13:50,2032-02-04T15:50,1,1,0
2032-02-04T15:50,2032-02-04T16:10,1,1,0
2032-02-04T16:10,2032-02-04T17:50,2,2,0
2032-02-04T17:50,2032-02-04T20:10,2,2,0
2032-02-04T20:10,2032-02-05T03:50,1,1,0
2032-02-05T13:20,2032-02-05T15:20,1,1,0
2032-02-05T20:50,2032-02-05T22:50,1,1,0
2032-02-06T15:20,2032-02-06T16:50,1,1,0
2032-02-06T16:50,2032-02-06T18:50,2,2,0
2032-02-06T18:50,2032-02-06T22:10,1,1,0
2032-02-06T22:10,2032-02-06T22:50,2,2,0
2032-02-06T22:50,2032-02-07T00:50,3,3,0
2032-02-07T00:50,2032-02-07T01:20,2,2,0
2032-02-07T01:20,2032-02-07T02:10,1,1,0
2032-02-07T08:50,2032-02-07T09:50,1,1,0
2032-02-07T09:50,2032-02-07T10:50,2,2,0
2032-02-07T10:50,2032-02-07T12:50,2,2,0
2032-02-07T12:50,2032-02-07T13:50,1,1,0
2032-02-07T18:10,2032-02-07T20:10,1,1,0
2032-02-07T21:50,2032-02-07T23:50,1,1,0
2032-02-08T15:50,2032-02-08T16:50,1,1,0
2032-02-08T16:50,2032-02-08T18:10,2,2,0
2032-02-08T18:10,2032-02-08T18:50,3,3,0
2032-02-08T18:50,2032-02-08T19:50,2,2,0
2032-02-08T19:50,2032-02-08T20:50,1,1,0
2032-02-08T20:50,2032-02-08T22:10,2,2,0
2032-02-08T22:10,2032-02-08T22:50,1,1,0
2032-02-09T18:50,2032-02-09T20:50,1,1,0
2032-02-09T23:20,2032-02-10T00:10,1,1,0
2032-02-10T00:10,2032-02-10T01:20,2,2,0
2032-02-10T01:20,2032-02-10T04:10,1,1,0
2032-02-10T12:10,2032-02-10T12:35,1,1,0
2032-02-10T12:35,2032-02-10T14:50,2,2,0
2032-02-10T14:50,2032-02-10T16:10,3,3,0
2032-02-10T16:10,2032-02-10T16:35,2,2,0
2032-02-10T16:35,2032-02-10T16:50,1,1,0
2032-02-12T08:10,2032-02-12T10:10,1,1,0
2032-02-12T10:50,2032-02-12T14:50,1,1,0
2032-02-12T14:50,2032-02-12T18:50,1,1,0
2032-02-12T22:50,2032-02-13T00:50,1,1,0
2032-02-13T13:20,2032-02-13T15:20,1,1,0
2032-02-13T17:20,2032-02-13T21:20,1,1,0
2032-02-13T22:50,2032-02-14T00:50,1,1,0
2032-02-14T12:35,2032-02-14T15:50,1,1,0
2032-02-14T15:50,2032-02-14T16:35,2,2,0
2032-02-14T16:35,2032-02-14T17:20,1,1,0
2032-02-14T17:20,2032-02-14T19:20,2,2,0
2032-02-14T19:20,2032-02-14T19:50,1,1,0
2032-02-14T23:50,2032-02-15T00:10,1,1,0
2032-02-15T00:10,2032-02-15T04:10,2,2,0
2032-02-15T04:10,2032-02-15T08:35,1,1,0
2032-02-15T08:35,2032-02-15T09:50,2,2,0
2032-02-15T09:50,2032-02-15T10:35,1,1,0
2032-02-15T14:50,2032-02-15T18:50,1,1,0
2032-02-16T08:50,2032-02-16T10:50,1,1,0
2032-02-16T12:10,2032-02-16T12:50,1,1,0
2032-02-16T12:50,2032-02-16T13:50,2,2,0
2032-02-16T13:50,2032-02-16T14:10,3,3,0
2032-02-16T14:10,2032-02-16T15:50,2,2,0
2032-02-16T15:50,2032-02-16T16:50,1,1,0
2032-02-16T18:10,2032-02-16T21:20,1,1,0
2032-02-16T21:20,2032-02-16T22:10,2,2,0
2032-02-16T22:10,2032-02-17T07:20,1,1,0
2032-02-17T09:50,2032-02-17T13:50,1,1,0
2032-02-17T22:50,2032-02-18T00:50,1,1,0
2032-02-18T19:50,2032-02-18T20:10,1,1,0
2032-02-18T20:10,2032-02-18T21:50,2,2,0
2032-02-18T21:50,2032-02-19T00:10,1,1,0
2032-02-19T08:50,2032-02-19T10:50,1,1,0
2032-02-19T11:50,2032-02-19T12:10,1,1,0
2032-02-19T12:10,2032-02-19T13:50,2,2,0
2032-02-19T13:50,2032-02-19T14:10,1,1,0
2032-02-20T11:20,2032-02-20T13:20,1,1,0
2032-02-20T15:50,2032-02-20T17:20,1,1,0
2032-02-20T17:20,2032-02-20T17:50,2,2,0
2032-02-20T17:50,2032-02-20T18:50,1,1,0
2032-02-20T18:50,2032-02-20T20:10,2,2,0
2032-02-20T20:10,2032-02-20T20:50,3,3,0
2032-02-20T20:50,2032-02-20T21:20,3,3,0
2032-02-20T21:20,2032-02-21T00:10,2,2,0
2032-02-21T00:10,2032-02-21T06:50,1,1,0
2032-02-21T10:10,2032-02-21T14:10,1,1,0
2032-02-21T22:35,2032-02-22T00:10,1,1,0
2032-02-22T00:10,2032-02-22T00:35,2,2,0
2032-02-22T00:35,2032-02-22T02:10,1,1,0
2032-02-22T13:50,2032-02-22T16:10,1,1,0
2032-02-22T16:10,2032-02-22T17:50,2,2,0
2032-02-22T17:50,2032-02-22T22:10,1,1,0
2032-02-22T22:10,2032-02-22T22:50,2,2,0
2032-02-22T22:50,2032-02-22T23:50,3,3,0
2032-02-22T23:50,2032-02-23T00:50,4,4,0
2032-02-23T00:50,2032-02-23T02:10,3,3,0
2032-02-23T02:10,2032-02-23T03:50,1,1,0
2032-02-23T08:50,2032-02-23T12:50,1,1,0
2032-02-23T13:20,2032-02-23T15:20,1,1,0
2032-02-23T18:50,2032-02-23T19:50,1,1,0
2032-02-23T19:50,2032-02-23T20:50,2,2,0
2032-02-23T20:50,2032-02-23T21:50,2,2,0
2032-02-23T21:50,2032-02-23T22:50,1,1,0
2032-02-24T16:50,2032-02-24T18:50,1,1,0
2032-02-24T20:10,2032-02-25T06:10,1,1,0
2032-02-25T14:10,2032-02-25T16:10,1,1,0
2032-02-25T16:50,2032-02-25T18:50,1,1,0
2032-02-25T20:50,2032-02-25T21:50,1,1,0
2032-02-25T21:50,2032-02-25T23:20,2,2,0
2032-02-25T23:20,2032-02-25T23:50,3,3,0
2032-02-25T23:50,2032-02-26T00:50,3,3,0
2032-02-26T00:50,2032-02-26T03:20,2,2,0
2032-02-26T03:20,2032-02-26T03:50,1,1,0
2032-02-26T15:20,2032-02-26T16:50,1,1,0
2032-02-26T16:50,2032-02-26T18:10,2,2,0
2032-02-26T18:10,2032-02-26T19:20,3,3,0
2032-02-26T19:20,2032-02-26T20:10,2,2,0
2032-02-26T20:10,2032-02-26T23:50,1,1,0
2032-02-26T23:50,2032-02-27T01:50,2,2,0
2032-02-27T01:50,2032-02-27T02:50,1,1,0
2032-02-27T09:50,2032-02-27T10:50,1,1,0
2032-02-27T10:50,2032-02-27T11:50,2,2,0
2032-02-27T11:50,2032-02-27T14:50,1,1,0
2032-02-27T19:50,2032-02-27T21:50,1,1,0
2032-02-27T22:35,2032-02-28T00:35,1,1,0
2032-02-28T08:10,2032-02-28T12:10,1,1,0
2032-02-28T13:20,2032-02-28T14:50,1,1,0
2032-02-28T14:50,2032-02-28T15:20,2,2,0
2032-02-28T15:20,2032-02-28T18:10,1,1,0
2032-02-28T18:10,2032-02-28T18:50,2,2,0
2032-02-28T18:50,2032-02-28T20:10,1,1,0
2032-02-28T21:50,2032-02-28T23:50,1,1,0
2032-02-29T20:10,2032-02-29T22:10,1,1,0
2032-03-01T00:10,2032-03-01T02:10,1,1,0
2032-03-01T15:50,2032-03-01T17:50,1,1,0
2032-03-01T20:10,2032-03-02T00:10,1,1,0
2032-03-02T15:20,2032-03-02T16:50,1,1,0
2032-03-02T16:50,2032-03-02T19:20,2,2,0
2032-03-02T19:20,2032-03-02T20:50,1,1,0
2032-03-03T08:50,2032-03-03T09:20,1,1,0
2032-03-03T09:20,2032-03-03T10:50,2,2,0
2032-03-03T10:50,2032-03-03T11:50,1,1,0
2032-03-03T11:50,2032-03-03T13:20,2,2,0
2032-03-03T13:20,2032-03-03T15:50,2,2,0
2032-03-03T15:50,2032-03-03T17:20,1,1,0
2032-03-04T18:50,2032-03-04T21:50,1,1,0
2032-03-04T21:50,2032-03-04T22:50,2,2,0
2032-03-04T22:50,2032-03-04T23:50,1,1,0
2032-03-04T23:50,2032-03-05T01:50,2,2,0
2032-03-05T08:50,2032-03-05T10:50,1,1,0
2032-03-05T14:10,2032-03-05T16:10,1,1,0
2032-03-05T16:10,2032-03-05T16:50,2,2,0
2032-03-05T16:50,2032-03-05T18:10,3,3,0
2032-03-05T18:10,2032-03-05T20:50,1,1,0
2032-03-06T08:35,2032-03-06T12:35,1,1,0
2032-03-06T20:50,2032-03-06T22:50,1,1,0
2032-03-07T11:20,2032-03-07T12:50,1,1,0
2032-03-07T12:50,2032-03-07T13:20,2,2,0
2032-03-07T13:20,2032-03-07T14:10,1,1,0
2032-03-07T14:10,2032-03-07T14:50,2,2,0
2032-03-07T14:50,2032-03-07T16:50,2,2,0
2032-03-07T16:50,2032-03-07T18:10,1,1,0
2032-03-08T11:50,2032-03-08T13:50,1,1,0
2032-03-08T23:50,2032-03-09T01:50,1,1,0
2032-03-09T16:50,2032-03-10T02:50,1,1,0
2032-03-10T09:50,2032-03-10T11:50,1,1,0
2032-03-10T12:35,2032-03-10T12:50,1,1,0
2032-03-10T12:50,2032-03-10T14:35,2,2,0
2032-03-10T14:35,2032-03-10T14:50,1,1,0
2032-03-10T22:10,2032-03-10T22:35,1,1,0
2032-03-10T22:35,2032-03-11T00:10,2,2,0
2032-03-11T00:10,2032-03-11T02:35,1,1,0
2032-03-11T16:50,2032-03-11T18:50,1,1,0
2032-03-11T18:50,2032-03-11T20:50,1,1,0
2032-03-11T20:50,2032-03-11T22:50,2,2,0
2032-03-11T22:50,2032-03-12T00:50,1,1,0
2032-03-12T11:20,2032-03-12T13:50,1,1,0
2032-03-12T13:50,2032-03-12T15:20,2,2,0
2032-03-12T15:20,2032-03-12T15:50,1,1,0
2032-03-12T21:50,2032-03-12T23:20,1,1,0
2032-03-12T23:20,2032-03-12T23:50,2,2,0
2032-03-12T23:50,2032-03-13T01:20,1,1,0
2032-03-13T14:50,2032-03-13T15:50,1,1,0
2032-03-13T15:50,2032-03-13T18:50,2,2,0
2032-03-13T18:50,2032-03-13T22:50,1,1,0
2032-03-13T22:50,2032-03-14T01:50,2,2,0
2032-03-14T01:50,2032-03-14T02:50,1,1,0
2032-03-14T10:10,2032-03-14T12:10,1,1,0
2032-03-14T14:10,2032-03-14T16:10,1,1,0
2032-03-14T20:35,2032-03-14T23:20,1,1,0
2032-03-14T23:20,2032-03-15T03:20,2,2,0
2032-03-15T03:20,2032-03-15T06:35,1,1,0
2032-03-15T08:50,2032-03-15T10:50,1,1,0
2032-03-15T11:50,2032-03-15T15:50,1,1,0
2032-03-15T21:50,2032-03-15T22:10,1,1,0
2032-03-15T22:10,2032-03-15T23:20,2,2,0
2032-03-15T23:20,2032-03-15T23:50,3,3,0
2032-03-15T23:50,2032-03-16T00:10,2,2,0
2032-03-16T00:10,2032-03-16T01:20,1,1,0
2032-03-16T15:20,2032-03-16T17:20,1,1,0
2032-03-16T18:10,2032-03-16T20:10,1,1,0
2032-03-16T20:35,2032-03-16T20:50,1,1,0
2032-03-16T20:50,2032-03-16T21:50,2,2,0
2032-03-16T21:50,2032-03-16T22:35,3,3,0
2032-03-16T22:35,2032-03-16T22:50,2,2,0
2032-03-16T22:50,2032-03-17T00:10,3,3,0
2032-03-17T00:10,2032-03-17T00:50,4,4,0
2032-03-17T00:50,2032-03-17T01:50,3,3,0
2032-03-17T01:50,2032-03-17T04:10,2,2,0
2032-03-17T04:10,2032-03-17T08:50,1,1,0
2032-03-17T16:10,2032-03-17T20:10,1,1,0
2032-03-18T00:10,2032-03-18T02:10,1,1,0
2032-03-18T08:10,2032-03-18T09:50,1,1,0
2032-03-18T09:50,2032-03-18T10:10,2,2,0
2032-03-18T10:10,2032-03-18T10:50,1,1,0
2032-03-18T10:50,2032-03-18T12:50,2,2,0
2032-03-18T12:50,2032-03-18T13:50,1,1,0
2032-03-18T20:35,2032-03-18T21:20,1,1,0
2032-03-18T21:20,2032-03-18T22:35,2,2,0
2032-03-18T22:35,2032-03-18T23:20,1,1,0
2032-03-18T23:20,2032-03-19T01:20,1,1,0
2032-03-19T14:10,2032-03-19T15:50,1,1,0
2032-03-19T15:50,2032-03-19T16:10,2,2,0
2032-03-19T16:10,2032-03-19T19:50,1,1,0
2032-03-19T22:35,2032-03-20T00:35,1,1,0
2032-03-20T20:35,2032-03-20T21:20,1,1,0
2032-03-20T21:20,2032-03-20T22:10,2,2,0
2032-03-20T22:10,2032-03-20T23:20,3,3,0
2032-03-20T23:20,2032-03-21T00:35,2,2,0
2032-03-21T00:35,2032-03-21T02:10,1,1,0
2032-03-21T08:35,2032-03-21T10:35,1,1,0
2032-03-21T20:50,2032-03-21T22:35,1,1,0
2032-03-21T22:35,2032-03-22T00:35,2,2,0
2032-03-22T00:35,2032-03-22T00:50,1,1,0
2032-03-22T11:20,2032-03-22T15:20,1,1,0
2032-03-22T15:50,2032-03-22T18:10,1,1,0
2032-03-22T18:10,2032-03-22T19:50,2,2,0
2032-03-22T19:50,2032-03-22T21:50,2,2,0
2032-03-22T21:50,2032-03-22T22:10,1,1,0
2032-03-23T14:10,2032-03-23T18:10,1,1,0
2032-03-24T11:50,2032-03-24T12:10,1,1,0
2032-03-24T12:10,2032-03-24T13:50,2,2,0
2032-03-24T13:50,2032-03-24T15:20,1,1,0
2032-03-24T15:20,2032-03-24T16:10,2,2,0
2032-03-24T16:10,2032-03-24T19:50,1,1,0
2032-03-24T19:50,2032-03-24T23:50,2,2,0
2032-03-24T23:50,2032-03-25T01:20,1,1,0
2032-03-25T08:10,2032-03-25T09:50,1,1,0
2032-03-25T09:50,2032-03-25T10:10,2,2,0
2032-03-25T10:10,2032-03-25T11:50,1,1,0
2032-03-25T15:20,2032-03-25T17:20,1,1,0
2032-03-25T17:20,2032-03-25T19:20,2,2,0
2032-03-26T00:10,2032-03-26T04:10,1,1,0
2032-03-26T15:20,2032-03-26T16:10,1,1,0
2032-03-26T16:10,2032-03-26T20:10,2,2,0
2032-03-26T20:10,2032-03-26T21:50,1,1,0
2032-03-26T21:50,2032-03-26T23:50,2,2,0
2032-03-26T23:50,2032-03-27T01:20,1,1,0
2032-03-27T12:10,2032-03-27T13:50,1,1,0
2032-03-27T13:50,2032-03-27T14:10,2,2,0
2032-03-27T14:10,2032-03-27T15:20,1,1,0
2032-03-27T15:20,2032-03-27T15:50,2,2,0
2032-03-27T15:50,2032-03-27T19:20,2,2,0
2032-03-27T19:20,2032-03-27T19:50,1,1,0
2032-03-27T19:50,2032-03-27T23:50,2,2,0
2032-03-27T23:50,2032-03-28T01:50,1,1,0
2032-03-28T12:35,2032-03-28T14:35,1,1,0
2032-03-28T15:20,2032-03-28T16:50,1,1,0
2032-03-28T16:50,2032-03-28T18:10,2,2,0
2032-03-28T18:10,2032-03-28T20:10,3,3,0
2032-03-28T20:10,2032-03-28T20:50,2,2,0
2032-03-28T20:50,2032-03-28T22:10,1,1,0
2032-03-28T22:10,2032-03-29T01:20,2,2,0
2032-03-29T01:20,2032-03-29T02:10,1,1,0
2032-03-29T13:20,2032-03-29T15:50,1,1,0
2032-03-29T15:50,2032-03-29T17:20,2,2,0
2032-03-29T17:20,2032-03-29T21:20,1,1,0
2032-03-29T21:20,2032-03-30T01:50,2,2,0
2032-03-30T01:50,2032-03-30T07:20,1,1,0
2032-03-30T09:50,2032-03-30T10:50,1,1,0
2032-03-30T10:50,2032-03-30T11:50,2,2,0
2032-03-30T11:50,2032-03-30T12:50,1,1,0
2032-03-30T13:20,2032-03-30T15:20,1,1,0
2032-03-30T22:50,2032-03-31T00:50,1,1,0
2032-03-31T15:50,2032-03-31T17:50,1,1,0
2032-03-31T20:50,2032-04-01T06:50,1,1,0
2032-04-01T14:50,2032-04-01T16:50,1,1,0
2032-04-01T20:35,2032-04-01T22:35,1,1,0
2032-04-01T22:35,2032-04-02T00:35,1,1,0
2032-04-02T16:10,2032-04-03T02:10,1,1,0
2032-04-03T09:20,2032-04-03T11:20,1,1,0
2032-04-03T11:20,2032-04-03T13:20,1,1,0
2032-04-04T09:50,2032-04-04T10:50,1,1,0
2032-04-04T10:50,2032-04-04T11:50,2,2,0
2032-04-04T11:50,2032-04-04T14:50,1,1,0
2032-04-04T17:20,2032-04-04T19:20,1,1,0
2032-04-04T22:35,2032-04-04T22:50,1,1,0
2032-04-04T22:50,2032-04-05T00:10,2,2,0
2032-04-05T00:10,2032-04-05T00:35,3,3,0
2032-04-05T00:35,2032-04-05T00:50,2,2,0
2032-04-05T00:50,2032-04-05T02:10,1,1,0
2032-04-05T09:20,2032-04-05T13:20,1,1,0
2032-04-05T21:20,2032-04-05T21:50,1,1,0
2032-04-05T21:50,2032-04-05T23:20,2,2,0
2032-04-05T23:20,2032-04-06T01:50,1,1,0
2032-04-06T18:50,2032-04-06T20:35,1,1,0
2032-04-06T20:35,2032-04-06T20:50,2,2,0
2032-04-06T20:50,2032-04-06T21:20,1,1,0
2032-04-06T21:20,2032-04-06T23:20,2,2,0
2032-04-06T23:20,2032-04-07T06:35,1,1,0
2032-04-07T08:35,2032-04-07T10:35,1,1,0
2032-04-07T15:20,2032-04-07T22:10,1,1,0
2032-04-07T22:10,2032-04-08T00:10,2,2,0
2032-04-08T00:10,2032-04-08T01:20,1,1,0
2032-04-08T10:50,2032-04-08T12:50,1,1,0
2032-04-08T13:20,2032-04-08T14:10,1,1,0
2032-04-08T14:10,2032-04-08T15:20,2,2,0
2032-04-08T15:20,2032-04-08T18:10,1,1,0
2032-04-08T20:35,2032-04-08T22:50,1,1,0
2032-04-08T22:50,2032-04-09T00:50,2,2,0
2032-04-09T00:50,2032-04-09T06:35,1,1,0
2032-04-09T09:20,2032-04-09T11:20,1,1,0
2032-04-09T11:50,2032-04-09T15:20,1,1,0
2032-04-09T15:20,2032-04-09T15:50,2,2,0
2032-04-09T15:50,2032-04-09T17:20,1,1,0
2032-04-09T17:20,2032-04-09T19:20,2,2,0
2032-04-09T19:20,2032-04-09T21:20,1,1,0
2032-04-09T21:20,2032-04-09T22:10,2,2,0
2032-04-09T22:10,2032-04-10T00:10,3,3,0
2032-04-10T00:10,2032-04-10T01:20,2,2,0
2032-04-10T08:35,2032-04-10T10:35,1,1,0
2032-04-10T23:20,2032-04-11T01:20,1,1,0
2032-04-11T08:10,2032-04-11T11:20,1,1,0
2032-04-11T11:20,2032-04-11T12:10,2,2,0
2032-04-11T12:10,2032-04-11T13:20,2,2,0
2032-04-11T13:20,2032-04-11T16:10,1,1,0
2032-04-11T16:50,2032-04-11T20:35,1,1,0
2032-04-11T20:35,2032-04-11T20:50,2,2,0
2032-04-11T20:50,2032-04-11T22:35,1,1,0
2032-04-12T20:10,2032-04-13T00:10,1,1,0
2032-04-13T12:35,2032-04-13T14:35,1,1,0
2032-04-13T15:20,2032-04-13T19:20,1,1,0
2032-04-14T10:50,2032-04-14T12:50,1,1,0
2032-04-14T18:50,2032-04-14T20:50,1,1,0
2032-04-14T22:10,2032-04-14T22:35,1,1,0
2032-04-14T22:35,2032-04-15T02:10,2,2,0
2032-04-15T02:10,2032-04-15T02:35,1,1,0
2032-04-15T10:50,2032-04-15T12:50,1,1,0
2032-04-15T17:20,2032-04-15T21:20,1,1,0
2032-04-15T21:20,2032-04-16T01:20,1,1,0
2032-04-16T12:10,2032-04-16T16:10,1,1,0
2032-04-16T20:35,2032-04-17T00:10,1,1,0
2032-04-17T00:10,2032-04-17T00:35,2,2,0
2032-04-17T00:35,2032-04-17T02:10,1,1,0
2032-04-17T13:20,2032-04-17T14:50,1,1,0
2032-04-17T14:50,2032-04-17T15:20,2,2,0
2032-04-17T15:20,2032-04-17T16:50,1,1,0
2032-04-17T16:50,2032-04-17T18:10,1,1,0
2032-04-17T18:10,2032-04-17T18:50,2,2,0
2032-04-17T18:50,2032-04-17T19:50,1,1,0
2032-04-17T19:50,2032-04-17T21:50,2,2,0
2032-04-17T21:50,2032-04-17T22:10,1,1,0
2032-04-17T22:50,2032-04-18T02:50,1,1,0
2032-04-19T10:50,2032-04-19T12:50,1,1,0
2032-04-19T16:10,2032-04-19T20:10,1,1,0
2032-04-20T13:20,2032-04-20T15:20,1,1,0
2032-04-20T16:10,2032-04-20T16:50,1,1,0
2032-04-20T16:50,2032-04-20T18:10,2,2,0
2032-04-20T18:10,2032-04-20T18:50,1,1,0
2032-04-21T08:50,2032-04-21T09:20,1,1,0
2032-04-21T09:20,2032-04-21T10:50,2,2,0
2032-04-21T10:50,2032-04-21T13:20,1,1,0
2032-04-21T21:20,2032-04-21T22:35,1,1,0
2032-04-21T22:35,2032-04-21T23:20,2,2,0
2032-04-21T23:20,2032-04-22T00:10,1,1,0
2032-04-22T00:10,2032-04-22T02:35,2,2,0
2032-04-22T02:35,2032-04-22T04:10,1,1,0
2032-04-22T14:50,2032-04-22T18:10,1,1,0
2032-04-22T18:10,2032-04-22T18:50,2,2,0
2032-04-22T18:50,2032-04-22T20:10,1,1,0
2032-04-23T08:35,2032-04-23T10:10,1,1,0
2032-04-23T10:10,2032-04-23T10:35,2,2,0
2032-04-23T10:35,2032-04-23T12:10,1,1,0
2032-04-23T12:10,2032-04-23T14:10,1,1,0
2032-04-23T16:10,2032-04-23T19:50,1,1,0
2032-04-23T19:50,2032-04-23T23:50,2,2,0
2032-04-23T23:50,2032-04-24T02:10,1,1,0
2032-04-24T09:50,2032-04-24T10:50,1,1,0
2032-04-24T10:50,2032-04-24T11:50,2,2,0
2032-04-24T11:50,2032-04-24T12:50,3,3,0
2032-04-24T12:50,2032-04-24T13:20,2,2,0
2032-04-24T13:20,2032-04-24T13:50,3,3,0
2032-04-24T13:50,2032-04-24T15:50,2,2,0
2032-04-24T15:50,2032-04-24T17:20,1,1,0
2032-04-24T18:50,2032-04-24T20:50,1,1,0
2032-04-24T23:20,2032-04-25T01:20,1,1,0
2032-04-25T08:35,2032-04-25T10:35,1,1,0
2032-04-25T15:50,2032-04-26T01:50,1,1,0
2032-04-26T08:50,2032-04-26T10:50,1,1,0
2032-04-26T20:10,2032-04-26T22:10,1,1,0
2032-04-26T22:10,2032-04-26T23:50,1,1,0
2032-04-26T23:50,2032-04-27T00:10,2,2,0
2032-04-27T00:10,2032-04-27T01:50,1,1,0
2032-04-27T08:35,2032-04-27T11:20,1,1,0
2032-04-27T11:20,2032-04-27T12:35,2,2,0
2032-04-27T12:35,2032-04-27T15:20,1,1,0
2032-04-27T20:50,2032-04-27T22:50,1,1,0
2032-04-27T22:50,2032-04-28T00:50,2,2,0
2032-04-28T11:20,2032-04-28T11:50,1,1,0
2032-04-28T11:50,2032-04-28T13:20,2,2,0
2032-04-28T13:20,2032-04-28T13:50,2,2,0
2032-04-28T13:50,2032-04-28T14:10,1,1,0
2032-04-28T14:10,2032-04-28T15:20,2,2,0
2032-04-28T15:20,2032-04-28T16:10,3,3,0
2032-04-28T16:10,2032-04-28T17:20,2,2,0
2032-04-28T17:20,2032-04-28T19:20,1,1,0
2032-04-28T23:50,2032-04-29T00:10,1,1,0
2032-04-29T00:10,2032-04-29T01:50,2,2,0
2032-04-29T01:50,2032-04-29T10:10,1,1,0
2032-04-29T10:10,2032-04-29T12:10,1,1,0
2032-04-29T12:35,2032-04-29T16:35,1,1,0
2032-04-29T18:50,2032-04-29T20:35,1,1,0
2032-04-29T20:35,2032-04-29T20:50,2,2,0
2032-04-29T20:50,2032-04-29T22:35,1,1,0
2032-04-29T22:35,2032-04-29T22:50,2,2,0
2032-04-29T22:50,2032-04-30T00:35,3,3,0
2032-04-30T00:35,2032-04-30T00:50,2,2,0
2032-04-30T00:50,2032-04-30T08:35,1,1,0
2032-04-30T09:20,2032-04-30T11:20,1,1,0
2032-05-01T00:10,2032-05-01T02:10,1,1,0
2032-05-01T12:10,2032-05-01T14:10,1,1,0
2032-05-01T21:20,2032-05-02T00:10,1,1,0
2032-05-02T00:10,2032-05-02T04:10,2,2,0
2032-05-02T04:10,2032-05-02T07:20,1,1,0
2032-05-02T20:50,2032-05-02T22:10,1,1,0
2032-05-02T22:10,2032-05-02T22:50,2,2,0
2032-05-02T22:50,2032-05-03T00:50,3,3,0
2032-05-03T00:50,2032-05-03T02:10,1,1,0
2032-05-03T15:50,2032-05-03T16:10,1,1,0
2032-05-03T16:10,2032-05-03T18:50,2,2,0
2032-05-03T18:50,2032-05-03T20:10,3,3,0
2032-05-03T20:10,2032-05-03T22:50,2,2,0
2032-05-03T22:50,2032-05-04T01:50,1,1,0
2032-05-04T15:20,2032-05-04T15:50,1,1,0
2032-05-04T15:50,2032-05-04T17:20,2,2,0
2032-05-04T17:20,2032-05-04T19:50,1,1,0
2032-05-05T11:50,2032-05-05T13:20,1,1,0
2032-05-05T13:20,2032-05-05T13:50,2,2,0
2032-05-05T13:50,2032-05-05T15:20,1,1,0
2032-05-05T20:10,2032-05-05T21:50,1,1,0
2032-05-05T21:50,2032-05-05T23:50,2,2,0
2032-05-05T23:50,2032-05-06T00:10,1,1,0
2032-05-06T08:35,2032-05-06T11:20,1,1,0
2032-05-06T11:20,2032-05-06T12:35,2,2,0
2032-05-06T12:35,2032-05-06T15:20,1,1,0
2032-05-06T23:50,2032-05-07T03:50,1,1,0
2032-05-07T08:35,2032-05-07T10:35,1,1,0
2032-05-07T14:50,2032-05-07T15:50,1,1,0
2032-05-07T15:50,2032-05-07T17:50,2,2,0
2032-05-07T17:50,2032-05-07T18:10,1,1,0
2032-05-07T18:10,2032-05-07T18:50,2,2,0
2032-05-07T18:50,2032-05-07T20:10,1,1,0
2032-05-07T20:10,2032-05-07T20:35,1,1,0
2032-05-07T20:35,2032-05-07T22:35,2,2,0
2032-05-07T22:35,2032-05-08T00:10,1,1,0
2032-05-08T16:10,2032-05-08T18:10,1,1,0
2032-05-10T13:20,2032-05-10T14:10,1,1,0
2032-05-10T14:10,2032-05-10T15:20,2,2,0
2032-05-10T15:20,2032-05-10T16:10,1,1,0
2032-05-10T17:20,2032-05-10T19:20,1,1,0
2032-05-11T09:50,2032-05-11T10:10,1,1,0
2032-05-11T10:10,2032-05-11T11:50,2,2,0
2032-05-11T11:50,2032-05-11T14:10,1,1,0
2032-05-11T20:35,2032-05-11T22:10,1,1,0
2032-05-11T22:10,2032-05-11T22:35,2,2,0
2032-05-11T22:35,2032-05-12T00:10,1,1,0
2032-05-12T00:10,2032-05-12T08:35,1,1,0
2032-05-12T08:35,2032-05-12T10:10,2,2,0
2032-05-12T10:10,2032-05-12T12:35,1,1,0
2032-05-12T15:50,2032-05-12T19:50,1,1,0
2032-05-12T19:50,2032-05-12T21:50,1,1,0
2032-05-13T08:35,2032-05-13T09:20,1,1,0
2032-05-13T09:20,2032-05-13T11:20,2,2,0
2032-05-13T11:20,2032-05-13T12:35,2,2,0
2032-05-13T12:35,2032-05-13T13:20,1,1,0
2032-05-14T14:50,2032-05-14T16:50,1,1,0
2032-05-14T22:10,2032-05-15T02:10,1,1,0
2032-05-15T11:20,2032-05-15T12:35,1,1,0
2032-05-15T12:35,2032-05-15T13:20,2,2,0
2032-05-15T13:20,2032-05-15T15:20,3,3,0
2032-05-15T15:20,2032-05-15T16:10,1,1,0
2032-05-15T16:10,2032-05-15T16:35,2,2,0
2032-05-15T16:35,2032-05-15T20:10,1,1,0
2032-05-15T21:20,2032-05-15T21:50,1,1,0
2032-05-15T21:50,2032-05-15T23:50,2,2,0
2032-05-15T23:50,2032-05-16T07:20,1,1,0
2032-05-16T09:20,2032-05-16T09:50,1,1,0
2032-05-16T09:50,2032-05-16T11:20,2,2,0
2032-05-16T11:20,2032-05-16T11:50,2,2,0
2032-05-16T11:50,2032-05-16T13:20,1,1,0
2032-05-16T22:50,2032-05-17T00:50,1,1,0
2032-05-17T08:10,2032-05-17T08:35,1,1,0
2032-05-17T08:35,2032-05-17T10:10,2,2,0
2032-05-17T10:10,2032-05-17T12:35,1,1,0
2032-05-17T21:50,2032-05-17T22:35,1,1,0
2032-05-17T22:35,2032-05-18T00:35,2,2,0
2032-05-18T00:35,2032-05-18T01:50,1,1,0
2032-05-18T11:20,2032-05-18T12:10,1,1,0
2032-05-18T12:10,2032-05-18T13:50,2,2,0
2032-05-18T13:50,2032-05-18T14:10,3,3,0
2032-05-18T14:10,2032-05-18T15:20,3,3,0
2032-05-18T15:20,2032-05-18T17:50,2,2,0
2032-05-18T17:50,2032-05-18T18:10,1,1,0
2032-05-19T08:50,2032-05-19T10:50,1,1,0
2032-05-19T14:10,2032-05-19T16:10,1,1,0
2032-05-19T17:20,2032-05-19T19:20,1,1,0
2032-05-19T20:10,2032-05-19T21:20,1,1,0
2032-05-19T21:20,2032-05-19T22:10,2,2,0
2032-05-19T22:10,2032-05-20T01:20,2,2,0
2032-05-20T01:20,2032-05-20T08:10,1,1,0
2032-05-20T09:50,2032-05-20T11:50,1,1,0
2032-05-20T12:50,2032-05-20T14:50,1,1,0
2032-05-21T08:10,2032-05-21T08:50,1,1,0
2032-05-21T08:50,2032-05-21T09:50,2,2,0
2032-05-21T09:50,2032-05-21T10:50,3,3,0
2032-05-21T10:50,2032-05-21T12:10,2,2,0
2032-05-21T12:10,2032-05-21T13:50,2,2,0
2032-05-21T13:50,2032-05-21T14:10,1,1,0
2032-05-22T08:35,2032-05-22T10:10,1,1,0
2032-05-22T10:10,2032-05-22T12:10,2,2,0
2032-05-22T12:10,2032-05-22T12:35,1,1,0
2032-05-22T14:50,2032-05-22T15:50,1,1,0
2032-05-22T15:50,2032-05-22T16:50,2,2,0
2032-05-22T16:50,2032-05-22T19:50,2,2,0
2032-05-22T19:50,2032-05-22T21:20,1,1,0
2032-05-22T21:20,2032-05-22T22:50,2,2,0
2032-05-22T22:50,2032-05-22T23:50,3,3,0
2032-05-22T23:50,2032-05-23T01:20,4,4,0
2032-05-23T01:20,2032-05-23T01:50,3,3,0
2032-05-23T01:50,2032-05-23T02:50,2,2,0
2032-05-23T20:10,2032-05-24T00:10,1,1,0
2032-05-24T16:10,2032-05-24T16:50,1,1,0
2032-05-24T16:50,2032-05-24T18:10,2,2,0
2032-05-24T18:10,2032-05-24T20:50,1,1,0
2032-05-24T23:50,2032-05-25T03:50,1,1,0
2032-05-25T14:10,2032-05-25T16:10,1,1,0
2032-05-25T20:50,2032-05-25T22:35,1,1,0
2032-05-25T22:35,2032-05-26T00:35,2,2,0
2032-05-26T00:35,2032-05-26T00:50,1,1,0
2032-05-26T12:10,2032-05-26T14:10,1,1,0
2032-05-26T14:10,2032-05-26T16:10,2,2,0
2032-05-26T21:50,2032-05-27T01:50,1,1,0
2032-05-27T16:10,2032-05-27T20:50,1,1,0
2032-05-27T20:50,2032-05-27T23:50,2,2,0
2032-05-27T23:50,2032-05-28T00:50,3,3,0
2032-05-28T00:50,2032-05-28T02:10,2,2,0
2032-05-28T02:10,2032-05-28T03:50,1,1,0
2032-05-28T11:20,2032-05-28T13:20,1,1,0
2032-05-28T17:20,2032-05-28T19:20,1,1,0
2032-05-28T19:50,2032-05-28T21:20,1,1,0
2032-05-28T21:20,2032-05-28T21:50,2,2,0
2032-05-28T21:50,2032-05-28T22:10,1,1,0
2032-05-28T22:10,2032-05-28T22:50,2,2,0
2032-05-28T22:50,2032-05-28T23:20,3,3,0
2032-05-28T23:20,2032-05-29T00:50,2,2,0
2032-05-29T00:50,2032-05-29T02:10,1,1,0
2032-05-29T09:50,2032-05-29T13:50,1,1,0
2032-05-30T14:10,2032-05-30T16:10,1,1,0
2032-05-30T18:50,2032-05-30T19:50,1,1,0
2032-05-30T19:50,2032-05-30T20:50,2,2,0
2032-05-30T20:50,2032-05-31T00:50,3,3,0
2032-05-31T00:50,2032-05-31T04:50,2,2,0
2032-05-31T04:50,2032-05-31T05:50,1,1,0
2032-05-31T10:50,2032-05-31T12:50,1,1,0
2032-05-31T16:50,2032-05-31T17:20,1,1,0
2032-05-31T17:20,2032-05-31T19:20,2,2,0
2032-05-31T19:20,2032-05-31T20:50,1,1,0
2032-05-31T20:50,2032-05-31T21:20,2,2,0
2032-05-31T21:20,2032-05-31T22:50,3,3,0
2032-05-31T22:50,2032-05-31T23:20,2,2,0
2032-05-31T23:20,2032-06-01T02:50,1,1,0
2032-06-01T20:35,2032-06-01T22:35,1,1,0
2032-06-02T08:10,2032-06-02T10:10,1,1,0
2032-06-02T10:10,2032-06-02T12:10,1,1,0
2032-06-03T13:50,2032-06-03T15:50,1,1,0
2032-06-03T15:50,2032-06-03T17:50,1,1,0
2032-06-04T14:10,2032-06-04T15:20,1,1,0
2032-06-04T15:20,2032-06-04T16:10,2,2,0
2032-06-04T16:10,2032-06-04T19:20,1,1,0
2032-06-04T22:35,2032-06-05T00:35,1,1,0
2032-06-05T10:10,2032-06-05T10:50,1,1,0
2032-06-05T10:50,2032-06-05T12:10,2,2,0
2032-06-05T12:10,2032-06-05T12:50,2,2,0
2032-06-05T12:50,2032-06-05T13:50,1,1,0
2032-06-05T13:50,2032-06-05T14:10,2,2,0
2032-06-05T14:10,2032-06-05T17:50,1,1,0
2032-06-05T21:50,2032-06-06T07:50,1,1,0
2032-06-06T08:50,2032-06-06T09:20,1,1,0
2032-06-06T09:20,2032-06-06T10:50,2,2,0
2032-06-06T10:50,2032-06-06T13:20,1,1,0
2032-06-06T23:20,2032-06-07T01:20,1,1,0
2032-06-07T08:50,2032-06-07T10:50,1,1,0
2032-06-07T12:50,2032-06-07T14:50,1,1,0
2032-06-07T15:50,2032-06-08T01:50,1,1,0
2032-06-08T09:50,2032-06-08T11:50,1,1,0
2032-06-08T15:20,2032-06-08T17:20,1,1,0
2032-06-08T18:50,2032-06-08T20:10,1,1,0
2032-06-08T20:10,2032-06-08T20:50,2,2,0
2032-06-08T20:50,2032-06-09T00:10,1,1,0
2032-06-09T10:50,2032-06-09T12:50,1,1,0
2032-06-09T13:50,2032-06-09T15:50,1,1,0
2032-06-09T16:10,2032-06-09T20:10,1,1,0
2032-06-09T22:35,2032-06-10T00:35,1,1,0
2032-06-10T08:50,2032-06-10T09:50,1,1,0
2032-06-10T09:50,2032-06-10T11:50,2,2,0
2032-06-10T11:50,2032-06-10T12:50,1,1,0
2032-06-10T12:50,2032-06-10T14:50,1,1,0
2032-06-10T16:10,2032-06-11T02:10,1,1,0
2032-06-11T11:20,2032-06-11T12:35,1,1,0
2032-06-11T12:35,2032-06-11T13:20,2,2,0
2032-06-11T13:20,2032-06-11T15:50,1,1,0
2032-06-11T15:50,2032-06-11T16:35,2,2,0
2032-06-11T16:35,2032-06-11T17:50,1,1,0
2032-06-12T19:50,2032-06-12T23:50,1,1,0
2032-06-12T23:50,2032-06-13T00:10,1,1,0
2032-06-13T00:10,2032-06-13T03:50,2,2,0
2032-06-13T03:50,2032-06-13T04:10,1,1,0
2032-06-13T09:50,2032-06-13T11:50,1,1,0
2032-06-13T17:20,2032-06-13T19:20,1,1,0
2032-06-13T20:50,2032-06-14T00:50,1,1,0
2032-06-15T09:50,2032-06-15T10:10,1,1,0
2032-06-15T10:10,2032-06-15T13:50,2,2,0
2032-06-15T13:50,2032-06-15T14:10,1,1,0
2032-06-15T15:20,2032-06-15T17:20,1,1,0
2032-06-15T17:20,2032-06-15T19:20,1,1,0
2032-06-16T08:35,2032-06-16T08:50,1,1,0
2032-06-16T08:50,2032-06-16T10:35,2,2,0
2032-06-16T10:35,2032-06-16T12:50,1,1,0
2032-06-16T16:50,2032-06-16T20:50,1,1,0
2032-06-17T00:10,2032-06-17T04:10,1,1,0
2032-06-17T08:10,2032-06-17T12:10,1,1,0
2032-06-17T12:10,2032-06-17T14:10,1,1,0
2032-06-17T18:50,2032-06-17T20:35,1,1,0
2032-06-17T20:35,2032-06-17T22:10,2,2,0
2032-06-17T22:10,2032-06-17T22:35,3,3,0
2032-06-17T22:35,2032-06-17T23:50,2,2,0
2032-06-17T23:50,2032-06-18T00:10,3,3,0
2032-06-18T00:10,2032-06-18T01:50,2,2,0
2032-06-18T01:50,2032-06-18T04:50,1,1,0
2032-06-18T10:50,2032-06-18T14:50,1,1,0
2032-06-18T20:50,2032-06-18T22:50,1,1,0
2032-06-19T08:10,2032-06-19T12:10,1,1,0
2032-06-19T15:20,2032-06-19T17:20,1,1,0
2032-06-19T17:20,2032-06-19T21:50,1,1,0
2032-06-19T21:50,2032-06-20T01:50,2,2,0
2032-06-20T01:50,2032-06-20T03:20,1,1,0
2032-06-20T18:50,2032-06-20T20:50,1,1,0
2032-06-20T21:50,2032-06-20T22:10,1,1,0
2032-06-20T22:10,2032-06-20T23:50,2,2,0
2032-06-20T23:50,2032-06-21T00:10,1,1,0
2032-06-21T13:20,2032-06-21T13:50,1,1,0
2032-06-21T13:50,2032-06-21T15:20,2,2,0
2032-06-21T15:20,2032-06-21T17:50,1,1,0
2032-06-22T08:50,2032-06-22T10:50,1,1,0
2032-06-22T12:10,2032-06-22T16:10,1,1,0
2032-06-22T20:35,2032-06-22T22:50,1,1,0
2032-06-22T22:50,2032-06-23T00:35,2,2,0
2032-06-23T00:35,2032-06-23T00:50,1,1,0
2032-06-23T12:10,2032-06-23T12:50,1,1,0
2032-06-23T12:50,2032-06-23T14:50,2,2,0
2032-06-23T14:50,2032-06-23T16:10,2,2,0
2032-06-23T16:10,2032-06-23T16:50,1,1,0
2032-06-23T23:50,2032-06-24T03:50,1,1,0
2032-06-24T14:10,2032-06-24T16:10,1,1,0
2032-06-24T16:10,2032-06-24T16:50,2,2,0
2032-06-24T16:50,2032-06-24T18:10,3,3,0
2032-06-24T18:10,2032-06-24T19:50,2,2,0
2032-06-24T19:50,2032-06-24T20:10,3,3,0
2032-06-24T20:10,2032-06-24T21:50,2,2,0
2032-06-24T21:50,2032-06-24T23:20,1,1,0
2032-06-24T23:20,2032-06-25T01:20,2,2,0
2032-06-25T01:20,2032-06-25T02:50,1,1,0
2032-06-25T17:20,2032-06-25T19:20,1,1,0
2032-06-25T20:50,2032-06-26T00:50,1,1,0
2032-06-26T12:50,2032-06-26T13:20,1,1,0
2032-06-26T13:20,2032-06-26T14:50,2,2,0
2032-06-26T14:50,2032-06-26T15:20,2,2,0
2032-06-26T15:20,2032-06-26T16:50,1,1,0
2032-06-27T00:10,2032-06-27T02:10,1,1,0
2032-06-27T09:50,2032-06-27T11:50,1,1,0
2032-06-27T11:50,2032-06-27T12:50,1,1,0
2032-06-27T12:50,2032-06-27T13:50,2,2,0
2032-06-27T13:50,2032-06-27T16:50,1,1,0
2032-06-28T08:35,2032-06-28T12:35,1,1,0
2032-06-28T15:50,2032-06-28T16:10,1,1,0
2032-06-28T16:10,2032-06-28T16:50,2,2,0
2032-06-28T16:50,2032-06-28T17:50,3,3,0
2032-06-28T17:50,2032-06-28T18:10,3,3,0
2032-06-28T18:10,2032-06-28T18:50,3,3,0
2032-06-28T18:50,2032-06-28T20:10,4,4,0
2032-06-28T20:10,2032-06-28T22:10,5,5,0
2032-06-28T22:10,2032-06-28T22:50,3,3,0
2032-06-28T22:50,2032-06-29T02:50,2,2,0
2032-06-29T02:50,2032-06-29T03:50,1,1,0
2032-06-29T12:35,2032-06-29T14:35,1,1,0
2032-06-29T14:50,2032-06-29T16:50,1,1,0
2032-06-29T17:20,2032-06-29T21:20,1,1,0
2032-06-29T22:35,2032-06-29T23:20,1,1,0
2032-06-29T23:20,2032-06-30T01:20,2,2,0
2032-06-30T01:20,2032-06-30T02:35,1,1,0
2032-06-30T08:10,2032-06-30T12:10,1,1,0
2032-06-30T13:20,2032-06-30T13:50,1,1,0
2032-06-30T13:50,2032-06-30T15:20,2,2,0
2032-06-30T15:20,2032-06-30T15:50,1,1,0
2032-07-01T12:35,2032-07-01T14:35,1,1,0
2032-07-01T15:20,2032-07-01T16:50,1,1,0
2032-07-01T16:50,2032-07-01T18:50,2,2,0
2032-07-01T18:50,2032-07-02T01:20,1,1,0
2032-07-02T12:10,2032-07-02T13:50,1,1,0
2032-07-02T13:50,2032-07-02T15:50,2,2,0
2032-07-02T15:50,2032-07-02T16:10,1,1,0
2032-07-03T08:35,2032-07-03T09:50,1,1,0
2032-07-03T09:50,2032-07-03T10:50,2,2,0
2032-07-03T10:50,2032-07-03T12:35,3,3,0
2032-07-03T12:35,2032-07-03T12:50,2,2,0
2032-07-03T12:50,2032-07-03T13:50,1,1,0
2032-07-03T23:20,2032-07-04T03:20,1,1,0
2032-07-04T20:50,2032-07-04T21:20,1,1,0
2032-07-04T21:20,2032-07-04T22:50,2,2,0
2032-07-04T22:50,2032-07-04T23:20,1,1,0
2032-07-04T23:20,2032-07-05T01:20,2,2,0
2032-07-05T01:20,2032-07-05T03:20,1,1,0
2032-07-05T16:10,2032-07-05T18:10,1,1,0
2032-07-05T18:50,2032-07-05T20:50,1,1,0
2032-07-06T00:10,2032-07-06T04:10,1,1,0
2032-07-06T09:20,2032-07-06T11:20,1,1,0
2032-07-06T12:50,2032-07-06T15:50,1,1,0
2032-07-06T15:50,2032-07-06T16:50,2,2,0
2032-07-06T16:50,2032-07-06T19:50,1,1,0
2032-07-07T11:50,2032-07-07T12:50,1,1,0
2032-07-07T12:50,2032-07-07T14:50,2,2,0
2032-07-07T14:50,2032-07-07T15:50,1,1,0
2032-07-07T20:35,2032-07-07T21:20,1,1,0
2032-07-07T21:20,2032-07-07T22:50,2,2,0
2032-07-07T22:50,2032-07-07T23:20,3,3,0
2032-07-07T23:20,2032-07-08T00:10,2,2,0
2032-07-08T00:10,2032-07-08T00:35,3,3,0
2032-07-08T00:35,2032-07-08T00:50,2,2,0
2032-07-08T00:50,2032-07-08T04:10,2,2,0
2032-07-08T04:10,2032-07-08T10:50,1,1,0
2032-07-08T21:50,2032-07-08T23:50,1,1,0
2032-07-09T09:50,2032-07-09T11:50,1,1,0
2032-07-10T18:50,2032-07-10T20:10,1,1,0
2032-07-10T20:10,2032-07-10T20:50,2,2,0
2032-07-10T20:50,2032-07-10T22:10,1,1,0
2032-07-10T22:35,2032-07-11T00:35,1,1,0
2032-07-11T14:10,2032-07-11T14:50,1,1,0
2032-07-11T14:50,2032-07-11T16:10,2,2,0
2032-07-11T16:10,2032-07-11T18:50,1,1,0
2032-07-11T22:10,2032-07-12T08:10,1,1,0
2032-07-12T08:10,2032-07-12T10:10,1,1,0
2032-07-12T12:50,2032-07-12T16:50,1,1,0
2032-07-12T23:50,2032-07-13T01:50,1,1,0
2032-07-13T11:50,2032-07-13T12:50,1,1,0
2032-07-13T12:50,2032-07-13T13:50,2,2,0
2032-07-13T13:50,2032-07-13T15:50,2,2,0
2032-07-13T15:50,2032-07-13T16:50,1,1,0
2032-07-13T22:50,2032-07-14T02:50,1,1,0
2032-07-14T18:10,2032-07-14T20:10,1,1,0
2032-07-14T20:35,2032-07-14T22:35,1,1,0
2032-07-15T09:50,2032-07-15T13:50,1,1,0
2032-07-15T17:20,2032-07-15T18:50,1,1,0
2032-07-15T18:50,2032-07-15T20:50,2,2,0
2032-07-15T20:50,2032-07-15T21:20,1,1,0
2032-07-15T21:50,2032-07-16T01:50,1,1,0
2032-07-16T09:20,2032-07-16T11:20,1,1,0
2032-07-16T13:50,2032-07-16T14:10,1,1,0
2032-07-16T14:10,2032-07-16T15:50,2,2,0
2032-07-16T15:50,2032-07-16T16:10,2,2,0
2032-07-16T16:10,2032-07-16T17:50,1,1,0
2032-07-16T18:10,2032-07-16T22:10,1,1,0
2032-07-17T12:35,2032-07-17T12:50,1,1,0
2032-07-17T12:50,2032-07-17T14:35,2,2,0
2032-07-17T14:35,2032-07-17T16:10,1,1,0
2032-07-17T16:10,2032-07-17T16:50,2,2,0
2032-07-17T16:50,2032-07-18T02:10,1,1,0
2032-07-18T10:10,2032-07-18T12:10,1,1,0
2032-07-18T12:35,2032-07-18T14:35,1,1,0
2032-07-18T15:50,2032-07-18T16:50,1,1,0
2032-07-18T16:50,2032-07-18T17:20,2,2,0
2032-07-18T17:20,2032-07-18T18:50,3,3,0
2032-07-18T18:50,2032-07-18T19:50,2,2,0
2032-07-18T19:50,2032-07-18T20:10,2,2,0
2032-07-18T20:10,2032-07-18T23:50,3,3,0
2032-07-18T23:50,2032-07-19T00:10,2,2,0
2032-07-19T00:10,2032-07-19T03:20,1,1,0
2032-07-19T11:20,2032-07-19T13:20,1,1,0
2032-07-19T13:20,2032-07-19T15:20,2,2,0
2032-07-19T20:10,2032-07-19T22:10,1,1,0
2032-07-19T22:35,2032-07-20T00:35,1,1,0
2032-07-20T14:10,2032-07-20T16:10,1,1,0
2032-07-20T18:10,2032-07-20T20:10,1,1,0
2032-07-21T09:20,2032-07-21T10:50,1,1,0
2032-07-21T10:50,2032-07-21T11:20,2,2,0
2032-07-21T11:20,2032-07-21T12:35,1,1,0
2032-07-21T12:35,2032-07-21T13:20,2,2,0
2032-07-21T13:20,2032-07-21T14:50,3,3,0
2032-07-21T14:50,2032-07-21T15:20,2,2,0
2032-07-21T15:20,2032-07-21T16:35,1,1,0
2032-07-21T16:50,2032-07-21T18:50,1,1,0
2032-07-22T12:50,2032-07-22T14:50,1,1,0
2032-07-22T14:50,2032-07-22T16:10,2,2,0
2032-07-22T16:10,2032-07-22T16:50,3,3,0
2032-07-22T16:50,2032-07-22T20:10,1,1,0
2032-07-22T20:35,2032-07-22T21:20,1,1,0
2032-07-22T21:20,2032-07-22T22:35,2,2,0
2032-07-22T22:35,2032-07-23T01:20,1,1,0
2032-07-23T08:50,2032-07-23T10:50,1,1,0
2032-07-23T10:50,2032-07-23T11:50,2,2,0
2032-07-23T11:50,2032-07-23T12:50,3,3,0
2032-07-23T12:50,2032-07-23T13:50,2,2,0
2032-07-23T13:50,2032-07-23T14:50,1,1,0
2032-07-23T20:10,2032-07-24T06:10,1,1,0
2032-07-24T21:50,2032-07-24T22:10,1,1,0
2032-07-24T22:10,2032-07-24T23:50,2,2,0
2032-07-24T23:50,2032-07-25T02:10,1,1,0
2032-07-25T09:20,2032-07-25T13:20,1,1,0
2032-07-25T20:10,2032-07-25T22:10,1,1,0
2032-07-25T22:10,2032-07-26T08:10,1,1,0
2032-07-26T08:35,2032-07-26T10:10,1,1,0
2032-07-26T10:10,2032-07-26T12:10,2,2,0
2032-07-26T12:10,2032-07-26T12:35,1,1,0
2032-07-26T13:20,2032-07-26T16:50,1,1,0
2032-07-26T16:50,2032-07-26T17:20,2,2,0
2032-07-26T17:20,2032-07-26T20:10,1,1,0
2032-07-26T20:10,2032-07-26T20:50,2,2,0
2032-07-26T20:50,2032-07-26T22:10,1,1,0
2032-07-27T09:20,2032-07-27T13:20,1,1,0
2032-07-27T22:10,2032-07-28T08:10,1,1,0
2032-07-28T08:35,2032-07-28T11:50,1,1,0
2032-07-28T11:50,2032-07-28T12:35,2,2,0
2032-07-28T12:35,2032-07-28T15:50,1,1,0
2032-07-28T15:50,2032-07-28T17:50,1,1,0
2032-07-28T23:50,2032-07-29T01:50,1,1,0
2032-07-29T08:50,2032-07-29T09:50,1,1,0
2032-07-29T09:50,2032-07-29T10:50,2,2,0
2032-07-29T10:50,2032-07-29T12:50,2,2,0
2032-07-29T12:50,2032-07-29T13:50,1,1,0
2032-07-29T14:10,2032-07-29T15:50,1,1,0
2032-07-29T15:50,2032-07-29T18:10,2,2,0
2032-07-29T18:10,2032-07-30T00:10,1,1,0
2032-07-30T00:10,2032-07-30T01:50,2,2,0
2032-07-30T01:50,2032-07-30T02:10,1,1,0
2032-07-30T20:10,2032-07-30T20:50,1,1,0
2032-07-30T20:50,2032-07-30T22:10,2,2,0
2032-07-30T22:10,2032-07-31T06:50,1,1,0
2032-07-31T08:35,2032-07-31T12:35,1,1,0
2032-07-31T15:20,2032-07-31T22:35,1,1,0
2032-07-31T22:35,2032-08-01T00:35,2,2,0
2032-08-01T00:35,2032-08-01T01:20,1,1,0
2032-08-01T08:35,2032-08-01T08:50,1,1,0
2032-08-01T08:50,2032-08-01T10:35,2,2,0
2032-08-01T10:35,2032-08-01T10:50,1,1,0
2032-08-01T16:10,2032-08-01T17:20,1,1,0
2032-08-01T17:20,2032-08-01T19:20,2,2,0
2032-08-01T19:20,2032-08-02T02:10,1,1,0
2032-08-02T12:35,2032-08-02T14:35,1,1,0
2032-08-03T09:50,2032-08-03T11:50,1,1,0
2032-08-03T16:50,2032-08-03T18:50,1,1,0
2032-08-03T18:50,2032-08-03T19:50,1,1,0
2032-08-03T19:50,2032-08-03T21:50,2,2,0
2032-08-03T21:50,2032-08-04T04:50,1,1,0
2032-08-04T20:10,2032-08-04T20:50,1,1,0
2032-08-04T20:50,2032-08-04T22:10,2,2,0
2032-08-04T22:10,2032-08-04T22:50,2,2,0
2032-08-04T22:50,2032-08-05T00:50,3,3,0
2032-08-05T00:50,2032-08-05T08:10,1,1,0
2032-08-05T10:10,2032-08-05T12:10,1,1,0
2032-08-05T14:50,2032-08-05T16:50,1,1,0
2032-08-05T16:50,2032-08-05T18:50,1,1,0
2032-08-05T19:50,2032-08-05T23:50,1,1,0
2032-08-06T17:20,2032-08-06T19:20,1,1,0
2032-08-07T11:20,2032-08-07T13:20,1,1,0
2032-08-07T13:20,2032-08-07T15:20,1,1,0
2032-08-07T15:20,2032-08-07T15:50,1,1,0
2032-08-07T15:50,2032-08-07T17:20,2,2,0
2032-08-07T17:20,2032-08-07T19:50,1,1,0
2032-08-07T21:50,2032-08-08T07:50,1,1,0
2032-08-08T14:10,2032-08-08T16:10,1,1,0
2032-08-08T20:35,2032-08-08T20:50,1,1,0
2032-08-08T20:50,2032-08-08T22:35,2,2,0
2032-08-08T22:35,2032-08-08T22:50,1,1,0
2032-08-08T23:20,2032-08-09T01:20,1,1,0
2032-08-09T15:20,2032-08-09T16:10,1,1,0
2032-08-09T16:10,2032-08-09T17:20,2,2,0
2032-08-09T17:20,2032-08-09T19:50,1,1,0
2032-08-09T19:50,2032-08-09T21:50,2,2,0
2032-08-09T21:50,2032-08-10T01:50,2,2,0
2032-08-10T01:50,2032-08-10T02:10,1,1,0
2032-08-10T09:20,2032-08-10T10:10,1,1,0
2032-08-10T10:10,2032-08-10T12:10,2,2,0
2032-08-10T12:10,2032-08-10T13:20,1,1,0
2032-08-10T13:20,2032-08-10T14:10,1,1,0
2032-08-10T14:10,2032-08-10T16:10,2,2,0
2032-08-10T16:10,2032-08-10T17:20,1,1,0
2032-08-10T18:10,2032-08-10T20:10,1,1,0
2032-08-11T15:50,2032-08-11T16:10,1,1,0
2032-08-11T16:10,2032-08-11T17:20,2,2,0
2032-08-11T17:20,2032-08-11T17:50,3,3,0
2032-08-11T17:50,2032-08-11T21:20,2,2,0
2032-08-11T21:20,2032-08-11T23:20,2,2,0
2032-08-11T23:20,2032-08-12T02:10,1,1,0
2032-08-12T23:50,2032-08-13T03:50,1,1,0
2032-08-13T11:50,2032-08-13T12:10,1,1,0
2032-08-13T12:10,2032-08-13T14:10,2,2,0
2032-08-13T14:10,2032-08-13T15:50,3,3,0
2032-08-13T15:50,2032-08-13T16:10,2,2,0
2032-08-14T08:35,2032-08-14T12:35,1,1,0
2032-08-15T00:10,2032-08-15T02:10,1,1,0
2032-08-15T14:10,2032-08-15T18:10,1,1,0
2032-08-15T20:50,2032-08-15T22:35,1,1,0
2032-08-15T22:35,2032-08-15T22:50,2,2,0
2032-08-15T22:50,2032-08-16T00:35,1,1,0
2032-08-16T12:50,2032-08-16T14:50,1,1,0
2032-08-16T16:50,2032-08-16T20:50,1,1,0
2032-08-17T12:10,2032-08-17T15:20,1,1,0
2032-08-17T15:20,2032-08-17T16:10,2,2,0
2032-08-17T16:10,2032-08-17T16:50,1,1,0
2032-08-17T16:50,2032-08-17T18:50,2,2,0
2032-08-17T18:50,2032-08-17T19:20,1,1,0
2032-08-17T23:50,2032-08-18T03:50,1,1,0
2032-08-18T08:10,2032-08-18T09:50,1,1,0
2032-08-18T09:50,2032-08-18T10:10,2,2,0
2032-08-18T10:10,2032-08-18T11:50,1,1,0
2032-08-18T11:50,2032-08-18T13:50,1,1,0
2032-08-18T14:10,2032-08-18T18:10,1,1,0
2032-08-19T08:35,2032-08-19T10:35,1,1,0
2032-08-19T12:35,2032-08-19T16:35,1,1,0
2032-08-19T17:20,2032-08-19T21:20,1,1,0
2032-08-20T09:20,2032-08-20T13:20,1,1,0
2032-08-20T22:35,2032-08-20T23:20,1,1,0
2032-08-20T23:20,2032-08-21T00:35,2,2,0
2032-08-21T00:35,2032-08-21T01:20,1,1,0
2032-08-21T09:20,2032-08-21T11:20,1,1,0
2032-08-21T18:50,2032-08-21T19:50,1,1,0
2032-08-21T19:50,2032-08-21T20:50,2,2,0
2032-08-21T20:50,2032-08-21T23:50,1,1,0
2032-08-22T11:50,2032-08-22T13:50,1,1,0
2032-08-22T16:50,2032-08-22T20:50,1,1,0
2032-08-23T08:10,2032-08-23T10:50,1,1,0
2032-08-23T10:50,2032-08-23T12:10,2,2,0
2032-08-23T12:10,2032-08-23T12:50,1,1,0
2032-08-23T15:20,2032-08-23T16:50,1,1,0
2032-08-23T16:50,2032-08-23T17:20,2,2,0
2032-08-23T17:20,2032-08-23T18:10,1,1,0
2032-08-23T18:10,2032-08-23T20:10,2,2,0
2032-08-23T20:10,2032-08-23T20:35,1,1,0
2032-08-23T20:35,2032-08-23T20:50,2,2,0
2032-08-23T20:50,2032-08-23T22:10,1,1,0
2032-08-23T22:10,2032-08-23T22:35,2,2,0
2032-08-23T22:35,2032-08-24T08:10,1,1,0
2032-08-24T23:50,2032-08-25T01:50,1,1,0
2032-08-25T13:20,2032-08-25T17:20,1,1,0
2032-08-25T21:50,2032-08-25T22:35,1,1,0
2032-08-25T22:35,2032-08-25T23:20,2,2,0
2032-08-25T23:20,2032-08-26T00:35,3,3,0
2032-08-26T00:35,2032-08-26T01:50,2,2,0
2032-08-26T01:50,2032-08-26T03:20,1,1,0
2032-08-26T08:35,2032-08-26T12:35,1,1,0
2032-08-26T12:50,2032-08-26T14:50,1,1,0
2032-08-26T18:10,2032-08-26T18:50,1,1,0
2032-08-26T18:50,2032-08-26T20:10,2,2,0
2032-08-26T20:10,2032-08-26T20:35,1,1,0
2032-08-26T20:35,2032-08-26T20:50,2,2,0
2032-08-26T20:50,2032-08-26T22:35,1,1,0
2032-08-27T14:10,2032-08-27T16:10,1,1,0
2032-08-27T16:10,2032-08-27T18:10,1,1,0
2032-08-28T12:50,2032-08-28T13:50,1,1,0
2032-08-28T13:50,2032-08-28T15:50,2,2,0
2032-08-28T15:50,2032-08-28T16:50,1,1,0
2032-08-28T16:50,2032-08-28T20:35,1,1,0
2032-08-28T20:35,2032-08-28T21:20,2,2,0
2032-08-28T21:20,2032-08-28T22:50,3,3,0
2032-08-28T22:50,2032-08-28T23:20,4,4,0
2032-08-28T23:20,2032-08-29T00:35,4,4,0
2032-08-29T00:35,2032-08-29T02:50,3,3,0
2032-08-29T02:50,2032-08-29T03:20,1,1,0
2032-08-29T17:20,2032-08-29T19:20,1,1,0
2032-08-29T22:35,2032-08-29T23:20,1,1,0
2032-08-29T23:20,2032-08-30T01:20,2,2,0
2032-08-30T01:20,2032-08-30T02:35,1,1,0
2032-08-30T09:20,2032-08-30T10:10,1,1,0
2032-08-30T10:10,2032-08-30T11:20,2,2,0
2032-08-30T11:20,2032-08-30T12:35,1,1,0
2032-08-30T12:35,2032-08-30T14:10,2,2,0
2032-08-30T14:10,2032-08-30T16:35,1,1,0
2032-08-30T18:50,2032-08-30T19:50,1,1,0
2032-08-30T19:50,2032-08-30T20:50,2,2,0
2032-08-30T20:50,2032-08-30T22:10,1,1,0
2032-08-30T22:10,2032-08-31T00:10,2,2,0
2032-08-31T00:10,2032-08-31T05:50,1,1,0
2032-08-31T12:50,2032-08-31T14:50,1,1,0
2032-08-31T16:50,2032-08-31T17:20,1,1,0
2032-08-31T17:20,2032-08-31T19:20,2,2,0
2032-08-31T19:20,2032-08-31T21:20,1,1,0
2032-08-31T21:20,2032-08-31T22:10,2,2,0
2032-08-31T22:10,2032-08-31T23:20,3,3,0
2032-08-31T23:20,2032-09-01T02:50,2,2,0
2032-09-01T02:50,2032-09-01T08:10,1,1,0
2032-09-01T16:50,2032-09-01T19:50,1,1,0
2032-09-01T19:50,2032-09-01T20:50,2,2,0
2032-09-01T20:50,2032-09-01T21:50,1,1,0
2032-09-01T23:50,2032-09-02T01:50,1,1,0
2032-09-02T12:50,2032-09-02T14:10,1,1,0
2032-09-02T14:10,2032-09-02T15:20,2,2,0
2032-09-02T15:20,2032-09-02T16:50,3,3,0
2032-09-02T16:50,2032-09-02T17:20,2,2,0
2032-09-02T17:20,2032-09-02T18:10,2,2,0
2032-09-02T18:10,2032-09-03T03:20,1,1,0
2032-09-04T08:35,2032-09-04T08:50,1,1,0
2032-09-04T08:50,2032-09-04T10:35,2,2,0
2032-09-04T10:35,2032-09-04T11:20,1,1,0
2032-09-04T11:20,2032-09-04T12:50,2,2,0
2032-09-04T12:50,2032-09-04T15:20,2,2,0
2032-09-04T15:20,2032-09-04T16:50,1,1,0
2032-09-04T23:20,2032-09-05T01:20,1,1,0
2032-09-05T12:10,2032-09-05T13:50,1,1,0
2032-09-05T13:50,2032-09-05T15:50,2,2,0
2032-09-05T15:50,2032-09-05T16:10,1,1,0
2032-09-05T18:10,2032-09-05T21:20,1,1,0
2032-09-05T21:20,2032-09-05T22:10,2,2,0
2032-09-05T22:10,2032-09-05T23:20,1,1,0
2032-09-05T23:20,2032-09-06T01:20,2,2,0
2032-09-06T16:10,2032-09-06T20:10,1,1,0
2032-09-07T08:10,2032-09-07T12:10,1,1,0
2032-09-07T12:10,2032-09-07T16:10,1,1,0
2032-09-07T20:35,2032-09-07T22:35,1,1,0
2032-09-08T09:20,2032-09-08T10:50,1,1,0
2032-09-08T10:50,2032-09-08T11:20,2,2,0
2032-09-08T11:20,2032-09-08T12:35,1,1,0
2032-09-08T12:35,2032-09-08T12:50,2,2,0
2032-09-08T12:50,2032-09-08T14:10,1,1,0
2032-09-08T14:10,2032-09-08T14:35,2,2,0
2032-09-08T14:35,2032-09-08T16:10,1,1,0
2032-09-09T23:20,2032-09-10T01:20,1,1,0
2032-09-10T20:10,2032-09-10T22:10,1,1,0
2032-09-11T09:20,2032-09-11T11:20,1,1,0
2032-09-11T12:10,2032-09-11T12:35,1,1,0
2032-09-11T12:35,2032-09-11T14:10,2,2,0
2032-09-11T14:10,2032-09-11T14:35,1,1,0
2032-09-11T22:10,2032-09-12T02:10,1,1,0
2032-09-12T11:50,2032-09-12T13:50,1,1,0
2032-09-12T16:10,2032-09-12T18:10,1,1,0
2032-09-12T18:10,2032-09-12T19:50,2,2,0
2032-09-12T19:50,2032-09-12T20:35,3,3,0
2032-09-12T20:35,2032-09-12T21:50,4,4,0
2032-09-12T21:50,2032-09-12T22:10,3,3,0
2032-09-12T22:10,2032-09-13T00:35,2,2,0
2032-09-13T00:35,2032-09-13T04:10,1,1,0
2032-09-13T10:50,2032-09-13T14:50,1,1,0
2032-09-13T22:50,2032-09-14T00:50,1,1,0
2032-09-14T08:10,2032-09-14T10:10,1,1,0
2032-09-14T14:10,2032-09-14T18:10,1,1,0
2032-09-14T22:35,2032-09-14T23:20,1,1,0
2032-09-14T23:20,2032-09-15T01:20,2,2,0
2032-09-15T01:20,2032-09-15T02:35,1,1,0
2032-09-15T09:20,2032-09-15T13:20,1,1,0
2032-09-15T13:50,2032-09-15T15:50,1,1,0
2032-09-15T19:50,2032-09-15T20:10,1,1,0
2032-09-15T20:10,2032-09-15T21:20,2,2,0
2032-09-15T21:20,2032-09-15T21:50,3,3,0
2032-09-15T21:50,2032-09-15T22:10,2,2,0
2032-09-15T22:10,2032-09-15T22:50,1,1,0
2032-09-15T22:50,2032-09-15T23:20,2,2,0
2032-09-15T23:20,2032-09-16T02:50,1,1,0
2032-09-16T15:20,2032-09-16T17:20,1,1,0
2032-09-16T17:20,2032-09-16T19:20,2,2,0
2032-09-16T19:20,2032-09-17T01:20,1,1,0
2032-09-17T14:50,2032-09-17T16:50,1,1,0
2032-09-17T17:20,2032-09-17T19:20,1,1,0
2032-09-17T20:35,2032-09-17T21:20,1,1,0
2032-09-17T21:20,2032-09-17T22:10,2,2,0
2032-09-17T22:10,2032-09-17T23:50,3,3,0
2032-09-17T23:50,2032-09-18T00:10,4,4,0
2032-09-18T00:10,2032-09-18T00:35,4,4,0
2032-09-18T00:35,2032-09-18T01:20,3,3,0
2032-09-18T01:20,2032-09-18T03:50,2,2,0
2032-09-18T03:50,2032-09-18T04:10,1,1,0
2032-09-18T15:50,2032-09-18T18:50,1,1,0
2032-09-18T18:50,2032-09-18T19:50,2,2,0
2032-09-18T19:50,2032-09-18T20:50,1,1,0
2032-09-18T21:20,2032-09-19T00:10,1,1,0
2032-09-19T00:10,2032-09-19T02:10,2,2,0
2032-09-19T02:10,2032-09-19T07:20,1,1,0
2032-09-19T10:10,2032-09-19T12:10,1,1,0
2032-09-19T20:10,2032-09-19T22:10,1,1,0
2032-09-19T22:50,2032-09-20T00:50,1,1,0
2032-09-20T13:50,2032-09-20T15:20,1,1,0
2032-09-20T15:20,2032-09-20T15:50,2,2,0
2032-09-20T15:50,2032-09-20T17:20,1,1,0
2032-09-20T17:20,2032-09-20T18:50,2,2,0
2032-09-20T18:50,2032-09-20T19:20,3,3,0
2032-09-20T19:20,2032-09-20T20:50,2,2,0
2032-09-20T20:50,2032-09-20T21:20,1,1,0
2032-09-20T22:10,2032-09-21T00:10,1,1,0
2032-09-21T15:50,2032-09-21T20:35,1,1,0
2032-09-21T20:35,2032-09-21T21:50,2,2,0
2032-09-21T21:50,2032-09-21T22:35,3,3,0
2032-09-21T22:35,2032-09-22T01:50,2,2,0
2032-09-22T08:10,2032-09-22T10:10,1,1,0
2032-09-22T20:35,2032-09-23T00:35,1,1,0
2032-09-23T10:50,2032-09-23T14:50,1,1,0
2032-09-23T15:20,2032-09-23T17:20,1,1,0
2032-09-23T17:20,2032-09-23T18:50,2,2,0
2032-09-23T18:50,2032-09-23T19:20,3,3,0
2032-09-23T19:20,2032-09-23T20:50,2,2,0
2032-09-23T20:50,2032-09-23T21:20,1,1,0
2032-09-24T13:50,2032-09-24T17:50,1,1,0
2032-09-24T22:35,2032-09-25T08:35,1,1,0
2032-09-25T11:20,2032-09-25T11:50,1,1,0
2032-09-25T11:50,2032-09-25T13:20,2,2,0
2032-09-25T13:20,2032-09-25T15:50,1,1,0
2032-09-25T18:50,2032-09-25T22:10,1,1,0
2032-09-25T22:10,2032-09-25T22:50,2,2,0
2032-09-25T22:50,2032-09-26T00:10,1,1,0
2032-09-26T00:10,2032-09-26T02:10,2,2,0
2032-09-26T09:20,2032-09-26T11:20,1,1,0
2032-09-26T14:50,2032-09-26T16:50,1,1,0
2032-09-26T16:50,2032-09-26T18:50,2,2,0
2032-09-26T19:50,2032-09-27T05:50,1,1,0
2032-09-27T15:50,2032-09-27T16:10,1,1,0
2032-09-27T16:10,2032-09-27T19:50,2,2,0
2032-09-27T19:50,2032-09-27T20:10,1,1,0
2032-09-27T21:20,2032-09-27T23:20,1,1,0
2032-09-28T11:50,2032-09-28T13:20,1,1,0
2032-09-28T13:20,2032-09-28T13:50,2,2,0
2032-09-28T13:50,2032-09-28T14:50,1,1,0
2032-09-28T14:50,2032-09-28T15:20,2,2,0
2032-09-28T15:20,2032-09-28T17:20,2,2,0
2032-09-28T17:20,2032-09-28T18:50,1,1,0
2032-09-29T12:10,2032-09-29T14:10,1,1,0
2032-09-29T16:10,2032-09-29T20:10,1,1,0
2032-09-29T21:50,2032-09-30T01:50,1,1,0
2032-09-30T12:50,2032-09-30T16:50,1,1,0
2032-10-01T09:20,2032-10-01T10:10,1,1,0
2032-10-01T10:10,2032-10-01T11:20,2,2,0
2032-10-01T11:20,2032-10-01T12:10,1,1,0
2032-10-01T12:50,2032-10-01T13:20,1,1,0
2032-10-01T13:20,2032-10-01T14:50,2,2,0
2032-10-01T14:50,2032-10-01T15:20,1,1,0
2032-10-01T22:35,2032-10-02T00:35,1,1,0
2032-10-02T15:20,2032-10-02T17:20,1,1,0
2032-10-02T17:20,2032-10-02T19:20,2,2,0
2032-10-02T19:20,2032-10-03T01:20,1,1,0
2032-10-03T14:10,2032-10-03T16:10,1,1,0
2032-10-03T16:50,2032-10-03T22:10,1,1,0
2032-10-03T22:10,2032-10-03T23:50,2,2,0
2032-10-03T23:50,2032-10-04T00:10,3,3,0
2032-10-04T00:10,2032-10-04T01:50,2,2,0
2032-10-04T01:50,2032-10-04T02:50,1,1,0
2032-10-05T10:50,2032-10-05T12:50,1,1,0
2032-10-05T22:10,2032-10-05T23:50,1,1,0
2032-10-05T23:50,2032-10-06T03:50,2,2,0
2032-10-06T03:50,2032-10-06T08:10,1,1,0
2032-10-06T09:20,2032-10-06T10:10,1,1,0
2032-10-06T10:10,2032-10-06T11:20,2,2,0
2032-10-06T11:20,2032-10-06T14:10,1,1,0
2032-10-06T16:50,2032-10-06T18:50,1,1,0
2032-10-06T18:50,2032-10-06T22:10,1,1,0
2032-10-06T22:10,2032-10-06T22:35,2,2,0
2032-10-06T22:35,2032-10-06T23:50,3,3,0
2032-10-06T23:50,2032-10-07T00:10,4,4,0
2032-10-07T00:10,2032-10-07T00:35,3,3,0
2032-10-07T00:35,2032-10-07T01:50,2,2,0
2032-10-07T01:50,2032-10-07T04:50,1,1,0
2032-10-07T15:50,2032-10-07T17:50,1,1,0
2032-10-07T17:50,2032-10-07T18:50,1,1,0
2032-10-07T18:50,2032-10-07T20:50,2,2,0
2032-10-07T20:50,2032-10-07T21:20,2,2,0
2032-10-07T21:20,2032-10-07T22:50,3,3,0
2032-10-07T22:50,2032-10-08T01:20,2,2,0
2032-10-08T01:20,2032-10-08T03:50,1,1,0
2032-10-09T08:10,2032-10-09T08:35,1,1,0
2032-10-09T08:35,2032-10-09T10:10,2,2,0
2032-10-09T10:10,2032-10-09T10:35,1,1,0
2032-10-09T11:20,2032-10-09T13:20,1,1,0
2032-10-09T21:50,2032-10-09T23:50,1,1,0
2032-10-09T23:50,2032-10-10T01:50,1,1,0
2032-10-10T09:20,2032-10-10T13:20,1,1,0
2032-10-10T13:50,2032-10-10T14:50,1,1,0
2032-10-10T14:50,2032-10-10T16:50,2,2,0
2032-10-10T16:50,2032-10-10T17:50,1,1,0
2032-10-10T22:35,2032-10-10T22:50,1,1,0
2032-10-10T22:50,2032-10-11T00:35,2,2,0
2032-10-11T00:35,2032-10-11T00:50,1,1,0
2032-10-11T20:50,2032-10-11T21:50,1,1,0
2032-10-11T21:50,2032-10-11T22:35,2,2,0
2032-10-11T22:35,2032-10-11T23:50,3,3,0
2032-10-11T23:50,2032-10-12T00:50,2,2,0
2032-10-12T00:50,2032-10-12T02:35,1,1,0
2032-10-12T22:50,2032-10-13T00:50,1,1,0
2032-10-13T10:50,2032-10-13T11:50,1,1,0
2032-10-13T11:50,2032-10-13T12:50,2,2,0
2032-10-13T12:50,2032-10-13T15:50,1,1,0
2032-10-13T16:10,2032-10-13T16:50,1,1,0
2032-10-13T16:50,2032-10-13T20:10,2,2,0
2032-10-13T20:10,2032-10-13T20:50,2,2,0
2032-10-13T20:50,2032-10-13T22:10,1,1,0
2032-10-15T12:10,2032-10-15T14:10,1,1,0
2032-10-15T14:50,2032-10-15T18:50,1,1,0
2032-10-15T20:10,2032-10-16T00:10,1,1,0
2032-10-16T10:10,2032-10-16T12:10,1,1,0
2032-10-16T18:10,2032-10-16T20:10,1,1,0
2032-10-16T22:10,2032-10-17T02:10,1,1,0
2032-10-17T10:10,2032-10-17T12:10,1,1,0
2032-10-17T16:50,2032-10-17T20:50,1,1,0
2032-10-17T20:50,2032-10-17T22:10,1,1,0
2032-10-17T22:10,2032-10-18T00:10,2,2,0
2032-10-18T00:10,2032-10-18T00:50,1,1,0
2032-10-18T11:50,2032-10-18T12:35,1,1,0
2032-10-18T12:35,2032-10-18T14:35,2,2,0
2032-10-18T14:35,2032-10-18T15:50,1,1,0
2032-10-18T20:10,2032-10-19T00:10,1,1,0
2032-10-19T12:50,2032-10-19T14:50,1,1,0
2032-10-19T16:10,2032-10-19T17:20,1,1,0
2032-10-19T17:20,2032-10-19T18:10,2,2,0
2032-10-19T18:10,2032-10-19T18:50,1,1,0
2032-10-19T18:50,2032-10-19T20:50,2,2,0
2032-10-19T20:50,2032-10-19T21:20,1,1,0
2032-10-19T22:35,2032-10-20T02:35,1,1,0
2032-10-20T13:50,2032-10-20T17:50,1,1,0
2032-10-21T10:10,2032-10-21T11:20,1,1,0
2032-10-21T11:20,2032-10-21T12:10,2,2,0
2032-10-21T12:10,2032-10-21T13:20,1,1,0
2032-10-21T16:50,2032-10-21T23:20,1,1,0
2032-10-21T23:20,2032-10-21T23:50,2,2,0
2032-10-21T23:50,2032-10-22T01:20,3,3,0
2032-10-22T01:20,2032-10-22T02:50,2,2,0
2032-10-22T02:50,2032-10-22T03:50,1,1,0
2032-10-22T15:50,2032-10-22T16:10,1,1,0
2032-10-22T16:10,2032-10-22T17:50,2,2,0
2032-10-22T17:50,2032-10-22T18:10,1,1,0
2032-10-23T15:20,2032-10-23T17:20,1,1,0
2032-10-23T20:50,2032-10-23T22:10,1,1,0
2032-10-23T22:10,2032-10-23T22:50,2,2,0
2032-10-23T22:50,2032-10-23T23:50,2,2,0
2032-10-23T23:50,2032-10-24T00:50,3,3,0
2032-10-24T00:50,2032-10-24T02:10,2,2,0
2032-10-24T02:10,2032-10-24T03:50,1,1,0
2032-10-24T14:10,2032-10-24T15:50,1,1,0
2032-10-24T15:50,2032-10-24T18:10,2,2,0
2032-10-24T18:10,2032-10-25T01:50,1,1,0
2032-10-25T09:50,2032-10-25T11:50,1,1,0
2032-10-25T11:50,2032-10-25T13:50,1,1,0
2032-10-25T18:50,2032-10-25T21:20,1,1,0
2032-10-25T21:20,2032-10-25T22:50,2,2,0
2032-10-25T22:50,2032-10-26T07:20,1,1,0
2032-10-26T09:20,2032-10-26T10:10,1,1,0
2032-10-26T10:10,2032-10-26T11:20,2,2,0
2032-10-26T11:20,2032-10-26T12:10,3,3,0
2032-10-26T12:10,2032-10-26T12:50,2,2,0
2032-10-26T12:50,2032-10-26T13:20,3,3,0
2032-10-26T13:20,2032-10-26T15:20,2,2,0
2032-10-26T15:20,2032-10-26T16:50,1,1,0
2032-10-26T18:10,2032-10-26T20:10,1,1,0
2032-10-26T22:50,2032-10-26T23:20,1,1,0
2032-10-26T23:20,2032-10-27T00:50,2,2,0
2032-10-27T00:50,2032-10-27T01:20,1,1,0
2032-10-27T08:10,2032-10-27T10:10,1,1,0
2032-10-27T21:50,2032-10-27T23:50,1,1,0
2032-10-27T23:50,2032-10-28T09:50,1,1,0
2032-10-28T15:20,2032-10-28T19:50,1,1,0
2032-10-28T19:50,2032-10-28T21:50,2,2,0
2032-10-28T21:50,2032-10-28T23:50,2,2,0
2032-10-28T23:50,2032-10-29T01:20,1,1,0
2032-10-29T08:10,2032-10-29T08:50,1,1,0
2032-10-29T08:50,2032-10-29T10:50,2,2,0
2032-10-29T10:50,2032-10-29T11:20,2,2,0
2032-10-29T11:20,2032-10-29T12:10,3,3,0
2032-10-29T12:10,2032-10-29T14:50,2,2,0
2032-10-29T14:50,2032-10-29T15:20,1,1,0
2032-10-29T20:35,2032-10-29T21:50,1,1,0
2032-10-29T21:50,2032-10-29T22:35,2,2,0
2032-10-29T22:35,2032-10-30T00:35,3,3,0
2032-10-30T00:35,2032-10-30T07:50,1,1,0
2032-10-30T11:20,2032-10-30T13:20,1,1,0
2032-10-30T13:50,2032-10-30T14:50,1,1,0
2032-10-30T14:50,2032-10-30T15:50,2,2,0
2032-10-30T15:50,2032-10-30T18:50,1,1,0
2032-10-30T23:20,2032-10-31T01:20,1,1,0
2032-10-31T09:50,2032-10-31T11:50,1,1,0
2032-10-31T12:10,2032-10-31T16:10,1,1,0
2032-10-31T18:10,2032-10-31T20:10,1,1,0
2032-10-31T20:10,2032-10-31T22:35,1,1,0
2032-10-31T22:35,2032-11-01T00:10,2,2,0
2032-11-01T00:10,2032-11-01T00:35,1,1,0
2032-11-01T08:50,2032-11-01T10:50,1,1,0
2032-11-01T23:50,2032-11-02T01:50,1,1,0
2032-11-02T11:50,2032-11-02T13:50,1,1,0
2032-11-02T20:50,2032-11-02T22:50,1,1,0
2032-11-02T23:50,2032-11-03T03:50,1,1,0
2032-11-03T20:35,2032-11-03T21:50,1,1,0
2032-11-03T21:50,2032-11-04T00:35,2,2,0
2032-11-04T00:35,2032-11-04T01:50,1,1,0
2032-11-04T12:50,2032-11-04T13:20,1,1,0
2032-11-04T13:20,2032-11-04T14:50,2,2,0
2032-11-04T14:50,2032-11-04T15:50,1,1,0
2032-11-04T15:50,2032-11-04T17:20,2,2,0
2032-11-04T17:20,2032-11-04T18:10,1,1,0
2032-11-04T18:10,2032-11-04T19:50,2,2,0
2032-11-04T19:50,2032-11-04T22:10,1,1,0
2032-11-05T11:20,2032-11-05T13:20,1,1,0
2032-11-05T16:50,2032-11-05T20:50,1,1,0
2032-11-05T22:50,2032-11-06T02:50,1,1,0
2032-11-06T08:50,2032-11-06T11:20,1,1,0
2032-11-06T11:20,2032-11-06T12:50,2,2,0
2032-11-06T12:50,2032-11-06T13:20,1,1,0
2032-11-06T21:20,2032-11-06T21:50,1,1,0
2032-11-06T21:50,2032-11-06T23:20,2,2,0
2032-11-06T23:20,2032-11-07T01:50,1,1,0
2032-11-07T12:35,2032-11-07T15:20,1,1,0
2032-11-07T15:20,2032-11-07T16:35,2,2,0
2032-11-07T16:35,2032-11-07T16:50,1,1,0
2032-11-07T16:50,2032-11-07T20:50,2,2,0
2032-11-07T20:50,2032-11-08T01:20,1,1,0
2032-11-08T08:10,2032-11-08T10:10,1,1,0
2032-11-08T15:20,2032-11-08T17:20,1,1,0
2032-11-08T17:20,2032-11-08T19:20,1,1,0
2032-11-08T20:10,2032-11-08T22:10,1,1,0
2032-11-09T15:50,2032-11-09T17:50,1,1,0
2032-11-10T11:20,2032-11-10T13:20,1,1,0
2032-11-11T13:50,2032-11-11T15:50,1,1,0
2032-11-11T16:50,2032-11-11T17:20,1,1,0
2032-11-11T17:20,2032-11-11T18:50,2,2,0
2032-11-11T18:50,2032-11-11T19:20,1,1,0
2032-11-12T09:20,2032-11-12T09:50,1,1,0
2032-11-12T09:50,2032-11-12T11:20,2,2,0
2032-11-12T11:20,2032-11-12T13:50,1,1,0
2032-11-12T16:10,2032-11-12T21:50,1,1,0
2032-11-12T21:50,2032-11-12T22:50,2,2,0
2032-11-12T22:50,2032-11-12T23:50,3,3,0
2032-11-12T23:50,2032-11-13T02:10,2,2,0
2032-11-13T02:10,2032-11-13T02:50,1,1,0
2032-11-13T08:10,2032-11-13T12:10,1,1,0
2032-11-13T15:20,2032-11-13T18:50,1,1,0
2032-11-13T18:50,2032-11-13T19:20,2,2,0
2032-11-13T19:20,2032-11-13T20:50,1,1,0
2032-11-14T08:50,2032-11-14T10:50,1,1,0
2032-11-14T10:50,2032-11-14T12:50,1,1,0
2032-11-14T20:10,2032-11-15T00:10,1,1,0
2032-11-15T10:10,2032-11-15T11:20,1,1,0
2032-11-15T11:20,2032-11-15T13:20,2,2,0
2032-11-15T13:20,2032-11-15T13:50,1,1,0
2032-11-15T13:50,2032-11-15T14:10,2,2,0
2032-11-15T14:10,2032-11-15T16:10,2,2,0
2032-11-15T16:10,2032-11-15T17:50,1,1,0
2032-11-15T19:50,2032-11-15T21:50,1,1,0
2032-11-16T00:10,2032-11-16T10:10,1,1,0
2032-11-16T10:50,2032-11-16T14:50,1,1,0
2032-11-17T08:50,2032-11-17T09:20,1,1,0
2032-11-17T09:20,2032-11-17T10:50,2,2,0
2032-11-17T10:50,2032-11-17T11:20,2,2,0
2032-11-17T11:20,2032-11-17T12:50,1,1,0
2032-11-17T20:35,2032-11-17T22:35,1,1,0
2032-11-17T22:35,2032-11-18T00:10,1,1,0
2032-11-18T00:10,2032-11-18T00:35,2,2,0
2032-11-18T00:35,2032-11-18T02:10,1,1,0
2032-11-18T08:10,2032-11-18T08:50,1,1,0
2032-11-18T08:50,2032-11-18T11:50,2,2,0
2032-11-18T11:50,2032-11-18T12:10,3,3,0
2032-11-18T12:10,2032-11-18T12:50,2,2,0
2032-11-18T12:50,2032-11-18T15:50,1,1,0
2032-11-18T21:20,2032-11-18T23:20,1,1,0
2032-11-18T23:20,2032-11-19T01:20,2,2,0
2032-11-19T11:50,2032-11-19T12:10,1,1,0
2032-11-19T12:10,2032-11-19T13:50,2,2,0
2032-11-19T13:50,2032-11-19T14:10,2,2,0
2032-11-19T14:10,2032-11-19T14:50,1,1,0
2032-11-19T14:50,2032-11-19T16:50,2,2,0
2032-11-19T16:50,2032-11-19T17:50,1,1,0
2032-11-20T00:10,2032-11-20T02:10,1,1,0
2032-11-20T10:50,2032-11-20T12:50,1,1,0
2032-11-20T19:50,2032-11-20T20:50,1,1,0
2032-11-20T20:50,2032-11-20T21:50,2,2,0
2032-11-20T21:50,2032-11-20T23:20,1,1,0
2032-11-20T23:20,2032-11-21T00:50,2,2,0
2032-11-21T00:50,2032-11-21T01:20,1,1,0
2032-11-21T09:50,2032-11-21T11:50,1,1,0
2032-11-21T15:50,2032-11-22T00:10,1,1,0
2032-11-22T00:10,2032-11-22T01:50,2,2,0
2032-11-22T01:50,2032-11-22T04:10,1,1,0
2032-11-22T08:10,2032-11-22T09:20,1,1,0
2032-11-22T09:20,2032-11-22T10:10,2,2,0
2032-11-22T10:10,2032-11-22T12:35,1,1,0
2032-11-22T12:35,2032-11-22T13:20,2,2,0
2032-11-22T13:20,2032-11-22T14:35,1,1,0
2032-11-23T08:10,2032-11-23T12:10,1,1,0
2032-11-23T15:20,2032-11-23T19:20,1,1,0
2032-11-23T20:50,2032-11-23T22:35,1,1,0
2032-11-23T22:35,2032-11-23T23:20,2,2,0
2032-11-23T23:20,2032-11-24T00:50,3,3,0
2032-11-24T00:50,2032-11-24T01:20,2,2,0
2032-11-24T01:20,2032-11-24T02:35,1,1,0
2032-11-24T19:50,2032-11-24T23:50,1,1,0
2032-11-25T15:50,2032-11-25T16:10,1,1,0
2032-11-25T16:10,2032-11-25T17:50,2,2,0
2032-11-25T17:50,2032-11-25T20:10,2,2,0
2032-11-25T20:10,2032-11-25T20:35,1,1,0
2032-11-25T20:35,2032-11-25T23:20,2,2,0
2032-11-25T23:20,2032-11-26T03:20,3,3,0
2032-11-26T03:20,2032-11-26T03:50,2,2,0
2032-11-26T03:50,2032-11-26T06:35,1,1,0
2032-11-26T12:10,2032-11-26T13:50,1,1,0
2032-11-26T13:50,2032-11-26T14:10,2,2,0
2032-11-26T14:10,2032-11-26T15:50,1,1,0
2032-11-26T20:35,2032-11-26T22:10,1,1,0
2032-11-26T22:10,2032-11-27T00:10,2,2,0
2032-11-27T00:10,2032-11-27T00:35,1,1,0
2032-11-27T11:50,2032-11-27T15:50,1,1,0
2032-11-27T15:50,2032-11-27T21:20,1,1,0
2032-11-27T21:20,2032-11-28T01:20,2,2,0
2032-11-28T01:20,2032-11-28T01:50,1,1,0
2032-11-28T08:50,2032-11-28T10:50,1,1,0
2032-11-28T16:10,2032-11-28T18:10,1,1,0
2032-11-28T18:10,2032-11-28T18:50,1,1,0
2032-11-28T18:50,2032-11-28T20:35,2,2,0
2032-11-28T20:35,2032-11-28T20:50,3,3,0
2032-11-28T20:50,2032-11-28T22:50,3,3,0
2032-11-28T22:50,2032-11-28T23:20,3,3,0
2032-11-28T23:20,2032-11-29T00:35,4,4,0
2032-11-29T00:35,2032-11-29T03:20,3,3,0
2032-11-29T03:20,2032-11-29T04:10,2,2,0
2032-11-29T04:10,2032-11-29T08:50,1,1,0
2032-11-29T16:50,2032-11-29T18:50,1,1,0
2032-11-29T21:50,2032-11-30T01:50,1,1,0
2032-11-30T09:20,2032-11-30T13:20,1,1,0
2032-11-30T18:10,2032-11-30T22:10,1,1,0
2032-12-01T13:50,2032-12-01T14:50,1,1,0
2032-12-01T14:50,2032-12-01T15:50,2,2,0
2032-12-01T15:50,2032-12-01T16:50,1,1,0
2032-12-01T18:10,2032-12-01T20:10,1,1,0
2032-12-02T10:10,2032-12-02T12:10,1,1,0
2032-12-02T16:50,2032-12-02T20:50,1,1,0
2032-12-02T20:50,2032-12-02T22:50,2,2,0
2032-12-02T22:50,2032-12-03T02:50,1,1,0
2032-12-03T20:10,2032-12-03T22:10,1,1,0
2032-12-04T00:10,2032-12-04T02:10,1,1,0
2032-12-04T09:50,2032-12-04T11:50,1,1,0
2032-12-04T11:50,2032-12-04T13:50,1,1,0
2032-12-05T15:20,2032-12-05T15:50,1,1,0
2032-12-05T15:50,2032-12-05T17:20,2,2,0
2032-12-05T17:20,2032-12-06T01:50,1,1,0
2032-12-06T11:50,2032-12-06T13:50,1,1,0
2032-12-06T13:50,2032-12-06T14:50,2,2,0
2032-12-06T14:50,2032-12-06T15:50,3,3,0
2032-12-06T15:50,2032-12-06T18:50,1,1,0
2032-12-06T22:10,2032-12-07T00:10,1,1,0
2032-12-07T09:50,2032-12-07T10:10,1,1,0
2032-12-07T10:10,2032-12-07T11:50,2,2,0
2032-12-07T11:50,2032-12-07T12:10,2,2,0
2032-12-07T12:10,2032-12-07T13:50,1,1,0
2032-12-07T15:20,2032-12-07T15:50,1,1,0
2032-12-07T15:50,2032-12-07T23:20,2,2,0
2032-12-07T23:20,2032-12-08T01:20,3,3,0
2032-12-08T01:20,2032-12-08T01:50,1,1,0
2032-12-08T08:35,2032-12-08T08:50,1,1,0
2032-12-08T08:50,2032-12-08T10:35,2,2,0
2032-12-08T10:35,2032-12-08T12:50,1,1,0
2032-12-08T22:50,2032-12-09T00:10,1,1,0
2032-12-09T00:10,2032-12-09T00:50,2,2,0
2032-12-09T00:50,2032-12-09T10:10,1,1,0
2032-12-09T12:35,2032-12-09T14:35,1,1,0
2032-12-09T15:50,2032-12-10T01:50,1,1,0
2032-12-10T09:20,2032-12-10T11:20,1,1,0
2032-12-10T14:50,2032-12-10T16:50,1,1,0
2032-12-10T18:10,2032-12-10T19:50,1,1,0
2032-12-10T19:50,2032-12-10T20:10,2,2,0
2032-12-10T20:10,2032-12-10T23:50,1,1,0
2032-12-11T00:10,2032-12-11T10:10,1,1,0
2032-12-11T10:10,2032-12-11T12:10,1,1,0
2032-12-11T13:20,2032-12-11T15:20,1,1,0
2032-12-11T15:50,2032-12-11T19:50,1,1,0
2032-12-11T22:10,2032-12-12T00:10,1,1,0
2032-12-12T08:35,2032-12-12T09:20,1,1,0
2032-12-12T09:20,2032-12-12T10:10,2,2,0
2032-12-12T10:10,2032-12-12T11:20,3,3,0
2032-12-12T11:20,2032-12-12T12:35,2,2,0
2032-12-12T12:35,2032-12-12T14:10,2,2,0
2032-12-12T14:10,2032-12-12T14:35,1,1,0
2032-12-13T10:50,2032-12-13T12:50,1,1,0
2032-12-13T15:20,2032-12-13T16:10,1,1,0
2032-12-13T16:10,2032-12-13T17:20,2,2,0
2032-12-13T17:20,2032-12-13T20:10,1,1,0
2032-12-13T21:50,2032-12-13T22:10,1,1,0
2032-12-13T22:10,2032-12-14T00:10,2,2,0
2032-12-14T00:10,2032-12-14T01:50,3,3,0
2032-12-14T01:50,2032-12-14T02:10,2,2,0
2032-12-15T16:50,2032-12-15T18:50,1,1,0
2032-12-15T20:35,2032-12-16T00:35,1,1,0
2032-12-16T14:50,2032-12-16T16:50,1,1,0
2032-12-16T22:50,2032-12-17T00:50,1,1,0
2032-12-17T09:20,2032-12-17T09:50,1,1,0
2032-12-17T09:50,2032-12-17T13:20,2,2,0
2032-12-17T13:20,2032-12-17T13:50,1,1,0
2032-12-17T14:50,2032-12-17T16:50,1,1,0
2032-12-17T22:10,2032-12-18T02:10,1,1,0
2032-12-18T08:35,2032-12-18T12:35,1,1,0
2032-12-18T16:10,2032-12-18T20:10,1,1,0
2032-12-19T00:10,2032-12-19T04:10,1,1,0
2032-12-19T11:50,2032-12-19T13:50,1,1,0
2032-12-19T18:10,2032-12-19T20:10,1,1,0
2032-12-19T20:10,2032-12-19T21:50,1,1,0
2032-12-19T21:50,2032-12-19T22:10,2,2,0
2032-12-19T22:10,2032-12-19T22:35,1,1,0
2032-12-19T22:35,2032-12-19T23:20,2,2,0
2032-12-19T23:20,2032-12-19T23:50,3,3,0
2032-12-19T23:50,2032-12-20T01:20,2,2,0
2032-12-20T01:20,2032-12-20T02:35,1,1,0
2032-12-20T10:10,2032-12-20T14:10,1,1,0
2032-12-21T14:50,2032-12-21T16:50,1,1,0
2032-12-21T21:20,2032-12-22T01:20,1,1,0
2032-12-22T11:20,2032-12-22T13:20,1,1,0
2032-12-22T18:10,2032-12-22T20:10,1,1,0
2032-12-22T21:20,2032-12-22T21:50,1,1,0
2032-12-22T21:50,2032-12-22T23:20,2,2,0
2032-12-22T23:20,2032-12-22T23:50,1,1,0
2032-12-23T13:20,2032-12-23T17:20,1,1,0
2032-12-23T20:50,2032-12-23T22:50,1,1,0
2032-12-24T08:35,2032-12-24T09:50,1,1,0
2032-12-24T09:50,2032-12-24T10:35,2,2,0
2032-12-24T10:35,2032-12-24T10:50,1,1,0
2032-12-24T10:50,2032-12-24T11:50,2,2,0
2032-12-24T11:50,2032-12-24T12:50,3,3,0
2032-12-24T12:50,2032-12-24T13:50,2,2,0
2032-12-24T13:50,2032-12-24T15:50,1,1,0
2032-12-24T20:10,2032-12-25T00:10,1,1,0
2032-12-25T14:10,2032-12-25T16:10,1,1,0
2032-12-25T16:10,2032-12-25T18:10,1,1,0
2032-12-25T18:10,2032-12-25T21:20,1,1,0
2032-12-25T21:20,2032-12-25T23:20,2,2,0
2032-12-25T23:20,2032-12-26T03:20,3,3,0
2032-12-26T03:20,2032-12-26T04:10,2,2,0
2032-12-26T04:10,2032-12-26T07:20,1,1,0
2032-12-26T13:50,2032-12-26T14:50,1,1,0
2032-12-26T14:50,2032-12-26T15:50,2,2,0
2032-12-26T15:50,2032-12-26T16:50,3,3,0
2032-12-26T16:50,2032-12-26T17:50,2,2,0
2032-12-26T17:50,2032-12-26T18:10,1,1,0
2032-12-26T18:10,2032-12-26T19:50,2,2,0
2032-12-26T19:50,2032-12-26T22:10,1,1,0
2032-12-26T22:50,2032-12-27T00:50,1,1,0
2032-12-27T10:50,2032-12-27T11:20,1,1,0
2032-12-27T11:20,2032-12-27T12:35,2,2,0
2032-12-27T12:35,2032-12-27T12:50,3,3,0
2032-12-27T12:50,2032-12-27T13:20,2,2,0
2032-12-27T13:20,2032-12-27T14:35,1,1,0
2032-12-28T23:50,2032-12-29T01:50,1,1,0
2032-12-29T09:20,2032-12-29T11:20,1,1,0
2032-12-29T11:20,2032-12-29T12:35,1,1,0
2032-12-29T12:35,2032-12-29T13:20,2,2,0
2032-12-29T13:20,2032-12-29T15:20,2,2,0
2032-12-29T15:20,2032-12-29T15:50,2,2,0
2032-12-29T15:50,2032-12-29T16:35,3,3,0
2032-12-29T16:35,2032-12-29T19:20,2,2,0
2032-12-29T19:20,2032-12-29T19:50,1,1,0
2032-12-30T08:10,2032-12-30T10:10,1,1,0
2032-12-30T10:10,2032-12-30T12:10,2,2,0
2032-12-30T15:50,2032-12-30T17:50,1,1,0
2032-12-30T19:50,2032-12-30T20:35,1,1,0
2032-12-30T20:35,2032-12-30T21:50,2,2,0
2032-12-30T21:50,2032-12-31T00:35,1,1,0
2032-12-31T11:20,2032-12-31T13:20,1,1,0
2032-12-31T14:10,2032-12-31T16:10,1,1,0
2032-12-31T16:50,2032-12-31T20:50,1,1,0
2032-12-31T22:50,2033-01-01T00:10,1,1,0
2033-01-01T00:10,2033-01-01T00:50,2,2,0
2033-01-01T00:50,2033-01-01T04:10,1,1,0
2033-01-01T10:10,2033-01-01T12:10,1,1,0
2033-01-01T13:20,2033-01-01T15:20,1,1,0
2033-01-02T11:50,2033-01-02T13:50,1,1,0
2033-01-02T15:20,2033-01-02T16:10,1,1,0
2033-01-02T16:10,2033-01-02T18:10,2,2,0
2033-01-02T18:10,2033-01-03T01:20,2,2,0
2033-01-03T01:20,2033-01-03T04:10,1,1,0
2033-01-03T11:50,2033-01-03T15:50,1,1,0
2033-01-04T08:10,2033-01-04T09:20,1,1,0
2033-01-04T09:20,2033-01-04T10:10,2,2,0
2033-01-04T10:10,2033-01-04T12:10,3,3,0
2033-01-04T12:10,2033-01-04T13:20,1,1,0
2033-01-04T15:20,2033-01-04T21:20,1,1,0
2033-01-04T21:20,2033-01-04T22:50,2,2,0
2033-01-04T22:50,2033-01-05T01:20,3,3,0
2033-01-05T01:20,2033-01-05T02:50,1,1,0
2033-01-05T20:35,2033-01-05T20:50,1,1,0
2033-01-05T20:50,2033-01-05T22:35,2,2,0
2033-01-05T22:35,2033-01-06T00:50,1,1,0
2033-01-06T15:50,2033-01-06T17:50,1,1,0
2033-01-06T18:10,2033-01-06T20:10,1,1,0
2033-01-06T23:50,2033-01-07T03:50,1,1,0
2033-01-07T08:50,2033-01-07T10:50,1,1,0
2033-01-07T12:35,2033-01-07T15:20,1,1,0
2033-01-07T15:20,2033-01-07T15:50,2,2,0
2033-01-07T15:50,2033-01-07T16:35,3,3,0
2033-01-07T16:35,2033-01-07T17:20,2,2,0
2033-01-07T17:20,2033-01-07T19:20,3,3,0
2033-01-07T19:20,2033-01-07T21:20,2,2,0
2033-01-07T21:20,2033-01-08T01:50,1,1,0
2033-01-08T11:20,2033-01-08T12:35,1,1,0
2033-01-08T12:35,2033-01-08T14:35,2,2,0
2033-01-08T14:35,2033-01-08T15:20,1,1,0
2033-01-08T20:50,2033-01-08T22:35,1,1,0
2033-01-08T22:35,2033-01-08T22:50,2,2,0
2033-01-08T22:50,2033-01-08T23:50,1,1,0
2033-01-08T23:50,2033-01-09T00:10,2,2,0
2033-01-09T00:10,2033-01-09T00:35,3,3,0
2033-01-09T00:35,2033-01-09T02:10,2,2,0
2033-01-09T02:10,2033-01-09T03:50,1,1,0
2033-01-09T21:20,2033-01-09T23:20,1,1,0
2033-01-11T18:10,2033-01-11T19:50,1,1,0
2033-01-11T19:50,2033-01-11T20:10,2,2,0
2033-01-11T20:10,2033-01-11T21:50,1,1,0
2033-01-11T22:10,2033-01-11T22:35,1,1,0
2033-01-11T22:35,2033-01-12T00:10,2,2,0
2033-01-12T00:10,2033-01-12T00:35,2,2,0
2033-01-12T00:35,2033-01-12T10:10,1,1,0
2033-01-12T13:50,2033-01-12T14:10,1,1,0
2033-01-12T14:10,2033-01-12T15:50,2,2,0
2033-01-12T15:50,2033-01-12T18:10,1,1,0
2033-01-13T09:20,2033-01-13T11:20,1,1,0
2033-01-13T12:35,2033-01-13T16:35,1,1,0
2033-01-13T20:50,2033-01-13T23:20,1,1,0
2033-01-13T23:20,2033-01-14T00:50,2,2,0
2033-01-14T00:50,2033-01-14T01:20,1,1,0
2033-01-14T12:35,2033-01-14T13:20,1,1,0
2033-01-14T13:20,2033-01-14T15:20,2,2,0
2033-01-14T15:20,2033-01-14T16:35,2,2,0
2033-01-14T16:35,2033-01-14T17:20,1,1,0
2033-01-15T00:10,2033-01-15T04:10,1,1,0
2033-01-15T14:50,2033-01-15T18:50,1,1,0
2033-01-15T20:10,2033-01-15T22:10,1,1,0
2033-01-16T15:20,2033-01-16T18:10,1,1,0
2033-01-16T18:10,2033-01-16T19:20,2,2,0
2033-01-16T19:20,2033-01-16T20:10,1,1,0
2033-01-16T21:20,2033-01-17T01:20,1,1,0
2033-01-17T08:50,2033-01-17T10:50,1,1,0
2033-01-17T13:20,2033-01-17T13:50,1,1,0
2033-01-17T13:50,2033-01-17T15:20,2,2,0
2033-01-17T15:20,2033-01-17T15:50,2,2,0
2033-01-17T15:50,2033-01-17T17:20,1,1,0
2033-01-18T10:10,2033-01-18T12:10,1,1,0
2033-01-18T12:10,2033-01-18T12:35,1,1,0
2033-01-18T12:35,2033-01-18T14:10,2,2,0
2033-01-18T14:10,2033-01-18T16:35,1,1,0
2033-01-19T08:50,2033-01-19T09:50,1,1,0
2033-01-19T09:50,2033-01-19T11:50,2,2,0
2033-01-19T11:50,2033-01-19T12:50,1,1,0
2033-01-19T15:20,2033-01-19T16:10,1,1,0
2033-01-19T16:10,2033-01-19T18:10,2,2,0
2033-01-19T18:10,2033-01-19T18:50,1,1,0
2033-01-19T18:50,2033-01-19T19:20,2,2,0
2033-01-19T19:20,2033-01-19T19:50,1,1,0
2033-01-19T19:50,2033-01-19T20:35,2,2,0
2033-01-19T20:35,2033-01-19T22:10,3,3,0
2033-01-19T22:10,2033-01-19T22:35,4,4,0
2033-01-19T22:35,2033-01-19T22:50,3,3,0
2033-01-19T22:50,2033-01-19T23:50,2,2,0
2033-01-19T23:50,2033-01-20T08:10,1,1,0
2033-01-20T12:50,2033-01-20T14:50,1,1,0
2033-01-20T15:20,2033-01-20T19:50,1,1,0
2033-01-20T19:50,2033-01-20T21:50,2,2,0
2033-01-20T21:50,2033-01-20T23:50,1,1,0
2033-01-20T23:50,2033-01-21T01:20,2,2,0
2033-01-21T01:20,2033-01-21T01:50,1,1,0
2033-01-21T08:35,2033-01-21T12:35,1,1,0
2033-01-21T13:50,2033-01-21T15:50,1,1,0
2033-01-21T15:50,2033-01-21T17:20,1,1,0
2033-01-21T17:20,2033-01-21T19:20,2,2,0
2033-01-21T19:20,2033-01-22T01:50,1,1,0
2033-01-22T12:10,2033-01-22T12:50,1,1,0
2033-01-22T12:50,2033-01-22T13:50,2,2,0
2033-01-22T13:50,2033-01-22T14:50,3,3,0
2033-01-22T14:50,2033-01-22T16:10,2,2,0
2033-01-22T16:10,2033-01-22T17:50,2,2,0
2033-01-22T17:50,2033-01-22T18:10,1,1,0
2033-01-23T12:35,2033-01-23T14:10,1,1,0
2033-01-23T14:10,2033-01-23T16:10,2,2,0
2033-01-23T16:10,2033-01-23T16:35,1,1,0
2033-01-23T20:10,2033-01-23T20:50,1,1,0
2033-01-23T20:50,2033-01-23T22:10,2,2,0
2033-01-23T22:10,2033-01-24T00:50,1,1,0
2033-01-24T08:35,2033-01-24T10:10,1,1,0
2033-01-24T10:10,2033-01-24T11:20,2,2,0
2033-01-24T11:20,2033-01-24T12:35,3,3,0
2033-01-24T12:35,2033-01-24T13:20,2,2,0
2033-01-24T13:20,2033-01-24T14:10,1,1,0
2033-01-24T23:50,2033-01-25T03:50,1,1,0
2033-01-25T21:20,2033-01-25T21:50,1,1,0
2033-01-25T21:50,2033-01-25T23:20,2,2,0
2033-01-25T23:20,2033-01-26T01:50,1,1,0
2033-01-26T11:20,2033-01-26T15:20,1,1,0
2033-01-26T16:50,2033-01-26T19:50,1,1,0
2033-01-26T19:50,2033-01-26T21:50,2,2,0
2033-01-26T21:50,2033-01-27T02:50,1,1,0
2033-01-27T08:10,2033-01-27T09:50,1,1,0
2033-01-27T09:50,2033-01-27T11:50,2,2,0
2033-01-27T11:50,2033-01-27T12:10,1,1,0
2033-01-27T16:10,2033-01-27T19:50,1,1,0
2033-01-27T19:50,2033-01-27T20:10,2,2,0
2033-01-27T20:10,2033-01-27T21:50,1,1,0
2033-01-28T08:50,2033-01-28T12:50,1,1,0
2033-01-28T13:20,2033-01-28T15:20,1,1,0
2033-01-28T21:50,2033-01-28T23:50,1,1,0
2033-01-29T08:10,2033-01-29T11:20,1,1,0
2033-01-29T11:20,2033-01-29T12:10,2,2,0
2033-01-29T12:10,2033-01-29T15:20,1,1,0
2033-01-29T15:20,2033-01-29T22:10,1,1,0
2033-01-29T22:10,2033-01-30T00:10,2,2,0
2033-01-30T00:10,2033-01-30T01:20,1,1,0
2033-01-30T08:35,2033-01-30T09:20,1,1,0
2033-01-30T09:20,2033-01-30T10:10,2,2,0
2033-01-30T10:10,2033-01-30T10:35,3,3,0
2033-01-30T10:35,2033-01-30T12:10,2,2,0
2033-01-30T12:10,2033-01-30T13:20,1,1,0
2033-01-30T13:50,2033-01-30T17:50,1,1,0
2033-01-30T22:50,2033-01-31T02:50,1,1,0
2033-01-31T19:50,2033-01-31T20:35,1,1,0
2033-01-31T20:35,2033-01-31T21:50,2,2,0
2033-01-31T21:50,2033-01-31T22:35,1,1,0
2033-01-31T22:50,2033-01-31T23:20,1,1,0
2033-01-31T23:20,2033-02-01T08:50,2,2,0
2033-02-01T08:50,2033-02-01T09:20,1,1,0
2033-02-01T14:50,2033-02-01T16:50,1,1,0
2033-02-02T08:10,2033-02-02T08:35,1,1,0
2033-02-02T08:35,2033-02-02T10:10,2,2,0
2033-02-02T10:10,2033-02-02T10:35,1,1,0
2033-02-03T00:10,2033-02-03T02:10,1,1,0
2033-02-03T12:10,2033-02-03T14:10,1,1,0
2033-02-03T14:10,2033-02-03T16:10,1,1,0
2033-02-04T18:50,2033-02-04T20:50,1,1,0
2033-02-04T20:50,2033-02-04T22:50,1,1,0
2033-02-05T19:50,2033-02-05T20:35,1,1,0
2033-02-05T20:35,2033-02-05T21:50,2,2,0
2033-02-05T21:50,2033-02-06T00:35,1,1,0
2033-02-06T09:50,2033-02-06T11:50,1,1,0
2033-02-06T14:10,2033-02-06T14:50,1,1,0
2033-02-06T14:50,2033-02-06T16:10,2,2,0
2033-02-06T16:10,2033-02-06T16:50,2,2,0
2033-02-06T16:50,2033-02-06T18:10,1,1,0
2033-02-06T18:10,2033-02-06T18:50,1,1,0
2033-02-06T18:50,2033-02-06T22:50,2,2,0
2033-02-06T22:50,2033-02-07T04:10,1,1,0
2033-02-07T12:50,2033-02-07T13:20,1,1,0
2033-02-07T13:20,2033-02-07T14:50,2,2,0
2033-02-07T14:50,2033-02-07T17:20,1,1,0
2033-02-08T10:50,2033-02-08T12:50,1,1,0
2033-02-08T12:50,2033-02-08T14:50,1,1,0
2033-02-08T17:20,2033-02-08T19:20,1,1,0
2033-02-09T13:50,2033-02-09T15:50,1,1,0
2033-02-09T16:50,2033-02-09T20:35,1,1,0
2033-02-09T20:35,2033-02-09T22:35,2,2,0
2033-02-09T22:35,2033-02-09T22:50,1,1,0
2033-02-09T22:50,2033-02-09T23:50,2,2,0
2033-02-09T23:50,2033-02-10T00:50,3,3,0
2033-02-10T00:50,2033-02-10T02:50,2,2,0
2033-02-10T02:50,2033-02-10T03:50,1,1,0
2033-02-10T14:50,2033-02-10T16:50,1,1,0
2033-02-10T18:50,2033-02-10T20:50,1,1,0
2033-02-10T21:20,2033-02-11T01:20,1,1,0
2033-02-11T09:50,2033-02-11T11:50,1,1,0
2033-02-11T12:50,2033-02-11T13:50,1,1,0
2033-02-11T13:50,2033-02-11T15:50,2,2,0
2033-02-11T15:50,2033-02-11T16:10,1,1,0
2033-02-11T16:10,2033-02-11T16:50,2,2,0
2033-02-11T16:50,2033-02-11T17:20,1,1,0
2033-02-11T17:20,2033-02-11T19:20,2,2,0
2033-02-11T19:20,2033-02-12T02:10,1,1,0
2033-02-12T15:20,2033-02-12T16:50,1,1,0
2033-02-12T16:50,2033-02-12T17:20,2,2,0
2033-02-12T17:20,2033-02-12T20:50,1,1,0
2033-02-12T20:50,2033-02-12T21:50,1,1,0
2033-02-12T21:50,2033-02-12T22:50,2,2,0
2033-02-12T22:50,2033-02-13T01:50,1,1,0
2033-02-13T12:10,2033-02-13T14:10,1,1,0
2033-02-14T11:20,2033-02-14T11:50,1,1,0
2033-02-14T11:50,2033-02-14T15:20,2,2,0
2033-02-14T15:20,2033-02-14T15:50,1,1,0
2033-02-14T22:10,2033-02-15T00:10,1,1,0
2033-02-15T08:10,2033-02-15T12:10,1,1,0
2033-02-16T13:50,2033-02-16T14:10,1,1,0
2033-02-16T14:10,2033-02-16T17:50,2,2,0
2033-02-16T17:50,2033-02-16T18:10,1,1,0
2033-02-16T20:35,2033-02-16T22:10,1,1,0
2033-02-16T22:10,2033-02-16T22:35,2,2,0
2033-02-16T22:35,2033-02-17T00:10,1,1,0
2033-02-17T09:50,2033-02-17T12:35,1,1,0
2033-02-17T12:35,2033-02-17T12:50,2,2,0
2033-02-17T12:50,2033-02-17T13:50,3,3,0
2033-02-17T13:50,2033-02-17T14:35,2,2,0
2033-02-17T14:35,2033-02-17T16:50,1,1,0
2033-02-17T21:50,2033-02-18T01:50,1,1,0
2033-02-18T12:10,2033-02-18T16:10,1,1,0
2033-02-18T16:10,2033-02-18T18:10,1,1,0
2033-02-18T22:50,2033-02-19T00:10,1,1,0
2033-02-19T00:10,2033-02-19T02:10,2,2,0
2033-02-19T02:10,2033-02-19T08:50,1,1,0
2033-02-19T09:20,2033-02-19T11:20,1,1,0
2033-02-19T11:20,2033-02-19T13:20,1,1,0
2033-02-19T14:50,2033-02-19T18:10,1,1,0
2033-02-19T18:10,2033-02-19T18:50,2,2,0
2033-02-19T18:50,2033-02-20T04:10,1,1,0
2033-02-20T08:10,2033-02-20T10:10,1,1,0
2033-02-20T12:10,2033-02-20T16:10,1,1,0
2033-02-20T20:35,2033-02-20T22:35,1,1,0
2033-02-21T08:50,2033-02-21T12:50,1,1,0
2033-02-21T22:50,2033-02-22T00:50,1,1,0
2033-02-22T08:50,2033-02-22T09:20,1,1,0
2033-02-22T09:20,2033-02-22T10:50,2,2,0
2033-02-22T10:50,2033-02-22T11:20,1,1,0
2033-02-22T18:10,2033-02-22T18:50,1,1,0
2033-02-22T18:50,2033-02-22T20:10,2,2,0
2033-02-22T20:10,2033-02-22T22:50,1,1,0
2033-02-23T12:50,2033-02-23T14:10,1,1,0
2033-02-23T14:10,2033-02-23T14:50,2,2,0
2033-02-23T14:50,2033-02-23T16:10,1,1,0
2033-02-23T16:10,2033-02-23T17:20,2,2,0
2033-02-23T17:20,2033-02-23T18:10,3,3,0
2033-02-23T18:10,2033-02-23T20:10,2,2,0
2033-02-23T20:10,2033-02-24T00:10,1,1,0
2033-02-24T00:10,2033-02-24T03:20,2,2,0
2033-02-24T03:20,2033-02-24T04:10,1,1,0
2033-02-24T10:10,2033-02-24T12:10,1,1,0
2033-02-24T17:20,2033-02-24T19:20,1,1,0
2033-02-24T20:10,2033-02-24T22:10,1,1,0
2033-02-25T11:20,2033-02-25T15:20,1,1,0
2033-02-25T19:50,2033-02-25T21:20,1,1,0
2033-02-25T21:20,2033-02-25T23:20,2,2,0
2033-02-25T23:20,2033-02-25T23:50,3,3,0
2033-02-25T23:50,2033-02-26T01:20,2,2,0
2033-02-26T10:50,2033-02-26T12:50,1,1,0
2033-02-26T15:20,2033-02-26T22:10,1,1,0
2033-02-26T22:10,2033-02-27T00:10,2,2,0
2033-02-27T00:10,2033-02-27T01:20,1,1,0
2033-02-27T08:10,2033-02-27T12:10,1,1,0
2033-02-27T17:20,2033-02-27T18:10,1,1,0
2033-02-27T18:10,2033-02-27T19:20,2,2,0
2033-02-27T19:20,2033-02-27T20:10,1,1,0
2033-02-27T20:10,2033-02-27T22:10,1,1,0
2033-02-28T11:50,2033-02-28T13:50,1,1,0
2033-02-28T13:50,2033-02-28T15:50,1,1,0
2033-02-28T15:50,2033-02-28T17:20,1,1,0
2033-02-28T17:20,2033-02-28T17:50,2,2,0
2033-02-28T17:50,2033-02-28T18:50,1,1,0
2033-02-28T18:50,2033-02-28T20:50,2,2,0
2033-02-28T20:50,2033-02-28T21:20,3,3,0
2033-02-28T21:20,2033-03-01T00:50,2,2,0
2033-03-01T00:50,2033-03-01T04:50,1,1,0
2033-03-01T12:35,2033-03-01T16:35,1,1,0
2033-03-01T20:50,2033-03-01T21:20,1,1,0
2033-03-01T21:20,2033-03-01T22:50,2,2,0
2033-03-01T22:50,2033-03-01T23:20,2,2,0
2033-03-01T23:20,2033-03-01T23:50,1,1,0
2033-03-01T23:50,2033-03-02T01:50,2,2,0
2033-03-02T01:50,2033-03-02T02:50,1,1,0
2033-03-02T15:50,2033-03-02T16:50,1,1,0
2033-03-02T16:50,2033-03-02T17:50,2,2,0
2033-03-02T17:50,2033-03-02T18:50,2,2,0
2033-03-02T18:50,2033-03-02T20:10,1,1,0
2033-03-02T20:10,2033-03-02T22:10,2,2,0
2033-03-02T22:10,2033-03-03T02:10,2,2,0
2033-03-03T02:10,2033-03-03T03:50,1,1,0
2033-03-03T09:50,2033-03-03T10:50,1,1,0
2033-03-03T10:50,2033-03-03T12:10,2,2,0
2033-03-03T12:10,2033-03-03T12:50,3,3,0
2033-03-03T12:50,2033-03-03T13:50,2,2,0
2033-03-03T13:50,2033-03-03T16:10,1,1,0
2033-03-03T18:50,2033-03-03T20:50,1,1,0
2033-03-04T16:50,2033-03-04T18:50,1,1,0
2033-03-04T21:50,2033-03-04T23:50,1,1,0
2033-03-05T16:10,2033-03-05T18:50,1,1,0
2033-03-05T18:50,2033-03-05T20:10,2,2,0
2033-03-05T20:10,2033-03-05T20:50,1,1,0
2033-03-06T12:35,2033-03-06T13:50,1,1,0
2033-03-06T13:50,2033-03-06T14:50,2,2,0
2033-03-06T14:50,2033-03-06T16:35,3,3,0
2033-03-06T16:35,2033-03-06T16:50,2,2,0
2033-03-06T16:50,2033-03-06T17:50,1,1,0
2033-03-07T10:50,2033-03-07T14:50,1,1,0
2033-03-08T08:10,2033-03-08T08:35,1,1,0
2033-03-08T08:35,2033-03-08T10:10,2,2,0
2033-03-08T10:10,2033-03-08T10:50,1,1,0
2033-03-08T10:50,2033-03-08T12:35,2,2,0
2033-03-08T12:35,2033-03-08T14:50,1,1,0
2033-03-08T21:20,2033-03-08T22:50,1,1,0
2033-03-08T22:50,2033-03-08T23:20,2,2,0
2033-03-08T23:20,2033-03-09T00:50,1,1,0
2033-03-09T11:50,2033-03-09T13:20,1,1,0
2033-03-09T13:20,2033-03-09T15:20,2,2,0
2033-03-09T15:20,2033-03-09T15:50,1,1,0
2033-03-09T17:20,2033-03-09T20:50,1,1,0
2033-03-09T20:50,2033-03-09T21:20,2,2,0
2033-03-09T21:20,2033-03-10T00:50,1,1,0
2033-03-10T15:50,2033-03-10T17:20,1,1,0
2033-03-10T17:20,2033-03-10T19:20,2,2,0
2033-03-10T19:20,2033-03-10T19:50,1,1,0
2033-03-11T00:10,2033-03-11T04:10,1,1,0
2033-03-11T08:35,2033-03-11T10:10,1,1,0
2033-03-11T10:10,2033-03-11T10:35,2,2,0
2033-03-11T10:35,2033-03-11T11:50,1,1,0
2033-03-11T11:50,2033-03-11T12:10,2,2,0
2033-03-11T12:10,2033-03-11T14:10,2,2,0
2033-03-11T14:10,2033-03-11T15:50,1,1,0
2033-03-12T08:50,2033-03-12T10:50,1,1,0
2033-03-13T22:50,2033-03-13T23:50,1,1,0
2033-03-13T23:50,2033-03-14T00:50,2,2,0
2033-03-14T00:50,2033-03-14T01:50,1,1,0
2033-03-14T09:50,2033-03-14T11:50,1,1,0
2033-03-14T15:50,2033-03-14T19:50,1,1,0
2033-03-14T19:50,2033-03-14T20:10,2,2,0
2033-03-14T20:10,2033-03-14T21:50,3,3,0
2033-03-14T21:50,2033-03-15T00:10,2,2,0
2033-03-15T00:10,2033-03-15T01:50,1,1,0
2033-03-15T12:10,2033-03-15T14:10,1,1,0
2033-03-15T17:20,2033-03-15T21:20,1,1,0
2033-03-16T08:35,2033-03-16T11:20,1,1,0
2033-03-16T11:20,2033-03-16T12:35,2,2,0
2033-03-16T12:35,2033-03-16T13:20,1,1,0
2033-03-16T15:50,2033-03-16T17:20,1,1,0
2033-03-16T17:20,2033-03-16T17:50,2,2,0
2033-03-16T17:50,2033-03-16T18:50,1,1,0
2033-03-16T18:50,2033-03-16T20:50,2,2,0
2033-03-16T20:50,2033-03-16T21:20,1,1,0
2033-03-17T22:35,2033-03-18T00:10,1,1,0
2033-03-18T00:10,2033-03-18T00:35,2,2,0
2033-03-18T00:35,2033-03-18T02:10,1,1,0
2033-03-18T13:50,2033-03-18T16:50,1,1,0
2033-03-18T16:50,2033-03-18T17:50,2,2,0
2033-03-18T17:50,2033-03-18T20:50,1,1,0
2033-03-18T20:50,2033-03-18T22:10,2,2,0
2033-03-18T22:10,2033-03-18T22:50,3,3,0
2033-03-18T22:50,2033-03-19T00:50,4,4,0
2033-03-19T00:50,2033-03-19T02:10,2,2,0
2033-03-19T02:10,2033-03-19T02:50,1,1,0
2033-03-19T08:50,2033-03-19T12:50,1,1,0
2033-03-19T13:20,2033-03-19T15:20,1,1,0
2033-03-19T16:50,2033-03-19T18:50,1,1,0
2033-03-19T18:50,2033-03-19T19:50,2,2,0
2033-03-19T19:50,2033-03-19T20:50,3,3,0
2033-03-19T20:50,2033-03-19T21:50,3,3,0
2033-03-19T21:50,2033-03-19T22:50,2,2,0
2033-03-19T22:50,2033-03-20T02:50,1,1,0
2033-03-20T14:50,2033-03-20T16:50,1,1,0
2033-03-20T16:50,2033-03-20T17:20,1,1,0
2033-03-20T17:20,2033-03-20T18:50,2,2,0
2033-03-20T18:50,2033-03-20T21:20,1,1,0
2033-03-21T14:10,2033-03-21T16:10,1,1,0
2033-03-21T20:50,2033-03-21T21:50,1,1,0
2033-03-21T21:50,2033-03-21T22:10,2,2,0
2033-03-21T22:10,2033-03-21T23:20,3,3,0
2033-03-21T23:20,2033-03-21T23:50,4,4,0
2033-03-21T23:50,2033-03-22T00:50,4,4,0
2033-03-22T00:50,2033-03-22T03:20,3,3,0
2033-03-22T03:20,2033-03-22T03:50,2,2,0
2033-03-22T03:50,2033-03-22T08:10,1,1,0
2033-03-22T15:20,2033-03-22T18:10,1,1,0
2033-03-22T18:10,2033-03-22T19:20,2,2,0
2033-03-22T19:20,2033-03-22T20:10,1,1,0
2033-03-22T23:50,2033-03-23T01:50,1,1,0
2033-03-23T09:50,2033-03-23T11:50,1,1,0
2033-03-23T19:50,2033-03-23T21:50,1,1,0
2033-03-23T22:35,2033-03-24T00:35,1,1,0
2033-03-24T13:20,2033-03-24T14:50,1,1,0
2033-03-24T14:50,2033-03-24T15:20,2,2,0
2033-03-24T15:20,2033-03-24T16:50,1,1,0
2033-03-24T16:50,2033-03-24T18:10,2,2,0
2033-03-24T18:10,2033-03-24T18:50,3,3,0
2033-03-24T18:50,2033-03-24T19:50,2,2,0
2033-03-24T19:50,2033-03-24T20:10,3,3,0
2033-03-24T20:10,2033-03-24T20:50,2,2,0
2033-03-24T20:50,2033-03-24T21:50,1,1,0
2033-03-24T21:50,2033-03-24T23:50,2,2,0
2033-03-25T17:20,2033-03-25T20:10,1,1,0
2033-03-25T20:10,2033-03-25T21:20,2,2,0
2033-03-25T21:20,2033-03-25T22:10,1,1,0
2033-03-26T00:10,2033-03-26T02:10,1,1,0
2033-03-26T08:35,2033-03-26T12:35,1,1,0
2033-03-26T12:50,2033-03-26T14:50,1,1,0
2033-03-26T14:50,2033-03-26T15:50,2,2,0
2033-03-26T15:50,2033-03-26T16:50,3,3,0
2033-03-26T16:50,2033-03-26T17:50,2,2,0
2033-03-26T17:50,2033-03-26T18:50,1,1,0
2033-03-26T23:50,2033-03-27T09:50,1,1,0
2033-03-27T22:10,2033-03-28T08:10,1,1,0
2033-03-28T08:50,2033-03-28T09:20,1,1,0
2033-03-28T09:20,2033-03-28T10:50,2,2,0
2033-03-28T10:50,2033-03-28T13:20,1,1,0
2033-03-28T13:20,2033-03-28T17:20,1,1,0
2033-03-28T23:50,2033-03-29T01:50,1,1,0
2033-03-29T12:35,2033-03-29T14:10,1,1,0
2033-03-29T14:10,2033-03-29T16:10,2,2,0
2033-03-29T16:10,2033-03-29T16:35,1,1,0
2033-03-29T18:10,2033-03-29T21:50,1,1,0
2033-03-29T21:50,2033-03-29T22:10,2,2,0
2033-03-29T22:10,2033-03-29T23:50,1,1,0
2033-03-29T23:50,2033-03-30T01:50,2,2,0
2033-03-30T13:20,2033-03-30T16:10,1,1,0
2033-03-30T16:10,2033-03-30T17:20,2,2,0
2033-03-30T17:20,2033-03-31T02:10,1,1,0
2033-03-31T12:35,2033-03-31T15:50,1,1,0
2033-03-31T15:50,2033-03-31T16:35,2,2,0
2033-03-31T16:35,2033-03-31T19:50,1,1,0
2033-03-31T20:50,2033-03-31T22:50,1,1,0
2033-04-01T09:50,2033-04-01T11:20,1,1,0
2033-04-01T11:20,2033-04-01T11:50,2,2,0
2033-04-01T11:50,2033-04-01T12:50,1,1,0
2033-04-01T12:50,2033-04-01T13:20,2,2,0
2033-04-01T13:20,2033-04-01T13:50,1,1,0
2033-04-01T13:50,2033-04-01T14:50,2,2,0
2033-04-01T14:50,2033-04-01T16:50,2,2,0
2033-04-01T16:50,2033-04-01T17:50,1,1,0
2033-04-01T19:50,2033-04-01T23:50,1,1,0
2033-04-02T16:50,2033-04-02T23:50,1,1,0
2033-04-02T23:50,2033-04-03T01:50,2,2,0
2033-04-03T01:50,2033-04-03T02:50,1,1,0
2033-04-03T12:35,2033-04-03T16:35,1,1,0
2033-04-03T20:35,2033-04-04T06:35,1,1,0
2033-04-04T09:50,2033-04-04T11:50,1,1,0
2033-04-04T12:35,2033-04-04T12:50,1,1,0
2033-04-04T12:50,2033-04-04T14:35,2,2,0
2033-04-04T14:35,2033-04-04T14:50,1,1,0
2033-04-04T16:50,2033-04-04T22:10,1,1,0
2033-04-04T22:10,2033-04-05T00:10,2,2,0
2033-04-05T00:10,2033-04-05T02:50,1,1,0
2033-04-05T16:50,2033-04-05T18:50,1,1,0
2033-04-05T20:10,2033-04-05T22:10,1,1,0
2033-04-05T22:10,2033-04-06T08:10,1,1,0
2033-04-06T13:50,2033-04-06T15:50,1,1,0
2033-04-06T22:10,2033-04-06T23:20,1,1,0
2033-04-06T23:20,2033-04-07T01:20,2,2,0
2033-04-07T01:20,2033-04-07T08:10,1,1,0
2033-04-07T08:35,2033-04-07T10:35,1,1,0
2033-04-07T15:20,2033-04-07T23:50,1,1,0
2033-04-07T23:50,2033-04-08T01:20,2,2,0
2033-04-08T01:20,2033-04-08T01:50,1,1,0
2033-04-08T08:10,2033-04-08T12:10,1,1,0
2033-04-08T14:10,2033-04-08T16:10,1,1,0
2033-04-08T20:10,2033-04-08T20:35,1,1,0
2033-04-08T20:35,2033-04-08T21:50,2,2,0
2033-04-08T21:50,2033-04-08T22:10,3,3,0
2033-04-08T22:10,2033-04-08T22:35,2,2,0
2033-04-08T22:35,2033-04-08T23:20,1,1,0
2033-04-08T23:20,2033-04-08T23:50,2,2,0
2033-04-08T23:50,2033-04-09T03:20,1,1,0
2033-04-10T15:20,2033-04-10T16:50,1,1,0
2033-04-10T16:50,2033-04-10T17:20,2,2,0
2033-04-10T17:20,2033-04-10T18:10,1,1,0
2033-04-10T18:10,2033-04-10T20:10,2,2,0
2033-04-10T20:10,2033-04-10T20:35,1,1,0
2033-04-10T20:35,2033-04-10T20:50,2,2,0
2033-04-10T20:50,2033-04-10T22:35,3,3,0
2033-04-10T22:35,2033-04-11T00:50,2,2,0
2033-04-11T00:50,2033-04-11T02:50,1,1,0
2033-04-11T19:50,2033-04-11T21:50,1,1,0
2033-04-12T00:10,2033-04-12T02:10,1,1,0
2033-04-12T08:10,2033-04-12T10:10,1,1,0
2033-04-12T10:50,2033-04-12T11:50,1,1,0
2033-04-12T11:50,2033-04-12T12:50,2,2,0
2033-04-12T12:50,2033-04-12T15:50,1,1,0
2033-04-12T16:50,2033-04-12T20:35,1,1,0
2033-04-12T20:35,2033-04-12T22:35,2,2,0
2033-04-12T22:35,2033-04-12T23:20,1,1,0
2033-04-12T23:20,2033-04-13T01:20,2,2,0
2033-04-13T01:20,2033-04-13T02:50,1,1,0
2033-04-13T08:50,2033-04-13T12:50,1,1,0
2033-04-13T14:10,2033-04-13T16:10,1,1,0
2033-04-13T18:10,2033-04-13T19:50,1,1,0
2033-04-13T19:50,2033-04-13T21:50,2,2,0
2033-04-13T21:50,2033-04-13T22:10,1,1,0
2033-04-13T22:35,2033-04-14T00:35,1,1,0
2033-04-14T20:50,2033-04-14T22:10,1,1,0
2033-04-14T22:10,2033-04-14T22:50,2,2,0
2033-04-14T22:50,2033-04-15T02:10,1,1,0
2033-04-15T08:35,2033-04-15T10:35,1,1,0
2033-04-15T16:10,2033-04-16T02:10,1,1,0
2033-04-16T11:20,2033-04-16T15:20,1,1,0
2033-04-16T15:50,2033-04-16T16:10,1,1,0
2033-04-16T16:10,2033-04-16T19:50,2,2,0
2033-04-16T19:50,2033-04-16T20:10,2,2,0
2033-04-16T20:10,2033-04-16T21:50,1,1,0
2033-04-17T12:35,2033-04-17T16:35,1,1,0
2033-04-18T11:50,2033-04-18T13:50,1,1,0
2033-04-18T19:50,2033-04-18T23:50,1,1,0
2033-04-19T08:10,2033-04-19T09:50,1,1,0
2033-04-19T09:50,2033-04-19T10:10,2,2,0
2033-04-19T10:10,2033-04-19T11:50,1,1,0
2033-04-19T17:20,2033-04-19T19:20,1,1,0
2033-04-19T21:50,2033-04-20T01:50,1,1,0
2033-04-20T09:20,2033-04-20T13:20,1,1,0
2033-04-20T16:10,2033-04-20T20:10,1,1,0
2033-04-20T20:35,2033-04-20T21:50,1,1,0
2033-04-20T21:50,2033-04-20T23:50,2,2,0
2033-04-20T23:50,2033-04-21T00:35,1,1,0
2033-04-21T12:10,2033-04-21T13:50,1,1,0
2033-04-21T13:50,2033-04-21T14:10,2,2,0
2033-04-21T14:10,2033-04-21T15:50,1,1,0
2033-04-21T15:50,2033-04-21T17:50,1,1,0
2033-04-21T19:50,2033-04-21T23:50,1,1,0
2033-04-22T12:35,2033-04-22T14:35,1,1,0
2033-04-22T16:50,2033-04-22T20:50,1,1,0
2033-04-22T22:10,2033-04-23T02:10,1,1,0
2033-04-23T13:20,2033-04-23T17:20,1,1,0
2033-04-24T09:50,2033-04-24T10:50,1,1,0
2033-04-24T10:50,2033-04-24T11:50,2,2,0
2033-04-24T11:50,2033-04-24T12:50,1,1,0
2033-04-24T13:20,2033-04-24T13:50,1,1,0
2033-04-24T13:50,2033-04-24T15:20,2,2,0
2033-04-24T15:20,2033-04-24T15:50,1,1,0
2033-04-24T22:50,2033-04-24T23:20,1,1,0
2033-04-24T23:20,2033-04-25T00:50,2,2,0
2033-04-25T00:50,2033-04-25T03:20,1,1,0
2033-04-25T18:10,2033-04-25T20:10,1,1,0
2033-04-25T21:50,2033-04-26T01:50,1,1,0
2033-04-26T12:10,2033-04-26T14:50,1,1,0
2033-04-26T14:50,2033-04-26T16:10,2,2,0
2033-04-26T16:10,2033-04-26T16:50,1,1,0
2033-04-26T21:50,2033-04-26T22:35,1,1,0
2033-04-26T22:35,2033-04-27T00:10,2,2,0
2033-04-27T00:10,2033-04-27T00:35,3,3,0
2033-04-27T00:35,2033-04-27T01:50,2,2,0
2033-04-27T01:50,2033-04-27T02:10,1,1,0
2033-04-27T15:50,2033-04-27T19:50,1,1,0
2033-04-28T11:20,2033-04-28T13:20,1,1,0
2033-04-28T15:20,2033-04-29T01:20,1,1,0
2033-04-29T08:50,2033-04-29T09:50,1,1,0
2033-04-29T09:50,2033-04-29T10:50,2,2,0
2033-04-29T10:50,2033-04-29T11:50,3,3,0
2033-04-29T11:50,2033-04-29T12:35,2,2,0
2033-04-29T12:35,2033-04-29T12:50,3,3,0
2033-04-29T12:50,2033-04-29T14:50,2,2,0
2033-04-29T14:50,2033-04-29T16:35,1,1,0
2033-04-29T17:20,2033-04-29T19:20,1,1,0
2033-04-29T22:35,2033-04-29T22:50,1,1,0
2033-04-29T22:50,2033-04-30T00:10,2,2,0
2033-04-30T00:10,2033-04-30T00:35,3,3,0
2033-04-30T00:35,2033-04-30T00:50,2,2,0
2033-04-30T00:50,2033-04-30T02:10,1,1,0
2033-04-30T19:50,2033-04-30T21:20,1,1,0
2033-04-30T21:20,2033-04-30T21:50,2,2,0
2033-04-30T21:50,2033-04-30T23:20,1,1,0
2033-05-01T16:50,2033-05-01T17:20,1,1,0
2033-05-01T17:20,2033-05-01T18:50,2,2,0
2033-05-01T18:50,2033-05-01T20:50,3,3,0
2033-05-01T20:50,2033-05-01T21:20,2,2,0
2033-05-01T21:20,2033-05-02T00:10,1,1,0
2033-05-02T00:10,2033-05-02T02:50,2,2,0
2033-05-02T02:50,2033-05-02T04:10,1,1,0
2033-05-02T08:35,2033-05-02T10:10,1,1,0
2033-05-02T10:10,2033-05-02T10:35,2,2,0
2033-05-02T10:35,2033-05-02T10:50,1,1,0
2033-05-02T10:50,2033-05-02T14:10,2,2,0
2033-05-02T14:10,2033-05-02T14:50,1,1,0
2033-05-02T22:10,2033-05-03T00:10,1,1,0
2033-05-03T09:50,2033-05-03T10:50,1,1,0
2033-05-03T10:50,2033-05-03T12:50,2,2,0
2033-05-03T12:50,2033-05-03T13:20,1,1,0
2033-05-03T13:20,2033-05-03T13:50,2,2,0
2033-05-03T13:50,2033-05-03T14:10,1,1,0
2033-05-03T14:10,2033-05-03T15:20,2,2,0
2033-05-03T15:20,2033-05-03T16:50,2,2,0
2033-05-03T16:50,2033-05-03T17:20,3,3,0
2033-05-03T17:20,2033-05-03T18:10,2,2,0
2033-05-03T18:10,2033-05-03T20:50,1,1,0
2033-05-03T22:50,2033-05-03T23:20,1,1,0
2033-05-03T23:20,2033-05-04T00:50,2,2,0
2033-05-04T00:50,2033-05-04T09:20,1,1,0
2033-05-04T09:20,2033-05-04T11:20,1,1,0
2033-05-04T21:50,2033-05-04T22:10,1,1,0
2033-05-04T22:10,2033-05-05T00:10,2,2,0
2033-05-05T00:10,2033-05-05T07:50,1,1,0
2033-05-05T08:35,2033-05-05T10:35,1,1,0
2033-05-05T18:10,2033-05-05T21:50,1,1,0
2033-05-05T21:50,2033-05-05T23:20,2,2,0
2033-05-05T23:20,2033-05-06T01:20,3,3,0
2033-05-06T01:20,2033-05-06T01:50,2,2,0
2033-05-06T01:50,2033-05-06T04:10,1,1,0
2033-05-06T11:20,2033-05-06T13:20,1,1,0
2033-05-06T17:20,2033-05-06T19:50,1,1,0
2033-05-06T19:50,2033-05-06T20:35,2,2,0
2033-05-06T20:35,2033-05-06T21:20,3,3,0
2033-05-06T21:20,2033-05-06T22:35,2,2,0
2033-05-06T22:35,2033-05-06T23:50,1,1,0
2033-05-07T15:20,2033-05-07T19:20,1,1,0
2033-05-08T12:35,2033-05-08T12:50,1,1,0
2033-05-08T12:50,2033-05-08T14:35,2,2,0
2033-05-08T14:35,2033-05-08T15:20,1,1,0
2033-05-08T15:20,2033-05-08T16:50,2,2,0
2033-05-08T16:50,2033-05-08T19:20,1,1,0
2033-05-09T10:50,2033-05-09T12:50,1,1,0
2033-05-09T16:10,2033-05-09T16:50,1,1,0
2033-05-09T16:50,2033-05-09T18:50,2,2,0
2033-05-09T18:50,2033-05-09T20:10,3,3,0
2033-05-09T20:10,2033-05-09T20:50,2,2,0
2033-05-09T20:50,2033-05-09T22:35,1,1,0
2033-05-09T22:35,2033-05-10T02:35,2,2,0
2033-05-10T02:35,2033-05-10T02:50,1,1,0
2033-05-10T08:35,2033-05-10T10:50,1,1,0
2033-05-10T10:50,2033-05-10T12:35,2,2,0
2033-05-10T12:35,2033-05-10T12:50,1,1,0
2033-05-10T21:20,2033-05-10T22:35,1,1,0
2033-05-10T22:35,2033-05-11T00:35,2,2,0
2033-05-11T00:35,2033-05-11T01:20,1,1,0
2033-05-11T12:10,2033-05-11T12:50,1,1,0
2033-05-11T12:50,2033-05-11T14:50,2,2,0
2033-05-11T14:50,2033-05-11T16:10,1,1,0
2033-05-11T16:10,2033-05-11T20:10,1,1,0
2033-05-12T13:20,2033-05-12T15:20,1,1,0
2033-05-12T16:50,2033-05-12T18:50,1,1,0
2033-05-12T19:50,2033-05-12T21:50,1,1,0
2033-05-14T10:50,2033-05-14T12:50,1,1,0
2033-05-14T23:50,2033-05-15T00:10,1,1,0
2033-05-15T00:10,2033-05-15T01:50,2,2,0
2033-05-15T01:50,2033-05-15T04:10,1,1,0
2033-05-15T13:20,2033-05-15T15:20,1,1,0
2033-05-15T16:10,2033-05-15T16:50,1,1,0
2033-05-15T16:50,2033-05-15T18:10,2,2,0
2033-05-15T18:10,2033-05-15T18:50,1,1,0
2033-05-15T19:50,2033-05-16T05:50,1,1,0
2033-05-16T15:50,2033-05-16T17:50,1,1,0
2033-05-16T21:20,2033-05-16T22:35,1,1,0
2033-05-16T22:35,2033-05-16T23:20,2,2,0
2033-05-16T23:20,2033-05-17T00:10,2,2,0
2033-05-17T00:10,2033-05-17T01:20,3,3,0
2033-05-17T01:20,2033-05-17T02:35,2,2,0
2033-05-17T02:35,2033-05-17T04:10,1,1,0
2033-05-17T14:50,2033-05-17T18:50,1,1,0
2033-05-18T10:10,2033-05-18T12:10,1,1,0
2033-05-18T12:10,2033-05-18T14:10,1,1,0
2033-05-18T19:50,2033-05-18T23:50,1,1,0
2033-05-19T09:50,2033-05-19T10:50,1,1,0
2033-05-19T10:50,2033-05-19T12:50,2,2,0
2033-05-19T12:50,2033-05-19T13:20,1,1,0
2033-05-19T13:20,2033-05-19T13:50,2,2,0
2033-05-19T13:50,2033-05-19T17:20,1,1,0
2033-05-19T18:50,2033-05-19T20:50,1,1,0
2033-05-19T23:20,2033-05-19T23:50,1,1,0
2033-05-19T23:50,2033-05-20T01:20,2,2,0
2033-05-20T01:20,2033-05-20T01:50,1,1,0
2033-05-20T08:35,2033-05-20T10:10,1,1,0
2033-05-20T10:10,2033-05-20T10:35,2,2,0
2033-05-20T10:35,2033-05-20T14:10,1,1,0
2033-05-20T20:35,2033-05-20T22:10,1,1,0
2033-05-20T22:10,2033-05-20T22:35,2,2,0
2033-05-20T22:35,2033-05-21T00:10,3,3,0
2033-05-21T00:10,2033-05-21T02:35,2,2,0
2033-05-21T02:35,2033-05-21T06:35,1,1,0
2033-05-21T20:10,2033-05-21T22:10,1,1,0
2033-05-21T22:10,2033-05-22T00:10,1,1,0
2033-05-22T08:35,2033-05-22T09:20,1,1,0
2033-05-22T09:20,2033-05-22T11:20,2,2,0
2033-05-22T11:20,2033-05-22T11:50,2,2,0
2033-05-22T11:50,2033-05-22T12:35,3,3,0
2033-05-22T12:35,2033-05-22T15:20,2,2,0
2033-05-22T15:20,2033-05-22T15:50,1,1,0
2033-05-22T20:50,2033-05-22T22:50,1,1,0
2033-05-22T22:50,2033-05-23T00:50,2,2,0
2033-05-23T11:50,2033-05-23T13:50,1,1,0
2033-05-23T14:10,2033-05-23T16:10,1,1,0
2033-05-23T16:10,2033-05-23T23:50,1,1,0
2033-05-23T23:50,2033-05-24T01:50,2,2,0
2033-05-24T01:50,2033-05-24T02:10,1,1,0
2033-05-24T10:10,2033-05-24T12:10,1,1,0
2033-05-24T18:50,2033-05-24T20:35,1,1,0
2033-05-24T20:35,2033-05-24T20:50,2,2,0
2033-05-24T20:50,2033-05-24T22:10,1,1,0
2033-05-24T22:10,2033-05-24T22:50,2,2,0
2033-05-24T22:50,2033-05-25T00:35,3,3,0
2033-05-25T00:35,2033-05-25T00:50,2,2,0
2033-05-25T00:50,2033-05-25T02:10,1,1,0
2033-05-25T09:20,2033-05-25T11:20,1,1,0
2033-05-26T00:10,2033-05-26T02:10,1,1,0
2033-05-26T08:50,2033-05-26T12:10,1,1,0
2033-05-26T12:10,2033-05-26T12:50,2,2,0
2033-05-26T12:50,2033-05-26T14:10,2,2,0
2033-05-26T14:10,2033-05-26T16:50,1,1,0
2033-05-26T21:20,2033-05-26T23:20,1,1,0
2033-05-27T00:10,2033-05-27T04:10,1,1,0
2033-05-27T15:50,2033-05-27T20:35,1,1,0
2033-05-27T20:35,2033-05-27T22:10,2,2,0
2033-05-27T22:10,2033-05-28T00:35,3,3,0
2033-05-28T00:35,2033-05-28T01:50,2,2,0
2033-05-28T01:50,2033-05-28T02:10,1,1,0
2033-05-28T13:20,2033-05-28T13:50,1,1,0
2033-05-28T13:50,2033-05-28T15:20,2,2,0
2033-05-28T15:20,2033-05-28T17:50,1,1,0
2033-05-28T18:50,2033-05-28T22:50,1,1,0
2033-05-29T22:50,2033-05-30T02:50,1,1,0
2033-05-30T09:20,2033-05-30T11:50,1,1,0
2033-05-30T11:50,2033-05-30T13:20,2,2,0
2033-05-30T13:20,2033-05-30T13:50,2,2,0
2033-05-30T13:50,2033-05-30T15:20,1,1,0
2033-05-30T20:10,2033-05-30T21:50,1,1,0
2033-05-30T21:50,2033-05-30T23:20,2,2,0
2033-05-30T23:20,2033-05-30T23:50,3,3,0
2033-05-30T23:50,2033-05-31T00:10,2,2,0
2033-05-31T00:10,2033-05-31T09:20,1,1,0
2033-05-31T20:50,2033-05-31T21:20,1,1,0
2033-05-31T21:20,2033-06-01T00:50,2,2,0
2033-06-01T00:50,2033-06-01T01:20,1,1,0
2033-06-01T08:35,2033-06-01T10:35,1,1,0
2033-06-01T15:20,2033-06-01T15:50,1,1,0
2033-06-01T15:50,2033-06-01T17:50,2,2,0
2033-06-01T17:50,2033-06-01T18:10,1,1,0
2033-06-01T18:10,2033-06-01T20:10,2,2,0
2033-06-01T20:10,2033-06-01T20:35,2,2,0
2033-06-01T20:35,2033-06-01T22:35,3,3,0
2033-06-01T22:35,2033-06-01T23:50,2,2,0
2033-06-01T23:50,2033-06-02T00:10,3,3,0
2033-06-02T00:10,2033-06-02T01:20,2,2,0
2033-06-02T01:20,2033-06-02T03:50,1,1,0
2033-06-02T16:10,2033-06-02T18:10,1,1,0
2033-06-02T21:20,2033-06-03T01:20,1,1,0
2033-06-03T11:50,2033-06-03T13:50,1,1,0
2033-06-03T15:20,2033-06-03T15:50,1,1,0
2033-06-03T15:50,2033-06-03T17:20,2,2,0
2033-06-03T17:20,2033-06-03T21:20,3,3,0
2033-06-03T21:20,2033-06-04T01:20,2,2,0
2033-06-04T01:20,2033-06-04T01:50,1,1,0
2033-06-04T14:10,2033-06-04T16:10,1,1,0
2033-06-04T17:20,2033-06-04T18:10,1,1,0
2033-06-04T18:10,2033-06-04T19:20,2,2,0
2033-06-04T19:20,2033-06-04T20:10,1,1,0
2033-06-05T09:50,2033-06-05T11:50,1,1,0
2033-06-05T22:10,2033-06-06T00:10,1,1,0
2033-06-06T19:50,2033-06-06T21:50,1,1,0
2033-06-07T09:20,2033-06-07T11:20,1,1,0
2033-06-07T11:20,2033-06-07T13:20,1,1,0
2033-06-08T12:35,2033-06-08T14:50,1,1,0
2033-06-08T14:50,2033-06-08T16:35,2,2,0
2033-06-08T16:35,2033-06-08T16:50,1,1,0
2033-06-08T20:10,2033-06-08T22:10,1,1,0
2033-06-09T11:20,2033-06-09T13:20,1,1,0
2033-06-09T13:20,2033-06-09T15:20,2,2,0
2033-06-09T18:50,2033-06-09T22:50,1,1,0
2033-06-09T22:50,2033-06-10T04:50,2,2,0
2033-06-10T04:50,2033-06-10T08:50,1,1,0
2033-06-10T09:20,2033-06-10T09:50,1,1,0
2033-06-10T09:50,2033-06-10T11:20,2,2,0
2033-06-10T11:20,2033-06-10T11:50,2,2,0
2033-06-10T11:50,2033-06-10T13:20,1,1,0
2033-06-10T20:50,2033-06-10T22:50,1,1,0
2033-06-10T22:50,2033-06-11T00:50,1,1,0
2033-06-11T08:10,2033-06-11T08:35,1,1,0
2033-06-11T08:35,2033-06-11T10:10,2,2,0
2033-06-11T10:10,2033-06-11T12:35,1,1,0
2033-06-12T12:10,2033-06-12T12:35,1,1,0
2033-06-12T12:35,2033-06-12T14:10,2,2,0
2033-06-12T14:10,2033-06-12T14:35,1,1,0
2033-06-12T15:20,2033-06-12T17:20,1,1,0
2033-06-13T08:50,2033-06-13T10:50,1,1,0
2033-06-13T11:20,2033-06-13T13:20,1,1,0
2033-06-13T13:20,2033-06-13T16:50,1,1,0
2033-06-13T16:50,2033-06-13T17:20,2,2,0
2033-06-13T17:20,2033-06-13T18:50,1,1,0
2033-06-13T18:50,2033-06-13T20:10,2,2,0
2033-06-13T20:10,2033-06-13T22:10,3,3,0
2033-06-13T22:10,2033-06-13T22:50,2,2,0
2033-06-13T22:50,2033-06-14T02:50,1,1,0
2033-06-14T09:50,2033-06-14T10:10,1,1,0
2033-06-14T10:10,2033-06-14T11:50,2,2,0
2033-06-14T11:50,2033-06-14T12:10,1,1,0
2033-06-15T08:10,2033-06-15T08:50,1,1,0
2033-06-15T08:50,2033-06-15T09:50,2,2,0
2033-06-15T09:50,2033-06-15T10:50,3,3,0
2033-06-15T10:50,2033-06-15T12:10,2,2,0
2033-06-15T12:10,2033-06-15T12:50,1,1,0
2033-06-15T12:50,2033-06-15T13:50,2,2,0
2033-06-15T13:50,2033-06-15T14:50,1,1,0
2033-06-16T10:10,2033-06-16T12:10,1,1,0
2033-06-16T15:50,2033-06-16T19:50,1,1,0
2033-06-16T21:20,2033-06-16T21:50,1,1,0
2033-06-16T21:50,2033-06-16T23:50,2,2,0
2033-06-16T23:50,2033-06-17T01:20,3,3,0
2033-06-17T01:20,2033-06-17T01:50,2,2,0
2033-06-18T16:10,2033-06-18T18:10,1,1,0
2033-06-18T20:10,2033-06-18T23:50,1,1,0
2033-06-18T23:50,2033-06-19T00:10,2,2,0
2033-06-19T00:10,2033-06-19T03:50,1,1,0
2033-06-19T12:35,2033-06-19T14:10,1,1,0
2033-06-19T14:10,2033-06-19T14:35,2,2,0
2033-06-19T14:35,2033-06-19T16:10,1,1,0
2033-06-19T22:35,2033-06-20T00:35,1,1,0
2033-06-20T09:20,2033-06-20T13:20,1,1,0
2033-06-20T21:50,2033-06-21T01:50,1,1,0
2033-06-21T08:10,2033-06-21T09:20,1,1,0
2033-06-21T09:20,2033-06-21T11:20,2,2,0
2033-06-21T11:20,2033-06-21T12:10,1,1,0
2033-06-21T15:20,2033-06-21T15:50,1,1,0
2033-06-21T15:50,2033-06-21T16:50,2,2,0
2033-06-21T16:50,2033-06-21T18:50,3,3,0
2033-06-21T18:50,2033-06-21T19:50,2,2,0
2033-06-21T19:50,2033-06-21T21:50,2,2,0
2033-06-21T21:50,2033-06-21T23:50,1,1,0
2033-06-21T23:50,2033-06-22T01:20,2,2,0
2033-06-22T01:20,2033-06-22T03:50,1,1,0
2033-06-22T17:20,2033-06-22T19:20,1,1,0
2033-06-22T22:10,2033-06-22T22:50,1,1,0
2033-06-22T22:50,2033-06-23T00:50,2,2,0
2033-06-23T00:50,2033-06-23T02:10,1,1,0
2033-06-23T09:50,2033-06-23T13:50,1,1,0
2033-06-23T18:50,2033-06-23T22:50,1,1,0
2033-06-24T14:10,2033-06-24T15:20,1,1,0
2033-06-24T15:20,2033-06-24T16:10,2,2,0
2033-06-24T16:10,2033-06-24T17:20,1,1,0
2033-06-24T18:50,2033-06-24T20:50,1,1,0
2033-06-25T10:50,2033-06-25T11:20,1,1,0
2033-06-25T11:20,2033-06-25T12:50,2,2,0
2033-06-25T12:50,2033-06-25T15:20,1,1,0
2033-06-25T16:10,2033-06-25T21:20,1,1,0
2033-06-25T21:20,2033-06-25T23:20,2,2,0
2033-06-25T23:20,2033-06-26T02:10,1,1,0
2033-06-26T09:20,2033-06-26T13:20,1,1,0
2033-06-26T16:50,2033-06-26T20:35,1,1,0
2033-06-26T20:35,2033-06-26T20:50,2,2,0
2033-06-26T20:50,2033-06-26T22:35,1,1,0
2033-06-27T08:10,2033-06-27T09:20,1,1,0
2033-06-27T09:20,2033-06-27T10:10,2,2,0
2033-06-27T10:10,2033-06-27T12:10,2,2,0
2033-06-27T12:10,2033-06-27T13:20,1,1,0
2033-06-28T13:50,2033-06-28T15:50,1,1,0
2033-06-28T15:50,2033-06-28T17:50,1,1,0
2033-06-28T22:50,2033-06-29T02:50,1,1,0
2033-06-29T13:20,2033-06-29T14:10,1,1,0
2033-06-29T14:10,2033-06-29T15:20,2,2,0
2033-06-29T15:20,2033-06-29T15:50,3,3,0
2033-06-29T15:50,2033-06-29T16:10,4,4,0
2033-06-29T16:10,2033-06-29T17:20,3,3,0
2033-06-29T17:20,2033-06-29T19:20,3,3,0
2033-06-29T19:20,2033-06-29T21:20,2,2,0
2033-06-29T21:20,2033-06-29T22:35,1,1,0
2033-06-29T22:35,2033-06-30T00:35,2,2,0
2033-06-30T00:35,2033-06-30T01:50,1,1,0
2033-06-30T10:10,2033-06-30T10:50,1,1,0
2033-06-30T10:50,2033-06-30T12:10,2,2,0
2033-06-30T12:10,2033-06-30T12:50,2,2,0
2033-06-30T12:50,2033-06-30T14:10,1,1,0
2033-07-01T08:50,2033-07-01T10:50,1,1,0
2033-07-01T23:20,2033-07-02T01:20,1,1,0
2033-07-02T08:50,2033-07-02T10:50,1,1,0
2033-07-02T12:10,2033-07-02T12:50,1,1,0
2033-07-02T12:50,2033-07-02T14:50,2,2,0
2033-07-02T14:50,2033-07-02T15:20,2,2,0
2033-07-02T15:20,2033-07-02T16:10,3,3,0
2033-07-02T16:10,2033-07-02T18:50,2,2,0
2033-07-02T18:50,2033-07-02T19:20,1,1,0
2033-07-03T00:10,2033-07-03T04:10,1,1,0
2033-07-03T09:50,2033-07-03T11:50,1,1,0
2033-07-03T15:20,2033-07-03T15:50,1,1,0
2033-07-03T15:50,2033-07-03T17:20,2,2,0
2033-07-03T17:20,2033-07-03T18:50,1,1,0
2033-07-03T18:50,2033-07-03T20:10,2,2,0
2033-07-03T20:10,2033-07-03T20:50,3,3,0
2033-07-03T20:50,2033-07-04T00:10,2,2,0
2033-07-04T00:10,2033-07-04T01:50,1,1,0
2033-07-04T10:50,2033-07-04T12:50,1,1,0
2033-07-04T13:50,2033-07-04T15:50,1,1,0
2033-07-04T16:10,2033-07-04T16:50,1,1,0
2033-07-04T16:50,2033-07-04T20:10,2,2,0
2033-07-04T20:10,2033-07-04T22:35,1,1,0
2033-07-04T22:35,2033-07-04T23:50,2,2,0
2033-07-04T23:50,2033-07-05T00:35,3,3,0
2033-07-05T00:35,2033-07-05T02:50,2,2,0
2033-07-05T02:50,2033-07-05T03:50,1,1,0
2033-07-05T09:50,2033-07-05T11:50,1,1,0
2033-07-05T12:50,2033-07-05T14:50,1,1,0
2033-07-06T09:20,2033-07-06T11:20,1,1,0
2033-07-06T11:20,2033-07-06T13:20,2,2,0
2033-07-06T15:50,2033-07-06T17:50,1,1,0
2033-07-06T23:50,2033-07-07T03:50,1,1,0
2033-07-07T08:10,2033-07-07T10:10,1,1,0
2033-07-07T16:10,2033-07-08T00:10,1,1,0
2033-07-08T00:10,2033-07-08T02:10,2,2,0
2033-07-08T02:10,2033-07-08T04:10,1,1,0
2033-07-08T17:20,2033-07-08T18:10,1,1,0
2033-07-08T18:10,2033-07-08T19:20,2,2,0
2033-07-08T19:20,2033-07-08T20:50,1,1,0
2033-07-08T20:50,2033-07-08T22:10,2,2,0
2033-07-08T22:10,2033-07-08T22:35,1,1,0
2033-07-08T22:35,2033-07-09T00:50,2,2,0
2033-07-09T00:50,2033-07-09T02:35,1,1,0
2033-07-09T15:20,2033-07-09T17:20,1,1,0
2033-07-09T21:50,2033-07-09T23:20,1,1,0
2033-07-09T23:20,2033-07-10T01:20,2,2,0
2033-07-10T01:20,2033-07-10T01:50,1,1,0
2033-07-10T10:10,2033-07-10T12:50,1,1,0
2033-07-10T12:50,2033-07-10T14:10,2,2,0
2033-07-10T14:10,2033-07-10T15:20,1,1,0
2033-07-10T15:20,2033-07-10T16:50,2,2,0
2033-07-10T16:50,2033-07-10T17:20,1,1,0
2033-07-11T08:50,2033-07-11T12:50,1,1,0
2033-07-11T16:50,2033-07-11T20:35,1,1,0
2033-07-11T20:35,2033-07-11T20:50,2,2,0
2033-07-11T20:50,2033-07-11T21:50,1,1,0
2033-07-11T21:50,2033-07-12T01:50,2,2,0
2033-07-12T01:50,2033-07-12T06:35,1,1,0
2033-07-12T12:10,2033-07-12T14:10,1,1,0
2033-07-12T18:50,2033-07-12T20:35,1,1,0
2033-07-12T20:35,2033-07-12T20:50,2,2,0
2033-07-12T20:50,2033-07-12T22:10,1,1,0
2033-07-12T22:10,2033-07-12T22:35,2,2,0
2033-07-12T22:35,2033-07-12T23:50,1,1,0
2033-07-12T23:50,2033-07-13T00:10,2,2,0
2033-07-13T00:10,2033-07-13T01:50,1,1,0
2033-07-14T15:20,2033-07-14T17:20,1,1,0
2033-07-15T18:50,2033-07-15T20:50,1,1,0
2033-07-15T21:50,2033-07-15T22:10,1,1,0
2033-07-15T22:10,2033-07-15T23:50,2,2,0
2033-07-15T23:50,2033-07-16T00:10,1,1,0
2033-07-16T13:20,2033-07-16T13:50,1,1,0
2033-07-16T13:50,2033-07-16T15:20,2,2,0
2033-07-16T15:20,2033-07-16T17:50,1,1,0
2033-07-16T21:20,2033-07-17T07:20,1,1,0
2033-07-17T08:50,2033-07-17T10:10,1,1,0
2033-07-17T10:10,2033-07-17T10:50,2,2,0
2033-07-17T10:50,2033-07-17T12:10,1,1,0
2033-07-17T12:10,2033-07-17T14:10,2,2,0
2033-07-17T14:10,2033-07-17T16:10,1,1,0
2033-07-17T20:35,2033-07-17T22:50,1,1,0
2033-07-17T22:50,2033-07-18T00:35,2,2,0
2033-07-18T00:35,2033-07-18T00:50,1,1,0
2033-07-18T12:50,2033-07-18T14:50,1,1,0
2033-07-18T14:50,2033-07-18T16:50,1,1,0
2033-07-18T16:50,2033-07-18T18:50,1,1,0
2033-07-18T23:50,2033-07-19T03:50,1,1,0
2033-07-19T14:10,2033-07-19T15:20,1,1,0
2033-07-19T15:20,2033-07-19T17:20,2,2,0
2033-07-19T17:20,2033-07-19T18:10,1,1,0
2033-07-19T18:50,2033-07-19T22:50,1,1,0
2033-07-19T23:20,2033-07-20T01:20,1,1,0
2033-07-20T11:20,2033-07-20T12:50,1,1,0
2033-07-20T12:50,2033-07-20T13:20,2,2,0
2033-07-20T13:20,2033-07-20T14:50,1,1,0
2033-07-20T14:50,2033-07-20T18:50,1,1,0
2033-07-21T13:20,2033-07-21T15:20,1,1,0
2033-07-22T00:10,2033-07-22T02:10,1,1,0
2033-07-22T09:50,2033-07-22T11:50,1,1,0
2033-07-22T11:50,2033-07-22T12:10,1,1,0
2033-07-22T12:10,2033-07-22T12:50,2,2,0
2033-07-22T12:50,2033-07-22T13:50,3,3,0
2033-07-22T13:50,2033-07-22T15:20,2,2,0
2033-07-22T15:20,2033-07-22T15:50,3,3,0
2033-07-22T15:50,2033-07-22T16:10,4,4,0
2033-07-22T16:10,2033-07-22T16:50,3,3,0
2033-07-22T16:50,2033-07-22T19:50,2,2,0
2033-07-22T19:50,2033-07-23T01:20,1,1,0
2033-07-23T08:35,2033-07-23T10:50,1,1,0
2033-07-23T10:50,2033-07-23T12:35,2,2,0
2033-07-23T12:35,2033-07-23T12:50,1,1,0
2033-07-23T15:50,2033-07-23T16:10,1,1,0
2033-07-23T16:10,2033-07-23T17:50,2,2,0
2033-07-23T17:50,2033-07-23T18:10,1,1,0
2033-07-23T18:10,2033-07-23T18:50,1,1,0
2033-07-23T18:50,2033-07-23T20:10,2,2,0
2033-07-23T20:10,2033-07-23T22:10,3,3,0
2033-07-23T22:10,2033-07-23T22:50,2,2,0
2033-07-23T22:50,2033-07-24T04:10,1,1,0
2033-07-24T11:50,2033-07-24T13:50,1,1,0
2033-07-24T14:50,2033-07-24T16:50,1,1,0
2033-07-24T23:20,2033-07-25T01:20,1,1,0
2033-07-25T08:10,2033-07-25T09:50,1,1,0
2033-07-25T09:50,2033-07-25T10:50,2,2,0
2033-07-25T10:50,2033-07-25T12:10,3,3,0
2033-07-25T12:10,2033-07-25T12:50,2,2,0
2033-07-25T12:50,2033-07-25T13:50,1,1,0
2033-07-25T13:50,2033-07-25T15:50,1,1,0
2033-07-26T12:10,2033-07-26T13:20,1,1,0
2033-07-26T13:20,2033-07-26T14:10,2,2,0
2033-07-26T14:10,2033-07-26T16:50,1,1,0
2033-07-26T16:50,2033-07-26T17:20,2,2,0
2033-07-26T17:20,2033-07-26T18:50,1,1,0
2033-07-27T12:10,2033-07-27T16:10,1,1,0
2033-07-27T20:35,2033-07-28T00:35,1,1,0
2033-07-28T08:10,2033-07-28T09:50,1,1,0
2033-07-28T09:50,2033-07-28T10:50,2,2,0
2033-07-28T10:50,2033-07-28T12:10,3,3,0
2033-07-28T12:10,2033-07-28T12:50,2,2,0
2033-07-28T12:50,2033-07-28T13:50,1,1,0
2033-07-28T18:50,2033-07-28T23:20,1,1,0
2033-07-28T23:20,2033-07-29T03:20,2,2,0
2033-07-29T03:20,2033-07-29T04:50,1,1,0
2033-07-29T16:10,2033-07-29T20:50,1,1,0
2033-07-29T20:50,2033-07-29T21:20,2,2,0
2033-07-29T21:20,2033-07-29T22:50,3,3,0
2033-07-29T22:50,2033-07-30T00:10,2,2,0
2033-07-30T00:10,2033-07-30T01:20,3,3,0
2033-07-30T01:20,2033-07-30T02:10,2,2,0
2033-07-30T02:10,2033-07-30T10:10,1,1,0
2033-07-30T10:50,2033-07-30T14:50,1,1,0
2033-07-30T16:10,2033-07-30T18:10,1,1,0
2033-07-30T18:50,2033-07-30T20:50,1,1,0
2033-07-31T00:10,2033-07-31T04:10,1,1,0
2033-07-31T09:20,2033-07-31T11:20,1,1,0
2033-07-31T15:50,2033-07-31T19:50,1,1,0
2033-07-31T19:50,2033-07-31T22:50,1,1,0
2033-07-31T22:50,2033-08-01T05:50,2,2,0
2033-08-01T05:50,2033-08-01T08:35,1,1,0
2033-08-01T08:35,2033-08-01T08:50,2,2,0
2033-08-01T08:50,2033-08-01T12:35,1,1,0
2033-08-01T12:50,2033-08-01T14:50,1,1,0
2033-08-01T21:20,2033-08-01T22:50,1,1,0
2033-08-01T22:50,2033-08-01T23:20,2,2,0
2033-08-01T23:20,2033-08-02T00:10,1,1,0
2033-08-02T00:10,2033-08-02T00:50,2,2,0
2033-08-02T00:50,2033-08-02T04:10,1,1,0
2033-08-02T08:10,2033-08-02T10:10,1,1,0
2033-08-02T10:50,2033-08-02T14:50,1,1,0
2033-08-02T21:50,2033-08-02T23:50,1,1,0
2033-08-03T08:50,2033-08-03T12:50,1,1,0
2033-08-03T13:20,2033-08-03T17:20,1,1,0
2033-08-03T17:20,2033-08-03T22:35,1,1,0
2033-08-03T22:35,2033-08-04T02:35,2,2,0
2033-08-04T02:35,2033-08-04T03:20,1,1,0
2033-08-04T18:50,2033-08-04T20:10,1,1,0
2033-08-04T20:10,2033-08-04T20:50,2,2,0
2033-08-04T20:50,2033-08-04T22:10,1,1,0
2033-08-04T22:35,2033-08-05T00:35,1,1,0
2033-08-05T14:10,2033-08-05T16:10,1,1,0
2033-08-06T08:10,2033-08-06T09:50,1,1,0
2033-08-06T09:50,2033-08-06T10:10,2,2,0
2033-08-06T10:10,2033-08-06T11:50,1,1,0
2033-08-06T16:10,2033-08-06T23:50,1,1,0
2033-08-06T23:50,2033-08-07T01:50,2,2,0
2033-08-07T01:50,2033-08-07T02:10,1,1,0
2033-08-07T13:50,2033-08-07T15:50,1,1,0
2033-08-07T15:50,2033-08-07T17:50,1,1,0
2033-08-08T15:50,2033-08-08T16:10,1,1,0
2033-08-08T16:10,2033-08-08T20:35,2,2,0
2033-08-08T20:35,2033-08-08T22:35,3,3,0
2033-08-08T22:35,2033-08-09T01:50,2,2,0
2033-08-09T01:50,2033-08-09T02:10,1,1,0
2033-08-09T15:50,2033-08-09T18:50,1,1,0
2033-08-09T18:50,2033-08-09T19:50,2,2,0
2033-08-09T19:50,2033-08-09T20:10,1,1,0
2033-08-09T20:10,2033-08-09T20:50,2,2,0
2033-08-09T20:50,2033-08-10T00:10,1,1,0
2033-08-10T09:20,2033-08-10T11:20,1,1,0
2033-08-10T13:50,2033-08-10T14:10,1,1,0
2033-08-10T14:10,2033-08-10T15:50,2,2,0
2033-08-10T15:50,2033-08-10T16:10,2,2,0
2033-08-10T16:10,2033-08-10T17:50,1,1,0
2033-08-11T10:50,2033-08-11T12:35,1,1,0
2033-08-11T12:35,2033-08-11T12:50,2,2,0
2033-08-11T12:50,2033-08-11T14:35,2,2,0
2033-08-11T14:35,2033-08-11T16:50,1,1,0
2033-08-12T10:10,2033-08-12T12:10,1,1,0
2033-08-12T16:50,2033-08-12T18:50,1,1,0
2033-08-12T20:50,2033-08-13T06:50,1,1,0
2033-08-13T13:20,2033-08-13T15:20,1,1,0
2033-08-13T18:50,2033-08-13T20:10,1,1,0
2033-08-13T20:10,2033-08-13T22:10,2,2,0
2033-08-13T22:10,2033-08-13T22:35,1,1,0
2033-08-13T22:35,2033-08-13T22:50,2,2,0
2033-08-13T22:50,2033-08-13T23:20,1,1,0
2033-08-13T23:20,2033-08-14T00:10,2,2,0
2033-08-14T00:10,2033-08-14T00:35,3,3,0
2033-08-14T00:35,2033-08-14T02:10,2,2,0
2033-08-14T02:10,2033-08-14T03:20,1,1,0
2033-08-14T14:10,2033-08-14T15:20,1,1,0
2033-08-14T15:20,2033-08-14T16:10,2,2,0
2033-08-14T16:10,2033-08-14T18:10,1,1,0
2033-08-14T18:10,2033-08-14T20:10,2,2,0
2033-08-14T20:10,2033-08-15T01:20,1,1,0
2033-08-15T12:35,2033-08-15T13:20,1,1,0
2033-08-15T13:20,2033-08-15T14:10,2,2,0
2033-08-15T14:10,2033-08-15T15:20,3,3,0
2033-08-15T15:20,2033-08-15T16:35,2,2,0
2033-08-15T16:35,2033-08-15T16:50,1,1,0
2033-08-15T16:50,2033-08-15T18:10,2,2,0
2033-08-15T18:10,2033-08-15T18:50,1,1,0
2033-08-16T14:50,2033-08-16T15:20,1,1,0
2033-08-16T15:20,2033-08-16T16:50,2,2,0
2033-08-16T16:50,2033-08-16T20:35,1,1,0
2033-08-16T20:35,2033-08-16T21:20,2,2,0
2033-08-16T21:20,2033-08-16T22:35,3,3,0
2033-08-16T22:35,2033-08-17T01:20,2,2,0
2033-08-17T08:50,2033-08-17T09:20,1,1,0
2033-08-17T09:20,2033-08-17T11:50,2,2,0
2033-08-17T11:50,2033-08-17T12:50,3,3,0
2033-08-17T12:50,2033-08-17T13:20,2,2,0
2033-08-17T13:20,2033-08-17T13:50,1,1,0
2033-08-18T21:50,2033-08-18T23:50,1,1,0
2033-08-19T00:10,2033-08-19T04:10,1,1,0
2033-08-19T11:50,2033-08-19T15:50,1,1,0
2033-08-19T20:10,2033-08-19T22:10,1,1,0
2033-08-20T10:10,2033-08-20T12:10,1,1,0
2033-08-20T13:50,2033-08-20T17:50,1,1,0
2033-08-20T20:10,2033-08-20T22:10,1,1,0
2033-08-21T09:20,2033-08-21T12:35,1,1,0
2033-08-21T12:35,2033-08-21T13:20,2,2,0
2033-08-21T13:20,2033-08-21T16:35,1,1,0
2033-08-21T21:20,2033-08-22T01:20,1,1,0
2033-08-22T11:50,2033-08-22T15:50,1,1,0
2033-08-22T15:50,2033-08-22T17:50,1,1,0
2033-08-22T22:35,2033-08-22T23:50,1,1,0
2033-08-22T23:50,2033-08-23T00:35,2,2,0
2033-08-23T00:35,2033-08-23T01:50,1,1,0
2033-08-23T08:50,2033-08-23T09:50,1,1,0
2033-08-23T09:50,2033-08-23T10:50,2,2,0
2033-08-23T10:50,2033-08-23T12:50,2,2,0
2033-08-23T12:50,2033-08-23T13:50,1,1,0
2033-08-23T14:10,2033-08-23T18:10,1,1,0
2033-08-24T20:10,2033-08-24T22:10,1,1,0
2033-08-25T08:35,2033-08-25T12:35,1,1,0
2033-08-25T15:20,2033-08-25T17:20,1,1,0
2033-08-25T22:35,2033-08-26T00:35,1,1,0
2033-08-26T08:35,2033-08-26T08:50,1,1,0
2033-08-26T08:50,2033-08-26T10:35,2,2,0
2033-08-26T10:35,2033-08-26T10:50,1,1,0
2033-08-26T18:10,2033-08-26T22:10,1,1,0
2033-08-27T08:10,2033-08-27T10:10,1,1,0
2033-08-27T12:35,2033-08-27T13:50,1,1,0
2033-08-27T13:50,2033-08-27T14:35,2,2,0
2033-08-27T14:35,2033-08-27T14:50,1,1,0
2033-08-27T14:50,2033-08-27T15:50,2,2,0
2033-08-27T15:50,2033-08-27T16:50,3,3,0
2033-08-27T16:50,2033-08-27T17:50,2,2,0
2033-08-27T17:50,2033-08-27T19:50,1,1,0
2033-08-27T19:50,2033-08-27T23:50,1,1,0
2033-08-27T23:50,2033-08-28T03:50,2,2,0
2033-08-28T03:50,2033-08-28T05:50,1,1,0
2033-08-28T19:50,2033-08-28T21:20,1,1,0
2033-08-28T21:20,2033-08-28T21:50,2,2,0
2033-08-28T21:50,2033-08-28T23:20,1,1,0
2033-08-29T10:50,2033-08-29T14:50,1,1,0
2033-08-29T18:50,2033-08-29T20:10,1,1,0
2033-08-29T20:10,2033-08-29T20:50,2,2,0
2033-08-29T20:50,2033-08-29T22:10,3,3,0
2033-08-29T22:10,2033-08-29T22:35,2,2,0
2033-08-29T22:35,2033-08-29T22:50,3,3,0
2033-08-29T22:50,2033-08-30T00:50,2,2,0
2033-08-30T00:50,2033-08-30T02:35,1,1,0
2033-08-30T10:10,2033-08-30T12:10,1,1,0
2033-08-30T14:50,2033-08-30T15:20,1,1,0
2033-08-30T15:20,2033-08-30T16:50,2,2,0
2033-08-30T16:50,2033-08-30T17:20,2,2,0
2033-08-30T17:20,2033-08-30T18:50,1,1,0
2033-08-31T13:20,2033-08-31T15:20,1,1,0
2033-09-01T11:20,2033-09-01T13:20,1,1,0
2033-09-01T13:20,2033-09-01T15:20,1,1,0
2033-09-01T16:50,2033-09-01T18:10,1,1,0
2033-09-01T18:10,2033-09-01T20:10,2,2,0
2033-09-01T20:10,2033-09-01T20:35,1,1,0
2033-09-01T20:35,2033-09-01T20:50,2,2,0
2033-09-01T20:50,2033-09-02T00:35,2,2,0
2033-09-02T00:35,2033-09-02T00:50,1,1,0
2033-09-02T12:10,2033-09-02T14:10,1,1,0
2033-09-02T14:10,2033-09-02T15:50,2,2,0
2033-09-02T15:50,2033-09-02T16:10,3,3,0
2033-09-02T16:10,2033-09-02T20:50,1,1,0
2033-09-02T20:50,2033-09-02T22:50,2,2,0
2033-09-02T22:50,2033-09-02T23:20,1,1,0
2033-09-02T23:20,2033-09-03T00:10,2,2,0
2033-09-03T00:10,2033-09-03T01:20,3,3,0
2033-09-03T01:20,2033-09-03T01:50,2,2,0
2033-09-03T01:50,2033-09-03T04:10,1,1,0
2033-09-03T15:20,2033-09-03T15:50,1,1,0
2033-09-03T15:50,2033-09-03T17:20,2,2,0
2033-09-03T17:20,2033-09-03T19:50,1,1,0
2033-09-03T19:50,2033-09-03T21:50,2,2,0
2033-09-03T21:50,2033-09-04T01:50,2,2,0
2033-09-04T10:10,2033-09-04T11:50,1,1,0
2033-09-04T11:50,2033-09-04T12:10,2,2,0
2033-09-04T12:10,2033-09-04T14:10,1,1,0
2033-09-04T14:10,2033-09-04T15:50,2,2,0
2033-09-04T15:50,2033-09-04T16:10,1,1,0
2033-09-04T18:10,2033-09-04T19:50,1,1,0
2033-09-04T19:50,2033-09-04T20:10,2,2,0
2033-09-04T20:10,2033-09-05T05:50,1,1,0
2033-09-05T15:50,2033-09-05T17:50,1,1,0
2033-09-05T17:50,2033-09-05T21:20,1,1,0
2033-09-05T21:20,2033-09-05T23:20,2,2,0
2033-09-05T23:20,2033-09-06T03:50,1,1,0
2033-09-06T15:50,2033-09-06T19:50,1,1,0
2033-09-07T12:10,2033-09-07T13:20,1,1,0
2033-09-07T13:20,2033-09-07T14:10,2,2,0
2033-09-07T14:10,2033-09-07T16:10,3,3,0
2033-09-07T16:10,2033-09-07T17:20,1,1,0
2033-09-07T22:50,2033-09-08T02:50,1,1,0
2033-09-08T08:35,2033-09-08T10:10,1,1,0
2033-09-08T10:10,2033-09-08T12:35,2,2,0
2033-09-08T12:35,2033-09-08T14:10,1,1,0
2033-09-08T16:10,2033-09-09T00:10,1,1,0
2033-09-09T00:10,2033-09-09T02:10,2,2,0
2033-09-09T14:50,2033-09-09T18:10,1,1,0
2033-09-09T18:10,2033-09-09T18:50,2,2,0
2033-09-09T18:50,2033-09-09T20:50,1,1,0
2033-09-09T20:50,2033-09-09T22:10,2,2,0
2033-09-09T22:10,2033-09-09T22:35,1,1,0
2033-09-09T22:35,2033-09-09T22:50,2,2,0
2033-09-09T22:50,2033-09-10T00:35,1,1,0
2033-09-10T11:20,2033-09-10T12:50,1,1,0
2033-09-10T12:50,2033-09-10T13:20,2,2,0
2033-09-10T13:20,2033-09-10T14:50,3,3,0
2033-09-10T14:50,2033-09-10T15:20,2,2,0
2033-09-10T15:20,2033-09-10T17:20,1,1,0
2033-09-10T22:10,2033-09-11T02:10,1,1,0
2033-09-11T16:50,2033-09-11T18:50,1,1,0
2033-09-12T08:10,2033-09-12T09:50,1,1,0
2033-09-12T09:50,2033-09-12T10:10,2,2,0
2033-09-12T10:10,2033-09-12T11:20,1,1,0
2033-09-12T11:20,2033-09-12T11:50,2,2,0
2033-09-12T11:50,2033-09-12T13:50,2,2,0
2033-09-12T13:50,2033-09-12T15:20,1,1,0
2033-09-13T08:35,2033-09-13T10:35,1,1,0
2033-09-13T20:50,2033-09-13T22:50,1,1,0
2033-09-14T23:20,2033-09-15T01:20,1,1,0
2033-09-15T09:20,2033-09-15T09:50,1,1,0
2033-09-15T09:50,2033-09-15T11:20,2,2,0
2033-09-15T11:20,2033-09-15T11:50,1,1,0
2033-09-15T18:50,2033-09-15T19:50,1,1,0
2033-09-15T19:50,2033-09-15T20:50,2,2,0
2033-09-15T20:50,2033-09-15T23:50,1,1,0
2033-09-16T13:20,2033-09-16T15:20,1,1,0
2033-09-16T16:50,2033-09-16T20:50,1,1,0
2033-09-17T08:10,2033-09-17T10:50,1,1,0
2033-09-17T10:50,2033-09-17T12:10,2,2,0
2033-09-17T12:10,2033-09-17T12:50,1,1,0
2033-09-17T15:20,2033-09-17T16:50,1,1,0
2033-09-17T16:50,2033-09-17T18:10,2,2,0
2033-09-17T18:10,2033-09-17T20:10,3,3,0
2033-09-17T20:10,2033-09-17T20:35,2,2,0
2033-09-17T20:35,2033-09-17T20:50,3,3,0
2033-09-17T20:50,2033-09-17T22:35,2,2,0
2033-09-17T22:35,2033-09-18T01:20,1,1,0
2033-09-18T11:50,2033-09-18T15:50,1,1,0
2033-09-18T20:10,2033-09-18T23:50,1,1,0
2033-09-18T23:50,2033-09-19T00:10,2,2,0
2033-09-19T00:10,2033-09-19T01:50,1,1,0
2033-09-19T11:20,2033-09-19T13:20,1,1,0
2033-09-19T20:35,2033-09-19T22:35,1,1,0
2033-09-19T22:35,2033-09-20T00:35,2,2,0
2033-09-20T08:35,2033-09-20T12:35,1,1,0
2033-09-20T18:10,2033-09-20T18:50,1,1,0
2033-09-20T18:50,2033-09-20T20:10,2,2,0
2033-09-20T20:10,2033-09-20T20:35,1,1,0
2033-09-20T20:35,2033-09-20T20:50,2,2,0
2033-09-20T20:50,2033-09-20T22:35,1,1,0
2033-09-21T12:10,2033-09-21T14:10,1,1,0
2033-09-21T14:10,2033-09-21T16:10,1,1,0
2033-09-21T16:10,2033-09-21T16:50,1,1,0
2033-09-21T16:50,2033-09-21T18:10,2,2,0
2033-09-21T18:10,2033-09-21T20:50,2,2,0
2033-09-21T20:50,2033-09-21T22:10,1,1,0
2033-09-22T12:50,2033-09-22T16:10,1,1,0
2033-09-22T16:10,2033-09-22T16:50,2,2,0
2033-09-22T16:50,2033-09-22T21:20,1,1,0
2033-09-22T21:20,2033-09-22T21:50,2,2,0
2033-09-22T21:50,2033-09-22T22:50,3,3,0
2033-09-22T22:50,2033-09-22T23:20,4,4,0
2033-09-22T23:20,2033-09-22T23:50,4,4,0
2033-09-22T23:50,2033-09-23T00:10,3,3,0
2033-09-23T00:10,2033-09-23T02:10,4,4,0
2033-09-23T02:10,2033-09-23T02:50,2,2,0
2033-09-23T02:50,2033-09-23T03:20,1,1,0
2033-09-23T17:20,2033-09-23T19:20,1,1,0
2033-09-23T20:35,2033-09-23T22:35,1,1,0
2033-09-23T22:35,2033-09-24T08:35,1,1,0
2033-09-24T11:20,2033-09-24T12:35,1,1,0
2033-09-24T12:35,2033-09-24T13:20,2,2,0
2033-09-24T13:20,2033-09-24T16:35,1,1,0
2033-09-24T18:50,2033-09-24T19:50,1,1,0
2033-09-24T19:50,2033-09-24T20:50,2,2,0
2033-09-24T20:50,2033-09-24T21:50,1,1,0
2033-09-25T16:10,2033-09-25T17:20,1,1,0
2033-09-25T17:20,2033-09-25T18:50,2,2,0
2033-09-25T18:50,2033-09-25T19:20,3,3,0
2033-09-25T19:20,2033-09-25T20:10,2,2,0
2033-09-25T20:10,2033-09-25T22:10,1,1,0
2033-09-25T22:10,2033-09-25T22:50,2,2,0
2033-09-25T22:50,2033-09-26T00:10,1,1,0
2033-09-26T16:50,2033-09-26T19:50,1,1,0
2033-09-26T19:50,2033-09-26T20:50,2,2,0
2033-09-26T20:50,2033-09-26T21:50,1,1,0
2033-09-27T08:10,2033-09-27T12:10,1,1,0
2033-09-27T12:35,2033-09-27T14:10,1,1,0
2033-09-27T14:10,2033-09-27T15:20,2,2,0
2033-09-27T15:20,2033-09-27T16:35,3,3,0
2033-09-27T16:35,2033-09-27T16:50,2,2,0
2033-09-27T16:50,2033-09-27T17:20,3,3,0
2033-09-27T17:20,2033-09-27T18:10,2,2,0
2033-09-27T18:10,2033-09-28T02:50,1,1,0
2033-09-28T11:20,2033-09-28T15:20,1,1,0
2033-09-29T08:35,2033-09-29T08:50,1,1,0
2033-09-29T08:50,2033-09-29T10:35,2,2,0
2033-09-29T10:35,2033-09-29T12:50,1,1,0
2033-09-29T15:20,2033-09-29T19:20,1,1,0
2033-09-29T21:50,2033-09-29T23:20,1,1,0
2033-09-29T23:20,2033-09-29T23:50,2,2,0
2033-09-29T23:50,2033-09-30T01:20,2,2,0
2033-09-30T01:20,2033-09-30T09:50,1,1,0
2033-09-30T12:10,2033-09-30T13:50,1,1,0
2033-09-30T13:50,2033-09-30T15:50,2,2,0
2033-09-30T15:50,2033-09-30T16:10,2,2,0
2033-09-30T16:10,2033-09-30T21:20,1,1,0
2033-09-30T21:20,2033-10-01T01:20,2,2,0
2033-10-01T01:20,2033-10-01T01:50,1,1,0
2033-10-01T12:50,2033-10-01T16:50,1,1,0
2033-10-01T18:10,2033-10-01T20:10,1,1,0
2033-10-02T08:50,2033-10-02T10:50,1,1,0
2033-10-02T10:50,2033-10-02T12:10,1,1,0
2033-10-02T12:10,2033-10-02T12:50,2,2,0
2033-10-02T12:50,2033-10-02T15:20,1,1,0
2033-10-02T15:20,2033-10-02T16:10,2,2,0
2033-10-02T16:10,2033-10-02T19:20,1,1,0
2033-10-03T09:20,2033-10-03T11:20,1,1,0
2033-10-03T13:20,2033-10-03T14:10,1,1,0
2033-10-03T14:10,2033-10-03T16:10,2,2,0
2033-10-03T16:10,2033-10-03T17:20,1,1,0
2033-10-03T18:50,2033-10-03T22:50,1,1,0
2033-10-04T10:10,2033-10-04T14:10,1,1,0
2033-10-04T23:20,2033-10-05T00:10,1,1,0
2033-10-05T00:10,2033-10-05T01:20,2,2,0
2033-10-05T01:20,2033-10-05T02:10,1,1,0
2033-10-05T10:10,2033-10-05T12:10,1,1,0
2033-10-05T20:10,2033-10-05T22:10,1,1,0
2033-10-06T12:35,2033-10-06T14:35,1,1,0
2033-10-07T11:50,2033-10-07T13:50,1,1,0
2033-10-07T16:10,2033-10-07T18:10,1,1,0
2033-10-07T19:50,2033-10-07T21:50,1,1,0
2033-10-08T15:50,2033-10-08T16:10,1,1,0
2033-10-08T16:10,2033-10-08T22:50,2,2,0
2033-10-08T22:50,2033-10-09T00:50,3,3,0
2033-10-09T00:50,2033-10-09T01:50,2,2,0
2033-10-09T01:50,2033-10-09T02:10,1,1,0
2033-10-09T08:10,2033-10-09T10:10,1,1,0
2033-10-09T19:50,2033-10-09T23:20,1,1,0
2033-10-09T23:20,2033-10-10T00:10,2,2,0
2033-10-10T00:10,2033-10-10T01:20,3,3,0
2033-10-10T01:20,2033-10-10T04:10,2,2,0
2033-10-10T04:10,2033-10-10T05:50,1,1,0
2033-10-10T13:50,2033-10-10T15:20,1,1,0
2033-10-10T15:20,2033-10-10T15:50,2,2,0
2033-10-10T15:50,2033-10-10T19:50,1,1,0
2033-10-10T19:50,2033-10-10T20:10,2,2,0
2033-10-10T20:10,2033-10-10T21:20,3,3,0
2033-10-10T21:20,2033-10-10T21:50,4,4,0
2033-10-10T21:50,2033-10-10T22:10,3,3,0
2033-10-10T22:10,2033-10-10T22:50,2,2,0
2033-10-10T22:50,2033-10-10T23:20,3,3,0
2033-10-10T23:20,2033-10-11T01:20,2,2,0
2033-10-11T01:20,2033-10-11T02:50,1,1,0
2033-10-11T17:20,2033-10-11T18:10,1,1,0
2033-10-11T18:10,2033-10-11T19:20,2,2,0
2033-10-11T19:20,2033-10-11T22:10,1,1,0
2033-10-12T14:50,2033-10-12T16:50,1,1,0
2033-10-12T17:20,2033-10-12T19:20,1,1,0
2033-10-12T22:10,2033-10-13T00:10,1,1,0
2033-10-13T16:50,2033-10-13T18:50,1,1,0
2033-10-13T18:50,2033-10-13T20:50,2,2,0
2033-10-13T20:50,2033-10-14T00:10,1,1,0
2033-10-14T00:10,2033-10-14T02:10,2,2,0
2033-10-14T02:10,2033-10-14T02:50,1,1,0
2033-10-14T10:10,2033-10-14T11:20,1,1,0
2033-10-14T11:20,2033-10-14T12:10,2,2,0
2033-10-14T12:10,2033-10-14T15:20,1,1,0
2033-10-14T20:10,2033-10-14T22:10,1,1,0
2033-10-14T22:50,2033-10-15T00:50,1,1,0
2033-10-15T08:35,2033-10-15T12:35,1,1,0
2033-10-15T13:50,2033-10-15T15:50,1,1,0
2033-10-15T17:20,2033-10-15T18:50,1,1,0
2033-10-15T18:50,2033-10-15T20:50,2,2,0
2033-10-15T20:50,2033-10-15T21:20,1,1,0
2033-10-15T22:10,2033-10-16T00:10,1,1,0
2033-10-16T20:35,2033-10-16T21:50,1,1,0
2033-10-16T21:50,2033-10-16T22:35,2,2,0
2033-10-16T22:35,2033-10-17T01:50,1,1,0
2033-10-17T08:10,2033-10-17T08:50,1,1,0
2033-10-17T08:50,2033-10-17T10:10,2,2,0
2033-10-17T10:10,2033-10-17T12:50,1,1,0
2033-10-17T16:10,2033-10-17T18:10,1,1,0
2033-10-18T15:20,2033-10-18T15:50,1,1,0
2033-10-18T15:50,2033-10-18T19:20,2,2,0
2033-10-18T19:20,2033-10-18T19:50,1,1,0
2033-10-19T09:20,2033-10-19T11:20,1,1,0
2033-10-19T12:10,2033-10-19T16:10,1,1,0
2033-10-20T00:10,2033-10-20T02:10,1,1,0
2033-10-20T18:50,2033-10-20T19:50,1,1,0
2033-10-20T19:50,2033-10-20T22:50,2,2,0
2033-10-20T22:50,2033-10-20T23:50,1,1,0
2033-10-21T00:10,2033-10-21T02:10,1,1,0
2033-10-21T13:50,2033-10-21T16:50,1,1,0
2033-10-21T16:50,2033-10-21T17:20,2,2,0
2033-10-21T17:20,2033-10-21T17:50,3,3,0
2033-10-21T17:50,2033-10-21T18:50,2,2,0
2033-10-21T18:50,2033-10-21T21:20,1,1,0
2033-10-22T08:50,2033-10-22T12:50,1,1,0
2033-10-22T16:10,2033-10-22T20:10,1,1,0
2033-10-22T21:20,2033-10-22T23:20,1,1,0
2033-10-23T11:50,2033-10-23T13:20,1,1,0
2033-10-23T13:20,2033-10-23T13:50,2,2,0
2033-10-23T13:50,2033-10-23T14:10,1,1,0
2033-10-23T14:10,2033-10-23T15:20,2,2,0
2033-10-23T15:20,2033-10-23T17:20,2,2,0
2033-10-23T17:20,2033-10-23T18:10,1,1,0
2033-10-23T20:10,2033-10-23T22:35,1,1,0
2033-10-23T22:35,2033-10-24T00:10,2,2,0
2033-10-24T00:10,2033-10-24T08:35,1,1,0
2033-10-24T12:10,2033-10-24T14:10,1,1,0
2033-10-25T00:10,2033-10-25T02:10,1,1,0
2033-10-25T12:50,2033-10-25T16:50,1,1,0
2033-10-26T10:10,2033-10-26T12:10,1,1,0
2033-10-26T12:50,2033-10-26T13:20,1,1,0
2033-10-26T13:20,2033-10-26T14:50,2,2,0
2033-10-26T14:50,2033-10-26T15:20,1,1,0
2033-10-26T15:50,2033-10-26T22:35,1,1,0
2033-10-26T22:35,2033-10-26T22:50,2,2,0
2033-10-26T22:50,2033-10-27T00:35,3,3,0
2033-10-27T00:35,2033-10-27T01:50,2,2,0
2033-10-27T01:50,2033-10-27T02:50,1,1,0
2033-10-27T17:20,2033-10-27T19:20,1,1,0
2033-10-27T19:50,2033-10-27T21:20,1,1,0
2033-10-27T21:20,2033-10-27T22:10,2,2,0
2033-10-27T22:10,2033-10-27T23:50,3,3,0
2033-10-27T23:50,2033-10-28T01:20,2,2,0
2033-10-28T01:20,2033-10-28T08:10,1,1,0
2033-10-28T11:50,2033-10-28T14:10,1,1,0
2033-10-28T14:10,2033-10-28T15:50,2,2,0
2033-10-28T15:50,2033-10-28T16:10,1,1,0
2033-10-28T22:10,2033-10-28T23:50,1,1,0
2033-10-28T23:50,2033-10-29T00:10,2,2,0
2033-10-29T00:10,2033-10-29T01:50,1,1,0
2033-10-29T15:20,2033-10-29T19:20,1,1,0
2033-10-29T23:20,2033-10-30T00:10,1,1,0
2033-10-30T00:10,2033-10-30T02:10,2,2,0
2033-10-30T02:10,2033-10-30T03:20,1,1,0
2033-10-30T08:35,2033-10-30T10:10,1,1,0
2033-10-30T10:10,2033-10-30T10:50,2,2,0
2033-10-30T10:50,2033-10-30T12:35,3,3,0
2033-10-30T12:35,2033-10-30T12:50,2,2,0
2033-10-30T12:50,2033-10-30T14:10,1,1,0
2033-10-30T14:50,2033-10-30T16:50,1,1,0
2033-10-30T20:35,2033-10-30T22:10,1,1,0
2033-10-30T22:10,2033-10-30T22:35,2,2,0
2033-10-30T22:35,2033-10-31T00:10,2,2,0
2033-10-31T00:10,2033-10-31T08:35,1,1,0
2033-10-31T22:35,2033-11-01T00:35,1,1,0
2033-11-01T15:50,2033-11-01T17:50,1,1,0
2033-11-01T18:50,2033-11-01T20:50,1,1,0
2033-11-01T20:50,2033-11-01T22:10,1,1,0
2033-11-01T22:10,2033-11-01T22:50,2,2,0
2033-11-01T22:50,2033-11-02T02:10,2,2,0
2033-11-02T02:10,2033-11-02T08:10,1,1,0
2033-11-02T08:10,2033-11-02T08:50,2,2,0
2033-11-02T08:50,2033-11-02T12:10,1,1,0
2033-11-02T16:50,2033-11-02T18:50,1,1,0
2033-11-02T18:50,2033-11-02T20:10,2,2,0
2033-11-02T20:10,2033-11-02T20:50,3,3,0
2033-11-02T20:50,2033-11-02T22:10,2,2,0
2033-11-02T22:10,2033-11-03T04:50,1,1,0
2033-11-03T08:10,2033-11-03T08:35,1,1,0
2033-11-03T08:35,2033-11-03T10:10,2,2,0
2033-11-03T10:10,2033-11-03T10:35,2,2,0
2033-11-03T10:35,2033-11-03T11:20,1,1,0
2033-11-03T11:20,2033-11-03T13:20,2,2,0
2033-11-03T13:20,2033-11-03T14:10,1,1,0
2033-11-03T20:50,2033-11-03T22:50,1,1,0
2033-11-03T23:50,2033-11-04T01:50,1,1,0
2033-11-04T09:20,2033-11-04T13:20,1,1,0
2033-11-04T13:50,2033-11-04T14:50,1,1,0
2033-11-04T14:50,2033-11-04T16:10,2,2,0
2033-11-04T16:10,2033-11-04T16:50,3,3,0
2033-11-04T16:50,2033-11-04T17:50,2,2,0
2033-11-04T17:50,2033-11-04T20:10,1,1,0
2033-11-04T20:10,2033-11-04T22:10,1,1,0
2033-11-04T22:50,2033-11-05T00:50,1,1,0
2033-11-05T21:20,2033-11-05T23:20,1,1,0
2033-11-06T08:50,2033-11-06T10:50,1,1,0
2033-11-06T21:20,2033-11-07T01:20,1,1,0
2033-11-07T16:50,2033-11-07T18:50,1,1,0
2033-11-07T18:50,2033-11-07T20:10,2,2,0
2033-11-07T20:10,2033-11-07T20:50,3,3,0
2033-11-07T20:50,2033-11-07T22:10,2,2,0
2033-11-07T22:10,2033-11-07T22:50,1,1,0
2033-11-08T12:50,2033-11-08T14:50,1,1,0
2033-11-08T14:50,2033-11-08T16:50,2,2,0
2033-11-08T16:50,2033-11-08T18:50,1,1,0
2033-11-09T12:10,2033-11-09T12:35,1,1,0
2033-11-09T12:35,2033-11-09T14:10,2,2,0
2033-11-09T14:10,2033-11-09T16:35,1,1,0
2033-11-10T08:35,2033-11-10T10:10,1,1,0
2033-11-10T10:10,2033-11-10T10:35,2,2,0
2033-11-10T10:35,2033-11-10T12:10,1,1,0
2033-11-10T15:50,2033-11-10T18:10,1,1,0
2033-11-10T18:10,2033-11-10T19:50,2,2,0
2033-11-10T19:50,2033-11-10T20:10,1,1,0
2033-11-10T22:10,2033-11-11T02:10,1,1,0
2033-11-11T08:10,2033-11-11T12:10,1,1,0
2033-11-11T20:50,2033-11-11T22:10,1,1,0
2033-11-11T22:10,2033-11-12T00:10,2,2,0
2033-11-12T00:10,2033-11-12T00:50,1,1,0
2033-11-12T11:50,2033-11-12T12:35,1,1,0
2033-11-12T12:35,2033-11-12T14:10,2,2,0
2033-11-12T14:10,2033-11-12T14:35,3,3,0
2033-11-12T14:35,2033-11-12T15:50,2,2,0
2033-11-12T15:50,2033-11-12T16:10,2,2,0
2033-11-12T16:10,2033-11-12T18:10,2,2,0
2033-11-12T18:10,2033-11-12T19:50,1,1,0
2033-11-13T12:50,2033-11-13T14:50,1,1,0
2033-11-13T16:10,2033-11-14T02:10,1,1,0
2033-11-15T10:10,2033-11-15T11:20,1,1,0
2033-11-15T11:20,2033-11-15T12:10,2,2,0
2033-11-15T12:10,2033-11-15T13:20,1,1,0
2033-11-15T13:50,2033-11-15T15:50,1,1,0
2033-11-15T23:20,2033-11-15T23:50,1,1,0
2033-11-15T23:50,2033-11-16T01:20,2,2,0
2033-11-16T01:20,2033-11-16T03:50,1,1,0
2033-11-16T16:10,2033-11-16T18:10,1,1,0
2033-11-16T22:10,2033-11-17T02:10,1,1,0
2033-11-17T12:35,2033-11-17T15:20,1,1,0
2033-11-17T15:20,2033-11-17T16:35,2,2,0
2033-11-17T16:35,2033-11-17T17:20,1,1,0
2033-11-17T17:20,2033-11-17T20:50,1,1,0
2033-11-17T20:50,2033-11-17T22:10,2,2,0
2033-11-17T22:10,2033-11-17T22:50,3,3,0
2033-11-17T22:50,2033-11-18T00:50,3,3,0
2033-11-18T00:50,2033-11-18T02:10,2,2,0
2033-11-18T02:10,2033-11-18T03:20,1,1,0
2033-11-18T08:10,2033-11-18T10:10,1,1,0
2033-11-19T11:50,2033-11-19T13:50,1,1,0
2033-11-19T18:50,2033-11-19T21:50,1,1,0
2033-11-19T21:50,2033-11-19T22:50,2,2,0
2033-11-19T22:50,2033-11-20T07:50,1,1,0
2033-11-20T08:10,2033-11-20T09:20,1,1,0
2033-11-20T09:20,2033-11-20T10:10,2,2,0
2033-11-20T10:10,2033-11-20T12:10,3,3,0
2033-11-20T12:10,2033-11-20T12:50,1,1,0
2033-11-20T12:50,2033-11-20T13:20,2,2,0
2033-11-20T13:20,2033-11-20T16:50,1,1,0
2033-11-20T18:10,2033-11-20T20:10,1,1,0
2033-11-20T22:50,2033-11-20T23:20,1,1,0
2033-11-20T23:20,2033-11-21T00:50,2,2,0
2033-11-21T00:50,2033-11-21T01:20,1,1,0
2033-11-21T08:10,2033-11-21T10:10,1,1,0
2033-11-21T20:10,2033-11-21T21:50,1,1,0
2033-11-21T21:50,2033-11-21T22:10,2,2,0
2033-11-21T22:10,2033-11-21T23:50,2,2,0
2033-11-21T23:50,2033-11-22T02:10,1,1,0
2033-11-22T18:10,2033-11-22T19:50,1,1,0
2033-11-22T19:50,2033-11-22T21:50,2,2,0
2033-11-22T21:50,2033-11-22T22:10,1,1,0
2033-11-23T08:10,2033-11-23T08:50,1,1,0
2033-11-23T08:50,2033-11-23T10:50,2,2,0
2033-11-23T10:50,2033-11-23T11:20,2,2,0
2033-11-23T11:20,2033-11-23T12:10,3,3,0
2033-11-23T12:10,2033-11-23T14:50,2,2,0
2033-11-23T14:50,2033-11-23T15:20,1,1,0
2033-11-23T22:35,2033-11-24T00:35,1,1,0
2033-11-24T11:20,2033-11-24T13:20,1,1,0
2033-11-24T13:50,2033-11-24T15:50,1,1,0
2033-11-24T17:20,2033-11-24T21:20,1,1,0
2033-11-24T23:20,2033-11-25T01:20,1,1,0
2033-11-25T09:50,2033-11-25T11:50,1,1,0
2033-11-25T18:10,2033-11-25T20:10,1,1,0
2033-11-25T21:50,2033-11-25T22:35,1,1,0
2033-11-25T22:35,2033-11-25T23:20,2,2,0
2033-11-25T23:20,2033-11-26T00:35,3,3,0
2033-11-26T00:35,2033-11-26T01:50,2,2,0
2033-11-26T01:50,2033-11-26T03:20,1,1,0
2033-11-26T08:50,2033-11-26T10:50,1,1,0
2033-11-26T22:10,2033-11-26T23:50,1,1,0
2033-11-26T23:50,2033-11-27T01:50,2,2,0
2033-11-27T01:50,2033-11-27T02:10,1,1,0
2033-11-27T11:50,2033-11-27T12:35,1,1,0
2033-11-27T12:35,2033-11-27T13:50,2,2,0
2033-11-27T13:50,2033-11-27T16:35,1,1,0
2033-11-27T16:50,2033-11-27T17:20,1,1,0
2033-11-27T17:20,2033-11-27T20:10,2,2,0
2033-11-27T20:10,2033-11-27T20:50,3,3,0
2033-11-27T20:50,2033-11-27T21:20,4,4,0
2033-11-27T21:20,2033-11-27T22:50,3,3,0
2033-11-27T22:50,2033-11-28T00:10,2,2,0
2033-11-28T00:10,2033-11-28T02:50,1,1,0
2033-11-29T12:50,2033-11-29T13:20,1,1,0
2033-11-29T13:20,2033-11-29T14:50,2,2,0
2033-11-29T14:50,2033-11-29T16:50,1,1,0
2033-11-29T16:50,2033-11-29T17:20,2,2,0
2033-11-29T17:20,2033-11-29T18:10,1,1,0
2033-11-29T18:10,2033-11-29T20:50,2,2,0
2033-11-29T20:50,2033-11-29T22:10,3,3,0
2033-11-29T22:10,2033-11-30T00:50,2,2,0
2033-11-30T00:50,2033-11-30T02:50,1,1,0
2033-11-30T11:20,2033-11-30T13:20,1,1,0
2033-11-30T16:50,2033-11-30T19:50,1,1,0
2033-11-30T19:50,2033-11-30T20:50,2,2,0
2033-11-30T20:50,2033-11-30T21:50,1,1,0
2033-12-01T08:50,2033-12-01T11:20,1,1,0
2033-12-01T11:20,2033-12-01T12:50,2,2,0
2033-12-01T12:50,2033-12-01T13:20,1,1,0
2033-12-01T16:50,2033-12-01T18:10,1,1,0
2033-12-01T18:10,2033-12-01T22:10,2,2,0
2033-12-01T22:10,2033-12-02T02:50,1,1,0
2033-12-02T16:50,2033-12-02T17:20,1,1,0
2033-12-02T17:20,2033-12-02T20:50,2,2,0
2033-12-02T20:50,2033-12-03T00:50,2,2,0
2033-12-03T00:50,2033-12-03T03:20,1,1,0
2033-12-03T08:10,2033-12-03T10:10,1,1,0
2033-12-03T13:50,2033-12-03T15:20,1,1,0
2033-12-03T15:20,2033-12-03T15:50,2,2,0
2033-12-03T15:50,2033-12-03T16:50,1,1,0
2033-12-03T16:50,2033-12-03T17:20,2,2,0
2033-12-03T17:20,2033-12-03T18:50,3,3,0
2033-12-03T18:50,2033-12-03T19:20,4,4,0
2033-12-03T19:20,2033-12-03T20:10,3,3,0
2033-12-03T20:10,2033-12-03T22:10,4,4,0
2033-12-03T22:10,2033-12-03T22:50,3,3,0
2033-12-03T22:50,2033-12-03T23:20,2,2,0
2033-12-03T23:20,2033-12-04T02:50,3,3,0
2033-12-04T02:50,2033-12-04T03:20,2,2,0
2033-12-04T22:35,2033-12-05T08:35,1,1,0
2033-12-05T11:20,2033-12-05T13:20,1,1,0
2033-12-05T16:50,2033-12-05T20:50,1,1,0
2033-12-06T00:10,2033-12-06T02:10,1,1,0
2033-12-06T13:50,2033-12-06T15:50,1,1,0
2033-12-06T16:50,2033-12-06T17:20,1,1,0
2033-12-06T17:20,2033-12-06T18:50,2,2,0
2033-12-06T18:50,2033-12-06T19:20,1,1,0
2033-12-06T22:10,2033-12-07T08:10,1,1,0
2033-12-07T15:50,2033-12-07T16:10,1,1,0
2033-12-07T16:10,2033-12-07T18:10,2,2,0
2033-12-07T18:10,2033-12-07T21:50,1,1,0
2033-12-07T21:50,2033-12-07T23:50,2,2,0
2033-12-07T23:50,2033-12-08T01:50,2,2,0
2033-12-09T10:50,2033-12-09T12:35,1,1,0
2033-12-09T12:35,2033-12-09T12:50,2,2,0
2033-12-09T12:50,2033-12-09T14:35,1,1,0
2033-12-10T11:20,2033-12-10T12:10,1,1,0
2033-12-10T12:10,2033-12-10T13:20,2,2,0
2033-12-10T13:20,2033-12-10T16:10,1,1,0
2033-12-10T19:50,2033-12-10T21:50,1,1,0
2033-12-10T23:50,2033-12-11T00:10,1,1,0
2033-12-11T00:10,2033-12-11T01:50,2,2,0
2033-12-11T01:50,2033-12-11T02:10,1,1,0
2033-12-11T08:50,2033-12-11T10:50,1,1,0
2033-12-11T10:50,2033-12-11T14:50,1,1,0
2033-12-11T22:35,2033-12-12T00:35,1,1,0
2033-12-12T20:35,2033-12-12T21:50,1,1,0
2033-12-12T21:50,2033-12-12T22:35,2,2,0
2033-12-12T22:35,2033-12-13T00:35,2,2,0
2033-12-13T00:35,2033-12-13T07:50,1,1,0
2033-12-13T08:10,2033-12-13T09:50,1,1,0
2033-12-13T09:50,2033-12-13T11:50,2,2,0
2033-12-13T11:50,2033-12-13T12:10,1,1,0
2033-12-13T16:50,2033-12-13T23:20,1,1,0
2033-12-13T23:20,2033-12-14T01:20,2,2,0
2033-12-14T01:20,2033-12-14T02:50,1,1,0
2033-12-14T12:10,2033-12-14T14:10,1,1,0
2033-12-14T14:50,2033-12-14T15:50,1,1,0
2033-12-14T15:50,2033-12-14T16:50,2,2,0
2033-12-14T16:50,2033-12-14T19:50,1,1,0
2033-12-14T21:50,2033-12-15T00:10,1,1,0
2033-12-15T00:10,2033-12-15T02:10,2,2,0
2033-12-15T02:10,2033-12-15T07:50,1,1,0
2033-12-15T10:50,2033-12-15T12:50,1,1,0
2033-12-15T12:50,2033-12-15T16:50,1,1,0
2033-12-15T16:50,2033-12-15T19:50,1,1,0
2033-12-15T19:50,2033-12-15T21:50,2,2,0
2033-12-15T21:50,2033-12-15T22:35,1,1,0
2033-12-15T22:35,2033-12-15T23:20,2,2,0
2033-12-15T23:20,2033-12-16T01:20,3,3,0
2033-12-16T01:20,2033-12-16T02:35,2,2,0
2033-12-16T02:35,2033-12-16T02:50,1,1,0
2033-12-16T09:50,2033-12-16T11:50,1,1,0
2033-12-17T08:10,2033-12-17T09:20,1,1,0
2033-12-17T09:20,2033-12-17T10:10,2,2,0
2033-12-17T10:10,2033-12-17T12:35,1,1,0
2033-12-17T12:35,2033-12-17T13:20,2,2,0
2033-12-17T13:20,2033-12-17T14:35,1,1,0
2033-12-18T15:20,2033-12-18T19:20,1,1,0
2033-12-18T20:50,2033-12-18T21:20,1,1,0
2033-12-18T21:20,2033-12-18T23:20,2,2,0
2033-12-18T23:20,2033-12-19T00:50,3,3,0
2033-12-19T00:50,2033-12-19T01:20,2,2,0
2033-12-19T16:50,2033-12-19T20:50,1,1,0
2033-12-20T15:50,2033-12-20T17:50,1,1,0
2033-12-20T23:20,2033-12-20T23:50,1,1,0
2033-12-20T23:50,2033-12-21T03:20,2,2,0
2033-12-21T03:20,2033-12-21T03:50,1,1,0
2033-12-21T12:10,2033-12-21T13:50,1,1,0
2033-12-21T13:50,2033-12-21T14:10,2,2,0
2033-12-21T14:10,2033-12-21T15:50,1,1,0
2033-12-21T22:10,2033-12-22T00:10,1,1,0
2033-12-22T13:20,2033-12-22T17:20,1,1,0
2033-12-22T21:20,2033-12-23T00:10,1,1,0
2033-12-23T00:10,2033-12-23T01:20,2,2,0
2033-12-23T01:20,2033-12-23T04:10,1,1,0
2033-12-23T08:50,2033-12-23T10:50,1,1,0
2033-12-23T16:10,2033-12-23T18:10,1,1,0
2033-12-23T18:50,2033-12-23T20:50,1,1,0
2033-12-23T20:50,2033-12-23T22:50,1,1,0
2033-12-23T23:20,2033-12-24T03:20,1,1,0
2033-12-24T16:50,2033-12-24T18:50,1,1,0
2033-12-24T21:50,2033-12-25T01:50,1,1,0
2033-12-25T09:20,2033-12-25T13:20,1,1,0
2033-12-25T18:10,2033-12-25T22:10,1,1,0
2033-12-26T13:50,2033-12-26T14:50,1,1,0
2033-12-26T14:50,2033-12-26T15:50,2,2,0
2033-12-26T15:50,2033-12-26T16:50,1,1,0
2033-12-26T18:10,2033-12-26T18:50,1,1,0
2033-12-26T18:50,2033-12-26T20:10,2,2,0
2033-12-26T20:10,2033-12-26T20:50,1,1,0
2033-12-27T10:10,2033-12-27T10:50,1,1,0
2033-12-27T10:50,2033-12-27T12:10,2,2,0
2033-12-27T12:10,2033-12-27T14:50,1,1,0
2033-12-27T22:35,2033-12-28T00:35,1,1,0
2033-12-28T08:50,2033-12-28T12:50,1,1,0
2033-12-28T16:10,2033-12-28T20:10,1,1,0
2033-12-28T20:10,2033-12-28T22:10,1,1,0
2033-12-29T08:50,2033-12-29T09:50,1,1,0
2033-12-29T09:50,2033-12-29T11:50,2,2,0
2033-12-29T11:50,2033-12-29T12:50,2,2,0
2033-12-29T12:50,2033-12-29T13:50,1,1,0
2033-12-29T20:50,2033-12-30T00:50,1,1,0
2033-12-30T11:20,2033-12-30T15:20,1,1,0
2033-12-30T15:20,2033-12-30T17:20,1,1,0
2033-12-30T17:20,2033-12-30T20:35,1,1,0
2033-12-30T20:35,2033-12-31T03:20,2,2,0
2033-12-31T03:20,2033-12-31T06:35,1,1,0
2033-12-31T13:50,2033-12-31T14:50,1,1,0
2033-12-31T14:50,2033-12-31T15:50,2,2,0
2033-12-31T15:50,2033-12-31T16:50,1,1,0
2033-12-31T16:50,2033-12-31T18:50,2,2,0
2033-12-31T18:50,2033-12-31T20:50,1,1,0
2033-12-31T22:10,2034-01-01T00:10,1,1,0
2034-01-01T09:50,2034-01-01T10:10,1,1,0
2034-01-01T10:10,2034-01-01T11:50,2,2,0
2034-01-01T11:50,2034-01-01T12:10,2,2,0
2034-01-01T12:10,2034-01-01T13:50,1,1,0
2034-01-01T21:20,2034-01-01T23:20,1,1,0
2034-01-01T23:20,2034-01-02T01:20,1,1,0
2034-01-02T08:35,2034-01-02T09:50,1,1,0
2034-01-02T09:50,2034-01-02T10:35,2,2,0
2034-01-02T10:35,2034-01-02T13:50,1,1,0
2034-01-02T22:10,2034-01-03T02:10,1,1,0
2034-01-03T12:35,2034-01-03T12:50,1,1,0
2034-01-03T12:50,2034-01-03T14:10,2,2,0
2034-01-03T14:10,2034-01-03T14:35,3,3,0
2034-01-03T14:35,2034-01-03T14:50,2,2,0
2034-01-03T14:50,2034-01-03T15:50,2,2,0
2034-01-03T15:50,2034-01-03T17:50,3,3,0
2034-01-03T17:50,2034-01-03T18:10,2,2,0
2034-01-03T18:10,2034-01-03T18:50,1,1,0
2034-01-04T09:20,2034-01-04T11:20,1,1,0
