schedule_id,job_id,train_id,cycle_code,resource_group,location,scheduled_start,scheduled_end,duration_hours,status,reason,earliest_allowed_at,latest_allowed_at,target_mileage_km
RSCH-000001,JOB-001154,EVS360-017,IS100,inspection_and_service,Obukhovo,2032-01-05T15:20,2032-01-05T17:20,2,scheduled,,2032-01-05T00:00,2032-01-06T17:20,2437500
RSCH-000002,JOB-002304,EVS360-033,IS100,inspection_and_service,Obukhovo,2032-01-05T23:20,2032-01-06T01:20,2,scheduled,,2032-01-05T12:50,2032-01-07T08:35,1462500
RSCH-000003,JOB-002595,EVS360-037,IS100,inspection_and_service,Obukhovo,2032-01-06T08:35,2032-01-06T10:35,2,scheduled,,2032-01-05T14:50,2032-01-07T19:50,1037500
RSCH-000004,JOB-000073,EVS360-002,IS100,inspection_and_service,Obukhovo,2032-01-06T10:10,2032-01-06T12:10,2,scheduled,,2032-01-05T17:20,2032-01-07T21:20,3562500
RSCH-000005,JOB-002089,EVS360-030,IS100,inspection_and_service,Obukhovo,2032-01-05T22:10,2032-01-06T00:10,2,scheduled,,2032-01-05T22:10,2032-01-08T08:50,1512500
RSCH-000006,JOB-001010,EVS360-015,IS200,inspection_and_service,Obukhovo,2032-01-05T14:10,2032-01-05T18:10,4,scheduled,,2032-01-05T00:00,2032-01-09T12:10,2725000
RSCH-000007,JOB-000723,EVS360-011,IS200,inspection_and_service,Obukhovo,2032-01-05T12:35,2032-01-05T16:35,4,scheduled,,2032-01-05T00:00,2032-01-09T20:50,2900000
RSCH-000008,JOB-001082,EVS360-016,IS100,inspection_and_service,Obukhovo,2032-01-07T19:50,2032-01-07T21:50,2,scheduled,,2032-01-07T19:50,2032-01-09T22:50,2712500
RSCH-000009,JOB-000363,EVS360-006,IS200,inspection_and_service,Obukhovo,2032-01-05T10:10,2032-01-05T14:10,4,scheduled,,2032-01-05T00:00,2032-01-10T09:50,3475000
RSCH-000010,JOB-001226,EVS360-018,IS100,inspection_and_service,Obukhovo,2032-01-08T22:10,2032-01-09T00:10,2,scheduled,,2032-01-08T11:50,2032-01-10T15:20,2512500
RSCH-000011,JOB-001660,EVS360-024,IS100,inspection_and_service,Obukhovo,2032-01-09T08:10,2032-01-09T10:10,2,scheduled,,2032-01-08T14:10,2032-01-10T19:20,1987500
RSCH-000012,JOB-001732,EVS360-025,IS100,inspection_and_service,Obukhovo,2032-01-09T08:35,2032-01-09T10:35,2,scheduled,,2032-01-09T08:35,2032-01-10T19:50,1837500
RSCH-000013,JOB-000219,EVS360-004,IS100,inspection_and_service,Obukhovo,2032-01-08T14:50,2032-01-08T16:50,2,scheduled,,2032-01-08T14:50,2032-01-10T19:50,3262500
RSCH-000014,JOB-000579,EVS360-009,IS200,inspection_and_service,Obukhovo,2032-01-05T11:50,2032-01-05T15:50,4,scheduled,,2032-01-05T00:00,2032-01-11T12:50,3100000
RSCH-000015,JOB-001444,EVS360-021,IS200,inspection_and_service,Obukhovo,2032-01-05T00:00,2032-01-05T04:00,4,scheduled,,2032-01-05T00:00,2032-01-11T19:50,2375000
RSCH-000016,JOB-001875,EVS360-027,IS200,inspection_and_service,Obukhovo,2032-01-05T00:00,2032-01-05T04:00,4,scheduled,,2032-01-05T00:00,2032-01-11T22:10,1900000
RSCH-000017,JOB-002018,EVS360-029,IS100,inspection_and_service,Obukhovo,2032-01-10T12:10,2032-01-10T14:10,2,scheduled,,2032-01-09T19:50,2032-01-11T23:20,1562500
RSCH-000018,JOB-001299,EVS360-019,IS100,inspection_and_service,Obukhovo,2032-01-11T09:20,2032-01-11T11:20,2,scheduled,,2032-01-10T16:10,2032-01-12T11:20,2537500
RSCH-000019,JOB-002161,EVS360-031,IS200,inspection_and_service,Obukhovo,2032-01-05T00:00,2032-01-05T04:00,4,scheduled,,2032-01-05T00:00,2032-01-12T16:50,1550000
RSCH-000020,JOB-000939,EVS360-014,IS200,inspection_and_service,Obukhovo,2032-01-05T13:50,2032-01-05T17:50,4,scheduled,,2032-01-05T00:00,2032-01-12T18:10,2750000
RSCH-000021,JOB-002377,EVS360-034,IS100,inspection_and_service,Obukhovo,2032-01-10T14:10,2032-01-10T16:10,2,scheduled,,2032-01-10T14:10,2032-01-12T18:50,1312500
RSCH-000022,JOB-002669,EVS360-038,IS100,inspection_and_service,Obukhovo,2032-01-11T18:50,2032-01-11T20:50,2,scheduled,,2032-01-11T08:50,2032-01-13T12:10,1062500
RSCH-000023,JOB-000001,EVS360-001,IS200,inspection_and_service,Obukhovo,2032-01-05T08:10,2032-01-05T12:10,4,scheduled,,2032-01-05T08:10,2032-01-13T12:50,3550000
RSCH-000024,JOB-000147,EVS360-003,IS100,inspection_and_service,Obukhovo,2032-01-11T20:50,2032-01-11T22:50,2,scheduled,,2032-01-11T20:50,2032-01-14T00:10,3387500
RSCH-000025,JOB-002449,EVS360-035,IS100,inspection_and_service,Obukhovo,2032-01-12T19:50,2032-01-12T21:50,2,scheduled,,2032-01-12T19:50,2032-01-14T22:50,1162500
RSCH-000026,JOB-000795,EVS360-012,IS100,inspection_and_service,Obukhovo,2032-01-13T09:50,2032-01-13T11:50,2,scheduled,,2032-01-13T09:50,2032-01-15T13:20,3087500
RSCH-000027,JOB-001517,EVS360-022,IS100,inspection_and_service,Obukhovo,2032-01-13T14:10,2032-01-13T16:10,2,scheduled,,2032-01-13T14:10,2032-01-15T18:50,2262500
RSCH-000028,JOB-001589,EVS360-023,IS100,inspection_and_service,Obukhovo,2032-01-13T14:50,2032-01-13T16:50,2,scheduled,,2032-01-13T14:50,2032-01-15T19:50,2237500
RSCH-000029,JOB-001804,EVS360-026,IS100,inspection_and_service,Obukhovo,2032-01-13T16:10,2032-01-13T18:10,2,scheduled,,2032-01-13T16:10,2032-01-15T20:50,1987500
RSCH-000030,JOB-001011,EVS360-015,IS100,inspection_and_service,Obukhovo,2032-01-15T14:50,2032-01-15T16:50,2,scheduled,,2032-01-14T22:10,2032-01-16T16:50,2737500
RSCH-000031,JOB-000364,EVS360-006,IS100,inspection_and_service,Obukhovo,2032-01-15T10:50,2032-01-15T12:50,2,scheduled,,2032-01-15T10:50,2032-01-16T21:50,3487500
RSCH-000032,JOB-000724,EVS360-011,IS100,inspection_and_service,Obukhovo,2032-01-15T12:50,2032-01-15T14:50,2,scheduled,,2032-01-14T20:35,2032-01-17T00:10,2912500
RSCH-000033,JOB-000292,EVS360-005,IS200,inspection_and_service,Obukhovo,2032-01-09T17:20,2032-01-09T21:20,4,scheduled,,2032-01-09T08:10,2032-01-17T13:50,3125000
RSCH-000034,JOB-001372,EVS360-020,IS100,inspection_and_service,Obukhovo,2032-01-16T20:10,2032-01-16T22:10,2,scheduled,,2032-01-16T09:35,2032-01-17T21:50,2262500
RSCH-000035,JOB-002522,EVS360-036,IS200,inspection_and_service,Obukhovo,2032-01-10T15:20,2032-01-10T19:20,4,scheduled,,2032-01-09T22:50,2032-01-18T12:10,1175000
RSCH-000036,JOB-001445,EVS360-021,IS100,inspection_and_service,Obukhovo,2032-01-16T20:35,2032-01-16T22:35,2,scheduled,,2032-01-16T20:35,2032-01-18T13:20,2387500
RSCH-000037,JOB-001876,EVS360-027,IS100,inspection_and_service,Obukhovo,2032-01-16T22:50,2032-01-17T00:50,2,scheduled,,2032-01-16T22:50,2032-01-18T16:50,1912500
RSCH-000038,JOB-000580,EVS360-009,IS100,inspection_and_service,Obukhovo,2032-01-16T13:50,2032-01-16T15:50,2,scheduled,,2032-01-16T13:50,2032-01-18T18:10,3112500
RSCH-000039,JOB-002232,EVS360-032,IS200,inspection_and_service,Obukhovo,2032-01-10T13:20,2032-01-10T17:20,4,scheduled,,2032-01-10T13:20,2032-01-18T19:50,1400000
RSCH-000040,JOB-000867,EVS360-013,IS200,inspection_and_service,Obukhovo,2032-01-10T23:20,2032-01-11T03:20,4,scheduled,,2032-01-10T12:50,2032-01-18T20:35,2975000
RSCH-000041,JOB-000437,EVS360-007,IS100,inspection_and_service,Obukhovo,2032-01-17T14:50,2032-01-17T16:50,2,scheduled,,2032-01-17T14:50,2032-01-19T19:50,3312500
RSCH-000042,JOB-002162,EVS360-031,IS100,inspection_and_service,Obukhovo,2032-01-18T09:50,2032-01-18T11:50,2,scheduled,,2032-01-18T09:50,2032-01-19T20:50,1562500
RSCH-000043,JOB-000940,EVS360-014,IS100,inspection_and_service,Obukhovo,2032-01-17T18:50,2032-01-17T20:50,2,scheduled,,2032-01-17T18:50,2032-01-19T22:35,2762500
RSCH-000044,JOB-001155,EVS360-017,IS200,inspection_and_service,Obukhovo,2032-01-12T10:10,2032-01-12T14:10,4,scheduled,,2032-01-12T10:10,2032-01-19T23:50,2450000
RSCH-000045,JOB-000509,EVS360-008,IS100,inspection_and_service,Obukhovo,2032-01-18T17:20,2032-01-18T19:20,2,scheduled,,2032-01-18T17:20,2032-01-20T11:20,3387500
RSCH-000046,JOB-002305,EVS360-033,IS200,inspection_and_service,Obukhovo,2032-01-12T18:10,2032-01-12T22:10,4,scheduled,,2032-01-12T18:10,2032-01-20T14:10,1475000
RSCH-000047,JOB-000002,EVS360-001,IS100,inspection_and_service,Obukhovo,2032-01-18T13:50,2032-01-18T15:50,2,scheduled,,2032-01-18T13:50,2032-01-20T18:10,3562500
RSCH-000048,JOB-000074,EVS360-002,IS200,inspection_and_service,Obukhovo,2032-01-12T22:10,2032-01-13T02:10,4,scheduled,,2032-01-12T22:10,2032-01-21T10:10,3575000
RSCH-000049,JOB-000508,EVS360-008,IS510,inspection_and_service,Obukhovo,2032-01-08T16:50,2032-01-09T02:50,10,scheduled,,2032-01-05T00:00,2032-01-21T12:50,3375000
RSCH-000050,JOB-002090,EVS360-030,IS200,inspection_and_service,Obukhovo,2032-01-13T18:50,2032-01-13T22:50,4,scheduled,,2032-01-13T08:50,2032-01-21T14:50,1525000
RSCH-000051,JOB-002743,EVS360-039,IS100,inspection_and_service,Obukhovo,2032-01-19T15:20,2032-01-19T17:20,2,scheduled,,2032-01-19T15:20,2032-01-21T20:10,987500
RSCH-000052,JOB-000652,EVS360-010,IS100,inspection_and_service,Obukhovo,2032-01-19T20:50,2032-01-19T22:50,2,scheduled,,2032-01-19T20:50,2032-01-22T00:10,3237500
RSCH-000053,JOB-001948,EVS360-028,IS100,inspection_and_service,Obukhovo,2032-01-21T13:50,2032-01-21T15:50,2,scheduled,,2032-01-20T21:20,2032-01-22T15:50,1737500
RSCH-000054,JOB-000651,EVS360-010,IS510,inspection_and_service,Obukhovo,2032-01-07T15:50,2032-01-08T01:50,10,scheduled,,2032-01-05T00:00,2032-01-22T16:10,3225000
RSCH-000055,JOB-001083,EVS360-016,IS200,inspection_and_service,Obukhovo,2032-01-15T15:20,2032-01-15T19:20,4,scheduled,,2032-01-14T22:50,2032-01-22T19:50,2725000
RSCH-000056,JOB-002742,EVS360-039,IS510,inspection_and_service,Obukhovo,2032-01-05T00:00,2032-01-05T10:00,10,scheduled,,2032-01-05T00:00,2032-01-22T21:50,975000
RSCH-000057,JOB-001947,EVS360-028,IS510,inspection_and_service,Obukhovo,2032-01-05T21:20,2032-01-06T07:20,10,scheduled,,2032-01-05T00:00,2032-01-23T18:10,1725000
RSCH-000058,JOB-001227,EVS360-018,IS200,inspection_and_service,Obukhovo,2032-01-15T16:10,2032-01-15T20:10,4,scheduled,,2032-01-15T16:10,2032-01-23T22:10,2525000
RSCH-000059,JOB-001661,EVS360-024,IS200,inspection_and_service,Obukhovo,2032-01-15T20:10,2032-01-16T00:10,4,scheduled,,2032-01-15T20:10,2032-01-24T08:35,2000000
RSCH-000060,JOB-000220,EVS360-004,IS200,inspection_and_service,Obukhovo,2032-01-16T11:50,2032-01-16T15:50,4,scheduled,,2032-01-15T19:20,2032-01-24T08:35,3275000
RSCH-000061,JOB-000293,EVS360-005,IS100,inspection_and_service,Obukhovo,2032-01-22T23:50,2032-01-23T01:50,2,scheduled,,2032-01-22T13:20,2032-01-24T08:50,3137500
RSCH-000062,JOB-001733,EVS360-025,IS200,inspection_and_service,Obukhovo,2032-01-16T22:10,2032-01-17T02:10,4,scheduled,,2032-01-16T11:50,2032-01-24T08:50,1850000
RSCH-000063,JOB-002523,EVS360-036,IS100,inspection_and_service,Obukhovo,2032-01-23T22:10,2032-01-24T00:10,2,scheduled,,2032-01-23T11:50,2032-01-25T15:20,1187500
RSCH-000064,JOB-002233,EVS360-032,IS100,inspection_and_service,Obukhovo,2032-01-23T20:35,2032-01-23T22:35,2,scheduled,,2032-01-23T20:35,2032-01-25T23:50,1412500
RSCH-000065,JOB-000868,EVS360-013,IS100,inspection_and_service,Obukhovo,2032-01-24T12:35,2032-01-24T14:35,2,scheduled,,2032-01-23T20:10,2032-01-25T23:50,2987500
RSCH-000066,JOB-002378,EVS360-034,IS200,inspection_and_service,Obukhovo,2032-01-18T11:20,2032-01-18T15:20,4,scheduled,,2032-01-17T18:50,2032-01-26T08:10,1325000
RSCH-000067,JOB-002670,EVS360-038,IS200,inspection_and_service,Obukhovo,2032-01-18T12:50,2032-01-18T16:50,4,scheduled,,2032-01-18T12:50,2032-01-26T19:20,1075000
RSCH-000068,JOB-001156,EVS360-017,IS100,inspection_and_service,Obukhovo,2032-01-25T16:10,2032-01-25T18:10,2,scheduled,,2032-01-25T16:10,2032-01-27T10:10,2462500
RSCH-000069,JOB-000148,EVS360-003,IS200,inspection_and_service,Obukhovo,2032-01-19T16:50,2032-01-19T20:50,4,scheduled,,2032-01-19T00:10,2032-01-27T13:20,3400000
RSCH-000070,JOB-002306,EVS360-033,IS100,inspection_and_service,Obukhovo,2032-01-26T00:10,2032-01-26T02:10,2,scheduled,,2032-01-26T00:10,2032-01-27T18:50,1487500
RSCH-000071,JOB-002450,EVS360-035,IS200,inspection_and_service,Obukhovo,2032-01-20T15:20,2032-01-20T19:20,4,scheduled,,2032-01-19T22:50,2032-01-28T12:10,1175000
RSCH-000072,JOB-002597,EVS360-037,IS100,inspection_and_service,Obukhovo,2032-01-26T09:20,2032-01-26T11:20,2,scheduled,,2032-01-26T09:20,2032-01-28T12:50,1062500
RSCH-000073,JOB-000075,EVS360-002,IS100,inspection_and_service,Obukhovo,2032-01-26T11:20,2032-01-26T13:20,2,scheduled,,2032-01-26T11:20,2032-01-28T14:50,3587500
RSCH-000074,JOB-002091,EVS360-030,IS100,inspection_and_service,Obukhovo,2032-01-27T08:10,2032-01-27T10:10,2,scheduled,,2032-01-26T14:10,2032-01-28T19:20,1537500
RSCH-000075,JOB-000796,EVS360-012,IS200,inspection_and_service,Obukhovo,2032-01-20T23:20,2032-01-21T03:20,4,scheduled,,2032-01-20T12:50,2032-01-28T20:35,3100000
RSCH-000076,JOB-001518,EVS360-022,IS200,inspection_and_service,Obukhovo,2032-01-21T11:20,2032-01-21T15:20,4,scheduled,,2032-01-20T18:50,2032-01-29T08:10,2275000
RSCH-000077,JOB-001805,EVS360-026,IS200,inspection_and_service,Obukhovo,2032-01-21T12:50,2032-01-21T16:50,4,scheduled,,2032-01-20T20:35,2032-01-29T09:50,2000000
RSCH-000078,JOB-001012,EVS360-015,IS200,inspection_and_service,Obukhovo,2032-01-22T09:50,2032-01-22T13:50,4,scheduled,,2032-01-22T09:50,2032-01-29T23:20,2750000
RSCH-000079,JOB-001084,EVS360-016,IS100,inspection_and_service,Obukhovo,2032-01-28T22:10,2032-01-29T00:10,2,scheduled,,2032-01-28T11:50,2032-01-29T23:50,2737500
RSCH-000080,JOB-000365,EVS360-006,IS200,inspection_and_service,Obukhovo,2032-01-23T00:10,2032-01-23T04:10,4,scheduled,,2032-01-22T13:50,2032-01-30T10:50,3500000
RSCH-000081,JOB-001228,EVS360-018,IS100,inspection_and_service,Obukhovo,2032-01-28T22:50,2032-01-29T00:50,2,scheduled,,2032-01-28T22:50,2032-01-30T16:50,2537500
RSCH-000082,JOB-001373,EVS360-020,IS200,inspection_and_service,Obukhovo,2032-01-23T13:50,2032-01-23T17:50,4,scheduled,,2032-01-22T21:20,2032-01-31T10:50,2275000
RSCH-000083,JOB-001371,EVS360-020,IS520,inspection_and_service,Obukhovo,,,16,unscheduled,no_depot_window_before_deadline,2032-01-05T00:00,2032-01-31T10:50,2250000
RSCH-000084,JOB-000221,EVS360-004,IS100,inspection_and_service,Obukhovo,2032-01-29T18:10,2032-01-29T20:10,2,scheduled,,2032-01-29T08:35,2032-01-31T11:50,3287500
RSCH-000085,JOB-001662,EVS360-024,IS100,inspection_and_service,Obukhovo,2032-01-29T08:50,2032-01-29T10:50,2,scheduled,,2032-01-29T08:50,2032-01-31T12:35,2012500
RSCH-000086,JOB-001734,EVS360-025,IS100,inspection_and_service,Obukhovo,2032-01-29T09:20,2032-01-29T11:20,2,scheduled,,2032-01-29T09:20,2032-01-31T12:50,1862500
RSCH-000087,JOB-001877,EVS360-027,IS200,inspection_and_service,Obukhovo,2032-01-24T20:10,2032-01-25T00:10,4,scheduled,,2032-01-24T09:35,2032-01-31T23:20,1925000
RSCH-000088,JOB-000581,EVS360-009,IS200,inspection_and_service,Obukhovo,2032-01-24T10:50,2032-01-24T14:50,4,scheduled,,2032-01-23T18:10,2032-02-01T00:10,3125000
RSCH-000089,JOB-002020,EVS360-029,IS100,inspection_and_service,Obukhovo,2032-01-30T12:50,2032-01-30T14:50,2,scheduled,,2032-01-30T12:50,2032-02-01T16:50,1587500
RSCH-000090,JOB-001301,EVS360-019,IS100,inspection_and_service,Obukhovo,2032-01-31T10:10,2032-01-31T12:10,2,scheduled,,2032-01-30T17:20,2032-02-01T21:20,2562500
RSCH-000091,JOB-000438,EVS360-007,IS200,inspection_and_service,Obukhovo,2032-01-25T11:50,2032-01-25T15:50,4,scheduled,,2032-01-24T19:20,2032-02-02T08:35,3325000
RSCH-000092,JOB-002379,EVS360-034,IS100,inspection_and_service,Obukhovo,2032-01-31T17:20,2032-01-31T19:20,2,scheduled,,2032-01-31T08:10,2032-02-02T11:20,1337500
RSCH-000093,JOB-000510,EVS360-008,IS200,inspection_and_service,Obukhovo,2032-01-26T13:50,2032-01-26T17:50,4,scheduled,,2032-01-25T21:20,2032-02-02T18:10,3400000
RSCH-000094,JOB-002019,EVS360-029,IS510,inspection_and_service,Obukhovo,2032-01-12T15:50,2032-01-13T01:50,10,scheduled,,2032-01-09T10:10,2032-02-02T19:50,1575000
RSCH-000095,JOB-002671,EVS360-038,IS100,inspection_and_service,Obukhovo,2032-01-31T20:10,2032-01-31T22:10,2,scheduled,,2032-01-31T20:10,2032-02-02T23:20,1087500
RSCH-000096,JOB-000003,EVS360-001,IS200,inspection_and_service,Obukhovo,2032-01-26T10:50,2032-01-26T14:50,4,scheduled,,2032-01-25T18:10,2032-02-03T00:10,3575000
RSCH-000097,JOB-000149,EVS360-003,IS100,inspection_and_service,Obukhovo,2032-02-01T23:20,2032-02-02T01:20,2,scheduled,,2032-02-01T12:50,2032-02-03T17:20,3412500
RSCH-000098,JOB-000653,EVS360-010,IS200,inspection_and_service,Obukhovo,2032-01-27T16:50,2032-01-27T20:50,4,scheduled,,2032-01-27T00:10,2032-02-03T20:50,3250000
RSCH-000099,JOB-002744,EVS360-039,IS200,inspection_and_service,Obukhovo,2032-01-27T12:10,2032-01-27T16:10,4,scheduled,,2032-01-26T19:50,2032-02-04T08:50,1000000
RSCH-000100,JOB-000797,EVS360-012,IS100,inspection_and_service,Obukhovo,2032-02-03T12:35,2032-02-03T14:35,2,scheduled,,2032-02-02T20:10,2032-02-04T14:10,3112500
RSCH-000101,JOB-002451,EVS360-035,IS100,inspection_and_service,Obukhovo,2032-02-02T22:10,2032-02-03T00:10,2,scheduled,,2032-02-02T11:50,2032-02-04T15:20,1187500
RSCH-000102,JOB-001949,EVS360-028,IS200,inspection_and_service,Obukhovo,2032-01-28T08:50,2032-01-28T12:50,4,scheduled,,2032-01-28T08:50,2032-02-04T22:35,1750000
RSCH-000103,JOB-001519,EVS360-022,IS100,inspection_and_service,Obukhovo,2032-02-03T17:20,2032-02-03T19:20,2,scheduled,,2032-02-03T08:10,2032-02-05T11:20,2287500
RSCH-000104,JOB-001591,EVS360-023,IS100,inspection_and_service,Obukhovo,2032-02-03T18:10,2032-02-03T20:10,2,scheduled,,2032-02-03T08:35,2032-02-05T11:50,2262500
RSCH-000105,JOB-001806,EVS360-026,IS100,inspection_and_service,Obukhovo,2032-02-03T20:10,2032-02-03T22:10,2,scheduled,,2032-02-03T09:35,2032-02-05T12:50,2012500
RSCH-000106,JOB-001013,EVS360-015,IS100,inspection_and_service,Obukhovo,2032-02-04T15:50,2032-02-04T17:50,2,scheduled,,2032-02-03T23:20,2032-02-06T09:50,2762500
RSCH-000107,JOB-000366,EVS360-006,IS100,inspection_and_service,Obukhovo,2032-02-05T13:20,2032-02-05T15:20,2,scheduled,,2032-02-04T20:50,2032-02-06T15:20,3512500
RSCH-000108,JOB-000726,EVS360-011,IS100,inspection_and_service,Obukhovo,2032-02-04T13:50,2032-02-04T15:50,2,scheduled,,2032-02-04T13:50,2032-02-06T18:10,2937500
RSCH-000109,JOB-001374,EVS360-020,IS100,inspection_and_service,Obukhovo,2032-02-05T20:50,2032-02-05T22:50,2,scheduled,,2032-02-05T10:10,2032-02-07T13:50,2287500
RSCH-000110,JOB-000725,EVS360-011,IS510,inspection_and_service,Obukhovo,2032-01-17T16:50,2032-01-18T02:50,10,scheduled,,2032-01-13T18:50,2032-02-07T20:35,2925000
RSCH-000111,JOB-001447,EVS360-021,IS100,inspection_and_service,Obukhovo,2032-02-06T22:50,2032-02-07T00:50,2,scheduled,,2032-02-06T12:35,2032-02-08T08:10,2412500
RSCH-000112,JOB-001878,EVS360-027,IS100,inspection_and_service,Obukhovo,2032-02-07T08:50,2032-02-07T10:50,2,scheduled,,2032-02-06T15:20,2032-02-08T10:50,1937500
RSCH-000113,JOB-000582,EVS360-009,IS100,inspection_and_service,Obukhovo,2032-02-06T16:50,2032-02-06T18:50,2,scheduled,,2032-02-06T00:10,2032-02-08T10:50,3137500
RSCH-000114,JOB-000942,EVS360-014,IS100,inspection_and_service,Obukhovo,2032-02-07T21:50,2032-02-07T23:50,2,scheduled,,2032-02-07T11:20,2032-02-08T23:20,2787500
RSCH-000115,JOB-000439,EVS360-007,IS100,inspection_and_service,Obukhovo,2032-02-07T18:10,2032-02-07T20:10,2,scheduled,,2032-02-07T08:35,2032-02-09T11:50,3337500
RSCH-000116,JOB-002164,EVS360-031,IS100,inspection_and_service,Obukhovo,2032-02-07T10:50,2032-02-07T12:50,2,scheduled,,2032-02-07T10:50,2032-02-09T14:10,1587500
RSCH-000117,JOB-000511,EVS360-008,IS100,inspection_and_service,Obukhovo,2032-02-08T20:50,2032-02-08T22:50,2,scheduled,,2032-02-08T10:10,2032-02-09T22:35,3412500
RSCH-000118,JOB-000941,EVS360-014,IS510,inspection_and_service,Obukhovo,2032-01-16T16:10,2032-01-17T02:10,10,scheduled,,2032-01-16T16:10,2032-02-10T08:35,2775000
RSCH-000119,JOB-002598,EVS360-037,IS200,inspection_and_service,Obukhovo,2032-02-02T22:50,2032-02-03T02:50,4,scheduled,,2032-02-02T12:35,2032-02-10T09:35,1075000
RSCH-000120,JOB-002596,EVS360-037,IS520,inspection_and_service,Obukhovo,,,16,unscheduled,no_depot_window_before_deadline,2032-01-05T00:00,2032-02-10T09:35,1050000
RSCH-000121,JOB-000004,EVS360-001,IS100,inspection_and_service,Obukhovo,2032-02-08T16:50,2032-02-08T18:50,2,scheduled,,2032-02-08T00:10,2032-02-10T10:50,3587500
RSCH-000122,JOB-002163,EVS360-031,IS510,inspection_and_service,Obukhovo,2032-01-21T15:20,2032-01-22T01:20,10,scheduled,,2032-01-17T08:10,2032-02-10T16:10,1575000
RSCH-000123,JOB-000654,EVS360-010,IS100,inspection_and_service,Obukhovo,2032-02-09T23:20,2032-02-10T01:20,2,scheduled,,2032-02-09T12:50,2032-02-11T08:35,3262500
RSCH-000124,JOB-002092,EVS360-030,IS200,inspection_and_service,Obukhovo,2032-02-02T20:10,2032-02-03T00:10,4,scheduled,,2032-02-02T20:10,2032-02-11T08:35,1550000
RSCH-000125,JOB-002745,EVS360-039,IS100,inspection_and_service,Obukhovo,2032-02-09T18:50,2032-02-09T20:50,2,scheduled,,2032-02-09T08:50,2032-02-11T12:10,1012500
RSCH-000126,JOB-001950,EVS360-028,IS100,inspection_and_service,Obukhovo,2032-02-10T14:50,2032-02-10T16:50,2,scheduled,,2032-02-10T14:50,2032-02-12T09:20,1762500
RSCH-000127,JOB-001085,EVS360-016,IS200,inspection_and_service,Obukhovo,2032-02-04T16:10,2032-02-04T20:10,4,scheduled,,2032-02-04T16:10,2032-02-12T12:50,2750000
RSCH-000128,JOB-000295,EVS360-005,IS100,inspection_and_service,Obukhovo,2032-02-12T08:10,2032-02-12T10:10,2,scheduled,,2032-02-12T08:10,2032-02-13T19:20,3162500
RSCH-000129,JOB-002021,EVS360-029,IS200,inspection_and_service,Obukhovo,2032-02-07T09:50,2032-02-07T13:50,4,scheduled,,2032-02-06T16:50,2032-02-14T23:20,1600000
RSCH-000130,JOB-002235,EVS360-032,IS100,inspection_and_service,Obukhovo,2032-02-13T22:50,2032-02-14T00:50,2,scheduled,,2032-02-13T12:35,2032-02-15T08:10,1437500
RSCH-000131,JOB-002525,EVS360-036,IS100,inspection_and_service,Obukhovo,2032-02-12T22:50,2032-02-13T00:50,2,scheduled,,2032-02-12T22:50,2032-02-15T09:50,1212500
RSCH-000132,JOB-001302,EVS360-019,IS200,inspection_and_service,Obukhovo,2032-02-06T22:10,2032-02-07T02:10,4,scheduled,,2032-02-06T22:10,2032-02-15T10:10,2575000
RSCH-000133,JOB-001300,EVS360-019,IS520,inspection_and_service,Obukhovo,,,16,unscheduled,no_depot_window_before_deadline,2032-01-05T00:00,2032-02-15T10:10,2550000
RSCH-000134,JOB-000870,EVS360-013,IS100,inspection_and_service,Obukhovo,2032-02-13T13:20,2032-02-13T15:20,2,scheduled,,2032-02-13T13:20,2032-02-15T17:20,3012500
RSCH-000135,JOB-002234,EVS360-032,IS510,inspection_and_service,Obukhovo,2032-01-22T18:10,2032-01-23T04:10,10,scheduled,,2032-01-22T18:10,2032-02-16T09:50,1425000
RSCH-000136,JOB-002672,EVS360-038,IS200,inspection_and_service,Obukhovo,2032-02-08T15:50,2032-02-08T19:50,4,scheduled,,2032-02-07T23:20,2032-02-16T12:35,1100000
RSCH-000137,JOB-001158,EVS360-017,IS100,inspection_and_service,Obukhovo,2032-02-14T17:20,2032-02-14T19:20,2,scheduled,,2032-02-14T17:20,2032-02-16T21:50,2487500
RSCH-000138,JOB-000150,EVS360-003,IS200,inspection_and_service,Obukhovo,2032-02-08T18:10,2032-02-08T22:10,4,scheduled,,2032-02-08T18:10,2032-02-16T23:50,3425000
RSCH-000139,JOB-002308,EVS360-033,IS100,inspection_and_service,Obukhovo,2032-02-15T08:35,2032-02-15T10:35,2,scheduled,,2032-02-15T08:35,2032-02-17T12:10,1512500
RSCH-000140,JOB-002599,EVS360-037,IS100,inspection_and_service,Obukhovo,2032-02-16T12:10,2032-02-16T14:10,2,scheduled,,2032-02-15T19:50,2032-02-17T13:50,1087500
RSCH-000141,JOB-000798,EVS360-012,IS200,inspection_and_service,Obukhovo,2032-02-10T00:10,2032-02-10T04:10,4,scheduled,,2032-02-10T00:10,2032-02-17T21:20,3125000
RSCH-000142,JOB-001157,EVS360-017,IS510,inspection_and_service,Obukhovo,2032-01-25T18:10,2032-01-26T04:10,10,scheduled,,2032-01-24T14:10,2032-02-17T23:20,2475000
RSCH-000143,JOB-000077,EVS360-002,IS100,inspection_and_service,Obukhovo,2032-02-16T13:50,2032-02-16T15:50,2,scheduled,,2032-02-15T21:20,2032-02-18T08:35,3612500
RSCH-000144,JOB-002093,EVS360-030,IS100,inspection_and_service,Obukhovo,2032-02-16T08:50,2032-02-16T10:50,2,scheduled,,2032-02-16T08:50,2032-02-18T12:35,1562500
RSCH-000145,JOB-001520,EVS360-022,IS200,inspection_and_service,Obukhovo,2032-02-10T12:10,2032-02-10T16:10,4,scheduled,,2032-02-10T12:10,2032-02-18T18:10,2300000
RSCH-000146,JOB-001592,EVS360-023,IS200,inspection_and_service,Obukhovo,2032-02-10T12:35,2032-02-10T16:35,4,scheduled,,2032-02-10T12:35,2032-02-18T18:50,2275000
RSCH-000147,JOB-001590,EVS360-023,IS520,inspection_and_service,Obukhovo,,,16,unscheduled,no_depot_window_before_deadline,2032-01-05T00:00,2032-02-18T18:50,2250000
RSCH-000148,JOB-001086,EVS360-016,IS100,inspection_and_service,Obukhovo,2032-02-17T22:50,2032-02-18T00:50,2,scheduled,,2032-02-17T22:50,2032-02-19T16:50,2762500
RSCH-000149,JOB-000727,EVS360-011,IS200,inspection_and_service,Obukhovo,2032-02-12T10:50,2032-02-12T14:50,4,scheduled,,2032-02-11T18:10,2032-02-20T00:10,2950000
RSCH-000150,JOB-001230,EVS360-018,IS100,inspection_and_service,Obukhovo,2032-02-19T08:50,2032-02-19T10:50,2,scheduled,,2032-02-18T15:20,2032-02-20T10:50,2562500
RSCH-000151,JOB-001664,EVS360-024,IS100,inspection_and_service,Obukhovo,2032-02-19T11:50,2032-02-19T13:50,2,scheduled,,2032-02-18T19:20,2032-02-20T13:20,2037500
RSCH-000152,JOB-001375,EVS360-020,IS200,inspection_and_service,Obukhovo,2032-02-12T14:50,2032-02-12T18:50,4,scheduled,,2032-02-12T14:50,2032-02-20T20:50,2300000
RSCH-000153,JOB-000223,EVS360-004,IS100,inspection_and_service,Obukhovo,2032-02-18T19:50,2032-02-18T21:50,2,scheduled,,2032-02-18T19:50,2032-02-20T22:50,3312500
RSCH-000154,JOB-001736,EVS360-025,IS100,inspection_and_service,Obukhovo,2032-02-19T12:10,2032-02-19T14:10,2,scheduled,,2032-02-18T19:50,2032-02-20T23:20,1887500
RSCH-000155,JOB-001448,EVS360-021,IS200,inspection_and_service,Obukhovo,2032-02-13T17:20,2032-02-13T21:20,4,scheduled,,2032-02-13T08:10,2032-02-21T13:50,2425000
RSCH-000156,JOB-001663,EVS360-024,IS510,inspection_and_service,Obukhovo,2032-01-27T23:50,2032-01-28T09:50,10,scheduled,,2032-01-27T23:50,2032-02-21T15:20,2025000
RSCH-000157,JOB-001735,EVS360-025,IS510,inspection_and_service,Obukhovo,2032-02-02T16:50,2032-02-03T02:50,10,scheduled,,2032-01-28T16:10,2032-02-22T08:35,1875000
RSCH-000158,JOB-000440,EVS360-007,IS200,inspection_and_service,Obukhovo,2032-02-14T12:35,2032-02-14T16:35,4,scheduled,,2032-02-14T12:35,2032-02-22T09:20,3350000
RSCH-000159,JOB-002022,EVS360-029,IS100,inspection_and_service,Obukhovo,2032-02-20T15:50,2032-02-20T17:50,2,scheduled,,2032-02-19T23:20,2032-02-22T09:50,1612500
RSCH-000160,JOB-000943,EVS360-014,IS200,inspection_and_service,Obukhovo,2032-02-14T15:50,2032-02-14T19:50,4,scheduled,,2032-02-14T15:50,2032-02-22T12:35,2800000
RSCH-000161,JOB-001303,EVS360-019,IS100,inspection_and_service,Obukhovo,2032-02-20T11:20,2032-02-20T13:20,2,scheduled,,2032-02-20T11:20,2032-02-22T14:50,2587500
RSCH-000162,JOB-002165,EVS360-031,IS200,inspection_and_service,Obukhovo,2032-02-15T00:10,2032-02-15T04:10,4,scheduled,,2032-02-14T13:50,2032-02-22T21:20,1600000
RSCH-000163,JOB-002381,EVS360-034,IS100,inspection_and_service,Obukhovo,2032-02-20T18:50,2032-02-20T20:50,2,scheduled,,2032-02-20T18:50,2032-02-22T22:35,1362500
RSCH-000164,JOB-000512,EVS360-008,IS200,inspection_and_service,Obukhovo,2032-02-15T14:50,2032-02-15T18:50,4,scheduled,,2032-02-14T22:10,2032-02-23T11:50,3425000
RSCH-000165,JOB-002673,EVS360-038,IS100,inspection_and_service,Obukhovo,2032-02-21T22:35,2032-02-22T00:35,2,scheduled,,2032-02-21T12:10,2032-02-23T16:10,1112500
RSCH-000166,JOB-000151,EVS360-003,IS100,inspection_and_service,Obukhovo,2032-02-22T00:10,2032-02-22T02:10,2,scheduled,,2032-02-22T00:10,2032-02-24T11:20,3437500
RSCH-000167,JOB-000655,EVS360-010,IS200,inspection_and_service,Obukhovo,2032-02-16T18:10,2032-02-16T22:10,4,scheduled,,2032-02-16T18:10,2032-02-24T14:10,3275000
RSCH-000168,JOB-002746,EVS360-039,IS200,inspection_and_service,Obukhovo,2032-02-16T12:50,2032-02-16T16:50,4,scheduled,,2032-02-16T12:50,2032-02-24T19:20,1025000
RSCH-000169,JOB-000799,EVS360-012,IS100,inspection_and_service,Obukhovo,2032-02-23T13:20,2032-02-23T15:20,2,scheduled,,2032-02-23T13:20,2032-02-25T08:10,3137500
RSCH-000170,JOB-002453,EVS360-035,IS100,inspection_and_service,Obukhovo,2032-02-22T22:50,2032-02-23T00:50,2,scheduled,,2032-02-22T22:50,2032-02-25T09:50,1212500
RSCH-000171,JOB-001951,EVS360-028,IS200,inspection_and_service,Obukhovo,2032-02-17T09:50,2032-02-17T13:50,4,scheduled,,2032-02-17T09:50,2032-02-25T14:50,1775000
RSCH-000172,JOB-001521,EVS360-022,IS100,inspection_and_service,Obukhovo,2032-02-23T18:50,2032-02-23T20:50,2,scheduled,,2032-02-23T18:50,2032-02-25T22:35,2312500
RSCH-000173,JOB-001593,EVS360-023,IS100,inspection_and_service,Obukhovo,2032-02-23T19:50,2032-02-23T21:50,2,scheduled,,2032-02-23T19:50,2032-02-25T22:50,2287500
RSCH-000174,JOB-001808,EVS360-026,IS100,inspection_and_service,Obukhovo,2032-02-23T20:50,2032-02-23T22:50,2,scheduled,,2032-02-23T20:50,2032-02-26T00:10,2037500
RSCH-000175,JOB-001807,EVS360-026,IS510,inspection_and_service,Obukhovo,2032-02-02T17:20,2032-02-03T03:20,10,scheduled,,2032-02-02T08:10,2032-02-26T16:10,2025000
RSCH-000176,JOB-000436,EVS360-007,IS530,inspection_and_service,Obukhovo,,,36,unscheduled,no_depot_window_before_deadline,2032-01-05T00:00,2032-02-26T16:50,3300000
RSCH-000177,JOB-001015,EVS360-015,IS100,inspection_and_service,Obukhovo,2032-02-24T16:50,2032-02-24T18:50,2,scheduled,,2032-02-24T16:50,2032-02-26T21:20,2787500
RSCH-000178,JOB-000296,EVS360-005,IS200,inspection_and_service,Obukhovo,2032-02-18T20:10,2032-02-19T00:10,4,scheduled,,2032-02-18T20:10,2032-02-27T08:35,3175000
RSCH-000179,JOB-000294,EVS360-005,IS520,inspection_and_service,Obukhovo,,,16,unscheduled,no_depot_window_before_deadline,2032-01-09T08:10,2032-02-27T08:35,3150000
RSCH-000180,JOB-000368,EVS360-006,IS100,inspection_and_service,Obukhovo,2032-02-25T14:10,2032-02-25T16:10,2,scheduled,,2032-02-24T21:50,2032-02-27T08:50,3537500
RSCH-000181,JOB-000728,EVS360-011,IS100,inspection_and_service,Obukhovo,2032-02-25T16:50,2032-02-25T18:50,2,scheduled,,2032-02-25T00:10,2032-02-27T10:50,2962500
RSCH-000182,JOB-001014,EVS360-015,IS510,inspection_and_service,Obukhovo,2032-02-04T17:50,2032-02-05T03:50,10,scheduled,,2032-02-03T13:50,2032-02-27T22:50,2775000
RSCH-000183,JOB-002526,EVS360-036,IS200,inspection_and_service,Obukhovo,2032-02-20T20:10,2032-02-21T00:10,4,scheduled,,2032-02-20T09:35,2032-02-27T23:20,1225000
RSCH-000184,JOB-001376,EVS360-020,IS100,inspection_and_service,Obukhovo,2032-02-25T21:50,2032-02-25T23:50,2,scheduled,,2032-02-25T21:50,2032-02-28T08:35,2312500
RSCH-000185,JOB-000367,EVS360-006,IS510,inspection_and_service,Obukhovo,2032-02-06T15:20,2032-02-07T01:20,10,scheduled,,2032-02-03T19:20,2032-02-28T10:10,3525000
RSCH-000186,JOB-000584,EVS360-009,IS100,inspection_and_service,Obukhovo,2032-02-26T18:10,2032-02-26T20:10,2,scheduled,,2032-02-26T18:10,2032-02-28T11:50,3162500
RSCH-000187,JOB-002236,EVS360-032,IS200,inspection_and_service,Obukhovo,2032-02-20T17:20,2032-02-20T21:20,4,scheduled,,2032-02-20T17:20,2032-02-28T13:50,1450000
RSCH-000188,JOB-001449,EVS360-021,IS100,inspection_and_service,Obukhovo,2032-02-26T23:50,2032-02-27T01:50,2,scheduled,,2032-02-26T13:20,2032-02-28T18:10,2437500
RSCH-000189,JOB-001880,EVS360-027,IS100,inspection_and_service,Obukhovo,2032-02-27T09:50,2032-02-27T11:50,2,scheduled,,2032-02-26T16:50,2032-02-28T20:50,1962500
RSCH-000190,JOB-000871,EVS360-013,IS200,inspection_and_service,Obukhovo,2032-02-21T10:10,2032-02-21T14:10,4,scheduled,,2032-02-20T17:20,2032-02-28T23:50,3025000
RSCH-000191,JOB-000441,EVS360-007,IS100,inspection_and_service,Obukhovo,2032-02-27T19:50,2032-02-27T21:50,2,scheduled,,2032-02-27T19:50,2032-02-29T12:35,3362500
RSCH-000192,JOB-000944,EVS360-014,IS100,inspection_and_service,Obukhovo,2032-02-27T22:35,2032-02-28T00:35,2,scheduled,,2032-02-27T12:10,2032-02-29T16:10,2812500
RSCH-000193,JOB-002166,EVS360-031,IS100,inspection_and_service,Obukhovo,2032-02-28T13:20,2032-02-28T15:20,2,scheduled,,2032-02-27T20:50,2032-03-01T08:10,1612500
RSCH-000194,JOB-001159,EVS360-017,IS200,inspection_and_service,Obukhovo,2032-02-22T13:50,2032-02-22T17:50,4,scheduled,,2032-02-21T21:20,2032-03-01T10:50,2500000
RSCH-000195,JOB-000006,EVS360-001,IS100,inspection_and_service,Obukhovo,2032-02-28T18:10,2032-02-28T20:10,2,scheduled,,2032-02-28T18:10,2032-03-01T11:50,3612500
RSCH-000196,JOB-000513,EVS360-008,IS100,inspection_and_service,Obukhovo,2032-02-28T21:50,2032-02-28T23:50,2,scheduled,,2032-02-28T11:20,2032-03-01T14:50,3437500
RSCH-000197,JOB-002309,EVS360-033,IS200,inspection_and_service,Obukhovo,2032-02-22T22:10,2032-02-23T02:10,4,scheduled,,2032-02-22T11:50,2032-03-01T18:50,1525000
RSCH-000198,JOB-002600,EVS360-037,IS200,inspection_and_service,Obukhovo,2032-02-22T23:50,2032-02-23T03:50,4,scheduled,,2032-02-22T23:50,2032-03-01T20:50,1100000
RSCH-000199,JOB-002747,EVS360-039,IS100,inspection_and_service,Obukhovo,2032-02-29T20:10,2032-02-29T22:10,2,scheduled,,2032-02-29T20:10,2032-03-02T12:50,1037500
RSCH-000200,JOB-000078,EVS360-002,IS200,inspection_and_service,Obukhovo,2032-02-23T08:50,2032-02-23T12:50,4,scheduled,,2032-02-23T08:50,2032-03-02T13:50,3625000
RSCH-000201,JOB-000656,EVS360-010,IS100,inspection_and_service,Obukhovo,2032-03-01T00:10,2032-03-01T02:10,2,scheduled,,2032-02-29T13:50,2032-03-02T18:50,3287500
RSCH-000202,JOB-001952,EVS360-028,IS100,inspection_and_service,Obukhovo,2032-03-01T15:50,2032-03-01T17:50,2,scheduled,,2032-03-01T15:50,2032-03-03T20:35,1787500
RSCH-000203,JOB-001231,EVS360-018,IS200,inspection_and_service,Obukhovo,2032-02-25T20:50,2032-02-26T00:50,4,scheduled,,2032-02-25T10:10,2032-03-04T16:50,2575000
RSCH-000204,JOB-001229,EVS360-018,IS520,inspection_and_service,Obukhovo,,,16,unscheduled,no_depot_window_before_deadline,2032-01-15T16:10,2032-03-04T16:50,2550000
RSCH-000205,JOB-001665,EVS360-024,IS200,inspection_and_service,Obukhovo,2032-02-25T23:20,2032-02-26T03:20,4,scheduled,,2032-02-25T23:20,2032-03-04T20:35,2050000
RSCH-000206,JOB-001737,EVS360-025,IS200,inspection_and_service,Obukhovo,2032-02-25T23:50,2032-02-26T03:50,4,scheduled,,2032-02-25T23:50,2032-03-05T12:10,1900000
RSCH-000207,JOB-000224,EVS360-004,IS200,inspection_and_service,Obukhovo,2032-02-26T15:20,2032-02-26T19:20,4,scheduled,,2032-02-25T22:50,2032-03-05T12:10,3325000
RSCH-000208,JOB-000297,EVS360-005,IS100,inspection_and_service,Obukhovo,2032-03-03T08:50,2032-03-03T10:50,2,scheduled,,2032-03-03T08:50,2032-03-05T12:35,3187500
RSCH-000209,JOB-002527,EVS360-036,IS100,inspection_and_service,Obukhovo,2032-03-05T08:50,2032-03-05T10:50,2,scheduled,,2032-03-04T15:20,2032-03-06T10:50,1237500
RSCH-000210,JOB-002023,EVS360-029,IS200,inspection_and_service,Obukhovo,2032-02-27T10:50,2032-02-27T14:50,4,scheduled,,2032-02-27T10:50,2032-03-06T16:10,1625000
RSCH-000211,JOB-002237,EVS360-032,IS100,inspection_and_service,Obukhovo,2032-03-04T23:50,2032-03-05T01:50,2,scheduled,,2032-03-04T23:50,2032-03-06T18:10,1462500
RSCH-000212,JOB-000872,EVS360-013,IS100,inspection_and_service,Obukhovo,2032-03-05T16:10,2032-03-05T18:10,2,scheduled,,2032-03-04T23:50,2032-03-06T18:50,3037500
RSCH-000213,JOB-001304,EVS360-019,IS200,inspection_and_service,Obukhovo,2032-02-28T08:10,2032-02-28T12:10,4,scheduled,,2032-02-27T14:10,2032-03-06T21:50,2600000
RSCH-000214,JOB-002382,EVS360-034,IS200,inspection_and_service,Obukhovo,2032-02-28T14:50,2032-02-28T18:50,4,scheduled,,2032-02-27T22:10,2032-03-07T11:50,1375000
RSCH-000215,JOB-002380,EVS360-034,IS520,inspection_and_service,Obukhovo,,,16,unscheduled,no_depot_window_before_deadline,2032-01-17T18:50,2032-03-07T11:50,1350000
RSCH-000216,JOB-001160,EVS360-017,IS100,inspection_and_service,Obukhovo,2032-03-06T20:50,2032-03-06T22:50,2,scheduled,,2032-03-06T10:10,2032-03-08T13:50,2512500
RSCH-000217,JOB-002310,EVS360-033,IS100,inspection_and_service,Obukhovo,2032-03-07T11:20,2032-03-07T13:20,2,scheduled,,2032-03-06T18:50,2032-03-08T22:10,1537500
RSCH-000218,JOB-002454,EVS360-035,IS200,inspection_and_service,Obukhovo,2032-03-01T20:10,2032-03-02T00:10,4,scheduled,,2032-03-01T09:35,2032-03-08T23:20,1225000
RSCH-000219,JOB-002601,EVS360-037,IS100,inspection_and_service,Obukhovo,2032-03-07T12:50,2032-03-07T14:50,2,scheduled,,2032-03-07T12:50,2032-03-09T00:10,1112500
RSCH-000220,JOB-000079,EVS360-002,IS100,inspection_and_service,Obukhovo,2032-03-07T14:50,2032-03-07T16:50,2,scheduled,,2032-03-07T14:50,2032-03-09T09:20,3637500
RSCH-000221,JOB-001809,EVS360-026,IS200,inspection_and_service,Obukhovo,2032-03-02T16:50,2032-03-02T20:50,4,scheduled,,2032-03-02T00:10,2032-03-09T20:50,2050000
RSCH-000222,JOB-002095,EVS360-030,IS100,inspection_and_service,Obukhovo,2032-03-08T11:50,2032-03-08T13:50,2,scheduled,,2032-03-07T19:20,2032-03-09T22:50,1587500
RSCH-000223,JOB-001594,EVS360-023,IS200,inspection_and_service,Obukhovo,2032-03-02T15:20,2032-03-02T19:20,4,scheduled,,2032-03-01T22:50,2032-03-10T12:10,2300000
RSCH-000224,JOB-002094,EVS360-030,IS510,inspection_and_service,Obukhovo,2032-02-14T23:50,2032-02-15T09:50,10,scheduled,,2032-02-14T23:50,2032-03-10T15:20,1575000
RSCH-000225,JOB-000729,EVS360-011,IS200,inspection_and_service,Obukhovo,2032-03-03T11:50,2032-03-03T15:50,4,scheduled,,2032-03-03T11:50,2032-03-11T08:35,2975000
RSCH-000226,JOB-001016,EVS360-015,IS200,inspection_and_service,Obukhovo,2032-03-03T13:20,2032-03-03T17:20,4,scheduled,,2032-03-02T20:50,2032-03-11T10:10,2800000
RSCH-000227,JOB-001088,EVS360-016,IS100,inspection_and_service,Obukhovo,2032-03-08T23:50,2032-03-09T01:50,2,scheduled,,2032-03-08T23:50,2032-03-11T10:50,2787500
RSCH-000228,JOB-000369,EVS360-006,IS200,inspection_and_service,Obukhovo,2032-03-03T09:20,2032-03-03T13:20,4,scheduled,,2032-03-03T09:20,2032-03-11T14:10,3550000
RSCH-000229,JOB-001232,EVS360-018,IS100,inspection_and_service,Obukhovo,2032-03-10T09:50,2032-03-10T11:50,2,scheduled,,2032-03-09T16:50,2032-03-11T20:50,2587500
RSCH-000230,JOB-001666,EVS360-024,IS100,inspection_and_service,Obukhovo,2032-03-10T12:35,2032-03-10T14:35,2,scheduled,,2032-03-10T12:35,2032-03-11T23:50,2062500
RSCH-000231,JOB-001087,EVS360-016,IS510,inspection_and_service,Obukhovo,2032-02-16T21:20,2032-02-17T07:20,10,scheduled,,2032-02-16T21:20,2032-03-12T12:35,2775000
RSCH-000232,JOB-000225,EVS360-004,IS100,inspection_and_service,Obukhovo,2032-03-10T22:10,2032-03-11T00:10,2,scheduled,,2032-03-10T11:50,2032-03-12T15:20,3337500
RSCH-000233,JOB-001738,EVS360-025,IS100,inspection_and_service,Obukhovo,2032-03-10T12:50,2032-03-10T14:50,2,scheduled,,2032-03-10T12:50,2032-03-12T16:50,1912500
RSCH-000234,JOB-000585,EVS360-009,IS200,inspection_and_service,Obukhovo,2032-03-05T14:10,2032-03-05T18:10,4,scheduled,,2032-03-04T21:50,2032-03-12T18:50,3175000
RSCH-000235,JOB-000583,EVS360-009,IS520,inspection_and_service,Obukhovo,,,16,unscheduled,no_depot_window_before_deadline,2032-01-23T18:10,2032-03-12T18:50,3150000
RSCH-000236,JOB-001450,EVS360-021,IS200,inspection_and_service,Obukhovo,2032-03-04T18:50,2032-03-04T22:50,4,scheduled,,2032-03-04T18:50,2032-03-13T00:10,2450000
RSCH-000237,JOB-001881,EVS360-027,IS200,inspection_and_service,Obukhovo,2032-03-04T21:50,2032-03-05T01:50,4,scheduled,,2032-03-04T21:50,2032-03-13T09:50,1975000
RSCH-000238,JOB-001879,EVS360-027,IS520,inspection_and_service,Obukhovo,,,16,unscheduled,no_depot_window_before_deadline,2032-01-24T09:35,2032-03-13T09:50,1950000
RSCH-000239,JOB-002024,EVS360-029,IS100,inspection_and_service,Obukhovo,2032-03-11T16:50,2032-03-11T18:50,2,scheduled,,2032-03-11T16:50,2032-03-13T21:20,1637500
RSCH-000240,JOB-000945,EVS360-014,IS200,inspection_and_service,Obukhovo,2032-03-05T16:50,2032-03-05T20:50,4,scheduled,,2032-03-05T16:50,2032-03-13T22:50,2825000
RSCH-000241,JOB-001305,EVS360-019,IS100,inspection_and_service,Obukhovo,2032-03-12T13:50,2032-03-12T15:50,2,scheduled,,2032-03-11T21:20,2032-03-14T08:35,2612500
RSCH-000242,JOB-002167,EVS360-031,IS200,inspection_and_service,Obukhovo,2032-03-06T08:35,2032-03-06T12:35,4,scheduled,,2032-03-06T08:35,2032-03-14T13:20,1625000
RSCH-000243,JOB-002383,EVS360-034,IS100,inspection_and_service,Obukhovo,2032-03-12T21:50,2032-03-12T23:50,2,scheduled,,2032-03-12T11:20,2032-03-14T14:50,1387500
RSCH-000244,JOB-000007,EVS360-001,IS200,inspection_and_service,Obukhovo,2032-03-07T14:10,2032-03-07T18:10,4,scheduled,,2032-03-06T21:50,2032-03-14T18:50,3625000
RSCH-000245,JOB-002675,EVS360-038,IS100,inspection_and_service,Obukhovo,2032-03-12T23:20,2032-03-13T01:20,2,scheduled,,2032-03-12T23:20,2032-03-15T10:10,1137500
RSCH-000246,JOB-000153,EVS360-003,IS100,inspection_and_service,Obukhovo,2032-03-14T10:10,2032-03-14T12:10,2,scheduled,,2032-03-13T17:20,2032-03-15T12:10,3462500
RSCH-000247,JOB-002674,EVS360-038,IS510,inspection_and_service,Obukhovo,2032-02-20T20:50,2032-02-21T06:50,10,scheduled,,2032-02-20T10:10,2032-03-15T19:50,1125000
RSCH-000248,JOB-002455,EVS360-035,IS100,inspection_and_service,Obukhovo,2032-03-15T08:50,2032-03-15T10:50,2,scheduled,,2032-03-14T15:20,2032-03-16T10:50,1237500
RSCH-000249,JOB-000801,EVS360-012,IS100,inspection_and_service,Obukhovo,2032-03-14T14:10,2032-03-14T16:10,2,scheduled,,2032-03-14T14:10,2032-03-16T18:50,3162500
RSCH-000250,JOB-001523,EVS360-022,IS100,inspection_and_service,Obukhovo,2032-03-15T21:50,2032-03-15T23:50,2,scheduled,,2032-03-15T11:20,2032-03-16T23:20,2337500
RSCH-000251,JOB-001810,EVS360-026,IS100,inspection_and_service,Obukhovo,2032-03-15T23:20,2032-03-16T01:20,2,scheduled,,2032-03-15T12:50,2032-03-17T08:35,2062500
RSCH-000252,JOB-001595,EVS360-023,IS100,inspection_and_service,Obukhovo,2032-03-15T22:10,2032-03-16T00:10,2,scheduled,,2032-03-15T11:50,2032-03-17T15:20,2312500
RSCH-000253,JOB-001522,EVS360-022,IS510,inspection_and_service,Obukhovo,2032-02-22T16:10,2032-02-23T02:10,10,scheduled,,2032-02-22T16:10,2032-03-18T08:35,2325000
RSCH-000254,JOB-000730,EVS360-011,IS100,inspection_and_service,Obukhovo,2032-03-16T18:10,2032-03-16T20:10,2,scheduled,,2032-03-16T18:10,2032-03-18T11:50,2987500
RSCH-000255,JOB-001017,EVS360-015,IS100,inspection_and_service,Obukhovo,2032-03-16T20:35,2032-03-16T22:35,2,scheduled,,2032-03-16T09:50,2032-03-18T13:20,2812500
RSCH-000256,JOB-000298,EVS360-005,IS200,inspection_and_service,Obukhovo,2032-03-10T22:35,2032-03-11T02:35,4,scheduled,,2032-03-10T12:10,2032-03-18T19:50,3200000
RSCH-000257,JOB-000370,EVS360-006,IS100,inspection_and_service,Obukhovo,2032-03-16T15:20,2032-03-16T17:20,2,scheduled,,2032-03-16T15:20,2032-03-18T20:10,3562500
RSCH-000258,JOB-002528,EVS360-036,IS200,inspection_and_service,Obukhovo,2032-03-11T20:50,2032-03-12T00:50,4,scheduled,,2032-03-11T20:50,2032-03-19T16:50,1250000
RSCH-000259,JOB-001378,EVS360-020,IS100,inspection_and_service,Obukhovo,2032-03-18T00:10,2032-03-18T02:10,2,scheduled,,2032-03-17T13:50,2032-03-19T18:50,2337500
RSCH-000260,JOB-000586,EVS360-009,IS100,inspection_and_service,Obukhovo,2032-03-18T21:20,2032-03-18T23:20,2,scheduled,,2032-03-18T10:50,2032-03-19T22:50,3187500
RSCH-000261,JOB-002238,EVS360-032,IS200,inspection_and_service,Obukhovo,2032-03-11T18:50,2032-03-11T22:50,4,scheduled,,2032-03-11T18:50,2032-03-20T00:10,1475000
RSCH-000262,JOB-000873,EVS360-013,IS200,inspection_and_service,Obukhovo,2032-03-12T11:20,2032-03-12T15:20,4,scheduled,,2032-03-12T11:20,2032-03-20T08:10,3050000
RSCH-000263,JOB-001451,EVS360-021,IS100,inspection_and_service,Obukhovo,2032-03-18T08:10,2032-03-18T10:10,2,scheduled,,2032-03-18T08:10,2032-03-20T11:50,2462500
RSCH-000264,JOB-001882,EVS360-027,IS100,inspection_and_service,Obukhovo,2032-03-18T10:50,2032-03-18T12:50,2,scheduled,,2032-03-18T10:50,2032-03-20T14:10,1987500
RSCH-000265,JOB-001377,EVS360-020,IS510,inspection_and_service,Obukhovo,2032-02-24T20:10,2032-02-25T06:10,10,scheduled,,2032-02-24T20:10,2032-03-20T20:35,2325000
RSCH-000266,JOB-000443,EVS360-007,IS100,inspection_and_service,Obukhovo,2032-03-18T20:35,2032-03-18T22:35,2,scheduled,,2032-03-18T20:35,2032-03-20T23:50,3387500
RSCH-000267,JOB-000946,EVS360-014,IS100,inspection_and_service,Obukhovo,2032-03-18T23:20,2032-03-19T01:20,2,scheduled,,2032-03-18T23:20,2032-03-21T10:10,2837500
RSCH-000268,JOB-002168,EVS360-031,IS100,inspection_and_service,Obukhovo,2032-03-19T14:10,2032-03-19T16:10,2,scheduled,,2032-03-19T14:10,2032-03-21T18:50,1637500
RSCH-000269,JOB-001161,EVS360-017,IS200,inspection_and_service,Obukhovo,2032-03-13T14:50,2032-03-13T18:50,4,scheduled,,2032-03-13T14:50,2032-03-21T20:50,2525000
RSCH-000270,JOB-000008,EVS360-001,IS100,inspection_and_service,Obukhovo,2032-03-20T21:20,2032-03-20T23:20,2,scheduled,,2032-03-20T10:50,2032-03-21T22:50,3637500
RSCH-000271,JOB-000442,EVS360-007,IS510,inspection_and_service,Obukhovo,2032-02-26T16:50,2032-02-27T02:50,10,scheduled,,2032-02-26T16:50,2032-03-22T08:50,3375000
RSCH-000272,JOB-000515,EVS360-008,IS100,inspection_and_service,Obukhovo,2032-03-19T22:35,2032-03-20T00:35,2,scheduled,,2032-03-19T22:35,2032-03-22T09:20,3462500
RSCH-000273,JOB-002311,EVS360-033,IS200,inspection_and_service,Obukhovo,2032-03-13T22:50,2032-03-14T02:50,4,scheduled,,2032-03-13T22:50,2032-03-22T11:20,1550000
RSCH-000274,JOB-000080,EVS360-002,IS200,inspection_and_service,Obukhovo,2032-03-15T11:50,2032-03-15T15:50,4,scheduled,,2032-03-14T19:20,2032-03-22T14:50,3650000
RSCH-000275,JOB-002096,EVS360-030,IS200,inspection_and_service,Obukhovo,2032-03-14T23:20,2032-03-15T03:20,4,scheduled,,2032-03-14T23:20,2032-03-22T20:35,1600000
RSCH-000276,JOB-002749,EVS360-039,IS100,inspection_and_service,Obukhovo,2032-03-21T22:35,2032-03-22T00:35,2,scheduled,,2032-03-21T12:10,2032-03-23T00:10,1062500
RSCH-000277,JOB-000658,EVS360-010,IS100,inspection_and_service,Obukhovo,2032-03-21T08:35,2032-03-21T10:35,2,scheduled,,2032-03-21T08:35,2032-03-23T12:10,3312500
RSCH-000278,JOB-001954,EVS360-028,IS100,inspection_and_service,Obukhovo,2032-03-22T19:50,2032-03-22T21:50,2,scheduled,,2032-03-22T09:20,2032-03-24T12:35,1812500
RSCH-000279,JOB-001089,EVS360-016,IS200,inspection_and_service,Obukhovo,2032-03-16T20:50,2032-03-17T00:50,4,scheduled,,2032-03-16T10:10,2032-03-24T16:50,2800000
RSCH-000280,JOB-001233,EVS360-018,IS200,inspection_and_service,Obukhovo,2032-03-16T21:50,2032-03-17T01:50,4,scheduled,,2032-03-16T21:50,2032-03-25T09:50,2600000
RSCH-000281,JOB-001667,EVS360-024,IS200,inspection_and_service,Obukhovo,2032-03-17T00:10,2032-03-17T04:10,4,scheduled,,2032-03-17T00:10,2032-03-25T12:35,2075000
RSCH-000282,JOB-000226,EVS360-004,IS200,inspection_and_service,Obukhovo,2032-03-17T16:10,2032-03-17T20:10,4,scheduled,,2032-03-17T16:10,2032-03-25T22:10,3350000
RSCH-000283,JOB-000299,EVS360-005,IS100,inspection_and_service,Obukhovo,2032-03-24T11:50,2032-03-24T13:50,2,scheduled,,2032-03-23T19:20,2032-03-25T22:50,3212500
RSCH-000284,JOB-001739,EVS360-025,IS200,inspection_and_service,Obukhovo,2032-03-18T09:50,2032-03-18T13:50,4,scheduled,,2032-03-17T16:50,2032-03-25T23:20,1925000
RSCH-000285,JOB-002307,EVS360-033,IS530,inspection_and_service,Obukhovo,,,36,unscheduled,no_depot_window_before_deadline,2032-01-05T00:00,2032-03-26T10:10,1500000
RSCH-000286,JOB-002529,EVS360-036,IS100,inspection_and_service,Obukhovo,2032-03-25T09:50,2032-03-25T11:50,2,scheduled,,2032-03-24T16:50,2032-03-26T20:50,1262500
RSCH-000287,JOB-000874,EVS360-013,IS100,inspection_and_service,Obukhovo,2032-03-25T17:20,2032-03-25T19:20,2,scheduled,,2032-03-25T17:20,2032-03-27T11:20,3062500
RSCH-000288,JOB-002239,EVS360-032,IS100,inspection_and_service,Obukhovo,2032-03-25T08:10,2032-03-25T10:10,2,scheduled,,2032-03-25T08:10,2032-03-27T11:50,1487500
RSCH-000289,JOB-002384,EVS360-034,IS200,inspection_and_service,Obukhovo,2032-03-19T15:50,2032-03-19T19:50,4,scheduled,,2032-03-19T15:50,2032-03-27T21:50,1400000
RSCH-000290,JOB-002676,EVS360-038,IS200,inspection_and_service,Obukhovo,2032-03-20T20:35,2032-03-21T00:35,4,scheduled,,2032-03-20T09:50,2032-03-27T23:50,1150000
RSCH-000291,JOB-000154,EVS360-003,IS200,inspection_and_service,Obukhovo,2032-03-20T22:10,2032-03-21T02:10,4,scheduled,,2032-03-20T22:10,2032-03-28T18:50,3475000
RSCH-000292,JOB-000152,EVS360-003,IS520,inspection_and_service,Obukhovo,,,16,unscheduled,no_depot_window_before_deadline,2032-02-08T18:10,2032-03-28T18:50,3450000
RSCH-000293,JOB-001162,EVS360-017,IS100,inspection_and_service,Obukhovo,2032-03-26T21:50,2032-03-26T23:50,2,scheduled,,2032-03-26T21:50,2032-03-29T08:35,2537500
RSCH-000294,JOB-002312,EVS360-033,IS100,inspection_and_service,Obukhovo,2032-03-27T12:10,2032-03-27T14:10,2,scheduled,,2032-03-27T12:10,2032-03-29T15:50,1562500
RSCH-000295,JOB-002456,EVS360-035,IS200,inspection_and_service,Obukhovo,2032-03-21T20:50,2032-03-22T00:50,4,scheduled,,2032-03-21T20:50,2032-03-29T16:50,1250000
RSCH-000296,JOB-002603,EVS360-037,IS100,inspection_and_service,Obukhovo,2032-03-27T13:50,2032-03-27T15:50,2,scheduled,,2032-03-27T13:50,2032-03-29T18:10,1137500
RSCH-000297,JOB-000081,EVS360-002,IS100,inspection_and_service,Obukhovo,2032-03-28T18:10,2032-03-28T20:10,2,scheduled,,2032-03-28T08:35,2032-03-29T20:35,3662500
RSCH-000298,JOB-000222,EVS360-004,IS530,inspection_and_service,Obukhovo,,,36,unscheduled,no_depot_window_before_deadline,2032-01-05T00:00,2032-03-29T21:20,3300000
RSCH-000299,JOB-002097,EVS360-030,IS100,inspection_and_service,Obukhovo,2032-03-28T12:35,2032-03-28T14:35,2,scheduled,,2032-03-28T12:35,2032-03-29T23:50,1612500
RSCH-000300,JOB-000802,EVS360-012,IS200,inspection_and_service,Obukhovo,2032-03-22T11:20,2032-03-22T15:20,4,scheduled,,2032-03-21T18:50,2032-03-30T08:10,3175000
RSCH-000301,JOB-000800,EVS360-012,IS520,inspection_and_service,Obukhovo,,,16,unscheduled,no_depot_window_before_deadline,2032-02-10T00:10,2032-03-30T08:10,3150000
RSCH-000302,JOB-001524,EVS360-022,IS200,inspection_and_service,Obukhovo,2032-03-22T15:50,2032-03-22T19:50,4,scheduled,,2032-03-22T15:50,2032-03-30T12:35,2350000
RSCH-000303,JOB-001811,EVS360-026,IS200,inspection_and_service,Obukhovo,2032-03-22T18:10,2032-03-22T22:10,4,scheduled,,2032-03-22T18:10,2032-03-30T14:10,2075000
RSCH-000304,JOB-002602,EVS360-037,IS510,inspection_and_service,Obukhovo,2032-03-09T16:50,2032-03-10T02:50,10,scheduled,,2032-03-06T11:20,2032-03-30T20:35,1125000
RSCH-000305,JOB-001018,EVS360-015,IS200,inspection_and_service,Obukhovo,2032-03-23T14:10,2032-03-23T18:10,4,scheduled,,2032-03-23T14:10,2032-03-31T20:35,2825000
RSCH-000306,JOB-001090,EVS360-016,IS100,inspection_and_service,Obukhovo,2032-03-30T09:50,2032-03-30T11:50,2,scheduled,,2032-03-29T16:50,2032-03-31T20:50,2812500
RSCH-000307,JOB-000371,EVS360-006,IS200,inspection_and_service,Obukhovo,2032-03-24T12:10,2032-03-24T16:10,4,scheduled,,2032-03-23T19:50,2032-04-01T08:50,3575000
RSCH-000308,JOB-001234,EVS360-018,IS100,inspection_and_service,Obukhovo,2032-03-30T10:50,2032-03-30T12:50,2,scheduled,,2032-03-30T10:50,2032-04-01T14:10,2612500
RSCH-000309,JOB-000227,EVS360-004,IS100,inspection_and_service,Obukhovo,2032-03-30T22:50,2032-03-31T00:50,2,scheduled,,2032-03-30T22:50,2032-04-01T16:50,3362500
RSCH-000310,JOB-001668,EVS360-024,IS100,inspection_and_service,Obukhovo,2032-03-30T13:20,2032-03-30T15:20,2,scheduled,,2032-03-30T13:20,2032-04-01T17:20,2087500
RSCH-000311,JOB-001379,EVS360-020,IS200,inspection_and_service,Obukhovo,2032-03-24T19:50,2032-03-24T23:50,4,scheduled,,2032-03-24T19:50,2032-04-02T08:10,2350000
RSCH-000312,JOB-001740,EVS360-025,IS100,inspection_and_service,Obukhovo,2032-03-31T15:50,2032-03-31T17:50,2,scheduled,,2032-03-30T23:20,2032-04-02T09:50,1937500
RSCH-000313,JOB-000587,EVS360-009,IS200,inspection_and_service,Obukhovo,2032-03-25T15:20,2032-03-25T19:20,4,scheduled,,2032-03-24T22:50,2032-04-02T12:10,3200000
RSCH-000314,JOB-001883,EVS360-027,IS200,inspection_and_service,Obukhovo,2032-03-26T00:10,2032-03-26T04:10,4,scheduled,,2032-03-25T13:50,2032-04-02T21:20,2000000
RSCH-000315,JOB-002026,EVS360-029,IS100,inspection_and_service,Obukhovo,2032-04-01T20:35,2032-04-01T22:35,2,scheduled,,2032-04-01T09:50,2032-04-02T22:10,1662500
RSCH-000316,JOB-000444,EVS360-007,IS200,inspection_and_service,Obukhovo,2032-03-26T16:10,2032-03-26T20:10,4,scheduled,,2032-03-25T23:50,2032-04-03T12:50,3400000
RSCH-000317,JOB-002385,EVS360-034,IS100,inspection_and_service,Obukhovo,2032-04-01T22:35,2032-04-02T00:35,2,scheduled,,2032-04-01T22:35,2032-04-03T16:10,1412500
RSCH-000318,JOB-001307,EVS360-019,IS100,inspection_and_service,Obukhovo,2032-04-01T14:50,2032-04-01T16:50,2,scheduled,,2032-04-01T14:50,2032-04-03T19:50,2637500
RSCH-000319,JOB-001306,EVS360-019,IS510,inspection_and_service,Obukhovo,2032-03-13T15:50,2032-03-14T01:50,10,scheduled,,2032-03-10T19:50,2032-04-04T10:50,2625000
RSCH-000320,JOB-002677,EVS360-038,IS100,inspection_and_service,Obukhovo,2032-04-03T09:20,2032-04-03T11:20,2,scheduled,,2032-04-02T16:10,2032-04-04T11:20,1162500
RSCH-000321,JOB-000009,EVS360-001,IS200,inspection_and_service,Obukhovo,2032-03-27T15:20,2032-03-27T19:20,4,scheduled,,2032-03-26T22:50,2032-04-04T12:10,3650000
RSCH-000322,JOB-000516,EVS360-008,IS200,inspection_and_service,Obukhovo,2032-03-27T19:50,2032-03-27T23:50,4,scheduled,,2032-03-27T09:20,2032-04-04T15:20,3475000
RSCH-000323,JOB-000514,EVS360-008,IS520,inspection_and_service,Obukhovo,,,16,unscheduled,no_depot_window_before_deadline,2032-02-14T22:10,2032-04-04T15:20,3450000
RSCH-000324,JOB-000155,EVS360-003,IS100,inspection_and_service,Obukhovo,2032-04-03T11:20,2032-04-03T13:20,2,scheduled,,2032-04-03T11:20,2032-04-04T22:10,3487500
RSCH-000325,JOB-002750,EVS360-039,IS200,inspection_and_service,Obukhovo,2032-03-28T16:50,2032-03-28T20:50,4,scheduled,,2032-03-28T16:50,2032-04-05T13:20,1075000
RSCH-000326,JOB-002748,EVS360-039,IS520,inspection_and_service,Obukhovo,,,16,unscheduled,no_depot_window_before_deadline,2032-02-16T12:50,2032-04-05T13:20,1050000
RSCH-000327,JOB-000659,EVS360-010,IS200,inspection_and_service,Obukhovo,2032-03-28T22:10,2032-03-29T02:10,4,scheduled,,2032-03-28T11:50,2032-04-05T18:50,3325000
RSCH-000328,JOB-002457,EVS360-035,IS100,inspection_and_service,Obukhovo,2032-04-04T09:50,2032-04-04T11:50,2,scheduled,,2032-04-03T16:50,2032-04-05T20:50,1262500
RSCH-000329,JOB-000803,EVS360-012,IS100,inspection_and_service,Obukhovo,2032-04-04T17:20,2032-04-04T19:20,2,scheduled,,2032-04-04T08:10,2032-04-06T11:20,3187500
RSCH-000330,JOB-001525,EVS360-022,IS100,inspection_and_service,Obukhovo,2032-04-04T22:35,2032-04-05T00:35,2,scheduled,,2032-04-04T22:35,2032-04-06T16:10,2362500
RSCH-000331,JOB-001597,EVS360-023,IS100,inspection_and_service,Obukhovo,2032-04-04T22:50,2032-04-05T00:50,2,scheduled,,2032-04-04T22:50,2032-04-06T16:50,2337500
RSCH-000332,JOB-001812,EVS360-026,IS100,inspection_and_service,Obukhovo,2032-04-05T00:10,2032-04-05T02:10,2,scheduled,,2032-04-04T13:50,2032-04-06T18:50,2087500
RSCH-000333,JOB-001955,EVS360-028,IS200,inspection_and_service,Obukhovo,2032-03-29T13:20,2032-03-29T17:20,4,scheduled,,2032-03-29T13:20,2032-04-06T19:50,1825000
RSCH-000334,JOB-001596,EVS360-023,IS510,inspection_and_service,Obukhovo,2032-03-14T20:35,2032-03-15T06:35,10,scheduled,,2032-03-14T09:50,2032-04-07T19:20,2325000
RSCH-000335,JOB-000732,EVS360-011,IS100,inspection_and_service,Obukhovo,2032-04-06T21:20,2032-04-06T23:20,2,scheduled,,2032-04-06T10:50,2032-04-07T22:50,3012500
RSCH-000336,JOB-001019,EVS360-015,IS100,inspection_and_service,Obukhovo,2032-04-05T21:20,2032-04-05T23:20,2,scheduled,,2032-04-05T21:20,2032-04-08T08:10,2837500
RSCH-000337,JOB-000372,EVS360-006,IS100,inspection_and_service,Obukhovo,2032-04-06T18:50,2032-04-06T20:50,2,scheduled,,2032-04-06T08:50,2032-04-08T12:10,3587500
RSCH-000338,JOB-001380,EVS360-020,IS100,inspection_and_service,Obukhovo,2032-04-07T08:35,2032-04-07T10:35,2,scheduled,,2032-04-07T08:35,2032-04-09T12:10,2362500
RSCH-000339,JOB-000588,EVS360-009,IS100,inspection_and_service,Obukhovo,2032-04-07T22:10,2032-04-08T00:10,2,scheduled,,2032-04-07T11:50,2032-04-09T15:20,3212500
RSCH-000340,JOB-001453,EVS360-021,IS100,inspection_and_service,Obukhovo,2032-04-08T10:50,2032-04-08T12:50,2,scheduled,,2032-04-07T18:10,2032-04-09T21:50,2487500
RSCH-000341,JOB-001884,EVS360-027,IS100,inspection_and_service,Obukhovo,2032-04-08T13:20,2032-04-08T15:20,2,scheduled,,2032-04-07T20:50,2032-04-10T08:10,2012500
RSCH-000342,JOB-000445,EVS360-007,IS100,inspection_and_service,Obukhovo,2032-04-08T22:50,2032-04-09T00:50,2,scheduled,,2032-04-08T12:35,2032-04-10T16:50,3412500
RSCH-000343,JOB-000948,EVS360-014,IS100,inspection_and_service,Obukhovo,2032-04-09T09:20,2032-04-09T11:20,2,scheduled,,2032-04-08T16:10,2032-04-10T20:35,2862500
RSCH-000344,JOB-001452,EVS360-021,IS510,inspection_and_service,Obukhovo,2032-03-16T22:50,2032-03-17T08:50,10,scheduled,,2032-03-16T22:50,2032-04-10T23:50,2475000
RSCH-000345,JOB-002170,EVS360-031,IS100,inspection_and_service,Obukhovo,2032-04-09T17:20,2032-04-09T19:20,2,scheduled,,2032-04-09T08:10,2032-04-11T11:20,1662500
RSCH-000346,JOB-000010,EVS360-001,IS100,inspection_and_service,Obukhovo,2032-04-09T22:10,2032-04-10T00:10,2,scheduled,,2032-04-09T11:50,2032-04-11T15:20,3662500
RSCH-000347,JOB-000517,EVS360-008,IS100,inspection_and_service,Obukhovo,2032-04-10T08:35,2032-04-10T10:35,2,scheduled,,2032-04-09T14:50,2032-04-11T19:50,3487500
RSCH-000348,JOB-002604,EVS360-037,IS200,inspection_and_service,Obukhovo,2032-04-04T10:50,2032-04-04T14:50,4,scheduled,,2032-04-03T18:10,2032-04-12T00:10,1150000
RSCH-000349,JOB-002098,EVS360-030,IS200,inspection_and_service,Obukhovo,2032-04-05T09:20,2032-04-05T13:20,4,scheduled,,2032-04-04T16:10,2032-04-12T12:35,1625000
RSCH-000350,JOB-002751,EVS360-039,IS100,inspection_and_service,Obukhovo,2032-04-10T23:20,2032-04-11T01:20,2,scheduled,,2032-04-10T12:50,2032-04-12T17:20,1087500
RSCH-000351,JOB-000660,EVS360-010,IS100,inspection_and_service,Obukhovo,2032-04-11T11:20,2032-04-11T13:20,2,scheduled,,2032-04-10T18:50,2032-04-12T22:10,3337500
RSCH-000352,JOB-001956,EVS360-028,IS100,inspection_and_service,Obukhovo,2032-04-11T20:35,2032-04-11T22:35,2,scheduled,,2032-04-11T20:35,2032-04-13T23:50,1837500
RSCH-000353,JOB-001091,EVS360-016,IS200,inspection_and_service,Obukhovo,2032-04-05T21:50,2032-04-06T01:50,4,scheduled,,2032-04-05T21:50,2032-04-14T09:50,2825000
RSCH-000354,JOB-000301,EVS360-005,IS100,inspection_and_service,Obukhovo,2032-04-13T12:35,2032-04-13T14:35,2,scheduled,,2032-04-13T12:35,2032-04-15T16:10,3237500
RSCH-000355,JOB-002027,EVS360-029,IS200,inspection_and_service,Obukhovo,2032-04-08T14:10,2032-04-08T18:10,4,scheduled,,2032-04-08T14:10,2032-04-16T11:20,1675000
RSCH-000356,JOB-002025,EVS360-029,IS520,inspection_and_service,Obukhovo,,,16,unscheduled,no_depot_window_before_deadline,2032-02-27T10:50,2032-04-16T11:20,1650000
RSCH-000357,JOB-002531,EVS360-036,IS100,inspection_and_service,Obukhovo,2032-04-14T10:50,2032-04-14T12:50,2,scheduled,,2032-04-14T10:50,2032-04-16T14:10,1287500
RSCH-000358,JOB-001308,EVS360-019,IS200,inspection_and_service,Obukhovo,2032-04-09T11:50,2032-04-09T15:50,4,scheduled,,2032-04-08T19:20,2032-04-16T14:50,2650000
RSCH-000359,JOB-000300,EVS360-005,IS510,inspection_and_service,Obukhovo,2032-03-26T15:20,2032-03-27T01:20,10,scheduled,,2032-03-22T16:50,2032-04-16T18:50,3225000
RSCH-000360,JOB-002241,EVS360-032,IS100,inspection_and_service,Obukhovo,2032-04-15T10:50,2032-04-15T12:50,2,scheduled,,2032-04-14T18:10,2032-04-16T21:50,1512500
RSCH-000361,JOB-000876,EVS360-013,IS100,inspection_and_service,Obukhovo,2032-04-14T18:50,2032-04-14T20:50,2,scheduled,,2032-04-14T18:50,2032-04-16T22:35,3087500
RSCH-000362,JOB-002530,EVS360-036,IS510,inspection_and_service,Obukhovo,2032-03-28T15:20,2032-03-29T01:20,10,scheduled,,2032-03-24T08:10,2032-04-17T16:10,1275000
RSCH-000363,JOB-002678,EVS360-038,IS200,inspection_and_service,Obukhovo,2032-04-09T21:20,2032-04-10T01:20,4,scheduled,,2032-04-09T21:20,2032-04-17T17:20,1175000
RSCH-000364,JOB-000875,EVS360-013,IS510,inspection_and_service,Obukhovo,2032-03-24T15:20,2032-03-25T01:20,10,scheduled,,2032-03-24T15:20,2032-04-18T00:10,3075000
RSCH-000365,JOB-000156,EVS360-003,IS200,inspection_and_service,Obukhovo,2032-04-11T08:10,2032-04-11T12:10,4,scheduled,,2032-04-10T14:10,2032-04-18T11:20,3500000
RSCH-000366,JOB-001164,EVS360-017,IS100,inspection_and_service,Obukhovo,2032-04-17T00:10,2032-04-17T02:10,2,scheduled,,2032-04-16T13:50,2032-04-18T18:50,2562500
RSCH-000367,JOB-002314,EVS360-033,IS100,inspection_and_service,Obukhovo,2032-04-17T14:50,2032-04-17T16:50,2,scheduled,,2032-04-16T22:10,2032-04-19T09:20,1587500
RSCH-000368,JOB-002605,EVS360-037,IS100,inspection_and_service,Obukhovo,2032-04-17T16:50,2032-04-17T18:50,2,scheduled,,2032-04-17T00:10,2032-04-19T10:50,1162500
RSCH-000369,JOB-000083,EVS360-002,IS100,inspection_and_service,Obukhovo,2032-04-17T19:50,2032-04-17T21:50,2,scheduled,,2032-04-17T09:20,2032-04-19T12:35,3687500
RSCH-000370,JOB-002099,EVS360-030,IS100,inspection_and_service,Obukhovo,2032-04-17T13:20,2032-04-17T15:20,2,scheduled,,2032-04-17T13:20,2032-04-19T17:20,1637500
RSCH-000371,JOB-000804,EVS360-012,IS200,inspection_and_service,Obukhovo,2032-04-11T12:10,2032-04-11T16:10,4,scheduled,,2032-04-11T12:10,2032-04-19T18:10,3200000
RSCH-000372,JOB-002313,EVS360-033,IS510,inspection_and_service,Obukhovo,2032-03-29T15:50,2032-03-30T01:50,10,scheduled,,2032-03-26T10:10,2032-04-19T19:50,1575000
RSCH-000373,JOB-001526,EVS360-022,IS200,inspection_and_service,Obukhovo,2032-04-11T16:50,2032-04-11T20:50,4,scheduled,,2032-04-11T16:50,2032-04-19T22:50,2375000
RSCH-000374,JOB-001598,EVS360-023,IS200,inspection_and_service,Obukhovo,2032-04-12T20:10,2032-04-13T00:10,4,scheduled,,2032-04-12T09:35,2032-04-19T23:20,2350000
RSCH-000375,JOB-000082,EVS360-002,IS510,inspection_and_service,Obukhovo,2032-03-27T15:50,2032-03-28T01:50,10,scheduled,,2032-03-26T23:20,2032-04-20T14:10,3675000
RSCH-000376,JOB-000733,EVS360-011,IS200,inspection_and_service,Obukhovo,2032-04-13T15:20,2032-04-13T19:20,4,scheduled,,2032-04-12T22:50,2032-04-21T12:10,3025000
RSCH-000377,JOB-001092,EVS360-016,IS100,inspection_and_service,Obukhovo,2032-04-19T10:50,2032-04-19T12:50,2,scheduled,,2032-04-19T10:50,2032-04-21T14:10,2837500
RSCH-000378,JOB-001236,EVS360-018,IS100,inspection_and_service,Obukhovo,2032-04-20T13:20,2032-04-20T15:20,2,scheduled,,2032-04-19T20:50,2032-04-22T08:10,2637500
RSCH-000379,JOB-001381,EVS360-020,IS200,inspection_and_service,Obukhovo,2032-04-14T22:10,2032-04-15T02:10,4,scheduled,,2032-04-14T11:50,2032-04-22T08:50,2375000
RSCH-000380,JOB-001670,EVS360-024,IS100,inspection_and_service,Obukhovo,2032-04-20T16:10,2032-04-20T18:10,2,scheduled,,2032-04-19T23:50,2032-04-22T10:10,2112500
RSCH-000381,JOB-001742,EVS360-025,IS100,inspection_and_service,Obukhovo,2032-04-20T16:50,2032-04-20T18:50,2,scheduled,,2032-04-20T16:50,2032-04-22T10:50,1962500
RSCH-000382,JOB-000229,EVS360-004,IS100,inspection_and_service,Obukhovo,2032-04-21T08:50,2032-04-21T10:50,2,scheduled,,2032-04-20T15:20,2032-04-22T10:50,3387500
RSCH-000383,JOB-001235,EVS360-018,IS510,inspection_and_service,Obukhovo,2032-04-02T16:10,2032-04-03T02:10,10,scheduled,,2032-03-29T08:50,2032-04-23T09:35,2625000
RSCH-000384,JOB-001454,EVS360-021,IS200,inspection_and_service,Obukhovo,2032-04-14T22:35,2032-04-15T02:35,4,scheduled,,2032-04-14T22:35,2032-04-23T10:50,2500000
RSCH-000385,JOB-000228,EVS360-004,IS510,inspection_and_service,Obukhovo,2032-03-29T21:20,2032-03-30T07:20,10,scheduled,,2032-03-29T21:20,2032-04-23T12:35,3375000
RSCH-000386,JOB-002028,EVS360-029,IS100,inspection_and_service,Obukhovo,2032-04-21T21:20,2032-04-21T23:20,2,scheduled,,2032-04-21T21:20,2032-04-23T14:10,1687500
RSCH-000387,JOB-001309,EVS360-019,IS100,inspection_and_service,Obukhovo,2032-04-22T18:10,2032-04-22T20:10,2,scheduled,,2032-04-22T08:35,2032-04-23T20:35,2662500
RSCH-000388,JOB-000446,EVS360-007,IS200,inspection_and_service,Obukhovo,2032-04-15T17:20,2032-04-15T21:20,4,scheduled,,2032-04-15T17:20,2032-04-23T23:20,3425000
RSCH-000389,JOB-002171,EVS360-031,IS200,inspection_and_service,Obukhovo,2032-04-16T12:10,2032-04-16T16:10,4,scheduled,,2032-04-16T12:10,2032-04-24T08:50,1675000
RSCH-000390,JOB-002169,EVS360-031,IS520,inspection_and_service,Obukhovo,,,16,unscheduled,no_depot_window_before_deadline,2032-03-06T08:35,2032-04-24T08:50,1650000
RSCH-000391,JOB-000949,EVS360-014,IS200,inspection_and_service,Obukhovo,2032-04-15T21:20,2032-04-16T01:20,4,scheduled,,2032-04-15T21:20,2032-04-24T09:35,2875000
RSCH-000392,JOB-000947,EVS360-014,IS520,inspection_and_service,Obukhovo,,,16,unscheduled,no_depot_window_before_deadline,2032-03-05T16:50,2032-04-24T09:35,2850000
RSCH-000393,JOB-002387,EVS360-034,IS100,inspection_and_service,Obukhovo,2032-04-23T08:35,2032-04-23T10:35,2,scheduled,,2032-04-22T14:50,2032-04-24T10:10,1437500
RSCH-000394,JOB-002679,EVS360-038,IS100,inspection_and_service,Obukhovo,2032-04-23T10:10,2032-04-23T12:10,2,scheduled,,2032-04-22T17:20,2032-04-24T21:20,1187500
RSCH-000395,JOB-000518,EVS360-008,IS200,inspection_and_service,Obukhovo,2032-04-16T20:35,2032-04-17T00:35,4,scheduled,,2032-04-16T20:35,2032-04-25T08:50,3500000
RSCH-000396,JOB-002386,EVS360-034,IS510,inspection_and_service,Obukhovo,2032-03-31T20:50,2032-04-01T06:50,10,scheduled,,2032-03-31T20:50,2032-04-25T12:10,1425000
RSCH-000397,JOB-000157,EVS360-003,IS100,inspection_and_service,Obukhovo,2032-04-23T12:10,2032-04-23T14:10,2,scheduled,,2032-04-23T12:10,2032-04-25T15:50,3512500
RSCH-000398,JOB-002752,EVS360-039,IS200,inspection_and_service,Obukhovo,2032-04-17T18:10,2032-04-17T22:10,4,scheduled,,2032-04-17T18:10,2032-04-25T23:50,1100000
RSCH-000399,JOB-000661,EVS360-010,IS200,inspection_and_service,Obukhovo,2032-04-17T22:50,2032-04-18T02:50,4,scheduled,,2032-04-17T22:50,2032-04-26T11:20,3350000
RSCH-000400,JOB-002459,EVS360-035,IS100,inspection_and_service,Obukhovo,2032-04-24T10:50,2032-04-24T12:50,2,scheduled,,2032-04-24T10:50,2032-04-26T14:10,1287500
RSCH-000401,JOB-000805,EVS360-012,IS100,inspection_and_service,Obukhovo,2032-04-24T18:50,2032-04-24T20:50,2,scheduled,,2032-04-24T18:50,2032-04-26T22:35,3212500
RSCH-000402,JOB-001527,EVS360-022,IS100,inspection_and_service,Obukhovo,2032-04-24T23:20,2032-04-25T01:20,2,scheduled,,2032-04-24T23:20,2032-04-27T10:10,2387500
RSCH-000403,JOB-001599,EVS360-023,IS100,inspection_and_service,Obukhovo,2032-04-26T08:50,2032-04-26T10:50,2,scheduled,,2032-04-25T15:20,2032-04-27T10:50,2362500
RSCH-000404,JOB-001814,EVS360-026,IS100,inspection_and_service,Obukhovo,2032-04-25T08:35,2032-04-25T10:35,2,scheduled,,2032-04-25T08:35,2032-04-27T12:10,2112500
RSCH-000405,JOB-001957,EVS360-028,IS200,inspection_and_service,Obukhovo,2032-04-19T16:10,2032-04-19T20:10,4,scheduled,,2032-04-18T23:50,2032-04-27T12:50,1850000
RSCH-000406,JOB-002458,EVS360-035,IS510,inspection_and_service,Obukhovo,2032-04-07T15:20,2032-04-08T01:20,10,scheduled,,2032-04-03T08:10,2032-04-27T16:10,1275000
RSCH-000407,JOB-001021,EVS360-015,IS100,inspection_and_service,Obukhovo,2032-04-26T23:50,2032-04-27T01:50,2,scheduled,,2032-04-26T13:20,2032-04-28T08:50,2862500
RSCH-000408,JOB-000734,EVS360-011,IS100,inspection_and_service,Obukhovo,2032-04-26T22:10,2032-04-27T00:10,2,scheduled,,2032-04-26T11:50,2032-04-28T15:20,3037500
RSCH-000409,JOB-000302,EVS360-005,IS200,inspection_and_service,Obukhovo,2032-04-21T09:20,2032-04-21T13:20,4,scheduled,,2032-04-20T16:10,2032-04-28T22:50,3250000
RSCH-000410,JOB-000374,EVS360-006,IS100,inspection_and_service,Obukhovo,2032-04-26T20:10,2032-04-26T22:10,2,scheduled,,2032-04-26T20:10,2032-04-28T23:20,3612500
RSCH-000411,JOB-001382,EVS360-020,IS100,inspection_and_service,Obukhovo,2032-04-28T11:20,2032-04-28T13:20,2,scheduled,,2032-04-27T18:50,2032-04-29T12:50,2387500
RSCH-000412,JOB-002532,EVS360-036,IS200,inspection_and_service,Obukhovo,2032-04-22T00:10,2032-04-22T04:10,4,scheduled,,2032-04-21T13:50,2032-04-29T21:20,1300000
RSCH-000413,JOB-000590,EVS360-009,IS100,inspection_and_service,Obukhovo,2032-04-27T22:50,2032-04-28T00:50,2,scheduled,,2032-04-27T22:50,2032-04-30T09:50,3237500
RSCH-000414,JOB-000657,EVS360-010,IS530,inspection_and_service,Obukhovo,,,36,unscheduled,no_depot_window_before_deadline,2032-01-22T16:10,2032-04-30T10:10,3300000
RSCH-000415,JOB-002242,EVS360-032,IS200,inspection_and_service,Obukhovo,2032-04-21T22:35,2032-04-22T02:35,4,scheduled,,2032-04-21T22:35,2032-04-30T10:50,1525000
RSCH-000416,JOB-000877,EVS360-013,IS200,inspection_and_service,Obukhovo,2032-04-22T14:50,2032-04-22T18:50,4,scheduled,,2032-04-21T22:10,2032-04-30T11:50,3100000
RSCH-000417,JOB-001455,EVS360-021,IS100,inspection_and_service,Obukhovo,2032-04-28T11:50,2032-04-28T13:50,2,scheduled,,2032-04-28T11:50,2032-04-30T15:20,2512500
RSCH-000418,JOB-001886,EVS360-027,IS100,inspection_and_service,Obukhovo,2032-04-28T14:10,2032-04-28T16:10,2,scheduled,,2032-04-28T14:10,2032-04-30T18:50,2037500
RSCH-000419,JOB-001885,EVS360-027,IS510,inspection_and_service,Obukhovo,2032-04-09T15:20,2032-04-10T01:20,10,scheduled,,2032-04-06T19:20,2032-05-01T10:10,2025000
RSCH-000420,JOB-000447,EVS360-007,IS100,inspection_and_service,Obukhovo,2032-04-28T23:50,2032-04-29T01:50,2,scheduled,,2032-04-28T23:50,2032-05-01T10:50,3437500
RSCH-000421,JOB-000589,EVS360-009,IS510,inspection_and_service,Obukhovo,2032-04-06T20:35,2032-04-07T06:35,10,scheduled,,2032-04-06T20:35,2032-05-01T11:50,3225000
RSCH-000422,JOB-002172,EVS360-031,IS100,inspection_and_service,Obukhovo,2032-04-29T18:50,2032-04-29T20:50,2,scheduled,,2032-04-29T18:50,2032-05-01T12:10,1687500
RSCH-000423,JOB-000950,EVS360-014,IS100,inspection_and_service,Obukhovo,2032-04-29T10:10,2032-04-29T12:10,2,scheduled,,2032-04-29T10:10,2032-05-01T13:50,2887500
RSCH-000424,JOB-001165,EVS360-017,IS200,inspection_and_service,Obukhovo,2032-04-23T19:50,2032-04-23T23:50,4,scheduled,,2032-04-23T19:50,2032-05-01T15:20,2575000
RSCH-000425,JOB-001163,EVS360-017,IS520,inspection_and_service,Obukhovo,,,16,unscheduled,no_depot_window_before_deadline,2032-03-13T14:50,2032-05-01T15:20,2550000
RSCH-000426,JOB-000012,EVS360-001,IS100,inspection_and_service,Obukhovo,2032-04-29T22:50,2032-04-30T00:50,2,scheduled,,2032-04-29T22:50,2032-05-02T09:50,3687500
RSCH-000427,JOB-000519,EVS360-008,IS100,inspection_and_service,Obukhovo,2032-04-30T09:20,2032-04-30T11:20,2,scheduled,,2032-04-30T09:20,2032-05-02T12:50,3512500
RSCH-000428,JOB-002315,EVS360-033,IS200,inspection_and_service,Obukhovo,2032-04-24T09:50,2032-04-24T13:50,4,scheduled,,2032-04-24T09:50,2032-05-02T14:50,1600000
RSCH-000429,JOB-002606,EVS360-037,IS200,inspection_and_service,Obukhovo,2032-04-24T11:50,2032-04-24T15:50,4,scheduled,,2032-04-24T11:50,2032-05-02T17:20,1175000
RSCH-000430,JOB-000084,EVS360-002,IS200,inspection_and_service,Obukhovo,2032-04-24T13:20,2032-04-24T17:20,4,scheduled,,2032-04-24T13:20,2032-05-02T19:50,3700000
RSCH-000431,JOB-002753,EVS360-039,IS100,inspection_and_service,Obukhovo,2032-05-01T00:10,2032-05-01T02:10,2,scheduled,,2032-05-01T00:10,2032-05-03T11:20,1112500
RSCH-000432,JOB-000011,EVS360-001,IS510,inspection_and_service,Obukhovo,2032-04-08T20:35,2032-04-09T06:35,10,scheduled,,2032-04-08T20:35,2032-05-03T11:50,3675000
RSCH-000433,JOB-000662,EVS360-010,IS100,inspection_and_service,Obukhovo,2032-05-01T12:10,2032-05-01T14:10,2,scheduled,,2032-05-01T12:10,2032-05-03T15:50,3362500
RSCH-000434,JOB-001958,EVS360-028,IS100,inspection_and_service,Obukhovo,2032-05-02T22:50,2032-05-03T00:50,2,scheduled,,2032-05-02T12:35,2032-05-04T16:50,1862500
RSCH-000435,JOB-001237,EVS360-018,IS200,inspection_and_service,Obukhovo,2032-04-27T08:35,2032-04-27T12:35,4,scheduled,,2032-04-27T08:35,2032-05-05T13:20,2650000
RSCH-000436,JOB-001671,EVS360-024,IS200,inspection_and_service,Obukhovo,2032-04-27T11:20,2032-04-27T15:20,4,scheduled,,2032-04-27T11:20,2032-05-05T16:50,2125000
RSCH-000437,JOB-000230,EVS360-004,IS200,inspection_and_service,Obukhovo,2032-04-27T20:50,2032-04-28T00:50,4,scheduled,,2032-04-27T10:10,2032-05-05T16:50,3400000
RSCH-000438,JOB-001743,EVS360-025,IS200,inspection_and_service,Obukhovo,2032-04-28T13:20,2032-04-28T17:20,4,scheduled,,2032-04-27T20:50,2032-05-05T17:20,1975000
RSCH-000439,JOB-001741,EVS360-025,IS520,inspection_and_service,Obukhovo,,,16,unscheduled,no_depot_window_before_deadline,2032-03-17T16:50,2032-05-05T17:20,1950000
RSCH-000440,JOB-000303,EVS360-005,IS100,inspection_and_service,Obukhovo,2032-05-04T15:20,2032-05-04T17:20,2,scheduled,,2032-05-03T22:50,2032-05-06T09:35,3262500
RSCH-000441,JOB-002029,EVS360-029,IS200,inspection_and_service,Obukhovo,2032-04-28T15:20,2032-04-28T19:20,4,scheduled,,2032-04-28T15:20,2032-05-06T21:20,1700000
RSCH-000442,JOB-002533,EVS360-036,IS100,inspection_and_service,Obukhovo,2032-05-05T13:20,2032-05-05T15:20,2,scheduled,,2032-05-04T20:50,2032-05-07T08:10,1312500
RSCH-000443,JOB-001310,EVS360-019,IS200,inspection_and_service,Obukhovo,2032-04-29T12:35,2032-04-29T16:35,4,scheduled,,2032-04-29T12:35,2032-05-07T09:20,2675000
RSCH-000444,JOB-000878,EVS360-013,IS100,inspection_and_service,Obukhovo,2032-05-05T21:50,2032-05-05T23:50,2,scheduled,,2032-05-05T11:20,2032-05-07T14:50,3112500
RSCH-000445,JOB-002243,EVS360-032,IS100,inspection_and_service,Obukhovo,2032-05-05T11:50,2032-05-05T13:50,2,scheduled,,2032-05-05T11:50,2032-05-07T15:20,1537500
RSCH-000446,JOB-002388,EVS360-034,IS200,inspection_and_service,Obukhovo,2032-04-29T20:35,2032-04-30T00:35,4,scheduled,,2032-04-29T09:50,2032-05-07T16:10,1450000
RSCH-000447,JOB-001166,EVS360-017,IS100,inspection_and_service,Obukhovo,2032-05-07T08:35,2032-05-07T10:35,2,scheduled,,2032-05-07T08:35,2032-05-08T19:50,2587500
RSCH-000448,JOB-002316,EVS360-033,IS100,inspection_and_service,Obukhovo,2032-05-07T15:50,2032-05-07T17:50,2,scheduled,,2032-05-07T15:50,2032-05-09T09:50,1612500
RSCH-000449,JOB-002460,EVS360-035,IS200,inspection_and_service,Obukhovo,2032-05-02T00:10,2032-05-02T04:10,4,scheduled,,2032-05-01T13:50,2032-05-09T21:20,1300000
RSCH-000450,JOB-002607,EVS360-037,IS100,inspection_and_service,Obukhovo,2032-05-07T18:10,2032-05-07T20:10,2,scheduled,,2032-05-07T18:10,2032-05-09T22:10,1187500
RSCH-000451,JOB-000085,EVS360-002,IS100,inspection_and_service,Obukhovo,2032-05-07T20:35,2032-05-07T22:35,2,scheduled,,2032-05-07T20:35,2032-05-09T23:50,3712500
RSCH-000452,JOB-002101,EVS360-030,IS100,inspection_and_service,Obukhovo,2032-05-08T16:10,2032-05-08T18:10,2,scheduled,,2032-05-07T23:50,2032-05-10T10:10,1662500
RSCH-000453,JOB-001600,EVS360-023,IS200,inspection_and_service,Obukhovo,2032-05-02T20:50,2032-05-03T00:50,4,scheduled,,2032-05-02T10:10,2032-05-10T16:50,2375000
RSCH-000454,JOB-001815,EVS360-026,IS200,inspection_and_service,Obukhovo,2032-05-02T22:10,2032-05-03T02:10,4,scheduled,,2032-05-02T11:50,2032-05-10T18:50,2125000
RSCH-000455,JOB-001022,EVS360-015,IS200,inspection_and_service,Obukhovo,2032-05-03T18:50,2032-05-03T22:50,4,scheduled,,2032-05-03T18:50,2032-05-11T14:50,2875000
RSCH-000456,JOB-001020,EVS360-015,IS520,inspection_and_service,Obukhovo,,,16,unscheduled,no_depot_window_before_deadline,2032-03-23T14:10,2032-05-11T14:50,2850000
RSCH-000457,JOB-001094,EVS360-016,IS100,inspection_and_service,Obukhovo,2032-05-10T13:20,2032-05-10T15:20,2,scheduled,,2032-05-09T20:50,2032-05-11T15:20,2862500
RSCH-000458,JOB-000735,EVS360-011,IS200,inspection_and_service,Obukhovo,2032-05-03T16:10,2032-05-03T20:10,4,scheduled,,2032-05-03T16:10,2032-05-11T22:10,3050000
RSCH-000459,JOB-000375,EVS360-006,IS200,inspection_and_service,Obukhovo,2032-05-04T15:50,2032-05-04T19:50,4,scheduled,,2032-05-03T23:20,2032-05-12T12:35,3625000
RSCH-000460,JOB-000869,EVS360-013,IS540,inspection_and_service,Obukhovo,,,56,unscheduled,no_depot_window_before_deadline,2032-01-05T00:00,2032-05-12T15:50,3000000
RSCH-000461,JOB-001238,EVS360-018,IS100,inspection_and_service,Obukhovo,2032-05-10T14:10,2032-05-10T16:10,2,scheduled,,2032-05-10T14:10,2032-05-12T18:50,2662500
RSCH-000462,JOB-000231,EVS360-004,IS100,inspection_and_service,Obukhovo,2032-05-11T09:50,2032-05-11T11:50,2,scheduled,,2032-05-10T16:50,2032-05-12T20:50,3412500
RSCH-000463,JOB-001672,EVS360-024,IS100,inspection_and_service,Obukhovo,2032-05-10T17:20,2032-05-10T19:20,2,scheduled,,2032-05-10T17:20,2032-05-12T21:50,2137500
RSCH-000464,JOB-001744,EVS360-025,IS100,inspection_and_service,Obukhovo,2032-05-11T20:35,2032-05-11T22:35,2,scheduled,,2032-05-11T09:50,2032-05-12T22:10,1987500
RSCH-000465,JOB-001456,EVS360-021,IS200,inspection_and_service,Obukhovo,2032-05-06T08:35,2032-05-06T12:35,4,scheduled,,2032-05-05T14:50,2032-05-13T11:50,2525000
RSCH-000466,JOB-001887,EVS360-027,IS200,inspection_and_service,Obukhovo,2032-05-06T11:20,2032-05-06T15:20,4,scheduled,,2032-05-05T18:50,2032-05-13T14:10,2050000
RSCH-000467,JOB-000591,EVS360-009,IS200,inspection_and_service,Obukhovo,2032-05-05T20:10,2032-05-06T00:10,4,scheduled,,2032-05-05T09:35,2032-05-13T15:50,3250000
RSCH-000468,JOB-002030,EVS360-029,IS100,inspection_and_service,Obukhovo,2032-05-11T22:10,2032-05-12T00:10,2,scheduled,,2032-05-11T22:10,2032-05-14T08:50,1712500
RSCH-000469,JOB-001311,EVS360-019,IS100,inspection_and_service,Obukhovo,2032-05-12T19:50,2032-05-12T21:50,2,scheduled,,2032-05-12T09:20,2032-05-14T12:35,2687500
RSCH-000470,JOB-002173,EVS360-031,IS200,inspection_and_service,Obukhovo,2032-05-07T14:50,2032-05-07T18:50,4,scheduled,,2032-05-06T22:10,2032-05-14T19:20,1700000
RSCH-000471,JOB-002389,EVS360-034,IS100,inspection_and_service,Obukhovo,2032-05-13T09:20,2032-05-13T11:20,2,scheduled,,2032-05-12T16:10,2032-05-14T20:35,1462500
RSCH-000472,JOB-000951,EVS360-014,IS200,inspection_and_service,Obukhovo,2032-05-06T23:50,2032-05-07T03:50,4,scheduled,,2032-05-06T13:20,2032-05-14T20:50,2900000
RSCH-000473,JOB-002681,EVS360-038,IS100,inspection_and_service,Obukhovo,2032-05-13T11:20,2032-05-13T13:20,2,scheduled,,2032-05-13T11:20,2032-05-15T14:50,1212500
RSCH-000474,JOB-000013,EVS360-001,IS200,inspection_and_service,Obukhovo,2032-05-07T20:10,2032-05-08T00:10,4,scheduled,,2032-05-07T09:35,2032-05-15T15:50,3700000
RSCH-000475,JOB-000159,EVS360-003,IS100,inspection_and_service,Obukhovo,2032-05-14T14:50,2032-05-14T16:50,2,scheduled,,2032-05-13T22:10,2032-05-16T09:20,3537500
RSCH-000476,JOB-002461,EVS360-035,IS100,inspection_and_service,Obukhovo,2032-05-15T13:20,2032-05-15T15:20,2,scheduled,,2032-05-14T20:50,2032-05-17T08:10,1312500
RSCH-000477,JOB-000158,EVS360-003,IS510,inspection_and_service,Obukhovo,2032-04-25T15:50,2032-04-26T01:50,10,scheduled,,2032-04-22T19:50,2032-05-17T10:50,3525000
RSCH-000478,JOB-000807,EVS360-012,IS100,inspection_and_service,Obukhovo,2032-05-15T21:50,2032-05-15T23:50,2,scheduled,,2032-05-15T11:20,2032-05-17T14:50,3237500
RSCH-000479,JOB-001529,EVS360-022,IS100,inspection_and_service,Obukhovo,2032-05-16T09:20,2032-05-16T11:20,2,scheduled,,2032-05-15T16:10,2032-05-17T20:35,2412500
RSCH-000480,JOB-001601,EVS360-023,IS100,inspection_and_service,Obukhovo,2032-05-16T09:50,2032-05-16T11:50,2,scheduled,,2032-05-15T16:50,2032-05-17T20:50,2387500
RSCH-000481,JOB-001816,EVS360-026,IS100,inspection_and_service,Obukhovo,2032-05-16T11:20,2032-05-16T13:20,2,scheduled,,2032-05-15T18:50,2032-05-17T22:10,2137500
RSCH-000482,JOB-000806,EVS360-012,IS510,inspection_and_service,Obukhovo,2032-04-23T16:10,2032-04-24T02:10,10,scheduled,,2032-04-23T16:10,2032-05-18T08:35,3225000
RSCH-000483,JOB-001023,EVS360-015,IS100,inspection_and_service,Obukhovo,2032-05-17T08:10,2032-05-17T10:10,2,scheduled,,2032-05-17T08:10,2032-05-18T19:20,2887500
RSCH-000484,JOB-000304,EVS360-005,IS200,inspection_and_service,Obukhovo,2032-05-11T10:10,2032-05-11T14:10,4,scheduled,,2032-05-11T10:10,2032-05-18T23:50,3275000
RSCH-000485,JOB-000376,EVS360-006,IS100,inspection_and_service,Obukhovo,2032-05-17T22:35,2032-05-18T00:35,2,scheduled,,2032-05-17T12:10,2032-05-19T00:10,3637500
RSCH-000486,JOB-000736,EVS360-011,IS100,inspection_and_service,Obukhovo,2032-05-16T22:50,2032-05-17T00:50,2,scheduled,,2032-05-16T22:50,2032-05-19T09:50,3062500
RSCH-000487,JOB-001384,EVS360-020,IS100,inspection_and_service,Obukhovo,2032-05-18T12:10,2032-05-18T14:10,2,scheduled,,2032-05-17T19:50,2032-05-19T23:20,2412500
RSCH-000488,JOB-002534,EVS360-036,IS200,inspection_and_service,Obukhovo,2032-05-12T08:35,2032-05-12T12:35,4,scheduled,,2032-05-12T08:35,2032-05-20T13:20,1325000
RSCH-000489,JOB-001457,EVS360-021,IS100,inspection_and_service,Obukhovo,2032-05-19T14:10,2032-05-19T16:10,2,scheduled,,2032-05-18T21:50,2032-05-20T16:10,2537500
RSCH-000490,JOB-001888,EVS360-027,IS100,inspection_and_service,Obukhovo,2032-05-19T17:20,2032-05-19T19:20,2,scheduled,,2032-05-19T08:10,2032-05-20T20:10,2062500
RSCH-000491,JOB-000592,EVS360-009,IS100,inspection_and_service,Obukhovo,2032-05-19T08:50,2032-05-19T10:50,2,scheduled,,2032-05-18T15:20,2032-05-20T20:10,3262500
RSCH-000492,JOB-000879,EVS360-013,IS200,inspection_and_service,Obukhovo,2032-05-12T15:50,2032-05-12T19:50,4,scheduled,,2032-05-12T15:50,2032-05-20T21:50,3125000
RSCH-000493,JOB-002244,EVS360-032,IS200,inspection_and_service,Obukhovo,2032-05-13T08:35,2032-05-13T12:35,4,scheduled,,2032-05-12T14:50,2032-05-20T22:10,1550000
RSCH-000494,JOB-000952,EVS360-014,IS100,inspection_and_service,Obukhovo,2032-05-20T12:50,2032-05-20T14:50,2,scheduled,,2032-05-19T20:35,2032-05-21T14:50,2912500
RSCH-000495,JOB-000449,EVS360-007,IS100,inspection_and_service,Obukhovo,2032-05-20T09:50,2032-05-20T11:50,2,scheduled,,2032-05-19T16:50,2032-05-21T20:50,3462500
RSCH-000496,JOB-002174,EVS360-031,IS100,inspection_and_service,Obukhovo,2032-05-19T20:10,2032-05-19T22:10,2,scheduled,,2032-05-19T20:10,2032-05-21T23:20,1712500
RSCH-000497,JOB-001167,EVS360-017,IS200,inspection_and_service,Obukhovo,2032-05-14T22:10,2032-05-15T02:10,4,scheduled,,2032-05-14T11:50,2032-05-22T08:50,2600000
RSCH-000498,JOB-000521,EVS360-008,IS100,inspection_and_service,Obukhovo,2032-05-21T12:10,2032-05-21T14:10,2,scheduled,,2032-05-20T19:50,2032-05-22T13:50,3537500
RSCH-000499,JOB-002317,EVS360-033,IS200,inspection_and_service,Obukhovo,2032-05-15T12:35,2032-05-15T16:35,4,scheduled,,2032-05-14T20:10,2032-05-22T16:10,1625000
RSCH-000500,JOB-000014,EVS360-001,IS100,inspection_and_service,Obukhovo,2032-05-21T08:50,2032-05-21T10:50,2,scheduled,,2032-05-20T15:20,2032-05-22T20:10,3712500
RSCH-000501,JOB-000086,EVS360-002,IS200,inspection_and_service,Obukhovo,2032-05-15T16:10,2032-05-15T20:10,4,scheduled,,2032-05-14T23:50,2032-05-23T12:50,3725000
RSCH-000502,JOB-000520,EVS360-008,IS510,inspection_and_service,Obukhovo,2032-04-29T00:10,2032-04-29T10:10,10,scheduled,,2032-04-29T00:10,2032-05-23T15:50,3525000
RSCH-000503,JOB-000664,EVS360-010,IS100,inspection_and_service,Obukhovo,2032-05-22T14:50,2032-05-22T16:50,2,scheduled,,2032-05-21T22:10,2032-05-23T16:50,3387500
RSCH-000504,JOB-002102,EVS360-030,IS200,inspection_and_service,Obukhovo,2032-05-15T11:20,2032-05-15T15:20,4,scheduled,,2032-05-15T11:20,2032-05-23T16:50,1675000
RSCH-000505,JOB-002100,EVS360-030,IS520,inspection_and_service,Obukhovo,,,16,unscheduled,no_depot_window_before_deadline,2032-04-04T16:10,2032-05-23T16:50,1650000
RSCH-000506,JOB-002755,EVS360-039,IS100,inspection_and_service,Obukhovo,2032-05-22T10:10,2032-05-22T12:10,2,scheduled,,2032-05-21T17:20,2032-05-23T21:20,1137500
RSCH-000507,JOB-001960,EVS360-028,IS100,inspection_and_service,Obukhovo,2032-05-22T23:50,2032-05-23T01:50,2,scheduled,,2032-05-22T23:50,2032-05-24T18:10,1887500
RSCH-000508,JOB-000663,EVS360-010,IS510,inspection_and_service,Obukhovo,2032-05-03T15:50,2032-05-04T01:50,10,scheduled,,2032-04-30T10:10,2032-05-24T19:50,3375000
RSCH-000509,JOB-002240,EVS360-032,IS530,inspection_and_service,Obukhovo,,,36,unscheduled,no_depot_window_before_deadline,2032-02-16T09:50,2032-05-24T20:10,1500000
RSCH-000510,JOB-001095,EVS360-016,IS200,inspection_and_service,Obukhovo,2032-05-17T08:35,2032-05-17T12:35,4,scheduled,,2032-05-17T08:35,2032-05-24T22:10,2875000
RSCH-000511,JOB-001093,EVS360-016,IS520,inspection_and_service,Obukhovo,,,16,unscheduled,no_depot_window_before_deadline,2032-04-05T21:50,2032-05-24T22:10,2850000
RSCH-000512,JOB-002754,EVS360-039,IS510,inspection_and_service,Obukhovo,2032-04-29T22:35,2032-04-30T08:35,10,scheduled,,2032-04-29T22:35,2032-05-24T23:20,1125000
RSCH-000513,JOB-001239,EVS360-018,IS200,inspection_and_service,Obukhovo,2032-05-18T11:20,2032-05-18T15:20,4,scheduled,,2032-05-17T18:50,2032-05-25T14:10,2675000
RSCH-000514,JOB-001959,EVS360-028,IS510,inspection_and_service,Obukhovo,2032-05-01T21:20,2032-05-02T07:20,10,scheduled,,2032-05-01T10:50,2032-05-25T20:10,1875000
RSCH-000515,JOB-000232,EVS360-004,IS200,inspection_and_service,Obukhovo,2032-05-17T21:50,2032-05-18T01:50,4,scheduled,,2032-05-17T21:50,2032-05-26T09:50,3425000
RSCH-000516,JOB-000305,EVS360-005,IS100,inspection_and_service,Obukhovo,2032-05-24T16:10,2032-05-24T18:10,2,scheduled,,2032-05-24T16:10,2032-05-26T10:10,3287500
RSCH-000517,JOB-001673,EVS360-024,IS200,inspection_and_service,Obukhovo,2032-05-18T13:50,2032-05-18T17:50,4,scheduled,,2032-05-17T21:20,2032-05-26T10:50,2150000
RSCH-000518,JOB-001745,EVS360-025,IS200,inspection_and_service,Obukhovo,2032-05-18T14:10,2032-05-18T18:10,4,scheduled,,2032-05-17T21:50,2032-05-26T11:20,2000000
RSCH-000519,JOB-002535,EVS360-036,IS100,inspection_and_service,Obukhovo,2032-05-25T14:10,2032-05-25T16:10,2,scheduled,,2032-05-25T14:10,2032-05-27T18:50,1337500
RSCH-000520,JOB-002245,EVS360-032,IS100,inspection_and_service,Obukhovo,2032-05-26T14:10,2032-05-26T16:10,2,scheduled,,2032-05-25T21:50,2032-05-28T08:50,1562500
RSCH-000521,JOB-000880,EVS360-013,IS100,inspection_and_service,Obukhovo,2032-05-25T22:35,2032-05-26T00:35,2,scheduled,,2032-05-25T22:35,2032-05-28T09:20,3137500
RSCH-000522,JOB-002390,EVS360-034,IS200,inspection_and_service,Obukhovo,2032-05-19T21:20,2032-05-20T01:20,4,scheduled,,2032-05-19T21:20,2032-05-28T09:35,1475000
RSCH-000523,JOB-002682,EVS360-038,IS200,inspection_and_service,Obukhovo,2032-05-21T08:10,2032-05-21T12:10,4,scheduled,,2032-05-20T14:10,2032-05-28T21:50,1225000
RSCH-000524,JOB-001168,EVS360-017,IS100,inspection_and_service,Obukhovo,2032-05-28T11:20,2032-05-28T13:20,2,scheduled,,2032-05-27T18:50,2032-05-29T12:50,2612500
RSCH-000525,JOB-000160,EVS360-003,IS200,inspection_and_service,Obukhovo,2032-05-21T09:50,2032-05-21T13:50,4,scheduled,,2032-05-21T09:50,2032-05-29T14:50,3550000
RSCH-000526,JOB-002318,EVS360-033,IS100,inspection_and_service,Obukhovo,2032-05-28T19:50,2032-05-28T21:50,2,scheduled,,2032-05-28T09:20,2032-05-29T21:20,1637500
RSCH-000527,JOB-002609,EVS360-037,IS100,inspection_and_service,Obukhovo,2032-05-28T21:20,2032-05-28T23:20,2,scheduled,,2032-05-28T10:50,2032-05-29T22:50,1212500
RSCH-000528,JOB-001669,EVS360-024,IS530,inspection_and_service,Obukhovo,,,36,unscheduled,no_depot_window_before_deadline,2032-02-21T15:20,2032-05-30T08:50,2100000
RSCH-000529,JOB-000808,EVS360-012,IS200,inspection_and_service,Obukhovo,2032-05-22T15:50,2032-05-22T19:50,4,scheduled,,2032-05-22T15:50,2032-05-30T12:35,3250000
RSCH-000530,JOB-002462,EVS360-035,IS200,inspection_and_service,Obukhovo,2032-05-22T08:35,2032-05-22T12:35,4,scheduled,,2032-05-22T08:35,2032-05-30T13:20,1325000
RSCH-000531,JOB-000087,EVS360-002,IS100,inspection_and_service,Obukhovo,2032-05-28T22:50,2032-05-29T00:50,2,scheduled,,2032-05-28T12:35,2032-05-30T16:50,3737500
RSCH-000532,JOB-002103,EVS360-030,IS100,inspection_and_service,Obukhovo,2032-05-28T17:20,2032-05-28T19:20,2,scheduled,,2032-05-28T17:20,2032-05-30T21:50,1687500
RSCH-000533,JOB-001530,EVS360-022,IS200,inspection_and_service,Obukhovo,2032-05-22T21:20,2032-05-23T01:20,4,scheduled,,2032-05-22T21:20,2032-05-31T09:35,2425000
RSCH-000534,JOB-001817,EVS360-026,IS200,inspection_and_service,Obukhovo,2032-05-22T22:50,2032-05-23T02:50,4,scheduled,,2032-05-22T22:50,2032-05-31T11:20,2150000
RSCH-000535,JOB-001024,EVS360-015,IS200,inspection_and_service,Obukhovo,2032-05-23T20:10,2032-05-24T00:10,4,scheduled,,2032-05-23T20:10,2032-06-01T08:35,2900000
RSCH-000536,JOB-001096,EVS360-016,IS100,inspection_and_service,Obukhovo,2032-05-30T14:10,2032-05-30T16:10,2,scheduled,,2032-05-30T14:10,2032-06-01T08:50,2887500
RSCH-000537,JOB-000377,EVS360-006,IS200,inspection_and_service,Obukhovo,2032-05-24T16:50,2032-05-24T20:50,4,scheduled,,2032-05-24T16:50,2032-06-01T13:20,3650000
RSCH-000538,JOB-001240,EVS360-018,IS100,inspection_and_service,Obukhovo,2032-05-31T17:20,2032-05-31T19:20,2,scheduled,,2032-05-31T08:10,2032-06-01T20:10,2687500
RSCH-000539,JOB-001385,EVS360-020,IS200,inspection_and_service,Obukhovo,2032-05-24T23:50,2032-05-25T03:50,4,scheduled,,2032-05-24T23:50,2032-06-02T12:10,2425000
RSCH-000540,JOB-001674,EVS360-024,IS100,inspection_and_service,Obukhovo,2032-05-31T20:50,2032-05-31T22:50,2,scheduled,,2032-05-31T10:10,2032-06-02T13:50,2162500
RSCH-000541,JOB-000233,EVS360-004,IS100,inspection_and_service,Obukhovo,2032-05-31T10:50,2032-05-31T12:50,2,scheduled,,2032-05-31T10:50,2032-06-02T14:10,3437500
RSCH-000542,JOB-001746,EVS360-025,IS100,inspection_and_service,Obukhovo,2032-05-31T21:20,2032-05-31T23:20,2,scheduled,,2032-05-31T10:50,2032-06-02T14:10,2012500
RSCH-000543,JOB-001889,EVS360-027,IS200,inspection_and_service,Obukhovo,2032-05-26T12:10,2032-05-26T16:10,4,scheduled,,2032-05-26T12:10,2032-06-03T08:50,2075000
RSCH-000544,JOB-000593,EVS360-009,IS200,inspection_and_service,Obukhovo,2032-05-25T20:50,2032-05-26T00:50,4,scheduled,,2032-05-25T20:50,2032-06-03T09:20,3275000
RSCH-000545,JOB-002032,EVS360-029,IS100,inspection_and_service,Obukhovo,2032-06-02T08:10,2032-06-02T10:10,2,scheduled,,2032-06-01T14:10,2032-06-03T19:20,1737500
RSCH-000546,JOB-001313,EVS360-019,IS100,inspection_and_service,Obukhovo,2032-06-01T20:35,2032-06-01T22:35,2,scheduled,,2032-06-01T20:35,2032-06-03T23:50,2712500
RSCH-000547,JOB-000450,EVS360-007,IS200,inspection_and_service,Obukhovo,2032-05-26T21:50,2032-05-27T01:50,4,scheduled,,2032-05-26T21:50,2032-06-04T09:50,3475000
RSCH-000548,JOB-000448,EVS360-007,IS520,inspection_and_service,Obukhovo,,,16,unscheduled,no_depot_window_before_deadline,2032-04-15T17:20,2032-06-04T09:50,3450000
RSCH-000549,JOB-001813,EVS360-026,IS530,inspection_and_service,Obukhovo,,,36,unscheduled,no_depot_window_before_deadline,2032-02-26T16:10,2032-06-04T10:10,2100000
RSCH-000550,JOB-002391,EVS360-034,IS100,inspection_and_service,Obukhovo,2032-06-02T10:10,2032-06-02T12:10,2,scheduled,,2032-06-02T10:10,2032-06-04T13:50,1487500
RSCH-000551,JOB-000522,EVS360-008,IS200,inspection_and_service,Obukhovo,2032-05-27T23:50,2032-05-28T03:50,4,scheduled,,2032-05-27T23:50,2032-06-04T20:50,3550000
RSCH-000552,JOB-002031,EVS360-029,IS510,inspection_and_service,Obukhovo,2032-05-12T00:10,2032-05-12T10:10,10,scheduled,,2032-05-11T11:50,2032-06-04T20:50,1725000
RSCH-000553,JOB-002683,EVS360-038,IS100,inspection_and_service,Obukhovo,2032-06-03T13:50,2032-06-03T15:50,2,scheduled,,2032-06-02T21:20,2032-06-05T08:35,1237500
RSCH-000554,JOB-000015,EVS360-001,IS200,inspection_and_service,Obukhovo,2032-05-27T20:50,2032-05-28T00:50,4,scheduled,,2032-05-27T20:50,2032-06-05T09:20,3725000
RSCH-000555,JOB-000161,EVS360-003,IS100,inspection_and_service,Obukhovo,2032-06-03T15:50,2032-06-03T17:50,2,scheduled,,2032-06-03T15:50,2032-06-05T20:35,3562500
RSCH-000556,JOB-000665,EVS360-010,IS200,inspection_and_service,Obukhovo,2032-05-29T09:50,2032-05-29T13:50,4,scheduled,,2032-05-29T09:50,2032-06-05T23:20,3400000
RSCH-000557,JOB-002756,EVS360-039,IS200,inspection_and_service,Obukhovo,2032-05-28T22:10,2032-05-29T02:10,4,scheduled,,2032-05-28T22:10,2032-06-06T10:10,1150000
RSCH-000558,JOB-000809,EVS360-012,IS100,inspection_and_service,Obukhovo,2032-06-04T22:35,2032-06-05T00:35,2,scheduled,,2032-06-04T22:35,2032-06-06T16:10,3262500
RSCH-000559,JOB-002463,EVS360-035,IS100,inspection_and_service,Obukhovo,2032-06-04T14:10,2032-06-04T16:10,2,scheduled,,2032-06-04T14:10,2032-06-06T18:50,1337500
RSCH-000560,JOB-001961,EVS360-028,IS200,inspection_and_service,Obukhovo,2032-05-30T20:50,2032-05-31T00:50,4,scheduled,,2032-05-30T10:10,2032-06-07T00:10,1900000
RSCH-000561,JOB-001531,EVS360-022,IS100,inspection_and_service,Obukhovo,2032-06-05T10:10,2032-06-05T12:10,2,scheduled,,2032-06-05T10:10,2032-06-07T13:50,2437500
RSCH-000562,JOB-001603,EVS360-023,IS100,inspection_and_service,Obukhovo,2032-06-05T10:50,2032-06-05T12:50,2,scheduled,,2032-06-05T10:50,2032-06-07T14:10,2412500
RSCH-000563,JOB-001818,EVS360-026,IS100,inspection_and_service,Obukhovo,2032-06-05T12:10,2032-06-05T14:10,2,scheduled,,2032-06-05T12:10,2032-06-07T15:50,2162500
RSCH-000564,JOB-001025,EVS360-015,IS100,inspection_and_service,Obukhovo,2032-06-06T08:50,2032-06-06T10:50,2,scheduled,,2032-06-06T08:50,2032-06-08T12:35,2912500
RSCH-000565,JOB-000378,EVS360-006,IS100,inspection_and_service,Obukhovo,2032-06-06T23:20,2032-06-07T01:20,2,scheduled,,2032-06-06T23:20,2032-06-08T17:20,3662500
RSCH-000566,JOB-000738,EVS360-011,IS100,inspection_and_service,Obukhovo,2032-06-07T08:50,2032-06-07T10:50,2,scheduled,,2032-06-06T15:20,2032-06-08T20:10,3087500
RSCH-000567,JOB-000737,EVS360-011,IS510,inspection_and_service,Obukhovo,2032-05-15T21:20,2032-05-16T07:20,10,scheduled,,2032-05-15T21:20,2032-06-09T12:35,3075000
RSCH-000568,JOB-001386,EVS360-020,IS100,inspection_and_service,Obukhovo,2032-06-07T12:50,2032-06-07T14:50,2,scheduled,,2032-06-07T12:50,2032-06-09T16:50,2437500
RSCH-000569,JOB-001459,EVS360-021,IS100,inspection_and_service,Obukhovo,2032-06-08T15:20,2032-06-08T17:20,2,scheduled,,2032-06-08T15:20,2032-06-10T09:35,2562500
RSCH-000570,JOB-001890,EVS360-027,IS100,inspection_and_service,Obukhovo,2032-06-08T18:50,2032-06-08T20:50,2,scheduled,,2032-06-08T08:50,2032-06-10T12:10,2087500
RSCH-000571,JOB-000594,EVS360-009,IS100,inspection_and_service,Obukhovo,2032-06-08T09:50,2032-06-08T11:50,2,scheduled,,2032-06-08T09:50,2032-06-10T13:20,3287500
RSCH-000572,JOB-000451,EVS360-007,IS100,inspection_and_service,Obukhovo,2032-06-09T10:50,2032-06-09T12:50,2,scheduled,,2032-06-09T10:50,2032-06-10T21:50,3487500
RSCH-000573,JOB-000954,EVS360-014,IS100,inspection_and_service,Obukhovo,2032-06-09T13:50,2032-06-09T15:50,2,scheduled,,2032-06-09T13:50,2032-06-11T08:35,2937500
RSCH-000574,JOB-002176,EVS360-031,IS100,inspection_and_service,Obukhovo,2032-06-09T22:35,2032-06-10T00:35,2,scheduled,,2032-06-09T12:10,2032-06-11T16:10,1737500
RSCH-000575,JOB-000523,EVS360-008,IS100,inspection_and_service,Obukhovo,2032-06-10T12:50,2032-06-10T14:50,2,scheduled,,2032-06-10T12:50,2032-06-12T00:10,3562500
RSCH-000576,JOB-000953,EVS360-014,IS510,inspection_and_service,Obukhovo,2032-05-22T16:50,2032-05-23T02:50,10,scheduled,,2032-05-18T18:50,2032-06-12T09:50,2925000
RSCH-000577,JOB-002610,EVS360-037,IS200,inspection_and_service,Obukhovo,2032-06-04T15:20,2032-06-04T19:20,4,scheduled,,2032-06-04T15:20,2032-06-12T12:10,1225000
RSCH-000578,JOB-000016,EVS360-001,IS100,inspection_and_service,Obukhovo,2032-06-10T09:50,2032-06-10T11:50,2,scheduled,,2032-06-10T09:50,2032-06-12T13:20,3737500
RSCH-000579,JOB-002175,EVS360-031,IS510,inspection_and_service,Obukhovo,2032-05-19T22:10,2032-05-20T08:10,10,scheduled,,2032-05-19T09:35,2032-06-12T18:50,1725000
RSCH-000580,JOB-000666,EVS360-010,IS100,inspection_and_service,Obukhovo,2032-06-11T15:50,2032-06-11T17:50,2,scheduled,,2032-06-11T15:50,2032-06-13T09:50,3412500
RSCH-000581,JOB-002104,EVS360-030,IS200,inspection_and_service,Obukhovo,2032-06-05T13:50,2032-06-05T17:50,4,scheduled,,2032-06-04T21:20,2032-06-13T10:50,1700000
RSCH-000582,JOB-002757,EVS360-039,IS100,inspection_and_service,Obukhovo,2032-06-11T11:20,2032-06-11T13:20,2,scheduled,,2032-06-11T11:20,2032-06-13T14:50,1162500
RSCH-000583,JOB-001962,EVS360-028,IS100,inspection_and_service,Obukhovo,2032-06-13T09:50,2032-06-13T11:50,2,scheduled,,2032-06-12T16:50,2032-06-14T11:50,1912500
RSCH-000584,JOB-001097,EVS360-016,IS200,inspection_and_service,Obukhovo,2032-06-06T09:20,2032-06-06T13:20,4,scheduled,,2032-06-06T09:20,2032-06-14T14:10,2900000
RSCH-000585,JOB-000307,EVS360-005,IS100,inspection_and_service,Obukhovo,2032-06-13T17:20,2032-06-13T19:20,2,scheduled,,2032-06-13T17:20,2032-06-15T21:50,3312500
RSCH-000586,JOB-002537,EVS360-036,IS100,inspection_and_service,Obukhovo,2032-06-15T17:20,2032-06-15T19:20,2,scheduled,,2032-06-15T08:10,2032-06-16T20:10,1362500
RSCH-000587,JOB-002033,EVS360-029,IS200,inspection_and_service,Obukhovo,2032-06-08T20:10,2032-06-09T00:10,4,scheduled,,2032-06-08T20:10,2032-06-17T08:35,1750000
RSCH-000588,JOB-002247,EVS360-032,IS100,inspection_and_service,Obukhovo,2032-06-15T15:20,2032-06-15T17:20,2,scheduled,,2032-06-15T15:20,2032-06-17T09:35,1587500
RSCH-000589,JOB-001314,EVS360-019,IS200,inspection_and_service,Obukhovo,2032-06-09T16:10,2032-06-09T20:10,4,scheduled,,2032-06-08T23:50,2032-06-17T12:50,2725000
RSCH-000590,JOB-000882,EVS360-013,IS100,inspection_and_service,Obukhovo,2032-06-16T08:35,2032-06-16T10:35,2,scheduled,,2032-06-15T14:50,2032-06-17T19:50,3162500
RSCH-000591,JOB-002246,EVS360-032,IS510,inspection_and_service,Obukhovo,2032-05-27T16:10,2032-05-28T02:10,10,scheduled,,2032-05-24T20:10,2032-06-18T11:20,1575000
RSCH-000592,JOB-002684,EVS360-038,IS200,inspection_and_service,Obukhovo,2032-06-10T08:50,2032-06-10T12:50,4,scheduled,,2032-06-10T08:50,2032-06-18T13:50,1250000
RSCH-000593,JOB-001170,EVS360-017,IS100,inspection_and_service,Obukhovo,2032-06-17T12:10,2032-06-17T14:10,2,scheduled,,2032-06-16T19:50,2032-06-18T23:20,2637500
RSCH-000594,JOB-000162,EVS360-003,IS200,inspection_and_service,Obukhovo,2032-06-11T12:35,2032-06-11T16:35,4,scheduled,,2032-06-10T20:10,2032-06-19T09:20,3575000
RSCH-000595,JOB-001953,EVS360-028,IS540,inspection_and_service,Obukhovo,,,56,unscheduled,no_depot_window_before_deadline,2032-01-05T00:00,2032-06-19T11:20,1800000
RSCH-000596,JOB-002320,EVS360-033,IS100,inspection_and_service,Obukhovo,2032-06-17T20:35,2032-06-17T22:35,2,scheduled,,2032-06-17T09:50,2032-06-19T13:20,1662500
RSCH-000597,JOB-002611,EVS360-037,IS100,inspection_and_service,Obukhovo,2032-06-17T22:10,2032-06-18T00:10,2,scheduled,,2032-06-17T22:10,2032-06-19T15:20,1237500
RSCH-000598,JOB-000810,EVS360-012,IS200,inspection_and_service,Obukhovo,2032-06-12T19:50,2032-06-12T23:50,4,scheduled,,2032-06-12T09:20,2032-06-19T22:50,3275000
RSCH-000599,JOB-001169,EVS360-017,IS510,inspection_and_service,Obukhovo,2032-05-31T16:50,2032-06-01T02:50,10,scheduled,,2032-05-26T16:10,2032-06-20T08:35,2625000
RSCH-000600,JOB-000089,EVS360-002,IS100,inspection_and_service,Obukhovo,2032-06-17T23:50,2032-06-18T01:50,2,scheduled,,2032-06-17T23:50,2032-06-20T10:50,3762500
RSCH-000601,JOB-002105,EVS360-030,IS100,inspection_and_service,Obukhovo,2032-06-18T20:50,2032-06-18T22:50,2,scheduled,,2032-06-18T10:10,2032-06-20T13:50,1712500
RSCH-000602,JOB-001532,EVS360-022,IS200,inspection_and_service,Obukhovo,2032-06-12T23:50,2032-06-13T03:50,4,scheduled,,2032-06-12T13:20,2032-06-20T20:50,2450000
RSCH-000603,JOB-001604,EVS360-023,IS200,inspection_and_service,Obukhovo,2032-06-13T00:10,2032-06-13T04:10,4,scheduled,,2032-06-12T13:50,2032-06-20T21:20,2425000
RSCH-000604,JOB-001098,EVS360-016,IS100,inspection_and_service,Obukhovo,2032-06-19T15:20,2032-06-19T17:20,2,scheduled,,2032-06-19T15:20,2032-06-21T20:10,2912500
RSCH-000605,JOB-000739,EVS360-011,IS200,inspection_and_service,Obukhovo,2032-06-13T20:50,2032-06-14T00:50,4,scheduled,,2032-06-13T20:50,2032-06-22T09:20,3100000
RSCH-000606,JOB-001242,EVS360-018,IS100,inspection_and_service,Obukhovo,2032-06-20T18:50,2032-06-20T20:50,2,scheduled,,2032-06-20T08:50,2032-06-22T12:10,2712500
RSCH-000607,JOB-001676,EVS360-024,IS100,inspection_and_service,Obukhovo,2032-06-20T21:50,2032-06-20T23:50,2,scheduled,,2032-06-20T21:50,2032-06-22T14:50,2187500
RSCH-000608,JOB-001387,EVS360-020,IS200,inspection_and_service,Obukhovo,2032-06-15T09:50,2032-06-15T13:50,4,scheduled,,2032-06-14T16:50,2032-06-22T23:20,2450000
RSCH-000609,JOB-000235,EVS360-004,IS100,inspection_and_service,Obukhovo,2032-06-21T13:20,2032-06-21T15:20,2,scheduled,,2032-06-20T20:50,2032-06-23T08:10,3462500
RSCH-000610,JOB-001748,EVS360-025,IS100,inspection_and_service,Obukhovo,2032-06-20T22:10,2032-06-21T00:10,2,scheduled,,2032-06-20T22:10,2032-06-23T08:50,2037500
RSCH-000611,JOB-001460,EVS360-021,IS200,inspection_and_service,Obukhovo,2032-06-15T10:10,2032-06-15T14:10,4,scheduled,,2032-06-15T10:10,2032-06-23T15:20,2575000
RSCH-000612,JOB-001458,EVS360-021,IS520,inspection_and_service,Obukhovo,,,16,unscheduled,no_depot_window_before_deadline,2032-05-05T14:50,2032-06-23T15:20,2550000
RSCH-000613,JOB-001675,EVS360-024,IS510,inspection_and_service,Obukhovo,2032-05-30T18:50,2032-05-31T04:50,10,scheduled,,2032-05-30T08:50,2032-06-23T17:20,2175000
RSCH-000614,JOB-000452,EVS360-007,IS200,inspection_and_service,Obukhovo,2032-06-17T00:10,2032-06-17T04:10,4,scheduled,,2032-06-16T13:50,2032-06-24T10:50,3500000
RSCH-000615,JOB-001747,EVS360-025,IS510,inspection_and_service,Obukhovo,2032-05-30T19:50,2032-05-31T05:50,10,scheduled,,2032-05-30T19:50,2032-06-24T10:50,2025000
RSCH-000616,JOB-002034,EVS360-029,IS100,inspection_and_service,Obukhovo,2032-06-22T08:50,2032-06-22T10:50,2,scheduled,,2032-06-22T08:50,2032-06-24T12:35,1762500
RSCH-000617,JOB-000955,EVS360-014,IS200,inspection_and_service,Obukhovo,2032-06-16T08:50,2032-06-16T12:50,4,scheduled,,2032-06-16T08:50,2032-06-24T13:50,2950000
RSCH-000618,JOB-001315,EVS360-019,IS100,inspection_and_service,Obukhovo,2032-06-22T22:50,2032-06-23T00:50,2,scheduled,,2032-06-22T12:35,2032-06-24T16:50,2737500
RSCH-000619,JOB-002177,EVS360-031,IS200,inspection_and_service,Obukhovo,2032-06-16T16:50,2032-06-16T20:50,4,scheduled,,2032-06-16T16:50,2032-06-24T22:50,1750000
RSCH-000620,JOB-002393,EVS360-034,IS100,inspection_and_service,Obukhovo,2032-06-23T12:50,2032-06-23T14:50,2,scheduled,,2032-06-22T20:35,2032-06-25T00:10,1512500
RSCH-000621,JOB-000524,EVS360-008,IS200,inspection_and_service,Obukhovo,2032-06-17T08:10,2032-06-17T12:10,4,scheduled,,2032-06-17T08:10,2032-06-25T12:50,3575000
RSCH-000622,JOB-002685,EVS360-038,IS100,inspection_and_service,Obukhovo,2032-06-23T14:50,2032-06-23T16:50,2,scheduled,,2032-06-23T14:50,2032-06-25T19:50,1262500
RSCH-000623,JOB-000163,EVS360-003,IS100,inspection_and_service,Obukhovo,2032-06-24T19:50,2032-06-24T21:50,2,scheduled,,2032-06-24T09:20,2032-06-26T12:35,3587500
RSCH-000624,JOB-000667,EVS360-010,IS200,inspection_and_service,Obukhovo,2032-06-18T10:50,2032-06-18T14:50,4,scheduled,,2032-06-18T10:50,2032-06-26T16:10,3425000
RSCH-000625,JOB-002465,EVS360-035,IS100,inspection_and_service,Obukhovo,2032-06-25T17:20,2032-06-25T19:20,2,scheduled,,2032-06-25T08:10,2032-06-26T20:10,1362500
RSCH-000626,JOB-002758,EVS360-039,IS200,inspection_and_service,Obukhovo,2032-06-19T08:10,2032-06-19T12:10,4,scheduled,,2032-06-18T14:10,2032-06-26T21:50,1175000
RSCH-000627,JOB-000811,EVS360-012,IS100,inspection_and_service,Obukhovo,2032-06-24T23:20,2032-06-25T01:20,2,scheduled,,2032-06-24T23:20,2032-06-27T10:10,3287500
RSCH-000628,JOB-001533,EVS360-022,IS100,inspection_and_service,Obukhovo,2032-06-26T12:50,2032-06-26T14:50,2,scheduled,,2032-06-25T20:35,2032-06-27T14:50,2462500
RSCH-000629,JOB-001820,EVS360-026,IS100,inspection_and_service,Obukhovo,2032-06-26T14:50,2032-06-26T16:50,2,scheduled,,2032-06-25T22:10,2032-06-27T16:50,2187500
RSCH-000630,JOB-001963,EVS360-028,IS200,inspection_and_service,Obukhovo,2032-06-19T21:50,2032-06-20T01:50,4,scheduled,,2032-06-19T11:20,2032-06-27T18:10,1925000
RSCH-000631,JOB-001605,EVS360-023,IS100,inspection_and_service,Obukhovo,2032-06-26T13:20,2032-06-26T15:20,2,scheduled,,2032-06-25T20:50,2032-06-28T08:10,2437500
RSCH-000632,JOB-001819,EVS360-026,IS510,inspection_and_service,Obukhovo,2032-06-07T15:50,2032-06-08T01:50,10,scheduled,,2032-06-04T10:10,2032-06-28T19:50,2175000
RSCH-000633,JOB-000740,EVS360-011,IS100,inspection_and_service,Obukhovo,2032-06-27T09:50,2032-06-27T11:50,2,scheduled,,2032-06-27T09:50,2032-06-28T20:50,3112500
RSCH-000634,JOB-001027,EVS360-015,IS100,inspection_and_service,Obukhovo,2032-06-27T11:50,2032-06-27T13:50,2,scheduled,,2032-06-26T19:20,2032-06-28T22:50,2937500
RSCH-000635,JOB-000308,EVS360-005,IS200,inspection_and_service,Obukhovo,2032-06-21T13:50,2032-06-21T17:50,4,scheduled,,2032-06-20T21:20,2032-06-29T10:50,3325000
RSCH-000636,JOB-000380,EVS360-006,IS100,inspection_and_service,Obukhovo,2032-06-27T00:10,2032-06-27T02:10,2,scheduled,,2032-06-27T00:10,2032-06-29T11:20,3687500
RSCH-000637,JOB-001026,EVS360-015,IS510,inspection_and_service,Obukhovo,2032-06-10T16:10,2032-06-11T02:10,10,scheduled,,2032-06-05T15:20,2032-06-30T08:10,2925000
RSCH-000638,JOB-002538,EVS360-036,IS200,inspection_and_service,Obukhovo,2032-06-22T12:10,2032-06-22T16:10,4,scheduled,,2032-06-22T12:10,2032-06-30T08:50,1375000
RSCH-000639,JOB-002536,EVS360-036,IS520,inspection_and_service,Obukhovo,,,16,unscheduled,no_depot_window_before_deadline,2032-05-12T08:35,2032-06-30T08:50,1350000
RSCH-000640,JOB-001388,EVS360-020,IS100,inspection_and_service,Obukhovo,2032-06-28T15:50,2032-06-28T17:50,2,scheduled,,2032-06-27T23:20,2032-06-30T09:50,2462500
RSCH-000641,JOB-000379,EVS360-006,IS510,inspection_and_service,Obukhovo,2032-06-05T21:50,2032-06-06T07:50,10,scheduled,,2032-06-05T21:50,2032-06-30T12:50,3675000
RSCH-000642,JOB-000596,EVS360-009,IS100,inspection_and_service,Obukhovo,2032-06-29T12:35,2032-06-29T14:35,2,scheduled,,2032-06-28T20:10,2032-06-30T14:10,3312500
RSCH-000643,JOB-002248,EVS360-032,IS200,inspection_and_service,Obukhovo,2032-06-23T12:10,2032-06-23T16:10,4,scheduled,,2032-06-22T19:50,2032-06-30T15:20,1600000
RSCH-000644,JOB-000883,EVS360-013,IS200,inspection_and_service,Obukhovo,2032-06-22T20:35,2032-06-23T00:35,4,scheduled,,2032-06-22T20:35,2032-06-30T16:10,3175000
RSCH-000645,JOB-000881,EVS360-013,IS520,inspection_and_service,Obukhovo,,,16,unscheduled,no_depot_window_before_deadline,2032-05-12T15:50,2032-06-30T16:10,3150000
RSCH-000646,JOB-001461,EVS360-021,IS100,inspection_and_service,Obukhovo,2032-06-28T16:10,2032-06-28T18:10,2,scheduled,,2032-06-28T16:10,2032-06-30T20:50,2587500
RSCH-000647,JOB-001892,EVS360-027,IS100,inspection_and_service,Obukhovo,2032-06-28T20:10,2032-06-28T22:10,2,scheduled,,2032-06-28T20:10,2032-06-30T23:20,2112500
RSCH-000648,JOB-000453,EVS360-007,IS100,inspection_and_service,Obukhovo,2032-06-30T13:20,2032-06-30T15:20,2,scheduled,,2032-06-29T20:50,2032-07-01T15:20,3512500
RSCH-000649,JOB-000956,EVS360-014,IS100,inspection_and_service,Obukhovo,2032-06-29T14:50,2032-06-29T16:50,2,scheduled,,2032-06-29T14:50,2032-07-01T19:50,2962500
RSCH-000650,JOB-002178,EVS360-031,IS100,inspection_and_service,Obukhovo,2032-06-29T23:20,2032-06-30T01:20,2,scheduled,,2032-06-29T23:20,2032-07-02T10:10,1762500
RSCH-000651,JOB-001171,EVS360-017,IS200,inspection_and_service,Obukhovo,2032-06-23T23:50,2032-06-24T03:50,4,scheduled,,2032-06-23T23:50,2032-07-02T12:10,2650000
RSCH-000652,JOB-000018,EVS360-001,IS100,inspection_and_service,Obukhovo,2032-07-01T12:35,2032-07-01T14:35,2,scheduled,,2032-06-30T20:10,2032-07-02T14:10,3762500
RSCH-000653,JOB-000525,EVS360-008,IS100,inspection_and_service,Obukhovo,2032-06-30T13:50,2032-06-30T15:50,2,scheduled,,2032-06-30T13:50,2032-07-02T18:10,3587500
RSCH-000654,JOB-002321,EVS360-033,IS200,inspection_and_service,Obukhovo,2032-06-24T14:10,2032-06-24T18:10,4,scheduled,,2032-06-24T14:10,2032-07-02T20:35,1675000
RSCH-000655,JOB-002319,EVS360-033,IS520,inspection_and_service,Obukhovo,,,16,unscheduled,no_depot_window_before_deadline,2032-05-14T20:10,2032-07-02T20:35,1650000
RSCH-000656,JOB-002612,EVS360-037,IS200,inspection_and_service,Obukhovo,2032-06-24T16:10,2032-06-24T20:10,4,scheduled,,2032-06-24T16:10,2032-07-02T22:10,1250000
RSCH-000657,JOB-000090,EVS360-002,IS200,inspection_and_service,Obukhovo,2032-06-25T20:50,2032-06-26T00:50,4,scheduled,,2032-06-25T10:10,2032-07-03T00:10,3775000
RSCH-000658,JOB-000088,EVS360-002,IS520,inspection_and_service,Obukhovo,,,16,unscheduled,no_depot_window_before_deadline,2032-05-14T23:50,2032-07-03T00:10,3750000
RSCH-000659,JOB-002759,EVS360-039,IS100,inspection_and_service,Obukhovo,2032-07-02T13:50,2032-07-02T15:50,2,scheduled,,2032-07-01T21:20,2032-07-03T15:50,1187500
RSCH-000660,JOB-000668,EVS360-010,IS100,inspection_and_service,Obukhovo,2032-07-01T16:50,2032-07-01T18:50,2,scheduled,,2032-07-01T16:50,2032-07-03T21:20,3437500
RSCH-000661,JOB-000731,EVS360-011,IS540,inspection_and_service,Obukhovo,,,56,unscheduled,no_depot_window_before_deadline,2032-01-05T00:00,2032-07-04T12:50,3000000
RSCH-000662,JOB-001964,EVS360-028,IS100,inspection_and_service,Obukhovo,2032-07-03T10:50,2032-07-03T12:50,2,scheduled,,2032-07-02T18:10,2032-07-04T21:50,1937500
RSCH-000663,JOB-001243,EVS360-018,IS200,inspection_and_service,Obukhovo,2032-06-27T12:50,2032-06-27T16:50,4,scheduled,,2032-06-27T12:50,2032-07-05T19:20,2725000
RSCH-000664,JOB-001677,EVS360-024,IS200,inspection_and_service,Obukhovo,2032-06-28T18:10,2032-06-28T22:10,4,scheduled,,2032-06-28T08:35,2032-07-05T21:50,2200000
RSCH-000665,JOB-000236,EVS360-004,IS200,inspection_and_service,Obukhovo,2032-06-28T08:35,2032-06-28T12:35,4,scheduled,,2032-06-28T08:35,2032-07-06T13:20,3475000
RSCH-000666,JOB-000234,EVS360-004,IS520,inspection_and_service,Obukhovo,,,16,unscheduled,no_depot_window_before_deadline,2032-05-17T21:50,2032-07-06T13:20,3450000
RSCH-000667,JOB-000309,EVS360-005,IS100,inspection_and_service,Obukhovo,2032-07-04T20:50,2032-07-04T22:50,2,scheduled,,2032-07-04T10:10,2032-07-06T13:50,3337500
RSCH-000668,JOB-001749,EVS360-025,IS200,inspection_and_service,Obukhovo,2032-06-28T18:50,2032-06-28T22:50,4,scheduled,,2032-06-28T08:50,2032-07-06T14:50,2050000
RSCH-000669,JOB-002539,EVS360-036,IS100,inspection_and_service,Obukhovo,2032-07-05T18:50,2032-07-05T20:50,2,scheduled,,2032-07-05T18:50,2032-07-07T12:10,1387500
RSCH-000670,JOB-002035,EVS360-029,IS200,inspection_and_service,Obukhovo,2032-06-29T22:35,2032-06-30T02:35,4,scheduled,,2032-06-29T12:10,2032-07-07T19:50,1775000
RSCH-000671,JOB-000884,EVS360-013,IS100,inspection_and_service,Obukhovo,2032-07-06T09:20,2032-07-06T11:20,2,scheduled,,2032-07-06T09:20,2032-07-07T20:35,3187500
RSCH-000672,JOB-002249,EVS360-032,IS100,inspection_and_service,Obukhovo,2032-07-05T16:10,2032-07-05T18:10,2,scheduled,,2032-07-05T16:10,2032-07-07T20:50,1612500
RSCH-000673,JOB-001316,EVS360-019,IS200,inspection_and_service,Obukhovo,2032-06-29T17:20,2032-06-29T21:20,4,scheduled,,2032-06-29T17:20,2032-07-07T23:20,2750000
RSCH-000674,JOB-002394,EVS360-034,IS200,inspection_and_service,Obukhovo,2032-06-30T08:10,2032-06-30T12:10,4,scheduled,,2032-06-30T08:10,2032-07-08T12:50,1525000
RSCH-000675,JOB-001172,EVS360-017,IS100,inspection_and_service,Obukhovo,2032-07-07T12:50,2032-07-07T14:50,2,scheduled,,2032-07-07T12:50,2032-07-09T16:50,2662500
RSCH-000676,JOB-002322,EVS360-033,IS100,inspection_and_service,Obukhovo,2032-07-07T21:20,2032-07-07T23:20,2,scheduled,,2032-07-07T21:20,2032-07-10T08:10,1687500
RSCH-000677,JOB-002466,EVS360-035,IS200,inspection_and_service,Obukhovo,2032-07-02T12:10,2032-07-02T16:10,4,scheduled,,2032-07-02T12:10,2032-07-10T08:50,1375000
RSCH-000678,JOB-002464,EVS360-035,IS520,inspection_and_service,Obukhovo,,,16,unscheduled,no_depot_window_before_deadline,2032-05-22T08:35,2032-07-10T08:50,1350000
RSCH-000679,JOB-002613,EVS360-037,IS100,inspection_and_service,Obukhovo,2032-07-07T22:50,2032-07-08T00:50,2,scheduled,,2032-07-07T22:50,2032-07-10T09:50,1262500
RSCH-000680,JOB-000091,EVS360-002,IS100,inspection_and_service,Obukhovo,2032-07-09T09:50,2032-07-09T11:50,2,scheduled,,2032-07-08T16:50,2032-07-10T11:50,3787500
RSCH-000681,JOB-002107,EVS360-030,IS100,inspection_and_service,Obukhovo,2032-07-08T21:50,2032-07-08T23:50,2,scheduled,,2032-07-08T21:50,2032-07-10T14:50,1737500
RSCH-000682,JOB-001821,EVS360-026,IS200,inspection_and_service,Obukhovo,2032-07-03T09:50,2032-07-03T13:50,4,scheduled,,2032-07-03T09:50,2032-07-10T23:20,2200000
RSCH-000683,JOB-001606,EVS360-023,IS200,inspection_and_service,Obukhovo,2032-07-03T08:35,2032-07-03T12:35,4,scheduled,,2032-07-03T08:35,2032-07-11T13:20,2450000
RSCH-000684,JOB-002106,EVS360-030,IS510,inspection_and_service,Obukhovo,2032-06-17T18:50,2032-06-18T04:50,10,scheduled,,2032-06-17T08:50,2032-07-11T17:20,1725000
RSCH-000685,JOB-001312,EVS360-019,IS530,inspection_and_service,Obukhovo,,,36,unscheduled,no_depot_window_before_deadline,2032-04-04T10:50,2032-07-11T22:10,2700000
RSCH-000686,JOB-000741,EVS360-011,IS200,inspection_and_service,Obukhovo,2032-07-04T23:20,2032-07-05T03:20,4,scheduled,,2032-07-04T12:50,2032-07-12T09:50,3125000
RSCH-000687,JOB-001028,EVS360-015,IS200,inspection_and_service,Obukhovo,2032-07-03T23:20,2032-07-04T03:20,4,scheduled,,2032-07-03T23:20,2032-07-12T11:50,2950000
RSCH-000688,JOB-001100,EVS360-016,IS100,inspection_and_service,Obukhovo,2032-07-10T18:50,2032-07-10T20:50,2,scheduled,,2032-07-10T08:50,2032-07-12T12:10,2937500
RSCH-000689,JOB-000381,EVS360-006,IS200,inspection_and_service,Obukhovo,2032-07-04T21:20,2032-07-05T01:20,4,scheduled,,2032-07-04T10:50,2032-07-12T17:20,3700000
RSCH-000690,JOB-001244,EVS360-018,IS100,inspection_and_service,Obukhovo,2032-07-10T20:10,2032-07-10T22:10,2,scheduled,,2032-07-10T20:10,2032-07-12T23:20,2737500
RSCH-000691,JOB-001678,EVS360-024,IS100,inspection_and_service,Obukhovo,2032-07-10T22:35,2032-07-11T00:35,2,scheduled,,2032-07-10T22:35,2032-07-13T09:20,2212500
RSCH-000692,JOB-001099,EVS360-016,IS510,inspection_and_service,Obukhovo,2032-06-19T17:20,2032-06-20T03:20,10,scheduled,,2032-06-18T22:50,2032-07-13T13:50,2925000
RSCH-000693,JOB-000237,EVS360-004,IS100,inspection_and_service,Obukhovo,2032-07-11T14:10,2032-07-11T16:10,2,scheduled,,2032-07-11T14:10,2032-07-13T18:50,3487500
RSCH-000694,JOB-001750,EVS360-025,IS100,inspection_and_service,Obukhovo,2032-07-12T08:10,2032-07-12T10:10,2,scheduled,,2032-07-11T14:10,2032-07-13T19:20,2062500
RSCH-000695,JOB-000597,EVS360-009,IS200,inspection_and_service,Obukhovo,2032-07-06T00:10,2032-07-06T04:10,4,scheduled,,2032-07-06T00:10,2032-07-13T21:20,3325000
RSCH-000696,JOB-001462,EVS360-021,IS200,inspection_and_service,Obukhovo,2032-07-06T12:50,2032-07-06T16:50,4,scheduled,,2032-07-05T20:35,2032-07-14T09:50,2600000
RSCH-000697,JOB-001893,EVS360-027,IS200,inspection_and_service,Obukhovo,2032-07-06T15:50,2032-07-06T19:50,4,scheduled,,2032-07-05T23:20,2032-07-14T12:35,2125000
RSCH-000698,JOB-002036,EVS360-029,IS100,inspection_and_service,Obukhovo,2032-07-13T11:50,2032-07-13T13:50,2,scheduled,,2032-07-12T19:20,2032-07-14T22:50,1787500
RSCH-000699,JOB-000957,EVS360-014,IS200,inspection_and_service,Obukhovo,2032-07-07T11:50,2032-07-07T15:50,4,scheduled,,2032-07-06T19:20,2032-07-15T08:35,2975000
RSCH-000700,JOB-001317,EVS360-019,IS100,inspection_and_service,Obukhovo,2032-07-12T23:50,2032-07-13T01:50,2,scheduled,,2032-07-12T23:50,2032-07-15T10:50,2762500
RSCH-000701,JOB-002179,EVS360-031,IS200,inspection_and_service,Obukhovo,2032-07-07T20:35,2032-07-08T00:35,4,scheduled,,2032-07-07T09:50,2032-07-15T16:10,1775000
RSCH-000702,JOB-002395,EVS360-034,IS100,inspection_and_service,Obukhovo,2032-07-13T13:50,2032-07-13T15:50,2,scheduled,,2032-07-13T13:50,2032-07-15T18:10,1537500
RSCH-000703,JOB-002687,EVS360-038,IS100,inspection_and_service,Obukhovo,2032-07-14T18:10,2032-07-14T20:10,2,scheduled,,2032-07-14T08:35,2032-07-15T20:35,1287500
RSCH-000704,JOB-000019,EVS360-001,IS200,inspection_and_service,Obukhovo,2032-07-08T00:10,2032-07-08T04:10,4,scheduled,,2032-07-08T00:10,2032-07-15T21:20,3775000
RSCH-000705,JOB-000017,EVS360-001,IS520,inspection_and_service,Obukhovo,,,16,unscheduled,no_depot_window_before_deadline,2032-05-27T20:50,2032-07-15T21:20,3750000
RSCH-000706,JOB-000165,EVS360-003,IS100,inspection_and_service,Obukhovo,2032-07-14T20:35,2032-07-14T22:35,2,scheduled,,2032-07-14T20:35,2032-07-16T13:20,3612500
RSCH-000707,JOB-002686,EVS360-038,IS510,inspection_and_service,Obukhovo,2032-06-24T16:50,2032-06-25T02:50,10,scheduled,,2032-06-22T12:50,2032-07-16T22:10,1275000
RSCH-000708,JOB-002467,EVS360-035,IS100,inspection_and_service,Obukhovo,2032-07-15T18:50,2032-07-15T20:50,2,scheduled,,2032-07-15T18:50,2032-07-17T12:10,1387500
RSCH-000709,JOB-000813,EVS360-012,IS100,inspection_and_service,Obukhovo,2032-07-16T09:20,2032-07-16T11:20,2,scheduled,,2032-07-15T16:10,2032-07-17T20:35,3312500
RSCH-000710,JOB-001535,EVS360-022,IS100,inspection_and_service,Obukhovo,2032-07-16T13:50,2032-07-16T15:50,2,scheduled,,2032-07-16T13:50,2032-07-18T08:35,2487500
RSCH-000711,JOB-001607,EVS360-023,IS100,inspection_and_service,Obukhovo,2032-07-16T14:10,2032-07-16T16:10,2,scheduled,,2032-07-16T14:10,2032-07-18T08:50,2462500
RSCH-000712,JOB-001822,EVS360-026,IS100,inspection_and_service,Obukhovo,2032-07-16T15:50,2032-07-16T17:50,2,scheduled,,2032-07-16T15:50,2032-07-18T09:50,2212500
RSCH-000713,JOB-001534,EVS360-022,IS510,inspection_and_service,Obukhovo,2032-06-28T16:50,2032-06-29T02:50,10,scheduled,,2032-06-24T18:50,2032-07-19T09:50,2475000
RSCH-000714,JOB-000742,EVS360-011,IS100,inspection_and_service,Obukhovo,2032-07-18T12:35,2032-07-18T14:35,2,scheduled,,2032-07-17T20:10,2032-07-19T14:10,3137500
RSCH-000715,JOB-001029,EVS360-015,IS100,inspection_and_service,Obukhovo,2032-07-17T12:35,2032-07-17T14:35,2,scheduled,,2032-07-17T12:35,2032-07-19T16:10,2962500
RSCH-000716,JOB-000310,EVS360-005,IS200,inspection_and_service,Obukhovo,2032-07-11T14:50,2032-07-11T18:50,4,scheduled,,2032-07-11T14:50,2032-07-19T20:50,3350000
RSCH-000717,JOB-000382,EVS360-006,IS100,inspection_and_service,Obukhovo,2032-07-18T10:10,2032-07-18T12:10,2,scheduled,,2032-07-17T17:20,2032-07-19T21:20,3712500
RSCH-000718,JOB-002540,EVS360-036,IS200,inspection_and_service,Obukhovo,2032-07-12T12:50,2032-07-12T16:50,4,scheduled,,2032-07-12T12:50,2032-07-20T19:20,1400000
RSCH-000719,JOB-001390,EVS360-020,IS100,inspection_and_service,Obukhovo,2032-07-18T16:50,2032-07-18T18:50,2,scheduled,,2032-07-18T16:50,2032-07-20T21:20,2487500
RSCH-000720,JOB-000598,EVS360-009,IS100,inspection_and_service,Obukhovo,2032-07-19T13:20,2032-07-19T15:20,2,scheduled,,2032-07-19T13:20,2032-07-21T08:10,3337500
RSCH-000721,JOB-000885,EVS360-013,IS200,inspection_and_service,Obukhovo,2032-07-13T22:50,2032-07-14T02:50,4,scheduled,,2032-07-13T12:35,2032-07-21T09:35,3200000
RSCH-000722,JOB-002250,EVS360-032,IS200,inspection_and_service,Obukhovo,2032-07-13T12:50,2032-07-13T16:50,4,scheduled,,2032-07-12T20:35,2032-07-21T09:50,1625000
RSCH-000723,JOB-001389,EVS360-020,IS510,inspection_and_service,Obukhovo,2032-06-28T17:50,2032-06-29T03:50,10,scheduled,,2032-06-26T21:20,2032-07-21T12:35,2475000
RSCH-000724,JOB-001463,EVS360-021,IS100,inspection_and_service,Obukhovo,2032-07-19T20:10,2032-07-19T22:10,2,scheduled,,2032-07-19T09:35,2032-07-21T12:50,2612500
RSCH-000725,JOB-001894,EVS360-027,IS100,inspection_and_service,Obukhovo,2032-07-19T22:35,2032-07-20T00:35,2,scheduled,,2032-07-19T12:10,2032-07-21T16:10,2137500
RSCH-000726,JOB-000455,EVS360-007,IS100,inspection_and_service,Obukhovo,2032-07-20T14:10,2032-07-20T16:10,2,scheduled,,2032-07-19T21:50,2032-07-22T08:50,3537500
RSCH-000727,JOB-000958,EVS360-014,IS100,inspection_and_service,Obukhovo,2032-07-20T18:10,2032-07-20T20:10,2,scheduled,,2032-07-20T08:35,2032-07-22T11:50,2987500
RSCH-000728,JOB-002180,EVS360-031,IS100,inspection_and_service,Obukhovo,2032-07-21T09:20,2032-07-21T11:20,2,scheduled,,2032-07-20T16:10,2032-07-22T20:35,1787500
RSCH-000729,JOB-001173,EVS360-017,IS200,inspection_and_service,Obukhovo,2032-07-15T09:50,2032-07-15T13:50,4,scheduled,,2032-07-14T16:50,2032-07-22T23:20,2675000
RSCH-000730,JOB-000020,EVS360-001,IS100,inspection_and_service,Obukhovo,2032-07-21T13:20,2032-07-21T15:20,2,scheduled,,2032-07-20T20:50,2032-07-23T08:10,3787500
RSCH-000731,JOB-000454,EVS360-007,IS510,inspection_and_service,Obukhovo,2032-07-01T15:20,2032-07-02T01:20,10,scheduled,,2032-06-28T19:20,2032-07-23T10:10,3525000
RSCH-000732,JOB-000527,EVS360-008,IS100,inspection_and_service,Obukhovo,2032-07-21T16:50,2032-07-21T18:50,2,scheduled,,2032-07-21T00:10,2032-07-23T10:50,3612500
RSCH-000733,JOB-002323,EVS360-033,IS200,inspection_and_service,Obukhovo,2032-07-15T17:20,2032-07-15T21:20,4,scheduled,,2032-07-15T08:10,2032-07-23T13:50,1700000
RSCH-000734,JOB-000092,EVS360-002,IS200,inspection_and_service,Obukhovo,2032-07-15T21:50,2032-07-16T01:50,4,scheduled,,2032-07-15T21:50,2032-07-23T18:10,3800000
RSCH-000735,JOB-000306,EVS360-005,IS530,inspection_and_service,Obukhovo,,,36,unscheduled,no_depot_window_before_deadline,2032-04-16T18:50,2032-07-23T20:10,3300000
RSCH-000736,JOB-002108,EVS360-030,IS200,inspection_and_service,Obukhovo,2032-07-16T18:10,2032-07-16T22:10,4,scheduled,,2032-07-16T08:35,2032-07-23T21:50,1750000
RSCH-000737,JOB-002761,EVS360-039,IS100,inspection_and_service,Obukhovo,2032-07-22T14:50,2032-07-22T16:50,2,scheduled,,2032-07-22T14:50,2032-07-24T09:20,1212500
RSCH-000738,JOB-000670,EVS360-010,IS100,inspection_and_service,Obukhovo,2032-07-22T20:35,2032-07-22T22:35,2,scheduled,,2032-07-22T09:50,2032-07-24T13:20,3462500
RSCH-000739,JOB-001966,EVS360-028,IS100,inspection_and_service,Obukhovo,2032-07-23T11:50,2032-07-23T13:50,2,scheduled,,2032-07-23T11:50,2032-07-25T15:20,1962500
RSCH-000740,JOB-001101,EVS360-016,IS200,inspection_and_service,Obukhovo,2032-07-17T12:50,2032-07-17T16:50,4,scheduled,,2032-07-17T12:50,2032-07-25T19:20,2950000
RSCH-000741,JOB-001245,EVS360-018,IS200,inspection_and_service,Obukhovo,2032-07-18T15:50,2032-07-18T19:50,4,scheduled,,2032-07-17T23:20,2032-07-26T12:35,2750000
RSCH-000742,JOB-000238,EVS360-004,IS200,inspection_and_service,Obukhovo,2032-07-19T11:20,2032-07-19T15:20,4,scheduled,,2032-07-18T18:50,2032-07-26T14:10,3500000
RSCH-000743,JOB-001679,EVS360-024,IS200,inspection_and_service,Obukhovo,2032-07-18T19:50,2032-07-18T23:50,4,scheduled,,2032-07-18T09:20,2032-07-26T15:20,2225000
RSCH-000744,JOB-000311,EVS360-005,IS100,inspection_and_service,Obukhovo,2032-07-24T21:50,2032-07-24T23:50,2,scheduled,,2032-07-24T21:50,2032-07-27T08:35,3362500
RSCH-000745,JOB-001751,EVS360-025,IS200,inspection_and_service,Obukhovo,2032-07-18T20:10,2032-07-19T00:10,4,scheduled,,2032-07-18T20:10,2032-07-27T08:35,2075000
RSCH-000746,JOB-002541,EVS360-036,IS100,inspection_and_service,Obukhovo,2032-07-25T20:10,2032-07-25T22:10,2,scheduled,,2032-07-25T20:10,2032-07-27T23:20,1412500
RSCH-000747,JOB-002251,EVS360-032,IS100,inspection_and_service,Obukhovo,2032-07-26T20:10,2032-07-26T22:10,2,scheduled,,2032-07-26T09:35,2032-07-28T12:50,1637500
RSCH-000748,JOB-000886,EVS360-013,IS100,inspection_and_service,Obukhovo,2032-07-26T10:10,2032-07-26T12:10,2,scheduled,,2032-07-26T10:10,2032-07-28T13:50,3212500
RSCH-000749,JOB-002396,EVS360-034,IS200,inspection_and_service,Obukhovo,2032-07-21T10:50,2032-07-21T14:50,4,scheduled,,2032-07-20T18:10,2032-07-28T13:50,1550000
RSCH-000750,JOB-002688,EVS360-038,IS200,inspection_and_service,Obukhovo,2032-07-21T12:35,2032-07-21T16:35,4,scheduled,,2032-07-21T12:35,2032-07-29T09:20,1300000
RSCH-000751,JOB-000166,EVS360-003,IS200,inspection_and_service,Obukhovo,2032-07-22T16:10,2032-07-22T20:10,4,scheduled,,2032-07-21T23:50,2032-07-29T20:35,3625000
RSCH-000752,JOB-001174,EVS360-017,IS100,inspection_and_service,Obukhovo,2032-07-28T15:50,2032-07-28T17:50,2,scheduled,,2032-07-27T23:20,2032-07-30T09:50,2687500
RSCH-000753,JOB-001241,EVS360-018,IS530,inspection_and_service,Obukhovo,,,36,unscheduled,no_depot_window_before_deadline,2032-04-23T09:35,2032-07-30T10:10,2700000
RSCH-000754,JOB-002324,EVS360-033,IS100,inspection_and_service,Obukhovo,2032-07-28T23:50,2032-07-29T01:50,2,scheduled,,2032-07-28T13:20,2032-07-30T18:10,1712500
RSCH-000755,JOB-002468,EVS360-035,IS200,inspection_and_service,Obukhovo,2032-07-22T12:50,2032-07-22T16:50,4,scheduled,,2032-07-22T12:50,2032-07-30T19:20,1400000
RSCH-000756,JOB-002615,EVS360-037,IS100,inspection_and_service,Obukhovo,2032-07-29T08:50,2032-07-29T10:50,2,scheduled,,2032-07-28T15:20,2032-07-30T20:10,1287500
RSCH-000757,JOB-000093,EVS360-002,IS100,inspection_and_service,Obukhovo,2032-07-29T10:50,2032-07-29T12:50,2,scheduled,,2032-07-28T18:10,2032-07-30T21:50,3812500
RSCH-000758,JOB-002109,EVS360-030,IS100,inspection_and_service,Obukhovo,2032-07-30T00:10,2032-07-30T02:10,2,scheduled,,2032-07-29T13:50,2032-07-31T09:20,1762500
RSCH-000759,JOB-000814,EVS360-012,IS200,inspection_and_service,Obukhovo,2032-07-22T21:20,2032-07-23T01:20,4,scheduled,,2032-07-22T21:20,2032-07-31T09:35,3325000
RSCH-000760,JOB-001536,EVS360-022,IS200,inspection_and_service,Obukhovo,2032-07-23T08:50,2032-07-23T12:50,4,scheduled,,2032-07-23T08:50,2032-07-31T13:50,2500000
RSCH-000761,JOB-001823,EVS360-026,IS200,inspection_and_service,Obukhovo,2032-07-23T10:50,2032-07-23T14:50,4,scheduled,,2032-07-23T10:50,2032-07-31T16:10,2225000
RSCH-000762,JOB-002614,EVS360-037,IS510,inspection_and_service,Obukhovo,2032-07-08T00:50,2032-07-08T10:50,10,scheduled,,2032-07-07T12:35,2032-07-31T21:50,1275000
RSCH-000763,JOB-002392,EVS360-034,IS530,inspection_and_service,Obukhovo,,,36,unscheduled,no_depot_window_before_deadline,2032-04-25T12:10,2032-08-01T22:10,1500000
RSCH-000764,JOB-001030,EVS360-015,IS200,inspection_and_service,Obukhovo,2032-07-25T09:20,2032-07-25T13:20,4,scheduled,,2032-07-24T16:10,2032-08-01T22:50,2975000
RSCH-000765,JOB-001102,EVS360-016,IS100,inspection_and_service,Obukhovo,2032-07-30T20:10,2032-07-30T22:10,2,scheduled,,2032-07-30T20:10,2032-08-01T23:20,2962500
RSCH-000766,JOB-000383,EVS360-006,IS200,inspection_and_service,Obukhovo,2032-07-24T22:10,2032-07-25T02:10,4,scheduled,,2032-07-24T22:10,2032-08-02T10:10,3725000
RSCH-000767,JOB-001246,EVS360-018,IS100,inspection_and_service,Obukhovo,2032-07-31T22:35,2032-08-01T00:35,2,scheduled,,2032-07-31T12:10,2032-08-02T16:10,2762500
RSCH-000768,JOB-001680,EVS360-024,IS100,inspection_and_service,Obukhovo,2032-08-01T08:35,2032-08-01T10:35,2,scheduled,,2032-07-31T14:50,2032-08-02T19:50,2237500
RSCH-000769,JOB-001752,EVS360-025,IS100,inspection_and_service,Obukhovo,2032-08-01T08:50,2032-08-01T10:50,2,scheduled,,2032-08-01T08:50,2032-08-02T20:10,2087500
RSCH-000770,JOB-000239,EVS360-004,IS100,inspection_and_service,Obukhovo,2032-08-01T17:20,2032-08-01T19:20,2,scheduled,,2032-08-01T08:10,2032-08-02T20:10,3512500
RSCH-000771,JOB-001391,EVS360-020,IS200,inspection_and_service,Obukhovo,2032-07-26T13:20,2032-07-26T17:20,4,scheduled,,2032-07-25T20:50,2032-08-03T10:10,2500000
RSCH-000772,JOB-000599,EVS360-009,IS200,inspection_and_service,Obukhovo,2032-07-26T08:35,2032-07-26T12:35,4,scheduled,,2032-07-26T08:35,2032-08-03T13:20,3350000
RSCH-000773,JOB-001895,EVS360-027,IS200,inspection_and_service,Obukhovo,2032-07-26T16:50,2032-07-26T20:50,4,scheduled,,2032-07-26T16:50,2032-08-03T22:50,2150000
RSCH-000774,JOB-002038,EVS360-029,IS100,inspection_and_service,Obukhovo,2032-08-02T12:35,2032-08-02T14:35,2,scheduled,,2032-08-02T12:35,2032-08-03T23:50,1812500
RSCH-000775,JOB-001319,EVS360-019,IS100,inspection_and_service,Obukhovo,2032-08-03T09:50,2032-08-03T11:50,2,scheduled,,2032-08-02T16:50,2032-08-04T11:50,2787500
RSCH-000776,JOB-000456,EVS360-007,IS200,inspection_and_service,Obukhovo,2032-07-27T09:20,2032-07-27T13:20,4,scheduled,,2032-07-27T09:20,2032-08-04T14:10,3550000
RSCH-000777,JOB-002397,EVS360-034,IS100,inspection_and_service,Obukhovo,2032-08-03T16:50,2032-08-03T18:50,2,scheduled,,2032-08-03T00:10,2032-08-04T19:50,1562500
RSCH-000778,JOB-002689,EVS360-038,IS100,inspection_and_service,Obukhovo,2032-08-03T19:50,2032-08-03T21:50,2,scheduled,,2032-08-03T19:50,2032-08-05T12:35,1312500
RSCH-000779,JOB-000021,EVS360-001,IS200,inspection_and_service,Obukhovo,2032-07-28T08:35,2032-07-28T12:35,4,scheduled,,2032-07-28T08:35,2032-08-05T13:20,3800000
RSCH-000780,JOB-001318,EVS360-019,IS510,inspection_and_service,Obukhovo,2032-07-11T22:10,2032-07-12T08:10,10,scheduled,,2032-07-11T22:10,2032-08-05T13:20,2775000
RSCH-000781,JOB-000528,EVS360-008,IS200,inspection_and_service,Obukhovo,2032-07-28T11:50,2032-07-28T15:50,4,scheduled,,2032-07-28T11:50,2032-08-05T17:20,3625000
RSCH-000782,JOB-000167,EVS360-003,IS100,inspection_and_service,Obukhovo,2032-08-04T22:50,2032-08-05T00:50,2,scheduled,,2032-08-04T12:35,2032-08-06T08:10,3637500
RSCH-000783,JOB-002762,EVS360-039,IS200,inspection_and_service,Obukhovo,2032-07-29T09:50,2032-07-29T13:50,4,scheduled,,2032-07-29T09:50,2032-08-06T14:50,1225000
RSCH-000784,JOB-000671,EVS360-010,IS200,inspection_and_service,Obukhovo,2032-07-29T14:10,2032-07-29T18:10,4,scheduled,,2032-07-29T14:10,2032-08-06T20:35,3475000
RSCH-000785,JOB-000669,EVS360-010,IS520,inspection_and_service,Obukhovo,,,16,unscheduled,no_depot_window_before_deadline,2032-06-18T10:50,2032-08-06T20:35,3450000
RSCH-000786,JOB-002469,EVS360-035,IS100,inspection_and_service,Obukhovo,2032-08-04T20:10,2032-08-04T22:10,2,scheduled,,2032-08-04T20:10,2032-08-06T23:20,1412500
RSCH-000787,JOB-000595,EVS360-009,IS530,inspection_and_service,Obukhovo,,,36,unscheduled,no_depot_window_before_deadline,2032-05-01T11:50,2032-08-07T12:35,3300000
RSCH-000788,JOB-000815,EVS360-012,IS100,inspection_and_service,Obukhovo,2032-08-05T10:10,2032-08-05T12:10,2,scheduled,,2032-08-05T10:10,2032-08-07T13:50,3337500
RSCH-000789,JOB-001537,EVS360-022,IS100,inspection_and_service,Obukhovo,2032-08-05T14:50,2032-08-05T16:50,2,scheduled,,2032-08-05T14:50,2032-08-07T19:50,2512500
RSCH-000790,JOB-001609,EVS360-023,IS100,inspection_and_service,Obukhovo,2032-08-06T17:20,2032-08-06T19:20,2,scheduled,,2032-08-06T08:10,2032-08-07T20:10,2487500
RSCH-000791,JOB-001824,EVS360-026,IS100,inspection_and_service,Obukhovo,2032-08-05T16:50,2032-08-05T18:50,2,scheduled,,2032-08-05T16:50,2032-08-07T21:20,2237500
RSCH-000792,JOB-001891,EVS360-027,IS530,inspection_and_service,Obukhovo,,,36,unscheduled,no_depot_window_before_deadline,2032-05-01T10:10,2032-08-07T21:50,2100000
RSCH-000793,JOB-001967,EVS360-028,IS200,inspection_and_service,Obukhovo,2032-07-31T08:35,2032-07-31T12:35,4,scheduled,,2032-07-30T14:50,2032-08-07T22:10,1975000
RSCH-000794,JOB-001965,EVS360-028,IS520,inspection_and_service,Obukhovo,,,16,unscheduled,no_depot_window_before_deadline,2032-06-19T11:20,2032-08-07T22:10,1950000
RSCH-000795,JOB-001608,EVS360-023,IS510,inspection_and_service,Obukhovo,2032-07-17T16:10,2032-07-18T02:10,10,scheduled,,2032-07-15T12:35,2032-08-08T21:50,2475000
RSCH-000796,JOB-000744,EVS360-011,IS100,inspection_and_service,Obukhovo,2032-08-07T13:20,2032-08-07T15:20,2,scheduled,,2032-08-06T20:50,2032-08-09T08:10,3162500
RSCH-000797,JOB-001031,EVS360-015,IS100,inspection_and_service,Obukhovo,2032-08-07T15:20,2032-08-07T17:20,2,scheduled,,2032-08-06T22:50,2032-08-09T09:35,2987500
RSCH-000798,JOB-000384,EVS360-006,IS100,inspection_and_service,Obukhovo,2032-08-07T11:20,2032-08-07T13:20,2,scheduled,,2032-08-07T11:20,2032-08-09T14:50,3737500
RSCH-000799,JOB-001392,EVS360-020,IS100,inspection_and_service,Obukhovo,2032-08-08T20:35,2032-08-08T22:35,2,scheduled,,2032-08-08T09:50,2032-08-09T22:10,2512500
RSCH-000800,JOB-000600,EVS360-009,IS100,inspection_and_service,Obukhovo,2032-08-08T14:10,2032-08-08T16:10,2,scheduled,,2032-08-08T14:10,2032-08-10T18:50,3362500
RSCH-000801,JOB-001465,EVS360-021,IS100,inspection_and_service,Obukhovo,2032-08-08T20:50,2032-08-08T22:50,2,scheduled,,2032-08-08T20:50,2032-08-11T00:10,2637500
RSCH-000802,JOB-001896,EVS360-027,IS100,inspection_and_service,Obukhovo,2032-08-08T23:20,2032-08-09T01:20,2,scheduled,,2032-08-08T23:20,2032-08-11T10:10,2162500
RSCH-000803,JOB-001464,EVS360-021,IS510,inspection_and_service,Obukhovo,2032-07-18T17:20,2032-07-19T03:20,10,scheduled,,2032-07-18T08:10,2032-08-11T16:10,2625000
RSCH-000804,JOB-000457,EVS360-007,IS100,inspection_and_service,Obukhovo,2032-08-09T15:20,2032-08-09T17:20,2,scheduled,,2032-08-09T15:20,2032-08-11T20:10,3562500
RSCH-000805,JOB-002182,EVS360-031,IS100,inspection_and_service,Obukhovo,2032-08-10T10:10,2032-08-10T12:10,2,scheduled,,2032-08-10T10:10,2032-08-11T21:20,1812500
RSCH-000806,JOB-000960,EVS360-014,IS100,inspection_and_service,Obukhovo,2032-08-09T19:50,2032-08-09T21:50,2,scheduled,,2032-08-09T19:50,2032-08-11T22:50,3012500
RSCH-000807,JOB-000022,EVS360-001,IS100,inspection_and_service,Obukhovo,2032-08-10T14:10,2032-08-10T16:10,2,scheduled,,2032-08-10T14:10,2032-08-12T18:50,3812500
RSCH-000808,JOB-000529,EVS360-008,IS100,inspection_and_service,Obukhovo,2032-08-10T18:10,2032-08-10T20:10,2,scheduled,,2032-08-10T18:10,2032-08-12T22:10,3637500
RSCH-000809,JOB-002616,EVS360-037,IS200,inspection_and_service,Obukhovo,2032-08-04T20:50,2032-08-05T00:50,4,scheduled,,2032-08-04T20:50,2032-08-13T09:20,1300000
RSCH-000810,JOB-002110,EVS360-030,IS200,inspection_and_service,Obukhovo,2032-08-05T19:50,2032-08-05T23:50,4,scheduled,,2032-08-05T09:20,2032-08-13T15:20,1775000
RSCH-000811,JOB-002763,EVS360-039,IS100,inspection_and_service,Obukhovo,2032-08-11T15:50,2032-08-11T17:50,2,scheduled,,2032-08-11T15:50,2032-08-13T20:35,1237500
RSCH-000812,JOB-000672,EVS360-010,IS100,inspection_and_service,Obukhovo,2032-08-11T21:20,2032-08-11T23:20,2,scheduled,,2032-08-11T21:20,2032-08-14T08:10,3487500
RSCH-000813,JOB-001968,EVS360-028,IS100,inspection_and_service,Obukhovo,2032-08-13T14:10,2032-08-13T16:10,2,scheduled,,2032-08-12T21:50,2032-08-15T08:50,1987500
RSCH-000814,JOB-001103,EVS360-016,IS200,inspection_and_service,Obukhovo,2032-08-07T15:50,2032-08-07T19:50,4,scheduled,,2032-08-06T23:20,2032-08-15T12:35,2975000
RSCH-000815,JOB-000313,EVS360-005,IS100,inspection_and_service,Obukhovo,2032-08-15T00:10,2032-08-15T02:10,2,scheduled,,2032-08-14T13:50,2032-08-16T18:50,3387500
RSCH-000816,JOB-000312,EVS360-005,IS510,inspection_and_service,Obukhovo,2032-07-23T20:10,2032-07-24T06:10,10,scheduled,,2032-07-23T20:10,2032-08-17T11:20,3375000
RSCH-000817,JOB-002039,EVS360-029,IS200,inspection_and_service,Obukhovo,2032-08-10T09:20,2032-08-10T13:20,4,scheduled,,2032-08-09T16:10,2032-08-17T12:35,1825000
RSCH-000818,JOB-002543,EVS360-036,IS100,inspection_and_service,Obukhovo,2032-08-15T22:35,2032-08-16T00:35,2,scheduled,,2032-08-15T12:10,2032-08-17T16:10,1437500
RSCH-000819,JOB-001320,EVS360-019,IS200,inspection_and_service,Obukhovo,2032-08-09T21:50,2032-08-10T01:50,4,scheduled,,2032-08-09T21:50,2032-08-17T18:10,2800000
RSCH-000820,JOB-002253,EVS360-032,IS100,inspection_and_service,Obukhovo,2032-08-15T20:50,2032-08-15T22:50,2,scheduled,,2032-08-15T20:50,2032-08-18T00:10,1662500
RSCH-000821,JOB-000888,EVS360-013,IS100,inspection_and_service,Obukhovo,2032-08-16T12:50,2032-08-16T14:50,2,scheduled,,2032-08-15T20:35,2032-08-18T00:10,3237500
RSCH-000822,JOB-002542,EVS360-036,IS510,inspection_and_service,Obukhovo,2032-07-25T22:10,2032-07-26T08:10,10,scheduled,,2032-07-25T09:35,2032-08-18T18:50,1425000
RSCH-000823,JOB-002524,EVS360-036,IS600,revision,Obukhovo,,,384,unscheduled,no_depot_window_before_deadline,2032-01-05T00:00,2032-08-18T18:50,1200000
RSCH-000824,JOB-002690,EVS360-038,IS200,inspection_and_service,Obukhovo,2032-08-10T13:20,2032-08-10T17:20,4,scheduled,,2032-08-10T13:20,2032-08-18T19:50,1325000
RSCH-000825,JOB-000887,EVS360-013,IS510,inspection_and_service,Obukhovo,2032-07-29T15:50,2032-07-30T01:50,10,scheduled,,2032-07-25T17:20,2032-08-19T09:20,3225000
RSCH-000826,JOB-001176,EVS360-017,IS100,inspection_and_service,Obukhovo,2032-08-17T16:50,2032-08-17T18:50,2,scheduled,,2032-08-17T16:50,2032-08-19T10:50,2712500
RSCH-000827,JOB-000168,EVS360-003,IS200,inspection_and_service,Obukhovo,2032-08-11T17:20,2032-08-11T21:20,4,scheduled,,2032-08-11T08:10,2032-08-19T13:50,3650000
RSCH-000828,JOB-002326,EVS360-033,IS100,inspection_and_service,Obukhovo,2032-08-18T08:10,2032-08-18T10:10,2,scheduled,,2032-08-18T08:10,2032-08-20T11:50,1737500
RSCH-000829,JOB-002617,EVS360-037,IS100,inspection_and_service,Obukhovo,2032-08-18T09:50,2032-08-18T11:50,2,scheduled,,2032-08-18T09:50,2032-08-20T13:20,1312500
RSCH-000830,JOB-000095,EVS360-002,IS100,inspection_and_service,Obukhovo,2032-08-18T11:50,2032-08-18T13:50,2,scheduled,,2032-08-18T11:50,2032-08-20T15:20,3837500
RSCH-000831,JOB-002111,EVS360-030,IS100,inspection_and_service,Obukhovo,2032-08-19T08:35,2032-08-19T10:35,2,scheduled,,2032-08-18T14:50,2032-08-20T19:50,1787500
RSCH-000832,JOB-000816,EVS360-012,IS200,inspection_and_service,Obukhovo,2032-08-12T23:50,2032-08-13T03:50,4,scheduled,,2032-08-12T13:20,2032-08-20T20:50,3350000
RSCH-000833,JOB-002325,EVS360-033,IS510,inspection_and_service,Obukhovo,2032-07-27T22:10,2032-07-28T08:10,10,scheduled,,2032-07-27T11:50,2032-08-20T20:50,1725000
RSCH-000834,JOB-001538,EVS360-022,IS200,inspection_and_service,Obukhovo,2032-08-13T11:50,2032-08-13T15:50,4,scheduled,,2032-08-12T19:20,2032-08-21T08:35,2525000
RSCH-000835,JOB-001610,EVS360-023,IS200,inspection_and_service,Obukhovo,2032-08-13T12:10,2032-08-13T16:10,4,scheduled,,2032-08-13T12:10,2032-08-21T08:50,2500000
RSCH-000836,JOB-000094,EVS360-002,IS510,inspection_and_service,Obukhovo,2032-08-01T16:10,2032-08-02T02:10,10,scheduled,,2032-07-28T08:50,2032-08-21T17:20,3825000
RSCH-000837,JOB-000076,EVS360-002,IS600,revision,Obukhovo,,,384,unscheduled,no_depot_window_before_deadline,2032-01-05T00:00,2032-08-21T17:20,3600000
RSCH-000838,JOB-000745,EVS360-011,IS200,inspection_and_service,Obukhovo,2032-08-14T08:35,2032-08-14T12:35,4,scheduled,,2032-08-14T08:35,2032-08-22T13:20,3175000
RSCH-000839,JOB-000743,EVS360-011,IS520,inspection_and_service,Obukhovo,,,16,unscheduled,no_depot_window_before_deadline,2032-07-04T12:50,2032-08-22T13:20,3150000
RSCH-000840,JOB-001104,EVS360-016,IS100,inspection_and_service,Obukhovo,2032-08-20T22:35,2032-08-21T00:35,2,scheduled,,2032-08-20T12:10,2032-08-22T16:10,2987500
RSCH-000841,JOB-001248,EVS360-018,IS100,inspection_and_service,Obukhovo,2032-08-20T23:20,2032-08-21T01:20,2,scheduled,,2032-08-20T23:20,2032-08-23T10:10,2787500
RSCH-000842,JOB-001393,EVS360-020,IS200,inspection_and_service,Obukhovo,2032-08-15T14:10,2032-08-15T18:10,4,scheduled,,2032-08-15T14:10,2032-08-23T11:20,2525000
RSCH-000843,JOB-000241,EVS360-004,IS100,inspection_and_service,Obukhovo,2032-08-21T18:50,2032-08-21T20:50,2,scheduled,,2032-08-21T18:50,2032-08-23T12:10,3537500
RSCH-000844,JOB-001682,EVS360-024,IS100,inspection_and_service,Obukhovo,2032-08-21T09:20,2032-08-21T11:20,2,scheduled,,2032-08-21T09:20,2032-08-23T12:50,2262500
RSCH-000845,JOB-001754,EVS360-025,IS100,inspection_and_service,Obukhovo,2032-08-22T11:50,2032-08-22T13:50,2,scheduled,,2032-08-21T19:20,2032-08-23T13:20,2112500
RSCH-000846,JOB-001247,EVS360-018,IS510,inspection_and_service,Obukhovo,2032-07-30T20:50,2032-07-31T06:50,10,scheduled,,2032-07-30T10:10,2032-08-23T19:50,2775000
RSCH-000847,JOB-001466,EVS360-021,IS200,inspection_and_service,Obukhovo,2032-08-16T16:50,2032-08-16T20:50,4,scheduled,,2032-08-16T00:10,2032-08-24T13:20,2650000
RSCH-000848,JOB-000240,EVS360-004,IS510,inspection_and_service,Obukhovo,2032-07-31T15:20,2032-08-01T01:20,10,scheduled,,2032-07-30T22:50,2032-08-24T13:50,3525000
RSCH-000849,JOB-002040,EVS360-029,IS100,inspection_and_service,Obukhovo,2032-08-23T15:20,2032-08-23T17:20,2,scheduled,,2032-08-22T22:50,2032-08-24T17:20,1837500
RSCH-000850,JOB-000812,EVS360-012,IS530,inspection_and_service,Obukhovo,,,36,unscheduled,no_depot_window_before_deadline,2032-05-18T08:35,2032-08-24T18:50,3300000
RSCH-000851,JOB-001321,EVS360-019,IS100,inspection_and_service,Obukhovo,2032-08-23T10:50,2032-08-23T12:50,2,scheduled,,2032-08-23T10:50,2032-08-24T21:50,2812500
RSCH-000852,JOB-000458,EVS360-007,IS200,inspection_and_service,Obukhovo,2032-08-17T12:10,2032-08-17T16:10,4,scheduled,,2032-08-16T19:50,2032-08-25T08:50,3575000
RSCH-000853,JOB-002183,EVS360-031,IS200,inspection_and_service,Obukhovo,2032-08-17T23:50,2032-08-18T03:50,4,scheduled,,2032-08-17T13:20,2032-08-25T10:10,1825000
RSCH-000854,JOB-002399,EVS360-034,IS100,inspection_and_service,Obukhovo,2032-08-23T18:10,2032-08-23T20:10,2,scheduled,,2032-08-23T08:35,2032-08-25T11:50,1587500
RSCH-000855,JOB-000961,EVS360-014,IS200,inspection_and_service,Obukhovo,2032-08-17T15:20,2032-08-17T19:20,4,scheduled,,2032-08-16T22:50,2032-08-25T12:10,3025000
RSCH-000856,JOB-002691,EVS360-038,IS100,inspection_and_service,Obukhovo,2032-08-23T20:35,2032-08-23T22:35,2,scheduled,,2032-08-23T20:35,2032-08-25T23:50,1337500
RSCH-000857,JOB-000530,EVS360-008,IS200,inspection_and_service,Obukhovo,2032-08-18T14:10,2032-08-18T18:10,4,scheduled,,2032-08-17T21:50,2032-08-26T11:20,3650000
RSCH-000858,JOB-002398,EVS360-034,IS510,inspection_and_service,Obukhovo,2032-08-03T18:50,2032-08-04T04:50,10,scheduled,,2032-08-01T22:10,2032-08-26T13:20,1575000
RSCH-000859,JOB-000169,EVS360-003,IS100,inspection_and_service,Obukhovo,2032-08-24T23:50,2032-08-25T01:50,2,scheduled,,2032-08-24T13:20,2032-08-26T18:10,3662500
RSCH-000860,JOB-002764,EVS360-039,IS200,inspection_and_service,Obukhovo,2032-08-19T12:35,2032-08-19T16:35,4,scheduled,,2032-08-18T20:10,2032-08-27T09:20,1250000
RSCH-000861,JOB-000673,EVS360-010,IS200,inspection_and_service,Obukhovo,2032-08-19T17:20,2032-08-19T21:20,4,scheduled,,2032-08-19T08:10,2032-08-27T13:50,3500000
RSCH-000862,JOB-002471,EVS360-035,IS100,inspection_and_service,Obukhovo,2032-08-25T22:35,2032-08-26T00:35,2,scheduled,,2032-08-25T12:10,2032-08-27T16:10,1437500
RSCH-000863,JOB-000817,EVS360-012,IS100,inspection_and_service,Obukhovo,2032-08-26T12:50,2032-08-26T14:50,2,scheduled,,2032-08-25T20:35,2032-08-28T00:10,3362500
RSCH-000864,JOB-001539,EVS360-022,IS100,inspection_and_service,Obukhovo,2032-08-26T18:10,2032-08-26T20:10,2,scheduled,,2032-08-26T08:35,2032-08-28T11:50,2537500
RSCH-000865,JOB-001611,EVS360-023,IS100,inspection_and_service,Obukhovo,2032-08-26T18:50,2032-08-26T20:50,2,scheduled,,2032-08-26T08:50,2032-08-28T12:10,2512500
RSCH-000866,JOB-001826,EVS360-026,IS100,inspection_and_service,Obukhovo,2032-08-26T20:35,2032-08-26T22:35,2,scheduled,,2032-08-26T09:50,2032-08-28T13:20,2262500
RSCH-000867,JOB-001969,EVS360-028,IS200,inspection_and_service,Obukhovo,2032-08-20T09:20,2032-08-20T13:20,4,scheduled,,2032-08-20T09:20,2032-08-28T14:10,2000000
RSCH-000868,JOB-002470,EVS360-035,IS510,inspection_and_service,Obukhovo,2032-08-04T22:10,2032-08-05T08:10,10,scheduled,,2032-08-04T09:35,2032-08-28T18:50,1425000
RSCH-000869,JOB-002452,EVS360-035,IS600,revision,Obukhovo,,,384,unscheduled,no_depot_window_before_deadline,2032-01-05T00:00,2032-08-28T18:50,1200000
RSCH-000870,JOB-001033,EVS360-015,IS100,inspection_and_service,Obukhovo,2032-08-27T16:10,2032-08-27T18:10,2,scheduled,,2032-08-27T16:10,2032-08-29T10:10,3012500
RSCH-000871,JOB-000386,EVS360-006,IS100,inspection_and_service,Obukhovo,2032-08-28T13:50,2032-08-28T15:50,2,scheduled,,2032-08-27T21:20,2032-08-29T15:50,3762500
RSCH-000872,JOB-000746,EVS360-011,IS100,inspection_and_service,Obukhovo,2032-08-27T14:10,2032-08-27T16:10,2,scheduled,,2032-08-27T14:10,2032-08-29T18:50,3187500
RSCH-000873,JOB-000314,EVS360-005,IS200,inspection_and_service,Obukhovo,2032-08-21T19:50,2032-08-21T23:50,4,scheduled,,2032-08-21T19:50,2032-08-30T08:10,3400000
RSCH-000874,JOB-001394,EVS360-020,IS100,inspection_and_service,Obukhovo,2032-08-28T21:20,2032-08-28T23:20,2,scheduled,,2032-08-28T21:20,2032-08-30T14:10,2537500
RSCH-000875,JOB-002544,EVS360-036,IS200,inspection_and_service,Obukhovo,2032-08-22T16:50,2032-08-22T20:50,4,scheduled,,2032-08-22T16:50,2032-08-30T22:50,1450000
RSCH-000876,JOB-001467,EVS360-021,IS100,inspection_and_service,Obukhovo,2032-08-29T23:20,2032-08-30T01:20,2,scheduled,,2032-08-29T12:50,2032-08-31T08:35,2662500
RSCH-000877,JOB-001898,EVS360-027,IS100,inspection_and_service,Obukhovo,2032-08-30T09:20,2032-08-30T11:20,2,scheduled,,2032-08-29T16:10,2032-08-31T11:20,2187500
RSCH-000878,JOB-000602,EVS360-009,IS100,inspection_and_service,Obukhovo,2032-08-29T17:20,2032-08-29T19:20,2,scheduled,,2032-08-29T08:10,2032-08-31T11:20,3387500
RSCH-000879,JOB-000889,EVS360-013,IS200,inspection_and_service,Obukhovo,2032-08-23T08:10,2032-08-23T12:10,4,scheduled,,2032-08-23T08:10,2032-08-31T12:50,3250000
RSCH-000880,JOB-002254,EVS360-032,IS200,inspection_and_service,Obukhovo,2032-08-23T16:50,2032-08-23T20:50,4,scheduled,,2032-08-23T00:10,2032-08-31T13:20,1675000
RSCH-000881,JOB-002252,EVS360-032,IS520,inspection_and_service,Obukhovo,,,16,unscheduled,no_depot_window_before_deadline,2032-07-12T20:35,2032-08-31T13:20,1650000
RSCH-000882,JOB-000459,EVS360-007,IS100,inspection_and_service,Obukhovo,2032-08-30T18:50,2032-08-30T20:50,2,scheduled,,2032-08-30T08:50,2032-09-01T12:10,3587500
RSCH-000883,JOB-001897,EVS360-027,IS510,inspection_and_service,Obukhovo,2032-08-07T21:50,2032-08-08T07:50,10,scheduled,,2032-08-07T21:50,2032-09-01T12:50,2175000
RSCH-000884,JOB-000601,EVS360-009,IS510,inspection_and_service,Obukhovo,2032-08-09T16:10,2032-08-10T02:10,10,scheduled,,2032-08-07T12:35,2032-09-01T12:50,3375000
RSCH-000885,JOB-002184,EVS360-031,IS100,inspection_and_service,Obukhovo,2032-08-31T12:50,2032-08-31T14:50,2,scheduled,,2032-08-30T20:35,2032-09-01T14:50,1837500
RSCH-000886,JOB-000962,EVS360-014,IS100,inspection_and_service,Obukhovo,2032-08-30T22:10,2032-08-31T00:10,2,scheduled,,2032-08-30T11:50,2032-09-01T15:20,3037500
RSCH-000887,JOB-001177,EVS360-017,IS200,inspection_and_service,Obukhovo,2032-08-25T13:20,2032-08-25T17:20,4,scheduled,,2032-08-24T20:50,2032-09-01T17:20,2725000
RSCH-000888,JOB-000531,EVS360-008,IS100,inspection_and_service,Obukhovo,2032-08-31T21:20,2032-08-31T23:20,2,scheduled,,2032-08-31T10:50,2032-09-01T22:50,3662500
RSCH-000889,JOB-002327,EVS360-033,IS200,inspection_and_service,Obukhovo,2032-08-25T21:50,2032-08-26T01:50,4,scheduled,,2032-08-25T11:20,2032-09-02T08:35,1750000
RSCH-000890,JOB-000024,EVS360-001,IS100,inspection_and_service,Obukhovo,2032-08-31T17:20,2032-08-31T19:20,2,scheduled,,2032-08-31T08:10,2032-09-02T11:20,3837500
RSCH-000891,JOB-002618,EVS360-037,IS200,inspection_and_service,Obukhovo,2032-08-25T23:20,2032-08-26T03:20,4,scheduled,,2032-08-25T12:50,2032-09-02T20:35,1325000
RSCH-000892,JOB-000096,EVS360-002,IS200,inspection_and_service,Obukhovo,2032-08-26T08:35,2032-08-26T12:35,4,scheduled,,2032-08-25T14:50,2032-09-02T22:10,3850000
RSCH-000893,JOB-002765,EVS360-039,IS100,inspection_and_service,Obukhovo,2032-09-01T19:50,2032-09-01T21:50,2,scheduled,,2032-09-01T09:20,2032-09-03T12:35,1262500
RSCH-000894,JOB-000023,EVS360-001,IS510,inspection_and_service,Obukhovo,2032-08-11T16:10,2032-08-12T02:10,10,scheduled,,2032-08-09T12:35,2032-09-03T12:50,3825000
RSCH-000895,JOB-000005,EVS360-001,IS600,revision,Obukhovo,,,384,unscheduled,no_depot_window_before_deadline,2032-01-05T00:00,2032-09-03T12:50,3600000
RSCH-000896,JOB-000674,EVS360-010,IS100,inspection_and_service,Obukhovo,2032-09-01T23:50,2032-09-02T01:50,2,scheduled,,2032-09-01T13:20,2032-09-03T18:10,3512500
RSCH-000897,JOB-001970,EVS360-028,IS100,inspection_and_service,Obukhovo,2032-09-02T15:20,2032-09-02T17:20,2,scheduled,,2032-09-02T15:20,2032-09-04T09:35,2012500
RSCH-000898,JOB-001249,EVS360-018,IS200,inspection_and_service,Obukhovo,2032-08-28T20:35,2032-08-29T00:35,4,scheduled,,2032-08-28T09:50,2032-09-05T16:10,2800000
RSCH-000899,JOB-000242,EVS360-004,IS200,inspection_and_service,Obukhovo,2032-08-28T12:50,2032-08-28T16:50,4,scheduled,,2032-08-28T12:50,2032-09-05T19:20,3550000
RSCH-000900,JOB-000315,EVS360-005,IS100,inspection_and_service,Obukhovo,2032-09-04T08:35,2032-09-04T10:35,2,scheduled,,2032-09-04T08:35,2032-09-05T19:50,3412500
RSCH-000901,JOB-001683,EVS360-024,IS200,inspection_and_service,Obukhovo,2032-08-28T22:50,2032-08-29T02:50,4,scheduled,,2032-08-28T12:35,2032-09-05T20:10,2275000
RSCH-000902,JOB-001681,EVS360-024,IS520,inspection_and_service,Obukhovo,,,16,unscheduled,no_depot_window_before_deadline,2032-07-18T09:20,2032-09-05T20:10,2250000
RSCH-000903,JOB-001755,EVS360-025,IS200,inspection_and_service,Obukhovo,2032-08-28T23:20,2032-08-29T03:20,4,scheduled,,2032-08-28T23:20,2032-09-05T20:35,2125000
RSCH-000904,JOB-002041,EVS360-029,IS200,inspection_and_service,Obukhovo,2032-08-30T10:10,2032-08-30T14:10,4,scheduled,,2032-08-29T17:20,2032-09-06T23:50,1850000
RSCH-000905,JOB-002545,EVS360-036,IS100,inspection_and_service,Obukhovo,2032-09-04T23:20,2032-09-05T01:20,2,scheduled,,2032-09-04T23:20,2032-09-07T10:10,1462500
RSCH-000906,JOB-001322,EVS360-019,IS200,inspection_and_service,Obukhovo,2032-08-29T22:35,2032-08-30T02:35,4,scheduled,,2032-08-29T22:35,2032-09-07T10:50,2825000
RSCH-000907,JOB-002255,EVS360-032,IS100,inspection_and_service,Obukhovo,2032-09-05T23:20,2032-09-06T01:20,2,scheduled,,2032-09-05T12:50,2032-09-07T17:20,1687500
RSCH-000908,JOB-000890,EVS360-013,IS100,inspection_and_service,Obukhovo,2032-09-05T13:50,2032-09-05T15:50,2,scheduled,,2032-09-05T13:50,2032-09-07T18:10,3262500
RSCH-000909,JOB-002400,EVS360-034,IS200,inspection_and_service,Obukhovo,2032-08-30T12:35,2032-08-30T16:35,4,scheduled,,2032-08-30T12:35,2032-09-07T18:50,1600000
RSCH-000910,JOB-001178,EVS360-017,IS100,inspection_and_service,Obukhovo,2032-09-07T20:35,2032-09-07T22:35,2,scheduled,,2032-09-07T09:50,2032-09-08T22:10,2737500
RSCH-000911,JOB-002328,EVS360-033,IS100,inspection_and_service,Obukhovo,2032-09-08T10:50,2032-09-08T12:50,2,scheduled,,2032-09-07T18:10,2032-09-09T12:35,1762500
RSCH-000912,JOB-002472,EVS360-035,IS200,inspection_and_service,Obukhovo,2032-09-01T16:50,2032-09-01T20:50,4,scheduled,,2032-09-01T16:50,2032-09-09T22:50,1450000
RSCH-000913,JOB-002619,EVS360-037,IS100,inspection_and_service,Obukhovo,2032-09-08T12:35,2032-09-08T14:35,2,scheduled,,2032-09-07T20:10,2032-09-09T23:50,1337500
RSCH-000914,JOB-000097,EVS360-002,IS100,inspection_and_service,Obukhovo,2032-09-08T14:10,2032-09-08T16:10,2,scheduled,,2032-09-07T21:50,2032-09-10T08:50,3862500
RSCH-000915,JOB-002113,EVS360-030,IS100,inspection_and_service,Obukhovo,2032-09-08T09:20,2032-09-08T11:20,2,scheduled,,2032-09-08T09:20,2032-09-10T12:50,1812500
RSCH-000916,JOB-001612,EVS360-023,IS200,inspection_and_service,Obukhovo,2032-09-02T12:50,2032-09-02T16:50,4,scheduled,,2032-09-02T12:50,2032-09-10T19:20,2525000
RSCH-000917,JOB-001827,EVS360-026,IS200,inspection_and_service,Obukhovo,2032-09-02T14:10,2032-09-02T18:10,4,scheduled,,2032-09-02T14:10,2032-09-10T20:35,2275000
RSCH-000918,JOB-001825,EVS360-026,IS520,inspection_and_service,Obukhovo,,,16,unscheduled,no_depot_window_before_deadline,2032-07-23T10:50,2032-09-10T20:35,2250000
RSCH-000919,JOB-001034,EVS360-015,IS200,inspection_and_service,Obukhovo,2032-09-04T12:50,2032-09-04T16:50,4,scheduled,,2032-09-03T20:35,2032-09-11T16:50,3025000
RSCH-000920,JOB-001106,EVS360-016,IS100,inspection_and_service,Obukhovo,2032-09-09T23:20,2032-09-10T01:20,2,scheduled,,2032-09-09T23:20,2032-09-11T17:20,3012500
RSCH-000921,JOB-000387,EVS360-006,IS200,inspection_and_service,Obukhovo,2032-09-04T08:50,2032-09-04T12:50,4,scheduled,,2032-09-04T08:50,2032-09-11T22:35,3775000
RSCH-000922,JOB-000385,EVS360-006,IS520,inspection_and_service,Obukhovo,,,16,unscheduled,no_depot_window_before_deadline,2032-07-24T22:10,2032-09-11T22:35,3750000
RSCH-000923,JOB-000747,EVS360-011,IS200,inspection_and_service,Obukhovo,2032-09-04T11:20,2032-09-04T15:20,4,scheduled,,2032-09-03T18:50,2032-09-12T08:10,3200000
RSCH-000924,JOB-001250,EVS360-018,IS100,inspection_and_service,Obukhovo,2032-09-11T09:20,2032-09-11T11:20,2,scheduled,,2032-09-10T16:10,2032-09-12T11:20,2812500
RSCH-000925,JOB-000243,EVS360-004,IS100,inspection_and_service,Obukhovo,2032-09-10T20:10,2032-09-10T22:10,2,scheduled,,2032-09-10T20:10,2032-09-12T23:20,3562500
RSCH-000926,JOB-001684,EVS360-024,IS100,inspection_and_service,Obukhovo,2032-09-11T12:10,2032-09-11T14:10,2,scheduled,,2032-09-10T19:50,2032-09-12T23:20,2287500
RSCH-000927,JOB-001756,EVS360-025,IS100,inspection_and_service,Obukhovo,2032-09-11T12:35,2032-09-11T14:35,2,scheduled,,2032-09-10T20:10,2032-09-12T23:50,2137500
RSCH-000928,JOB-001468,EVS360-021,IS200,inspection_and_service,Obukhovo,2032-09-05T18:10,2032-09-05T22:10,4,scheduled,,2032-09-05T18:10,2032-09-13T14:10,2675000
RSCH-000929,JOB-001899,EVS360-027,IS200,inspection_and_service,Obukhovo,2032-09-05T21:20,2032-09-06T01:20,4,scheduled,,2032-09-05T21:20,2032-09-13T17:20,2200000
RSCH-000930,JOB-000603,EVS360-009,IS200,inspection_and_service,Obukhovo,2032-09-05T12:10,2032-09-05T16:10,4,scheduled,,2032-09-05T12:10,2032-09-13T18:10,3400000
RSCH-000931,JOB-002042,EVS360-029,IS100,inspection_and_service,Obukhovo,2032-09-12T16:10,2032-09-12T18:10,2,scheduled,,2032-09-11T23:50,2032-09-14T10:10,1862500
RSCH-000932,JOB-000963,EVS360-014,IS200,inspection_and_service,Obukhovo,2032-09-06T16:10,2032-09-06T20:10,4,scheduled,,2032-09-06T16:10,2032-09-14T12:50,3050000
RSCH-000933,JOB-001323,EVS360-019,IS100,inspection_and_service,Obukhovo,2032-09-12T11:50,2032-09-12T13:50,2,scheduled,,2032-09-12T11:50,2032-09-14T15:20,2837500
RSCH-000934,JOB-002185,EVS360-031,IS200,inspection_and_service,Obukhovo,2032-09-07T08:10,2032-09-07T12:10,4,scheduled,,2032-09-06T14:10,2032-09-14T21:50,1850000
RSCH-000935,JOB-002401,EVS360-034,IS100,inspection_and_service,Obukhovo,2032-09-12T19:50,2032-09-12T21:50,2,scheduled,,2032-09-12T19:50,2032-09-14T22:50,1612500
RSCH-000936,JOB-002693,EVS360-038,IS100,inspection_and_service,Obukhovo,2032-09-13T22:50,2032-09-14T00:50,2,scheduled,,2032-09-13T12:35,2032-09-15T16:50,1362500
RSCH-000937,JOB-000025,EVS360-001,IS200,inspection_and_service,Obukhovo,2032-09-07T12:10,2032-09-07T16:10,4,scheduled,,2032-09-07T12:10,2032-09-15T18:10,3850000
RSCH-000938,JOB-000171,EVS360-003,IS100,inspection_and_service,Obukhovo,2032-09-14T08:10,2032-09-14T10:10,2,scheduled,,2032-09-14T08:10,2032-09-16T11:50,3687500
RSCH-000939,JOB-000819,EVS360-012,IS100,inspection_and_service,Obukhovo,2032-09-15T13:50,2032-09-15T15:50,2,scheduled,,2032-09-15T13:50,2032-09-17T08:35,3387500
RSCH-000940,JOB-002473,EVS360-035,IS100,inspection_and_service,Obukhovo,2032-09-14T23:20,2032-09-15T01:20,2,scheduled,,2032-09-14T23:20,2032-09-17T10:10,1462500
RSCH-000941,JOB-000170,EVS360-003,IS510,inspection_and_service,Obukhovo,2032-08-23T22:10,2032-08-24T08:10,10,scheduled,,2032-08-23T22:10,2032-09-17T13:20,3675000
RSCH-000942,JOB-001541,EVS360-022,IS100,inspection_and_service,Obukhovo,2032-09-15T19:50,2032-09-15T21:50,2,scheduled,,2032-09-15T19:50,2032-09-17T22:50,2562500
RSCH-000943,JOB-001613,EVS360-023,IS100,inspection_and_service,Obukhovo,2032-09-15T20:10,2032-09-15T22:10,2,scheduled,,2032-09-15T20:10,2032-09-17T23:20,2537500
RSCH-000944,JOB-001828,EVS360-026,IS100,inspection_and_service,Obukhovo,2032-09-15T21:20,2032-09-15T23:20,2,scheduled,,2032-09-15T21:20,2032-09-18T08:10,2287500
RSCH-000945,JOB-000818,EVS360-012,IS510,inspection_and_service,Obukhovo,2032-08-28T16:50,2032-08-29T02:50,10,scheduled,,2032-08-24T18:50,2032-09-18T09:50,3375000
RSCH-000946,JOB-001035,EVS360-015,IS100,inspection_and_service,Obukhovo,2032-09-16T17:20,2032-09-16T19:20,2,scheduled,,2032-09-16T17:20,2032-09-18T21:50,3037500
RSCH-000947,JOB-000316,EVS360-005,IS200,inspection_and_service,Obukhovo,2032-09-11T22:10,2032-09-12T02:10,4,scheduled,,2032-09-11T11:50,2032-09-19T08:50,3425000
RSCH-000948,JOB-000388,EVS360-006,IS100,inspection_and_service,Obukhovo,2032-09-17T14:50,2032-09-17T16:50,2,scheduled,,2032-09-17T14:50,2032-09-19T09:20,3787500
RSCH-000949,JOB-000748,EVS360-011,IS100,inspection_and_service,Obukhovo,2032-09-17T17:20,2032-09-17T19:20,2,scheduled,,2032-09-17T08:10,2032-09-19T11:20,3212500
RSCH-000950,JOB-001396,EVS360-020,IS100,inspection_and_service,Obukhovo,2032-09-17T22:10,2032-09-18T00:10,2,scheduled,,2032-09-17T22:10,2032-09-20T08:50,2562500
RSCH-000951,JOB-002546,EVS360-036,IS200,inspection_and_service,Obukhovo,2032-09-12T20:35,2032-09-13T00:35,4,scheduled,,2032-09-12T09:50,2032-09-20T16:10,1475000
RSCH-000952,JOB-001469,EVS360-021,IS100,inspection_and_service,Obukhovo,2032-09-19T00:10,2032-09-19T02:10,2,scheduled,,2032-09-19T00:10,2032-09-20T18:50,2687500
RSCH-000953,JOB-001900,EVS360-027,IS100,inspection_and_service,Obukhovo,2032-09-19T10:10,2032-09-19T12:10,2,scheduled,,2032-09-19T10:10,2032-09-20T21:20,2212500
RSCH-000954,JOB-000604,EVS360-009,IS100,inspection_and_service,Obukhovo,2032-09-18T18:50,2032-09-18T20:50,2,scheduled,,2032-09-18T18:50,2032-09-20T22:35,3412500
RSCH-000955,JOB-002256,EVS360-032,IS200,inspection_and_service,Obukhovo,2032-09-12T18:10,2032-09-12T22:10,4,scheduled,,2032-09-12T18:10,2032-09-20T23:50,1700000
RSCH-000956,JOB-000891,EVS360-013,IS200,inspection_and_service,Obukhovo,2032-09-13T10:50,2032-09-13T14:50,4,scheduled,,2032-09-12T18:10,2032-09-21T00:10,3275000
RSCH-000957,JOB-000964,EVS360-014,IS100,inspection_and_service,Obukhovo,2032-09-19T22:50,2032-09-20T00:50,2,scheduled,,2032-09-19T22:50,2032-09-21T16:50,3062500
RSCH-000958,JOB-000461,EVS360-007,IS100,inspection_and_service,Obukhovo,2032-09-19T20:10,2032-09-19T22:10,2,scheduled,,2032-09-19T20:10,2032-09-21T23:20,3612500
RSCH-000959,JOB-002186,EVS360-031,IS100,inspection_and_service,Obukhovo,2032-09-20T13:50,2032-09-20T15:50,2,scheduled,,2032-09-19T21:20,2032-09-22T08:35,1862500
RSCH-000960,JOB-001179,EVS360-017,IS200,inspection_and_service,Obukhovo,2032-09-14T14:10,2032-09-14T18:10,4,scheduled,,2032-09-13T21:50,2032-09-22T11:20,2750000
RSCH-000961,JOB-000533,EVS360-008,IS100,inspection_and_service,Obukhovo,2032-09-20T22:10,2032-09-21T00:10,2,scheduled,,2032-09-20T22:10,2032-09-22T15:20,3687500
RSCH-000962,JOB-002329,EVS360-033,IS200,inspection_and_service,Obukhovo,2032-09-14T22:35,2032-09-15T02:35,4,scheduled,,2032-09-14T22:35,2032-09-22T19:50,1775000
RSCH-000963,JOB-000026,EVS360-001,IS100,inspection_and_service,Obukhovo,2032-09-20T18:50,2032-09-20T20:50,2,scheduled,,2032-09-20T18:50,2032-09-22T22:35,3862500
RSCH-000964,JOB-000098,EVS360-002,IS200,inspection_and_service,Obukhovo,2032-09-15T09:20,2032-09-15T13:20,4,scheduled,,2032-09-15T09:20,2032-09-23T14:10,3875000
RSCH-000965,JOB-000532,EVS360-008,IS510,inspection_and_service,Obukhovo,2032-08-30T19:50,2032-08-31T05:50,10,scheduled,,2032-08-30T09:20,2032-09-23T18:10,3675000
RSCH-000966,JOB-000676,EVS360-010,IS100,inspection_and_service,Obukhovo,2032-09-22T08:10,2032-09-22T10:10,2,scheduled,,2032-09-22T08:10,2032-09-23T19:20,3537500
RSCH-000967,JOB-002114,EVS360-030,IS200,inspection_and_service,Obukhovo,2032-09-15T22:50,2032-09-16T02:50,4,scheduled,,2032-09-15T12:35,2032-09-23T20:10,1825000
RSCH-000968,JOB-002767,EVS360-039,IS100,inspection_and_service,Obukhovo,2032-09-21T20:35,2032-09-21T22:35,2,scheduled,,2032-09-21T20:35,2032-09-23T23:50,1287500
RSCH-000969,JOB-001972,EVS360-028,IS100,inspection_and_service,Obukhovo,2032-09-23T18:50,2032-09-23T20:50,2,scheduled,,2032-09-23T08:50,2032-09-24T20:50,2037500
RSCH-000970,JOB-000675,EVS360-010,IS510,inspection_and_service,Obukhovo,2032-08-31T22:10,2032-09-01T08:10,10,scheduled,,2032-08-31T11:50,2032-09-24T20:50,3525000
RSCH-000971,JOB-001107,EVS360-016,IS200,inspection_and_service,Obukhovo,2032-09-17T20:35,2032-09-18T00:35,4,scheduled,,2032-09-17T09:50,2032-09-24T23:50,3025000
RSCH-000972,JOB-002766,EVS360-039,IS510,inspection_and_service,Obukhovo,2032-08-31T16:50,2032-09-01T02:50,10,scheduled,,2032-08-31T00:10,2032-09-25T08:50,1275000
RSCH-000973,JOB-001251,EVS360-018,IS200,inspection_and_service,Obukhovo,2032-09-17T21:20,2032-09-18T01:20,4,scheduled,,2032-09-17T21:20,2032-09-25T17:20,2825000
RSCH-000974,JOB-001971,EVS360-028,IS510,inspection_and_service,Obukhovo,2032-09-02T17:20,2032-09-03T03:20,10,scheduled,,2032-09-01T13:20,2032-09-25T22:35,2025000
RSCH-000975,JOB-001685,EVS360-024,IS200,inspection_and_service,Obukhovo,2032-09-17T23:50,2032-09-18T03:50,4,scheduled,,2032-09-17T23:50,2032-09-26T12:10,2300000
RSCH-000976,JOB-001757,EVS360-025,IS200,inspection_and_service,Obukhovo,2032-09-18T00:10,2032-09-18T04:10,4,scheduled,,2032-09-18T00:10,2032-09-26T12:35,2150000
RSCH-000977,JOB-000244,EVS360-004,IS200,inspection_and_service,Obukhovo,2032-09-18T15:50,2032-09-18T19:50,4,scheduled,,2032-09-17T23:20,2032-09-26T12:35,3575000
RSCH-000978,JOB-000317,EVS360-005,IS100,inspection_and_service,Obukhovo,2032-09-25T11:20,2032-09-25T13:20,2,scheduled,,2032-09-24T18:50,2032-09-26T12:50,3437500
RSCH-000979,JOB-001175,EVS360-017,IS530,inspection_and_service,Obukhovo,,,36,unscheduled,no_depot_window_before_deadline,2032-06-20T08:35,2032-09-26T19:50,2700000
RSCH-000980,JOB-002257,EVS360-032,IS100,inspection_and_service,Obukhovo,2032-09-26T00:10,2032-09-26T02:10,2,scheduled,,2032-09-26T00:10,2032-09-27T18:50,1712500
RSCH-000981,JOB-002547,EVS360-036,IS100,inspection_and_service,Obukhovo,2032-09-26T09:20,2032-09-26T11:20,2,scheduled,,2032-09-25T16:10,2032-09-27T20:35,1487500
RSCH-000982,JOB-000892,EVS360-013,IS100,inspection_and_service,Obukhovo,2032-09-26T16:50,2032-09-26T18:50,2,scheduled,,2032-09-26T00:10,2032-09-28T10:50,3287500
RSCH-000983,JOB-002402,EVS360-034,IS200,inspection_and_service,Obukhovo,2032-09-20T15:20,2032-09-20T19:20,4,scheduled,,2032-09-19T22:50,2032-09-28T12:10,1625000
RSCH-000984,JOB-002694,EVS360-038,IS200,inspection_and_service,Obukhovo,2032-09-20T17:20,2032-09-20T21:20,4,scheduled,,2032-09-20T17:20,2032-09-28T23:20,1375000
RSCH-000985,JOB-002692,EVS360-038,IS520,inspection_and_service,Obukhovo,,,16,unscheduled,no_depot_window_before_deadline,2032-08-10T13:20,2032-09-28T23:20,1350000
RSCH-000986,JOB-001180,EVS360-017,IS100,inspection_and_service,Obukhovo,2032-09-27T21:20,2032-09-27T23:20,2,scheduled,,2032-09-27T10:50,2032-09-29T14:10,2762500
RSCH-000987,JOB-000172,EVS360-003,IS200,inspection_and_service,Obukhovo,2032-09-21T21:50,2032-09-22T01:50,4,scheduled,,2032-09-21T11:20,2032-09-29T18:10,3700000
RSCH-000988,JOB-002330,EVS360-033,IS100,inspection_and_service,Obukhovo,2032-09-28T11:50,2032-09-28T13:50,2,scheduled,,2032-09-27T19:20,2032-09-29T22:50,1787500
RSCH-000989,JOB-002621,EVS360-037,IS100,inspection_and_service,Obukhovo,2032-09-28T13:20,2032-09-28T15:20,2,scheduled,,2032-09-28T13:20,2032-09-30T08:10,1362500
RSCH-000990,JOB-001753,EVS360-025,IS530,inspection_and_service,Obukhovo,,,36,unscheduled,no_depot_window_before_deadline,2032-06-24T10:50,2032-09-30T11:50,2100000
RSCH-000991,JOB-000820,EVS360-012,IS200,inspection_and_service,Obukhovo,2032-09-23T10:50,2032-09-23T14:50,4,scheduled,,2032-09-22T18:10,2032-09-30T13:50,3400000
RSCH-000992,JOB-002474,EVS360-035,IS200,inspection_and_service,Obukhovo,2032-09-22T20:35,2032-09-23T00:35,4,scheduled,,2032-09-22T09:50,2032-09-30T16:10,1475000
RSCH-000993,JOB-000099,EVS360-002,IS100,inspection_and_service,Obukhovo,2032-09-28T15:20,2032-09-28T17:20,2,scheduled,,2032-09-28T15:20,2032-09-30T20:10,3887500
RSCH-000994,JOB-002115,EVS360-030,IS100,inspection_and_service,Obukhovo,2032-09-29T12:10,2032-09-29T14:10,2,scheduled,,2032-09-28T19:50,2032-09-30T23:20,1837500
RSCH-000995,JOB-001542,EVS360-022,IS200,inspection_and_service,Obukhovo,2032-09-23T15:20,2032-09-23T19:20,4,scheduled,,2032-09-22T22:50,2032-10-01T12:10,2575000
RSCH-000996,JOB-001540,EVS360-022,IS520,inspection_and_service,Obukhovo,,,16,unscheduled,no_depot_window_before_deadline,2032-08-12T19:20,2032-10-01T12:10,2550000
RSCH-000997,JOB-001829,EVS360-026,IS200,inspection_and_service,Obukhovo,2032-09-23T17:20,2032-09-23T21:20,4,scheduled,,2032-09-23T08:10,2032-10-01T13:50,2300000
RSCH-000998,JOB-001036,EVS360-015,IS200,inspection_and_service,Obukhovo,2032-09-24T13:50,2032-09-24T17:50,4,scheduled,,2032-09-23T21:20,2032-10-02T10:50,3050000
RSCH-000999,JOB-001108,EVS360-016,IS100,inspection_and_service,Obukhovo,2032-10-01T09:20,2032-10-01T11:20,2,scheduled,,2032-09-30T16:10,2032-10-02T11:20,3037500
RSCH-001000,JOB-000389,EVS360-006,IS200,inspection_and_service,Obukhovo,2032-09-25T11:50,2032-09-25T15:50,4,scheduled,,2032-09-24T19:20,2032-10-02T14:50,3800000
RSCH-001001,JOB-001252,EVS360-018,IS100,inspection_and_service,Obukhovo,2032-10-01T10:10,2032-10-01T12:10,2,scheduled,,2032-10-01T10:10,2032-10-02T21:20,2837500
RSCH-001002,JOB-001686,EVS360-024,IS100,inspection_and_service,Obukhovo,2032-10-01T12:50,2032-10-01T14:50,2,scheduled,,2032-10-01T12:50,2032-10-03T00:10,2312500
RSCH-001003,JOB-001397,EVS360-020,IS200,inspection_and_service,Obukhovo,2032-09-25T18:50,2032-09-25T22:50,4,scheduled,,2032-09-25T08:50,2032-10-03T14:50,2575000
RSCH-001004,JOB-001395,EVS360-020,IS520,inspection_and_service,Obukhovo,,,16,unscheduled,no_depot_window_before_deadline,2032-08-15T14:10,2032-10-03T14:50,2550000
RSCH-001005,JOB-000245,EVS360-004,IS100,inspection_and_service,Obukhovo,2032-10-01T22:35,2032-10-02T00:35,2,scheduled,,2032-10-01T12:10,2032-10-03T16:10,3587500
RSCH-001006,JOB-001758,EVS360-025,IS100,inspection_and_service,Obukhovo,2032-10-01T13:20,2032-10-01T15:20,2,scheduled,,2032-10-01T13:20,2032-10-03T17:20,2162500
RSCH-001007,JOB-001901,EVS360-027,IS200,inspection_and_service,Obukhovo,2032-09-25T22:10,2032-09-26T02:10,4,scheduled,,2032-09-25T22:10,2032-10-04T10:10,2225000
RSCH-001008,JOB-000605,EVS360-009,IS200,inspection_and_service,Obukhovo,2032-09-26T14:50,2032-09-26T18:50,4,scheduled,,2032-09-25T22:10,2032-10-04T11:50,3425000
RSCH-001009,JOB-000462,EVS360-007,IS200,inspection_and_service,Obukhovo,2032-09-27T15:50,2032-09-27T19:50,4,scheduled,,2032-09-26T23:20,2032-10-04T20:10,3625000
RSCH-001010,JOB-002044,EVS360-029,IS100,inspection_and_service,Obukhovo,2032-10-02T17:20,2032-10-02T19:20,2,scheduled,,2032-10-02T17:20,2032-10-04T21:50,1887500
RSCH-001011,JOB-001325,EVS360-019,IS100,inspection_and_service,Obukhovo,2032-10-03T14:10,2032-10-03T16:10,2,scheduled,,2032-10-02T21:50,2032-10-05T08:50,2862500
RSCH-001012,JOB-002403,EVS360-034,IS100,inspection_and_service,Obukhovo,2032-10-03T22:10,2032-10-04T00:10,2,scheduled,,2032-10-03T11:50,2032-10-05T15:20,1637500
RSCH-001013,JOB-000534,EVS360-008,IS200,inspection_and_service,Obukhovo,2032-09-27T16:10,2032-09-27T20:10,4,scheduled,,2032-09-27T16:10,2032-10-05T22:10,3700000
RSCH-001014,JOB-002043,EVS360-029,IS510,inspection_and_service,Obukhovo,2032-09-12T18:10,2032-09-13T04:10,10,scheduled,,2032-09-10T21:50,2032-10-05T23:20,1875000
RSCH-001015,JOB-002695,EVS360-038,IS100,inspection_and_service,Obukhovo,2032-10-03T23:50,2032-10-04T01:50,2,scheduled,,2032-10-03T23:50,2032-10-06T10:50,1387500
RSCH-001016,JOB-000027,EVS360-001,IS200,inspection_and_service,Obukhovo,2032-09-28T14:50,2032-09-28T18:50,4,scheduled,,2032-09-27T22:10,2032-10-06T11:50,3875000
RSCH-001017,JOB-000173,EVS360-003,IS100,inspection_and_service,Obukhovo,2032-10-05T10:50,2032-10-05T12:50,2,scheduled,,2032-10-04T18:10,2032-10-06T21:50,3712500
RSCH-001018,JOB-000677,EVS360-010,IS200,inspection_and_service,Obukhovo,2032-09-29T21:50,2032-09-30T01:50,4,scheduled,,2032-09-29T11:20,2032-10-07T08:35,3550000
RSCH-001019,JOB-002768,EVS360-039,IS200,inspection_and_service,Obukhovo,2032-09-29T16:10,2032-09-29T20:10,4,scheduled,,2032-09-28T23:50,2032-10-07T12:50,1300000
RSCH-001020,JOB-000821,EVS360-012,IS100,inspection_and_service,Obukhovo,2032-10-06T16:50,2032-10-06T18:50,2,scheduled,,2032-10-06T00:10,2032-10-07T19:50,3412500
RSCH-001021,JOB-002475,EVS360-035,IS100,inspection_and_service,Obukhovo,2032-10-06T09:20,2032-10-06T11:20,2,scheduled,,2032-10-05T16:10,2032-10-07T20:35,1487500
RSCH-001022,JOB-001973,EVS360-028,IS200,inspection_and_service,Obukhovo,2032-09-30T12:50,2032-09-30T16:50,4,scheduled,,2032-09-29T20:35,2032-10-08T09:50,2050000
RSCH-001023,JOB-001543,EVS360-022,IS100,inspection_and_service,Obukhovo,2032-10-06T22:10,2032-10-07T00:10,2,scheduled,,2032-10-06T11:50,2032-10-08T15:20,2587500
RSCH-001024,JOB-001615,EVS360-023,IS100,inspection_and_service,Obukhovo,2032-10-06T22:35,2032-10-07T00:35,2,scheduled,,2032-10-06T12:10,2032-10-08T16:10,2562500
RSCH-001025,JOB-001830,EVS360-026,IS100,inspection_and_service,Obukhovo,2032-10-06T23:50,2032-10-07T01:50,2,scheduled,,2032-10-06T13:20,2032-10-08T18:10,2312500
RSCH-001026,JOB-001037,EVS360-015,IS100,inspection_and_service,Obukhovo,2032-10-07T20:50,2032-10-07T22:50,2,scheduled,,2032-10-07T10:10,2032-10-09T13:50,3062500
RSCH-001027,JOB-000390,EVS360-006,IS100,inspection_and_service,Obukhovo,2032-10-07T15:50,2032-10-07T17:50,2,scheduled,,2032-10-07T15:50,2032-10-09T20:35,3812500
RSCH-001028,JOB-000750,EVS360-011,IS100,inspection_and_service,Obukhovo,2032-10-07T18:50,2032-10-07T20:50,2,scheduled,,2032-10-07T18:50,2032-10-09T22:35,3237500
RSCH-001029,JOB-000749,EVS360-011,IS510,inspection_and_service,Obukhovo,2032-09-16T15:20,2032-09-17T01:20,10,scheduled,,2032-09-15T22:50,2032-10-10T13:50,3225000
RSCH-001030,JOB-001398,EVS360-020,IS100,inspection_and_service,Obukhovo,2032-10-09T08:10,2032-10-09T10:10,2,scheduled,,2032-10-08T14:10,2032-10-10T19:20,2587500
RSCH-001031,JOB-000606,EVS360-009,IS100,inspection_and_service,Obukhovo,2032-10-09T21:50,2032-10-09T23:50,2,scheduled,,2032-10-09T11:20,2032-10-10T23:20,3437500
RSCH-001032,JOB-001471,EVS360-021,IS100,inspection_and_service,Obukhovo,2032-10-09T08:35,2032-10-09T10:35,2,scheduled,,2032-10-09T08:35,2032-10-11T12:10,2712500
RSCH-001033,JOB-001902,EVS360-027,IS100,inspection_and_service,Obukhovo,2032-10-09T11:20,2032-10-09T13:20,2,scheduled,,2032-10-09T11:20,2032-10-11T14:50,2237500
RSCH-001034,JOB-000463,EVS360-007,IS100,inspection_and_service,Obukhovo,2032-10-10T22:35,2032-10-11T00:35,2,scheduled,,2032-10-10T12:10,2032-10-12T00:10,3637500
RSCH-001035,JOB-000966,EVS360-014,IS100,inspection_and_service,Obukhovo,2032-10-09T23:50,2032-10-10T01:50,2,scheduled,,2032-10-09T23:50,2032-10-12T10:50,3087500
RSCH-001036,JOB-002188,EVS360-031,IS100,inspection_and_service,Obukhovo,2032-10-10T14:50,2032-10-10T16:50,2,scheduled,,2032-10-10T14:50,2032-10-12T19:50,1887500
RSCH-001037,JOB-000028,EVS360-001,IS100,inspection_and_service,Obukhovo,2032-10-11T21:50,2032-10-11T23:50,2,scheduled,,2032-10-11T11:20,2032-10-12T23:20,3887500
RSCH-001038,JOB-000535,EVS360-008,IS100,inspection_and_service,Obukhovo,2032-10-10T22:50,2032-10-11T00:50,2,scheduled,,2032-10-10T22:50,2032-10-13T09:50,3712500
RSCH-001039,JOB-000965,EVS360-014,IS510,inspection_and_service,Obukhovo,2032-09-18T21:20,2032-09-19T07:20,10,scheduled,,2032-09-18T21:20,2032-10-13T12:35,3075000
RSCH-001040,JOB-002622,EVS360-037,IS200,inspection_and_service,Obukhovo,2032-10-06T10:10,2032-10-06T14:10,4,scheduled,,2032-10-05T17:20,2032-10-13T13:20,1375000
RSCH-001041,JOB-002620,EVS360-037,IS520,inspection_and_service,Obukhovo,,,16,unscheduled,no_depot_window_before_deadline,2032-08-25T12:50,2032-10-13T13:20,1350000
RSCH-001042,JOB-002187,EVS360-031,IS510,inspection_and_service,Obukhovo,2032-09-21T15:50,2032-09-22T01:50,10,scheduled,,2032-09-19T12:10,2032-10-13T21:20,1875000
RSCH-001043,JOB-002116,EVS360-030,IS200,inspection_and_service,Obukhovo,2032-10-05T23:50,2032-10-06T03:50,4,scheduled,,2032-10-05T23:50,2032-10-14T12:10,1850000
RSCH-001044,JOB-000678,EVS360-010,IS100,inspection_and_service,Obukhovo,2032-10-13T10:50,2032-10-13T12:50,2,scheduled,,2032-10-12T18:10,2032-10-14T12:35,3562500
RSCH-001045,JOB-002769,EVS360-039,IS100,inspection_and_service,Obukhovo,2032-10-12T22:50,2032-10-13T00:50,2,scheduled,,2032-10-12T12:35,2032-10-14T16:50,1312500
RSCH-001046,JOB-001974,EVS360-028,IS100,inspection_and_service,Obukhovo,2032-10-13T20:10,2032-10-13T22:10,2,scheduled,,2032-10-13T09:35,2032-10-15T12:50,2062500
RSCH-001047,JOB-001109,EVS360-016,IS200,inspection_and_service,Obukhovo,2032-10-07T21:20,2032-10-08T01:20,4,scheduled,,2032-10-07T10:50,2032-10-15T17:20,3050000
RSCH-001048,JOB-000319,EVS360-005,IS100,inspection_and_service,Obukhovo,2032-10-15T12:10,2032-10-15T14:10,2,scheduled,,2032-10-14T19:50,2032-10-16T23:20,3462500
RSCH-001049,JOB-002549,EVS360-036,IS100,inspection_and_service,Obukhovo,2032-10-16T10:10,2032-10-16T12:10,2,scheduled,,2032-10-16T10:10,2032-10-17T21:20,1512500
RSCH-001050,JOB-002045,EVS360-029,IS200,inspection_and_service,Obukhovo,2032-10-10T13:50,2032-10-10T17:50,4,scheduled,,2032-10-09T21:20,2032-10-18T10:50,1900000
RSCH-001051,JOB-000894,EVS360-013,IS100,inspection_and_service,Obukhovo,2032-10-16T18:10,2032-10-16T20:10,2,scheduled,,2032-10-16T18:10,2032-10-18T11:50,3312500
RSCH-001052,JOB-002259,EVS360-032,IS100,inspection_and_service,Obukhovo,2032-10-17T10:10,2032-10-17T12:10,2,scheduled,,2032-10-16T17:20,2032-10-18T12:10,1737500
RSCH-001053,JOB-001326,EVS360-019,IS200,inspection_and_service,Obukhovo,2032-10-10T09:20,2032-10-10T13:20,4,scheduled,,2032-10-10T09:20,2032-10-18T14:10,2875000
RSCH-001054,JOB-001324,EVS360-019,IS520,inspection_and_service,Obukhovo,,,16,unscheduled,no_depot_window_before_deadline,2032-08-29T22:35,2032-10-18T14:10,2850000
RSCH-001055,JOB-002258,EVS360-032,IS510,inspection_and_service,Obukhovo,2032-09-24T22:35,2032-09-25T08:35,10,scheduled,,2032-09-24T22:35,2032-10-19T13:50,1725000
RSCH-001056,JOB-002696,EVS360-038,IS200,inspection_and_service,Obukhovo,2032-10-11T20:50,2032-10-12T00:50,4,scheduled,,2032-10-11T10:10,2032-10-19T16:50,1400000
RSCH-001057,JOB-001182,EVS360-017,IS100,inspection_and_service,Obukhovo,2032-10-17T22:10,2032-10-18T00:10,2,scheduled,,2032-10-17T22:10,2032-10-20T08:50,2787500
RSCH-001058,JOB-000174,EVS360-003,IS200,inspection_and_service,Obukhovo,2032-10-11T22:35,2032-10-12T02:35,4,scheduled,,2032-10-11T22:35,2032-10-20T10:50,3725000
RSCH-001059,JOB-002332,EVS360-033,IS100,inspection_and_service,Obukhovo,2032-10-18T12:35,2032-10-18T14:35,2,scheduled,,2032-10-18T12:35,2032-10-20T16:10,1812500
RSCH-001060,JOB-002623,EVS360-037,IS100,inspection_and_service,Obukhovo,2032-10-19T16:10,2032-10-19T18:10,2,scheduled,,2032-10-18T23:50,2032-10-20T18:50,1387500
RSCH-001061,JOB-000101,EVS360-002,IS100,inspection_and_service,Obukhovo,2032-10-19T18:50,2032-10-19T20:50,2,scheduled,,2032-10-19T08:50,2032-10-20T20:50,3912500
RSCH-001062,JOB-000822,EVS360-012,IS200,inspection_and_service,Obukhovo,2032-10-13T11:50,2032-10-13T15:50,4,scheduled,,2032-10-12T19:20,2032-10-21T08:35,3425000
RSCH-001063,JOB-001181,EVS360-017,IS510,inspection_and_service,Obukhovo,2032-09-26T19:50,2032-09-27T05:50,10,scheduled,,2032-09-26T19:50,2032-10-21T10:50,2775000
RSCH-001064,JOB-001544,EVS360-022,IS200,inspection_and_service,Obukhovo,2032-10-13T16:10,2032-10-13T20:10,4,scheduled,,2032-10-13T16:10,2032-10-21T12:50,2600000
RSCH-001065,JOB-002117,EVS360-030,IS100,inspection_and_service,Obukhovo,2032-10-19T12:50,2032-10-19T14:50,2,scheduled,,2032-10-19T12:50,2032-10-21T16:50,1862500
RSCH-001066,JOB-001616,EVS360-023,IS200,inspection_and_service,Obukhovo,2032-10-13T16:50,2032-10-13T20:50,4,scheduled,,2032-10-13T16:50,2032-10-21T22:50,2575000
RSCH-001067,JOB-001614,EVS360-023,IS520,inspection_and_service,Obukhovo,,,16,unscheduled,no_depot_window_before_deadline,2032-09-02T12:50,2032-10-21T22:50,2550000
RSCH-001068,JOB-000751,EVS360-011,IS200,inspection_and_service,Obukhovo,2032-10-15T14:50,2032-10-15T18:50,4,scheduled,,2032-10-14T22:10,2032-10-22T19:20,3250000
RSCH-001069,JOB-001110,EVS360-016,IS100,inspection_and_service,Obukhovo,2032-10-21T10:10,2032-10-21T12:10,2,scheduled,,2032-10-20T17:20,2032-10-22T21:20,3062500
RSCH-001070,JOB-001254,EVS360-018,IS100,inspection_and_service,Obukhovo,2032-10-21T11:20,2032-10-21T13:20,2,scheduled,,2032-10-21T11:20,2032-10-23T14:50,2862500
RSCH-001071,JOB-001688,EVS360-024,IS100,inspection_and_service,Obukhovo,2032-10-22T15:50,2032-10-22T17:50,2,scheduled,,2032-10-21T23:20,2032-10-23T18:10,2337500
RSCH-001072,JOB-001399,EVS360-020,IS200,inspection_and_service,Obukhovo,2032-10-15T20:10,2032-10-16T00:10,4,scheduled,,2032-10-15T20:10,2032-10-24T08:35,2600000
RSCH-001073,JOB-001760,EVS360-025,IS100,inspection_and_service,Obukhovo,2032-10-22T16:10,2032-10-22T18:10,2,scheduled,,2032-10-21T23:50,2032-10-24T10:10,2187500
RSCH-001074,JOB-000247,EVS360-004,IS100,inspection_and_service,Obukhovo,2032-10-21T23:20,2032-10-22T01:20,2,scheduled,,2032-10-21T23:20,2032-10-24T10:10,3612500
RSCH-001075,JOB-001472,EVS360-021,IS200,inspection_and_service,Obukhovo,2032-10-16T22:10,2032-10-17T02:10,4,scheduled,,2032-10-16T11:50,2032-10-24T18:50,2725000
RSCH-001076,JOB-001687,EVS360-024,IS510,inspection_and_service,Obukhovo,2032-10-03T16:50,2032-10-04T02:50,10,scheduled,,2032-09-30T11:20,2032-10-24T20:35,2325000
RSCH-001077,JOB-001759,EVS360-025,IS510,inspection_and_service,Obukhovo,2032-10-02T15:20,2032-10-03T01:20,10,scheduled,,2032-09-30T11:50,2032-10-25T12:10,2175000
RSCH-001078,JOB-000464,EVS360-007,IS200,inspection_and_service,Obukhovo,2032-10-17T16:50,2032-10-17T20:50,4,scheduled,,2032-10-17T16:50,2032-10-25T13:20,3650000
RSCH-001079,JOB-002046,EVS360-029,IS100,inspection_and_service,Obukhovo,2032-10-23T20:50,2032-10-23T22:50,2,scheduled,,2032-10-23T10:10,2032-10-25T13:50,1912500
RSCH-001080,JOB-000967,EVS360-014,IS200,inspection_and_service,Obukhovo,2032-10-17T20:50,2032-10-18T00:50,4,scheduled,,2032-10-17T10:10,2032-10-25T16:50,3100000
RSCH-001081,JOB-001327,EVS360-019,IS100,inspection_and_service,Obukhovo,2032-10-23T15:20,2032-10-23T17:20,2,scheduled,,2032-10-23T15:20,2032-10-25T20:10,2887500
RSCH-001082,JOB-002189,EVS360-031,IS200,inspection_and_service,Obukhovo,2032-10-18T11:50,2032-10-18T15:50,4,scheduled,,2032-10-17T19:20,2032-10-26T08:35,1900000
RSCH-001083,JOB-002405,EVS360-034,IS100,inspection_and_service,Obukhovo,2032-10-23T22:50,2032-10-24T00:50,2,scheduled,,2032-10-23T22:50,2032-10-26T09:50,1662500
RSCH-001084,JOB-000536,EVS360-008,IS200,inspection_and_service,Obukhovo,2032-10-18T20:10,2032-10-19T00:10,4,scheduled,,2032-10-18T09:35,2032-10-26T15:50,3725000
RSCH-001085,JOB-002697,EVS360-038,IS100,inspection_and_service,Obukhovo,2032-10-25T09:50,2032-10-25T11:50,2,scheduled,,2032-10-24T16:50,2032-10-26T20:50,1412500
RSCH-001086,JOB-002770,EVS360-039,IS200,inspection_and_service,Obukhovo,2032-10-19T17:20,2032-10-19T21:20,4,scheduled,,2032-10-19T17:20,2032-10-27T13:50,1325000
RSCH-001087,JOB-000175,EVS360-003,IS100,inspection_and_service,Obukhovo,2032-10-25T11:50,2032-10-25T13:50,2,scheduled,,2032-10-25T11:50,2032-10-27T15:20,3737500
RSCH-001088,JOB-000679,EVS360-010,IS200,inspection_and_service,Obukhovo,2032-10-19T22:35,2032-10-20T02:35,4,scheduled,,2032-10-19T12:10,2032-10-27T19:50,3575000
RSCH-001089,JOB-002477,EVS360-035,IS100,inspection_and_service,Obukhovo,2032-10-26T10:10,2032-10-26T12:10,2,scheduled,,2032-10-26T10:10,2032-10-27T21:20,1512500
RSCH-001090,JOB-000823,EVS360-012,IS100,inspection_and_service,Obukhovo,2032-10-26T18:10,2032-10-26T20:10,2,scheduled,,2032-10-26T08:35,2032-10-28T11:50,3437500
RSCH-001091,JOB-001545,EVS360-022,IS100,inspection_and_service,Obukhovo,2032-10-26T22:50,2032-10-27T00:50,2,scheduled,,2032-10-26T22:50,2032-10-28T16:50,2612500
RSCH-001092,JOB-001832,EVS360-026,IS100,inspection_and_service,Obukhovo,2032-10-27T08:10,2032-10-27T10:10,2,scheduled,,2032-10-27T08:10,2032-10-28T19:20,2337500
RSCH-001093,JOB-001975,EVS360-028,IS200,inspection_and_service,Obukhovo,2032-10-20T13:50,2032-10-20T17:50,4,scheduled,,2032-10-20T13:50,2032-10-28T20:10,2075000
RSCH-001094,JOB-001617,EVS360-023,IS100,inspection_and_service,Obukhovo,2032-10-26T23:20,2032-10-27T01:20,2,scheduled,,2032-10-26T23:20,2032-10-29T10:10,2587500
RSCH-001095,JOB-001831,EVS360-026,IS510,inspection_and_service,Obukhovo,2032-10-05T22:10,2032-10-06T08:10,10,scheduled,,2032-10-05T11:50,2032-10-29T20:50,2325000
RSCH-001096,JOB-000752,EVS360-011,IS100,inspection_and_service,Obukhovo,2032-10-28T21:50,2032-10-28T23:50,2,scheduled,,2032-10-28T11:20,2032-10-29T23:20,3262500
RSCH-001097,JOB-001039,EVS360-015,IS100,inspection_and_service,Obukhovo,2032-10-27T21:50,2032-10-27T23:50,2,scheduled,,2032-10-27T21:50,2032-10-30T08:35,3087500
RSCH-001098,JOB-000320,EVS360-005,IS200,inspection_and_service,Obukhovo,2032-10-21T23:50,2032-10-22T03:50,4,scheduled,,2032-10-21T23:50,2032-10-30T12:10,3475000
RSCH-001099,JOB-000318,EVS360-005,IS520,inspection_and_service,Obukhovo,,,16,unscheduled,no_depot_window_before_deadline,2032-09-11T11:50,2032-10-30T12:10,3450000
RSCH-001100,JOB-000392,EVS360-006,IS100,inspection_and_service,Obukhovo,2032-10-28T19:50,2032-10-28T21:50,2,scheduled,,2032-10-28T09:20,2032-10-30T12:35,3837500
RSCH-001101,JOB-002037,EVS360-029,IS540,inspection_and_service,Obukhovo,,,56,unscheduled,no_depot_window_before_deadline,2032-04-16T11:20,2032-10-30T14:50,1800000
RSCH-001102,JOB-002550,EVS360-036,IS200,inspection_and_service,Obukhovo,2032-10-23T23:50,2032-10-24T03:50,4,scheduled,,2032-10-23T13:20,2032-10-31T10:10,1525000
RSCH-001103,JOB-001038,EVS360-015,IS510,inspection_and_service,Obukhovo,2032-10-06T18:50,2032-10-07T04:50,10,scheduled,,2032-10-06T08:50,2032-10-31T10:10,3075000
RSCH-001104,JOB-001400,EVS360-020,IS100,inspection_and_service,Obukhovo,2032-10-29T08:50,2032-10-29T10:50,2,scheduled,,2032-10-29T08:50,2032-10-31T12:35,2612500
RSCH-001105,JOB-000391,EVS360-006,IS510,inspection_and_service,Obukhovo,2032-10-07T17:50,2032-10-08T03:50,10,scheduled,,2032-10-06T23:20,2032-10-31T14:10,3825000
RSCH-001106,JOB-000373,EVS360-006,IS600,revision,Obukhovo,,,384,unscheduled,no_depot_window_before_deadline,2032-01-05T00:00,2032-10-31T14:10,3600000
RSCH-001107,JOB-000608,EVS360-009,IS100,inspection_and_service,Obukhovo,2032-10-29T22:35,2032-10-30T00:35,2,scheduled,,2032-10-29T22:35,2032-10-31T16:10,3462500
RSCH-001108,JOB-000895,EVS360-013,IS200,inspection_and_service,Obukhovo,2032-10-24T14:10,2032-10-24T18:10,4,scheduled,,2032-10-23T21:50,2032-10-31T18:50,3325000
RSCH-001109,JOB-002260,EVS360-032,IS200,inspection_and_service,Obukhovo,2032-10-23T22:10,2032-10-24T02:10,4,scheduled,,2032-10-23T11:50,2032-10-31T18:50,1750000
RSCH-001110,JOB-001473,EVS360-021,IS100,inspection_and_service,Obukhovo,2032-10-30T11:20,2032-10-30T13:20,2,scheduled,,2032-10-29T18:50,2032-10-31T22:10,2737500
RSCH-001111,JOB-001904,EVS360-027,IS100,inspection_and_service,Obukhovo,2032-10-30T13:50,2032-10-30T15:50,2,scheduled,,2032-10-29T21:20,2032-11-01T08:35,2262500
RSCH-001112,JOB-000465,EVS360-007,IS100,inspection_and_service,Obukhovo,2032-10-30T23:20,2032-10-31T01:20,2,scheduled,,2032-10-30T23:20,2032-11-01T17:20,3662500
RSCH-001113,JOB-000968,EVS360-014,IS100,inspection_and_service,Obukhovo,2032-10-31T09:50,2032-10-31T11:50,2,scheduled,,2032-10-30T16:50,2032-11-01T20:50,3112500
RSCH-001114,JOB-002190,EVS360-031,IS100,inspection_and_service,Obukhovo,2032-10-31T18:10,2032-10-31T20:10,2,scheduled,,2032-10-31T08:35,2032-11-02T11:50,1912500
RSCH-001115,JOB-001183,EVS360-017,IS200,inspection_and_service,Obukhovo,2032-10-25T18:50,2032-10-25T22:50,4,scheduled,,2032-10-25T08:50,2032-11-02T14:50,2800000
RSCH-001116,JOB-000030,EVS360-001,IS100,inspection_and_service,Obukhovo,2032-10-31T22:35,2032-11-01T00:35,2,scheduled,,2032-10-31T22:35,2032-11-02T16:10,3912500
RSCH-001117,JOB-000537,EVS360-008,IS100,inspection_and_service,Obukhovo,2032-11-01T08:50,2032-11-01T10:50,2,scheduled,,2032-10-31T15:20,2032-11-02T20:10,3737500
RSCH-001118,JOB-002333,EVS360-033,IS200,inspection_and_service,Obukhovo,2032-10-26T09:20,2032-10-26T13:20,4,scheduled,,2032-10-25T16:10,2032-11-02T22:50,1825000
RSCH-001119,JOB-002624,EVS360-037,IS200,inspection_and_service,Obukhovo,2032-10-26T11:20,2032-10-26T15:20,4,scheduled,,2032-10-25T18:50,2032-11-03T08:10,1400000
RSCH-001120,JOB-000102,EVS360-002,IS200,inspection_and_service,Obukhovo,2032-10-26T12:50,2032-10-26T16:50,4,scheduled,,2032-10-26T12:50,2032-11-03T09:50,3925000
RSCH-001121,JOB-002771,EVS360-039,IS100,inspection_and_service,Obukhovo,2032-11-01T23:50,2032-11-02T01:50,2,scheduled,,2032-11-01T23:50,2032-11-03T18:10,1337500
RSCH-001122,JOB-000680,EVS360-010,IS100,inspection_and_service,Obukhovo,2032-11-02T11:50,2032-11-02T13:50,2,scheduled,,2032-11-01T19:20,2032-11-03T22:50,3587500
RSCH-001123,JOB-001976,EVS360-028,IS100,inspection_and_service,Obukhovo,2032-11-02T20:50,2032-11-02T22:50,2,scheduled,,2032-11-02T20:50,2032-11-05T00:10,2087500
RSCH-001124,JOB-001255,EVS360-018,IS200,inspection_and_service,Obukhovo,2032-10-29T08:10,2032-10-29T12:10,4,scheduled,,2032-10-28T14:10,2032-11-05T21:50,2875000
RSCH-001125,JOB-001253,EVS360-018,IS520,inspection_and_service,Obukhovo,,,16,unscheduled,no_depot_window_before_deadline,2032-09-17T21:20,2032-11-05T21:50,2850000
RSCH-001126,JOB-001689,EVS360-024,IS200,inspection_and_service,Obukhovo,2032-10-29T10:50,2032-10-29T14:50,4,scheduled,,2032-10-28T18:10,2032-11-06T00:10,2350000
RSCH-001127,JOB-000248,EVS360-004,IS200,inspection_and_service,Obukhovo,2032-10-29T20:35,2032-10-30T00:35,4,scheduled,,2032-10-29T09:50,2032-11-06T16:10,3625000
RSCH-001128,JOB-000321,EVS360-005,IS100,inspection_and_service,Obukhovo,2032-11-04T12:50,2032-11-04T14:50,2,scheduled,,2032-11-04T12:50,2032-11-06T16:50,3487500
RSCH-001129,JOB-001761,EVS360-025,IS200,inspection_and_service,Obukhovo,2032-10-29T11:20,2032-10-29T15:20,4,scheduled,,2032-10-29T11:20,2032-11-06T16:50,2200000
RSCH-001130,JOB-000959,EVS360-014,IS540,inspection_and_service,Obukhovo,,,56,unscheduled,no_depot_window_before_deadline,2032-04-24T09:35,2032-11-06T21:50,3000000
RSCH-001131,JOB-002181,EVS360-031,IS540,inspection_and_service,Obukhovo,,,56,unscheduled,no_depot_window_before_deadline,2032-04-24T08:50,2032-11-07T12:35,1800000
RSCH-001132,JOB-002551,EVS360-036,IS100,inspection_and_service,Obukhovo,2032-11-05T11:20,2032-11-05T13:20,2,scheduled,,2032-11-05T11:20,2032-11-07T14:50,1537500
RSCH-001133,JOB-002047,EVS360-029,IS200,inspection_and_service,Obukhovo,2032-10-30T14:50,2032-10-30T18:50,4,scheduled,,2032-10-30T14:50,2032-11-07T20:50,1925000
RSCH-001134,JOB-002261,EVS360-032,IS100,inspection_and_service,Obukhovo,2032-11-06T11:20,2032-11-06T13:20,2,scheduled,,2032-11-05T18:50,2032-11-07T22:10,1762500
RSCH-001135,JOB-000896,EVS360-013,IS100,inspection_and_service,Obukhovo,2032-11-06T21:20,2032-11-06T23:20,2,scheduled,,2032-11-06T10:50,2032-11-07T22:50,3337500
RSCH-001136,JOB-001328,EVS360-019,IS200,inspection_and_service,Obukhovo,2032-10-31T12:10,2032-10-31T16:10,4,scheduled,,2032-10-30T19:50,2032-11-08T08:50,2900000
RSCH-001137,JOB-002406,EVS360-034,IS200,inspection_and_service,Obukhovo,2032-10-31T20:10,2032-11-01T00:10,4,scheduled,,2032-10-31T09:35,2032-11-08T15:50,1675000
RSCH-001138,JOB-002404,EVS360-034,IS520,inspection_and_service,Obukhovo,,,16,unscheduled,no_depot_window_before_deadline,2032-09-19T22:50,2032-11-08T15:50,1650000
RSCH-001139,JOB-001184,EVS360-017,IS100,inspection_and_service,Obukhovo,2032-11-08T08:10,2032-11-08T10:10,2,scheduled,,2032-11-07T14:10,2032-11-09T19:20,2812500
RSCH-001140,JOB-002334,EVS360-033,IS100,inspection_and_service,Obukhovo,2032-11-08T15:20,2032-11-08T17:20,2,scheduled,,2032-11-07T22:50,2032-11-10T09:35,1837500
RSCH-001141,JOB-002478,EVS360-035,IS200,inspection_and_service,Obukhovo,2032-11-02T23:50,2032-11-03T03:50,4,scheduled,,2032-11-02T13:20,2032-11-10T10:10,1525000
RSCH-001142,JOB-002625,EVS360-037,IS100,inspection_and_service,Obukhovo,2032-11-08T17:20,2032-11-08T19:20,2,scheduled,,2032-11-08T08:10,2032-11-10T11:20,1412500
RSCH-001143,JOB-000103,EVS360-002,IS100,inspection_and_service,Obukhovo,2032-11-08T20:10,2032-11-08T22:10,2,scheduled,,2032-11-08T20:10,2032-11-10T12:50,3937500
RSCH-001144,JOB-002119,EVS360-030,IS100,inspection_and_service,Obukhovo,2032-11-09T15:50,2032-11-09T17:50,2,scheduled,,2032-11-08T23:20,2032-11-10T18:10,1887500
RSCH-001145,JOB-001833,EVS360-026,IS200,inspection_and_service,Obukhovo,2032-11-03T21:50,2032-11-04T01:50,4,scheduled,,2032-11-03T11:20,2032-11-11T08:35,2350000
RSCH-001146,JOB-001618,EVS360-023,IS200,inspection_and_service,Obukhovo,2032-11-03T20:35,2032-11-04T00:35,4,scheduled,,2032-11-03T09:50,2032-11-11T16:10,2600000
RSCH-001147,JOB-002118,EVS360-030,IS510,inspection_and_service,Obukhovo,2032-10-21T16:50,2032-10-22T02:50,10,scheduled,,2032-10-18T11:20,2032-11-11T20:35,1875000
RSCH-001148,JOB-000753,EVS360-011,IS200,inspection_and_service,Obukhovo,2032-11-04T15:50,2032-11-04T19:50,4,scheduled,,2032-11-04T15:50,2032-11-12T12:35,3275000
RSCH-001149,JOB-001040,EVS360-015,IS200,inspection_and_service,Obukhovo,2032-11-04T18:10,2032-11-04T22:10,4,scheduled,,2032-11-04T08:35,2032-11-12T14:10,3100000
RSCH-001150,JOB-001112,EVS360-016,IS100,inspection_and_service,Obukhovo,2032-11-10T11:20,2032-11-10T13:20,2,scheduled,,2032-11-10T11:20,2032-11-12T14:50,3087500
RSCH-001151,JOB-000393,EVS360-006,IS200,inspection_and_service,Obukhovo,2032-11-04T13:20,2032-11-04T17:20,4,scheduled,,2032-11-04T13:20,2032-11-12T19:50,3850000
RSCH-001152,JOB-001256,EVS360-018,IS100,inspection_and_service,Obukhovo,2032-11-11T13:50,2032-11-11T15:50,2,scheduled,,2032-11-10T21:20,2032-11-13T08:35,2887500
RSCH-001153,JOB-001690,EVS360-024,IS100,inspection_and_service,Obukhovo,2032-11-11T16:50,2032-11-11T18:50,2,scheduled,,2032-11-11T00:10,2032-11-13T10:50,2362500
RSCH-001154,JOB-000249,EVS360-004,IS100,inspection_and_service,Obukhovo,2032-11-12T09:20,2032-11-12T11:20,2,scheduled,,2032-11-11T16:10,2032-11-13T11:20,3637500
RSCH-001155,JOB-001111,EVS360-016,IS510,inspection_and_service,Obukhovo,2032-10-24T15:50,2032-10-25T01:50,10,scheduled,,2032-10-20T08:35,2032-11-13T16:50,3075000
RSCH-001156,JOB-001762,EVS360-025,IS100,inspection_and_service,Obukhovo,2032-11-11T17:20,2032-11-11T19:20,2,scheduled,,2032-11-11T17:20,2032-11-13T21:50,2212500
RSCH-001157,JOB-000609,EVS360-009,IS200,inspection_and_service,Obukhovo,2032-11-05T16:50,2032-11-05T20:50,4,scheduled,,2032-11-05T16:50,2032-11-13T22:50,3475000
RSCH-001158,JOB-000607,EVS360-009,IS520,inspection_and_service,Obukhovo,,,16,unscheduled,no_depot_window_before_deadline,2032-09-25T22:10,2032-11-13T22:50,3450000
RSCH-001159,JOB-001474,EVS360-021,IS200,inspection_and_service,Obukhovo,2032-11-05T22:50,2032-11-06T02:50,4,scheduled,,2032-11-05T22:50,2032-11-14T11:20,2750000
RSCH-001160,JOB-001905,EVS360-027,IS200,inspection_and_service,Obukhovo,2032-11-06T08:50,2032-11-06T12:50,4,scheduled,,2032-11-06T08:50,2032-11-14T13:50,2275000
RSCH-001161,JOB-001903,EVS360-027,IS520,inspection_and_service,Obukhovo,,,16,unscheduled,no_depot_window_before_deadline,2032-09-25T22:10,2032-11-14T13:50,2250000
RSCH-001162,JOB-002048,EVS360-029,IS100,inspection_and_service,Obukhovo,2032-11-12T21:50,2032-11-12T23:50,2,scheduled,,2032-11-12T21:50,2032-11-14T14:50,1937500
RSCH-001163,JOB-000969,EVS360-014,IS200,inspection_and_service,Obukhovo,2032-11-06T21:50,2032-11-07T01:50,4,scheduled,,2032-11-06T21:50,2032-11-15T09:50,3125000
RSCH-001164,JOB-002407,EVS360-034,IS100,inspection_and_service,Obukhovo,2032-11-14T08:50,2032-11-14T10:50,2,scheduled,,2032-11-13T15:20,2032-11-15T10:50,1687500
RSCH-001165,JOB-001329,EVS360-019,IS100,inspection_and_service,Obukhovo,2032-11-13T18:50,2032-11-13T20:50,2,scheduled,,2032-11-13T08:50,2032-11-15T12:10,2912500
RSCH-001166,JOB-002191,EVS360-031,IS200,inspection_and_service,Obukhovo,2032-11-07T12:35,2032-11-07T16:35,4,scheduled,,2032-11-07T12:35,2032-11-15T18:50,1925000
RSCH-001167,JOB-002699,EVS360-038,IS100,inspection_and_service,Obukhovo,2032-11-14T10:50,2032-11-14T12:50,2,scheduled,,2032-11-14T10:50,2032-11-15T21:50,1437500
RSCH-001168,JOB-000031,EVS360-001,IS200,inspection_and_service,Obukhovo,2032-11-07T16:50,2032-11-07T20:50,4,scheduled,,2032-11-07T16:50,2032-11-15T22:50,3925000
RSCH-001169,JOB-000177,EVS360-003,IS100,inspection_and_service,Obukhovo,2032-11-15T14:10,2032-11-15T16:10,2,scheduled,,2032-11-14T21:50,2032-11-16T16:10,3762500
RSCH-001170,JOB-002698,EVS360-038,IS510,inspection_and_service,Obukhovo,2032-10-28T15:20,2032-10-29T01:20,10,scheduled,,2032-10-23T14:10,2032-11-16T23:50,1425000
RSCH-001171,JOB-002680,EVS360-038,IS600,revision,Obukhovo,,,384,unscheduled,no_depot_window_before_deadline,2032-01-05T00:00,2032-11-16T23:50,1200000
RSCH-001172,JOB-002479,EVS360-035,IS100,inspection_and_service,Obukhovo,2032-11-15T11:20,2032-11-15T13:20,2,scheduled,,2032-11-15T11:20,2032-11-17T14:50,1537500
RSCH-001173,JOB-000825,EVS360-012,IS100,inspection_and_service,Obukhovo,2032-11-15T19:50,2032-11-15T21:50,2,scheduled,,2032-11-15T19:50,2032-11-17T22:50,3462500
RSCH-001174,JOB-001470,EVS360-021,IS530,inspection_and_service,Obukhovo,,,36,unscheduled,no_depot_window_before_deadline,2032-08-11T16:10,2032-11-18T10:10,2700000
RSCH-001175,JOB-001547,EVS360-022,IS100,inspection_and_service,Obukhovo,2032-11-17T08:50,2032-11-17T10:50,2,scheduled,,2032-11-16T15:20,2032-11-18T10:50,2637500
RSCH-001176,JOB-001619,EVS360-023,IS100,inspection_and_service,Obukhovo,2032-11-17T09:20,2032-11-17T11:20,2,scheduled,,2032-11-16T16:10,2032-11-18T11:20,2612500
RSCH-001177,JOB-001834,EVS360-026,IS100,inspection_and_service,Obukhovo,2032-11-17T10:50,2032-11-17T12:50,2,scheduled,,2032-11-16T18:10,2032-11-18T12:35,2362500
RSCH-001178,JOB-001546,EVS360-022,IS510,inspection_and_service,Obukhovo,2032-10-25T21:20,2032-10-26T07:20,10,scheduled,,2032-10-25T21:20,2032-11-19T12:35,2625000
RSCH-001179,JOB-000754,EVS360-011,IS100,inspection_and_service,Obukhovo,2032-11-17T22:35,2032-11-18T00:35,2,scheduled,,2032-11-17T22:35,2032-11-19T16:10,3287500
RSCH-001180,JOB-001041,EVS360-015,IS100,inspection_and_service,Obukhovo,2032-11-18T00:10,2032-11-18T02:10,2,scheduled,,2032-11-17T13:50,2032-11-19T18:50,3112500
RSCH-001181,JOB-000322,EVS360-005,IS200,inspection_and_service,Obukhovo,2032-11-12T09:50,2032-11-12T13:50,4,scheduled,,2032-11-11T16:50,2032-11-19T23:20,3500000
RSCH-001182,JOB-000394,EVS360-006,IS100,inspection_and_service,Obukhovo,2032-11-17T20:35,2032-11-17T22:35,2,scheduled,,2032-11-17T20:35,2032-11-19T23:50,3862500
RSCH-001183,JOB-002552,EVS360-036,IS200,inspection_and_service,Obukhovo,2032-11-13T08:10,2032-11-13T12:10,4,scheduled,,2032-11-12T14:10,2032-11-20T21:50,1550000
RSCH-001184,JOB-001402,EVS360-020,IS100,inspection_and_service,Obukhovo,2032-11-19T11:50,2032-11-19T13:50,2,scheduled,,2032-11-18T19:20,2032-11-20T22:50,2637500
RSCH-001185,JOB-000610,EVS360-009,IS100,inspection_and_service,Obukhovo,2032-11-18T23:20,2032-11-19T01:20,2,scheduled,,2032-11-18T23:20,2032-11-21T10:10,3487500
RSCH-001186,JOB-002262,EVS360-032,IS200,inspection_and_service,Obukhovo,2032-11-12T22:50,2032-11-13T02:50,4,scheduled,,2032-11-12T22:50,2032-11-21T11:20,1775000
RSCH-001187,JOB-000897,EVS360-013,IS200,inspection_and_service,Obukhovo,2032-11-13T15:20,2032-11-13T19:20,4,scheduled,,2032-11-12T22:50,2032-11-21T12:10,3350000
RSCH-001188,JOB-001401,EVS360-020,IS510,inspection_and_service,Obukhovo,2032-10-27T23:50,2032-10-28T09:50,10,scheduled,,2032-10-27T23:50,2032-11-21T15:20,2625000
RSCH-001189,JOB-001475,EVS360-021,IS100,inspection_and_service,Obukhovo,2032-11-19T12:10,2032-11-19T14:10,2,scheduled,,2032-11-19T12:10,2032-11-21T15:50,2762500
RSCH-001190,JOB-001906,EVS360-027,IS100,inspection_and_service,Obukhovo,2032-11-19T14:50,2032-11-19T16:50,2,scheduled,,2032-11-19T14:50,2032-11-21T19:50,2287500
RSCH-001191,JOB-000467,EVS360-007,IS100,inspection_and_service,Obukhovo,2032-11-20T00:10,2032-11-20T02:10,2,scheduled,,2032-11-20T00:10,2032-11-22T11:20,3687500
RSCH-001192,JOB-000970,EVS360-014,IS100,inspection_and_service,Obukhovo,2032-11-20T10:50,2032-11-20T12:50,2,scheduled,,2032-11-20T10:50,2032-11-22T14:10,3137500
RSCH-001193,JOB-002192,EVS360-031,IS100,inspection_and_service,Obukhovo,2032-11-20T19:50,2032-11-20T21:50,2,scheduled,,2032-11-20T19:50,2032-11-22T22:50,1937500
RSCH-001194,JOB-001185,EVS360-017,IS200,inspection_and_service,Obukhovo,2032-11-14T20:10,2032-11-15T00:10,4,scheduled,,2032-11-14T20:10,2032-11-23T08:35,2825000
RSCH-001195,JOB-000032,EVS360-001,IS100,inspection_and_service,Obukhovo,2032-11-20T23:20,2032-11-21T01:20,2,scheduled,,2032-11-20T23:20,2032-11-23T10:10,3937500
RSCH-001196,JOB-000466,EVS360-007,IS510,inspection_and_service,Obukhovo,2032-10-29T21:50,2032-10-30T07:50,10,scheduled,,2032-10-29T21:50,2032-11-23T12:50,3675000
RSCH-001197,JOB-000539,EVS360-008,IS100,inspection_and_service,Obukhovo,2032-11-21T09:50,2032-11-21T11:50,2,scheduled,,2032-11-21T09:50,2032-11-23T13:20,3762500
RSCH-001198,JOB-002335,EVS360-033,IS200,inspection_and_service,Obukhovo,2032-11-15T10:10,2032-11-15T14:10,4,scheduled,,2032-11-15T10:10,2032-11-23T15:20,1850000
RSCH-001199,JOB-000104,EVS360-002,IS200,inspection_and_service,Obukhovo,2032-11-15T13:50,2032-11-15T17:50,4,scheduled,,2032-11-15T13:50,2032-11-23T20:10,3950000
RSCH-001200,JOB-002120,EVS360-030,IS200,inspection_and_service,Obukhovo,2032-11-16T10:50,2032-11-16T14:50,4,scheduled,,2032-11-16T10:50,2032-11-24T00:10,1900000
RSCH-001201,JOB-002773,EVS360-039,IS100,inspection_and_service,Obukhovo,2032-11-22T08:10,2032-11-22T10:10,2,scheduled,,2032-11-22T08:10,2032-11-24T11:50,1362500
RSCH-001202,JOB-000682,EVS360-010,IS100,inspection_and_service,Obukhovo,2032-11-22T12:35,2032-11-22T14:35,2,scheduled,,2032-11-22T12:35,2032-11-24T16:10,3612500
RSCH-001203,JOB-002548,EVS360-036,IS530,inspection_and_service,Obukhovo,,,36,unscheduled,no_depot_window_before_deadline,2032-08-18T18:50,2032-11-24T19:50,1500000
RSCH-001204,JOB-001032,EVS360-015,IS540,inspection_and_service,Obukhovo,,,56,unscheduled,no_depot_window_before_deadline,2032-05-11T14:50,2032-11-24T19:50,3000000
RSCH-001205,JOB-001978,EVS360-028,IS100,inspection_and_service,Obukhovo,2032-11-23T23:20,2032-11-24T01:20,2,scheduled,,2032-11-23T12:50,2032-11-25T17:20,2112500
RSCH-001206,JOB-000893,EVS360-013,IS530,inspection_and_service,Obukhovo,,,36,unscheduled,no_depot_window_before_deadline,2032-08-19T09:20,2032-11-25T20:35,3300000
RSCH-001207,JOB-001113,EVS360-016,IS200,inspection_and_service,Obukhovo,2032-11-18T08:10,2032-11-18T12:10,4,scheduled,,2032-11-17T14:10,2032-11-25T21:50,3100000
RSCH-001208,JOB-001257,EVS360-018,IS200,inspection_and_service,Obukhovo,2032-11-18T08:50,2032-11-18T12:50,4,scheduled,,2032-11-18T08:50,2032-11-26T13:50,2900000
RSCH-001209,JOB-000250,EVS360-004,IS200,inspection_and_service,Obukhovo,2032-11-18T21:20,2032-11-19T01:20,4,scheduled,,2032-11-18T21:20,2032-11-26T17:20,3650000
RSCH-001210,JOB-001691,EVS360-024,IS200,inspection_and_service,Obukhovo,2032-11-18T11:50,2032-11-18T15:50,4,scheduled,,2032-11-18T11:50,2032-11-26T17:20,2375000
RSCH-001211,JOB-000323,EVS360-005,IS100,inspection_and_service,Obukhovo,2032-11-25T15:50,2032-11-25T17:50,2,scheduled,,2032-11-24T23:20,2032-11-27T09:50,3512500
RSCH-001212,JOB-001763,EVS360-025,IS200,inspection_and_service,Obukhovo,2032-11-19T13:50,2032-11-19T17:50,4,scheduled,,2032-11-18T21:20,2032-11-27T10:50,2225000
RSCH-001213,JOB-002553,EVS360-036,IS100,inspection_and_service,Obukhovo,2032-11-26T13:50,2032-11-26T15:50,2,scheduled,,2032-11-25T21:20,2032-11-28T08:35,1562500
RSCH-001214,JOB-000100,EVS360-002,IS530,inspection_and_service,Obukhovo,,,36,unscheduled,no_depot_window_before_deadline,2032-08-21T17:20,2032-11-28T10:10,3900000
RSCH-001215,JOB-000898,EVS360-013,IS100,inspection_and_service,Obukhovo,2032-11-26T22:10,2032-11-27T00:10,2,scheduled,,2032-11-26T11:50,2032-11-28T15:20,3362500
RSCH-001216,JOB-002263,EVS360-032,IS100,inspection_and_service,Obukhovo,2032-11-26T12:10,2032-11-26T14:10,2,scheduled,,2032-11-26T12:10,2032-11-28T15:50,1787500
RSCH-001217,JOB-002408,EVS360-034,IS200,inspection_and_service,Obukhovo,2032-11-20T20:50,2032-11-21T00:50,4,scheduled,,2032-11-20T20:50,2032-11-28T16:50,1700000
RSCH-001218,JOB-002700,EVS360-038,IS200,inspection_and_service,Obukhovo,2032-11-22T00:10,2032-11-22T04:10,4,scheduled,,2032-11-21T13:50,2032-11-29T10:50,1450000
RSCH-001219,JOB-000178,EVS360-003,IS200,inspection_and_service,Obukhovo,2032-11-22T09:20,2032-11-22T13:20,4,scheduled,,2032-11-22T09:20,2032-11-29T22:50,3775000
RSCH-001220,JOB-000176,EVS360-003,IS520,inspection_and_service,Obukhovo,,,16,unscheduled,no_depot_window_before_deadline,2032-10-11T22:35,2032-11-29T22:50,3750000
RSCH-001221,JOB-001186,EVS360-017,IS100,inspection_and_service,Obukhovo,2032-11-28T08:50,2032-11-28T10:50,2,scheduled,,2032-11-28T08:50,2032-11-30T12:35,2837500
RSCH-001222,JOB-002336,EVS360-033,IS100,inspection_and_service,Obukhovo,2032-11-28T16:10,2032-11-28T18:10,2,scheduled,,2032-11-28T16:10,2032-11-30T20:50,1862500
RSCH-001223,JOB-002480,EVS360-035,IS200,inspection_and_service,Obukhovo,2032-11-23T08:10,2032-11-23T12:10,4,scheduled,,2032-11-22T14:10,2032-11-30T21:50,1550000
RSCH-001224,JOB-002627,EVS360-037,IS100,inspection_and_service,Obukhovo,2032-11-28T18:50,2032-11-28T20:50,2,scheduled,,2032-11-28T18:50,2032-11-30T22:35,1437500
RSCH-001225,JOB-000105,EVS360-002,IS100,inspection_and_service,Obukhovo,2032-11-28T20:50,2032-11-28T22:50,2,scheduled,,2032-11-28T20:50,2032-12-01T00:10,3962500
RSCH-001226,JOB-002121,EVS360-030,IS100,inspection_and_service,Obukhovo,2032-11-29T16:50,2032-11-29T18:50,2,scheduled,,2032-11-29T00:10,2032-12-01T10:50,1912500
RSCH-001227,JOB-000826,EVS360-012,IS200,inspection_and_service,Obukhovo,2032-11-23T15:20,2032-11-23T19:20,4,scheduled,,2032-11-22T22:50,2032-12-01T12:10,3475000
RSCH-001228,JOB-000824,EVS360-012,IS520,inspection_and_service,Obukhovo,,,16,unscheduled,no_depot_window_before_deadline,2032-10-12T19:20,2032-12-01T12:10,3450000
RSCH-001229,JOB-001548,EVS360-022,IS200,inspection_and_service,Obukhovo,2032-11-23T20:50,2032-11-24T00:50,4,scheduled,,2032-11-23T10:10,2032-12-01T16:50,2650000
RSCH-001230,JOB-001835,EVS360-026,IS200,inspection_and_service,Obukhovo,2032-11-23T22:35,2032-11-24T02:35,4,scheduled,,2032-11-23T12:10,2032-12-01T19:50,2375000
RSCH-001231,JOB-002626,EVS360-037,IS510,inspection_and_service,Obukhovo,2032-11-07T15:20,2032-11-08T01:20,10,scheduled,,2032-11-06T22:50,2032-12-02T00:10,1425000
RSCH-001232,JOB-002608,EVS360-037,IS600,revision,Obukhovo,,,384,unscheduled,no_depot_window_before_deadline,2032-01-05T00:00,2032-12-02T00:10,1200000
RSCH-001233,JOB-001042,EVS360-015,IS200,inspection_and_service,Obukhovo,2032-11-24T19:50,2032-11-24T23:50,4,scheduled,,2032-11-24T19:50,2032-12-03T08:10,3125000
RSCH-001234,JOB-001114,EVS360-016,IS100,inspection_and_service,Obukhovo,2032-12-01T13:50,2032-12-01T15:50,2,scheduled,,2032-11-30T21:20,2032-12-03T08:35,3112500
RSCH-001235,JOB-000395,EVS360-006,IS200,inspection_and_service,Obukhovo,2032-11-25T16:10,2032-11-25T20:10,4,scheduled,,2032-11-24T23:50,2032-12-03T12:50,3875000
RSCH-001236,JOB-001258,EVS360-018,IS100,inspection_and_service,Obukhovo,2032-12-01T14:50,2032-12-01T16:50,2,scheduled,,2032-12-01T14:50,2032-12-03T19:50,2912500
RSCH-001237,JOB-001403,EVS360-020,IS200,inspection_and_service,Obukhovo,2032-11-25T23:20,2032-11-26T03:20,4,scheduled,,2032-11-25T23:20,2032-12-03T20:35,2650000
RSCH-001238,JOB-000251,EVS360-004,IS100,inspection_and_service,Obukhovo,2032-12-02T10:10,2032-12-02T12:10,2,scheduled,,2032-12-02T10:10,2032-12-03T21:20,3662500
RSCH-001239,JOB-001692,EVS360-024,IS100,inspection_and_service,Obukhovo,2032-12-01T18:10,2032-12-01T20:10,2,scheduled,,2032-12-01T18:10,2032-12-03T22:10,2387500
RSCH-001240,JOB-001764,EVS360-025,IS100,inspection_and_service,Obukhovo,2032-12-02T20:50,2032-12-02T22:50,2,scheduled,,2032-12-02T10:10,2032-12-03T22:35,2237500
RSCH-001241,JOB-000611,EVS360-009,IS200,inspection_and_service,Obukhovo,2032-11-26T20:35,2032-11-27T00:35,4,scheduled,,2032-11-26T09:50,2032-12-04T16:10,3500000
RSCH-001242,JOB-002476,EVS360-035,IS530,inspection_and_service,Obukhovo,,,36,unscheduled,no_depot_window_before_deadline,2032-08-28T18:50,2032-12-04T19:50,1500000
RSCH-001243,JOB-001907,EVS360-027,IS200,inspection_and_service,Obukhovo,2032-11-27T11:50,2032-11-27T15:50,4,scheduled,,2032-11-26T19:20,2032-12-05T08:35,2300000
RSCH-001244,JOB-002050,EVS360-029,IS100,inspection_and_service,Obukhovo,2032-12-04T00:10,2032-12-04T02:10,2,scheduled,,2032-12-03T13:50,2032-12-05T09:20,1962500
RSCH-001245,JOB-001331,EVS360-019,IS100,inspection_and_service,Obukhovo,2032-12-03T20:10,2032-12-03T22:10,2,scheduled,,2032-12-03T20:10,2032-12-05T12:50,2937500
RSCH-001246,JOB-000468,EVS360-007,IS200,inspection_and_service,Obukhovo,2032-11-27T21:20,2032-11-28T01:20,4,scheduled,,2032-11-27T10:50,2032-12-05T17:20,3700000
RSCH-001247,JOB-002409,EVS360-034,IS100,inspection_and_service,Obukhovo,2032-12-04T09:50,2032-12-04T11:50,2,scheduled,,2032-12-04T09:50,2032-12-05T20:50,1712500
RSCH-001248,JOB-002112,EVS360-030,IS540,inspection_and_service,Obukhovo,,,56,unscheduled,no_depot_window_before_deadline,2032-05-23T16:50,2032-12-06T11:50,1800000
RSCH-001249,JOB-001330,EVS360-019,IS510,inspection_and_service,Obukhovo,2032-11-12T16:10,2032-11-13T02:10,10,scheduled,,2032-11-11T23:50,2032-12-06T14:50,2925000
RSCH-001250,JOB-002701,EVS360-038,IS100,inspection_and_service,Obukhovo,2032-12-04T11:50,2032-12-04T13:50,2,scheduled,,2032-12-04T11:50,2032-12-06T15:20,1462500
RSCH-001251,JOB-000033,EVS360-001,IS200,inspection_and_service,Obukhovo,2032-11-28T20:35,2032-11-29T00:35,4,scheduled,,2032-11-28T09:50,2032-12-06T16:10,3950000
RSCH-001252,JOB-000540,EVS360-008,IS200,inspection_and_service,Obukhovo,2032-11-28T23:20,2032-11-29T03:20,4,scheduled,,2032-11-28T12:50,2032-12-06T20:35,3775000
RSCH-001253,JOB-000538,EVS360-008,IS520,inspection_and_service,Obukhovo,,,16,unscheduled,no_depot_window_before_deadline,2032-10-18T09:35,2032-12-06T20:35,3750000
RSCH-001254,JOB-000179,EVS360-003,IS100,inspection_and_service,Obukhovo,2032-12-05T15:20,2032-12-05T17:20,2,scheduled,,2032-12-04T22:50,2032-12-07T09:35,3787500
RSCH-001255,JOB-002774,EVS360-039,IS200,inspection_and_service,Obukhovo,2032-11-29T21:50,2032-11-30T01:50,4,scheduled,,2032-11-29T11:20,2032-12-07T18:10,1375000
RSCH-001256,JOB-002772,EVS360-039,IS520,inspection_and_service,Obukhovo,,,16,unscheduled,no_depot_window_before_deadline,2032-10-19T17:20,2032-12-07T18:10,1350000
RSCH-001257,JOB-000683,EVS360-010,IS200,inspection_and_service,Obukhovo,2032-11-30T09:20,2032-11-30T13:20,4,scheduled,,2032-11-29T16:10,2032-12-07T22:50,3625000
RSCH-001258,JOB-002481,EVS360-035,IS100,inspection_and_service,Obukhovo,2032-12-06T13:50,2032-12-06T15:50,2,scheduled,,2032-12-05T21:20,2032-12-08T08:35,1562500
RSCH-001259,JOB-001105,EVS360-016,IS540,inspection_and_service,Obukhovo,,,56,unscheduled,no_depot_window_before_deadline,2032-05-24T22:10,2032-12-08T08:50,3000000
RSCH-001260,JOB-000827,EVS360-012,IS100,inspection_and_service,Obukhovo,2032-12-06T22:10,2032-12-07T00:10,2,scheduled,,2032-12-06T11:50,2032-12-08T15:20,3487500
RSCH-001261,JOB-001549,EVS360-022,IS100,inspection_and_service,Obukhovo,2032-12-07T09:50,2032-12-07T11:50,2,scheduled,,2032-12-06T16:50,2032-12-08T20:50,2662500
RSCH-001262,JOB-001621,EVS360-023,IS100,inspection_and_service,Obukhovo,2032-12-07T10:10,2032-12-07T12:10,2,scheduled,,2032-12-07T10:10,2032-12-08T21:20,2637500
RSCH-001263,JOB-001836,EVS360-026,IS100,inspection_and_service,Obukhovo,2032-12-07T11:50,2032-12-07T13:50,2,scheduled,,2032-12-06T19:20,2032-12-08T22:50,2387500
RSCH-001264,JOB-001979,EVS360-028,IS200,inspection_and_service,Obukhovo,2032-11-30T18:10,2032-11-30T22:10,4,scheduled,,2032-11-30T18:10,2032-12-08T23:50,2125000
RSCH-001265,JOB-001043,EVS360-015,IS100,inspection_and_service,Obukhovo,2032-12-08T08:35,2032-12-08T10:35,2,scheduled,,2032-12-08T08:35,2032-12-09T19:50,3137500
RSCH-001266,JOB-001620,EVS360-023,IS510,inspection_and_service,Obukhovo,2032-11-16T00:10,2032-11-16T10:10,10,scheduled,,2032-11-15T13:50,2032-12-09T23:20,2625000
RSCH-001267,JOB-000756,EVS360-011,IS100,inspection_and_service,Obukhovo,2032-12-07T23:20,2032-12-08T01:20,2,scheduled,,2032-12-07T23:20,2032-12-10T10:10,3312500
RSCH-001268,JOB-000029,EVS360-001,IS530,inspection_and_service,Obukhovo,,,36,unscheduled,no_depot_window_before_deadline,2032-09-03T12:50,2032-12-10T13:50,3900000
RSCH-001269,JOB-000396,EVS360-006,IS100,inspection_and_service,Obukhovo,2032-12-08T22:50,2032-12-09T00:50,2,scheduled,,2032-12-08T12:35,2032-12-10T16:50,3887500
RSCH-001270,JOB-001404,EVS360-020,IS100,inspection_and_service,Obukhovo,2032-12-09T12:35,2032-12-09T14:35,2,scheduled,,2032-12-09T12:35,2032-12-10T23:50,2662500
RSCH-001271,JOB-000612,EVS360-009,IS100,inspection_and_service,Obukhovo,2032-12-10T09:20,2032-12-10T11:20,2,scheduled,,2032-12-09T16:10,2032-12-11T20:35,3512500
RSCH-001272,JOB-001477,EVS360-021,IS100,inspection_and_service,Obukhovo,2032-12-10T14:50,2032-12-10T16:50,2,scheduled,,2032-12-09T22:10,2032-12-12T09:20,2787500
RSCH-001273,JOB-001908,EVS360-027,IS100,inspection_and_service,Obukhovo,2032-12-10T18:10,2032-12-10T20:10,2,scheduled,,2032-12-10T08:35,2032-12-12T11:50,2312500
RSCH-001274,JOB-001476,EVS360-021,IS510,inspection_and_service,Obukhovo,2032-11-21T15:50,2032-11-22T01:50,10,scheduled,,2032-11-18T10:10,2032-12-12T19:50,2775000
RSCH-001275,JOB-000469,EVS360-007,IS100,inspection_and_service,Obukhovo,2032-12-11T10:10,2032-12-11T12:10,2,scheduled,,2032-12-10T17:20,2032-12-12T21:20,3712500
RSCH-001276,JOB-002194,EVS360-031,IS100,inspection_and_service,Obukhovo,2032-12-11T22:10,2032-12-12T00:10,2,scheduled,,2032-12-11T11:50,2032-12-12T23:50,1962500
RSCH-001277,JOB-000972,EVS360-014,IS100,inspection_and_service,Obukhovo,2032-12-11T13:20,2032-12-11T15:20,2,scheduled,,2032-12-10T20:50,2032-12-13T08:10,3162500
RSCH-001278,JOB-000034,EVS360-001,IS100,inspection_and_service,Obukhovo,2032-12-12T09:20,2032-12-12T11:20,2,scheduled,,2032-12-11T16:10,2032-12-13T20:35,3962500
RSCH-001279,JOB-000541,EVS360-008,IS100,inspection_and_service,Obukhovo,2032-12-12T12:35,2032-12-12T14:35,2,scheduled,,2032-12-11T20:10,2032-12-13T23:50,3787500
RSCH-001280,JOB-002628,EVS360-037,IS200,inspection_and_service,Obukhovo,2032-12-06T14:50,2032-12-06T18:50,4,scheduled,,2032-12-05T22:10,2032-12-14T11:50,1450000
RSCH-001281,JOB-002122,EVS360-030,IS200,inspection_and_service,Obukhovo,2032-12-06T11:50,2032-12-06T15:50,4,scheduled,,2032-12-06T11:50,2032-12-14T17:20,1925000
RSCH-001282,JOB-002775,EVS360-039,IS100,inspection_and_service,Obukhovo,2032-12-13T10:50,2032-12-13T12:50,2,scheduled,,2032-12-12T18:10,2032-12-14T21:50,1387500
RSCH-001283,JOB-000684,EVS360-010,IS100,inspection_and_service,Obukhovo,2032-12-13T15:20,2032-12-13T17:20,2,scheduled,,2032-12-12T22:50,2032-12-15T09:35,3637500
RSCH-001284,JOB-001980,EVS360-028,IS100,inspection_and_service,Obukhovo,2032-12-14T00:10,2032-12-14T02:10,2,scheduled,,2032-12-14T00:10,2032-12-16T11:20,2137500
RSCH-001285,JOB-001115,EVS360-016,IS200,inspection_and_service,Obukhovo,2032-12-08T08:50,2032-12-08T12:50,4,scheduled,,2032-12-08T08:50,2032-12-16T13:50,3125000
RSCH-001286,JOB-000325,EVS360-005,IS100,inspection_and_service,Obukhovo,2032-12-15T16:50,2032-12-15T18:50,2,scheduled,,2032-12-15T16:50,2032-12-17T21:20,3537500
RSCH-001287,JOB-000324,EVS360-005,IS510,inspection_and_service,Obukhovo,2032-11-25T17:50,2032-11-26T03:50,10,scheduled,,2032-11-23T21:20,2032-12-18T12:35,3525000
RSCH-001288,JOB-002051,EVS360-029,IS200,inspection_and_service,Obukhovo,2032-12-10T19:50,2032-12-10T23:50,4,scheduled,,2032-12-10T09:20,2032-12-18T15:20,1975000
RSCH-001289,JOB-002049,EVS360-029,IS520,inspection_and_service,Obukhovo,,,16,unscheduled,no_depot_window_before_deadline,2032-10-30T14:50,2032-12-18T15:20,1950000
RSCH-001290,JOB-002555,EVS360-036,IS100,inspection_and_service,Obukhovo,2032-12-16T14:50,2032-12-16T16:50,2,scheduled,,2032-12-16T14:50,2032-12-18T19:50,1587500
RSCH-001291,JOB-001332,EVS360-019,IS200,inspection_and_service,Obukhovo,2032-12-11T15:50,2032-12-11T19:50,4,scheduled,,2032-12-10T23:20,2032-12-18T20:10,2950000
RSCH-001292,JOB-002265,EVS360-032,IS100,inspection_and_service,Obukhovo,2032-12-17T14:50,2032-12-17T16:50,2,scheduled,,2032-12-16T22:10,2032-12-19T09:20,1812500
RSCH-001293,JOB-000900,EVS360-013,IS100,inspection_and_service,Obukhovo,2032-12-16T22:50,2032-12-17T00:50,2,scheduled,,2032-12-16T22:50,2032-12-19T09:50,3387500
RSCH-001294,JOB-002554,EVS360-036,IS510,inspection_and_service,Obukhovo,2032-11-27T15:50,2032-11-28T01:50,10,scheduled,,2032-11-24T19:50,2032-12-19T21:20,1575000
RSCH-001295,JOB-002702,EVS360-038,IS200,inspection_and_service,Obukhovo,2032-12-12T08:35,2032-12-12T12:35,4,scheduled,,2032-12-11T14:50,2032-12-19T22:10,1475000
RSCH-001296,JOB-000899,EVS360-013,IS510,inspection_and_service,Obukhovo,2032-11-25T20:35,2032-11-26T06:35,10,scheduled,,2032-11-25T20:35,2032-12-20T11:50,3375000
RSCH-001297,JOB-001188,EVS360-017,IS100,inspection_and_service,Obukhovo,2032-12-19T11:50,2032-12-19T13:50,2,scheduled,,2032-12-18T19:20,2032-12-20T13:20,2862500
RSCH-001298,JOB-000180,EVS360-003,IS200,inspection_and_service,Obukhovo,2032-12-12T10:10,2032-12-12T14:10,4,scheduled,,2032-12-12T10:10,2032-12-20T15:20,3800000
RSCH-001299,JOB-002338,EVS360-033,IS100,inspection_and_service,Obukhovo,2032-12-19T20:10,2032-12-19T22:10,2,scheduled,,2032-12-19T09:35,2032-12-20T21:50,1887500
RSCH-001300,JOB-002629,EVS360-037,IS100,inspection_and_service,Obukhovo,2032-12-19T21:50,2032-12-19T23:50,2,scheduled,,2032-12-19T11:20,2032-12-21T14:50,1462500
RSCH-001301,JOB-000107,EVS360-002,IS100,inspection_and_service,Obukhovo,2032-12-19T23:20,2032-12-20T01:20,2,scheduled,,2032-12-19T12:50,2032-12-21T17:20,3987500
RSCH-001302,JOB-002123,EVS360-030,IS100,inspection_and_service,Obukhovo,2032-12-19T18:10,2032-12-19T20:10,2,scheduled,,2032-12-19T18:10,2032-12-21T22:10,1937500
RSCH-001303,JOB-000828,EVS360-012,IS200,inspection_and_service,Obukhovo,2032-12-13T16:10,2032-12-13T20:10,4,scheduled,,2032-12-13T16:10,2032-12-21T22:10,3500000
RSCH-001304,JOB-002337,EVS360-033,IS510,inspection_and_service,Obukhovo,2032-11-28T18:10,2032-11-29T04:10,10,scheduled,,2032-11-27T14:10,2032-12-21T23:20,1875000
RSCH-001305,JOB-001550,EVS360-022,IS200,inspection_and_service,Obukhovo,2032-12-13T21:50,2032-12-14T01:50,4,scheduled,,2032-12-13T21:50,2032-12-22T09:50,2675000
RSCH-001306,JOB-001622,EVS360-023,IS200,inspection_and_service,Obukhovo,2032-12-13T22:10,2032-12-14T02:10,4,scheduled,,2032-12-13T22:10,2032-12-22T10:10,2650000
RSCH-001307,JOB-000106,EVS360-002,IS510,inspection_and_service,Obukhovo,2032-11-28T22:50,2032-11-29T08:50,10,scheduled,,2032-11-28T10:10,2032-12-22T19:50,3975000
RSCH-001308,JOB-001116,EVS360-016,IS100,inspection_and_service,Obukhovo,2032-12-21T14:50,2032-12-21T16:50,2,scheduled,,2032-12-21T14:50,2032-12-23T09:20,3137500
RSCH-001309,JOB-000757,EVS360-011,IS200,inspection_and_service,Obukhovo,2032-12-15T20:35,2032-12-16T00:35,4,scheduled,,2032-12-15T09:50,2032-12-23T16:10,3325000
RSCH-001310,JOB-001260,EVS360-018,IS100,inspection_and_service,Obukhovo,2032-12-22T18:10,2032-12-22T20:10,2,scheduled,,2032-12-22T08:35,2032-12-24T11:50,2937500
RSCH-001311,JOB-001405,EVS360-020,IS200,inspection_and_service,Obukhovo,2032-12-17T09:20,2032-12-17T13:20,4,scheduled,,2032-12-16T16:10,2032-12-24T12:35,2675000
RSCH-001312,JOB-001694,EVS360-024,IS100,inspection_and_service,Obukhovo,2032-12-22T21:20,2032-12-22T23:20,2,scheduled,,2032-12-22T10:50,2032-12-24T14:10,2412500
RSCH-001313,JOB-001766,EVS360-025,IS100,inspection_and_service,Obukhovo,2032-12-22T21:50,2032-12-22T23:50,2,scheduled,,2032-12-22T21:50,2032-12-24T14:50,2262500
RSCH-001314,JOB-000253,EVS360-004,IS100,inspection_and_service,Obukhovo,2032-12-22T11:20,2032-12-22T13:20,2,scheduled,,2032-12-22T11:20,2032-12-24T14:50,3687500
RSCH-001315,JOB-001259,EVS360-018,IS510,inspection_and_service,Obukhovo,2032-12-02T16:50,2032-12-03T02:50,10,scheduled,,2032-11-30T12:50,2032-12-24T22:10,2925000
RSCH-001316,JOB-001478,EVS360-021,IS200,inspection_and_service,Obukhovo,2032-12-17T09:50,2032-12-17T13:50,4,scheduled,,2032-12-17T09:50,2032-12-24T23:20,2800000
RSCH-001317,JOB-000252,EVS360-004,IS510,inspection_and_service,Obukhovo,2032-12-05T15:50,2032-12-06T01:50,10,scheduled,,2032-12-01T08:35,2032-12-25T16:50,3675000
RSCH-001318,JOB-002052,EVS360-029,IS100,inspection_and_service,Obukhovo,2032-12-24T08:35,2032-12-24T10:35,2,scheduled,,2032-12-23T14:50,2032-12-25T19:50,1987500
RSCH-001319,JOB-001333,EVS360-019,IS100,inspection_and_service,Obukhovo,2032-12-23T20:50,2032-12-23T22:50,2,scheduled,,2032-12-23T20:50,2032-12-26T00:10,2962500
RSCH-001320,JOB-000470,EVS360-007,IS200,inspection_and_service,Obukhovo,2032-12-17T22:10,2032-12-18T02:10,4,scheduled,,2032-12-17T22:10,2032-12-26T10:10,3725000
RSCH-001321,JOB-002195,EVS360-031,IS200,inspection_and_service,Obukhovo,2032-12-18T16:10,2032-12-18T20:10,4,scheduled,,2032-12-18T16:10,2032-12-26T12:50,1975000
RSCH-001322,JOB-002193,EVS360-031,IS520,inspection_and_service,Obukhovo,,,16,unscheduled,no_depot_window_before_deadline,2032-11-07T12:35,2032-12-26T12:50,1950000
RSCH-001323,JOB-000973,EVS360-014,IS200,inspection_and_service,Obukhovo,2032-12-18T08:35,2032-12-18T12:35,4,scheduled,,2032-12-18T08:35,2032-12-26T13:20,3175000
RSCH-001324,JOB-000971,EVS360-014,IS520,inspection_and_service,Obukhovo,,,16,unscheduled,no_depot_window_before_deadline,2032-11-06T21:50,2032-12-26T13:20,3150000
RSCH-001325,JOB-002411,EVS360-034,IS100,inspection_and_service,Obukhovo,2032-12-24T10:50,2032-12-24T12:50,2,scheduled,,2032-12-24T10:50,2032-12-26T14:10,1737500
RSCH-001326,JOB-000542,EVS360-008,IS200,inspection_and_service,Obukhovo,2032-12-19T00:10,2032-12-19T04:10,4,scheduled,,2032-12-19T00:10,2032-12-26T21:20,3800000
RSCH-001327,JOB-002703,EVS360-038,IS100,inspection_and_service,Obukhovo,2032-12-25T14:10,2032-12-25T16:10,2,scheduled,,2032-12-24T21:50,2032-12-27T08:50,1487500
RSCH-001328,JOB-002410,EVS360-034,IS510,inspection_and_service,Obukhovo,2032-12-07T15:20,2032-12-08T01:20,10,scheduled,,2032-12-03T08:10,2032-12-27T16:10,1725000
RSCH-001329,JOB-000181,EVS360-003,IS100,inspection_and_service,Obukhovo,2032-12-25T16:10,2032-12-25T18:10,2,scheduled,,2032-12-25T16:10,2032-12-27T20:50,3812500
RSCH-001330,JOB-002776,EVS360-039,IS200,inspection_and_service,Obukhovo,2032-12-19T22:35,2032-12-20T02:35,4,scheduled,,2032-12-19T22:35,2032-12-28T10:50,1400000
RSCH-001331,JOB-000685,EVS360-010,IS200,inspection_and_service,Obukhovo,2032-12-20T10:10,2032-12-20T14:10,4,scheduled,,2032-12-20T10:10,2032-12-28T15:20,3650000
RSCH-001332,JOB-002483,EVS360-035,IS100,inspection_and_service,Obukhovo,2032-12-26T14:50,2032-12-26T16:50,2,scheduled,,2032-12-26T14:50,2032-12-28T19:50,1587500
RSCH-001333,JOB-001981,EVS360-028,IS200,inspection_and_service,Obukhovo,2032-12-21T21:20,2032-12-22T01:20,4,scheduled,,2032-12-21T10:50,2032-12-29T08:10,2150000
RSCH-001334,JOB-000829,EVS360-012,IS100,inspection_and_service,Obukhovo,2032-12-26T22:50,2032-12-27T00:50,2,scheduled,,2032-12-26T22:50,2032-12-29T09:50,3512500
RSCH-001335,JOB-001551,EVS360-022,IS100,inspection_and_service,Obukhovo,2032-12-27T10:50,2032-12-27T12:50,2,scheduled,,2032-12-27T10:50,2032-12-29T14:10,2687500
RSCH-001336,JOB-001623,EVS360-023,IS100,inspection_and_service,Obukhovo,2032-12-27T11:20,2032-12-27T13:20,2,scheduled,,2032-12-27T11:20,2032-12-29T14:50,2662500
RSCH-001337,JOB-001838,EVS360-026,IS100,inspection_and_service,Obukhovo,2032-12-27T12:35,2032-12-27T14:35,2,scheduled,,2032-12-27T12:35,2032-12-29T16:10,2412500
RSCH-001338,JOB-002482,EVS360-035,IS510,inspection_and_service,Obukhovo,2032-12-07T15:50,2032-12-08T01:50,10,scheduled,,2032-12-04T19:50,2032-12-29T21:20,1575000
RSCH-001339,JOB-001045,EVS360-015,IS100,inspection_and_service,Obukhovo,2032-12-29T11:20,2032-12-29T13:20,2,scheduled,,2032-12-28T18:50,2032-12-30T12:50,3162500
RSCH-001340,JOB-000326,EVS360-005,IS200,inspection_and_service,Obukhovo,2032-12-23T13:20,2032-12-23T17:20,4,scheduled,,2032-12-22T20:50,2032-12-30T17:20,3550000
RSCH-001341,JOB-000398,EVS360-006,IS100,inspection_and_service,Obukhovo,2032-12-28T23:50,2032-12-29T01:50,2,scheduled,,2032-12-28T23:50,2032-12-30T18:10,3912500
RSCH-001342,JOB-000758,EVS360-011,IS100,inspection_and_service,Obukhovo,2032-12-29T09:20,2032-12-29T11:20,2,scheduled,,2032-12-28T16:10,2032-12-30T20:35,3337500
RSCH-001343,JOB-001406,EVS360-020,IS100,inspection_and_service,Obukhovo,2032-12-29T13:20,2032-12-29T15:20,2,scheduled,,2032-12-29T13:20,2032-12-31T17:20,2687500
RSCH-001344,JOB-002556,EVS360-036,IS200,inspection_and_service,Obukhovo,2032-12-24T11:50,2032-12-24T15:50,4,scheduled,,2032-12-23T19:20,2033-01-01T08:35,1600000
RSCH-001345,JOB-001479,EVS360-021,IS100,inspection_and_service,Obukhovo,2032-12-30T15:50,2032-12-30T17:50,2,scheduled,,2032-12-30T15:50,2033-01-01T09:50,2812500
RSCH-001346,JOB-001910,EVS360-027,IS100,inspection_and_service,Obukhovo,2032-12-30T19:50,2032-12-30T21:50,2,scheduled,,2032-12-30T19:50,2033-01-01T12:35,2337500
RSCH-001347,JOB-000614,EVS360-009,IS100,inspection_and_service,Obukhovo,2032-12-30T10:10,2032-12-30T12:10,2,scheduled,,2032-12-30T10:10,2033-01-01T13:50,3537500
RSCH-001348,JOB-002266,EVS360-032,IS200,inspection_and_service,Obukhovo,2032-12-24T09:50,2032-12-24T13:50,4,scheduled,,2032-12-24T09:50,2033-01-01T14:50,1825000
RSCH-001349,JOB-000901,EVS360-013,IS200,inspection_and_service,Obukhovo,2032-12-24T20:10,2032-12-25T00:10,4,scheduled,,2032-12-24T09:35,2033-01-01T15:50,3400000
RSCH-001350,JOB-000974,EVS360-014,IS100,inspection_and_service,Obukhovo,2032-12-31T14:10,2032-12-31T16:10,2,scheduled,,2032-12-31T14:10,2033-01-02T08:50,3187500
RSCH-001351,JOB-001909,EVS360-027,IS510,inspection_and_service,Obukhovo,2032-12-09T15:50,2032-12-10T01:50,10,scheduled,,2032-12-08T23:20,2033-01-02T14:10,2325000
RSCH-001352,JOB-000471,EVS360-007,IS100,inspection_and_service,Obukhovo,2032-12-31T11:20,2032-12-31T13:20,2,scheduled,,2032-12-31T11:20,2033-01-02T14:50,3737500
RSCH-001353,JOB-001977,EVS360-028,IS530,inspection_and_service,Obukhovo,,,36,unscheduled,no_depot_window_before_deadline,2032-09-25T22:35,2033-01-02T14:50,2100000
RSCH-001354,JOB-000613,EVS360-009,IS510,inspection_and_service,Obukhovo,2032-12-09T00:10,2032-12-09T10:10,10,scheduled,,2032-12-08T13:50,2033-01-02T15:50,3525000
RSCH-001355,JOB-002196,EVS360-031,IS100,inspection_and_service,Obukhovo,2032-12-31T22:50,2033-01-01T00:50,2,scheduled,,2032-12-31T12:35,2033-01-02T16:50,1987500
RSCH-001356,JOB-001189,EVS360-017,IS200,inspection_and_service,Obukhovo,2032-12-25T23:20,2032-12-26T03:20,4,scheduled,,2032-12-25T23:20,2033-01-02T20:35,2875000
RSCH-001357,JOB-001187,EVS360-017,IS520,inspection_and_service,Obukhovo,,,16,unscheduled,no_depot_window_before_deadline,2032-11-14T20:10,2033-01-02T20:35,2850000
RSCH-001358,JOB-000543,EVS360-008,IS100,inspection_and_service,Obukhovo,2033-01-01T13:20,2033-01-01T15:20,2,scheduled,,2033-01-01T13:20,2033-01-03T08:10,3812500
RSCH-001359,JOB-002339,EVS360-033,IS200,inspection_and_service,Obukhovo,2032-12-26T13:50,2032-12-26T17:50,4,scheduled,,2032-12-26T13:50,2033-01-03T10:50,1900000
RSCH-001360,JOB-000036,EVS360-001,IS100,inspection_and_service,Obukhovo,2033-01-01T10:10,2033-01-01T12:10,2,scheduled,,2033-01-01T10:10,2033-01-03T13:50,3987500
RSCH-001361,JOB-002630,EVS360-037,IS200,inspection_and_service,Obukhovo,2032-12-26T15:50,2032-12-26T19:50,4,scheduled,,2032-12-26T15:50,2033-01-03T21:50,1475000
RSCH-001362,JOB-000108,EVS360-002,IS200,inspection_and_service,Obukhovo,2032-12-26T18:10,2032-12-26T22:10,4,scheduled,,2032-12-26T18:10,2033-01-03T23:50,4000000
RSCH-001363,JOB-000686,EVS360-010,IS100,inspection_and_service,Obukhovo,2033-01-02T16:10,2033-01-02T18:10,2,scheduled,,2033-01-02T16:10,2033-01-04T10:10,3662500
RSCH-001364,JOB-002777,EVS360-039,IS100,inspection_and_service,Obukhovo,2033-01-02T11:50,2033-01-02T13:50,2,scheduled,,2033-01-02T11:50,2033-01-04T15:20,1412500
RSCH-001365,JOB-000035,EVS360-001,IS510,inspection_and_service,Obukhovo,2032-12-11T00:10,2032-12-11T10:10,10,scheduled,,2032-12-10T13:50,2033-01-04T15:50,3975000
RSCH-001366,JOB-001982,EVS360-028,IS100,inspection_and_service,Obukhovo,2033-01-04T10:10,2033-01-04T12:10,2,scheduled,,2033-01-03T17:20,2033-01-05T12:10,2162500
RSCH-001367,JOB-001261,EVS360-018,IS200,inspection_and_service,Obukhovo,2032-12-29T12:35,2032-12-29T16:35,4,scheduled,,2032-12-29T12:35,2033-01-06T09:20,2950000
RSCH-001368,JOB-001695,EVS360-024,IS200,inspection_and_service,Obukhovo,2032-12-29T15:20,2032-12-29T19:20,4,scheduled,,2032-12-29T15:20,2033-01-06T21:20,2425000
RSCH-001369,JOB-001767,EVS360-025,IS200,inspection_and_service,Obukhovo,2032-12-29T15:50,2032-12-29T19:50,4,scheduled,,2032-12-29T15:50,2033-01-06T21:50,2275000
RSCH-001370,JOB-000254,EVS360-004,IS200,inspection_and_service,Obukhovo,2032-12-30T08:10,2032-12-30T12:10,4,scheduled,,2032-12-29T14:10,2033-01-06T21:50,3700000
RSCH-001371,JOB-001765,EVS360-025,IS520,inspection_and_service,Obukhovo,,,16,unscheduled,no_depot_window_before_deadline,2032-11-18T21:20,2033-01-06T21:50,2250000
RSCH-001372,JOB-000327,EVS360-005,IS100,inspection_and_service,Obukhovo,2033-01-05T20:35,2033-01-05T22:35,2,scheduled,,2033-01-05T09:50,2033-01-06T22:10,3562500
RSCH-001373,JOB-002053,EVS360-029,IS200,inspection_and_service,Obukhovo,2032-12-30T20:35,2032-12-31T00:35,4,scheduled,,2032-12-30T20:35,2033-01-08T08:50,2000000
RSCH-001374,JOB-002557,EVS360-036,IS100,inspection_and_service,Obukhovo,2033-01-06T18:10,2033-01-06T20:10,2,scheduled,,2033-01-06T08:35,2033-01-08T11:50,1612500
RSCH-001375,JOB-001334,EVS360-019,IS200,inspection_and_service,Obukhovo,2032-12-31T16:50,2032-12-31T20:50,4,scheduled,,2032-12-31T00:10,2033-01-08T13:20,2975000
RSCH-001376,JOB-000902,EVS360-013,IS100,inspection_and_service,Obukhovo,2033-01-07T08:50,2033-01-07T10:50,2,scheduled,,2033-01-06T15:20,2033-01-08T20:10,3412500
RSCH-001377,JOB-002267,EVS360-032,IS100,inspection_and_service,Obukhovo,2033-01-06T15:50,2033-01-06T17:50,2,scheduled,,2033-01-06T15:50,2033-01-08T20:35,1837500
RSCH-001378,JOB-002412,EVS360-034,IS200,inspection_and_service,Obukhovo,2033-01-01T00:10,2033-01-01T04:10,4,scheduled,,2032-12-31T13:50,2033-01-08T21:20,1750000
RSCH-001379,JOB-001190,EVS360-017,IS100,inspection_and_service,Obukhovo,2033-01-08T12:35,2033-01-08T14:35,2,scheduled,,2033-01-08T12:35,2033-01-09T23:50,2887500
RSCH-001380,JOB-002340,EVS360-033,IS100,inspection_and_service,Obukhovo,2033-01-08T20:50,2033-01-08T22:50,2,scheduled,,2033-01-08T20:50,2033-01-10T13:50,1912500
RSCH-001381,JOB-002631,EVS360-037,IS100,inspection_and_service,Obukhovo,2033-01-08T22:35,2033-01-09T00:35,2,scheduled,,2033-01-08T22:35,2033-01-10T16:10,1487500
RSCH-001382,JOB-002484,EVS360-035,IS200,inspection_and_service,Obukhovo,2033-01-03T11:50,2033-01-03T15:50,4,scheduled,,2033-01-02T19:20,2033-01-11T08:35,1600000
RSCH-001383,JOB-000109,EVS360-002,IS100,inspection_and_service,Obukhovo,2033-01-09T00:10,2033-01-09T02:10,2,scheduled,,2033-01-09T00:10,2033-01-11T11:20,4012500
RSCH-001384,JOB-002125,EVS360-030,IS100,inspection_and_service,Obukhovo,2033-01-09T21:20,2033-01-09T23:20,2,scheduled,,2033-01-09T10:50,2033-01-11T14:10,1962500
RSCH-001385,JOB-001624,EVS360-023,IS200,inspection_and_service,Obukhovo,2033-01-04T08:10,2033-01-04T12:10,4,scheduled,,2033-01-03T14:10,2033-01-11T21:50,2675000
RSCH-001386,JOB-001839,EVS360-026,IS200,inspection_and_service,Obukhovo,2033-01-04T09:20,2033-01-04T13:20,4,scheduled,,2033-01-03T16:10,2033-01-11T22:50,2425000
RSCH-001387,JOB-001046,EVS360-015,IS200,inspection_and_service,Obukhovo,2033-01-04T22:50,2033-01-05T02:50,4,scheduled,,2033-01-04T12:35,2033-01-12T20:10,3175000
RSCH-001388,JOB-001044,EVS360-015,IS520,inspection_and_service,Obukhovo,,,16,unscheduled,no_depot_window_before_deadline,2032-11-24T19:50,2033-01-12T20:10,3150000
RSCH-001389,JOB-001118,EVS360-016,IS100,inspection_and_service,Obukhovo,2033-01-11T18:10,2033-01-11T20:10,2,scheduled,,2033-01-11T08:35,2033-01-12T20:35,3162500
RSCH-001390,JOB-000399,EVS360-006,IS200,inspection_and_service,Obukhovo,2033-01-05T20:50,2033-01-06T00:50,4,scheduled,,2033-01-05T10:10,2033-01-13T00:10,3925000
RSCH-001391,JOB-000759,EVS360-011,IS200,inspection_and_service,Obukhovo,2033-01-04T21:20,2033-01-05T01:20,4,scheduled,,2033-01-04T21:20,2033-01-13T09:35,3350000
RSCH-001392,JOB-001262,EVS360-018,IS100,inspection_and_service,Obukhovo,2033-01-11T19:50,2033-01-11T21:50,2,scheduled,,2033-01-11T19:50,2033-01-13T12:35,2962500
RSCH-001393,JOB-000255,EVS360-004,IS100,inspection_and_service,Obukhovo,2033-01-12T13:50,2033-01-12T15:50,2,scheduled,,2033-01-11T21:20,2033-01-14T08:35,3712500
RSCH-001394,JOB-001696,EVS360-024,IS100,inspection_and_service,Obukhovo,2033-01-11T22:10,2033-01-12T00:10,2,scheduled,,2033-01-11T22:10,2033-01-14T08:50,2437500
RSCH-001395,JOB-001768,EVS360-025,IS100,inspection_and_service,Obukhovo,2033-01-11T22:35,2033-01-12T00:35,2,scheduled,,2033-01-11T22:35,2033-01-14T09:20,2287500
RSCH-001396,JOB-001480,EVS360-021,IS200,inspection_and_service,Obukhovo,2033-01-07T12:35,2033-01-07T16:35,4,scheduled,,2033-01-06T20:10,2033-01-14T16:10,2825000
RSCH-001397,JOB-001911,EVS360-027,IS200,inspection_and_service,Obukhovo,2033-01-07T15:20,2033-01-07T19:20,4,scheduled,,2033-01-06T22:50,2033-01-14T19:50,2350000
RSCH-001398,JOB-000615,EVS360-009,IS200,inspection_and_service,Obukhovo,2033-01-06T23:50,2033-01-07T03:50,4,scheduled,,2033-01-06T13:20,2033-01-14T20:50,3550000
RSCH-001399,JOB-002054,EVS360-029,IS100,inspection_and_service,Obukhovo,2033-01-13T09:20,2033-01-13T11:20,2,scheduled,,2033-01-13T09:20,2033-01-15T12:50,2012500
RSCH-001400,JOB-000975,EVS360-014,IS200,inspection_and_service,Obukhovo,2033-01-08T11:20,2033-01-08T15:20,4,scheduled,,2033-01-07T18:50,2033-01-15T14:10,3200000
RSCH-001401,JOB-002331,EVS360-033,IS540,inspection_and_service,Obukhovo,,,56,unscheduled,no_depot_window_before_deadline,2032-07-02T20:35,2033-01-15T14:50,1800000
RSCH-001402,JOB-001335,EVS360-019,IS100,inspection_and_service,Obukhovo,2033-01-13T23:20,2033-01-14T01:20,2,scheduled,,2033-01-13T12:50,2033-01-15T17:20,2987500
RSCH-001403,JOB-002197,EVS360-031,IS200,inspection_and_service,Obukhovo,2033-01-07T17:20,2033-01-07T21:20,4,scheduled,,2033-01-07T17:20,2033-01-15T23:20,2000000
RSCH-001404,JOB-002413,EVS360-034,IS100,inspection_and_service,Obukhovo,2033-01-14T13:20,2033-01-14T15:20,2,scheduled,,2033-01-13T20:50,2033-01-16T08:10,1762500
RSCH-001405,JOB-002705,EVS360-038,IS100,inspection_and_service,Obukhovo,2033-01-14T15:20,2033-01-14T17:20,2,scheduled,,2033-01-14T15:20,2033-01-16T20:10,1512500
RSCH-001406,JOB-000037,EVS360-001,IS200,inspection_and_service,Obukhovo,2033-01-08T23:50,2033-01-09T03:50,4,scheduled,,2033-01-08T13:20,2033-01-16T20:50,4000000
RSCH-001407,JOB-000755,EVS360-011,IS530,inspection_and_service,Obukhovo,,,36,unscheduled,no_depot_window_before_deadline,2032-10-10T13:50,2033-01-17T08:35,3300000
RSCH-001408,JOB-000183,EVS360-003,IS100,inspection_and_service,Obukhovo,2033-01-15T20:10,2033-01-15T22:10,2,scheduled,,2033-01-15T09:35,2033-01-17T12:50,3837500
RSCH-001409,JOB-000831,EVS360-012,IS100,inspection_and_service,Obukhovo,2033-01-17T08:50,2033-01-17T10:50,2,scheduled,,2033-01-16T15:20,2033-01-18T10:50,3537500
RSCH-001410,JOB-002485,EVS360-035,IS100,inspection_and_service,Obukhovo,2033-01-16T18:10,2033-01-16T20:10,2,scheduled,,2033-01-16T08:35,2033-01-18T11:50,1612500
RSCH-001411,JOB-000182,EVS360-003,IS510,inspection_and_service,Obukhovo,2032-12-25T18:10,2032-12-26T04:10,10,scheduled,,2032-12-24T14:10,2033-01-18T14:50,3825000
RSCH-001412,JOB-000164,EVS360-003,IS600,revision,Obukhovo,,,384,unscheduled,no_depot_window_before_deadline,2032-01-05T00:00,2033-01-18T14:50,3600000
RSCH-001413,JOB-001553,EVS360-022,IS100,inspection_and_service,Obukhovo,2033-01-17T13:20,2033-01-17T15:20,2,scheduled,,2033-01-16T20:50,2033-01-19T08:10,2712500
RSCH-001414,JOB-001625,EVS360-023,IS100,inspection_and_service,Obukhovo,2033-01-17T13:50,2033-01-17T15:50,2,scheduled,,2033-01-16T21:20,2033-01-19T08:35,2687500
RSCH-001415,JOB-001840,EVS360-026,IS100,inspection_and_service,Obukhovo,2033-01-17T15:20,2033-01-17T17:20,2,scheduled,,2033-01-16T22:50,2033-01-19T09:35,2437500
RSCH-001416,JOB-000830,EVS360-012,IS510,inspection_and_service,Obukhovo,2032-12-25T21:20,2032-12-26T07:20,10,scheduled,,2032-12-25T21:20,2033-01-19T12:35,3525000
RSCH-001417,JOB-001047,EVS360-015,IS100,inspection_and_service,Obukhovo,2033-01-18T12:10,2033-01-18T14:10,2,scheduled,,2033-01-17T19:50,2033-01-19T23:20,3187500
RSCH-001418,JOB-000328,EVS360-005,IS200,inspection_and_service,Obukhovo,2033-01-12T14:10,2033-01-12T18:10,4,scheduled,,2033-01-12T14:10,2033-01-20T11:20,3575000
RSCH-001419,JOB-000400,EVS360-006,IS100,inspection_and_service,Obukhovo,2033-01-19T09:50,2033-01-19T11:50,2,scheduled,,2033-01-18T16:50,2033-01-20T11:50,3937500
RSCH-001420,JOB-000760,EVS360-011,IS100,inspection_and_service,Obukhovo,2033-01-18T10:10,2033-01-18T12:10,2,scheduled,,2033-01-18T10:10,2033-01-20T13:50,3362500
RSCH-001421,JOB-001408,EVS360-020,IS100,inspection_and_service,Obukhovo,2033-01-19T16:10,2033-01-19T18:10,2,scheduled,,2033-01-18T23:50,2033-01-21T10:10,2712500
RSCH-001422,JOB-002268,EVS360-032,IS200,inspection_and_service,Obukhovo,2033-01-14T12:35,2033-01-14T16:35,4,scheduled,,2033-01-13T20:10,2033-01-21T16:10,1850000
RSCH-001423,JOB-002558,EVS360-036,IS200,inspection_and_service,Obukhovo,2033-01-13T12:35,2033-01-13T16:35,4,scheduled,,2033-01-13T12:35,2033-01-21T18:50,1625000
RSCH-001424,JOB-001481,EVS360-021,IS100,inspection_and_service,Obukhovo,2033-01-20T19:50,2033-01-20T21:50,2,scheduled,,2033-01-20T09:20,2033-01-21T21:20,2837500
RSCH-001425,JOB-001912,EVS360-027,IS100,inspection_and_service,Obukhovo,2033-01-19T20:35,2033-01-19T22:35,2,scheduled,,2033-01-19T20:35,2033-01-21T23:50,2362500
RSCH-001426,JOB-000616,EVS360-009,IS100,inspection_and_service,Obukhovo,2033-01-20T12:50,2033-01-20T14:50,2,scheduled,,2033-01-19T20:35,2033-01-22T00:10,3562500
RSCH-001427,JOB-000903,EVS360-013,IS200,inspection_and_service,Obukhovo,2033-01-13T20:50,2033-01-14T00:50,4,scheduled,,2033-01-13T20:50,2033-01-22T09:20,3425000
RSCH-001428,JOB-000473,EVS360-007,IS100,inspection_and_service,Obukhovo,2033-01-21T13:50,2033-01-21T15:50,2,scheduled,,2033-01-20T21:20,2033-01-22T15:50,3762500
RSCH-001429,JOB-000976,EVS360-014,IS100,inspection_and_service,Obukhovo,2033-01-21T17:20,2033-01-21T19:20,2,scheduled,,2033-01-21T08:10,2033-01-22T20:10,3212500
RSCH-001430,JOB-002198,EVS360-031,IS100,inspection_and_service,Obukhovo,2033-01-20T23:50,2033-01-21T01:50,2,scheduled,,2033-01-20T23:50,2033-01-23T10:50,2012500
RSCH-001431,JOB-001191,EVS360-017,IS200,inspection_and_service,Obukhovo,2033-01-15T00:10,2033-01-15T04:10,4,scheduled,,2033-01-15T00:10,2033-01-23T12:35,2900000
RSCH-001432,JOB-000545,EVS360-008,IS100,inspection_and_service,Obukhovo,2033-01-22T16:10,2033-01-22T18:10,2,scheduled,,2033-01-21T23:50,2033-01-23T18:50,3837500
RSCH-001433,JOB-002341,EVS360-033,IS200,inspection_and_service,Obukhovo,2033-01-15T14:50,2033-01-15T18:50,4,scheduled,,2033-01-15T14:50,2033-01-23T20:50,1925000
RSCH-001434,JOB-000038,EVS360-001,IS100,inspection_and_service,Obukhovo,2033-01-22T12:50,2033-01-22T14:50,2,scheduled,,2033-01-21T20:35,2033-01-24T00:10,4012500
RSCH-001435,JOB-000110,EVS360-002,IS200,inspection_and_service,Obukhovo,2033-01-16T21:20,2033-01-17T01:20,4,scheduled,,2033-01-16T10:50,2033-01-24T17:20,4025000
RSCH-001436,JOB-000544,EVS360-008,IS510,inspection_and_service,Obukhovo,2033-01-02T15:20,2033-01-03T01:20,10,scheduled,,2032-12-31T11:50,2033-01-24T20:50,3825000
RSCH-001437,JOB-000526,EVS360-008,IS600,revision,Obukhovo,,,384,unscheduled,no_depot_window_before_deadline,2032-01-05T00:00,2033-01-24T20:50,3600000
RSCH-001438,JOB-002126,EVS360-030,IS200,inspection_and_service,Obukhovo,2033-01-16T15:20,2033-01-16T19:20,4,scheduled,,2033-01-16T15:20,2033-01-24T21:20,1975000
RSCH-001439,JOB-002124,EVS360-030,IS520,inspection_and_service,Obukhovo,,,16,unscheduled,no_depot_window_before_deadline,2032-12-06T11:50,2033-01-24T21:20,1950000
RSCH-001440,JOB-000688,EVS360-010,IS100,inspection_and_service,Obukhovo,2033-01-23T20:10,2033-01-23T22:10,2,scheduled,,2033-01-23T09:35,2033-01-24T21:50,3687500
RSCH-001441,JOB-002779,EVS360-039,IS100,inspection_and_service,Obukhovo,2033-01-23T14:10,2033-01-23T16:10,2,scheduled,,2033-01-22T21:50,2033-01-25T08:50,1437500
RSCH-001442,JOB-002778,EVS360-039,IS510,inspection_and_service,Obukhovo,2033-01-04T15:20,2033-01-05T01:20,10,scheduled,,2033-01-01T09:50,2033-01-25T18:50,1425000
RSCH-001443,JOB-002760,EVS360-039,IS600,revision,Obukhovo,,,384,unscheduled,no_depot_window_before_deadline,2032-01-05T00:00,2033-01-25T18:50,1200000
RSCH-001444,JOB-001984,EVS360-028,IS100,inspection_and_service,Obukhovo,2033-01-24T11:20,2033-01-24T13:20,2,scheduled,,2033-01-24T11:20,2033-01-25T22:10,2187500
RSCH-001445,JOB-000687,EVS360-010,IS510,inspection_and_service,Obukhovo,2033-01-02T18:10,2033-01-03T04:10,10,scheduled,,2033-01-01T14:10,2033-01-25T23:20,3675000
RSCH-001446,JOB-001119,EVS360-016,IS200,inspection_and_service,Obukhovo,2033-01-18T12:35,2033-01-18T16:35,4,scheduled,,2033-01-18T12:35,2033-01-26T09:20,3175000
RSCH-001447,JOB-001117,EVS360-016,IS520,inspection_and_service,Obukhovo,,,16,unscheduled,no_depot_window_before_deadline,2032-12-08T08:50,2033-01-26T09:20,3150000
RSCH-001448,JOB-001263,EVS360-018,IS200,inspection_and_service,Obukhovo,2033-01-19T15:20,2033-01-19T19:20,4,scheduled,,2033-01-18T22:50,2033-01-26T19:50,2975000
RSCH-001449,JOB-001697,EVS360-024,IS200,inspection_and_service,Obukhovo,2033-01-19T18:50,2033-01-19T22:50,4,scheduled,,2033-01-19T08:50,2033-01-26T22:10,2450000
RSCH-001450,JOB-001983,EVS360-028,IS510,inspection_and_service,Obukhovo,2033-01-07T15:50,2033-01-08T01:50,10,scheduled,,2033-01-02T14:50,2033-01-27T00:10,2175000
RSCH-001451,JOB-000256,EVS360-004,IS200,inspection_and_service,Obukhovo,2033-01-19T08:50,2033-01-19T12:50,4,scheduled,,2033-01-19T08:50,2033-01-27T13:50,3725000
RSCH-001452,JOB-000329,EVS360-005,IS100,inspection_and_service,Obukhovo,2033-01-25T21:20,2033-01-25T23:20,2,scheduled,,2033-01-25T21:20,2033-01-27T14:10,3587500
RSCH-001453,JOB-001769,EVS360-025,IS200,inspection_and_service,Obukhovo,2033-01-19T19:50,2033-01-19T23:50,4,scheduled,,2033-01-19T09:20,2033-01-27T15:20,2300000
RSCH-001454,JOB-002559,EVS360-036,IS100,inspection_and_service,Obukhovo,2033-01-26T19:50,2033-01-26T21:50,2,scheduled,,2033-01-26T19:50,2033-01-28T12:35,1637500
RSCH-001455,JOB-002269,EVS360-032,IS100,inspection_and_service,Obukhovo,2033-01-27T19:50,2033-01-27T21:50,2,scheduled,,2033-01-27T09:20,2033-01-28T21:20,1862500
RSCH-001456,JOB-000904,EVS360-013,IS100,inspection_and_service,Obukhovo,2033-01-27T09:50,2033-01-27T11:50,2,scheduled,,2033-01-27T09:50,2033-01-29T13:20,3437500
RSCH-001457,JOB-002414,EVS360-034,IS200,inspection_and_service,Obukhovo,2033-01-21T08:35,2033-01-21T12:35,4,scheduled,,2033-01-21T08:35,2033-01-29T13:20,1775000
RSCH-001458,JOB-002706,EVS360-038,IS200,inspection_and_service,Obukhovo,2033-01-22T12:10,2033-01-22T16:10,4,scheduled,,2033-01-21T19:50,2033-01-30T08:50,1525000
RSCH-001459,JOB-001192,EVS360-017,IS100,inspection_and_service,Obukhovo,2033-01-28T13:20,2033-01-28T15:20,2,scheduled,,2033-01-28T13:20,2033-01-30T17:20,2912500
RSCH-001460,JOB-000184,EVS360-003,IS200,inspection_and_service,Obukhovo,2033-01-22T13:50,2033-01-22T17:50,4,scheduled,,2033-01-22T13:50,2033-01-30T20:10,3850000
RSCH-001461,JOB-002342,EVS360-033,IS100,inspection_and_service,Obukhovo,2033-01-28T21:50,2033-01-28T23:50,2,scheduled,,2033-01-28T21:50,2033-01-31T08:35,1937500
RSCH-001462,JOB-002633,EVS360-037,IS100,inspection_and_service,Obukhovo,2033-01-30T08:35,2033-01-30T10:35,2,scheduled,,2033-01-29T14:50,2033-01-31T10:10,1512500
RSCH-001463,JOB-000832,EVS360-012,IS200,inspection_and_service,Obukhovo,2033-01-23T20:50,2033-01-24T00:50,4,scheduled,,2033-01-23T20:50,2033-01-31T16:50,3550000
RSCH-001464,JOB-002486,EVS360-035,IS200,inspection_and_service,Obukhovo,2033-01-23T12:35,2033-01-23T16:35,4,scheduled,,2033-01-23T12:35,2033-01-31T18:50,1625000
RSCH-001465,JOB-000111,EVS360-002,IS100,inspection_and_service,Obukhovo,2033-01-30T10:10,2033-01-30T12:10,2,scheduled,,2033-01-29T17:20,2033-01-31T21:20,4037500
RSCH-001466,JOB-002127,EVS360-030,IS100,inspection_and_service,Obukhovo,2033-01-29T22:10,2033-01-30T00:10,2,scheduled,,2033-01-29T22:10,2033-02-01T08:50,1987500
RSCH-001467,JOB-001554,EVS360-022,IS200,inspection_and_service,Obukhovo,2033-01-24T08:35,2033-01-24T12:35,4,scheduled,,2033-01-24T08:35,2033-02-01T13:20,2725000
RSCH-001468,JOB-001841,EVS360-026,IS200,inspection_and_service,Obukhovo,2033-01-24T10:10,2033-01-24T14:10,4,scheduled,,2033-01-24T10:10,2033-02-01T15:20,2450000
RSCH-001469,JOB-001048,EVS360-015,IS200,inspection_and_service,Obukhovo,2033-01-24T23:50,2033-01-25T03:50,4,scheduled,,2033-01-24T23:50,2033-02-02T12:10,3200000
RSCH-001470,JOB-001120,EVS360-016,IS100,inspection_and_service,Obukhovo,2033-01-31T19:50,2033-01-31T21:50,2,scheduled,,2033-01-31T09:20,2033-02-02T12:35,3187500
RSCH-001471,JOB-000401,EVS360-006,IS200,inspection_and_service,Obukhovo,2033-01-25T21:50,2033-01-26T01:50,4,scheduled,,2033-01-25T11:20,2033-02-02T18:10,3950000
RSCH-001472,JOB-001264,EVS360-018,IS100,inspection_and_service,Obukhovo,2033-01-31T20:35,2033-01-31T22:35,2,scheduled,,2033-01-31T20:35,2033-02-02T23:50,2987500
RSCH-001473,JOB-001698,EVS360-024,IS100,inspection_and_service,Obukhovo,2033-02-02T08:10,2033-02-02T10:10,2,scheduled,,2033-02-01T14:10,2033-02-03T09:50,2462500
RSCH-001474,JOB-001409,EVS360-020,IS200,inspection_and_service,Obukhovo,2033-01-26T11:20,2033-01-26T15:20,4,scheduled,,2033-01-26T11:20,2033-02-03T16:50,2725000
RSCH-001475,JOB-000257,EVS360-004,IS100,inspection_and_service,Obukhovo,2033-02-01T14:50,2033-02-01T16:50,2,scheduled,,2033-02-01T14:50,2033-02-03T19:50,3737500
RSCH-001476,JOB-001770,EVS360-025,IS100,inspection_and_service,Obukhovo,2033-02-02T08:35,2033-02-02T10:35,2,scheduled,,2033-02-01T14:50,2033-02-03T19:50,2312500
RSCH-001477,JOB-000617,EVS360-009,IS200,inspection_and_service,Obukhovo,2033-01-27T08:10,2033-01-27T12:10,4,scheduled,,2033-01-27T08:10,2033-02-03T21:50,3575000
RSCH-001478,JOB-001913,EVS360-027,IS200,inspection_and_service,Obukhovo,2033-01-27T16:10,2033-01-27T20:10,4,scheduled,,2033-01-26T23:50,2033-02-04T12:50,2375000
RSCH-001479,JOB-000474,EVS360-007,IS200,inspection_and_service,Obukhovo,2033-01-28T08:50,2033-01-28T12:50,4,scheduled,,2033-01-28T08:50,2033-02-04T22:35,3775000
RSCH-001480,JOB-000472,EVS360-007,IS520,inspection_and_service,Obukhovo,,,16,unscheduled,no_depot_window_before_deadline,2032-12-17T22:10,2033-02-04T22:35,3750000
RSCH-001481,JOB-002056,EVS360-029,IS100,inspection_and_service,Obukhovo,2033-02-03T12:10,2033-02-03T14:10,2,scheduled,,2033-02-02T19:50,2033-02-04T23:20,2037500
RSCH-001482,JOB-001337,EVS360-019,IS100,inspection_and_service,Obukhovo,2033-02-03T00:10,2033-02-03T02:10,2,scheduled,,2033-02-03T00:10,2033-02-05T11:20,3012500
RSCH-001483,JOB-002415,EVS360-034,IS100,inspection_and_service,Obukhovo,2033-02-03T14:10,2033-02-03T16:10,2,scheduled,,2033-02-03T14:10,2033-02-05T18:50,1787500
RSCH-001484,JOB-000039,EVS360-001,IS200,inspection_and_service,Obukhovo,2033-01-29T08:10,2033-01-29T12:10,4,scheduled,,2033-01-29T08:10,2033-02-05T21:50,4025000
RSCH-001485,JOB-000546,EVS360-008,IS200,inspection_and_service,Obukhovo,2033-01-29T11:20,2033-01-29T15:20,4,scheduled,,2033-01-28T18:50,2033-02-06T08:10,3850000
RSCH-001486,JOB-002055,EVS360-029,IS510,inspection_and_service,Obukhovo,2033-01-12T00:10,2033-01-12T10:10,10,scheduled,,2033-01-12T00:10,2033-02-06T08:35,2025000
RSCH-001487,JOB-002707,EVS360-038,IS100,inspection_and_service,Obukhovo,2033-02-04T18:50,2033-02-04T20:50,2,scheduled,,2033-02-04T08:50,2033-02-06T12:10,1537500
RSCH-001488,JOB-000185,EVS360-003,IS100,inspection_and_service,Obukhovo,2033-02-04T20:50,2033-02-04T22:50,2,scheduled,,2033-02-04T20:50,2033-02-07T00:10,3862500
RSCH-001489,JOB-000397,EVS360-006,IS530,inspection_and_service,Obukhovo,,,36,unscheduled,no_depot_window_before_deadline,2032-10-31T14:10,2033-02-07T08:50,3900000
RSCH-001490,JOB-000689,EVS360-010,IS200,inspection_and_service,Obukhovo,2033-01-30T13:50,2033-01-30T17:50,4,scheduled,,2033-01-29T21:20,2033-02-07T10:50,3700000
RSCH-001491,JOB-002487,EVS360-035,IS100,inspection_and_service,Obukhovo,2033-02-05T19:50,2033-02-05T21:50,2,scheduled,,2033-02-05T19:50,2033-02-07T12:35,1637500
RSCH-001492,JOB-002780,EVS360-039,IS200,inspection_and_service,Obukhovo,2033-01-30T09:20,2033-01-30T13:20,4,scheduled,,2033-01-30T09:20,2033-02-07T14:10,1450000
RSCH-001493,JOB-000833,EVS360-012,IS100,inspection_and_service,Obukhovo,2033-02-06T09:50,2033-02-06T11:50,2,scheduled,,2033-02-05T16:50,2033-02-07T20:50,3562500
RSCH-001494,JOB-001555,EVS360-022,IS100,inspection_and_service,Obukhovo,2033-02-06T14:10,2033-02-06T16:10,2,scheduled,,2033-02-06T14:10,2033-02-08T08:50,2737500
RSCH-001495,JOB-001842,EVS360-026,IS100,inspection_and_service,Obukhovo,2033-02-06T16:10,2033-02-06T18:10,2,scheduled,,2033-02-06T16:10,2033-02-08T10:10,2462500
RSCH-001496,JOB-001985,EVS360-028,IS200,inspection_and_service,Obukhovo,2033-01-30T22:50,2033-01-31T02:50,4,scheduled,,2033-01-30T22:50,2033-02-08T11:20,2200000
RSCH-001497,JOB-001627,EVS360-023,IS100,inspection_and_service,Obukhovo,2033-02-06T14:50,2033-02-06T16:50,2,scheduled,,2033-02-06T14:50,2033-02-08T19:50,2712500
RSCH-001498,JOB-000762,EVS360-011,IS100,inspection_and_service,Obukhovo,2033-02-08T12:50,2033-02-08T14:50,2,scheduled,,2033-02-07T20:35,2033-02-09T14:50,3387500
RSCH-001499,JOB-001049,EVS360-015,IS100,inspection_and_service,Obukhovo,2033-02-07T12:50,2033-02-07T14:50,2,scheduled,,2033-02-07T12:50,2033-02-09T16:50,3212500
RSCH-001500,JOB-000402,EVS360-006,IS100,inspection_and_service,Obukhovo,2033-02-08T10:50,2033-02-08T12:50,2,scheduled,,2033-02-07T18:10,2033-02-09T21:50,3962500
RSCH-001501,JOB-000761,EVS360-011,IS510,inspection_and_service,Obukhovo,2033-01-21T15:50,2033-01-22T01:50,10,scheduled,,2033-01-17T08:35,2033-02-10T16:50,3375000
RSCH-001502,JOB-001410,EVS360-020,IS100,inspection_and_service,Obukhovo,2033-02-08T17:20,2033-02-08T19:20,2,scheduled,,2033-02-08T17:20,2033-02-10T21:50,2737500
RSCH-001503,JOB-000618,EVS360-009,IS100,inspection_and_service,Obukhovo,2033-02-09T13:50,2033-02-09T15:50,2,scheduled,,2033-02-09T13:50,2033-02-11T08:35,3587500
RSCH-001504,JOB-001483,EVS360-021,IS100,inspection_and_service,Obukhovo,2033-02-09T20:35,2033-02-09T22:35,2,scheduled,,2033-02-09T09:50,2033-02-11T13:20,2862500
RSCH-001505,JOB-001914,EVS360-027,IS100,inspection_and_service,Obukhovo,2033-02-09T22:50,2033-02-10T00:50,2,scheduled,,2033-02-09T12:35,2033-02-11T16:50,2387500
RSCH-001506,JOB-000475,EVS360-007,IS100,inspection_and_service,Obukhovo,2033-02-10T14:50,2033-02-10T16:50,2,scheduled,,2033-02-10T14:50,2033-02-12T09:20,3787500
RSCH-001507,JOB-000978,EVS360-014,IS100,inspection_and_service,Obukhovo,2033-02-10T18:50,2033-02-10T20:50,2,scheduled,,2033-02-10T08:50,2033-02-12T12:10,3237500
RSCH-001508,JOB-002200,EVS360-031,IS100,inspection_and_service,Obukhovo,2033-02-11T09:50,2033-02-11T11:50,2,scheduled,,2033-02-10T16:50,2033-02-12T20:50,2037500
RSCH-001509,JOB-000040,EVS360-001,IS100,inspection_and_service,Obukhovo,2033-02-11T13:50,2033-02-11T15:50,2,scheduled,,2033-02-11T13:50,2033-02-13T08:35,4037500
RSCH-001510,JOB-000547,EVS360-008,IS100,inspection_and_service,Obukhovo,2033-02-11T17:20,2033-02-11T19:20,2,scheduled,,2033-02-11T08:10,2033-02-13T11:20,3862500
RSCH-001511,JOB-000977,EVS360-014,IS510,inspection_and_service,Obukhovo,2033-01-20T15:20,2033-01-21T01:20,10,scheduled,,2033-01-19T22:50,2033-02-13T13:50,3225000
RSCH-001512,JOB-002634,EVS360-037,IS200,inspection_and_service,Obukhovo,2033-02-05T20:35,2033-02-06T00:35,4,scheduled,,2033-02-05T09:50,2033-02-13T16:10,1525000
RSCH-001513,JOB-002199,EVS360-031,IS510,inspection_and_service,Obukhovo,2033-01-19T22:10,2033-01-20T08:10,10,scheduled,,2033-01-19T22:10,2033-02-13T22:50,2025000
RSCH-001514,JOB-002781,EVS360-039,IS100,inspection_and_service,Obukhovo,2033-02-12T15:20,2033-02-12T17:20,2,scheduled,,2033-02-12T15:20,2033-02-14T09:35,1462500
RSCH-001515,JOB-000690,EVS360-010,IS100,inspection_and_service,Obukhovo,2033-02-12T20:50,2033-02-12T22:50,2,scheduled,,2033-02-12T10:10,2033-02-14T13:50,3712500
RSCH-001516,JOB-002128,EVS360-030,IS200,inspection_and_service,Obukhovo,2033-02-06T18:50,2033-02-06T22:50,4,scheduled,,2033-02-06T08:50,2033-02-14T14:50,2000000
RSCH-001517,JOB-001986,EVS360-028,IS100,inspection_and_service,Obukhovo,2033-02-13T12:10,2033-02-13T14:10,2,scheduled,,2033-02-13T12:10,2033-02-15T15:50,2212500
RSCH-001518,JOB-001121,EVS360-016,IS200,inspection_and_service,Obukhovo,2033-02-07T13:20,2033-02-07T17:20,4,scheduled,,2033-02-07T13:20,2033-02-15T19:50,3200000
RSCH-001519,JOB-000331,EVS360-005,IS100,inspection_and_service,Obukhovo,2033-02-14T22:10,2033-02-15T00:10,2,scheduled,,2033-02-14T22:10,2033-02-17T08:50,3612500
RSCH-001520,JOB-002561,EVS360-036,IS100,inspection_and_service,Obukhovo,2033-02-16T22:10,2033-02-17T00:10,2,scheduled,,2033-02-16T11:50,2033-02-17T23:50,1662500
RSCH-001521,JOB-002057,EVS360-029,IS200,inspection_and_service,Obukhovo,2033-02-09T23:50,2033-02-10T03:50,4,scheduled,,2033-02-09T23:50,2033-02-18T12:10,2050000
RSCH-001522,JOB-002271,EVS360-032,IS100,inspection_and_service,Obukhovo,2033-02-16T20:35,2033-02-16T22:35,2,scheduled,,2033-02-16T09:50,2033-02-18T13:20,1887500
RSCH-001523,JOB-000906,EVS360-013,IS100,inspection_and_service,Obukhovo,2033-02-17T12:35,2033-02-17T14:35,2,scheduled,,2033-02-16T20:10,2033-02-18T14:10,3462500
RSCH-001524,JOB-001338,EVS360-019,IS200,inspection_and_service,Obukhovo,2033-02-10T21:20,2033-02-11T01:20,4,scheduled,,2033-02-10T10:50,2033-02-18T17:20,3025000
RSCH-001525,JOB-002270,EVS360-032,IS510,inspection_and_service,Obukhovo,2033-01-26T16:50,2033-01-27T02:50,10,scheduled,,2033-01-26T00:10,2033-02-19T15:20,1875000
RSCH-001526,JOB-002708,EVS360-038,IS200,inspection_and_service,Obukhovo,2033-02-11T12:50,2033-02-11T16:50,4,scheduled,,2033-02-11T12:50,2033-02-19T19:20,1550000
RSCH-001527,JOB-001194,EVS360-017,IS100,inspection_and_service,Obukhovo,2033-02-18T16:10,2033-02-18T18:10,2,scheduled,,2033-02-17T23:50,2033-02-20T10:10,2937500
RSCH-001528,JOB-000186,EVS360-003,IS200,inspection_and_service,Obukhovo,2033-02-12T16:50,2033-02-12T20:50,4,scheduled,,2033-02-12T00:10,2033-02-20T13:20,3875000
RSCH-001529,JOB-002344,EVS360-033,IS100,inspection_and_service,Obukhovo,2033-02-19T00:10,2033-02-19T02:10,2,scheduled,,2033-02-18T13:50,2033-02-20T18:50,1962500
RSCH-001530,JOB-002635,EVS360-037,IS100,inspection_and_service,Obukhovo,2033-02-19T09:20,2033-02-19T11:20,2,scheduled,,2033-02-18T16:10,2033-02-20T20:35,1537500
RSCH-001531,JOB-000113,EVS360-002,IS100,inspection_and_service,Obukhovo,2033-02-19T11:20,2033-02-19T13:20,2,scheduled,,2033-02-19T11:20,2033-02-20T22:10,4062500
RSCH-001532,JOB-002129,EVS360-030,IS100,inspection_and_service,Obukhovo,2033-02-20T08:10,2033-02-20T10:10,2,scheduled,,2033-02-19T14:10,2033-02-21T09:50,2012500
RSCH-001533,JOB-000834,EVS360-012,IS200,inspection_and_service,Obukhovo,2033-02-12T21:50,2033-02-13T01:50,4,scheduled,,2033-02-12T21:50,2033-02-21T09:50,3575000
RSCH-001534,JOB-001193,EVS360-017,IS510,inspection_and_service,Obukhovo,2033-01-29T15:20,2033-01-30T01:20,10,scheduled,,2033-01-27T11:50,2033-02-21T12:10,2925000
RSCH-001535,JOB-001556,EVS360-022,IS200,inspection_and_service,Obukhovo,2033-02-14T11:20,2033-02-14T15:20,4,scheduled,,2033-02-13T18:50,2033-02-21T14:10,2750000
RSCH-001536,JOB-001628,EVS360-023,IS200,inspection_and_service,Obukhovo,2033-02-14T11:50,2033-02-14T15:50,4,scheduled,,2033-02-13T19:20,2033-02-22T08:35,2725000
RSCH-001537,JOB-000763,EVS360-011,IS200,inspection_and_service,Obukhovo,2033-02-15T08:10,2033-02-15T12:10,4,scheduled,,2033-02-15T08:10,2033-02-22T21:50,3400000
RSCH-001538,JOB-001122,EVS360-016,IS100,inspection_and_service,Obukhovo,2033-02-20T20:35,2033-02-20T22:35,2,scheduled,,2033-02-20T20:35,2033-02-22T23:50,3212500
RSCH-001539,JOB-001266,EVS360-018,IS100,inspection_and_service,Obukhovo,2033-02-21T22:50,2033-02-22T00:50,2,scheduled,,2033-02-21T12:35,2033-02-23T16:50,3012500
RSCH-001540,JOB-002704,EVS360-038,IS530,inspection_and_service,Obukhovo,,,36,unscheduled,no_depot_window_before_deadline,2032-11-16T23:50,2033-02-23T17:20,1500000
RSCH-001541,JOB-001700,EVS360-024,IS100,inspection_and_service,Obukhovo,2033-02-22T08:50,2033-02-22T10:50,2,scheduled,,2033-02-21T15:20,2033-02-23T20:10,2487500
RSCH-001542,JOB-001411,EVS360-020,IS200,inspection_and_service,Obukhovo,2033-02-16T13:50,2033-02-16T17:50,4,scheduled,,2033-02-15T21:20,2033-02-24T10:50,2750000
RSCH-001543,JOB-000259,EVS360-004,IS100,inspection_and_service,Obukhovo,2033-02-22T18:10,2033-02-22T20:10,2,scheduled,,2033-02-22T08:35,2033-02-24T11:50,3762500
RSCH-001544,JOB-001772,EVS360-025,IS100,inspection_and_service,Obukhovo,2033-02-22T09:20,2033-02-22T11:20,2,scheduled,,2033-02-22T09:20,2033-02-24T12:50,2337500
RSCH-001545,JOB-001484,EVS360-021,IS200,inspection_and_service,Obukhovo,2033-02-16T14:10,2033-02-16T18:10,4,scheduled,,2033-02-16T14:10,2033-02-24T20:35,2875000
RSCH-001546,JOB-001482,EVS360-021,IS520,inspection_and_service,Obukhovo,,,16,unscheduled,no_depot_window_before_deadline,2033-01-06T20:10,2033-02-24T20:35,2850000
RSCH-001547,JOB-001446,EVS360-021,IS700,revision,Obukhovo,,,575,unscheduled,no_depot_window_before_deadline,2032-01-05T00:00,2033-02-24T20:35,2400000
RSCH-001548,JOB-001699,EVS360-024,IS510,inspection_and_service,Obukhovo,2033-01-31T22:50,2033-02-01T08:50,10,scheduled,,2033-01-31T12:35,2033-02-24T21:50,2475000
RSCH-001549,JOB-000476,EVS360-007,IS200,inspection_and_service,Obukhovo,2033-02-17T09:50,2033-02-17T13:50,4,scheduled,,2033-02-17T09:50,2033-02-25T14:50,3800000
RSCH-001550,JOB-001771,EVS360-025,IS510,inspection_and_service,Obukhovo,2033-01-31T23:20,2033-02-01T09:20,10,scheduled,,2033-01-31T12:50,2033-02-25T14:50,2325000
RSCH-001551,JOB-002058,EVS360-029,IS100,inspection_and_service,Obukhovo,2033-02-23T12:50,2033-02-23T14:50,2,scheduled,,2033-02-23T12:50,2033-02-25T16:50,2062500
RSCH-001552,JOB-000979,EVS360-014,IS200,inspection_and_service,Obukhovo,2033-02-17T12:50,2033-02-17T16:50,4,scheduled,,2033-02-17T12:50,2033-02-25T19:20,3250000
RSCH-001553,JOB-001339,EVS360-019,IS100,inspection_and_service,Obukhovo,2033-02-24T10:10,2033-02-24T12:10,2,scheduled,,2033-02-23T17:20,2033-02-25T21:20,3037500
RSCH-001554,JOB-001552,EVS360-022,IS530,inspection_and_service,Obukhovo,,,36,unscheduled,no_depot_window_before_deadline,2032-11-19T12:35,2033-02-25T22:50,2700000
RSCH-001555,JOB-002201,EVS360-031,IS200,inspection_and_service,Obukhovo,2033-02-17T21:50,2033-02-18T01:50,4,scheduled,,2033-02-17T21:50,2033-02-26T09:50,2050000
RSCH-001556,JOB-002417,EVS360-034,IS100,inspection_and_service,Obukhovo,2033-02-24T17:20,2033-02-24T19:20,2,scheduled,,2033-02-24T08:10,2033-02-26T11:20,1812500
RSCH-001557,JOB-002709,EVS360-038,IS100,inspection_and_service,Obukhovo,2033-02-24T20:10,2033-02-24T22:10,2,scheduled,,2033-02-24T20:10,2033-02-26T12:50,1562500
RSCH-001558,JOB-000548,EVS360-008,IS200,inspection_and_service,Obukhovo,2033-02-18T12:10,2033-02-18T16:10,4,scheduled,,2033-02-18T12:10,2033-02-26T18:10,3875000
RSCH-001559,JOB-000187,EVS360-003,IS100,inspection_and_service,Obukhovo,2033-02-25T23:20,2033-02-26T01:20,2,scheduled,,2033-02-25T12:50,2033-02-27T08:35,3887500
RSCH-001560,JOB-002782,EVS360-039,IS200,inspection_and_service,Obukhovo,2033-02-20T12:10,2033-02-20T16:10,4,scheduled,,2033-02-19T19:50,2033-02-27T15:20,1475000
RSCH-001561,JOB-000691,EVS360-010,IS200,inspection_and_service,Obukhovo,2033-02-19T14:50,2033-02-19T18:50,4,scheduled,,2033-02-19T14:50,2033-02-27T20:50,3725000
RSCH-001562,JOB-002489,EVS360-035,IS100,inspection_and_service,Obukhovo,2033-02-26T22:10,2033-02-27T00:10,2,scheduled,,2033-02-26T11:50,2033-02-27T23:50,1662500
RSCH-001563,JOB-001407,EVS360-020,IS530,inspection_and_service,Obukhovo,,,36,unscheduled,no_depot_window_before_deadline,2032-11-21T15:20,2033-02-28T08:50,2700000
RSCH-001564,JOB-000835,EVS360-012,IS100,inspection_and_service,Obukhovo,2033-02-26T10:50,2033-02-26T12:50,2,scheduled,,2033-02-26T10:50,2033-02-28T14:10,3587500
RSCH-001565,JOB-001557,EVS360-022,IS100,inspection_and_service,Obukhovo,2033-02-27T17:20,2033-02-27T19:20,2,scheduled,,2033-02-27T08:10,2033-02-28T20:10,2762500
RSCH-001566,JOB-001629,EVS360-023,IS100,inspection_and_service,Obukhovo,2033-02-27T18:10,2033-02-27T20:10,2,scheduled,,2033-02-27T08:35,2033-02-28T20:35,2737500
RSCH-001567,JOB-001844,EVS360-026,IS100,inspection_and_service,Obukhovo,2033-02-27T20:10,2033-02-27T22:10,2,scheduled,,2033-02-27T09:35,2033-02-28T21:50,2487500
RSCH-001568,JOB-001987,EVS360-028,IS200,inspection_and_service,Obukhovo,2033-02-21T08:50,2033-02-21T12:50,4,scheduled,,2033-02-20T15:20,2033-02-28T22:35,2225000
RSCH-001569,JOB-001843,EVS360-026,IS510,inspection_and_service,Obukhovo,2033-02-06T18:10,2033-02-07T04:10,10,scheduled,,2033-02-05T14:10,2033-03-01T23:20,2475000
RSCH-001570,JOB-000764,EVS360-011,IS100,inspection_and_service,Obukhovo,2033-02-28T13:50,2033-02-28T15:50,2,scheduled,,2033-02-28T13:50,2033-03-02T08:35,3412500
RSCH-001571,JOB-001051,EVS360-015,IS100,inspection_and_service,Obukhovo,2033-02-28T15:50,2033-02-28T17:50,2,scheduled,,2033-02-27T23:20,2033-03-02T09:50,3237500
RSCH-001572,JOB-000332,EVS360-005,IS200,inspection_and_service,Obukhovo,2033-02-22T18:50,2033-02-22T22:50,4,scheduled,,2033-02-22T08:50,2033-03-02T14:50,3625000
RSCH-001573,JOB-000404,EVS360-006,IS100,inspection_and_service,Obukhovo,2033-02-28T11:50,2033-02-28T13:50,2,scheduled,,2033-02-28T11:50,2033-03-02T15:20,3987500
RSCH-001574,JOB-001050,EVS360-015,IS510,inspection_and_service,Obukhovo,2033-02-09T16:50,2033-02-10T02:50,10,scheduled,,2033-02-06T11:20,2033-03-03T11:50,3225000
RSCH-001575,JOB-002562,EVS360-036,IS200,inspection_and_service,Obukhovo,2033-02-23T16:10,2033-02-23T20:10,4,scheduled,,2033-02-22T23:50,2033-03-03T12:50,1675000
RSCH-001576,JOB-002560,EVS360-036,IS520,inspection_and_service,Obukhovo,,,16,unscheduled,no_depot_window_before_deadline,2033-01-13T12:35,2033-03-03T12:50,1650000
RSCH-001577,JOB-001412,EVS360-020,IS100,inspection_and_service,Obukhovo,2033-03-01T20:50,2033-03-01T22:50,2,scheduled,,2033-03-01T10:10,2033-03-03T13:50,2762500
RSCH-001578,JOB-000403,EVS360-006,IS510,inspection_and_service,Obukhovo,2033-02-11T16:10,2033-02-12T02:10,10,scheduled,,2033-02-07T08:50,2033-03-03T17:20,3975000
RSCH-001579,JOB-000620,EVS360-009,IS100,inspection_and_service,Obukhovo,2033-03-02T16:50,2033-03-02T18:50,2,scheduled,,2033-03-02T00:10,2033-03-03T19:50,3612500
RSCH-001580,JOB-002272,EVS360-032,IS200,inspection_and_service,Obukhovo,2033-02-23T14:10,2033-02-23T18:10,4,scheduled,,2033-02-23T14:10,2033-03-03T20:35,1900000
RSCH-001581,JOB-000907,EVS360-013,IS200,inspection_and_service,Obukhovo,2033-02-24T00:10,2033-02-24T04:10,4,scheduled,,2033-02-24T00:10,2033-03-03T21:20,3475000
RSCH-001582,JOB-000905,EVS360-013,IS520,inspection_and_service,Obukhovo,,,16,unscheduled,no_depot_window_before_deadline,2033-01-13T20:50,2033-03-03T21:20,3450000
RSCH-001583,JOB-001485,EVS360-021,IS100,inspection_and_service,Obukhovo,2033-03-01T21:20,2033-03-01T23:20,2,scheduled,,2033-03-01T21:20,2033-03-04T08:10,2887500
RSCH-001584,JOB-001916,EVS360-027,IS100,inspection_and_service,Obukhovo,2033-03-01T23:50,2033-03-02T01:50,2,scheduled,,2033-03-01T23:50,2033-03-04T10:50,2412500
RSCH-001585,JOB-000477,EVS360-007,IS100,inspection_and_service,Obukhovo,2033-03-02T15:50,2033-03-02T17:50,2,scheduled,,2033-03-02T15:50,2033-03-04T20:35,3812500
RSCH-001586,JOB-000980,EVS360-014,IS100,inspection_and_service,Obukhovo,2033-03-02T20:10,2033-03-02T22:10,2,scheduled,,2033-03-02T20:10,2033-03-04T23:20,3262500
RSCH-001587,JOB-002202,EVS360-031,IS100,inspection_and_service,Obukhovo,2033-03-03T10:50,2033-03-03T12:50,2,scheduled,,2033-03-03T10:50,2033-03-05T14:10,2062500
RSCH-001588,JOB-001195,EVS360-017,IS200,inspection_and_service,Obukhovo,2033-02-25T11:20,2033-02-25T15:20,4,scheduled,,2033-02-25T11:20,2033-03-05T16:50,2950000
RSCH-001589,JOB-000042,EVS360-001,IS100,inspection_and_service,Obukhovo,2033-03-04T16:50,2033-03-04T18:50,2,scheduled,,2033-03-04T00:10,2033-03-05T19:50,4062500
RSCH-001590,JOB-000549,EVS360-008,IS100,inspection_and_service,Obukhovo,2033-03-03T18:50,2033-03-03T20:50,2,scheduled,,2033-03-03T18:50,2033-03-05T22:35,3887500
RSCH-001591,JOB-002345,EVS360-033,IS200,inspection_and_service,Obukhovo,2033-02-25T19:50,2033-02-25T23:50,4,scheduled,,2033-02-25T19:50,2033-03-06T08:10,1975000
RSCH-001592,JOB-002343,EVS360-033,IS520,inspection_and_service,Obukhovo,,,16,unscheduled,no_depot_window_before_deadline,2033-01-15T14:50,2033-03-06T08:10,1950000
RSCH-001593,JOB-002636,EVS360-037,IS200,inspection_and_service,Obukhovo,2033-02-25T21:20,2033-02-26T01:20,4,scheduled,,2033-02-25T21:20,2033-03-06T09:35,1550000
RSCH-001594,JOB-000114,EVS360-002,IS200,inspection_and_service,Obukhovo,2033-02-27T08:10,2033-02-27T12:10,4,scheduled,,2033-02-26T14:10,2033-03-06T11:20,4075000
RSCH-001595,JOB-000112,EVS360-002,IS520,inspection_and_service,Obukhovo,,,16,unscheduled,no_depot_window_before_deadline,2033-01-16T10:50,2033-03-06T11:20,4050000
RSCH-001596,JOB-002783,EVS360-039,IS100,inspection_and_service,Obukhovo,2033-03-05T18:50,2033-03-05T20:50,2,scheduled,,2033-03-05T08:50,2033-03-06T20:50,1487500
RSCH-001597,JOB-000692,EVS360-010,IS100,inspection_and_service,Obukhovo,2033-03-04T21:50,2033-03-04T23:50,2,scheduled,,2033-03-04T21:50,2033-03-07T08:35,3737500
RSCH-001598,JOB-001988,EVS360-028,IS100,inspection_and_service,Obukhovo,2033-03-06T14:50,2033-03-06T16:50,2,scheduled,,2033-03-05T22:10,2033-03-08T09:20,2237500
RSCH-001599,JOB-001267,EVS360-018,IS200,inspection_and_service,Obukhovo,2033-02-28T17:20,2033-02-28T21:20,4,scheduled,,2033-02-28T17:20,2033-03-08T23:20,3025000
RSCH-001600,JOB-000260,EVS360-004,IS200,inspection_and_service,Obukhovo,2033-03-01T12:35,2033-03-01T16:35,4,scheduled,,2033-03-01T12:35,2033-03-09T09:20,3775000
RSCH-001601,JOB-001701,EVS360-024,IS200,inspection_and_service,Obukhovo,2033-02-28T20:50,2033-03-01T00:50,4,scheduled,,2033-02-28T20:50,2033-03-09T09:20,2500000
RSCH-001602,JOB-000258,EVS360-004,IS520,inspection_and_service,Obukhovo,,,16,unscheduled,no_depot_window_before_deadline,2033-01-19T08:50,2033-03-09T09:20,3750000
RSCH-001603,JOB-000333,EVS360-005,IS100,inspection_and_service,Obukhovo,2033-03-08T08:10,2033-03-08T10:10,2,scheduled,,2033-03-07T14:10,2033-03-09T19:20,3637500
RSCH-001604,JOB-001773,EVS360-025,IS200,inspection_and_service,Obukhovo,2033-03-01T22:50,2033-03-02T02:50,4,scheduled,,2033-03-01T12:35,2033-03-09T20:10,2350000
RSCH-001605,JOB-002632,EVS360-037,IS530,inspection_and_service,Obukhovo,,,36,unscheduled,no_depot_window_before_deadline,2032-12-02T00:10,2033-03-10T08:35,1500000
RSCH-001606,JOB-002059,EVS360-029,IS200,inspection_and_service,Obukhovo,2033-03-03T09:50,2033-03-03T13:50,4,scheduled,,2033-03-02T16:50,2033-03-10T12:50,2075000
RSCH-001607,JOB-002563,EVS360-036,IS100,inspection_and_service,Obukhovo,2033-03-08T22:50,2033-03-09T00:50,2,scheduled,,2033-03-08T12:35,2033-03-10T16:50,1687500
RSCH-001608,JOB-002273,EVS360-032,IS100,inspection_and_service,Obukhovo,2033-03-08T21:20,2033-03-08T23:20,2,scheduled,,2033-03-08T21:20,2033-03-11T08:10,1912500
RSCH-001609,JOB-000908,EVS360-013,IS100,inspection_and_service,Obukhovo,2033-03-09T13:20,2033-03-09T15:20,2,scheduled,,2033-03-08T20:50,2033-03-11T08:10,3487500
RSCH-001610,JOB-002418,EVS360-034,IS200,inspection_and_service,Obukhovo,2033-03-03T12:10,2033-03-03T16:10,4,scheduled,,2033-03-03T12:10,2033-03-11T08:50,1825000
RSCH-001611,JOB-001340,EVS360-019,IS200,inspection_and_service,Obukhovo,2033-03-02T22:10,2033-03-03T02:10,4,scheduled,,2033-03-02T22:10,2033-03-11T10:10,3050000
RSCH-001612,JOB-001196,EVS360-017,IS100,inspection_and_service,Obukhovo,2033-03-10T17:20,2033-03-10T19:20,2,scheduled,,2033-03-10T17:20,2033-03-12T21:50,2962500
RSCH-001613,JOB-002346,EVS360-033,IS100,inspection_and_service,Obukhovo,2033-03-11T08:35,2033-03-11T10:35,2,scheduled,,2033-03-11T08:35,2033-03-13T12:10,1987500
RSCH-001614,JOB-002490,EVS360-035,IS200,inspection_and_service,Obukhovo,2033-03-05T16:10,2033-03-05T20:10,4,scheduled,,2033-03-04T23:50,2033-03-13T12:50,1675000
RSCH-001615,JOB-002488,EVS360-035,IS520,inspection_and_service,Obukhovo,,,16,unscheduled,no_depot_window_before_deadline,2033-01-23T12:35,2033-03-13T12:50,1650000
RSCH-001616,JOB-002637,EVS360-037,IS100,inspection_and_service,Obukhovo,2033-03-11T10:10,2033-03-11T12:10,2,scheduled,,2033-03-11T10:10,2033-03-13T13:50,1562500
RSCH-001617,JOB-000115,EVS360-002,IS100,inspection_and_service,Obukhovo,2033-03-11T12:10,2033-03-11T14:10,2,scheduled,,2033-03-11T12:10,2033-03-13T15:50,4087500
RSCH-001618,JOB-002131,EVS360-030,IS100,inspection_and_service,Obukhovo,2033-03-12T08:50,2033-03-12T10:50,2,scheduled,,2033-03-12T08:50,2033-03-13T20:10,2037500
RSCH-001619,JOB-001630,EVS360-023,IS200,inspection_and_service,Obukhovo,2033-03-06T12:35,2033-03-06T16:35,4,scheduled,,2033-03-06T12:35,2033-03-14T09:20,2750000
RSCH-001620,JOB-001845,EVS360-026,IS200,inspection_and_service,Obukhovo,2033-03-06T13:50,2033-03-06T17:50,4,scheduled,,2033-03-05T21:20,2033-03-14T10:50,2500000
RSCH-001621,JOB-002130,EVS360-030,IS510,inspection_and_service,Obukhovo,2033-02-18T22:50,2033-02-19T08:50,10,scheduled,,2033-02-18T12:35,2033-03-14T21:50,2025000
RSCH-001622,JOB-000765,EVS360-011,IS200,inspection_and_service,Obukhovo,2033-03-08T10:50,2033-03-08T14:50,4,scheduled,,2033-03-07T18:10,2033-03-15T13:50,3425000
RSCH-001623,JOB-001052,EVS360-015,IS200,inspection_and_service,Obukhovo,2033-03-07T10:50,2033-03-07T14:50,4,scheduled,,2033-03-07T10:50,2033-03-15T16:10,3250000
RSCH-001624,JOB-001124,EVS360-016,IS100,inspection_and_service,Obukhovo,2033-03-13T22:50,2033-03-14T00:50,2,scheduled,,2033-03-13T12:35,2033-03-15T16:50,3237500
RSCH-001625,JOB-000405,EVS360-006,IS200,inspection_and_service,Obukhovo,2033-03-08T08:35,2033-03-08T12:35,4,scheduled,,2033-03-07T14:50,2033-03-15T22:10,4000000
RSCH-001626,JOB-002264,EVS360-032,IS540,inspection_and_service,Obukhovo,,,56,unscheduled,no_depot_window_before_deadline,2032-08-31T13:20,2033-03-16T08:10,1800000
RSCH-001627,JOB-001268,EVS360-018,IS100,inspection_and_service,Obukhovo,2033-03-13T23:50,2033-03-14T01:50,2,scheduled,,2033-03-13T23:50,2033-03-16T10:50,3037500
RSCH-001628,JOB-000261,EVS360-004,IS100,inspection_and_service,Obukhovo,2033-03-14T19:50,2033-03-14T21:50,2,scheduled,,2033-03-14T19:50,2033-03-16T12:35,3787500
RSCH-001629,JOB-001702,EVS360-024,IS100,inspection_and_service,Obukhovo,2033-03-14T09:50,2033-03-14T11:50,2,scheduled,,2033-03-14T09:50,2033-03-16T13:20,2512500
RSCH-001630,JOB-001123,EVS360-016,IS510,inspection_and_service,Obukhovo,2033-02-19T18:10,2033-02-20T04:10,10,scheduled,,2033-02-19T18:10,2033-03-16T19:20,3225000
RSCH-001631,JOB-001774,EVS360-025,IS100,inspection_and_service,Obukhovo,2033-03-15T12:10,2033-03-15T14:10,2,scheduled,,2033-03-14T19:50,2033-03-16T23:20,2362500
RSCH-001632,JOB-000621,EVS360-009,IS200,inspection_and_service,Obukhovo,2033-03-09T11:50,2033-03-09T15:50,4,scheduled,,2033-03-08T19:20,2033-03-17T08:35,3625000
RSCH-001633,JOB-001486,EVS360-021,IS200,inspection_and_service,Obukhovo,2033-03-09T17:20,2033-03-09T21:20,4,scheduled,,2033-03-09T08:10,2033-03-17T13:50,2900000
RSCH-001634,JOB-001917,EVS360-027,IS200,inspection_and_service,Obukhovo,2033-03-09T20:50,2033-03-10T00:50,4,scheduled,,2033-03-09T10:10,2033-03-17T16:50,2425000
RSCH-001635,JOB-002060,EVS360-029,IS100,inspection_and_service,Obukhovo,2033-03-16T15:50,2033-03-16T17:50,2,scheduled,,2033-03-15T23:20,2033-03-17T18:10,2087500
RSCH-001636,JOB-001341,EVS360-019,IS100,inspection_and_service,Obukhovo,2033-03-16T11:20,2033-03-16T13:20,2,scheduled,,2033-03-16T11:20,2033-03-17T22:10,3062500
RSCH-001637,JOB-002419,EVS360-034,IS100,inspection_and_service,Obukhovo,2033-03-16T18:50,2033-03-16T20:50,2,scheduled,,2033-03-16T18:50,2033-03-18T12:10,1837500
RSCH-001638,JOB-000981,EVS360-014,IS200,inspection_and_service,Obukhovo,2033-03-10T15:50,2033-03-10T19:50,4,scheduled,,2033-03-09T23:20,2033-03-18T12:35,3275000
RSCH-001639,JOB-001626,EVS360-023,IS530,inspection_and_service,Obukhovo,,,36,unscheduled,no_depot_window_before_deadline,2032-12-09T23:20,2033-03-18T16:50,2700000
RSCH-001640,JOB-002203,EVS360-031,IS200,inspection_and_service,Obukhovo,2033-03-11T00:10,2033-03-11T04:10,4,scheduled,,2033-03-10T13:50,2033-03-18T21:20,2075000
RSCH-001641,JOB-002711,EVS360-038,IS100,inspection_and_service,Obukhovo,2033-03-17T22:35,2033-03-18T00:35,2,scheduled,,2033-03-17T12:10,2033-03-19T00:10,1587500
RSCH-001642,JOB-000043,EVS360-001,IS200,inspection_and_service,Obukhovo,2033-03-11T11:50,2033-03-11T15:50,4,scheduled,,2033-03-10T19:20,2033-03-19T08:35,4075000
RSCH-001643,JOB-000041,EVS360-001,IS520,inspection_and_service,Obukhovo,,,16,unscheduled,no_depot_window_before_deadline,2033-01-29T08:10,2033-03-19T08:35,4050000
RSCH-001644,JOB-000189,EVS360-003,IS100,inspection_and_service,Obukhovo,2033-03-18T00:10,2033-03-18T02:10,2,scheduled,,2033-03-18T00:10,2033-03-19T18:50,3912500
RSCH-001645,JOB-002710,EVS360-038,IS510,inspection_and_service,Obukhovo,2033-02-23T17:20,2033-02-24T03:20,10,scheduled,,2033-02-23T17:20,2033-03-20T09:20,1575000
RSCH-001646,JOB-002491,EVS360-035,IS100,inspection_and_service,Obukhovo,2033-03-18T22:50,2033-03-19T00:50,2,scheduled,,2033-03-18T12:35,2033-03-20T16:50,1687500
RSCH-001647,JOB-000837,EVS360-012,IS100,inspection_and_service,Obukhovo,2033-03-19T13:20,2033-03-19T15:20,2,scheduled,,2033-03-18T20:50,2033-03-21T08:10,3612500
RSCH-001648,JOB-001559,EVS360-022,IS100,inspection_and_service,Obukhovo,2033-03-19T18:50,2033-03-19T20:50,2,scheduled,,2033-03-19T08:50,2033-03-21T12:10,2787500
RSCH-001649,JOB-001631,EVS360-023,IS100,inspection_and_service,Obukhovo,2033-03-19T19:50,2033-03-19T21:50,2,scheduled,,2033-03-19T19:50,2033-03-21T12:35,2762500
RSCH-001650,JOB-001846,EVS360-026,IS100,inspection_and_service,Obukhovo,2033-03-19T20:50,2033-03-19T22:50,2,scheduled,,2033-03-19T10:10,2033-03-21T13:50,2512500
RSCH-001651,JOB-001558,EVS360-022,IS510,inspection_and_service,Obukhovo,2033-02-26T15:20,2033-02-27T01:20,10,scheduled,,2033-02-25T22:50,2033-03-22T13:50,2775000
RSCH-001652,JOB-000766,EVS360-011,IS100,inspection_and_service,Obukhovo,2033-03-20T14:50,2033-03-20T16:50,2,scheduled,,2033-03-20T14:50,2033-03-22T19:50,3437500
RSCH-001653,JOB-001053,EVS360-015,IS100,inspection_and_service,Obukhovo,2033-03-20T16:50,2033-03-20T18:50,2,scheduled,,2033-03-20T16:50,2033-03-22T21:20,3262500
RSCH-001654,JOB-000334,EVS360-005,IS200,inspection_and_service,Obukhovo,2033-03-14T20:10,2033-03-15T00:10,4,scheduled,,2033-03-14T20:10,2033-03-23T08:35,3650000
RSCH-001655,JOB-000406,EVS360-006,IS100,inspection_and_service,Obukhovo,2033-03-21T14:10,2033-03-21T16:10,2,scheduled,,2033-03-20T21:50,2033-03-23T08:50,4012500
RSCH-001656,JOB-001414,EVS360-020,IS100,inspection_and_service,Obukhovo,2033-03-21T21:50,2033-03-21T23:50,2,scheduled,,2033-03-21T21:50,2033-03-23T14:50,2787500
RSCH-001657,JOB-002564,EVS360-036,IS200,inspection_and_service,Obukhovo,2033-03-15T17:20,2033-03-15T21:20,4,scheduled,,2033-03-15T17:20,2033-03-23T23:20,1700000
RSCH-001658,JOB-000622,EVS360-009,IS100,inspection_and_service,Obukhovo,2033-03-22T18:10,2033-03-22T20:10,2,scheduled,,2033-03-22T08:35,2033-03-24T11:50,3637500
RSCH-001659,JOB-000909,EVS360-013,IS200,inspection_and_service,Obukhovo,2033-03-16T08:35,2033-03-16T12:35,4,scheduled,,2033-03-16T08:35,2033-03-24T13:20,3500000
RSCH-001660,JOB-002274,EVS360-032,IS200,inspection_and_service,Obukhovo,2033-03-16T17:20,2033-03-16T21:20,4,scheduled,,2033-03-16T08:10,2033-03-24T13:50,1925000
RSCH-001661,JOB-001413,EVS360-020,IS510,inspection_and_service,Obukhovo,2033-02-28T18:50,2033-03-01T04:50,10,scheduled,,2033-02-28T08:50,2033-03-24T17:20,2775000
RSCH-001662,JOB-001487,EVS360-021,IS100,inspection_and_service,Obukhovo,2033-03-22T23:50,2033-03-23T01:50,2,scheduled,,2033-03-22T13:20,2033-03-24T18:10,2912500
RSCH-001663,JOB-001918,EVS360-027,IS100,inspection_and_service,Obukhovo,2033-03-23T09:50,2033-03-23T11:50,2,scheduled,,2033-03-22T16:50,2033-03-24T20:50,2437500
RSCH-001664,JOB-000479,EVS360-007,IS100,inspection_and_service,Obukhovo,2033-03-23T19:50,2033-03-23T21:50,2,scheduled,,2033-03-23T09:20,2033-03-25T12:35,3837500
RSCH-001665,JOB-002204,EVS360-031,IS100,inspection_and_service,Obukhovo,2033-03-24T13:20,2033-03-24T15:20,2,scheduled,,2033-03-23T20:50,2033-03-25T15:20,2087500
RSCH-001666,JOB-000982,EVS360-014,IS100,inspection_and_service,Obukhovo,2033-03-23T22:35,2033-03-24T00:35,2,scheduled,,2033-03-23T12:10,2033-03-25T16:10,3287500
RSCH-001667,JOB-001197,EVS360-017,IS200,inspection_and_service,Obukhovo,2033-03-18T13:50,2033-03-18T17:50,4,scheduled,,2033-03-17T21:20,2033-03-26T10:50,2975000
RSCH-001668,JOB-000044,EVS360-001,IS100,inspection_and_service,Obukhovo,2033-03-24T18:10,2033-03-24T20:10,2,scheduled,,2033-03-24T08:35,2033-03-26T11:50,4087500
RSCH-001669,JOB-000478,EVS360-007,IS510,inspection_and_service,Obukhovo,2033-03-02T17:50,2033-03-03T03:50,10,scheduled,,2033-03-01T23:20,2033-03-26T14:10,3825000
RSCH-001670,JOB-000460,EVS360-007,IS600,revision,Obukhovo,,,384,unscheduled,no_depot_window_before_deadline,2032-02-26T16:50,2033-03-26T14:10,3600000
RSCH-001671,JOB-000551,EVS360-008,IS100,inspection_and_service,Obukhovo,2033-03-24T21:50,2033-03-24T23:50,2,scheduled,,2033-03-24T11:20,2033-03-26T14:50,3912500
RSCH-001672,JOB-002347,EVS360-033,IS200,inspection_and_service,Obukhovo,2033-03-18T22:10,2033-03-19T02:10,4,scheduled,,2033-03-18T11:50,2033-03-26T18:50,2000000
RSCH-001673,JOB-000116,EVS360-002,IS200,inspection_and_service,Obukhovo,2033-03-19T08:50,2033-03-19T12:50,4,scheduled,,2033-03-18T15:20,2033-03-26T22:35,4100000
RSCH-001674,JOB-002132,EVS360-030,IS200,inspection_and_service,Obukhovo,2033-03-18T20:50,2033-03-19T00:50,4,scheduled,,2033-03-18T20:50,2033-03-27T09:20,2050000
RSCH-001675,JOB-002785,EVS360-039,IS100,inspection_and_service,Obukhovo,2033-03-25T20:10,2033-03-25T22:10,2,scheduled,,2033-03-25T09:35,2033-03-27T12:50,1512500
RSCH-001676,JOB-000694,EVS360-010,IS100,inspection_and_service,Obukhovo,2033-03-26T00:10,2033-03-26T02:10,2,scheduled,,2033-03-25T13:50,2033-03-27T18:50,3762500
RSCH-001677,JOB-001990,EVS360-028,IS100,inspection_and_service,Obukhovo,2033-03-26T15:50,2033-03-26T17:50,2,scheduled,,2033-03-26T15:50,2033-03-28T20:35,2262500
RSCH-001678,JOB-001125,EVS360-016,IS200,inspection_and_service,Obukhovo,2033-03-20T17:20,2033-03-20T21:20,4,scheduled,,2033-03-20T17:20,2033-03-28T23:20,3250000
RSCH-001679,JOB-001269,EVS360-018,IS200,inspection_and_service,Obukhovo,2033-03-21T20:50,2033-03-22T00:50,4,scheduled,,2033-03-21T10:10,2033-03-29T16:50,3050000
RSCH-001680,JOB-000262,EVS360-004,IS200,inspection_and_service,Obukhovo,2033-03-22T15:20,2033-03-22T19:20,4,scheduled,,2033-03-21T22:50,2033-03-29T19:50,3800000
RSCH-001681,JOB-001703,EVS360-024,IS200,inspection_and_service,Obukhovo,2033-03-21T23:20,2033-03-22T03:20,4,scheduled,,2033-03-21T12:50,2033-03-29T20:35,2525000
RSCH-001682,JOB-001775,EVS360-025,IS200,inspection_and_service,Obukhovo,2033-03-21T23:50,2033-03-22T03:50,4,scheduled,,2033-03-21T23:50,2033-03-29T20:50,2375000
RSCH-001683,JOB-000335,EVS360-005,IS100,inspection_and_service,Obukhovo,2033-03-28T08:50,2033-03-28T10:50,2,scheduled,,2033-03-28T08:50,2033-03-30T12:35,3662500
RSCH-001684,JOB-002565,EVS360-036,IS100,inspection_and_service,Obukhovo,2033-03-28T23:50,2033-03-29T01:50,2,scheduled,,2033-03-28T23:50,2033-03-31T10:50,1712500
RSCH-001685,JOB-002275,EVS360-032,IS100,inspection_and_service,Obukhovo,2033-03-29T23:50,2033-03-30T01:50,2,scheduled,,2033-03-29T13:20,2033-03-31T18:10,1937500
RSCH-001686,JOB-000910,EVS360-013,IS100,inspection_and_service,Obukhovo,2033-03-29T14:10,2033-03-29T16:10,2,scheduled,,2033-03-29T14:10,2033-03-31T18:50,3512500
RSCH-001687,JOB-002420,EVS360-034,IS200,inspection_and_service,Obukhovo,2033-03-24T14:50,2033-03-24T18:50,4,scheduled,,2033-03-23T22:10,2033-03-31T19:20,1850000
RSCH-001688,JOB-002712,EVS360-038,IS200,inspection_and_service,Obukhovo,2033-03-24T16:50,2033-03-24T20:50,4,scheduled,,2033-03-24T00:10,2033-04-01T13:20,1600000
RSCH-001689,JOB-001198,EVS360-017,IS100,inspection_and_service,Obukhovo,2033-03-31T20:50,2033-03-31T22:50,2,scheduled,,2033-03-31T10:10,2033-04-01T22:35,2987500
RSCH-001690,JOB-000190,EVS360-003,IS200,inspection_and_service,Obukhovo,2033-03-24T19:50,2033-03-24T23:50,4,scheduled,,2033-03-24T19:50,2033-04-02T08:10,3925000
RSCH-001691,JOB-002348,EVS360-033,IS100,inspection_and_service,Obukhovo,2033-04-01T11:20,2033-04-01T13:20,2,scheduled,,2033-03-31T18:50,2033-04-02T22:10,2012500
RSCH-001692,JOB-002492,EVS360-035,IS200,inspection_and_service,Obukhovo,2033-03-25T17:20,2033-03-25T21:20,4,scheduled,,2033-03-25T17:20,2033-04-02T23:20,1700000
RSCH-001693,JOB-002639,EVS360-037,IS100,inspection_and_service,Obukhovo,2033-04-01T12:50,2033-04-01T14:50,2,scheduled,,2033-03-31T20:35,2033-04-03T00:10,1587500
RSCH-001694,JOB-000117,EVS360-002,IS100,inspection_and_service,Obukhovo,2033-04-01T14:50,2033-04-01T16:50,2,scheduled,,2033-03-31T22:10,2033-04-03T09:20,4112500
RSCH-001695,JOB-002133,EVS360-030,IS100,inspection_and_service,Obukhovo,2033-04-01T09:50,2033-04-01T11:50,2,scheduled,,2033-04-01T09:50,2033-04-03T13:20,2062500
RSCH-001696,JOB-000838,EVS360-012,IS200,inspection_and_service,Obukhovo,2033-03-26T08:35,2033-03-26T12:35,4,scheduled,,2033-03-26T08:35,2033-04-03T13:20,3625000
RSCH-001697,JOB-001560,EVS360-022,IS200,inspection_and_service,Obukhovo,2033-03-26T12:50,2033-03-26T16:50,4,scheduled,,2033-03-26T12:50,2033-04-03T19:20,2800000
RSCH-001698,JOB-001847,EVS360-026,IS200,inspection_and_service,Obukhovo,2033-03-26T14:50,2033-03-26T18:50,4,scheduled,,2033-03-26T14:50,2033-04-03T20:50,2525000
RSCH-001699,JOB-002638,EVS360-037,IS510,inspection_and_service,Obukhovo,2033-03-14T15:50,2033-03-15T01:50,10,scheduled,,2033-03-10T08:35,2033-04-04T09:20,1575000
RSCH-001700,JOB-001054,EVS360-015,IS200,inspection_and_service,Obukhovo,2033-03-28T13:20,2033-03-28T17:20,4,scheduled,,2033-03-27T20:50,2033-04-04T17:20,3275000
RSCH-001701,JOB-001126,EVS360-016,IS100,inspection_and_service,Obukhovo,2033-04-02T23:50,2033-04-03T01:50,2,scheduled,,2033-04-02T23:50,2033-04-05T10:50,3262500
RSCH-001702,JOB-000407,EVS360-006,IS200,inspection_and_service,Obukhovo,2033-03-28T09:20,2033-03-28T13:20,4,scheduled,,2033-03-28T09:20,2033-04-05T14:10,4025000
RSCH-001703,JOB-001270,EVS360-018,IS100,inspection_and_service,Obukhovo,2033-04-04T09:50,2033-04-04T11:50,2,scheduled,,2033-04-03T16:50,2033-04-05T20:50,3062500
RSCH-001704,JOB-001415,EVS360-020,IS200,inspection_and_service,Obukhovo,2033-03-29T18:10,2033-03-29T22:10,4,scheduled,,2033-03-29T08:35,2033-04-05T21:50,2800000
RSCH-001705,JOB-000263,EVS360-004,IS100,inspection_and_service,Obukhovo,2033-04-04T22:10,2033-04-05T00:10,2,scheduled,,2033-04-04T11:50,2033-04-05T23:50,3812500
RSCH-001706,JOB-001704,EVS360-024,IS100,inspection_and_service,Obukhovo,2033-04-04T12:35,2033-04-04T14:35,2,scheduled,,2033-04-03T20:10,2033-04-05T23:50,2537500
RSCH-001707,JOB-001776,EVS360-025,IS100,inspection_and_service,Obukhovo,2033-04-04T12:50,2033-04-04T14:50,2,scheduled,,2033-04-04T12:50,2033-04-06T00:10,2387500
RSCH-001708,JOB-000623,EVS360-009,IS200,inspection_and_service,Obukhovo,2033-03-29T12:35,2033-03-29T16:35,4,scheduled,,2033-03-29T12:35,2033-04-06T18:50,3650000
RSCH-001709,JOB-001919,EVS360-027,IS200,inspection_and_service,Obukhovo,2033-03-29T21:50,2033-03-30T01:50,4,scheduled,,2033-03-29T21:50,2033-04-07T09:50,2450000
RSCH-001710,JOB-002062,EVS360-029,IS100,inspection_and_service,Obukhovo,2033-04-05T16:50,2033-04-05T18:50,2,scheduled,,2033-04-05T16:50,2033-04-07T10:50,2112500
RSCH-001711,JOB-001343,EVS360-019,IS100,inspection_and_service,Obukhovo,2033-04-06T13:50,2033-04-06T15:50,2,scheduled,,2033-04-05T21:20,2033-04-07T15:50,3087500
RSCH-001712,JOB-000480,EVS360-007,IS200,inspection_and_service,Obukhovo,2033-03-30T13:20,2033-03-30T17:20,4,scheduled,,2033-03-30T13:20,2033-04-07T19:50,3850000
RSCH-001713,JOB-002421,EVS360-034,IS100,inspection_and_service,Obukhovo,2033-04-05T20:10,2033-04-05T22:10,2,scheduled,,2033-04-05T20:10,2033-04-07T23:20,1862500
RSCH-001714,JOB-002713,EVS360-038,IS100,inspection_and_service,Obukhovo,2033-04-06T23:20,2033-04-07T01:20,2,scheduled,,2033-04-06T12:50,2033-04-08T17:20,1612500
RSCH-001715,JOB-001342,EVS360-019,IS510,inspection_and_service,Obukhovo,2033-03-19T16:50,2033-03-20T02:50,10,scheduled,,2033-03-15T09:20,2033-04-08T18:10,3075000
RSCH-001716,JOB-000045,EVS360-001,IS200,inspection_and_service,Obukhovo,2033-03-31T12:35,2033-03-31T16:35,4,scheduled,,2033-03-31T12:35,2033-04-08T18:50,4100000
RSCH-001717,JOB-000552,EVS360-008,IS200,inspection_and_service,Obukhovo,2033-03-31T15:50,2033-03-31T19:50,4,scheduled,,2033-03-31T15:50,2033-04-08T21:50,3925000
RSCH-001718,JOB-000191,EVS360-003,IS100,inspection_and_service,Obukhovo,2033-04-07T08:35,2033-04-07T10:35,2,scheduled,,2033-04-07T08:35,2033-04-09T12:10,3937500
RSCH-001719,JOB-002786,EVS360-039,IS200,inspection_and_service,Obukhovo,2033-04-01T13:50,2033-04-01T17:50,4,scheduled,,2033-04-01T13:50,2033-04-09T20:10,1525000
RSCH-001720,JOB-000695,EVS360-010,IS200,inspection_and_service,Obukhovo,2033-04-01T19:50,2033-04-01T23:50,4,scheduled,,2033-04-01T19:50,2033-04-10T08:10,3775000
RSCH-001721,JOB-000693,EVS360-010,IS520,inspection_and_service,Obukhovo,,,16,unscheduled,no_depot_window_before_deadline,2033-02-19T14:50,2033-04-10T08:10,3750000
RSCH-001722,JOB-002493,EVS360-035,IS100,inspection_and_service,Obukhovo,2033-04-07T23:50,2033-04-08T01:50,2,scheduled,,2033-04-07T23:50,2033-04-10T10:50,1712500
RSCH-001723,JOB-000839,EVS360-012,IS100,inspection_and_service,Obukhovo,2033-04-08T14:10,2033-04-08T16:10,2,scheduled,,2033-04-08T14:10,2033-04-10T18:50,3637500
RSCH-001724,JOB-001561,EVS360-022,IS100,inspection_and_service,Obukhovo,2033-04-08T20:10,2033-04-08T22:10,2,scheduled,,2033-04-08T20:10,2033-04-10T23:20,2812500
RSCH-001725,JOB-001633,EVS360-023,IS100,inspection_and_service,Obukhovo,2033-04-08T20:35,2033-04-08T22:35,2,scheduled,,2033-04-08T20:35,2033-04-10T23:50,2787500
RSCH-001726,JOB-001848,EVS360-026,IS100,inspection_and_service,Obukhovo,2033-04-08T21:50,2033-04-08T23:50,2,scheduled,,2033-04-08T21:50,2033-04-11T08:35,2537500
RSCH-001727,JOB-001991,EVS360-028,IS200,inspection_and_service,Obukhovo,2033-04-03T12:35,2033-04-03T16:35,4,scheduled,,2033-04-02T20:10,2033-04-11T09:20,2275000
RSCH-001728,JOB-001989,EVS360-028,IS520,inspection_and_service,Obukhovo,,,16,unscheduled,no_depot_window_before_deadline,2033-02-20T15:20,2033-04-11T09:20,2250000
RSCH-001729,JOB-001055,EVS360-015,IS100,inspection_and_service,Obukhovo,2033-04-10T20:35,2033-04-10T22:35,2,scheduled,,2033-04-10T09:50,2033-04-11T22:10,3287500
RSCH-001730,JOB-001632,EVS360-023,IS510,inspection_and_service,Obukhovo,2033-03-18T16:50,2033-03-19T02:50,10,scheduled,,2033-03-18T16:50,2033-04-12T08:50,2775000
RSCH-001731,JOB-000408,EVS360-006,IS100,inspection_and_service,Obukhovo,2033-04-10T15:20,2033-04-10T17:20,2,scheduled,,2033-04-10T15:20,2033-04-12T09:35,4037500
RSCH-001732,JOB-000768,EVS360-011,IS100,inspection_and_service,Obukhovo,2033-04-10T18:10,2033-04-10T20:10,2,scheduled,,2033-04-10T08:35,2033-04-12T11:50,3462500
RSCH-001733,JOB-001416,EVS360-020,IS100,inspection_and_service,Obukhovo,2033-04-12T00:10,2033-04-12T02:10,2,scheduled,,2033-04-11T13:50,2033-04-13T09:20,2812500
RSCH-001734,JOB-001489,EVS360-021,IS100,inspection_and_service,Obukhovo,2033-04-12T08:10,2033-04-12T10:10,2,scheduled,,2033-04-12T08:10,2033-04-13T19:20,2937500
RSCH-001735,JOB-001920,EVS360-027,IS100,inspection_and_service,Obukhovo,2033-04-12T10:50,2033-04-12T12:50,2,scheduled,,2033-04-12T10:50,2033-04-13T21:50,2462500
RSCH-001736,JOB-000624,EVS360-009,IS100,inspection_and_service,Obukhovo,2033-04-11T19:50,2033-04-11T21:50,2,scheduled,,2033-04-11T19:50,2033-04-13T22:50,3662500
RSCH-001737,JOB-001488,EVS360-021,IS510,inspection_and_service,Obukhovo,2033-03-21T22:10,2033-03-22T08:10,10,scheduled,,2033-03-21T11:50,2033-04-14T20:50,2925000
RSCH-001738,JOB-000481,EVS360-007,IS100,inspection_and_service,Obukhovo,2033-04-12T20:35,2033-04-12T22:35,2,scheduled,,2033-04-12T20:35,2033-04-14T23:50,3862500
RSCH-001739,JOB-002206,EVS360-031,IS100,inspection_and_service,Obukhovo,2033-04-13T14:10,2033-04-13T16:10,2,scheduled,,2033-04-13T14:10,2033-04-15T08:50,2112500
RSCH-001740,JOB-000984,EVS360-014,IS100,inspection_and_service,Obukhovo,2033-04-12T23:20,2033-04-13T01:20,2,scheduled,,2033-04-12T23:20,2033-04-15T10:10,3312500
RSCH-001741,JOB-000553,EVS360-008,IS100,inspection_and_service,Obukhovo,2033-04-13T22:35,2033-04-14T00:35,2,scheduled,,2033-04-13T22:35,2033-04-15T16:10,3937500
RSCH-001742,JOB-000046,EVS360-001,IS100,inspection_and_service,Obukhovo,2033-04-13T19:50,2033-04-13T21:50,2,scheduled,,2033-04-13T19:50,2033-04-15T22:50,4112500
RSCH-001743,JOB-002640,EVS360-037,IS200,inspection_and_service,Obukhovo,2033-04-08T08:10,2033-04-08T12:10,4,scheduled,,2033-04-08T08:10,2033-04-16T12:50,1600000
RSCH-001744,JOB-002134,EVS360-030,IS200,inspection_and_service,Obukhovo,2033-04-08T23:20,2033-04-09T03:20,4,scheduled,,2033-04-08T12:50,2033-04-16T20:35,2075000
RSCH-001745,JOB-002787,EVS360-039,IS100,inspection_and_service,Obukhovo,2033-04-14T20:50,2033-04-14T22:50,2,scheduled,,2033-04-14T20:50,2033-04-17T00:10,1537500
RSCH-001746,JOB-000696,EVS360-010,IS100,inspection_and_service,Obukhovo,2033-04-15T08:35,2033-04-15T10:35,2,scheduled,,2033-04-15T08:35,2033-04-17T12:10,3787500
RSCH-001747,JOB-001992,EVS360-028,IS100,inspection_and_service,Obukhovo,2033-04-16T19:50,2033-04-16T21:50,2,scheduled,,2033-04-16T09:20,2033-04-17T21:20,2287500
RSCH-001748,JOB-001127,EVS360-016,IS200,inspection_and_service,Obukhovo,2033-04-10T20:50,2033-04-11T00:50,4,scheduled,,2033-04-10T10:10,2033-04-18T16:50,3275000
RSCH-001749,JOB-000337,EVS360-005,IS100,inspection_and_service,Obukhovo,2033-04-18T11:50,2033-04-18T13:50,2,scheduled,,2033-04-17T19:20,2033-04-19T13:20,3687500
RSCH-001750,JOB-000336,EVS360-005,IS510,inspection_and_service,Obukhovo,2033-03-26T23:50,2033-03-27T09:50,10,scheduled,,2033-03-26T23:50,2033-04-20T15:20,3675000
RSCH-001751,JOB-002063,EVS360-029,IS200,inspection_and_service,Obukhovo,2033-04-12T11:50,2033-04-12T15:50,4,scheduled,,2033-04-12T11:50,2033-04-20T17:20,2125000
RSCH-001752,JOB-002567,EVS360-036,IS100,inspection_and_service,Obukhovo,2033-04-19T09:50,2033-04-19T11:50,2,scheduled,,2033-04-18T16:50,2033-04-20T20:50,1737500
RSCH-001753,JOB-001344,EVS360-019,IS200,inspection_and_service,Obukhovo,2033-04-13T08:50,2033-04-13T12:50,4,scheduled,,2033-04-12T15:20,2033-04-20T22:35,3100000
RSCH-001754,JOB-000912,EVS360-013,IS100,inspection_and_service,Obukhovo,2033-04-19T17:20,2033-04-19T19:20,2,scheduled,,2033-04-19T08:10,2033-04-21T11:20,3537500
RSCH-001755,JOB-002277,EVS360-032,IS100,inspection_and_service,Obukhovo,2033-04-19T08:10,2033-04-19T10:10,2,scheduled,,2033-04-19T08:10,2033-04-21T11:50,1962500
RSCH-001756,JOB-002566,EVS360-036,IS510,inspection_and_service,Obukhovo,2033-03-27T22:10,2033-03-28T08:10,10,scheduled,,2033-03-27T22:10,2033-04-21T22:50,1725000
RSCH-001757,JOB-002714,EVS360-038,IS200,inspection_and_service,Obukhovo,2033-04-13T18:10,2033-04-13T22:10,4,scheduled,,2033-04-13T18:10,2033-04-21T23:50,1625000
RSCH-001758,JOB-000911,EVS360-013,IS510,inspection_and_service,Obukhovo,2033-03-30T16:10,2033-03-31T02:10,10,scheduled,,2033-03-28T12:35,2033-04-22T12:50,3525000
RSCH-001759,JOB-001200,EVS360-017,IS100,inspection_and_service,Obukhovo,2033-04-20T21:50,2033-04-20T23:50,2,scheduled,,2033-04-20T21:50,2033-04-22T14:50,3012500
RSCH-001760,JOB-000192,EVS360-003,IS200,inspection_and_service,Obukhovo,2033-04-14T22:10,2033-04-15T02:10,4,scheduled,,2033-04-14T11:50,2033-04-22T18:50,3950000
RSCH-001761,JOB-002350,EVS360-033,IS100,inspection_and_service,Obukhovo,2033-04-21T12:10,2033-04-21T14:10,2,scheduled,,2033-04-21T12:10,2033-04-22T23:20,2037500
RSCH-001762,JOB-002641,EVS360-037,IS100,inspection_and_service,Obukhovo,2033-04-21T13:50,2033-04-21T15:50,2,scheduled,,2033-04-21T13:50,2033-04-23T18:10,1612500
RSCH-001763,JOB-000119,EVS360-002,IS100,inspection_and_service,Obukhovo,2033-04-21T15:50,2033-04-21T17:50,2,scheduled,,2033-04-21T15:50,2033-04-23T20:35,4137500
RSCH-001764,JOB-002135,EVS360-030,IS100,inspection_and_service,Obukhovo,2033-04-22T12:35,2033-04-22T14:35,2,scheduled,,2033-04-21T20:10,2033-04-23T23:50,2087500
RSCH-001765,JOB-000840,EVS360-012,IS200,inspection_and_service,Obukhovo,2033-04-16T11:20,2033-04-16T15:20,4,scheduled,,2033-04-15T18:50,2033-04-24T08:10,3650000
RSCH-001766,JOB-002349,EVS360-033,IS510,inspection_and_service,Obukhovo,2033-04-04T16:50,2033-04-05T02:50,10,scheduled,,2033-03-30T16:10,2033-04-24T08:35,2025000
RSCH-001767,JOB-001562,EVS360-022,IS200,inspection_and_service,Obukhovo,2033-04-16T15:50,2033-04-16T19:50,4,scheduled,,2033-04-15T23:20,2033-04-24T12:35,2825000
RSCH-001768,JOB-001634,EVS360-023,IS200,inspection_and_service,Obukhovo,2033-04-16T16:10,2033-04-16T20:10,4,scheduled,,2033-04-15T23:50,2033-04-24T12:50,2800000
RSCH-001769,JOB-000118,EVS360-002,IS510,inspection_and_service,Obukhovo,2033-04-02T16:50,2033-04-03T02:50,10,scheduled,,2033-03-30T20:35,2033-04-24T22:10,4125000
RSCH-001770,JOB-001128,EVS360-016,IS100,inspection_and_service,Obukhovo,2033-04-24T09:50,2033-04-24T11:50,2,scheduled,,2033-04-23T16:50,2033-04-25T11:50,3287500
RSCH-001771,JOB-000769,EVS360-011,IS200,inspection_and_service,Obukhovo,2033-04-17T12:35,2033-04-17T16:35,4,scheduled,,2033-04-17T12:35,2033-04-25T18:50,3475000
RSCH-001772,JOB-000767,EVS360-011,IS520,inspection_and_service,Obukhovo,,,16,unscheduled,no_depot_window_before_deadline,2033-03-07T18:10,2033-04-25T18:50,3450000
RSCH-001773,JOB-001272,EVS360-018,IS100,inspection_and_service,Obukhovo,2033-04-24T10:50,2033-04-24T12:50,2,scheduled,,2033-04-24T10:50,2033-04-25T21:50,3087500
RSCH-001774,JOB-001417,EVS360-020,IS200,inspection_and_service,Obukhovo,2033-04-18T19:50,2033-04-18T23:50,4,scheduled,,2033-04-18T09:20,2033-04-26T15:20,2825000
RSCH-001775,JOB-000188,EVS360-003,IS530,inspection_and_service,Obukhovo,,,36,unscheduled,no_depot_window_before_deadline,2033-01-18T14:50,2033-04-26T16:10,3900000
RSCH-001776,JOB-000265,EVS360-004,IS100,inspection_and_service,Obukhovo,2033-04-24T22:50,2033-04-25T00:50,2,scheduled,,2033-04-24T12:35,2033-04-26T16:50,3837500
RSCH-001777,JOB-001706,EVS360-024,IS100,inspection_and_service,Obukhovo,2033-04-24T13:20,2033-04-24T15:20,2,scheduled,,2033-04-24T13:20,2033-04-26T17:20,2562500
RSCH-001778,JOB-001778,EVS360-025,IS100,inspection_and_service,Obukhovo,2033-04-24T13:50,2033-04-24T15:50,2,scheduled,,2033-04-24T13:50,2033-04-26T18:10,2412500
RSCH-001779,JOB-001271,EVS360-018,IS510,inspection_and_service,Obukhovo,2033-04-07T15:20,2033-04-08T01:20,10,scheduled,,2033-04-02T14:10,2033-04-26T23:50,3075000
RSCH-001780,JOB-001490,EVS360-021,IS200,inspection_and_service,Obukhovo,2033-04-19T21:50,2033-04-20T01:50,4,scheduled,,2033-04-19T11:20,2033-04-27T08:35,2950000
RSCH-001781,JOB-000264,EVS360-004,IS510,inspection_and_service,Obukhovo,2033-04-03T20:35,2033-04-04T06:35,10,scheduled,,2033-04-03T09:50,2033-04-27T19:20,3825000
RSCH-001782,JOB-000246,EVS360-004,IS600,revision,Obukhovo,,,384,unscheduled,no_depot_window_before_deadline,2032-03-29T21:20,2033-04-27T19:20,3600000
RSCH-001783,JOB-002064,EVS360-029,IS100,inspection_and_service,Obukhovo,2033-04-25T18:10,2033-04-25T20:10,2,scheduled,,2033-04-25T18:10,2033-04-27T22:10,2137500
RSCH-001784,JOB-000985,EVS360-014,IS200,inspection_and_service,Obukhovo,2033-04-20T20:35,2033-04-21T00:35,4,scheduled,,2033-04-20T09:50,2033-04-27T23:50,3325000
RSCH-001785,JOB-001345,EVS360-019,IS100,inspection_and_service,Obukhovo,2033-04-26T14:50,2033-04-26T16:50,2,scheduled,,2033-04-25T22:10,2033-04-28T09:20,3112500
RSCH-001786,JOB-000482,EVS360-007,IS200,inspection_and_service,Obukhovo,2033-04-20T16:10,2033-04-20T20:10,4,scheduled,,2033-04-19T23:50,2033-04-28T12:50,3875000
RSCH-001787,JOB-002207,EVS360-031,IS200,inspection_and_service,Obukhovo,2033-04-20T09:20,2033-04-20T13:20,4,scheduled,,2033-04-20T09:20,2033-04-28T14:10,2125000
RSCH-001788,JOB-002423,EVS360-034,IS100,inspection_and_service,Obukhovo,2033-04-26T22:35,2033-04-27T00:35,2,scheduled,,2033-04-26T12:10,2033-04-28T16:10,1887500
RSCH-001789,JOB-000554,EVS360-008,IS200,inspection_and_service,Obukhovo,2033-04-21T19:50,2033-04-21T23:50,4,scheduled,,2033-04-21T09:20,2033-04-28T22:50,3950000
RSCH-001790,JOB-002715,EVS360-038,IS100,inspection_and_service,Obukhovo,2033-04-27T00:10,2033-04-27T02:10,2,scheduled,,2033-04-27T00:10,2033-04-29T11:20,1637500
RSCH-001791,JOB-002422,EVS360-034,IS510,inspection_and_service,Obukhovo,2033-04-05T22:10,2033-04-06T08:10,10,scheduled,,2033-04-05T09:35,2033-04-29T18:50,1875000
RSCH-001792,JOB-000193,EVS360-003,IS100,inspection_and_service,Obukhovo,2033-04-28T11:20,2033-04-28T13:20,2,scheduled,,2033-04-27T18:50,2033-04-29T22:10,3962500
RSCH-001793,JOB-000697,EVS360-010,IS200,inspection_and_service,Obukhovo,2033-04-22T22:10,2033-04-23T02:10,4,scheduled,,2033-04-22T11:50,2033-04-30T08:50,3800000
RSCH-001794,JOB-002788,EVS360-039,IS200,inspection_and_service,Obukhovo,2033-04-22T16:50,2033-04-22T20:50,4,scheduled,,2033-04-22T00:10,2033-04-30T13:20,1550000
RSCH-001795,JOB-000841,EVS360-012,IS100,inspection_and_service,Obukhovo,2033-04-29T17:20,2033-04-29T19:20,2,scheduled,,2033-04-29T08:10,2033-04-30T20:10,3662500
RSCH-001796,JOB-002495,EVS360-035,IS100,inspection_and_service,Obukhovo,2033-04-29T09:50,2033-04-29T11:50,2,scheduled,,2033-04-28T16:50,2033-04-30T20:50,1737500
RSCH-001797,JOB-001993,EVS360-028,IS200,inspection_and_service,Obukhovo,2033-04-23T13:20,2033-04-23T17:20,4,scheduled,,2033-04-23T13:20,2033-05-01T10:10,2300000
RSCH-001798,JOB-001563,EVS360-022,IS100,inspection_and_service,Obukhovo,2033-04-29T22:35,2033-04-30T00:35,2,scheduled,,2033-04-29T12:10,2033-05-01T16:10,2837500
RSCH-001799,JOB-001635,EVS360-023,IS100,inspection_and_service,Obukhovo,2033-04-29T22:50,2033-04-30T00:50,2,scheduled,,2033-04-29T12:35,2033-05-01T16:50,2812500
RSCH-001800,JOB-001850,EVS360-026,IS100,inspection_and_service,Obukhovo,2033-04-30T00:10,2033-04-30T02:10,2,scheduled,,2033-04-29T13:50,2033-05-01T18:50,2562500
RSCH-001801,JOB-002494,EVS360-035,IS510,inspection_and_service,Obukhovo,2033-04-06T22:10,2033-04-07T08:10,10,scheduled,,2033-04-06T22:10,2033-05-01T22:50,1725000
RSCH-001802,JOB-001057,EVS360-015,IS100,inspection_and_service,Obukhovo,2033-04-30T21:20,2033-04-30T23:20,2,scheduled,,2033-04-30T10:50,2033-05-02T14:10,3312500
RSCH-001803,JOB-000338,EVS360-005,IS200,inspection_and_service,Obukhovo,2033-04-24T23:20,2033-04-25T03:20,4,scheduled,,2033-04-24T23:20,2033-05-02T20:35,3700000
RSCH-001804,JOB-000410,EVS360-006,IS100,inspection_and_service,Obukhovo,2033-05-01T18:50,2033-05-01T20:50,2,scheduled,,2033-05-01T08:50,2033-05-02T20:50,4062500
RSCH-001805,JOB-000770,EVS360-011,IS100,inspection_and_service,Obukhovo,2033-04-30T19:50,2033-04-30T21:50,2,scheduled,,2033-04-30T19:50,2033-05-02T22:50,3487500
RSCH-001806,JOB-001336,EVS360-019,IS540,inspection_and_service,Obukhovo,,,56,unscheduled,no_depot_window_before_deadline,2032-10-18T14:10,2033-05-03T09:50,3000000
RSCH-001807,JOB-000550,EVS360-008,IS530,inspection_and_service,Obukhovo,,,36,unscheduled,no_depot_window_before_deadline,2033-01-24T20:50,2033-05-03T12:50,3900000
RSCH-001808,JOB-001418,EVS360-020,IS100,inspection_and_service,Obukhovo,2033-05-02T08:35,2033-05-02T10:35,2,scheduled,,2033-05-01T14:50,2033-05-03T19:50,2837500
RSCH-001809,JOB-002568,EVS360-036,IS200,inspection_and_service,Obukhovo,2033-04-25T21:50,2033-04-26T01:50,4,scheduled,,2033-04-25T21:50,2033-05-04T09:50,1750000
RSCH-001810,JOB-002784,EVS360-039,IS530,inspection_and_service,Obukhovo,,,36,unscheduled,no_depot_window_before_deadline,2033-01-25T18:50,2033-05-04T11:20,1500000
RSCH-001811,JOB-001491,EVS360-021,IS100,inspection_and_service,Obukhovo,2033-05-03T10:50,2033-05-03T12:50,2,scheduled,,2033-05-02T18:10,2033-05-04T12:35,2962500
RSCH-001812,JOB-001922,EVS360-027,IS100,inspection_and_service,Obukhovo,2033-05-03T13:20,2033-05-03T15:20,2,scheduled,,2033-05-02T20:50,2033-05-04T15:20,2487500
RSCH-001813,JOB-000626,EVS360-009,IS100,inspection_and_service,Obukhovo,2033-05-02T22:10,2033-05-03T00:10,2,scheduled,,2033-05-02T11:50,2033-05-04T15:20,3687500
RSCH-001814,JOB-000913,EVS360-013,IS200,inspection_and_service,Obukhovo,2033-04-26T12:10,2033-04-26T16:10,4,scheduled,,2033-04-26T12:10,2033-05-04T18:10,3550000
RSCH-001815,JOB-002278,EVS360-032,IS200,inspection_and_service,Obukhovo,2033-04-26T21:50,2033-04-27T01:50,4,scheduled,,2033-04-26T11:20,2033-05-04T18:10,1975000
RSCH-001816,JOB-002276,EVS360-032,IS520,inspection_and_service,Obukhovo,,,16,unscheduled,no_depot_window_before_deadline,2033-03-16T08:10,2033-05-04T18:10,1950000
RSCH-001817,JOB-000625,EVS360-009,IS510,inspection_and_service,Obukhovo,2033-04-10T16:50,2033-04-11T02:50,10,scheduled,,2033-04-10T16:50,2033-05-05T08:50,3675000
RSCH-001818,JOB-000986,EVS360-014,IS100,inspection_and_service,Obukhovo,2033-05-04T09:20,2033-05-04T11:20,2,scheduled,,2033-05-03T16:10,2033-05-05T11:20,3337500
RSCH-001819,JOB-000483,EVS360-007,IS100,inspection_and_service,Obukhovo,2033-05-03T22:50,2033-05-04T00:50,2,scheduled,,2033-05-03T12:35,2033-05-05T16:50,3887500
RSCH-001820,JOB-001921,EVS360-027,IS510,inspection_and_service,Obukhovo,2033-04-15T16:10,2033-04-16T02:10,10,scheduled,,2033-04-11T08:50,2033-05-05T17:20,2475000
RSCH-001821,JOB-002208,EVS360-031,IS100,inspection_and_service,Obukhovo,2033-05-03T15:20,2033-05-03T17:20,2,scheduled,,2033-05-03T15:20,2033-05-05T20:10,2137500
RSCH-001822,JOB-001201,EVS360-017,IS200,inspection_and_service,Obukhovo,2033-04-27T15:50,2033-04-27T19:50,4,scheduled,,2033-04-27T15:50,2033-05-05T21:50,3025000
RSCH-001823,JOB-000555,EVS360-008,IS100,inspection_and_service,Obukhovo,2033-05-05T08:35,2033-05-05T10:35,2,scheduled,,2033-05-04T14:50,2033-05-06T10:10,3962500
RSCH-001824,JOB-002351,EVS360-033,IS200,inspection_and_service,Obukhovo,2033-04-29T08:50,2033-04-29T12:50,4,scheduled,,2033-04-28T15:20,2033-05-06T12:10,2050000
RSCH-001825,JOB-002642,EVS360-037,IS200,inspection_and_service,Obukhovo,2033-04-29T10:50,2033-04-29T14:50,4,scheduled,,2033-04-28T18:10,2033-05-06T13:50,1625000
RSCH-001826,JOB-000048,EVS360-001,IS100,inspection_and_service,Obukhovo,2033-05-04T22:10,2033-05-05T00:10,2,scheduled,,2033-05-04T11:50,2033-05-06T15:20,4137500
RSCH-001827,JOB-000047,EVS360-001,IS510,inspection_and_service,Obukhovo,2033-04-12T16:50,2033-04-13T02:50,10,scheduled,,2033-04-12T16:50,2033-05-07T08:50,4125000
RSCH-001828,JOB-000120,EVS360-002,IS200,inspection_and_service,Obukhovo,2033-04-29T12:35,2033-04-29T16:35,4,scheduled,,2033-04-28T20:10,2033-05-07T09:20,4150000
RSCH-001829,JOB-000698,EVS360-010,IS100,inspection_and_service,Obukhovo,2033-05-06T11:20,2033-05-06T13:20,2,scheduled,,2033-05-05T18:50,2033-05-07T12:50,3812500
RSCH-001830,JOB-002789,EVS360-039,IS100,inspection_and_service,Obukhovo,2033-05-05T23:20,2033-05-06T01:20,2,scheduled,,2033-05-05T12:50,2033-05-07T17:20,1562500
RSCH-001831,JOB-001994,EVS360-028,IS100,inspection_and_service,Obukhovo,2033-05-06T20:35,2033-05-06T22:35,2,scheduled,,2033-05-06T20:35,2033-05-08T13:20,2312500
RSCH-001832,JOB-001273,EVS360-018,IS200,inspection_and_service,Obukhovo,2033-05-02T00:10,2033-05-02T04:10,4,scheduled,,2033-05-01T13:50,2033-05-09T10:50,3100000
RSCH-001833,JOB-000266,EVS360-004,IS200,inspection_and_service,Obukhovo,2033-05-01T17:20,2033-05-01T21:20,4,scheduled,,2033-05-01T17:20,2033-05-09T23:20,3850000
RSCH-001834,JOB-000339,EVS360-005,IS100,inspection_and_service,Obukhovo,2033-05-08T12:35,2033-05-08T14:35,2,scheduled,,2033-05-08T12:35,2033-05-09T23:50,3712500
RSCH-001835,JOB-001707,EVS360-024,IS200,inspection_and_service,Obukhovo,2033-05-02T10:10,2033-05-02T14:10,4,scheduled,,2033-05-01T17:20,2033-05-09T23:50,2575000
RSCH-001836,JOB-001705,EVS360-024,IS520,inspection_and_service,Obukhovo,,,16,unscheduled,no_depot_window_before_deadline,2033-03-21T12:50,2033-05-09T23:50,2550000
RSCH-001837,JOB-001779,EVS360-025,IS200,inspection_and_service,Obukhovo,2033-05-02T10:50,2033-05-02T14:50,4,scheduled,,2033-05-01T18:10,2033-05-10T00:10,2425000
RSCH-001838,JOB-002065,EVS360-029,IS200,inspection_and_service,Obukhovo,2033-05-03T14:10,2033-05-03T18:10,4,scheduled,,2033-05-02T21:50,2033-05-11T11:20,2150000
RSCH-001839,JOB-002279,EVS360-032,IS100,inspection_and_service,Obukhovo,2033-05-10T10:50,2033-05-10T12:50,2,scheduled,,2033-05-09T18:10,2033-05-11T12:35,1987500
RSCH-001840,JOB-002569,EVS360-036,IS100,inspection_and_service,Obukhovo,2033-05-09T10:50,2033-05-09T12:50,2,scheduled,,2033-05-09T10:50,2033-05-11T14:10,1762500
RSCH-001841,JOB-001346,EVS360-019,IS200,inspection_and_service,Obukhovo,2033-05-03T09:50,2033-05-03T13:50,4,scheduled,,2033-05-03T09:50,2033-05-11T14:50,3125000
RSCH-001842,JOB-000914,EVS360-013,IS100,inspection_and_service,Obukhovo,2033-05-09T18:50,2033-05-09T20:50,2,scheduled,,2033-05-09T18:50,2033-05-11T22:35,3562500
RSCH-001843,JOB-002424,EVS360-034,IS200,inspection_and_service,Obukhovo,2033-05-03T16:50,2033-05-03T20:50,4,scheduled,,2033-05-03T16:50,2033-05-11T22:50,1900000
RSCH-001844,JOB-001202,EVS360-017,IS100,inspection_and_service,Obukhovo,2033-05-10T22:35,2033-05-11T00:35,2,scheduled,,2033-05-10T22:35,2033-05-13T09:20,3037500
RSCH-001845,JOB-002352,EVS360-033,IS100,inspection_and_service,Obukhovo,2033-05-11T12:50,2033-05-11T14:50,2,scheduled,,2033-05-11T12:50,2033-05-13T16:50,2062500
RSCH-001846,JOB-002643,EVS360-037,IS100,inspection_and_service,Obukhovo,2033-05-12T16:50,2033-05-12T18:50,2,scheduled,,2033-05-12T00:10,2033-05-13T19:50,1637500
RSCH-001847,JOB-002496,EVS360-035,IS200,inspection_and_service,Obukhovo,2033-05-05T21:50,2033-05-06T01:50,4,scheduled,,2033-05-05T21:50,2033-05-14T09:50,1750000
RSCH-001848,JOB-000121,EVS360-002,IS100,inspection_and_service,Obukhovo,2033-05-12T19:50,2033-05-12T21:50,2,scheduled,,2033-05-12T09:20,2033-05-14T12:35,4162500
RSCH-001849,JOB-002137,EVS360-030,IS100,inspection_and_service,Obukhovo,2033-05-12T13:20,2033-05-12T15:20,2,scheduled,,2033-05-12T13:20,2033-05-14T17:20,2112500
RSCH-001850,JOB-001636,EVS360-023,IS200,inspection_and_service,Obukhovo,2033-05-06T17:20,2033-05-06T21:20,4,scheduled,,2033-05-06T17:20,2033-05-14T23:20,2825000
RSCH-001851,JOB-001851,EVS360-026,IS200,inspection_and_service,Obukhovo,2033-05-06T19:50,2033-05-06T23:50,4,scheduled,,2033-05-06T19:50,2033-05-15T08:10,2575000
RSCH-001852,JOB-001849,EVS360-026,IS520,inspection_and_service,Obukhovo,,,16,unscheduled,no_depot_window_before_deadline,2033-03-26T14:50,2033-05-15T08:10,2550000
RSCH-001853,JOB-002061,EVS360-029,IS530,inspection_and_service,Obukhovo,,,36,unscheduled,no_depot_window_before_deadline,2033-02-06T08:35,2033-05-15T09:20,2100000
RSCH-001854,JOB-001058,EVS360-015,IS200,inspection_and_service,Obukhovo,2033-05-07T15:20,2033-05-07T19:20,4,scheduled,,2033-05-07T15:20,2033-05-15T21:20,3325000
RSCH-001855,JOB-001130,EVS360-016,IS100,inspection_and_service,Obukhovo,2033-05-14T10:50,2033-05-14T12:50,2,scheduled,,2033-05-14T10:50,2033-05-15T21:50,3312500
RSCH-001856,JOB-000411,EVS360-006,IS200,inspection_and_service,Obukhovo,2033-05-08T12:50,2033-05-08T16:50,4,scheduled,,2033-05-08T12:50,2033-05-16T09:50,4075000
RSCH-001857,JOB-000409,EVS360-006,IS520,inspection_and_service,Obukhovo,,,16,unscheduled,no_depot_window_before_deadline,2033-03-28T09:20,2033-05-16T09:50,4050000
RSCH-001858,JOB-000771,EVS360-011,IS200,inspection_and_service,Obukhovo,2033-05-08T15:20,2033-05-08T19:20,4,scheduled,,2033-05-07T22:50,2033-05-16T12:10,3500000
RSCH-001859,JOB-001274,EVS360-018,IS100,inspection_and_service,Obukhovo,2033-05-15T13:20,2033-05-15T15:20,2,scheduled,,2033-05-14T20:50,2033-05-16T15:20,3112500
RSCH-001860,JOB-001708,EVS360-024,IS100,inspection_and_service,Obukhovo,2033-05-15T16:10,2033-05-15T18:10,2,scheduled,,2033-05-14T23:50,2033-05-16T18:50,2587500
RSCH-001861,JOB-001780,EVS360-025,IS100,inspection_and_service,Obukhovo,2033-05-15T16:50,2033-05-15T18:50,2,scheduled,,2033-05-15T00:10,2033-05-17T10:50,2437500
RSCH-001862,JOB-000267,EVS360-004,IS100,inspection_and_service,Obukhovo,2033-05-14T23:50,2033-05-15T01:50,2,scheduled,,2033-05-14T23:50,2033-05-17T10:50,3862500
RSCH-001863,JOB-001492,EVS360-021,IS200,inspection_and_service,Obukhovo,2033-05-09T22:35,2033-05-10T02:35,4,scheduled,,2033-05-09T12:10,2033-05-17T19:50,2975000
RSCH-001864,JOB-000627,EVS360-009,IS200,inspection_and_service,Obukhovo,2033-05-09T16:10,2033-05-09T20:10,4,scheduled,,2033-05-09T16:10,2033-05-17T22:10,3700000
RSCH-001865,JOB-001923,EVS360-027,IS200,inspection_and_service,Obukhovo,2033-05-10T08:35,2033-05-10T12:35,4,scheduled,,2033-05-09T14:50,2033-05-17T22:10,2500000
RSCH-001866,JOB-002066,EVS360-029,IS100,inspection_and_service,Obukhovo,2033-05-16T21:20,2033-05-16T23:20,2,scheduled,,2033-05-16T10:50,2033-05-18T14:10,2162500
RSCH-001867,JOB-000987,EVS360-014,IS200,inspection_and_service,Obukhovo,2033-05-10T21:20,2033-05-11T01:20,4,scheduled,,2033-05-10T21:20,2033-05-18T17:20,3350000
RSCH-001868,JOB-001347,EVS360-019,IS100,inspection_and_service,Obukhovo,2033-05-16T15:50,2033-05-16T17:50,2,scheduled,,2033-05-16T15:50,2033-05-18T20:35,3137500
RSCH-001869,JOB-002209,EVS360-031,IS200,inspection_and_service,Obukhovo,2033-05-11T12:10,2033-05-11T16:10,4,scheduled,,2033-05-10T19:50,2033-05-19T08:50,2150000
RSCH-001870,JOB-002425,EVS360-034,IS100,inspection_and_service,Obukhovo,2033-05-16T23:20,2033-05-17T01:20,2,scheduled,,2033-05-16T23:20,2033-05-19T10:10,1912500
RSCH-001871,JOB-002717,EVS360-038,IS100,inspection_and_service,Obukhovo,2033-05-18T10:10,2033-05-18T12:10,2,scheduled,,2033-05-17T17:20,2033-05-19T21:20,1662500
RSCH-001872,JOB-000049,EVS360-001,IS200,inspection_and_service,Obukhovo,2033-05-11T16:10,2033-05-11T20:10,4,scheduled,,2033-05-11T16:10,2033-05-19T22:10,4150000
RSCH-001873,JOB-000195,EVS360-003,IS100,inspection_and_service,Obukhovo,2033-05-18T12:10,2033-05-18T14:10,2,scheduled,,2033-05-18T12:10,2033-05-20T15:50,3987500
RSCH-001874,JOB-000843,EVS360-012,IS100,inspection_and_service,Obukhovo,2033-05-19T18:50,2033-05-19T20:50,2,scheduled,,2033-05-19T18:50,2033-05-21T12:10,3687500
RSCH-001875,JOB-002497,EVS360-035,IS100,inspection_and_service,Obukhovo,2033-05-19T10:50,2033-05-19T12:50,2,scheduled,,2033-05-19T10:50,2033-05-21T14:10,1762500
RSCH-001876,JOB-001265,EVS360-018,IS540,inspection_and_service,Obukhovo,,,56,unscheduled,no_depot_window_before_deadline,2032-11-05T21:50,2033-05-21T14:50,3000000
RSCH-001877,JOB-000194,EVS360-003,IS510,inspection_and_service,Obukhovo,2033-05-01T16:50,2033-05-02T02:50,10,scheduled,,2033-04-26T16:10,2033-05-21T18:10,3975000
RSCH-001878,JOB-001565,EVS360-022,IS100,inspection_and_service,Obukhovo,2033-05-19T23:20,2033-05-20T01:20,2,scheduled,,2033-05-19T23:20,2033-05-22T10:10,2862500
RSCH-001879,JOB-001637,EVS360-023,IS100,inspection_and_service,Obukhovo,2033-05-19T23:50,2033-05-20T01:50,2,scheduled,,2033-05-19T23:50,2033-05-22T10:50,2837500
RSCH-001880,JOB-001852,EVS360-026,IS100,inspection_and_service,Obukhovo,2033-05-20T08:35,2033-05-20T10:35,2,scheduled,,2033-05-20T08:35,2033-05-22T12:10,2587500
RSCH-001881,JOB-000842,EVS360-012,IS510,inspection_and_service,Obukhovo,2033-04-28T15:20,2033-04-29T01:20,10,scheduled,,2033-04-27T22:50,2033-05-22T13:50,3675000
RSCH-001882,JOB-002205,EVS360-031,IS530,inspection_and_service,Obukhovo,,,36,unscheduled,no_depot_window_before_deadline,2033-02-13T22:50,2033-05-22T23:50,2100000
RSCH-001883,JOB-000983,EVS360-014,IS530,inspection_and_service,Obukhovo,,,36,unscheduled,no_depot_window_before_deadline,2033-02-13T13:50,2033-05-23T08:35,3300000
RSCH-001884,JOB-001059,EVS360-015,IS100,inspection_and_service,Obukhovo,2033-05-20T22:10,2033-05-21T00:10,2,scheduled,,2033-05-20T22:10,2033-05-23T08:50,3337500
RSCH-001885,JOB-000340,EVS360-005,IS200,inspection_and_service,Obukhovo,2033-05-15T00:10,2033-05-15T04:10,4,scheduled,,2033-05-15T00:10,2033-05-23T12:35,3725000
RSCH-001886,JOB-000412,EVS360-006,IS100,inspection_and_service,Obukhovo,2033-05-21T20:10,2033-05-21T22:10,2,scheduled,,2033-05-21T09:35,2033-05-23T12:50,4087500
RSCH-001887,JOB-000772,EVS360-011,IS100,inspection_and_service,Obukhovo,2033-05-21T22:10,2033-05-22T00:10,2,scheduled,,2033-05-21T11:50,2033-05-23T15:20,3512500
RSCH-001888,JOB-002416,EVS360-034,IS540,inspection_and_service,Obukhovo,,,56,unscheduled,no_depot_window_before_deadline,2032-11-08T15:50,2033-05-24T09:50,1800000
RSCH-001889,JOB-002570,EVS360-036,IS200,inspection_and_service,Obukhovo,2033-05-17T00:10,2033-05-17T04:10,4,scheduled,,2033-05-16T13:50,2033-05-24T10:50,1775000
RSCH-001890,JOB-001420,EVS360-020,IS100,inspection_and_service,Obukhovo,2033-05-22T09:20,2033-05-22T11:20,2,scheduled,,2033-05-22T09:20,2033-05-24T12:50,2862500
RSCH-001891,JOB-000628,EVS360-009,IS100,inspection_and_service,Obukhovo,2033-05-22T22:50,2033-05-23T00:50,2,scheduled,,2033-05-22T22:50,2033-05-24T16:50,3712500
RSCH-001892,JOB-002280,EVS360-032,IS200,inspection_and_service,Obukhovo,2033-05-16T22:35,2033-05-17T02:35,4,scheduled,,2033-05-16T22:35,2033-05-24T19:50,2000000
RSCH-001893,JOB-001493,EVS360-021,IS100,inspection_and_service,Obukhovo,2033-05-23T11:50,2033-05-23T13:50,2,scheduled,,2033-05-22T19:20,2033-05-24T22:50,2987500
RSCH-001894,JOB-001924,EVS360-027,IS100,inspection_and_service,Obukhovo,2033-05-23T14:10,2033-05-23T16:10,2,scheduled,,2033-05-22T21:50,2033-05-25T08:50,2512500
RSCH-001895,JOB-000915,EVS360-013,IS200,inspection_and_service,Obukhovo,2033-05-17T14:50,2033-05-17T18:50,4,scheduled,,2033-05-16T22:10,2033-05-25T11:50,3575000
RSCH-001896,JOB-000485,EVS360-007,IS100,inspection_and_service,Obukhovo,2033-05-23T23:50,2033-05-24T01:50,2,scheduled,,2033-05-23T23:50,2033-05-25T18:10,3912500
RSCH-001897,JOB-000988,EVS360-014,IS100,inspection_and_service,Obukhovo,2033-05-24T10:10,2033-05-24T12:10,2,scheduled,,2033-05-23T17:20,2033-05-25T21:20,3362500
RSCH-001898,JOB-002210,EVS360-031,IS100,inspection_and_service,Obukhovo,2033-05-24T18:50,2033-05-24T20:50,2,scheduled,,2033-05-24T08:50,2033-05-26T12:10,2162500
RSCH-001899,JOB-001203,EVS360-017,IS200,inspection_and_service,Obukhovo,2033-05-18T19:50,2033-05-18T23:50,4,scheduled,,2033-05-18T09:20,2033-05-26T15:20,3050000
RSCH-001900,JOB-000050,EVS360-001,IS100,inspection_and_service,Obukhovo,2033-05-24T22:50,2033-05-25T00:50,2,scheduled,,2033-05-24T22:50,2033-05-26T16:50,4162500
RSCH-001901,JOB-000557,EVS360-008,IS100,inspection_and_service,Obukhovo,2033-05-25T09:20,2033-05-25T11:20,2,scheduled,,2033-05-24T16:10,2033-05-26T20:35,3987500
RSCH-001902,JOB-002353,EVS360-033,IS200,inspection_and_service,Obukhovo,2033-05-19T09:50,2033-05-19T13:50,4,scheduled,,2033-05-18T16:50,2033-05-26T23:20,2075000
RSCH-001903,JOB-000122,EVS360-002,IS200,inspection_and_service,Obukhovo,2033-05-19T13:20,2033-05-19T17:20,4,scheduled,,2033-05-19T13:20,2033-05-27T19:50,4175000
RSCH-001904,JOB-000556,EVS360-008,IS510,inspection_and_service,Obukhovo,2033-05-03T23:20,2033-05-04T09:20,10,scheduled,,2033-05-03T12:50,2033-05-27T22:10,3975000
RSCH-001905,JOB-000700,EVS360-010,IS100,inspection_and_service,Obukhovo,2033-05-26T12:10,2033-05-26T14:10,2,scheduled,,2033-05-26T12:10,2033-05-27T23:20,3837500
RSCH-001906,JOB-002138,EVS360-030,IS200,inspection_and_service,Obukhovo,2033-05-20T10:10,2033-05-20T14:10,4,scheduled,,2033-05-19T17:20,2033-05-27T23:50,2125000
RSCH-001907,JOB-002791,EVS360-039,IS100,inspection_and_service,Obukhovo,2033-05-26T00:10,2033-05-26T02:10,2,scheduled,,2033-05-26T00:10,2033-05-28T11:20,1587500
RSCH-001908,JOB-002790,EVS360-039,IS510,inspection_and_service,Obukhovo,2033-05-04T21:50,2033-05-05T07:50,10,scheduled,,2033-05-04T11:20,2033-05-28T20:35,1575000
RSCH-001909,JOB-001996,EVS360-028,IS100,inspection_and_service,Obukhovo,2033-05-26T21:20,2033-05-26T23:20,2,scheduled,,2033-05-26T21:20,2033-05-29T08:10,2337500
RSCH-001910,JOB-000699,EVS360-010,IS510,inspection_and_service,Obukhovo,2033-05-09T16:50,2033-05-10T02:50,10,scheduled,,2033-05-04T16:10,2033-05-29T08:35,3825000
RSCH-001911,JOB-000681,EVS360-010,IS600,revision,Obukhovo,,,384,unscheduled,no_depot_window_before_deadline,2032-04-30T10:10,2033-05-29T08:35,3600000
RSCH-001912,JOB-001131,EVS360-016,IS200,inspection_and_service,Obukhovo,2033-05-20T22:35,2033-05-21T02:35,4,scheduled,,2033-05-20T22:35,2033-05-29T10:50,3325000
RSCH-001913,JOB-001275,EVS360-018,IS200,inspection_and_service,Obukhovo,2033-05-22T08:35,2033-05-22T12:35,4,scheduled,,2033-05-21T14:50,2033-05-29T22:10,3125000
RSCH-001914,JOB-001709,EVS360-024,IS200,inspection_and_service,Obukhovo,2033-05-22T11:20,2033-05-22T15:20,4,scheduled,,2033-05-22T11:20,2033-05-30T08:10,2600000
RSCH-001915,JOB-001995,EVS360-028,IS510,inspection_and_service,Obukhovo,2033-05-05T18:10,2033-05-06T04:10,10,scheduled,,2033-05-05T18:10,2033-05-30T09:50,2325000
RSCH-001916,JOB-000268,EVS360-004,IS200,inspection_and_service,Obukhovo,2033-05-22T20:50,2033-05-23T00:50,4,scheduled,,2033-05-22T10:10,2033-05-30T16:50,3875000
RSCH-001917,JOB-000341,EVS360-005,IS100,inspection_and_service,Obukhovo,2033-05-28T13:20,2033-05-28T15:20,2,scheduled,,2033-05-28T13:20,2033-05-30T17:20,3737500
RSCH-001918,JOB-001781,EVS360-025,IS200,inspection_and_service,Obukhovo,2033-05-22T11:50,2033-05-22T15:50,4,scheduled,,2033-05-22T11:50,2033-05-30T17:20,2450000
RSCH-001919,JOB-002571,EVS360-036,IS100,inspection_and_service,Obukhovo,2033-05-30T13:20,2033-05-30T15:20,2,scheduled,,2033-05-29T20:50,2033-05-31T15:20,1787500
RSCH-001920,JOB-002281,EVS360-032,IS100,inspection_and_service,Obukhovo,2033-05-30T11:50,2033-05-30T13:50,2,scheduled,,2033-05-30T11:50,2033-05-31T22:50,2012500
RSCH-001921,JOB-000916,EVS360-013,IS100,inspection_and_service,Obukhovo,2033-05-30T21:50,2033-05-30T23:50,2,scheduled,,2033-05-30T11:20,2033-05-31T23:20,3587500
RSCH-001922,JOB-002426,EVS360-034,IS200,inspection_and_service,Obukhovo,2033-05-24T20:35,2033-05-25T00:35,4,scheduled,,2033-05-24T09:50,2033-06-01T16:10,1925000
RSCH-001923,JOB-002718,EVS360-038,IS200,inspection_and_service,Obukhovo,2033-05-24T22:10,2033-05-25T02:10,4,scheduled,,2033-05-24T22:10,2033-06-02T10:10,1675000
RSCH-001924,JOB-002716,EVS360-038,IS520,inspection_and_service,Obukhovo,,,16,unscheduled,no_depot_window_before_deadline,2033-04-13T18:10,2033-06-02T10:10,1650000
RSCH-001925,JOB-001204,EVS360-017,IS100,inspection_and_service,Obukhovo,2033-06-01T08:35,2033-06-01T10:35,2,scheduled,,2033-05-31T14:50,2033-06-02T19:50,3062500
RSCH-001926,JOB-000196,EVS360-003,IS200,inspection_and_service,Obukhovo,2033-05-26T08:50,2033-05-26T12:50,4,scheduled,,2033-05-25T15:20,2033-06-02T22:35,4000000
RSCH-001927,JOB-002354,EVS360-033,IS100,inspection_and_service,Obukhovo,2033-06-01T15:50,2033-06-01T17:50,2,scheduled,,2033-05-31T23:20,2033-06-03T09:50,2087500
RSCH-001928,JOB-002498,EVS360-035,IS200,inspection_and_service,Obukhovo,2033-05-27T00:10,2033-05-27T04:10,4,scheduled,,2033-05-26T13:50,2033-06-03T10:50,1775000
RSCH-001929,JOB-002645,EVS360-037,IS100,inspection_and_service,Obukhovo,2033-06-01T18:10,2033-06-01T20:10,2,scheduled,,2033-06-01T18:10,2033-06-03T11:50,1662500
RSCH-001930,JOB-000123,EVS360-002,IS100,inspection_and_service,Obukhovo,2033-06-01T20:35,2033-06-01T22:35,2,scheduled,,2033-06-01T20:35,2033-06-03T13:20,4187500
RSCH-001931,JOB-000844,EVS360-012,IS200,inspection_and_service,Obukhovo,2033-05-26T12:50,2033-05-26T16:50,4,scheduled,,2033-05-26T12:50,2033-06-03T19:20,3700000
RSCH-001932,JOB-001853,EVS360-026,IS200,inspection_and_service,Obukhovo,2033-05-27T22:10,2033-05-28T02:10,4,scheduled,,2033-05-27T11:50,2033-06-04T08:50,2600000
RSCH-001933,JOB-002139,EVS360-030,IS100,inspection_and_service,Obukhovo,2033-06-02T16:10,2033-06-02T18:10,2,scheduled,,2033-06-01T23:50,2033-06-04T10:10,2137500
RSCH-001934,JOB-001566,EVS360-022,IS200,inspection_and_service,Obukhovo,2033-05-27T20:35,2033-05-28T00:35,4,scheduled,,2033-05-27T09:50,2033-06-04T16:10,2875000
RSCH-001935,JOB-001564,EVS360-022,IS520,inspection_and_service,Obukhovo,,,16,unscheduled,no_depot_window_before_deadline,2033-04-15T23:20,2033-06-04T16:10,2850000
RSCH-001936,JOB-001528,EVS360-022,IS700,revision,Obukhovo,,,575,unscheduled,no_depot_window_before_deadline,2032-01-05T00:00,2033-06-04T16:10,2400000
RSCH-001937,JOB-001060,EVS360-015,IS200,inspection_and_service,Obukhovo,2033-05-28T18:50,2033-05-28T22:50,4,scheduled,,2033-05-28T08:50,2033-06-05T14:50,3350000
RSCH-001938,JOB-001132,EVS360-016,IS100,inspection_and_service,Obukhovo,2033-06-03T11:50,2033-06-03T13:50,2,scheduled,,2033-06-03T11:50,2033-06-05T15:20,3337500
RSCH-001939,JOB-000413,EVS360-006,IS200,inspection_and_service,Obukhovo,2033-05-28T13:50,2033-05-28T17:50,4,scheduled,,2033-05-28T13:50,2033-06-05T20:10,4100000
RSCH-001940,JOB-001276,EVS360-018,IS100,inspection_and_service,Obukhovo,2033-06-04T14:10,2033-06-04T16:10,2,scheduled,,2033-06-03T21:50,2033-06-06T08:50,3137500
RSCH-001941,JOB-001710,EVS360-024,IS100,inspection_and_service,Obukhovo,2033-06-04T17:20,2033-06-04T19:20,2,scheduled,,2033-06-04T17:20,2033-06-06T11:20,2612500
RSCH-001942,JOB-001421,EVS360-020,IS200,inspection_and_service,Obukhovo,2033-05-29T22:50,2033-05-30T02:50,4,scheduled,,2033-05-29T12:35,2033-06-06T20:10,2875000
RSCH-001943,JOB-001419,EVS360-020,IS520,inspection_and_service,Obukhovo,,,16,unscheduled,no_depot_window_before_deadline,2033-04-18T09:20,2033-06-06T20:10,2850000
RSCH-001944,JOB-001383,EVS360-020,IS700,revision,Obukhovo,,,575,unscheduled,no_depot_window_before_deadline,2032-01-05T00:00,2033-06-06T20:10,2400000
RSCH-001945,JOB-000269,EVS360-004,IS100,inspection_and_service,Obukhovo,2033-06-05T09:50,2033-06-05T11:50,2,scheduled,,2033-06-04T16:50,2033-06-06T20:50,3887500
RSCH-001946,JOB-001782,EVS360-025,IS100,inspection_and_service,Obukhovo,2033-06-04T18:10,2033-06-04T20:10,2,scheduled,,2033-06-04T18:10,2033-06-06T22:10,2462500
RSCH-001947,JOB-000629,EVS360-009,IS200,inspection_and_service,Obukhovo,2033-05-30T20:10,2033-05-31T00:10,4,scheduled,,2033-05-30T09:35,2033-06-06T23:20,3725000
RSCH-001948,JOB-001925,EVS360-027,IS200,inspection_and_service,Obukhovo,2033-05-30T09:20,2033-05-30T13:20,4,scheduled,,2033-05-30T09:20,2033-06-07T14:10,2525000
RSCH-001949,JOB-000486,EVS360-007,IS200,inspection_and_service,Obukhovo,2033-05-31T20:50,2033-06-01T00:50,4,scheduled,,2033-05-31T10:10,2033-06-08T00:10,3925000
RSCH-001950,JOB-002068,EVS360-029,IS100,inspection_and_service,Obukhovo,2033-06-05T22:10,2033-06-06T00:10,2,scheduled,,2033-06-05T22:10,2033-06-08T08:50,2187500
RSCH-001951,JOB-001349,EVS360-019,IS100,inspection_and_service,Obukhovo,2033-06-06T19:50,2033-06-06T21:50,2,scheduled,,2033-06-06T09:20,2033-06-08T12:35,3162500
RSCH-001952,JOB-002067,EVS360-029,IS510,inspection_and_service,Obukhovo,2033-05-15T19:50,2033-05-16T05:50,10,scheduled,,2033-05-15T09:20,2033-06-08T18:10,2175000
RSCH-001953,JOB-002427,EVS360-034,IS100,inspection_and_service,Obukhovo,2033-06-07T09:20,2033-06-07T11:20,2,scheduled,,2033-06-06T16:10,2033-06-08T20:35,1937500
RSCH-001954,JOB-000051,EVS360-001,IS200,inspection_and_service,Obukhovo,2033-06-01T20:10,2033-06-02T00:10,4,scheduled,,2033-06-01T09:35,2033-06-08T23:20,4175000
RSCH-001955,JOB-000558,EVS360-008,IS200,inspection_and_service,Obukhovo,2033-05-31T21:20,2033-06-01T01:20,4,scheduled,,2033-05-31T21:20,2033-06-09T09:35,4000000
RSCH-001956,JOB-001056,EVS360-015,IS530,inspection_and_service,Obukhovo,,,36,unscheduled,no_depot_window_before_deadline,2033-03-03T11:50,2033-06-09T12:35,3300000
RSCH-001957,JOB-002719,EVS360-038,IS100,inspection_and_service,Obukhovo,2033-06-07T11:20,2033-06-07T13:20,2,scheduled,,2033-06-07T11:20,2033-06-09T14:50,1687500
RSCH-001958,JOB-002792,EVS360-039,IS200,inspection_and_service,Obukhovo,2033-06-02T21:20,2033-06-03T01:20,4,scheduled,,2033-06-02T10:50,2033-06-10T08:10,1600000
RSCH-001959,JOB-000197,EVS360-003,IS100,inspection_and_service,Obukhovo,2033-06-08T14:50,2033-06-08T16:50,2,scheduled,,2033-06-07T22:10,2033-06-10T09:20,4012500
RSCH-001960,JOB-000701,EVS360-010,IS200,inspection_and_service,Obukhovo,2033-06-01T23:50,2033-06-02T03:50,4,scheduled,,2033-06-01T23:50,2033-06-10T12:10,3850000
RSCH-001961,JOB-002499,EVS360-035,IS100,inspection_and_service,Obukhovo,2033-06-09T13:20,2033-06-09T15:20,2,scheduled,,2033-06-08T20:50,2033-06-10T15:20,1787500
RSCH-001962,JOB-000845,EVS360-012,IS100,inspection_and_service,Obukhovo,2033-06-08T20:10,2033-06-08T22:10,2,scheduled,,2033-06-08T20:10,2033-06-10T23:20,3712500
RSCH-001963,JOB-001567,EVS360-022,IS100,inspection_and_service,Obukhovo,2033-06-10T09:20,2033-06-10T11:20,2,scheduled,,2033-06-09T16:10,2033-06-11T11:20,2887500
RSCH-001964,JOB-001854,EVS360-026,IS100,inspection_and_service,Obukhovo,2033-06-10T11:20,2033-06-10T13:20,2,scheduled,,2033-06-09T18:50,2033-06-11T12:50,2612500
RSCH-001965,JOB-001997,EVS360-028,IS200,inspection_and_service,Obukhovo,2033-06-03T17:20,2033-06-03T21:20,4,scheduled,,2033-06-03T08:10,2033-06-11T13:50,2350000
RSCH-001966,JOB-001639,EVS360-023,IS100,inspection_and_service,Obukhovo,2033-06-10T09:50,2033-06-10T11:50,2,scheduled,,2033-06-09T16:50,2033-06-11T20:50,2862500
RSCH-001967,JOB-000774,EVS360-011,IS100,inspection_and_service,Obukhovo,2033-06-10T22:50,2033-06-11T00:50,2,scheduled,,2033-06-10T22:50,2033-06-12T16:50,3537500
RSCH-001968,JOB-001061,EVS360-015,IS100,inspection_and_service,Obukhovo,2033-06-11T08:10,2033-06-11T10:10,2,scheduled,,2033-06-10T14:10,2033-06-12T19:20,3362500
RSCH-001969,JOB-000414,EVS360-006,IS100,inspection_and_service,Obukhovo,2033-06-10T20:50,2033-06-10T22:50,2,scheduled,,2033-06-10T20:50,2033-06-13T00:10,4112500
RSCH-001970,JOB-000773,EVS360-011,IS510,inspection_and_service,Obukhovo,2033-05-20T20:35,2033-05-21T06:35,10,scheduled,,2033-05-20T09:50,2033-06-13T19:20,3525000
RSCH-001971,JOB-001422,EVS360-020,IS100,inspection_and_service,Obukhovo,2033-06-12T12:10,2033-06-12T14:10,2,scheduled,,2033-06-11T19:50,2033-06-13T23:20,2887500
RSCH-001972,JOB-000630,EVS360-009,IS100,inspection_and_service,Obukhovo,2033-06-13T08:50,2033-06-13T10:50,2,scheduled,,2033-06-12T15:20,2033-06-14T10:50,3737500
RSCH-001973,JOB-001495,EVS360-021,IS100,inspection_and_service,Obukhovo,2033-06-12T12:35,2033-06-12T14:35,2,scheduled,,2033-06-12T12:35,2033-06-14T16:10,3012500
RSCH-001974,JOB-001926,EVS360-027,IS100,inspection_and_service,Obukhovo,2033-06-12T15:20,2033-06-12T17:20,2,scheduled,,2033-06-12T15:20,2033-06-14T20:10,2537500
RSCH-001975,JOB-000487,EVS360-007,IS100,inspection_and_service,Obukhovo,2033-06-14T09:50,2033-06-14T11:50,2,scheduled,,2033-06-13T16:50,2033-06-15T11:50,3937500
RSCH-001976,JOB-000990,EVS360-014,IS100,inspection_and_service,Obukhovo,2033-06-13T11:20,2033-06-13T13:20,2,scheduled,,2033-06-13T11:20,2033-06-15T14:50,3387500
RSCH-001977,JOB-002212,EVS360-031,IS100,inspection_and_service,Obukhovo,2033-06-13T20:10,2033-06-13T22:10,2,scheduled,,2033-06-13T20:10,2033-06-15T23:20,2187500
RSCH-001978,JOB-000052,EVS360-001,IS100,inspection_and_service,Obukhovo,2033-06-15T08:50,2033-06-15T10:50,2,scheduled,,2033-06-14T15:20,2033-06-16T10:50,4187500
RSCH-001979,JOB-000559,EVS360-008,IS100,inspection_and_service,Obukhovo,2033-06-14T10:10,2033-06-14T12:10,2,scheduled,,2033-06-14T10:10,2033-06-16T13:50,4012500
RSCH-001980,JOB-000989,EVS360-014,IS510,inspection_and_service,Obukhovo,2033-05-27T15:50,2033-05-28T01:50,10,scheduled,,2033-05-23T08:35,2033-06-16T16:50,3375000
RSCH-001981,JOB-002646,EVS360-037,IS200,inspection_and_service,Obukhovo,2033-06-08T12:35,2033-06-08T16:35,4,scheduled,,2033-06-08T12:35,2033-06-16T18:50,1675000
RSCH-001982,JOB-002644,EVS360-037,IS520,inspection_and_service,Obukhovo,,,16,unscheduled,no_depot_window_before_deadline,2033-04-28T18:10,2033-06-16T18:50,1650000
RSCH-001983,JOB-002140,EVS360-030,IS200,inspection_and_service,Obukhovo,2033-06-09T11:20,2033-06-09T15:20,4,scheduled,,2033-06-09T11:20,2033-06-17T08:10,2150000
RSCH-001984,JOB-002211,EVS360-031,IS510,inspection_and_service,Obukhovo,2033-05-23T16:10,2033-05-24T02:10,10,scheduled,,2033-05-22T23:50,2033-06-17T08:35,2175000
RSCH-001985,JOB-002793,EVS360-039,IS100,inspection_and_service,Obukhovo,2033-06-16T10:10,2033-06-16T12:10,2,scheduled,,2033-06-15T17:20,2033-06-17T12:10,1612500
RSCH-001986,JOB-000702,EVS360-010,IS100,inspection_and_service,Obukhovo,2033-06-15T12:50,2033-06-15T14:50,2,scheduled,,2033-06-15T12:50,2033-06-17T16:50,3862500
RSCH-001987,JOB-001998,EVS360-028,IS100,inspection_and_service,Obukhovo,2033-06-16T23:50,2033-06-17T01:50,2,scheduled,,2033-06-16T13:20,2033-06-18T18:10,2362500
RSCH-001988,JOB-001133,EVS360-016,IS200,inspection_and_service,Obukhovo,2033-06-11T08:35,2033-06-11T12:35,4,scheduled,,2033-06-10T14:50,2033-06-18T22:10,3350000
RSCH-001989,JOB-000343,EVS360-005,IS100,inspection_and_service,Obukhovo,2033-06-18T16:10,2033-06-18T18:10,2,scheduled,,2033-06-17T23:50,2033-06-20T10:10,3762500
RSCH-001990,JOB-002573,EVS360-036,IS100,inspection_and_service,Obukhovo,2033-06-19T14:10,2033-06-19T16:10,2,scheduled,,2033-06-18T21:50,2033-06-21T08:50,1812500
RSCH-001991,JOB-002069,EVS360-029,IS200,inspection_and_service,Obukhovo,2033-06-13T18:50,2033-06-13T22:50,4,scheduled,,2033-06-13T08:50,2033-06-21T14:50,2200000
RSCH-001992,JOB-002136,EVS360-030,IS530,inspection_and_service,Obukhovo,,,36,unscheduled,no_depot_window_before_deadline,2033-03-14T21:50,2033-06-21T15:20,2100000
RSCH-001993,JOB-000918,EVS360-013,IS100,inspection_and_service,Obukhovo,2033-06-19T22:35,2033-06-20T00:35,2,scheduled,,2033-06-19T22:35,2033-06-21T16:10,3612500
RSCH-001994,JOB-002283,EVS360-032,IS100,inspection_and_service,Obukhovo,2033-06-19T12:35,2033-06-19T14:35,2,scheduled,,2033-06-19T12:35,2033-06-21T16:10,2037500
RSCH-001995,JOB-001350,EVS360-019,IS200,inspection_and_service,Obukhovo,2033-06-13T13:20,2033-06-13T17:20,4,scheduled,,2033-06-13T13:20,2033-06-21T19:50,3175000
RSCH-001996,JOB-001348,EVS360-019,IS520,inspection_and_service,Obukhovo,,,16,unscheduled,no_depot_window_before_deadline,2033-05-03T09:50,2033-06-21T19:50,3150000
RSCH-001997,JOB-002720,EVS360-038,IS200,inspection_and_service,Obukhovo,2033-06-15T08:10,2033-06-15T12:10,4,scheduled,,2033-06-14T14:10,2033-06-22T11:20,1700000
RSCH-001998,JOB-002282,EVS360-032,IS510,inspection_and_service,Obukhovo,2033-06-01T15:20,2033-06-02T01:20,10,scheduled,,2033-05-29T09:50,2033-06-22T18:50,2025000
RSCH-001999,JOB-001129,EVS360-016,IS530,inspection_and_service,Obukhovo,,,36,unscheduled,no_depot_window_before_deadline,2033-03-16T19:20,2033-06-22T20:10,3300000
RSCH-002000,JOB-000198,EVS360-003,IS200,inspection_and_service,Obukhovo,2033-06-15T09:50,2033-06-15T13:50,4,scheduled,,2033-06-15T09:50,2033-06-22T23:20,4025000
RSCH-002001,JOB-001206,EVS360-017,IS100,inspection_and_service,Obukhovo,2033-06-21T09:20,2033-06-21T11:20,2,scheduled,,2033-06-21T09:20,2033-06-23T12:50,3087500
RSCH-002002,JOB-002356,EVS360-033,IS100,inspection_and_service,Obukhovo,2033-06-21T16:50,2033-06-21T18:50,2,scheduled,,2033-06-21T16:50,2033-06-23T21:20,2112500
RSCH-002003,JOB-002647,EVS360-037,IS100,inspection_and_service,Obukhovo,2033-06-21T19:50,2033-06-21T21:50,2,scheduled,,2033-06-21T19:50,2033-06-23T22:50,1687500
RSCH-002004,JOB-000125,EVS360-002,IS100,inspection_and_service,Obukhovo,2033-06-22T22:50,2033-06-23T00:50,2,scheduled,,2033-06-22T12:35,2033-06-24T08:10,4212500
RSCH-002005,JOB-002141,EVS360-030,IS100,inspection_and_service,Obukhovo,2033-06-22T17:20,2033-06-22T19:20,2,scheduled,,2033-06-22T17:20,2033-06-24T11:20,2162500
RSCH-002006,JOB-000846,EVS360-012,IS200,inspection_and_service,Obukhovo,2033-06-16T15:50,2033-06-16T19:50,4,scheduled,,2033-06-15T23:20,2033-06-24T12:35,3725000
RSCH-002007,JOB-001205,EVS360-017,IS510,inspection_and_service,Obukhovo,2033-05-30T23:20,2033-05-31T09:20,10,scheduled,,2033-05-30T12:50,2033-06-24T14:50,3075000
RSCH-002008,JOB-001568,EVS360-022,IS200,inspection_and_service,Obukhovo,2033-06-16T21:20,2033-06-17T01:20,4,scheduled,,2033-06-16T21:20,2033-06-24T17:20,2900000
RSCH-002009,JOB-001640,EVS360-023,IS200,inspection_and_service,Obukhovo,2033-06-16T21:50,2033-06-17T01:50,4,scheduled,,2033-06-16T21:50,2033-06-25T09:50,2875000
RSCH-002010,JOB-001638,EVS360-023,IS520,inspection_and_service,Obukhovo,,,16,unscheduled,no_depot_window_before_deadline,2033-05-06T17:20,2033-06-25T09:50,2850000
RSCH-002011,JOB-001602,EVS360-023,IS700,revision,Obukhovo,,,575,unscheduled,no_depot_window_before_deadline,2032-01-05T00:00,2033-06-25T09:50,2400000
RSCH-002012,JOB-000775,EVS360-011,IS200,inspection_and_service,Obukhovo,2033-06-18T20:10,2033-06-19T00:10,4,scheduled,,2033-06-18T09:35,2033-06-25T23:20,3550000
RSCH-002013,JOB-001134,EVS360-016,IS100,inspection_and_service,Obukhovo,2033-06-24T14:10,2033-06-24T16:10,2,scheduled,,2033-06-23T21:50,2033-06-26T08:50,3362500
RSCH-002014,JOB-001278,EVS360-018,IS100,inspection_and_service,Obukhovo,2033-06-24T15:20,2033-06-24T17:20,2,scheduled,,2033-06-24T15:20,2033-06-26T20:10,3162500
RSCH-002015,JOB-000271,EVS360-004,IS100,inspection_and_service,Obukhovo,2033-06-25T10:50,2033-06-25T12:50,2,scheduled,,2033-06-25T10:50,2033-06-26T21:50,3912500
RSCH-002016,JOB-001712,EVS360-024,IS100,inspection_and_service,Obukhovo,2033-06-24T18:50,2033-06-24T20:50,2,scheduled,,2033-06-24T18:50,2033-06-26T22:35,2637500
RSCH-002017,JOB-001423,EVS360-020,IS200,inspection_and_service,Obukhovo,2033-06-18T23:50,2033-06-19T03:50,4,scheduled,,2033-06-18T23:50,2033-06-27T12:10,2900000
RSCH-002018,JOB-001784,EVS360-025,IS100,inspection_and_service,Obukhovo,2033-06-25T21:20,2033-06-25T23:20,2,scheduled,,2033-06-25T10:50,2033-06-27T14:10,2487500
RSCH-002019,JOB-001496,EVS360-021,IS200,inspection_and_service,Obukhovo,2033-06-20T09:20,2033-06-20T13:20,4,scheduled,,2033-06-19T16:10,2033-06-27T22:50,3025000
RSCH-002020,JOB-001711,EVS360-024,IS510,inspection_and_service,Obukhovo,2033-06-03T15:20,2033-06-04T01:20,10,scheduled,,2033-06-03T15:20,2033-06-28T00:10,2625000
RSCH-002021,JOB-001783,EVS360-025,IS510,inspection_and_service,Obukhovo,2033-06-03T15:50,2033-06-04T01:50,10,scheduled,,2033-06-03T15:50,2033-06-28T08:10,2475000
RSCH-002022,JOB-002070,EVS360-029,IS100,inspection_and_service,Obukhovo,2033-06-27T08:10,2033-06-27T10:10,2,scheduled,,2033-06-26T14:10,2033-06-28T09:50,2212500
RSCH-002023,JOB-000488,EVS360-007,IS200,inspection_and_service,Obukhovo,2033-06-20T21:50,2033-06-21T01:50,4,scheduled,,2033-06-20T11:20,2033-06-28T18:10,3950000
RSCH-002024,JOB-002429,EVS360-034,IS100,inspection_and_service,Obukhovo,2033-06-27T10:10,2033-06-27T12:10,2,scheduled,,2033-06-27T10:10,2033-06-28T21:20,1962500
RSCH-002025,JOB-000991,EVS360-014,IS200,inspection_and_service,Obukhovo,2033-06-21T08:10,2033-06-21T12:10,4,scheduled,,2033-06-20T14:10,2033-06-28T21:50,3400000
RSCH-002026,JOB-001351,EVS360-019,IS100,inspection_and_service,Obukhovo,2033-06-26T20:35,2033-06-26T22:35,2,scheduled,,2033-06-26T20:35,2033-06-28T23:50,3187500
RSCH-002027,JOB-002213,EVS360-031,IS200,inspection_and_service,Obukhovo,2033-06-21T15:50,2033-06-21T19:50,4,scheduled,,2033-06-20T23:20,2033-06-29T12:35,2200000
RSCH-002028,JOB-002721,EVS360-038,IS100,inspection_and_service,Obukhovo,2033-06-28T13:50,2033-06-28T15:50,2,scheduled,,2033-06-27T21:20,2033-06-29T15:50,1712500
RSCH-002029,JOB-000560,EVS360-008,IS200,inspection_and_service,Obukhovo,2033-06-21T23:50,2033-06-22T03:50,4,scheduled,,2033-06-21T13:20,2033-06-29T20:50,4025000
RSCH-002030,JOB-000199,EVS360-003,IS100,inspection_and_service,Obukhovo,2033-06-28T15:50,2033-06-28T17:50,2,scheduled,,2033-06-28T15:50,2033-06-30T09:50,4037500
RSCH-002031,JOB-002794,EVS360-039,IS200,inspection_and_service,Obukhovo,2033-06-22T22:10,2033-06-23T02:10,4,scheduled,,2033-06-22T22:10,2033-06-30T18:50,1625000
RSCH-002032,JOB-000703,EVS360-010,IS200,inspection_and_service,Obukhovo,2033-06-23T09:50,2033-06-23T13:50,4,scheduled,,2033-06-22T16:50,2033-06-30T23:20,3875000
RSCH-002033,JOB-002501,EVS360-035,IS100,inspection_and_service,Obukhovo,2033-06-29T14:10,2033-06-29T16:10,2,scheduled,,2033-06-28T21:50,2033-07-01T08:50,1812500
RSCH-002034,JOB-000847,EVS360-012,IS100,inspection_and_service,Obukhovo,2033-06-29T22:35,2033-06-30T00:35,2,scheduled,,2033-06-29T12:10,2033-07-01T16:10,3737500
RSCH-002035,JOB-001569,EVS360-022,IS100,inspection_and_service,Obukhovo,2033-06-30T10:10,2033-06-30T12:10,2,scheduled,,2033-06-30T10:10,2033-07-01T21:20,2912500
RSCH-002036,JOB-001641,EVS360-023,IS100,inspection_and_service,Obukhovo,2033-06-30T10:50,2033-06-30T12:50,2,scheduled,,2033-06-30T10:50,2033-07-01T21:50,2887500
RSCH-002037,JOB-001856,EVS360-026,IS100,inspection_and_service,Obukhovo,2033-06-30T12:10,2033-06-30T14:10,2,scheduled,,2033-06-30T12:10,2033-07-01T23:20,2637500
RSCH-002038,JOB-001999,EVS360-028,IS200,inspection_and_service,Obukhovo,2033-06-23T18:50,2033-06-23T22:50,4,scheduled,,2033-06-23T18:50,2033-07-02T00:10,2375000
RSCH-002039,JOB-000484,EVS360-007,IS530,inspection_and_service,Obukhovo,,,36,unscheduled,no_depot_window_before_deadline,2033-03-26T14:10,2033-07-02T15:20,3900000
RSCH-002040,JOB-001855,EVS360-026,IS510,inspection_and_service,Obukhovo,2033-06-13T16:50,2033-06-14T02:50,10,scheduled,,2033-06-08T16:10,2033-07-03T08:35,2625000
RSCH-002041,JOB-000776,EVS360-011,IS100,inspection_and_service,Obukhovo,2033-07-02T08:50,2033-07-02T10:50,2,scheduled,,2033-07-01T15:20,2033-07-03T10:50,3562500
RSCH-002042,JOB-001063,EVS360-015,IS100,inspection_and_service,Obukhovo,2033-07-01T08:50,2033-07-01T10:50,2,scheduled,,2033-07-01T08:50,2033-07-03T12:35,3387500
RSCH-002043,JOB-000344,EVS360-005,IS200,inspection_and_service,Obukhovo,2033-06-25T11:20,2033-06-25T15:20,4,scheduled,,2033-06-25T11:20,2033-07-03T16:50,3775000
RSCH-002044,JOB-000342,EVS360-005,IS520,inspection_and_service,Obukhovo,,,16,unscheduled,no_depot_window_before_deadline,2033-05-15T00:10,2033-07-03T16:50,3750000
RSCH-002045,JOB-000416,EVS360-006,IS100,inspection_and_service,Obukhovo,2033-07-01T23:20,2033-07-02T01:20,2,scheduled,,2033-07-01T12:50,2033-07-03T17:20,4137500
RSCH-002046,JOB-001062,EVS360-015,IS510,inspection_and_service,Obukhovo,2033-06-09T22:50,2033-06-10T08:50,10,scheduled,,2033-06-09T12:35,2033-07-03T21:50,3375000
RSCH-002047,JOB-002574,EVS360-036,IS200,inspection_and_service,Obukhovo,2033-06-26T09:20,2033-06-26T13:20,4,scheduled,,2033-06-26T09:20,2033-07-04T14:10,1825000
RSCH-002048,JOB-001424,EVS360-020,IS100,inspection_and_service,Obukhovo,2033-07-02T12:50,2033-07-02T14:50,2,scheduled,,2033-07-02T12:50,2033-07-04T16:50,2912500
RSCH-002049,JOB-000415,EVS360-006,IS510,inspection_and_service,Obukhovo,2033-06-09T18:50,2033-06-10T04:50,10,scheduled,,2033-06-09T18:50,2033-07-04T19:50,4125000
RSCH-002050,JOB-000632,EVS360-009,IS100,inspection_and_service,Obukhovo,2033-07-03T09:50,2033-07-03T11:50,2,scheduled,,2033-07-02T16:50,2033-07-04T20:50,3762500
RSCH-002051,JOB-000919,EVS360-013,IS200,inspection_and_service,Obukhovo,2033-06-26T16:50,2033-06-26T20:50,4,scheduled,,2033-06-26T16:50,2033-07-04T22:50,3625000
RSCH-002052,JOB-002284,EVS360-032,IS200,inspection_and_service,Obukhovo,2033-06-27T09:20,2033-06-27T13:20,4,scheduled,,2033-06-26T16:10,2033-07-04T22:50,2050000
RSCH-002053,JOB-001497,EVS360-021,IS100,inspection_and_service,Obukhovo,2033-07-03T15:20,2033-07-03T17:20,2,scheduled,,2033-07-02T22:50,2033-07-05T09:35,3037500
RSCH-002054,JOB-001928,EVS360-027,IS100,inspection_and_service,Obukhovo,2033-07-03T18:50,2033-07-03T20:50,2,scheduled,,2033-07-03T08:50,2033-07-05T12:10,2562500
RSCH-002055,JOB-000489,EVS360-007,IS100,inspection_and_service,Obukhovo,2033-07-04T10:50,2033-07-04T12:50,2,scheduled,,2033-07-03T18:10,2033-07-05T21:50,3962500
RSCH-002056,JOB-000992,EVS360-014,IS100,inspection_and_service,Obukhovo,2033-07-04T13:50,2033-07-04T15:50,2,scheduled,,2033-07-03T21:20,2033-07-06T08:35,3412500
RSCH-002057,JOB-002214,EVS360-031,IS100,inspection_and_service,Obukhovo,2033-07-04T22:35,2033-07-05T00:35,2,scheduled,,2033-07-04T12:10,2033-07-06T16:10,2212500
RSCH-002058,JOB-001207,EVS360-017,IS200,inspection_and_service,Obukhovo,2033-06-28T22:50,2033-06-29T02:50,4,scheduled,,2033-06-28T12:35,2033-07-06T20:10,3100000
RSCH-002059,JOB-000054,EVS360-001,IS100,inspection_and_service,Obukhovo,2033-07-05T09:50,2033-07-05T11:50,2,scheduled,,2033-07-04T16:50,2033-07-06T20:50,4212500
RSCH-002060,JOB-000561,EVS360-008,IS100,inspection_and_service,Obukhovo,2033-07-05T12:50,2033-07-05T14:50,2,scheduled,,2033-07-04T20:35,2033-07-07T00:10,4037500
RSCH-002061,JOB-002357,EVS360-033,IS200,inspection_and_service,Obukhovo,2033-06-29T13:20,2033-06-29T17:20,4,scheduled,,2033-06-28T20:50,2033-07-07T10:10,2125000
RSCH-002062,JOB-002648,EVS360-037,IS200,inspection_and_service,Obukhovo,2033-06-29T15:20,2033-06-29T19:20,4,scheduled,,2033-06-28T22:50,2033-07-07T12:10,1700000
RSCH-002063,JOB-000126,EVS360-002,IS200,inspection_and_service,Obukhovo,2033-06-29T17:20,2033-06-29T21:20,4,scheduled,,2033-06-29T08:10,2033-07-07T13:50,4225000
RSCH-002064,JOB-002795,EVS360-039,IS100,inspection_and_service,Obukhovo,2033-07-06T11:20,2033-07-06T13:20,2,scheduled,,2033-07-05T18:50,2033-07-07T22:10,1637500
RSCH-002065,JOB-000704,EVS360-010,IS100,inspection_and_service,Obukhovo,2033-07-06T15:50,2033-07-06T17:50,2,scheduled,,2033-07-05T23:20,2033-07-08T09:50,3887500
RSCH-002066,JOB-002000,EVS360-028,IS100,inspection_and_service,Obukhovo,2033-07-07T08:10,2033-07-07T10:10,2,scheduled,,2033-07-07T08:10,2033-07-09T11:50,2387500
RSCH-002067,JOB-001279,EVS360-018,IS200,inspection_and_service,Obukhovo,2033-07-02T12:10,2033-07-02T16:10,4,scheduled,,2033-07-01T19:50,2033-07-10T08:50,3175000
RSCH-002068,JOB-001277,EVS360-018,IS520,inspection_and_service,Obukhovo,,,16,unscheduled,no_depot_window_before_deadline,2033-05-21T14:50,2033-07-10T08:50,3150000
RSCH-002069,JOB-000272,EVS360-004,IS200,inspection_and_service,Obukhovo,2033-07-03T00:10,2033-07-03T04:10,4,scheduled,,2033-07-02T13:50,2033-07-10T10:50,3925000
RSCH-002070,JOB-001713,EVS360-024,IS200,inspection_and_service,Obukhovo,2033-07-02T14:50,2033-07-02T18:50,4,scheduled,,2033-07-01T22:10,2033-07-10T11:50,2650000
RSCH-002071,JOB-001785,EVS360-025,IS200,inspection_and_service,Obukhovo,2033-07-02T15:20,2033-07-02T19:20,4,scheduled,,2033-07-02T15:20,2033-07-10T21:20,2500000
RSCH-002072,JOB-000345,EVS360-005,IS100,inspection_and_service,Obukhovo,2033-07-08T17:20,2033-07-08T19:20,2,scheduled,,2033-07-08T17:20,2033-07-10T21:50,3787500
RSCH-002073,JOB-002071,EVS360-029,IS200,inspection_and_service,Obukhovo,2033-07-03T20:10,2033-07-04T00:10,4,scheduled,,2033-07-03T20:10,2033-07-11T15:50,2225000
RSCH-002074,JOB-002575,EVS360-036,IS100,inspection_and_service,Obukhovo,2033-07-09T15:20,2033-07-09T17:20,2,scheduled,,2033-07-09T15:20,2033-07-11T20:10,1837500
RSCH-002075,JOB-001352,EVS360-019,IS200,inspection_and_service,Obukhovo,2033-07-04T16:10,2033-07-04T20:10,4,scheduled,,2033-07-03T23:50,2033-07-11T20:35,3200000
RSCH-002076,JOB-002285,EVS360-032,IS100,inspection_and_service,Obukhovo,2033-07-10T15:20,2033-07-10T17:20,2,scheduled,,2033-07-09T22:50,2033-07-12T09:35,2062500
RSCH-002077,JOB-000920,EVS360-013,IS100,inspection_and_service,Obukhovo,2033-07-09T23:20,2033-07-10T01:20,2,scheduled,,2033-07-09T23:20,2033-07-12T10:10,3637500
RSCH-002078,JOB-002430,EVS360-034,IS200,inspection_and_service,Obukhovo,2033-07-04T23:50,2033-07-05T03:50,4,scheduled,,2033-07-04T13:20,2033-07-12T10:10,1975000
RSCH-002079,JOB-002428,EVS360-034,IS520,inspection_and_service,Obukhovo,,,16,unscheduled,no_depot_window_before_deadline,2033-05-24T09:50,2033-07-12T10:10,1950000
RSCH-002080,JOB-001208,EVS360-017,IS100,inspection_and_service,Obukhovo,2033-07-12T12:10,2033-07-12T14:10,2,scheduled,,2033-07-11T19:50,2033-07-13T23:20,3112500
RSCH-002081,JOB-002358,EVS360-033,IS100,inspection_and_service,Obukhovo,2033-07-12T20:35,2033-07-12T22:35,2,scheduled,,2033-07-12T09:50,2033-07-14T13:20,2137500
RSCH-002082,JOB-002502,EVS360-035,IS200,inspection_and_service,Obukhovo,2033-07-06T09:20,2033-07-06T13:20,4,scheduled,,2033-07-06T09:20,2033-07-14T14:10,1825000
RSCH-002083,JOB-002649,EVS360-037,IS100,inspection_and_service,Obukhovo,2033-07-12T22:10,2033-07-13T00:10,2,scheduled,,2033-07-12T11:50,2033-07-14T15:20,1712500
RSCH-002084,JOB-000127,EVS360-002,IS100,inspection_and_service,Obukhovo,2033-07-12T23:50,2033-07-13T01:50,2,scheduled,,2033-07-12T13:20,2033-07-14T18:10,4237500
RSCH-002085,JOB-002143,EVS360-030,IS100,inspection_and_service,Obukhovo,2033-07-12T18:50,2033-07-12T20:50,2,scheduled,,2033-07-12T18:50,2033-07-14T22:35,2187500
RSCH-002086,JOB-001642,EVS360-023,IS200,inspection_and_service,Obukhovo,2033-07-08T00:10,2033-07-08T04:10,4,scheduled,,2033-07-07T13:50,2033-07-15T10:50,2900000
RSCH-002087,JOB-001857,EVS360-026,IS200,inspection_and_service,Obukhovo,2033-07-06T23:50,2033-07-07T03:50,4,scheduled,,2033-07-06T23:50,2033-07-15T12:10,2650000
RSCH-002088,JOB-002142,EVS360-030,IS510,inspection_and_service,Obukhovo,2033-06-21T15:20,2033-06-22T01:20,10,scheduled,,2033-06-21T15:20,2033-07-16T00:10,2175000
RSCH-002089,JOB-000777,EVS360-011,IS200,inspection_and_service,Obukhovo,2033-07-08T20:50,2033-07-09T00:50,4,scheduled,,2033-07-08T10:10,2033-07-16T16:50,3575000
RSCH-002090,JOB-001064,EVS360-015,IS200,inspection_and_service,Obukhovo,2033-07-08T22:35,2033-07-09T02:35,4,scheduled,,2033-07-08T12:10,2033-07-16T19:50,3400000
RSCH-002091,JOB-001136,EVS360-016,IS100,inspection_and_service,Obukhovo,2033-07-14T15:20,2033-07-14T17:20,2,scheduled,,2033-07-14T15:20,2033-07-16T20:10,3387500
RSCH-002092,JOB-000417,EVS360-006,IS200,inspection_and_service,Obukhovo,2033-07-08T18:10,2033-07-08T22:10,4,scheduled,,2033-07-08T18:10,2033-07-16T23:50,4150000
RSCH-002093,JOB-001280,EVS360-018,IS100,inspection_and_service,Obukhovo,2033-07-15T18:50,2033-07-15T20:50,2,scheduled,,2033-07-15T08:50,2033-07-17T12:10,3187500
RSCH-002094,JOB-001714,EVS360-024,IS100,inspection_and_service,Obukhovo,2033-07-15T21:50,2033-07-15T23:50,2,scheduled,,2033-07-15T11:20,2033-07-17T14:50,2662500
RSCH-002095,JOB-001786,EVS360-025,IS100,inspection_and_service,Obukhovo,2033-07-15T22:10,2033-07-16T00:10,2,scheduled,,2033-07-15T22:10,2033-07-17T15:20,2512500
RSCH-002096,JOB-000273,EVS360-004,IS100,inspection_and_service,Obukhovo,2033-07-16T13:20,2033-07-16T15:20,2,scheduled,,2033-07-15T20:50,2033-07-17T15:20,3937500
RSCH-002097,JOB-001135,EVS360-016,IS510,inspection_and_service,Obukhovo,2033-06-25T16:10,2033-06-26T02:10,10,scheduled,,2033-06-22T20:10,2033-07-17T21:50,3375000
RSCH-002098,JOB-000633,EVS360-009,IS200,inspection_and_service,Obukhovo,2033-07-09T21:50,2033-07-10T01:50,4,scheduled,,2033-07-09T21:50,2033-07-18T09:50,3775000
RSCH-002099,JOB-000631,EVS360-009,IS520,inspection_and_service,Obukhovo,,,16,unscheduled,no_depot_window_before_deadline,2033-05-30T09:35,2033-07-18T09:50,3750000
RSCH-002100,JOB-001498,EVS360-021,IS200,inspection_and_service,Obukhovo,2033-07-10T10:10,2033-07-10T14:10,4,scheduled,,2033-07-10T10:10,2033-07-18T15:20,3050000
RSCH-002101,JOB-001929,EVS360-027,IS200,inspection_and_service,Obukhovo,2033-07-10T12:50,2033-07-10T16:50,4,scheduled,,2033-07-10T12:50,2033-07-18T19:20,2575000
RSCH-002102,JOB-001927,EVS360-027,IS520,inspection_and_service,Obukhovo,,,16,unscheduled,no_depot_window_before_deadline,2033-05-30T09:20,2033-07-18T19:20,2550000
RSCH-002103,JOB-002072,EVS360-029,IS100,inspection_and_service,Obukhovo,2033-07-17T08:50,2033-07-17T10:50,2,scheduled,,2033-07-17T08:50,2033-07-18T20:10,2237500
RSCH-002104,JOB-001199,EVS360-017,IS540,inspection_and_service,Obukhovo,,,56,unscheduled,no_depot_window_before_deadline,2033-01-02T20:35,2033-07-18T23:50,3000000
RSCH-002105,JOB-001353,EVS360-019,IS100,inspection_and_service,Obukhovo,2033-07-17T22:50,2033-07-18T00:50,2,scheduled,,2033-07-17T12:35,2033-07-19T08:10,3212500
RSCH-002106,JOB-002215,EVS360-031,IS200,inspection_and_service,Obukhovo,2033-07-11T16:50,2033-07-11T20:50,4,scheduled,,2033-07-11T16:50,2033-07-19T13:20,2225000
RSCH-002107,JOB-000993,EVS360-014,IS200,inspection_and_service,Obukhovo,2033-07-11T08:50,2033-07-11T12:50,4,scheduled,,2033-07-11T08:50,2033-07-19T13:50,3425000
RSCH-002108,JOB-002431,EVS360-034,IS100,inspection_and_service,Obukhovo,2033-07-18T12:50,2033-07-18T14:50,2,scheduled,,2033-07-17T20:35,2033-07-19T14:50,1987500
RSCH-002109,JOB-002723,EVS360-038,IS100,inspection_and_service,Obukhovo,2033-07-18T14:50,2033-07-18T16:50,2,scheduled,,2033-07-17T22:10,2033-07-20T09:20,1737500
RSCH-002110,JOB-000055,EVS360-001,IS200,inspection_and_service,Obukhovo,2033-07-11T21:50,2033-07-12T01:50,4,scheduled,,2033-07-11T21:50,2033-07-20T09:50,4225000
RSCH-002111,JOB-000201,EVS360-003,IS100,inspection_and_service,Obukhovo,2033-07-18T16:50,2033-07-18T18:50,2,scheduled,,2033-07-18T16:50,2033-07-20T21:20,4062500
RSCH-002112,JOB-002722,EVS360-038,IS510,inspection_and_service,Obukhovo,2033-06-29T15:50,2033-06-30T01:50,10,scheduled,,2033-06-26T19:50,2033-07-21T10:50,1725000
RSCH-002113,JOB-002503,EVS360-035,IS100,inspection_and_service,Obukhovo,2033-07-19T15:20,2033-07-19T17:20,2,scheduled,,2033-07-19T15:20,2033-07-21T20:10,1837500
RSCH-002114,JOB-000849,EVS360-012,IS100,inspection_and_service,Obukhovo,2033-07-19T23:20,2033-07-20T01:20,2,scheduled,,2033-07-19T23:20,2033-07-22T10:10,3762500
RSCH-002115,JOB-001571,EVS360-022,IS100,inspection_and_service,Obukhovo,2033-07-20T11:20,2033-07-20T13:20,2,scheduled,,2033-07-20T11:20,2033-07-22T14:50,2937500
RSCH-002116,JOB-001643,EVS360-023,IS100,inspection_and_service,Obukhovo,2033-07-21T13:20,2033-07-21T15:20,2,scheduled,,2033-07-20T20:50,2033-07-22T15:20,2912500
RSCH-002117,JOB-001858,EVS360-026,IS100,inspection_and_service,Obukhovo,2033-07-20T12:50,2033-07-20T14:50,2,scheduled,,2033-07-20T12:50,2033-07-22T16:50,2662500
RSCH-002118,JOB-001065,EVS360-015,IS100,inspection_and_service,Obukhovo,2033-07-22T11:50,2033-07-22T13:50,2,scheduled,,2033-07-21T19:20,2033-07-23T13:20,3412500
RSCH-002119,JOB-001570,EVS360-022,IS510,inspection_and_service,Obukhovo,2033-07-03T15:50,2033-07-04T01:50,10,scheduled,,2033-06-29T08:35,2033-07-23T16:50,2925000
RSCH-002120,JOB-000778,EVS360-011,IS100,inspection_and_service,Obukhovo,2033-07-22T09:50,2033-07-22T11:50,2,scheduled,,2033-07-21T16:50,2033-07-23T20:50,3587500
RSCH-002121,JOB-000346,EVS360-005,IS200,inspection_and_service,Obukhovo,2033-07-16T13:50,2033-07-16T17:50,4,scheduled,,2033-07-15T21:20,2033-07-24T10:50,3800000
RSCH-002122,JOB-000418,EVS360-006,IS100,inspection_and_service,Obukhovo,2033-07-22T00:10,2033-07-22T02:10,2,scheduled,,2033-07-22T00:10,2033-07-24T11:20,4162500
RSCH-002123,JOB-001426,EVS360-020,IS100,inspection_and_service,Obukhovo,2033-07-23T15:50,2033-07-23T17:50,2,scheduled,,2033-07-22T23:20,2033-07-24T18:10,2937500
RSCH-002124,JOB-002576,EVS360-036,IS200,inspection_and_service,Obukhovo,2033-07-17T12:10,2033-07-17T16:10,4,scheduled,,2033-07-16T19:50,2033-07-25T08:50,1850000
RSCH-002125,JOB-000634,EVS360-009,IS100,inspection_and_service,Obukhovo,2033-07-23T10:50,2033-07-23T12:50,2,scheduled,,2033-07-23T10:50,2033-07-25T14:10,3787500
RSCH-002126,JOB-002286,EVS360-032,IS200,inspection_and_service,Obukhovo,2033-07-17T10:10,2033-07-17T14:10,4,scheduled,,2033-07-17T10:10,2033-07-25T15:20,2075000
RSCH-002127,JOB-000921,EVS360-013,IS200,inspection_and_service,Obukhovo,2033-07-17T20:35,2033-07-18T00:35,4,scheduled,,2033-07-17T09:50,2033-07-25T16:10,3650000
RSCH-002128,JOB-001425,EVS360-020,IS510,inspection_and_service,Obukhovo,2033-07-04T16:50,2033-07-05T02:50,10,scheduled,,2033-07-01T11:20,2033-07-25T20:35,2925000
RSCH-002129,JOB-001499,EVS360-021,IS100,inspection_and_service,Obukhovo,2033-07-23T16:10,2033-07-23T18:10,2,scheduled,,2033-07-23T16:10,2033-07-25T20:50,3062500
RSCH-002130,JOB-001930,EVS360-027,IS100,inspection_and_service,Obukhovo,2033-07-23T20:10,2033-07-23T22:10,2,scheduled,,2033-07-23T20:10,2033-07-25T23:20,2587500
RSCH-002131,JOB-000491,EVS360-007,IS100,inspection_and_service,Obukhovo,2033-07-24T11:50,2033-07-24T13:50,2,scheduled,,2033-07-24T11:50,2033-07-26T15:20,3987500
RSCH-002132,JOB-002216,EVS360-031,IS100,inspection_and_service,Obukhovo,2033-07-24T23:20,2033-07-25T01:20,2,scheduled,,2033-07-24T23:20,2033-07-26T17:20,2237500
RSCH-002133,JOB-000994,EVS360-014,IS100,inspection_and_service,Obukhovo,2033-07-24T14:50,2033-07-24T16:50,2,scheduled,,2033-07-24T14:50,2033-07-26T19:50,3437500
RSCH-002134,JOB-001209,EVS360-017,IS200,inspection_and_service,Obukhovo,2033-07-18T23:50,2033-07-19T03:50,4,scheduled,,2033-07-18T23:50,2033-07-26T20:50,3125000
RSCH-002135,JOB-000056,EVS360-001,IS100,inspection_and_service,Obukhovo,2033-07-25T10:50,2033-07-25T12:50,2,scheduled,,2033-07-25T10:50,2033-07-27T14:10,4237500
RSCH-002136,JOB-000490,EVS360-007,IS510,inspection_and_service,Obukhovo,2033-07-07T16:10,2033-07-08T02:10,10,scheduled,,2033-07-02T15:20,2033-07-27T17:20,3975000
RSCH-002137,JOB-000563,EVS360-008,IS100,inspection_and_service,Obukhovo,2033-07-25T13:50,2033-07-25T15:50,2,scheduled,,2033-07-25T13:50,2033-07-27T18:10,4062500
RSCH-002138,JOB-002359,EVS360-033,IS200,inspection_and_service,Obukhovo,2033-07-19T14:10,2033-07-19T18:10,4,scheduled,,2033-07-19T14:10,2033-07-27T20:35,2150000
RSCH-002139,JOB-000128,EVS360-002,IS200,inspection_and_service,Obukhovo,2033-07-19T18:50,2033-07-19T22:50,4,scheduled,,2033-07-19T18:50,2033-07-28T00:10,4250000
RSCH-002140,JOB-002144,EVS360-030,IS200,inspection_and_service,Obukhovo,2033-07-20T14:50,2033-07-20T18:50,4,scheduled,,2033-07-19T22:10,2033-07-28T11:50,2200000
RSCH-002141,JOB-002797,EVS360-039,IS100,inspection_and_service,Obukhovo,2033-07-26T12:10,2033-07-26T14:10,2,scheduled,,2033-07-26T12:10,2033-07-28T15:50,1662500
RSCH-002142,JOB-000706,EVS360-010,IS100,inspection_and_service,Obukhovo,2033-07-26T16:50,2033-07-26T18:50,2,scheduled,,2033-07-26T16:50,2033-07-28T21:20,3912500
RSCH-002143,JOB-002002,EVS360-028,IS100,inspection_and_service,Obukhovo,2033-07-28T10:50,2033-07-28T12:50,2,scheduled,,2033-07-27T18:10,2033-07-29T21:50,2412500
RSCH-002144,JOB-001137,EVS360-016,IS200,inspection_and_service,Obukhovo,2033-07-22T12:10,2033-07-22T16:10,4,scheduled,,2033-07-21T19:50,2033-07-30T08:50,3400000
RSCH-002145,JOB-001281,EVS360-018,IS200,inspection_and_service,Obukhovo,2033-07-22T12:50,2033-07-22T16:50,4,scheduled,,2033-07-22T12:50,2033-07-30T19:20,3200000
RSCH-002146,JOB-001715,EVS360-024,IS200,inspection_and_service,Obukhovo,2033-07-22T15:50,2033-07-22T19:50,4,scheduled,,2033-07-22T15:50,2033-07-30T21:50,2675000
RSCH-002147,JOB-001787,EVS360-025,IS200,inspection_and_service,Obukhovo,2033-07-23T18:50,2033-07-23T22:50,4,scheduled,,2033-07-23T08:50,2033-07-30T22:10,2525000
RSCH-002148,JOB-000274,EVS360-004,IS200,inspection_and_service,Obukhovo,2033-07-23T08:35,2033-07-23T12:35,4,scheduled,,2033-07-22T14:50,2033-07-30T22:10,3950000
RSCH-002149,JOB-000347,EVS360-005,IS100,inspection_and_service,Obukhovo,2033-07-29T20:50,2033-07-29T22:50,2,scheduled,,2033-07-29T10:10,2033-07-31T13:50,3812500
RSCH-002150,JOB-002355,EVS360-033,IS530,inspection_and_service,Obukhovo,,,36,unscheduled,no_depot_window_before_deadline,2033-04-24T08:35,2033-07-31T19:50,2100000
RSCH-002151,JOB-002577,EVS360-036,IS100,inspection_and_service,Obukhovo,2033-07-30T18:50,2033-07-30T20:50,2,scheduled,,2033-07-30T08:50,2033-08-01T12:10,1862500
RSCH-002152,JOB-000922,EVS360-013,IS100,inspection_and_service,Obukhovo,2033-07-31T09:20,2033-07-31T11:20,2,scheduled,,2033-07-30T16:10,2033-08-01T20:35,3662500
RSCH-002153,JOB-002287,EVS360-032,IS100,inspection_and_service,Obukhovo,2033-07-30T16:10,2033-07-30T18:10,2,scheduled,,2033-07-30T16:10,2033-08-01T20:50,2087500
RSCH-002154,JOB-002432,EVS360-034,IS200,inspection_and_service,Obukhovo,2033-07-25T08:10,2033-07-25T12:10,4,scheduled,,2033-07-24T14:10,2033-08-01T21:50,2000000
RSCH-002155,JOB-002724,EVS360-038,IS200,inspection_and_service,Obukhovo,2033-07-25T09:50,2033-07-25T13:50,4,scheduled,,2033-07-25T09:50,2033-08-02T14:50,1750000
RSCH-002156,JOB-001210,EVS360-017,IS100,inspection_and_service,Obukhovo,2033-08-01T12:50,2033-08-01T14:50,2,scheduled,,2033-08-01T12:50,2033-08-03T00:10,3137500
RSCH-002157,JOB-000202,EVS360-003,IS200,inspection_and_service,Obukhovo,2033-07-26T13:20,2033-07-26T17:20,4,scheduled,,2033-07-25T20:50,2033-08-03T10:10,4075000
RSCH-002158,JOB-000200,EVS360-003,IS520,inspection_and_service,Obukhovo,,,16,unscheduled,no_depot_window_before_deadline,2033-06-15T09:50,2033-08-03T10:10,4050000
RSCH-002159,JOB-002360,EVS360-033,IS100,inspection_and_service,Obukhovo,2033-08-01T21:20,2033-08-01T23:20,2,scheduled,,2033-08-01T21:20,2033-08-03T14:10,2162500
RSCH-002160,JOB-002504,EVS360-035,IS200,inspection_and_service,Obukhovo,2033-07-27T12:10,2033-07-27T16:10,4,scheduled,,2033-07-26T19:50,2033-08-04T08:50,1850000
RSCH-002161,JOB-002651,EVS360-037,IS100,inspection_and_service,Obukhovo,2033-08-01T22:50,2033-08-02T00:50,2,scheduled,,2033-08-01T22:50,2033-08-04T09:50,1737500
RSCH-002162,JOB-000129,EVS360-002,IS100,inspection_and_service,Obukhovo,2033-08-02T08:10,2033-08-02T10:10,2,scheduled,,2033-08-02T08:10,2033-08-04T11:50,4262500
RSCH-002163,JOB-000270,EVS360-004,IS530,inspection_and_service,Obukhovo,,,36,unscheduled,no_depot_window_before_deadline,2033-04-27T19:20,2033-08-04T12:35,3900000
RSCH-002164,JOB-002145,EVS360-030,IS100,inspection_and_service,Obukhovo,2033-08-02T21:50,2033-08-02T23:50,2,scheduled,,2033-08-02T11:20,2033-08-04T14:50,2212500
RSCH-002165,JOB-000850,EVS360-012,IS200,inspection_and_service,Obukhovo,2033-07-27T20:35,2033-07-28T00:35,4,scheduled,,2033-07-27T09:50,2033-08-04T16:10,3775000
RSCH-002166,JOB-000848,EVS360-012,IS520,inspection_and_service,Obukhovo,,,16,unscheduled,no_depot_window_before_deadline,2033-06-15T23:20,2033-08-04T16:10,3750000
RSCH-002167,JOB-002650,EVS360-037,IS510,inspection_and_service,Obukhovo,2033-07-11T20:35,2033-07-12T06:35,10,scheduled,,2033-07-11T09:50,2033-08-04T19:20,1725000
RSCH-002168,JOB-001572,EVS360-022,IS200,inspection_and_service,Obukhovo,2033-07-28T08:10,2033-07-28T12:10,4,scheduled,,2033-07-27T14:10,2033-08-04T21:50,2950000
RSCH-002169,JOB-001859,EVS360-026,IS200,inspection_and_service,Obukhovo,2033-07-28T09:50,2033-07-28T13:50,4,scheduled,,2033-07-27T16:50,2033-08-04T23:20,2675000
RSCH-002170,JOB-001066,EVS360-015,IS200,inspection_and_service,Obukhovo,2033-07-28T23:20,2033-07-29T03:20,4,scheduled,,2033-07-28T23:20,2033-08-05T20:35,3425000
RSCH-002171,JOB-001138,EVS360-016,IS100,inspection_and_service,Obukhovo,2033-08-04T18:50,2033-08-04T20:50,2,scheduled,,2033-08-04T08:50,2033-08-05T20:50,3412500
RSCH-002172,JOB-000419,EVS360-006,IS200,inspection_and_service,Obukhovo,2033-07-29T21:20,2033-07-30T01:20,4,scheduled,,2033-07-29T10:50,2033-08-06T17:20,4175000
RSCH-002173,JOB-001282,EVS360-018,IS100,inspection_and_service,Obukhovo,2033-08-04T20:10,2033-08-04T22:10,2,scheduled,,2033-08-04T20:10,2033-08-06T23:20,3212500
RSCH-002174,JOB-001427,EVS360-020,IS200,inspection_and_service,Obukhovo,2033-07-30T10:50,2033-07-30T14:50,4,scheduled,,2033-07-30T10:50,2033-08-07T00:10,2950000
RSCH-002175,JOB-000275,EVS360-004,IS100,inspection_and_service,Obukhovo,2033-08-05T14:10,2033-08-05T16:10,2,scheduled,,2033-08-04T21:50,2033-08-07T08:50,3962500
RSCH-002176,JOB-001716,EVS360-024,IS100,inspection_and_service,Obukhovo,2033-08-04T22:35,2033-08-05T00:35,2,scheduled,,2033-08-04T22:35,2033-08-07T09:20,2687500
RSCH-002177,JOB-001788,EVS360-025,IS100,inspection_and_service,Obukhovo,2033-08-06T08:10,2033-08-06T10:10,2,scheduled,,2033-08-05T14:10,2033-08-07T09:50,2537500
RSCH-002178,JOB-001931,EVS360-027,IS200,inspection_and_service,Obukhovo,2033-07-31T15:50,2033-07-31T19:50,4,scheduled,,2033-07-30T23:20,2033-08-07T20:10,2600000
RSCH-002179,JOB-000635,EVS360-009,IS200,inspection_and_service,Obukhovo,2033-07-31T00:10,2033-07-31T04:10,4,scheduled,,2033-07-30T13:50,2033-08-07T21:20,3800000
RSCH-002180,JOB-002074,EVS360-029,IS100,inspection_and_service,Obukhovo,2033-08-06T09:50,2033-08-06T11:50,2,scheduled,,2033-08-06T09:50,2033-08-08T13:20,2262500
RSCH-002181,JOB-001355,EVS360-019,IS100,inspection_and_service,Obukhovo,2033-08-06T23:50,2033-08-07T01:50,2,scheduled,,2033-08-06T23:50,2033-08-08T18:10,3237500
RSCH-002182,JOB-000492,EVS360-007,IS200,inspection_and_service,Obukhovo,2033-08-01T08:35,2033-08-01T12:35,4,scheduled,,2033-07-31T14:50,2033-08-08T22:10,4000000
RSCH-002183,JOB-002433,EVS360-034,IS100,inspection_and_service,Obukhovo,2033-08-07T13:50,2033-08-07T15:50,2,scheduled,,2033-08-06T21:20,2033-08-09T08:35,2012500
RSCH-002184,JOB-000564,EVS360-008,IS200,inspection_and_service,Obukhovo,2033-08-02T10:50,2033-08-02T14:50,4,scheduled,,2033-08-01T18:10,2033-08-09T13:50,4075000
RSCH-002185,JOB-000562,EVS360-008,IS520,inspection_and_service,Obukhovo,,,16,unscheduled,no_depot_window_before_deadline,2033-06-21T13:20,2033-08-09T13:50,4050000
RSCH-002186,JOB-001354,EVS360-019,IS510,inspection_and_service,Obukhovo,2033-07-16T21:20,2033-07-17T07:20,10,scheduled,,2033-07-16T10:50,2033-08-09T20:10,3225000
RSCH-002187,JOB-002725,EVS360-038,IS100,inspection_and_service,Obukhovo,2033-08-07T15:50,2033-08-07T17:50,2,scheduled,,2033-08-07T15:50,2033-08-09T20:35,1762500
RSCH-002188,JOB-000057,EVS360-001,IS200,inspection_and_service,Obukhovo,2033-08-02T00:10,2033-08-02T04:10,4,scheduled,,2033-08-01T13:50,2033-08-09T21:20,4250000
RSCH-002189,JOB-000203,EVS360-003,IS100,inspection_and_service,Obukhovo,2033-08-08T20:35,2033-08-08T22:35,2,scheduled,,2033-08-08T09:50,2033-08-10T13:20,4087500
RSCH-002190,JOB-002798,EVS360-039,IS200,inspection_and_service,Obukhovo,2033-08-03T08:50,2033-08-03T12:50,4,scheduled,,2033-08-02T15:20,2033-08-10T22:35,1675000
RSCH-002191,JOB-002796,EVS360-039,IS520,inspection_and_service,Obukhovo,,,16,unscheduled,no_depot_window_before_deadline,2033-06-22T22:10,2033-08-10T22:35,1650000
RSCH-002192,JOB-000707,EVS360-010,IS200,inspection_and_service,Obukhovo,2033-08-03T13:20,2033-08-03T17:20,4,scheduled,,2033-08-02T20:50,2033-08-11T10:10,3925000
RSCH-002193,JOB-002505,EVS360-035,IS100,inspection_and_service,Obukhovo,2033-08-09T18:50,2033-08-09T20:50,2,scheduled,,2033-08-09T08:50,2033-08-11T12:10,1862500
RSCH-002194,JOB-002003,EVS360-028,IS200,inspection_and_service,Obukhovo,2033-08-03T22:35,2033-08-04T02:35,4,scheduled,,2033-08-03T22:35,2033-08-11T19:50,2425000
RSCH-002195,JOB-000851,EVS360-012,IS100,inspection_and_service,Obukhovo,2033-08-10T09:20,2033-08-10T11:20,2,scheduled,,2033-08-09T16:10,2033-08-11T20:35,3787500
RSCH-002196,JOB-001573,EVS360-022,IS100,inspection_and_service,Obukhovo,2033-08-10T13:50,2033-08-10T15:50,2,scheduled,,2033-08-09T21:20,2033-08-12T08:35,2962500
RSCH-002197,JOB-001645,EVS360-023,IS100,inspection_and_service,Obukhovo,2033-08-10T14:10,2033-08-10T16:10,2,scheduled,,2033-08-09T21:50,2033-08-12T08:50,2937500
RSCH-002198,JOB-001860,EVS360-026,IS100,inspection_and_service,Obukhovo,2033-08-10T15:50,2033-08-10T17:50,2,scheduled,,2033-08-09T23:20,2033-08-12T09:50,2687500
RSCH-002199,JOB-001067,EVS360-015,IS100,inspection_and_service,Obukhovo,2033-08-11T12:35,2033-08-11T14:35,2,scheduled,,2033-08-11T12:35,2033-08-12T23:50,3437500
RSCH-002200,JOB-001644,EVS360-023,IS510,inspection_and_service,Obukhovo,2033-07-22T15:20,2033-07-23T01:20,10,scheduled,,2033-07-19T19:20,2033-08-13T10:10,2925000
RSCH-002201,JOB-000420,EVS360-006,IS100,inspection_and_service,Obukhovo,2033-08-12T10:10,2033-08-12T12:10,2,scheduled,,2033-08-11T17:20,2033-08-13T12:10,4187500
RSCH-002202,JOB-000780,EVS360-011,IS100,inspection_and_service,Obukhovo,2033-08-11T10:50,2033-08-11T12:50,2,scheduled,,2033-08-11T10:50,2033-08-13T14:10,3612500
RSCH-002203,JOB-001428,EVS360-020,IS100,inspection_and_service,Obukhovo,2033-08-12T16:50,2033-08-12T18:50,2,scheduled,,2033-08-12T16:50,2033-08-14T10:50,2962500
RSCH-002204,JOB-001501,EVS360-021,IS100,inspection_and_service,Obukhovo,2033-08-13T20:10,2033-08-13T22:10,2,scheduled,,2033-08-13T09:35,2033-08-14T21:50,3087500
RSCH-002205,JOB-001932,EVS360-027,IS100,inspection_and_service,Obukhovo,2033-08-13T22:35,2033-08-14T00:35,2,scheduled,,2033-08-13T12:10,2033-08-15T00:10,2612500
RSCH-002206,JOB-000636,EVS360-009,IS100,inspection_and_service,Obukhovo,2033-08-13T13:20,2033-08-13T15:20,2,scheduled,,2033-08-12T20:50,2033-08-15T08:10,3812500
RSCH-002207,JOB-000996,EVS360-014,IS100,inspection_and_service,Obukhovo,2033-08-14T18:10,2033-08-14T20:10,2,scheduled,,2033-08-14T08:35,2033-08-15T20:35,3462500
RSCH-002208,JOB-001500,EVS360-021,IS510,inspection_and_service,Obukhovo,2033-07-23T18:10,2033-07-24T04:10,10,scheduled,,2033-07-22T14:10,2033-08-15T23:20,3075000
RSCH-002209,JOB-000493,EVS360-007,IS100,inspection_and_service,Obukhovo,2033-08-14T14:10,2033-08-14T16:10,2,scheduled,,2033-08-13T21:50,2033-08-16T08:50,4012500
RSCH-002210,JOB-002218,EVS360-031,IS100,inspection_and_service,Obukhovo,2033-08-14T00:10,2033-08-14T02:10,2,scheduled,,2033-08-14T00:10,2033-08-16T11:20,2262500
RSCH-002211,JOB-000565,EVS360-008,IS100,inspection_and_service,Obukhovo,2033-08-15T16:50,2033-08-15T18:50,2,scheduled,,2033-08-15T00:10,2033-08-16T19:50,4087500
RSCH-002212,JOB-000058,EVS360-001,IS100,inspection_and_service,Obukhovo,2033-08-15T13:20,2033-08-15T15:20,2,scheduled,,2033-08-14T20:50,2033-08-17T08:10,4262500
RSCH-002213,JOB-002652,EVS360-037,IS200,inspection_and_service,Obukhovo,2033-08-09T20:10,2033-08-10T00:10,4,scheduled,,2033-08-09T09:35,2033-08-17T15:50,1750000
RSCH-002214,JOB-002146,EVS360-030,IS200,inspection_and_service,Obukhovo,2033-08-09T15:50,2033-08-09T19:50,4,scheduled,,2033-08-09T15:50,2033-08-17T21:50,2225000
RSCH-002215,JOB-000708,EVS360-010,IS100,inspection_and_service,Obukhovo,2033-08-16T20:35,2033-08-16T22:35,2,scheduled,,2033-08-16T09:50,2033-08-17T22:10,3937500
RSCH-002216,JOB-002799,EVS360-039,IS100,inspection_and_service,Obukhovo,2033-08-16T14:50,2033-08-16T16:50,2,scheduled,,2033-08-15T22:10,2033-08-18T09:20,1687500
RSCH-002217,JOB-002004,EVS360-028,IS100,inspection_and_service,Obukhovo,2033-08-17T11:50,2033-08-17T13:50,2,scheduled,,2033-08-17T11:50,2033-08-18T22:50,2437500
RSCH-002218,JOB-001139,EVS360-016,IS200,inspection_and_service,Obukhovo,2033-08-11T12:50,2033-08-11T16:50,4,scheduled,,2033-08-11T12:50,2033-08-19T09:50,3425000
RSCH-002219,JOB-000349,EVS360-005,IS100,inspection_and_service,Obukhovo,2033-08-18T21:50,2033-08-18T23:50,2,scheduled,,2033-08-18T21:50,2033-08-20T14:50,3837500
RSCH-002220,JOB-000348,EVS360-005,IS510,inspection_and_service,Obukhovo,2033-07-28T18:50,2033-07-29T04:50,10,scheduled,,2033-07-28T08:50,2033-08-21T17:20,3825000
RSCH-002221,JOB-000330,EVS360-005,IS600,revision,Obukhovo,,,384,unscheduled,no_depot_window_before_deadline,2032-07-23T20:10,2033-08-21T17:20,3600000
RSCH-002222,JOB-002075,EVS360-029,IS200,inspection_and_service,Obukhovo,2033-08-13T23:20,2033-08-14T03:20,4,scheduled,,2033-08-13T12:50,2033-08-21T20:35,2275000
RSCH-002223,JOB-002073,EVS360-029,IS520,inspection_and_service,Obukhovo,,,16,unscheduled,no_depot_window_before_deadline,2033-07-03T20:10,2033-08-21T20:35,2250000
RSCH-002224,JOB-002579,EVS360-036,IS100,inspection_and_service,Obukhovo,2033-08-19T20:10,2033-08-19T22:10,2,scheduled,,2033-08-19T20:10,2033-08-21T23:20,1887500
RSCH-002225,JOB-001356,EVS360-019,IS200,inspection_and_service,Obukhovo,2033-08-13T18:50,2033-08-13T22:50,4,scheduled,,2033-08-13T18:50,2033-08-22T00:10,3250000
RSCH-002226,JOB-002289,EVS360-032,IS100,inspection_and_service,Obukhovo,2033-08-20T20:10,2033-08-20T22:10,2,scheduled,,2033-08-20T09:35,2033-08-22T12:50,2112500
RSCH-002227,JOB-000924,EVS360-013,IS100,inspection_and_service,Obukhovo,2033-08-20T10:10,2033-08-20T12:10,2,scheduled,,2033-08-20T10:10,2033-08-22T13:50,3687500
RSCH-002228,JOB-002578,EVS360-036,IS510,inspection_and_service,Obukhovo,2033-07-29T16:10,2033-07-30T02:10,10,scheduled,,2033-07-28T23:50,2033-08-22T14:50,1875000
RSCH-002229,JOB-002726,EVS360-038,IS200,inspection_and_service,Obukhovo,2033-08-15T12:35,2033-08-15T16:35,4,scheduled,,2033-08-14T20:10,2033-08-23T09:20,1775000
RSCH-002230,JOB-000923,EVS360-013,IS510,inspection_and_service,Obukhovo,2033-07-30T00:10,2033-07-30T10:10,10,scheduled,,2033-07-29T13:50,2033-08-23T15:50,3675000
RSCH-002231,JOB-001212,EVS360-017,IS100,inspection_and_service,Obukhovo,2033-08-22T15:50,2033-08-22T17:50,2,scheduled,,2033-08-21T23:20,2033-08-23T18:10,3162500
RSCH-002232,JOB-000204,EVS360-003,IS200,inspection_and_service,Obukhovo,2033-08-15T14:10,2033-08-15T18:10,4,scheduled,,2033-08-15T14:10,2033-08-23T20:35,4100000
RSCH-002233,JOB-002362,EVS360-033,IS100,inspection_and_service,Obukhovo,2033-08-22T23:50,2033-08-23T01:50,2,scheduled,,2033-08-22T13:20,2033-08-24T08:50,2187500
RSCH-002234,JOB-002653,EVS360-037,IS100,inspection_and_service,Obukhovo,2033-08-23T08:50,2033-08-23T10:50,2,scheduled,,2033-08-22T15:20,2033-08-24T10:50,1762500
RSCH-002235,JOB-000852,EVS360-012,IS200,inspection_and_service,Obukhovo,2033-08-16T21:20,2033-08-17T01:20,4,scheduled,,2033-08-16T21:20,2033-08-24T17:20,3800000
RSCH-002236,JOB-000131,EVS360-002,IS100,inspection_and_service,Obukhovo,2033-08-23T10:50,2033-08-23T12:50,2,scheduled,,2033-08-22T18:10,2033-08-24T21:50,4287500
RSCH-002237,JOB-002147,EVS360-030,IS100,inspection_and_service,Obukhovo,2033-08-22T22:35,2033-08-23T00:35,2,scheduled,,2033-08-22T22:35,2033-08-25T09:20,2237500
RSCH-002238,JOB-002361,EVS360-033,IS510,inspection_and_service,Obukhovo,2033-07-31T19:50,2033-08-01T05:50,10,scheduled,,2033-07-31T19:50,2033-08-25T10:50,2175000
RSCH-002239,JOB-001574,EVS360-022,IS200,inspection_and_service,Obukhovo,2033-08-17T08:50,2033-08-17T12:50,4,scheduled,,2033-08-17T08:50,2033-08-25T13:50,2975000
RSCH-002240,JOB-001646,EVS360-023,IS200,inspection_and_service,Obukhovo,2033-08-17T09:20,2033-08-17T13:20,4,scheduled,,2033-08-17T09:20,2033-08-25T14:10,2950000
RSCH-002241,JOB-000130,EVS360-002,IS510,inspection_and_service,Obukhovo,2033-07-31T22:50,2033-08-01T08:50,10,scheduled,,2033-07-31T22:50,2033-08-25T23:50,4275000
RSCH-002242,JOB-001140,EVS360-016,IS100,inspection_and_service,Obukhovo,2033-08-24T20:10,2033-08-24T22:10,2,scheduled,,2033-08-24T20:10,2033-08-26T12:50,3437500
RSCH-002243,JOB-000781,EVS360-011,IS200,inspection_and_service,Obukhovo,2033-08-19T00:10,2033-08-19T04:10,4,scheduled,,2033-08-18T13:50,2033-08-26T21:20,3625000
RSCH-002244,JOB-001284,EVS360-018,IS100,inspection_and_service,Obukhovo,2033-08-25T22:35,2033-08-26T00:35,2,scheduled,,2033-08-25T12:10,2033-08-27T00:10,3237500
RSCH-002245,JOB-001429,EVS360-020,IS200,inspection_and_service,Obukhovo,2033-08-19T11:50,2033-08-19T15:50,4,scheduled,,2033-08-19T11:50,2033-08-27T17:20,2975000
RSCH-002246,JOB-001718,EVS360-024,IS100,inspection_and_service,Obukhovo,2033-08-26T08:35,2033-08-26T10:35,2,scheduled,,2033-08-25T14:50,2033-08-27T19:50,2712500
RSCH-002247,JOB-000277,EVS360-004,IS100,inspection_and_service,Obukhovo,2033-08-25T15:20,2033-08-25T17:20,2,scheduled,,2033-08-25T15:20,2033-08-27T20:10,3987500
RSCH-002248,JOB-001790,EVS360-025,IS100,inspection_and_service,Obukhovo,2033-08-26T08:50,2033-08-26T10:50,2,scheduled,,2033-08-25T15:20,2033-08-27T20:10,2562500
RSCH-002249,JOB-001283,EVS360-018,IS510,inspection_and_service,Obukhovo,2033-08-03T17:20,2033-08-04T03:20,10,scheduled,,2033-08-03T17:20,2033-08-28T09:20,3225000
RSCH-002250,JOB-001502,EVS360-021,IS200,inspection_and_service,Obukhovo,2033-08-20T13:50,2033-08-20T17:50,4,scheduled,,2033-08-20T13:50,2033-08-28T10:50,3100000
RSCH-002251,JOB-000276,EVS360-004,IS510,inspection_and_service,Obukhovo,2033-08-06T16:10,2033-08-07T02:10,10,scheduled,,2033-08-04T12:35,2033-08-28T21:50,3975000
RSCH-002252,JOB-002076,EVS360-029,IS100,inspection_and_service,Obukhovo,2033-08-27T12:35,2033-08-27T14:35,2,scheduled,,2033-08-26T20:10,2033-08-28T23:50,2287500
RSCH-002253,JOB-000997,EVS360-014,IS200,inspection_and_service,Obukhovo,2033-08-21T12:35,2033-08-21T16:35,4,scheduled,,2033-08-21T12:35,2033-08-29T09:20,3475000
RSCH-002254,JOB-000995,EVS360-014,IS520,inspection_and_service,Obukhovo,,,16,unscheduled,no_depot_window_before_deadline,2033-07-11T08:50,2033-08-29T09:20,3450000
RSCH-002255,JOB-001357,EVS360-019,IS100,inspection_and_service,Obukhovo,2033-08-27T08:10,2033-08-27T10:10,2,scheduled,,2033-08-27T08:10,2033-08-29T11:50,3262500
RSCH-002256,JOB-000494,EVS360-007,IS200,inspection_and_service,Obukhovo,2033-08-21T09:20,2033-08-21T13:20,4,scheduled,,2033-08-21T09:20,2033-08-29T14:10,4025000
RSCH-002257,JOB-002219,EVS360-031,IS200,inspection_and_service,Obukhovo,2033-08-21T21:20,2033-08-22T01:20,4,scheduled,,2033-08-21T10:50,2033-08-29T17:20,2275000
RSCH-002258,JOB-002217,EVS360-031,IS520,inspection_and_service,Obukhovo,,,16,unscheduled,no_depot_window_before_deadline,2033-07-11T16:50,2033-08-29T17:20,2250000
RSCH-002259,JOB-002435,EVS360-034,IS100,inspection_and_service,Obukhovo,2033-08-27T14:50,2033-08-27T16:50,2,scheduled,,2033-08-27T14:50,2033-08-29T19:50,2037500
RSCH-002260,JOB-000566,EVS360-008,IS200,inspection_and_service,Obukhovo,2033-08-22T11:50,2033-08-22T15:50,4,scheduled,,2033-08-22T11:50,2033-08-30T08:35,4100000
RSCH-002261,JOB-002727,EVS360-038,IS100,inspection_and_service,Obukhovo,2033-08-28T19:50,2033-08-28T21:50,2,scheduled,,2033-08-28T09:20,2033-08-30T12:35,1787500
RSCH-002262,JOB-002434,EVS360-034,IS510,inspection_and_service,Obukhovo,2033-08-08T15:50,2033-08-09T01:50,10,scheduled,,2033-08-06T12:10,2033-08-30T21:20,2025000
RSCH-002263,JOB-000205,EVS360-003,IS100,inspection_and_service,Obukhovo,2033-08-28T21:20,2033-08-28T23:20,2,scheduled,,2033-08-28T21:20,2033-08-31T08:10,4112500
RSCH-002264,JOB-000709,EVS360-010,IS200,inspection_and_service,Obukhovo,2033-08-23T14:10,2033-08-23T18:10,4,scheduled,,2033-08-23T14:10,2033-08-31T11:20,3950000
RSCH-002265,JOB-002800,EVS360-039,IS200,inspection_and_service,Obukhovo,2033-08-23T09:50,2033-08-23T13:50,4,scheduled,,2033-08-23T09:50,2033-08-31T14:50,1700000
RSCH-002266,JOB-000853,EVS360-012,IS100,inspection_and_service,Obukhovo,2033-08-30T10:10,2033-08-30T12:10,2,scheduled,,2033-08-30T10:10,2033-08-31T21:20,3812500
RSCH-002267,JOB-002507,EVS360-035,IS100,inspection_and_service,Obukhovo,2033-08-29T20:10,2033-08-29T22:10,2,scheduled,,2033-08-29T20:10,2033-08-31T23:20,1887500
RSCH-002268,JOB-002005,EVS360-028,IS200,inspection_and_service,Obukhovo,2033-08-25T08:35,2033-08-25T12:35,4,scheduled,,2033-08-24T14:50,2033-09-01T11:50,2450000
RSCH-002269,JOB-002506,EVS360-035,IS510,inspection_and_service,Obukhovo,2033-08-08T16:10,2033-08-09T02:10,10,scheduled,,2033-08-07T23:50,2033-09-01T14:50,1875000
RSCH-002270,JOB-001575,EVS360-022,IS100,inspection_and_service,Obukhovo,2033-08-30T14:50,2033-08-30T16:50,2,scheduled,,2033-08-30T14:50,2033-09-01T19:50,2987500
RSCH-002271,JOB-001647,EVS360-023,IS100,inspection_and_service,Obukhovo,2033-08-30T15:20,2033-08-30T17:20,2,scheduled,,2033-08-30T15:20,2033-09-01T20:10,2962500
RSCH-002272,JOB-001862,EVS360-026,IS100,inspection_and_service,Obukhovo,2033-08-30T16:50,2033-08-30T18:50,2,scheduled,,2033-08-30T16:50,2033-09-01T21:20,2712500
RSCH-002273,JOB-001069,EVS360-015,IS100,inspection_and_service,Obukhovo,2033-08-31T13:20,2033-08-31T15:20,2,scheduled,,2033-08-31T13:20,2033-09-02T17:20,3462500
RSCH-002274,JOB-000350,EVS360-005,IS200,inspection_and_service,Obukhovo,2033-08-26T18:10,2033-08-26T22:10,4,scheduled,,2033-08-26T08:35,2033-09-02T21:50,3850000
RSCH-002275,JOB-000422,EVS360-006,IS100,inspection_and_service,Obukhovo,2033-09-01T11:20,2033-09-01T13:20,2,scheduled,,2033-09-01T11:20,2033-09-02T22:10,4212500
RSCH-002276,JOB-000782,EVS360-011,IS100,inspection_and_service,Obukhovo,2033-09-01T13:20,2033-09-01T15:20,2,scheduled,,2033-08-31T20:50,2033-09-03T08:10,3637500
RSCH-002277,JOB-001430,EVS360-020,IS100,inspection_and_service,Obukhovo,2033-09-01T18:10,2033-09-01T20:10,2,scheduled,,2033-09-01T18:10,2033-09-03T22:10,2987500
RSCH-002278,JOB-002290,EVS360-032,IS200,inspection_and_service,Obukhovo,2033-08-27T13:50,2033-08-27T17:50,4,scheduled,,2033-08-27T13:50,2033-09-04T10:50,2125000
RSCH-002279,JOB-002580,EVS360-036,IS200,inspection_and_service,Obukhovo,2033-08-27T15:50,2033-08-27T19:50,4,scheduled,,2033-08-26T23:20,2033-09-04T12:35,1900000
RSCH-002280,JOB-001503,EVS360-021,IS100,inspection_and_service,Obukhovo,2033-09-02T20:50,2033-09-02T22:50,2,scheduled,,2033-09-02T20:50,2033-09-04T13:50,3112500
RSCH-002281,JOB-001934,EVS360-027,IS100,inspection_and_service,Obukhovo,2033-09-02T23:20,2033-09-03T01:20,2,scheduled,,2033-09-02T12:50,2033-09-04T17:20,2637500
RSCH-002282,JOB-000638,EVS360-009,IS100,inspection_and_service,Obukhovo,2033-09-02T14:10,2033-09-02T16:10,2,scheduled,,2033-09-02T14:10,2033-09-04T18:50,3837500
RSCH-002283,JOB-000705,EVS360-010,IS530,inspection_and_service,Obukhovo,,,36,unscheduled,no_depot_window_before_deadline,2033-05-29T08:35,2033-09-04T19:50,3900000
RSCH-002284,JOB-000925,EVS360-013,IS200,inspection_and_service,Obukhovo,2033-08-27T23:50,2033-08-28T03:50,4,scheduled,,2033-08-27T13:20,2033-09-04T20:50,3700000
RSCH-002285,JOB-000495,EVS360-007,IS100,inspection_and_service,Obukhovo,2033-09-03T15:20,2033-09-03T17:20,2,scheduled,,2033-09-03T15:20,2033-09-05T09:35,4037500
RSCH-002286,JOB-000637,EVS360-009,IS510,inspection_and_service,Obukhovo,2033-08-14T15:20,2033-08-15T01:20,10,scheduled,,2033-08-11T19:20,2033-09-05T10:10,3825000
RSCH-002287,JOB-000619,EVS360-009,IS600,revision,Obukhovo,,,384,unscheduled,no_depot_window_before_deadline,2032-08-07T12:35,2033-09-05T10:10,3600000
RSCH-002288,JOB-000998,EVS360-014,IS100,inspection_and_service,Obukhovo,2033-09-03T19:50,2033-09-03T21:50,2,scheduled,,2033-09-03T19:50,2033-09-05T12:35,3487500
RSCH-002289,JOB-001933,EVS360-027,IS510,inspection_and_service,Obukhovo,2033-08-12T20:50,2033-08-13T06:50,10,scheduled,,2033-08-12T10:10,2033-09-05T19:50,2625000
RSCH-002290,JOB-002220,EVS360-031,IS100,inspection_and_service,Obukhovo,2033-09-04T10:10,2033-09-04T12:10,2,scheduled,,2033-09-03T17:20,2033-09-05T21:20,2287500
RSCH-002291,JOB-001213,EVS360-017,IS200,inspection_and_service,Obukhovo,2033-08-29T10:50,2033-08-29T14:50,4,scheduled,,2033-08-28T18:10,2033-09-06T00:10,3175000
RSCH-002292,JOB-001211,EVS360-017,IS520,inspection_and_service,Obukhovo,,,16,unscheduled,no_depot_window_before_deadline,2033-07-18T23:50,2033-09-06T00:10,3150000
RSCH-002293,JOB-000567,EVS360-008,IS100,inspection_and_service,Obukhovo,2033-09-04T18:10,2033-09-04T20:10,2,scheduled,,2033-09-04T18:10,2033-09-06T11:50,4112500
RSCH-002294,JOB-002363,EVS360-033,IS200,inspection_and_service,Obukhovo,2033-08-29T18:50,2033-08-29T22:50,4,scheduled,,2033-08-29T08:50,2033-09-06T14:50,2200000
RSCH-002295,JOB-002654,EVS360-037,IS200,inspection_and_service,Obukhovo,2033-08-29T20:50,2033-08-30T00:50,4,scheduled,,2033-08-29T20:50,2033-09-06T16:50,1775000
RSCH-002296,JOB-000060,EVS360-001,IS100,inspection_and_service,Obukhovo,2033-09-04T14:10,2033-09-04T16:10,2,scheduled,,2033-09-04T14:10,2033-09-06T18:50,4287500
RSCH-002297,JOB-000059,EVS360-001,IS510,inspection_and_service,Obukhovo,2033-08-16T15:20,2033-08-17T01:20,10,scheduled,,2033-08-13T19:20,2033-09-07T10:10,4275000
RSCH-002298,JOB-000132,EVS360-002,IS200,inspection_and_service,Obukhovo,2033-08-29T22:35,2033-08-30T02:35,4,scheduled,,2033-08-29T22:35,2033-09-07T10:50,4300000
RSCH-002299,JOB-000710,EVS360-010,IS100,inspection_and_service,Obukhovo,2033-09-05T21:20,2033-09-05T23:20,2,scheduled,,2033-09-05T21:20,2033-09-07T14:10,3962500
RSCH-002300,JOB-002801,EVS360-039,IS100,inspection_and_service,Obukhovo,2033-09-05T15:50,2033-09-05T17:50,2,scheduled,,2033-09-05T15:50,2033-09-07T20:35,1712500
RSCH-002301,JOB-002006,EVS360-028,IS100,inspection_and_service,Obukhovo,2033-09-07T14:10,2033-09-07T16:10,2,scheduled,,2033-09-06T21:50,2033-09-08T16:10,2462500
RSCH-002302,JOB-001285,EVS360-018,IS200,inspection_and_service,Obukhovo,2033-09-01T16:50,2033-09-01T20:50,4,scheduled,,2033-09-01T16:50,2033-09-09T13:20,3250000
RSCH-002303,JOB-001494,EVS360-021,IS540,inspection_and_service,Obukhovo,,,56,unscheduled,no_depot_window_before_deadline,2033-02-24T20:35,2033-09-09T14:50,3000000
RSCH-002304,JOB-001719,EVS360-024,IS200,inspection_and_service,Obukhovo,2033-09-01T20:35,2033-09-02T00:35,4,scheduled,,2033-09-01T20:35,2033-09-09T16:10,2725000
RSCH-002305,JOB-000278,EVS360-004,IS200,inspection_and_service,Obukhovo,2033-09-02T12:10,2033-09-02T16:10,4,scheduled,,2033-09-01T19:50,2033-09-10T08:50,4000000
RSCH-002306,JOB-000351,EVS360-005,IS100,inspection_and_service,Obukhovo,2033-09-09T00:10,2033-09-09T02:10,2,scheduled,,2033-09-08T13:50,2033-09-10T09:20,3862500
RSCH-002307,JOB-001791,EVS360-025,IS200,inspection_and_service,Obukhovo,2033-09-01T20:50,2033-09-02T00:50,4,scheduled,,2033-09-01T20:50,2033-09-10T09:20,2575000
RSCH-002308,JOB-001789,EVS360-025,IS520,inspection_and_service,Obukhovo,,,16,unscheduled,no_depot_window_before_deadline,2033-07-23T08:50,2033-09-10T09:20,2550000
RSCH-002309,JOB-002581,EVS360-036,IS100,inspection_and_service,Obukhovo,2033-09-09T22:35,2033-09-10T00:35,2,scheduled,,2033-09-09T12:10,2033-09-11T00:10,1912500
RSCH-002310,JOB-002077,EVS360-029,IS200,inspection_and_service,Obukhovo,2033-09-03T00:10,2033-09-03T04:10,4,scheduled,,2033-09-03T00:10,2033-09-11T12:35,2300000
RSCH-002311,JOB-002291,EVS360-032,IS100,inspection_and_service,Obukhovo,2033-09-09T20:50,2033-09-09T22:50,2,scheduled,,2033-09-09T20:50,2033-09-11T13:50,2137500
RSCH-002312,JOB-001358,EVS360-019,IS200,inspection_and_service,Obukhovo,2033-09-03T21:50,2033-09-04T01:50,4,scheduled,,2033-09-03T11:20,2033-09-11T18:10,3275000
RSCH-002313,JOB-000926,EVS360-013,IS100,inspection_and_service,Obukhovo,2033-09-10T12:50,2033-09-10T14:50,2,scheduled,,2033-09-09T20:35,2033-09-12T00:10,3712500
RSCH-002314,JOB-002436,EVS360-034,IS200,inspection_and_service,Obukhovo,2033-09-04T11:50,2033-09-04T15:50,4,scheduled,,2033-09-03T19:20,2033-09-12T08:35,2050000
RSCH-002315,JOB-001214,EVS360-017,IS100,inspection_and_service,Obukhovo,2033-09-11T16:50,2033-09-11T18:50,2,scheduled,,2033-09-11T00:10,2033-09-13T10:50,3187500
RSCH-002316,JOB-002364,EVS360-033,IS100,inspection_and_service,Obukhovo,2033-09-12T08:10,2033-09-12T10:10,2,scheduled,,2033-09-11T14:10,2033-09-13T19:20,2212500
RSCH-002317,JOB-002655,EVS360-037,IS100,inspection_and_service,Obukhovo,2033-09-12T09:50,2033-09-12T11:50,2,scheduled,,2033-09-12T09:50,2033-09-13T20:50,1787500
RSCH-002318,JOB-002508,EVS360-035,IS200,inspection_and_service,Obukhovo,2033-09-06T15:50,2033-09-06T19:50,4,scheduled,,2033-09-05T23:20,2033-09-14T12:35,1900000
RSCH-002319,JOB-000133,EVS360-002,IS100,inspection_and_service,Obukhovo,2033-09-12T11:50,2033-09-12T13:50,2,scheduled,,2033-09-12T11:50,2033-09-14T15:20,4312500
RSCH-002320,JOB-002149,EVS360-030,IS100,inspection_and_service,Obukhovo,2033-09-13T08:35,2033-09-13T10:35,2,scheduled,,2033-09-12T14:50,2033-09-14T19:50,2262500
RSCH-002321,JOB-001648,EVS360-023,IS200,inspection_and_service,Obukhovo,2033-09-07T12:10,2033-09-07T16:10,4,scheduled,,2033-09-06T19:50,2033-09-15T08:50,2975000
RSCH-002322,JOB-001863,EVS360-026,IS200,inspection_and_service,Obukhovo,2033-09-07T13:20,2033-09-07T17:20,4,scheduled,,2033-09-06T20:50,2033-09-15T10:10,2725000
RSCH-002323,JOB-001070,EVS360-015,IS200,inspection_and_service,Obukhovo,2033-09-08T10:10,2033-09-08T14:10,4,scheduled,,2033-09-07T17:20,2033-09-15T23:50,3475000
RSCH-002324,JOB-001068,EVS360-015,IS520,inspection_and_service,Obukhovo,,,16,unscheduled,no_depot_window_before_deadline,2033-07-28T23:20,2033-09-15T23:50,3450000
RSCH-002325,JOB-001142,EVS360-016,IS100,inspection_and_service,Obukhovo,2033-09-13T20:50,2033-09-13T22:50,2,scheduled,,2033-09-13T20:50,2033-09-16T00:10,3462500
RSCH-002326,JOB-000423,EVS360-006,IS200,inspection_and_service,Obukhovo,2033-09-07T22:50,2033-09-08T02:50,4,scheduled,,2033-09-07T22:50,2033-09-16T11:20,4225000
RSCH-002327,JOB-000783,EVS360-011,IS200,inspection_and_service,Obukhovo,2033-09-08T08:35,2033-09-08T12:35,4,scheduled,,2033-09-08T08:35,2033-09-16T13:20,3650000
RSCH-002328,JOB-002572,EVS360-036,IS540,inspection_and_service,Obukhovo,,,56,unscheduled,no_depot_window_before_deadline,2033-03-03T12:50,2033-09-16T16:50,1800000
RSCH-002329,JOB-001286,EVS360-018,IS100,inspection_and_service,Obukhovo,2033-09-14T23:20,2033-09-15T01:20,2,scheduled,,2033-09-14T12:50,2033-09-16T17:20,3262500
RSCH-002330,JOB-001720,EVS360-024,IS100,inspection_and_service,Obukhovo,2033-09-15T09:20,2033-09-15T11:20,2,scheduled,,2033-09-15T09:20,2033-09-16T20:35,2737500
RSCH-002331,JOB-000279,EVS360-004,IS100,inspection_and_service,Obukhovo,2033-09-15T18:50,2033-09-15T20:50,2,scheduled,,2033-09-15T08:50,2033-09-17T12:10,4012500
RSCH-002332,JOB-001792,EVS360-025,IS100,inspection_and_service,Obukhovo,2033-09-15T09:50,2033-09-15T11:50,2,scheduled,,2033-09-15T09:50,2033-09-17T13:20,2587500
RSCH-002333,JOB-000639,EVS360-009,IS200,inspection_and_service,Obukhovo,2033-09-10T11:20,2033-09-10T15:20,4,scheduled,,2033-09-09T18:50,2033-09-17T14:10,3850000
RSCH-002334,JOB-001504,EVS360-021,IS200,inspection_and_service,Obukhovo,2033-09-09T14:50,2033-09-09T18:50,4,scheduled,,2033-09-09T14:50,2033-09-17T20:50,3125000
RSCH-002335,JOB-001935,EVS360-027,IS200,inspection_and_service,Obukhovo,2033-09-09T18:10,2033-09-09T22:10,4,scheduled,,2033-09-09T18:10,2033-09-17T23:50,2650000
RSCH-002336,JOB-002078,EVS360-029,IS100,inspection_and_service,Obukhovo,2033-09-16T13:20,2033-09-16T15:20,2,scheduled,,2033-09-16T13:20,2033-09-18T17:20,2312500
RSCH-002337,JOB-000999,EVS360-014,IS200,inspection_and_service,Obukhovo,2033-09-10T13:20,2033-09-10T17:20,4,scheduled,,2033-09-10T13:20,2033-09-18T19:50,3500000
RSCH-002338,JOB-001359,EVS360-019,IS100,inspection_and_service,Obukhovo,2033-09-17T10:50,2033-09-17T12:50,2,scheduled,,2033-09-16T18:10,2033-09-18T21:50,3287500
RSCH-002339,JOB-002221,EVS360-031,IS200,inspection_and_service,Obukhovo,2033-09-10T22:10,2033-09-11T02:10,4,scheduled,,2033-09-10T22:10,2033-09-19T10:10,2300000
RSCH-002340,JOB-002437,EVS360-034,IS100,inspection_and_service,Obukhovo,2033-09-17T18:10,2033-09-17T20:10,2,scheduled,,2033-09-17T08:35,2033-09-19T11:50,2062500
RSCH-002341,JOB-000061,EVS360-001,IS200,inspection_and_service,Obukhovo,2033-09-12T11:20,2033-09-12T15:20,4,scheduled,,2033-09-11T18:50,2033-09-19T14:10,4300000
RSCH-002342,JOB-000124,EVS360-002,IS540,inspection_and_service,Obukhovo,,,56,unscheduled,no_depot_window_before_deadline,2033-03-06T11:20,2033-09-19T14:50,4200000
RSCH-002343,JOB-002729,EVS360-038,IS100,inspection_and_service,Obukhovo,2033-09-17T20:35,2033-09-17T22:35,2,scheduled,,2033-09-17T20:35,2033-09-19T23:50,1812500
RSCH-002344,JOB-000207,EVS360-003,IS100,inspection_and_service,Obukhovo,2033-09-18T23:50,2033-09-19T01:50,2,scheduled,,2033-09-18T13:20,2033-09-20T18:10,4137500
RSCH-002345,JOB-002509,EVS360-035,IS100,inspection_and_service,Obukhovo,2033-09-19T22:35,2033-09-20T00:35,2,scheduled,,2033-09-19T12:10,2033-09-21T00:10,1912500
RSCH-002346,JOB-000206,EVS360-003,IS510,inspection_and_service,Obukhovo,2033-08-27T19:50,2033-08-28T05:50,10,scheduled,,2033-08-27T19:50,2033-09-21T10:50,4125000
RSCH-002347,JOB-000855,EVS360-012,IS100,inspection_and_service,Obukhovo,2033-09-19T11:20,2033-09-19T13:20,2,scheduled,,2033-09-19T11:20,2033-09-21T14:50,3837500
RSCH-002348,JOB-001577,EVS360-022,IS100,inspection_and_service,Obukhovo,2033-09-20T18:10,2033-09-20T20:10,2,scheduled,,2033-09-20T08:35,2033-09-21T20:35,3012500
RSCH-002349,JOB-001864,EVS360-026,IS100,inspection_and_service,Obukhovo,2033-09-20T20:35,2033-09-20T22:35,2,scheduled,,2033-09-20T09:50,2033-09-21T22:10,2737500
RSCH-002350,JOB-001649,EVS360-023,IS100,inspection_and_service,Obukhovo,2033-09-20T18:50,2033-09-20T20:50,2,scheduled,,2033-09-20T08:50,2033-09-22T12:10,2987500
RSCH-002351,JOB-000854,EVS360-012,IS510,inspection_and_service,Obukhovo,2033-09-02T15:50,2033-09-03T01:50,10,scheduled,,2033-08-29T08:35,2033-09-22T16:50,3825000
RSCH-002352,JOB-000836,EVS360-012,IS600,revision,Obukhovo,,,384,unscheduled,no_depot_window_before_deadline,2032-08-24T18:50,2033-09-22T16:50,3600000
RSCH-002353,JOB-000784,EVS360-011,IS100,inspection_and_service,Obukhovo,2033-09-21T14:10,2033-09-21T16:10,2,scheduled,,2033-09-21T14:10,2033-09-23T08:50,3662500
RSCH-002354,JOB-001071,EVS360-015,IS100,inspection_and_service,Obukhovo,2033-09-21T16:10,2033-09-21T18:10,2,scheduled,,2033-09-20T23:50,2033-09-23T10:10,3487500
RSCH-002355,JOB-000352,EVS360-005,IS200,inspection_and_service,Obukhovo,2033-09-15T19:50,2033-09-15T23:50,4,scheduled,,2033-09-15T09:20,2033-09-23T15:20,3875000
RSCH-002356,JOB-000424,EVS360-006,IS100,inspection_and_service,Obukhovo,2033-09-21T12:10,2033-09-21T14:10,2,scheduled,,2033-09-21T12:10,2033-09-23T15:50,4237500
RSCH-002357,JOB-002582,EVS360-036,IS200,inspection_and_service,Obukhovo,2033-09-16T16:50,2033-09-16T20:50,4,scheduled,,2033-09-16T16:50,2033-09-24T13:20,1925000
RSCH-002358,JOB-001432,EVS360-020,IS100,inspection_and_service,Obukhovo,2033-09-22T21:20,2033-09-22T23:20,2,scheduled,,2033-09-22T10:50,2033-09-24T14:10,3012500
RSCH-002359,JOB-000640,EVS360-009,IS100,inspection_and_service,Obukhovo,2033-09-23T17:20,2033-09-23T19:20,2,scheduled,,2033-09-23T08:10,2033-09-24T20:10,3862500
RSCH-002360,JOB-002292,EVS360-032,IS200,inspection_and_service,Obukhovo,2033-09-17T16:50,2033-09-17T20:50,4,scheduled,,2033-09-17T00:10,2033-09-24T20:50,2150000
RSCH-002361,JOB-000927,EVS360-013,IS200,inspection_and_service,Obukhovo,2033-09-17T08:10,2033-09-17T12:10,4,scheduled,,2033-09-17T08:10,2033-09-24T21:50,3725000
RSCH-002362,JOB-001505,EVS360-021,IS100,inspection_and_service,Obukhovo,2033-09-22T21:50,2033-09-22T23:50,2,scheduled,,2033-09-22T21:50,2033-09-25T08:35,3137500
RSCH-002363,JOB-001936,EVS360-027,IS100,inspection_and_service,Obukhovo,2033-09-23T00:10,2033-09-23T02:10,2,scheduled,,2033-09-23T00:10,2033-09-25T11:20,2662500
RSCH-002364,JOB-000497,EVS360-007,IS100,inspection_and_service,Obukhovo,2033-09-24T18:50,2033-09-24T20:50,2,scheduled,,2033-09-24T08:50,2033-09-25T20:50,4062500
RSCH-002365,JOB-001000,EVS360-014,IS100,inspection_and_service,Obukhovo,2033-09-23T20:35,2033-09-23T22:35,2,scheduled,,2033-09-23T20:35,2033-09-25T23:50,3512500
RSCH-002366,JOB-002222,EVS360-031,IS100,inspection_and_service,Obukhovo,2033-09-24T11:20,2033-09-24T13:20,2,scheduled,,2033-09-24T11:20,2033-09-26T14:50,2312500
RSCH-002367,JOB-002500,EVS360-035,IS540,inspection_and_service,Obukhovo,,,56,unscheduled,no_depot_window_before_deadline,2033-03-13T12:50,2033-09-26T16:50,1800000
RSCH-002368,JOB-001215,EVS360-017,IS200,inspection_and_service,Obukhovo,2033-09-18T11:50,2033-09-18T15:50,4,scheduled,,2033-09-18T11:50,2033-09-26T17:20,3200000
RSCH-002369,JOB-000062,EVS360-001,IS100,inspection_and_service,Obukhovo,2033-09-25T17:20,2033-09-25T19:20,2,scheduled,,2033-09-25T08:10,2033-09-26T20:10,4312500
RSCH-002370,JOB-000569,EVS360-008,IS100,inspection_and_service,Obukhovo,2033-09-24T19:50,2033-09-24T21:50,2,scheduled,,2033-09-24T19:50,2033-09-26T22:50,4137500
RSCH-002371,JOB-002365,EVS360-033,IS200,inspection_and_service,Obukhovo,2033-09-18T20:10,2033-09-19T00:10,4,scheduled,,2033-09-18T20:10,2033-09-27T08:35,2225000
RSCH-002372,JOB-000134,EVS360-002,IS200,inspection_and_service,Obukhovo,2033-09-20T08:35,2033-09-20T12:35,4,scheduled,,2033-09-19T14:50,2033-09-27T11:50,4325000
RSCH-002373,JOB-002803,EVS360-039,IS100,inspection_and_service,Obukhovo,2033-09-26T19:50,2033-09-26T21:50,2,scheduled,,2033-09-26T09:20,2033-09-27T21:20,1737500
RSCH-002374,JOB-000568,EVS360-008,IS510,inspection_and_service,Obukhovo,2033-09-03T15:50,2033-09-04T01:50,10,scheduled,,2033-09-03T15:50,2033-09-28T08:10,4125000
RSCH-002375,JOB-000712,EVS360-010,IS100,inspection_and_service,Obukhovo,2033-09-25T22:10,2033-09-26T00:10,2,scheduled,,2033-09-25T22:10,2033-09-28T08:50,3987500
RSCH-002376,JOB-002150,EVS360-030,IS200,inspection_and_service,Obukhovo,2033-09-19T20:35,2033-09-20T00:35,4,scheduled,,2033-09-19T20:35,2033-09-28T08:50,2275000
RSCH-002377,JOB-002148,EVS360-030,IS520,inspection_and_service,Obukhovo,,,16,unscheduled,no_depot_window_before_deadline,2033-08-09T15:50,2033-09-28T08:50,2250000
RSCH-002378,JOB-002802,EVS360-039,IS510,inspection_and_service,Obukhovo,2033-09-05T17:50,2033-09-06T03:50,10,scheduled,,2033-09-04T13:50,2033-09-28T22:50,1725000
RSCH-002379,JOB-002008,EVS360-028,IS100,inspection_and_service,Obukhovo,2033-09-27T15:20,2033-09-27T17:20,2,scheduled,,2033-09-26T22:50,2033-09-29T09:35,2487500
RSCH-002380,JOB-000711,EVS360-010,IS510,inspection_and_service,Obukhovo,2033-09-04T19:50,2033-09-05T05:50,10,scheduled,,2033-09-04T19:50,2033-09-29T10:50,3975000
RSCH-002381,JOB-002288,EVS360-032,IS530,inspection_and_service,Obukhovo,,,36,unscheduled,no_depot_window_before_deadline,2033-06-22T18:50,2033-09-29T11:20,2100000
RSCH-002382,JOB-001143,EVS360-016,IS200,inspection_and_service,Obukhovo,2033-09-21T16:50,2033-09-21T20:50,4,scheduled,,2033-09-21T00:10,2033-09-29T13:20,3475000
RSCH-002383,JOB-001141,EVS360-016,IS520,inspection_and_service,Obukhovo,,,16,unscheduled,no_depot_window_before_deadline,2033-08-11T12:50,2033-09-29T13:20,3450000
RSCH-002384,JOB-001287,EVS360-018,IS200,inspection_and_service,Obukhovo,2033-09-21T18:10,2033-09-21T22:10,4,scheduled,,2033-09-21T18:10,2033-09-29T23:50,3275000
RSCH-002385,JOB-001721,EVS360-024,IS200,inspection_and_service,Obukhovo,2033-09-22T22:50,2033-09-23T02:50,4,scheduled,,2033-09-22T12:35,2033-09-30T09:35,2750000
RSCH-002386,JOB-002007,EVS360-028,IS510,inspection_and_service,Obukhovo,2033-09-08T16:10,2033-09-09T02:10,10,scheduled,,2033-09-05T20:10,2033-09-30T11:20,2475000
RSCH-002387,JOB-000280,EVS360-004,IS200,inspection_and_service,Obukhovo,2033-09-22T12:50,2033-09-22T16:50,4,scheduled,,2033-09-22T12:50,2033-09-30T19:20,4025000
RSCH-002388,JOB-000353,EVS360-005,IS100,inspection_and_service,Obukhovo,2033-09-29T08:35,2033-09-29T10:35,2,scheduled,,2033-09-28T14:50,2033-09-30T19:50,3887500
RSCH-002389,JOB-001793,EVS360-025,IS200,inspection_and_service,Obukhovo,2033-09-22T23:20,2033-09-23T03:20,4,scheduled,,2033-09-22T12:50,2033-09-30T20:35,2600000
RSCH-002390,JOB-002583,EVS360-036,IS100,inspection_and_service,Obukhovo,2033-09-29T23:20,2033-09-30T01:20,2,scheduled,,2033-09-29T23:20,2033-10-01T17:20,1937500
RSCH-002391,JOB-000928,EVS360-013,IS100,inspection_and_service,Obukhovo,2033-09-30T13:50,2033-09-30T15:50,2,scheduled,,2033-09-30T13:50,2033-10-02T08:35,3737500
RSCH-002392,JOB-002293,EVS360-032,IS100,inspection_and_service,Obukhovo,2033-09-29T21:50,2033-09-29T23:50,2,scheduled,,2033-09-29T21:50,2033-10-02T08:35,2162500
RSCH-002393,JOB-000053,EVS360-001,IS540,inspection_and_service,Obukhovo,,,56,unscheduled,no_depot_window_before_deadline,2033-03-19T08:35,2033-10-02T12:10,4200000
RSCH-002394,JOB-002438,EVS360-034,IS200,inspection_and_service,Obukhovo,2033-09-24T12:35,2033-09-24T16:35,4,scheduled,,2033-09-24T12:35,2033-10-02T18:50,2075000
RSCH-002395,JOB-002730,EVS360-038,IS200,inspection_and_service,Obukhovo,2033-09-25T16:10,2033-09-25T20:10,4,scheduled,,2033-09-24T23:50,2033-10-03T12:50,1825000
RSCH-002396,JOB-001216,EVS360-017,IS100,inspection_and_service,Obukhovo,2033-10-01T18:10,2033-10-01T20:10,2,scheduled,,2033-10-01T18:10,2033-10-03T22:10,3212500
RSCH-002397,JOB-000208,EVS360-003,IS200,inspection_and_service,Obukhovo,2033-09-25T18:50,2033-09-25T22:50,4,scheduled,,2033-09-25T18:50,2033-10-04T00:10,4150000
RSCH-002398,JOB-002366,EVS360-033,IS100,inspection_and_service,Obukhovo,2033-10-02T08:50,2033-10-02T10:50,2,scheduled,,2033-10-02T08:50,2033-10-04T12:35,2237500
RSCH-002399,JOB-002510,EVS360-035,IS200,inspection_and_service,Obukhovo,2033-09-26T16:50,2033-09-26T20:50,4,scheduled,,2033-09-26T16:50,2033-10-04T13:20,1925000
RSCH-002400,JOB-002657,EVS360-037,IS100,inspection_and_service,Obukhovo,2033-10-02T10:50,2033-10-02T12:50,2,scheduled,,2033-10-02T10:50,2033-10-04T14:10,1812500
RSCH-002401,JOB-000135,EVS360-002,IS100,inspection_and_service,Obukhovo,2033-10-03T14:10,2033-10-03T16:10,2,scheduled,,2033-10-02T21:50,2033-10-04T16:10,4337500
RSCH-002402,JOB-001717,EVS360-024,IS530,inspection_and_service,Obukhovo,,,36,unscheduled,no_depot_window_before_deadline,2033-06-28T00:10,2033-10-04T17:20,2700000
RSCH-002403,JOB-002151,EVS360-030,IS100,inspection_and_service,Obukhovo,2033-10-03T09:20,2033-10-03T11:20,2,scheduled,,2033-10-03T09:20,2033-10-04T20:35,2287500
RSCH-002404,JOB-000856,EVS360-012,IS200,inspection_and_service,Obukhovo,2033-09-27T08:10,2033-09-27T12:10,4,scheduled,,2033-09-26T14:10,2033-10-04T21:50,3850000
RSCH-002405,JOB-001578,EVS360-022,IS200,inspection_and_service,Obukhovo,2033-09-27T12:35,2033-09-27T16:35,4,scheduled,,2033-09-27T12:35,2033-10-05T09:20,3025000
RSCH-002406,JOB-001865,EVS360-026,IS200,inspection_and_service,Obukhovo,2033-09-27T14:10,2033-09-27T18:10,4,scheduled,,2033-09-27T14:10,2033-10-05T11:20,2750000
RSCH-002407,JOB-001072,EVS360-015,IS200,inspection_and_service,Obukhovo,2033-09-28T11:20,2033-09-28T15:20,4,scheduled,,2033-09-28T11:20,2033-10-06T16:50,3500000
RSCH-002408,JOB-001144,EVS360-016,IS100,inspection_and_service,Obukhovo,2033-10-04T23:20,2033-10-05T01:20,2,scheduled,,2033-10-04T12:50,2033-10-06T17:20,3487500
RSCH-002409,JOB-000425,EVS360-006,IS200,inspection_and_service,Obukhovo,2033-09-29T08:50,2033-09-29T12:50,4,scheduled,,2033-09-28T15:20,2033-10-06T22:35,4250000
RSCH-002410,JOB-001288,EVS360-018,IS100,inspection_and_service,Obukhovo,2033-10-05T00:10,2033-10-05T02:10,2,scheduled,,2033-10-05T00:10,2033-10-07T11:20,3287500
RSCH-002411,JOB-001722,EVS360-024,IS100,inspection_and_service,Obukhovo,2033-10-05T10:10,2033-10-05T12:10,2,scheduled,,2033-10-05T10:10,2033-10-07T13:50,2762500
RSCH-002412,JOB-001433,EVS360-020,IS200,inspection_and_service,Obukhovo,2033-09-29T15:20,2033-09-29T19:20,4,scheduled,,2033-09-29T15:20,2033-10-07T21:20,3025000
RSCH-002413,JOB-000281,EVS360-004,IS100,inspection_and_service,Obukhovo,2033-10-05T20:10,2033-10-05T22:10,2,scheduled,,2033-10-05T20:10,2033-10-07T23:20,4037500
RSCH-002414,JOB-001794,EVS360-025,IS100,inspection_and_service,Obukhovo,2033-10-06T12:35,2033-10-06T14:35,2,scheduled,,2033-10-05T20:10,2033-10-07T23:50,2612500
RSCH-002415,JOB-000641,EVS360-009,IS200,inspection_and_service,Obukhovo,2033-09-30T12:10,2033-09-30T16:10,4,scheduled,,2033-09-30T12:10,2033-10-08T08:50,3875000
RSCH-002416,JOB-001937,EVS360-027,IS200,inspection_and_service,Obukhovo,2033-09-30T21:20,2033-10-01T01:20,4,scheduled,,2033-09-30T10:50,2033-10-08T17:20,2675000
RSCH-002417,JOB-000498,EVS360-007,IS200,inspection_and_service,Obukhovo,2033-10-01T12:50,2033-10-01T16:50,4,scheduled,,2033-09-30T20:35,2033-10-09T09:50,4075000
RSCH-002418,JOB-000496,EVS360-007,IS520,inspection_and_service,Obukhovo,,,16,unscheduled,no_depot_window_before_deadline,2033-08-21T09:20,2033-10-09T09:50,4050000
RSCH-002419,JOB-002080,EVS360-029,IS100,inspection_and_service,Obukhovo,2033-10-07T16:10,2033-10-07T18:10,2,scheduled,,2033-10-06T23:50,2033-10-09T10:10,2337500
RSCH-002420,JOB-001361,EVS360-019,IS100,inspection_and_service,Obukhovo,2033-10-07T11:50,2033-10-07T13:50,2,scheduled,,2033-10-07T11:50,2033-10-09T15:20,3312500
RSCH-002421,JOB-001861,EVS360-026,IS530,inspection_and_service,Obukhovo,,,36,unscheduled,no_depot_window_before_deadline,2033-07-03T08:35,2033-10-09T19:50,2700000
RSCH-002422,JOB-002079,EVS360-029,IS510,inspection_and_service,Obukhovo,2033-09-17T15:20,2033-09-18T01:20,10,scheduled,,2033-09-15T11:50,2033-10-09T20:50,2325000
RSCH-002423,JOB-002439,EVS360-034,IS100,inspection_and_service,Obukhovo,2033-10-07T19:50,2033-10-07T21:50,2,scheduled,,2033-10-07T19:50,2033-10-09T22:50,2087500
RSCH-002424,JOB-002731,EVS360-038,IS100,inspection_and_service,Obukhovo,2033-10-08T22:50,2033-10-09T00:50,2,scheduled,,2033-10-08T12:35,2033-10-10T08:10,1837500
RSCH-002425,JOB-000063,EVS360-001,IS200,inspection_and_service,Obukhovo,2033-10-02T12:10,2033-10-02T16:10,4,scheduled,,2033-10-02T12:10,2033-10-10T08:50,4325000
RSCH-002426,JOB-000570,EVS360-008,IS200,inspection_and_service,Obukhovo,2033-10-02T15:20,2033-10-02T19:20,4,scheduled,,2033-10-01T22:50,2033-10-10T12:10,4150000
RSCH-002427,JOB-000209,EVS360-003,IS100,inspection_and_service,Obukhovo,2033-10-09T08:10,2033-10-09T10:10,2,scheduled,,2033-10-09T08:10,2033-10-10T19:20,4162500
RSCH-002428,JOB-002804,EVS360-039,IS200,inspection_and_service,Obukhovo,2033-10-03T13:20,2033-10-03T17:20,4,scheduled,,2033-10-03T13:20,2033-10-11T10:10,1750000
RSCH-002429,JOB-000713,EVS360-010,IS200,inspection_and_service,Obukhovo,2033-10-03T18:50,2033-10-03T22:50,4,scheduled,,2033-10-03T08:50,2033-10-11T14:50,4000000
RSCH-002430,JOB-002511,EVS360-035,IS100,inspection_and_service,Obukhovo,2033-10-09T23:20,2033-10-10T01:20,2,scheduled,,2033-10-09T23:20,2033-10-11T17:20,1937500
RSCH-002431,JOB-000857,EVS360-012,IS100,inspection_and_service,Obukhovo,2033-10-10T13:50,2033-10-10T15:50,2,scheduled,,2033-10-09T21:20,2033-10-12T08:35,3862500
RSCH-002432,JOB-001579,EVS360-022,IS100,inspection_and_service,Obukhovo,2033-10-10T19:50,2033-10-10T21:50,2,scheduled,,2033-10-10T19:50,2033-10-12T12:35,3037500
RSCH-002433,JOB-001866,EVS360-026,IS100,inspection_and_service,Obukhovo,2033-10-10T21:20,2033-10-10T23:20,2,scheduled,,2033-10-10T21:20,2033-10-12T14:10,2762500
RSCH-002434,JOB-002009,EVS360-028,IS200,inspection_and_service,Obukhovo,2033-10-04T10:10,2033-10-04T14:10,4,scheduled,,2033-10-04T10:10,2033-10-12T15:20,2500000
RSCH-002435,JOB-001651,EVS360-023,IS100,inspection_and_service,Obukhovo,2033-10-10T20:10,2033-10-10T22:10,2,scheduled,,2033-10-10T20:10,2033-10-12T23:20,3012500
RSCH-002436,JOB-000786,EVS360-011,IS100,inspection_and_service,Obukhovo,2033-10-12T17:20,2033-10-12T19:20,2,scheduled,,2033-10-12T08:10,2033-10-13T20:10,3687500
RSCH-002437,JOB-001073,EVS360-015,IS100,inspection_and_service,Obukhovo,2033-10-11T17:20,2033-10-11T19:20,2,scheduled,,2033-10-11T17:20,2033-10-13T21:50,3512500
RSCH-002438,JOB-000426,EVS360-006,IS100,inspection_and_service,Obukhovo,2033-10-12T14:50,2033-10-12T16:50,2,scheduled,,2033-10-11T22:10,2033-10-14T09:20,4262500
RSCH-002439,JOB-000785,EVS360-011,IS510,inspection_and_service,Obukhovo,2033-09-22T16:10,2033-09-23T02:10,10,scheduled,,2033-09-20T12:35,2033-10-14T21:50,3675000
RSCH-002440,JOB-001434,EVS360-020,IS100,inspection_and_service,Obukhovo,2033-10-12T22:10,2033-10-13T00:10,2,scheduled,,2033-10-12T22:10,2033-10-15T08:50,3037500
RSCH-002441,JOB-000642,EVS360-009,IS100,inspection_and_service,Obukhovo,2033-10-13T18:50,2033-10-13T20:50,2,scheduled,,2033-10-13T18:50,2033-10-15T12:10,3887500
RSCH-002442,JOB-001507,EVS360-021,IS100,inspection_and_service,Obukhovo,2033-10-14T00:10,2033-10-14T02:10,2,scheduled,,2033-10-13T13:50,2033-10-15T18:50,3162500
RSCH-002443,JOB-001938,EVS360-027,IS100,inspection_and_service,Obukhovo,2033-10-14T10:10,2033-10-14T12:10,2,scheduled,,2033-10-13T17:20,2033-10-15T21:20,2687500
RSCH-002444,JOB-000499,EVS360-007,IS100,inspection_and_service,Obukhovo,2033-10-14T20:10,2033-10-14T22:10,2,scheduled,,2033-10-14T09:35,2033-10-16T12:50,4087500
RSCH-002445,JOB-001002,EVS360-014,IS100,inspection_and_service,Obukhovo,2033-10-14T22:50,2033-10-15T00:50,2,scheduled,,2033-10-14T12:35,2033-10-16T16:50,3537500
RSCH-002446,JOB-002224,EVS360-031,IS100,inspection_and_service,Obukhovo,2033-10-15T13:50,2033-10-15T15:50,2,scheduled,,2033-10-14T21:20,2033-10-17T08:35,2337500
RSCH-002447,JOB-000064,EVS360-001,IS100,inspection_and_service,Obukhovo,2033-10-15T18:50,2033-10-15T20:50,2,scheduled,,2033-10-15T18:50,2033-10-17T12:10,4337500
RSCH-002448,JOB-000571,EVS360-008,IS100,inspection_and_service,Obukhovo,2033-10-15T22:10,2033-10-16T00:10,2,scheduled,,2033-10-15T11:50,2033-10-17T15:20,4162500
RSCH-002449,JOB-002223,EVS360-031,IS510,inspection_and_service,Obukhovo,2033-09-27T16:50,2033-09-28T02:50,10,scheduled,,2033-09-23T09:20,2033-10-17T18:10,2325000
RSCH-002450,JOB-001001,EVS360-014,IS510,inspection_and_service,Obukhovo,2033-09-23T22:35,2033-09-24T08:35,10,scheduled,,2033-09-23T09:50,2033-10-17T19:20,3525000
RSCH-002451,JOB-002658,EVS360-037,IS200,inspection_and_service,Obukhovo,2033-10-10T00:10,2033-10-10T04:10,4,scheduled,,2033-10-09T13:50,2033-10-17T21:20,1825000
RSCH-002452,JOB-002152,EVS360-030,IS200,inspection_and_service,Obukhovo,2033-10-10T22:50,2033-10-11T02:50,4,scheduled,,2033-10-10T12:35,2033-10-18T09:35,2300000
RSCH-002453,JOB-002805,EVS360-039,IS100,inspection_and_service,Obukhovo,2033-10-16T20:35,2033-10-16T22:35,2,scheduled,,2033-10-16T20:35,2033-10-18T13:20,1762500
RSCH-002454,JOB-000714,EVS360-010,IS100,inspection_and_service,Obukhovo,2033-10-17T08:10,2033-10-17T10:10,2,scheduled,,2033-10-16T14:10,2033-10-18T19:20,4012500
RSCH-002455,JOB-002010,EVS360-028,IS100,inspection_and_service,Obukhovo,2033-10-17T16:10,2033-10-17T18:10,2,scheduled,,2033-10-17T16:10,2033-10-19T20:50,2512500
RSCH-002456,JOB-001145,EVS360-016,IS200,inspection_and_service,Obukhovo,2033-10-11T18:10,2033-10-11T22:10,4,scheduled,,2033-10-11T18:10,2033-10-19T23:50,3500000
RSCH-002457,JOB-000355,EVS360-005,IS100,inspection_and_service,Obukhovo,2033-10-19T09:20,2033-10-19T11:20,2,scheduled,,2033-10-19T09:20,2033-10-21T12:50,3912500
RSCH-002458,JOB-002081,EVS360-029,IS200,inspection_and_service,Obukhovo,2033-10-14T11:20,2033-10-14T15:20,4,scheduled,,2033-10-14T11:20,2033-10-22T08:10,2350000
RSCH-002459,JOB-002585,EVS360-036,IS100,inspection_and_service,Obukhovo,2033-10-20T00:10,2033-10-20T02:10,2,scheduled,,2033-10-20T00:10,2033-10-22T11:20,1962500
RSCH-002460,JOB-002295,EVS360-032,IS100,inspection_and_service,Obukhovo,2033-10-21T00:10,2033-10-21T02:10,2,scheduled,,2033-10-20T13:50,2033-10-22T18:50,2187500
RSCH-002461,JOB-000930,EVS360-013,IS100,inspection_and_service,Obukhovo,2033-10-21T16:50,2033-10-21T18:50,2,scheduled,,2033-10-21T00:10,2033-10-22T19:50,3762500
RSCH-002462,JOB-001362,EVS360-019,IS200,inspection_and_service,Obukhovo,2033-10-15T08:35,2033-10-15T12:35,4,scheduled,,2033-10-14T14:50,2033-10-22T22:10,3325000
RSCH-002463,JOB-002732,EVS360-038,IS200,inspection_and_service,Obukhovo,2033-10-15T17:20,2033-10-15T21:20,4,scheduled,,2033-10-15T17:20,2033-10-23T13:50,1850000
RSCH-002464,JOB-002294,EVS360-032,IS510,inspection_and_service,Obukhovo,2033-09-29T23:50,2033-09-30T09:50,10,scheduled,,2033-09-29T11:20,2033-10-23T20:35,2175000
RSCH-002465,JOB-000210,EVS360-003,IS200,inspection_and_service,Obukhovo,2033-10-16T21:50,2033-10-17T01:50,4,scheduled,,2033-10-16T11:20,2033-10-24T08:35,4175000
RSCH-002466,JOB-001218,EVS360-017,IS100,inspection_and_service,Obukhovo,2033-10-22T21:20,2033-10-22T23:20,2,scheduled,,2033-10-22T10:50,2033-10-24T14:10,3237500
RSCH-002467,JOB-002368,EVS360-033,IS100,inspection_and_service,Obukhovo,2033-10-23T11:50,2033-10-23T13:50,2,scheduled,,2033-10-22T19:20,2033-10-24T22:50,2262500
RSCH-002468,JOB-002659,EVS360-037,IS100,inspection_and_service,Obukhovo,2033-10-23T13:20,2033-10-23T15:20,2,scheduled,,2033-10-22T20:50,2033-10-25T08:10,1837500
RSCH-002469,JOB-001217,EVS360-017,IS510,inspection_and_service,Obukhovo,2033-09-30T15:50,2033-10-01T01:50,10,scheduled,,2033-09-30T15:50,2033-10-25T08:10,3225000
RSCH-002470,JOB-000137,EVS360-002,IS100,inspection_and_service,Obukhovo,2033-10-23T15:20,2033-10-23T17:20,2,scheduled,,2033-10-23T15:20,2033-10-25T09:35,4362500
RSCH-002471,JOB-002153,EVS360-030,IS100,inspection_and_service,Obukhovo,2033-10-24T12:10,2033-10-24T14:10,2,scheduled,,2033-10-23T19:50,2033-10-25T13:50,2312500
RSCH-002472,JOB-000858,EVS360-012,IS200,inspection_and_service,Obukhovo,2033-10-17T08:50,2033-10-17T12:50,4,scheduled,,2033-10-17T08:50,2033-10-25T13:50,3875000
RSCH-002473,JOB-001580,EVS360-022,IS200,inspection_and_service,Obukhovo,2033-10-18T15:20,2033-10-18T19:20,4,scheduled,,2033-10-17T22:50,2033-10-25T19:50,3050000
RSCH-002474,JOB-001652,EVS360-023,IS200,inspection_and_service,Obukhovo,2033-10-18T15:50,2033-10-18T19:50,4,scheduled,,2033-10-17T23:20,2033-10-25T20:10,3025000
RSCH-002475,JOB-000787,EVS360-011,IS200,inspection_and_service,Obukhovo,2033-10-19T12:10,2033-10-19T16:10,4,scheduled,,2033-10-19T12:10,2033-10-27T08:50,3700000
RSCH-002476,JOB-001146,EVS360-016,IS100,inspection_and_service,Obukhovo,2033-10-25T00:10,2033-10-25T02:10,2,scheduled,,2033-10-25T00:10,2033-10-27T11:20,3512500
RSCH-002477,JOB-001290,EVS360-018,IS100,inspection_and_service,Obukhovo,2033-10-26T10:10,2033-10-26T12:10,2,scheduled,,2033-10-25T17:20,2033-10-27T21:20,3312500
RSCH-002478,JOB-000283,EVS360-004,IS100,inspection_and_service,Obukhovo,2033-10-26T22:35,2033-10-27T00:35,2,scheduled,,2033-10-26T12:10,2033-10-28T00:10,4062500
RSCH-002479,JOB-001724,EVS360-024,IS100,inspection_and_service,Obukhovo,2033-10-26T12:50,2033-10-26T14:50,2,scheduled,,2033-10-25T20:35,2033-10-28T00:10,2787500
RSCH-002480,JOB-001435,EVS360-020,IS200,inspection_and_service,Obukhovo,2033-10-20T18:50,2033-10-20T22:50,4,scheduled,,2033-10-20T08:50,2033-10-28T14:50,3050000
RSCH-002481,JOB-001796,EVS360-025,IS100,inspection_and_service,Obukhovo,2033-10-26T13:20,2033-10-26T15:20,2,scheduled,,2033-10-26T13:20,2033-10-28T17:20,2637500
RSCH-002482,JOB-001508,EVS360-021,IS200,inspection_and_service,Obukhovo,2033-10-20T19:50,2033-10-20T23:50,4,scheduled,,2033-10-20T19:50,2033-10-29T08:10,3175000
RSCH-002483,JOB-001506,EVS360-021,IS520,inspection_and_service,Obukhovo,,,16,unscheduled,no_depot_window_before_deadline,2033-09-09T14:50,2033-10-29T08:10,3150000
RSCH-002484,JOB-001723,EVS360-024,IS510,inspection_and_service,Obukhovo,2033-10-08T15:50,2033-10-09T01:50,10,scheduled,,2033-10-04T17:20,2033-10-29T09:20,2775000
RSCH-002485,JOB-001795,EVS360-025,IS510,inspection_and_service,Obukhovo,2033-10-08T16:10,2033-10-09T02:10,10,scheduled,,2033-10-04T18:10,2033-10-29T09:35,2625000
RSCH-002486,JOB-002082,EVS360-029,IS100,inspection_and_service,Obukhovo,2033-10-27T17:20,2033-10-27T19:20,2,scheduled,,2033-10-27T17:20,2033-10-29T11:20,2362500
RSCH-002487,JOB-001363,EVS360-019,IS100,inspection_and_service,Obukhovo,2033-10-28T14:10,2033-10-28T16:10,2,scheduled,,2033-10-27T21:50,2033-10-29T16:10,3337500
RSCH-002488,JOB-000500,EVS360-007,IS200,inspection_and_service,Obukhovo,2033-10-21T13:50,2033-10-21T17:50,4,scheduled,,2033-10-21T13:50,2033-10-29T20:10,4100000
RSCH-002489,JOB-001003,EVS360-014,IS200,inspection_and_service,Obukhovo,2033-10-21T17:20,2033-10-21T21:20,4,scheduled,,2033-10-21T17:20,2033-10-29T23:20,3550000
RSCH-002490,JOB-002441,EVS360-034,IS100,inspection_and_service,Obukhovo,2033-10-28T22:10,2033-10-29T00:10,2,scheduled,,2033-10-28T11:50,2033-10-29T23:50,2112500
RSCH-002491,JOB-002225,EVS360-031,IS200,inspection_and_service,Obukhovo,2033-10-22T08:50,2033-10-22T12:50,4,scheduled,,2033-10-22T08:50,2033-10-30T13:50,2350000
RSCH-002492,JOB-002733,EVS360-038,IS100,inspection_and_service,Obukhovo,2033-10-28T23:50,2033-10-29T01:50,2,scheduled,,2033-10-28T23:50,2033-10-30T18:10,1862500
RSCH-002493,JOB-000572,EVS360-008,IS200,inspection_and_service,Obukhovo,2033-10-22T16:10,2033-10-22T20:10,4,scheduled,,2033-10-22T16:10,2033-10-30T22:10,4175000
RSCH-002494,JOB-000211,EVS360-003,IS100,inspection_and_service,Obukhovo,2033-10-30T10:50,2033-10-30T12:50,2,scheduled,,2033-10-29T18:10,2033-10-31T12:35,4187500
RSCH-002495,JOB-002806,EVS360-039,IS200,inspection_and_service,Obukhovo,2033-10-23T14:10,2033-10-23T18:10,4,scheduled,,2033-10-23T14:10,2033-10-31T20:35,1775000
RSCH-002496,JOB-000715,EVS360-010,IS200,inspection_and_service,Obukhovo,2033-10-23T20:10,2033-10-24T00:10,4,scheduled,,2033-10-23T20:10,2033-11-01T08:35,4025000
RSCH-002497,JOB-002513,EVS360-035,IS100,inspection_and_service,Obukhovo,2033-10-30T00:10,2033-10-30T02:10,2,scheduled,,2033-10-30T00:10,2033-11-01T11:20,1962500
RSCH-002498,JOB-000859,EVS360-012,IS100,inspection_and_service,Obukhovo,2033-10-30T14:50,2033-10-30T16:50,2,scheduled,,2033-10-30T14:50,2033-11-01T19:50,3887500
RSCH-002499,JOB-001581,EVS360-022,IS100,inspection_and_service,Obukhovo,2033-10-30T20:35,2033-10-30T22:35,2,scheduled,,2033-10-30T20:35,2033-11-01T23:50,3062500
RSCH-002500,JOB-001653,EVS360-023,IS100,inspection_and_service,Obukhovo,2033-10-31T22:35,2033-11-01T00:35,2,scheduled,,2033-10-31T12:10,2033-11-02T00:10,3037500
RSCH-002501,JOB-001868,EVS360-026,IS100,inspection_and_service,Obukhovo,2033-10-30T22:10,2033-10-31T00:10,2,scheduled,,2033-10-30T22:10,2033-11-02T08:50,2787500
RSCH-002502,JOB-002011,EVS360-028,IS200,inspection_and_service,Obukhovo,2033-10-25T12:50,2033-10-25T16:50,4,scheduled,,2033-10-24T20:35,2033-11-02T09:50,2525000
RSCH-002503,JOB-001867,EVS360-026,IS510,inspection_and_service,Obukhovo,2033-10-09T19:50,2033-10-10T05:50,10,scheduled,,2033-10-09T19:50,2033-11-03T10:50,2775000
RSCH-002504,JOB-000788,EVS360-011,IS100,inspection_and_service,Obukhovo,2033-11-01T18:50,2033-11-01T20:50,2,scheduled,,2033-11-01T08:50,2033-11-03T12:10,3712500
RSCH-002505,JOB-001075,EVS360-015,IS100,inspection_and_service,Obukhovo,2033-11-01T20:50,2033-11-01T22:50,2,scheduled,,2033-11-01T10:10,2033-11-03T13:50,3537500
RSCH-002506,JOB-000356,EVS360-005,IS200,inspection_and_service,Obukhovo,2033-10-26T22:50,2033-10-27T02:50,4,scheduled,,2033-10-26T12:35,2033-11-03T20:10,3925000
RSCH-002507,JOB-000428,EVS360-006,IS100,inspection_and_service,Obukhovo,2033-11-01T15:50,2033-11-01T17:50,2,scheduled,,2033-11-01T15:50,2033-11-03T20:35,4287500
RSCH-002508,JOB-001074,EVS360-015,IS510,inspection_and_service,Obukhovo,2033-10-10T15:20,2033-10-11T01:20,10,scheduled,,2033-10-10T15:20,2033-11-04T00:10,3525000
RSCH-002509,JOB-001436,EVS360-020,IS100,inspection_and_service,Obukhovo,2033-11-03T08:10,2033-11-03T10:10,2,scheduled,,2033-11-02T14:10,2033-11-04T09:50,3062500
RSCH-002510,JOB-002586,EVS360-036,IS200,inspection_and_service,Obukhovo,2033-10-27T21:20,2033-10-28T01:20,4,scheduled,,2033-10-27T10:50,2033-11-04T17:20,1975000
RSCH-002511,JOB-002584,EVS360-036,IS520,inspection_and_service,Obukhovo,,,16,unscheduled,no_depot_window_before_deadline,2033-09-16T16:50,2033-11-04T17:20,1950000
RSCH-002512,JOB-000427,EVS360-006,IS510,inspection_and_service,Obukhovo,2033-10-13T16:50,2033-10-14T02:50,10,scheduled,,2033-10-10T20:35,2033-11-04T22:10,4275000
RSCH-002513,JOB-000644,EVS360-009,IS100,inspection_and_service,Obukhovo,2033-11-02T20:10,2033-11-02T22:10,2,scheduled,,2033-11-02T20:10,2033-11-04T23:20,3912500
RSCH-002514,JOB-002296,EVS360-032,IS200,inspection_and_service,Obukhovo,2033-10-27T19:50,2033-10-27T23:50,4,scheduled,,2033-10-27T19:50,2033-11-05T08:10,2200000
RSCH-002515,JOB-000931,EVS360-013,IS200,inspection_and_service,Obukhovo,2033-10-28T11:50,2033-10-28T15:50,4,scheduled,,2033-10-27T19:20,2033-11-05T08:35,3775000
RSCH-002516,JOB-000929,EVS360-013,IS520,inspection_and_service,Obukhovo,,,16,unscheduled,no_depot_window_before_deadline,2033-09-17T08:10,2033-11-05T08:35,3750000
RSCH-002517,JOB-001509,EVS360-021,IS100,inspection_and_service,Obukhovo,2033-11-03T08:35,2033-11-03T10:35,2,scheduled,,2033-11-03T08:35,2033-11-05T12:10,3187500
RSCH-002518,JOB-001940,EVS360-027,IS100,inspection_and_service,Obukhovo,2033-11-03T11:20,2033-11-03T13:20,2,scheduled,,2033-11-03T11:20,2033-11-05T14:50,2712500
RSCH-002519,JOB-000501,EVS360-007,IS100,inspection_and_service,Obukhovo,2033-11-03T20:50,2033-11-03T22:50,2,scheduled,,2033-11-03T20:50,2033-11-06T00:10,4112500
RSCH-002520,JOB-002226,EVS360-031,IS100,inspection_and_service,Obukhovo,2033-11-04T14:50,2033-11-04T16:50,2,scheduled,,2033-11-04T14:50,2033-11-06T09:20,2362500
RSCH-002521,JOB-001004,EVS360-014,IS100,inspection_and_service,Obukhovo,2033-11-03T23:50,2033-11-04T01:50,2,scheduled,,2033-11-03T23:50,2033-11-06T10:50,3562500
RSCH-002522,JOB-001219,EVS360-017,IS200,inspection_and_service,Obukhovo,2033-10-29T15:20,2033-10-29T19:20,4,scheduled,,2033-10-29T15:20,2033-11-06T21:20,3250000
RSCH-002523,JOB-000066,EVS360-001,IS100,inspection_and_service,Obukhovo,2033-11-04T20:10,2033-11-04T22:10,2,scheduled,,2033-11-04T20:10,2033-11-06T23:20,4362500
RSCH-002524,JOB-000573,EVS360-008,IS100,inspection_and_service,Obukhovo,2033-11-04T22:50,2033-11-05T00:50,2,scheduled,,2033-11-04T22:50,2033-11-07T09:50,4187500
RSCH-002525,JOB-002369,EVS360-033,IS200,inspection_and_service,Obukhovo,2033-10-29T23:20,2033-10-30T03:20,4,scheduled,,2033-10-29T23:20,2033-11-07T11:50,2275000
RSCH-002526,JOB-002367,EVS360-033,IS520,inspection_and_service,Obukhovo,,,16,unscheduled,no_depot_window_before_deadline,2033-09-18T20:10,2033-11-07T11:50,2250000
RSCH-002527,JOB-002660,EVS360-037,IS200,inspection_and_service,Obukhovo,2033-10-30T08:35,2033-10-30T12:35,4,scheduled,,2033-10-30T08:35,2033-11-07T13:20,1850000
RSCH-002528,JOB-000138,EVS360-002,IS200,inspection_and_service,Obukhovo,2033-10-30T10:10,2033-10-30T14:10,4,scheduled,,2033-10-30T10:10,2033-11-07T15:20,4375000
RSCH-002529,JOB-000136,EVS360-002,IS520,inspection_and_service,Obukhovo,,,16,unscheduled,no_depot_window_before_deadline,2033-09-19T14:50,2033-11-07T15:20,4350000
RSCH-002530,JOB-002807,EVS360-039,IS100,inspection_and_service,Obukhovo,2033-11-05T21:20,2033-11-05T23:20,2,scheduled,,2033-11-05T21:20,2033-11-08T08:10,1787500
RSCH-002531,JOB-000716,EVS360-010,IS100,inspection_and_service,Obukhovo,2033-11-06T08:50,2033-11-06T10:50,2,scheduled,,2033-11-06T08:50,2033-11-08T12:35,4037500
RSCH-002532,JOB-002012,EVS360-028,IS100,inspection_and_service,Obukhovo,2033-11-07T20:10,2033-11-07T22:10,2,scheduled,,2033-11-07T09:35,2033-11-09T12:50,2537500
RSCH-002533,JOB-001291,EVS360-018,IS200,inspection_and_service,Obukhovo,2033-11-01T22:10,2033-11-02T02:10,4,scheduled,,2033-11-01T22:10,2033-11-10T10:10,3325000
RSCH-002534,JOB-001725,EVS360-024,IS200,inspection_and_service,Obukhovo,2033-11-02T08:10,2033-11-02T12:10,4,scheduled,,2033-11-02T08:10,2033-11-10T12:50,2800000
RSCH-002535,JOB-001797,EVS360-025,IS200,inspection_and_service,Obukhovo,2033-11-03T10:10,2033-11-03T14:10,4,scheduled,,2033-11-02T17:20,2033-11-10T13:20,2650000
RSCH-002536,JOB-000284,EVS360-004,IS200,inspection_and_service,Obukhovo,2033-11-02T16:50,2033-11-02T20:50,4,scheduled,,2033-11-02T16:50,2033-11-10T13:20,4075000
RSCH-002537,JOB-000282,EVS360-004,IS520,inspection_and_service,Obukhovo,,,16,unscheduled,no_depot_window_before_deadline,2033-09-22T12:50,2033-11-10T13:20,4050000
RSCH-002538,JOB-000357,EVS360-005,IS100,inspection_and_service,Obukhovo,2033-11-09T12:10,2033-11-09T14:10,2,scheduled,,2033-11-08T19:50,2033-11-10T23:20,3937500
RSCH-002539,JOB-002083,EVS360-029,IS200,inspection_and_service,Obukhovo,2033-11-04T13:50,2033-11-04T17:50,4,scheduled,,2033-11-03T21:20,2033-11-11T18:10,2375000
RSCH-002540,JOB-002587,EVS360-036,IS100,inspection_and_service,Obukhovo,2033-11-10T10:10,2033-11-10T12:10,2,scheduled,,2033-11-09T17:20,2033-11-11T21:20,1987500
RSCH-002541,JOB-001364,EVS360-019,IS200,inspection_and_service,Obukhovo,2033-11-04T09:20,2033-11-04T13:20,4,scheduled,,2033-11-04T09:20,2033-11-11T22:50,3350000
RSCH-002542,JOB-000932,EVS360-013,IS100,inspection_and_service,Obukhovo,2033-11-10T18:10,2033-11-10T20:10,2,scheduled,,2033-11-10T08:35,2033-11-12T11:50,3787500
RSCH-002543,JOB-002297,EVS360-032,IS100,inspection_and_service,Obukhovo,2033-11-10T08:35,2033-11-10T10:35,2,scheduled,,2033-11-10T08:35,2033-11-12T12:10,2212500
RSCH-002544,JOB-002442,EVS360-034,IS200,inspection_and_service,Obukhovo,2033-11-04T16:10,2033-11-04T20:10,4,scheduled,,2033-11-04T16:10,2033-11-12T12:50,2125000
RSCH-002545,JOB-001220,EVS360-017,IS100,inspection_and_service,Obukhovo,2033-11-11T22:10,2033-11-12T00:10,2,scheduled,,2033-11-11T22:10,2033-11-13T15:20,3262500
RSCH-002546,JOB-002370,EVS360-033,IS100,inspection_and_service,Obukhovo,2033-11-12T12:35,2033-11-12T14:35,2,scheduled,,2033-11-12T12:35,2033-11-14T16:10,2287500
RSCH-002547,JOB-002514,EVS360-035,IS200,inspection_and_service,Obukhovo,2033-11-06T21:20,2033-11-07T01:20,4,scheduled,,2033-11-06T10:50,2033-11-14T17:20,1975000
RSCH-002548,JOB-002512,EVS360-035,IS520,inspection_and_service,Obukhovo,,,16,unscheduled,no_depot_window_before_deadline,2033-09-26T16:50,2033-11-14T17:20,1950000
RSCH-002549,JOB-002661,EVS360-037,IS100,inspection_and_service,Obukhovo,2033-11-12T14:10,2033-11-12T16:10,2,scheduled,,2033-11-12T14:10,2033-11-14T18:50,1862500
RSCH-002550,JOB-000139,EVS360-002,IS100,inspection_and_service,Obukhovo,2033-11-12T16:10,2033-11-12T18:10,2,scheduled,,2033-11-12T16:10,2033-11-14T20:50,4387500
RSCH-002551,JOB-002155,EVS360-030,IS100,inspection_and_service,Obukhovo,2033-11-13T12:50,2033-11-13T14:50,2,scheduled,,2033-11-12T20:35,2033-11-15T00:10,2337500
RSCH-002552,JOB-001654,EVS360-023,IS200,inspection_and_service,Obukhovo,2033-11-07T16:50,2033-11-07T20:50,4,scheduled,,2033-11-07T16:50,2033-11-15T13:20,3050000
RSCH-002553,JOB-001869,EVS360-026,IS200,inspection_and_service,Obukhovo,2033-11-07T18:50,2033-11-07T22:50,4,scheduled,,2033-11-07T08:50,2033-11-15T14:50,2800000
RSCH-002554,JOB-002154,EVS360-030,IS510,inspection_and_service,Obukhovo,2033-10-26T15:50,2033-10-27T01:50,10,scheduled,,2033-10-22T17:20,2033-11-16T09:20,2325000
RSCH-002555,JOB-001076,EVS360-015,IS200,inspection_and_service,Obukhovo,2033-11-08T14:50,2033-11-08T18:50,4,scheduled,,2033-11-08T14:50,2033-11-16T11:50,3550000
RSCH-002556,JOB-001360,EVS360-019,IS530,inspection_and_service,Obukhovo,,,36,unscheduled,no_depot_window_before_deadline,2033-08-09T20:10,2033-11-16T13:20,3300000
RSCH-002557,JOB-000789,EVS360-011,IS200,inspection_and_service,Obukhovo,2033-11-08T12:50,2033-11-08T16:50,4,scheduled,,2033-11-08T12:50,2033-11-16T19:20,3725000
RSCH-002558,JOB-001148,EVS360-016,IS100,inspection_and_service,Obukhovo,2033-11-15T10:10,2033-11-15T12:10,2,scheduled,,2033-11-14T17:20,2033-11-16T21:20,3537500
RSCH-002559,JOB-000429,EVS360-006,IS200,inspection_and_service,Obukhovo,2033-11-09T12:35,2033-11-09T16:35,4,scheduled,,2033-11-08T20:10,2033-11-17T09:20,4300000
RSCH-002560,JOB-001147,EVS360-016,IS510,inspection_and_service,Obukhovo,2033-10-23T22:35,2033-10-24T08:35,10,scheduled,,2033-10-23T22:35,2033-11-17T13:50,3525000
RSCH-002561,JOB-001292,EVS360-018,IS100,inspection_and_service,Obukhovo,2033-11-15T11:20,2033-11-15T13:20,2,scheduled,,2033-11-15T11:20,2033-11-17T14:50,3337500
RSCH-002562,JOB-000285,EVS360-004,IS100,inspection_and_service,Obukhovo,2033-11-15T23:20,2033-11-16T01:20,2,scheduled,,2033-11-15T23:20,2033-11-17T17:20,4087500
RSCH-002563,JOB-001726,EVS360-024,IS100,inspection_and_service,Obukhovo,2033-11-15T13:50,2033-11-15T15:50,2,scheduled,,2033-11-15T13:50,2033-11-17T18:10,2812500
RSCH-002564,JOB-001798,EVS360-025,IS100,inspection_and_service,Obukhovo,2033-11-16T16:10,2033-11-16T18:10,2,scheduled,,2033-11-15T23:50,2033-11-17T18:50,2662500
RSCH-002565,JOB-000645,EVS360-009,IS200,inspection_and_service,Obukhovo,2033-11-10T15:50,2033-11-10T19:50,4,scheduled,,2033-11-09T23:20,2033-11-18T12:35,3925000
RSCH-002566,JOB-001510,EVS360-021,IS200,inspection_and_service,Obukhovo,2033-11-10T22:10,2033-11-11T02:10,4,scheduled,,2033-11-10T11:50,2033-11-18T18:50,3200000
RSCH-002567,JOB-001941,EVS360-027,IS200,inspection_and_service,Obukhovo,2033-11-11T08:10,2033-11-11T12:10,4,scheduled,,2033-11-10T14:10,2033-11-18T21:50,2725000
RSCH-002568,JOB-002084,EVS360-029,IS100,inspection_and_service,Obukhovo,2033-11-17T20:50,2033-11-17T22:50,2,scheduled,,2033-11-17T10:10,2033-11-18T22:35,2387500
RSCH-002569,JOB-001365,EVS360-019,IS100,inspection_and_service,Obukhovo,2033-11-17T15:20,2033-11-17T17:20,2,scheduled,,2033-11-17T15:20,2033-11-19T09:35,3362500
RSCH-002570,JOB-002227,EVS360-031,IS200,inspection_and_service,Obukhovo,2033-11-12T11:50,2033-11-12T15:50,4,scheduled,,2033-11-11T19:20,2033-11-19T14:50,2375000
RSCH-002571,JOB-002443,EVS360-034,IS100,inspection_and_service,Obukhovo,2033-11-17T22:50,2033-11-18T00:50,2,scheduled,,2033-11-17T22:50,2033-11-19T16:50,2137500
RSCH-002572,JOB-001005,EVS360-014,IS200,inspection_and_service,Obukhovo,2033-11-11T20:50,2033-11-12T00:50,4,scheduled,,2033-11-11T10:10,2033-11-19T16:50,3575000
RSCH-002573,JOB-002735,EVS360-038,IS100,inspection_and_service,Obukhovo,2033-11-18T08:10,2033-11-18T10:10,2,scheduled,,2033-11-18T08:10,2033-11-20T11:50,1887500
RSCH-002574,JOB-000067,EVS360-001,IS200,inspection_and_service,Obukhovo,2033-11-12T15:50,2033-11-12T19:50,4,scheduled,,2033-11-11T23:20,2033-11-20T12:35,4375000
RSCH-002575,JOB-000065,EVS360-001,IS520,inspection_and_service,Obukhovo,,,16,unscheduled,no_depot_window_before_deadline,2033-10-02T12:10,2033-11-20T12:35,4350000
RSCH-002576,JOB-000213,EVS360-003,IS100,inspection_and_service,Obukhovo,2033-11-19T11:50,2033-11-19T13:50,2,scheduled,,2033-11-18T19:20,2033-11-20T22:50,4212500
RSCH-002577,JOB-002734,EVS360-038,IS510,inspection_and_service,Obukhovo,2033-10-27T22:10,2033-10-28T08:10,10,scheduled,,2033-10-27T22:10,2033-11-21T13:20,1875000
RSCH-002578,JOB-002515,EVS360-035,IS100,inspection_and_service,Obukhovo,2033-11-20T10:10,2033-11-20T12:10,2,scheduled,,2033-11-19T17:20,2033-11-21T21:20,1987500
RSCH-002579,JOB-000861,EVS360-012,IS100,inspection_and_service,Obukhovo,2033-11-20T18:10,2033-11-20T20:10,2,scheduled,,2033-11-20T08:35,2033-11-22T11:50,3912500
RSCH-002580,JOB-001583,EVS360-022,IS100,inspection_and_service,Obukhovo,2033-11-20T22:50,2033-11-21T00:50,2,scheduled,,2033-11-20T12:35,2033-11-22T16:50,3087500
RSCH-002581,JOB-001655,EVS360-023,IS100,inspection_and_service,Obukhovo,2033-11-20T23:20,2033-11-21T01:20,2,scheduled,,2033-11-20T12:50,2033-11-22T17:20,3062500
RSCH-002582,JOB-001870,EVS360-026,IS100,inspection_and_service,Obukhovo,2033-11-21T08:10,2033-11-21T10:10,2,scheduled,,2033-11-20T14:10,2033-11-22T19:20,2812500
RSCH-002583,JOB-001077,EVS360-015,IS100,inspection_and_service,Obukhovo,2033-11-21T21:50,2033-11-21T23:50,2,scheduled,,2033-11-21T21:50,2033-11-23T14:50,3562500
RSCH-002584,JOB-001582,EVS360-022,IS510,inspection_and_service,Obukhovo,2033-10-30T22:35,2033-10-31T08:35,10,scheduled,,2033-10-30T09:50,2033-11-23T19:20,3075000
RSCH-002585,JOB-000790,EVS360-011,IS100,inspection_and_service,Obukhovo,2033-11-21T20:10,2033-11-21T22:10,2,scheduled,,2033-11-21T20:10,2033-11-23T23:20,3737500
RSCH-002586,JOB-000358,EVS360-005,IS200,inspection_and_service,Obukhovo,2033-11-15T23:50,2033-11-16T03:50,4,scheduled,,2033-11-15T23:50,2033-11-24T12:10,3950000
RSCH-002587,JOB-000430,EVS360-006,IS100,inspection_and_service,Obukhovo,2033-11-22T19:50,2033-11-22T21:50,2,scheduled,,2033-11-22T09:20,2033-11-24T12:35,4312500
RSCH-002588,JOB-001438,EVS360-020,IS100,inspection_and_service,Obukhovo,2033-11-23T08:50,2033-11-23T10:50,2,scheduled,,2033-11-23T08:50,2033-11-24T20:10,3087500
RSCH-002589,JOB-002588,EVS360-036,IS200,inspection_and_service,Obukhovo,2033-11-16T22:10,2033-11-17T02:10,4,scheduled,,2033-11-16T22:10,2033-11-25T10:10,2000000
RSCH-002590,JOB-001511,EVS360-021,IS100,inspection_and_service,Obukhovo,2033-11-24T11:20,2033-11-24T13:20,2,scheduled,,2033-11-23T18:50,2033-11-25T12:50,3212500
RSCH-002591,JOB-001942,EVS360-027,IS100,inspection_and_service,Obukhovo,2033-11-24T13:50,2033-11-24T15:50,2,scheduled,,2033-11-23T21:20,2033-11-25T15:50,2737500
RSCH-002592,JOB-000646,EVS360-009,IS100,inspection_and_service,Obukhovo,2033-11-23T22:35,2033-11-24T00:35,2,scheduled,,2033-11-23T12:10,2033-11-25T16:10,3937500
RSCH-002593,JOB-000933,EVS360-013,IS200,inspection_and_service,Obukhovo,2033-11-17T12:35,2033-11-17T16:35,4,scheduled,,2033-11-17T12:35,2033-11-25T18:50,3800000
RSCH-002594,JOB-002298,EVS360-032,IS200,inspection_and_service,Obukhovo,2033-11-17T22:10,2033-11-18T02:10,4,scheduled,,2033-11-17T11:50,2033-11-25T18:50,2225000
RSCH-002595,JOB-001437,EVS360-020,IS510,inspection_and_service,Obukhovo,2033-11-01T22:50,2033-11-02T08:50,10,scheduled,,2033-11-01T12:35,2033-11-25T21:50,3075000
RSCH-002596,JOB-000503,EVS360-007,IS100,inspection_and_service,Obukhovo,2033-11-24T23:20,2033-11-25T01:20,2,scheduled,,2033-11-24T12:50,2033-11-26T17:20,4137500
RSCH-002597,JOB-002228,EVS360-031,IS100,inspection_and_service,Obukhovo,2033-11-25T18:10,2033-11-25T20:10,2,scheduled,,2033-11-25T08:35,2033-11-26T20:35,2387500
RSCH-002598,JOB-001006,EVS360-014,IS100,inspection_and_service,Obukhovo,2033-11-25T09:50,2033-11-25T11:50,2,scheduled,,2033-11-24T16:50,2033-11-26T20:50,3587500
RSCH-002599,JOB-001221,EVS360-017,IS200,inspection_and_service,Obukhovo,2033-11-19T18:50,2033-11-19T22:50,4,scheduled,,2033-11-19T08:50,2033-11-26T22:10,3275000
RSCH-002600,JOB-000575,EVS360-008,IS100,inspection_and_service,Obukhovo,2033-11-26T08:50,2033-11-26T10:50,2,scheduled,,2033-11-25T15:20,2033-11-27T10:50,4212500
RSCH-002601,JOB-002371,EVS360-033,IS200,inspection_and_service,Obukhovo,2033-11-20T09:20,2033-11-20T13:20,4,scheduled,,2033-11-19T16:10,2033-11-27T12:35,2300000
RSCH-002602,JOB-000068,EVS360-001,IS100,inspection_and_service,Obukhovo,2033-11-25T22:35,2033-11-26T00:35,2,scheduled,,2033-11-25T12:10,2033-11-27T16:10,4387500
RSCH-002603,JOB-000502,EVS360-007,IS510,inspection_and_service,Obukhovo,2033-11-02T18:50,2033-11-03T04:50,10,scheduled,,2033-11-02T18:50,2033-11-27T19:50,4125000
RSCH-002604,JOB-000140,EVS360-002,IS200,inspection_and_service,Obukhovo,2033-11-20T12:50,2033-11-20T16:50,4,scheduled,,2033-11-19T20:35,2033-11-28T09:50,4400000
RSCH-002605,JOB-000354,EVS360-005,IS530,inspection_and_service,Obukhovo,,,36,unscheduled,no_depot_window_before_deadline,2033-08-21T17:20,2033-11-28T11:20,3900000
RSCH-002606,JOB-002156,EVS360-030,IS200,inspection_and_service,Obukhovo,2033-11-20T08:10,2033-11-20T12:10,4,scheduled,,2033-11-20T08:10,2033-11-28T12:50,2350000
RSCH-002607,JOB-002809,EVS360-039,IS100,inspection_and_service,Obukhovo,2033-11-26T23:50,2033-11-27T01:50,2,scheduled,,2033-11-26T13:20,2033-11-28T18:10,1812500
RSCH-002608,JOB-000718,EVS360-010,IS100,inspection_and_service,Obukhovo,2033-11-27T11:50,2033-11-27T13:50,2,scheduled,,2033-11-26T19:20,2033-11-28T22:50,4062500
RSCH-002609,JOB-000421,EVS360-006,IS540,inspection_and_service,Obukhovo,,,56,unscheduled,no_depot_window_before_deadline,2033-05-16T09:50,2033-11-29T13:20,4200000
RSCH-002610,JOB-002014,EVS360-028,IS100,inspection_and_service,Obukhovo,2033-11-27T20:50,2033-11-27T22:50,2,scheduled,,2033-11-27T20:50,2033-11-29T13:50,2562500
RSCH-002611,JOB-001149,EVS360-016,IS200,inspection_and_service,Obukhovo,2033-11-21T22:10,2033-11-22T02:10,4,scheduled,,2033-11-21T22:10,2033-11-30T10:10,3550000
RSCH-002612,JOB-001293,EVS360-018,IS200,inspection_and_service,Obukhovo,2033-11-23T08:10,2033-11-23T12:10,4,scheduled,,2033-11-22T14:10,2033-11-30T21:50,3350000
RSCH-002613,JOB-000286,EVS360-004,IS200,inspection_and_service,Obukhovo,2033-11-22T18:10,2033-11-22T22:10,4,scheduled,,2033-11-22T18:10,2033-11-30T23:50,4100000
RSCH-002614,JOB-000359,EVS360-005,IS100,inspection_and_service,Obukhovo,2033-11-29T12:50,2033-11-29T14:50,2,scheduled,,2033-11-29T12:50,2033-12-01T00:10,3962500
RSCH-002615,JOB-001727,EVS360-024,IS200,inspection_and_service,Obukhovo,2033-11-23T10:50,2033-11-23T14:50,4,scheduled,,2033-11-22T18:10,2033-12-01T00:10,2825000
RSCH-002616,JOB-001799,EVS360-025,IS200,inspection_and_service,Obukhovo,2033-11-23T11:20,2033-11-23T15:20,4,scheduled,,2033-11-23T11:20,2033-12-01T08:10,2675000
RSCH-002617,JOB-002589,EVS360-036,IS100,inspection_and_service,Obukhovo,2033-11-30T11:20,2033-11-30T13:20,2,scheduled,,2033-11-30T11:20,2033-12-02T14:50,2012500
RSCH-002618,JOB-002299,EVS360-032,IS100,inspection_and_service,Obukhovo,2033-12-01T11:20,2033-12-01T13:20,2,scheduled,,2033-11-30T18:50,2033-12-02T22:10,2237500
RSCH-002619,JOB-000934,EVS360-013,IS100,inspection_and_service,Obukhovo,2033-11-30T19:50,2033-11-30T21:50,2,scheduled,,2033-11-30T19:50,2033-12-02T22:50,3812500
RSCH-002620,JOB-002444,EVS360-034,IS200,inspection_and_service,Obukhovo,2033-11-24T17:20,2033-11-24T21:20,4,scheduled,,2033-11-24T17:20,2033-12-02T23:20,2150000
RSCH-002621,JOB-002736,EVS360-038,IS200,inspection_and_service,Obukhovo,2033-11-25T21:50,2033-11-26T01:50,4,scheduled,,2033-11-25T11:20,2033-12-03T18:10,1900000
RSCH-002622,JOB-001222,EVS360-017,IS100,inspection_and_service,Obukhovo,2033-12-03T08:10,2033-12-03T10:10,2,scheduled,,2033-12-02T14:10,2033-12-04T09:50,3287500
RSCH-002623,JOB-000214,EVS360-003,IS200,inspection_and_service,Obukhovo,2033-11-25T23:20,2033-11-26T03:20,4,scheduled,,2033-11-25T23:20,2033-12-04T11:50,4225000
RSCH-002624,JOB-002372,EVS360-033,IS100,inspection_and_service,Obukhovo,2033-12-03T15:20,2033-12-03T17:20,2,scheduled,,2033-12-02T22:50,2033-12-04T17:20,2312500
RSCH-002625,JOB-001289,EVS360-018,IS530,inspection_and_service,Obukhovo,,,36,unscheduled,no_depot_window_before_deadline,2033-08-28T09:20,2033-12-04T19:50,3300000
RSCH-002626,JOB-002516,EVS360-035,IS200,inspection_and_service,Obukhovo,2033-11-26T22:10,2033-11-27T02:10,4,scheduled,,2033-11-26T22:10,2033-12-05T10:10,2000000
RSCH-002627,JOB-002663,EVS360-037,IS100,inspection_and_service,Obukhovo,2033-12-03T17:20,2033-12-03T19:20,2,scheduled,,2033-12-03T08:10,2033-12-05T11:20,1887500
RSCH-002628,JOB-000141,EVS360-002,IS100,inspection_and_service,Obukhovo,2033-12-03T20:10,2033-12-03T22:10,2,scheduled,,2033-12-03T09:35,2033-12-05T12:50,4412500
RSCH-002629,JOB-002157,EVS360-030,IS100,inspection_and_service,Obukhovo,2033-12-03T13:50,2033-12-03T15:50,2,scheduled,,2033-12-03T13:50,2033-12-05T18:10,2362500
RSCH-002630,JOB-000862,EVS360-012,IS200,inspection_and_service,Obukhovo,2033-11-27T12:35,2033-11-27T16:35,4,scheduled,,2033-11-27T12:35,2033-12-05T18:50,3925000
RSCH-002631,JOB-002662,EVS360-037,IS510,inspection_and_service,Obukhovo,2033-11-13T16:10,2033-11-14T02:10,10,scheduled,,2033-11-11T12:35,2033-12-05T21:50,1875000
RSCH-002632,JOB-001584,EVS360-022,IS200,inspection_and_service,Obukhovo,2033-11-27T17:20,2033-11-27T21:20,4,scheduled,,2033-11-27T17:20,2033-12-05T23:20,3100000
RSCH-002633,JOB-001871,EVS360-026,IS200,inspection_and_service,Obukhovo,2033-11-27T20:10,2033-11-28T00:10,4,scheduled,,2033-11-27T20:10,2033-12-06T08:35,2825000
RSCH-002634,JOB-001078,EVS360-015,IS200,inspection_and_service,Obukhovo,2033-11-29T18:10,2033-11-29T22:10,4,scheduled,,2033-11-29T08:35,2033-12-06T21:50,3575000
RSCH-002635,JOB-001150,EVS360-016,IS100,inspection_and_service,Obukhovo,2033-12-05T11:20,2033-12-05T13:20,2,scheduled,,2033-12-05T11:20,2033-12-06T22:10,3562500
RSCH-002636,JOB-002440,EVS360-034,IS530,inspection_and_service,Obukhovo,,,36,unscheduled,no_depot_window_before_deadline,2033-08-30T21:20,2033-12-06T22:10,2100000
RSCH-002637,JOB-000431,EVS360-006,IS200,inspection_and_service,Obukhovo,2033-11-29T13:20,2033-11-29T17:20,4,scheduled,,2033-11-29T13:20,2033-12-07T10:10,4325000
RSCH-002638,JOB-001294,EVS360-018,IS100,inspection_and_service,Obukhovo,2033-12-06T13:50,2033-12-06T15:50,2,scheduled,,2033-12-05T21:20,2033-12-07T15:50,3362500
RSCH-002639,JOB-001439,EVS360-020,IS200,inspection_and_service,Obukhovo,2033-11-29T20:50,2033-11-30T00:50,4,scheduled,,2033-11-29T20:50,2033-12-08T09:20,3100000
RSCH-002640,JOB-001728,EVS360-024,IS100,inspection_and_service,Obukhovo,2033-12-06T16:50,2033-12-06T18:50,2,scheduled,,2033-12-06T00:10,2033-12-08T10:50,2837500
RSCH-002641,JOB-001800,EVS360-025,IS100,inspection_and_service,Obukhovo,2033-12-06T17:20,2033-12-06T19:20,2,scheduled,,2033-12-06T08:10,2033-12-08T11:20,2687500
RSCH-002642,JOB-000287,EVS360-004,IS100,inspection_and_service,Obukhovo,2033-12-06T00:10,2033-12-06T02:10,2,scheduled,,2033-12-06T00:10,2033-12-08T11:20,4112500
RSCH-002643,JOB-001943,EVS360-027,IS200,inspection_and_service,Obukhovo,2033-12-01T08:50,2033-12-01T12:50,4,scheduled,,2033-12-01T08:50,2033-12-08T22:35,2750000
RSCH-002644,JOB-000647,EVS360-009,IS200,inspection_and_service,Obukhovo,2033-11-30T16:50,2033-11-30T20:50,4,scheduled,,2033-11-30T16:50,2033-12-08T22:50,3950000
RSCH-002645,JOB-002086,EVS360-029,IS100,inspection_and_service,Obukhovo,2033-12-07T21:50,2033-12-07T23:50,2,scheduled,,2033-12-07T11:20,2033-12-09T14:50,2412500
RSCH-002646,JOB-001367,EVS360-019,IS100,inspection_and_service,Obukhovo,2033-12-07T16:10,2033-12-07T18:10,2,scheduled,,2033-12-07T16:10,2033-12-09T20:50,3387500
RSCH-002647,JOB-000504,EVS360-007,IS200,inspection_and_service,Obukhovo,2033-12-01T18:10,2033-12-01T22:10,4,scheduled,,2033-12-01T18:10,2033-12-09T23:50,4150000
RSCH-002648,JOB-002445,EVS360-034,IS100,inspection_and_service,Obukhovo,2033-12-07T23:50,2033-12-08T01:50,2,scheduled,,2033-12-07T23:50,2033-12-10T10:50,2162500
RSCH-002649,JOB-000576,EVS360-008,IS200,inspection_and_service,Obukhovo,2033-12-02T20:50,2033-12-03T00:50,4,scheduled,,2033-12-02T20:50,2033-12-10T16:50,4225000
RSCH-002650,JOB-002737,EVS360-038,IS100,inspection_and_service,Obukhovo,2033-12-09T10:50,2033-12-09T12:50,2,scheduled,,2033-12-08T18:10,2033-12-10T21:50,1912500
RSCH-002651,JOB-001366,EVS360-019,IS510,inspection_and_service,Obukhovo,2033-11-17T17:20,2033-11-18T03:20,10,scheduled,,2033-11-16T13:20,2033-12-10T22:35,3375000
RSCH-002652,JOB-000069,EVS360-001,IS200,inspection_and_service,Obukhovo,2033-12-02T16:50,2033-12-02T20:50,4,scheduled,,2033-12-02T16:50,2033-12-10T22:50,4400000
RSCH-002653,JOB-000215,EVS360-003,IS100,inspection_and_service,Obukhovo,2033-12-09T12:35,2033-12-09T14:35,2,scheduled,,2033-12-09T12:35,2033-12-11T16:10,4237500
RSCH-002654,JOB-000719,EVS360-010,IS200,inspection_and_service,Obukhovo,2033-12-03T23:20,2033-12-04T03:20,4,scheduled,,2033-12-03T23:20,2033-12-11T20:35,4075000
RSCH-002655,JOB-000717,EVS360-010,IS520,inspection_and_service,Obukhovo,,,16,unscheduled,no_depot_window_before_deadline,2033-10-23T20:10,2033-12-11T20:35,4050000
RSCH-002656,JOB-002810,EVS360-039,IS200,inspection_and_service,Obukhovo,2033-12-03T18:50,2033-12-03T22:50,4,scheduled,,2033-12-03T18:50,2033-12-12T00:10,1825000
RSCH-002657,JOB-000863,EVS360-012,IS100,inspection_and_service,Obukhovo,2033-12-10T19:50,2033-12-10T21:50,2,scheduled,,2033-12-10T19:50,2033-12-12T12:35,3937500
RSCH-002658,JOB-002517,EVS360-035,IS100,inspection_and_service,Obukhovo,2033-12-10T11:20,2033-12-10T13:20,2,scheduled,,2033-12-10T11:20,2033-12-12T14:50,2012500
RSCH-002659,JOB-002015,EVS360-028,IS200,inspection_and_service,Obukhovo,2033-12-05T16:50,2033-12-05T20:50,4,scheduled,,2033-12-05T00:10,2033-12-12T20:50,2575000
RSCH-002660,JOB-002013,EVS360-028,IS520,inspection_and_service,Obukhovo,,,16,unscheduled,no_depot_window_before_deadline,2033-10-24T20:35,2033-12-12T20:50,2550000
RSCH-002661,JOB-000643,EVS360-009,IS530,inspection_and_service,Obukhovo,,,36,unscheduled,no_depot_window_before_deadline,2033-09-05T10:10,2033-12-12T21:50,3900000
RSCH-002662,JOB-001585,EVS360-022,IS100,inspection_and_service,Obukhovo,2033-12-10T23:50,2033-12-11T01:50,2,scheduled,,2033-12-10T23:50,2033-12-13T10:50,3112500
RSCH-002663,JOB-001657,EVS360-023,IS100,inspection_and_service,Obukhovo,2033-12-11T00:10,2033-12-11T02:10,2,scheduled,,2033-12-11T00:10,2033-12-13T11:20,3087500
RSCH-002664,JOB-001872,EVS360-026,IS100,inspection_and_service,Obukhovo,2033-12-11T08:50,2033-12-11T10:50,2,scheduled,,2033-12-11T08:50,2033-12-13T12:35,2837500
RSCH-002665,JOB-001939,EVS360-027,IS530,inspection_and_service,Obukhovo,,,36,unscheduled,no_depot_window_before_deadline,2033-09-05T19:50,2033-12-13T12:50,2700000
RSCH-002666,JOB-001079,EVS360-015,IS100,inspection_and_service,Obukhovo,2033-12-11T22:35,2033-12-12T00:35,2,scheduled,,2033-12-11T22:35,2033-12-14T09:20,3587500
RSCH-002667,JOB-001656,EVS360-023,IS510,inspection_and_service,Obukhovo,2033-11-19T21:50,2033-11-20T07:50,10,scheduled,,2033-11-19T21:50,2033-12-14T12:50,3075000
RSCH-002668,JOB-000432,EVS360-006,IS100,inspection_and_service,Obukhovo,2033-12-12T20:35,2033-12-12T22:35,2,scheduled,,2033-12-12T20:35,2033-12-14T13:20,4337500
RSCH-002669,JOB-000792,EVS360-011,IS100,inspection_and_service,Obukhovo,2033-12-12T22:35,2033-12-13T00:35,2,scheduled,,2033-12-12T12:10,2033-12-14T16:10,3762500
RSCH-002670,JOB-001440,EVS360-020,IS100,inspection_and_service,Obukhovo,2033-12-13T09:50,2033-12-13T11:50,2,scheduled,,2033-12-13T09:50,2033-12-15T13:20,3112500
RSCH-002671,JOB-002728,EVS360-038,IS540,inspection_and_service,Obukhovo,,,56,unscheduled,no_depot_window_before_deadline,2033-06-02T10:10,2033-12-15T22:35,1800000
RSCH-002672,JOB-001513,EVS360-021,IS100,inspection_and_service,Obukhovo,2033-12-14T12:10,2033-12-14T14:10,2,scheduled,,2033-12-14T12:10,2033-12-15T23:20,3237500
RSCH-002673,JOB-001944,EVS360-027,IS100,inspection_and_service,Obukhovo,2033-12-14T14:50,2033-12-14T16:50,2,scheduled,,2033-12-14T14:50,2033-12-16T09:20,2762500
RSCH-002674,JOB-000648,EVS360-009,IS100,inspection_and_service,Obukhovo,2033-12-13T23:20,2033-12-14T01:20,2,scheduled,,2033-12-13T23:20,2033-12-16T10:10,3962500
RSCH-002675,JOB-001008,EVS360-014,IS100,inspection_and_service,Obukhovo,2033-12-15T10:50,2033-12-15T12:50,2,scheduled,,2033-12-15T10:50,2033-12-16T21:50,3612500
RSCH-002676,JOB-001512,EVS360-021,IS510,inspection_and_service,Obukhovo,2033-11-27T16:50,2033-11-28T02:50,10,scheduled,,2033-11-22T16:10,2033-12-17T08:35,3225000
RSCH-002677,JOB-000505,EVS360-007,IS100,inspection_and_service,Obukhovo,2033-12-15T00:10,2033-12-15T02:10,2,scheduled,,2033-12-15T00:10,2033-12-17T11:20,4162500
RSCH-002678,JOB-002230,EVS360-031,IS100,inspection_and_service,Obukhovo,2033-12-15T19:50,2033-12-15T21:50,2,scheduled,,2033-12-15T09:20,2033-12-17T12:35,2412500
RSCH-002679,JOB-000577,EVS360-008,IS100,inspection_and_service,Obukhovo,2033-12-16T09:50,2033-12-16T11:50,2,scheduled,,2033-12-16T09:50,2033-12-17T20:50,4237500
RSCH-002680,JOB-000070,EVS360-001,IS100,inspection_and_service,Obukhovo,2033-12-15T23:20,2033-12-16T01:20,2,scheduled,,2033-12-15T23:20,2033-12-18T10:10,4412500
RSCH-002681,JOB-001576,EVS360-022,IS540,inspection_and_service,Obukhovo,,,56,unscheduled,no_depot_window_before_deadline,2033-06-04T16:10,2033-12-18T10:10,3000000
RSCH-002682,JOB-002664,EVS360-037,IS200,inspection_and_service,Obukhovo,2033-12-10T12:10,2033-12-10T16:10,4,scheduled,,2033-12-10T12:10,2033-12-18T18:10,1900000
RSCH-002683,JOB-000720,EVS360-010,IS100,inspection_and_service,Obukhovo,2033-12-17T12:35,2033-12-17T14:35,2,scheduled,,2033-12-17T12:35,2033-12-18T23:50,4087500
RSCH-002684,JOB-002158,EVS360-030,IS200,inspection_and_service,Obukhovo,2033-12-11T10:50,2033-12-11T14:50,4,scheduled,,2033-12-10T18:10,2033-12-19T00:10,2375000
RSCH-002685,JOB-002811,EVS360-039,IS100,inspection_and_service,Obukhovo,2033-12-17T08:10,2033-12-17T10:10,2,scheduled,,2033-12-17T08:10,2033-12-19T11:50,1837500
RSCH-002686,JOB-002016,EVS360-028,IS100,inspection_and_service,Obukhovo,2033-12-18T23:20,2033-12-19T01:20,2,scheduled,,2033-12-18T12:50,2033-12-20T08:35,2587500
RSCH-002687,JOB-001151,EVS360-016,IS200,inspection_and_service,Obukhovo,2033-12-13T08:10,2033-12-13T12:10,4,scheduled,,2033-12-12T14:10,2033-12-20T11:20,3575000
RSCH-002688,JOB-001431,EVS360-020,IS540,inspection_and_service,Obukhovo,,,56,unscheduled,no_depot_window_before_deadline,2033-06-06T20:10,2033-12-20T12:50,3000000
RSCH-002689,JOB-000361,EVS360-005,IS100,inspection_and_service,Obukhovo,2033-12-20T15:50,2033-12-20T17:50,2,scheduled,,2033-12-19T23:20,2033-12-21T18:10,3987500
RSCH-002690,JOB-000360,EVS360-005,IS510,inspection_and_service,Obukhovo,2033-12-01T16:50,2033-12-02T02:50,10,scheduled,,2033-11-28T11:20,2033-12-22T20:35,3975000
RSCH-002691,JOB-002087,EVS360-029,IS200,inspection_and_service,Obukhovo,2033-12-14T15:50,2033-12-14T19:50,4,scheduled,,2033-12-14T15:50,2033-12-22T21:50,2425000
RSCH-002692,JOB-002301,EVS360-032,IS100,inspection_and_service,Obukhovo,2033-12-21T12:10,2033-12-21T14:10,2,scheduled,,2033-12-21T12:10,2033-12-22T23:20,2262500
RSCH-002693,JOB-002591,EVS360-036,IS100,inspection_and_service,Obukhovo,2033-12-21T13:50,2033-12-21T15:50,2,scheduled,,2033-12-20T21:20,2033-12-23T08:35,2037500
RSCH-002694,JOB-001368,EVS360-019,IS200,inspection_and_service,Obukhovo,2033-12-15T12:50,2033-12-15T16:50,4,scheduled,,2033-12-14T20:35,2033-12-23T09:50,3400000
RSCH-002695,JOB-000936,EVS360-013,IS100,inspection_and_service,Obukhovo,2033-12-21T22:10,2033-12-22T00:10,2,scheduled,,2033-12-21T11:50,2033-12-23T15:20,3837500
RSCH-002696,JOB-002590,EVS360-036,IS510,inspection_and_service,Obukhovo,2033-12-03T16:50,2033-12-04T02:50,10,scheduled,,2033-11-29T09:20,2033-12-23T18:10,2025000
RSCH-002697,JOB-000935,EVS360-013,IS510,inspection_and_service,Obukhovo,2033-11-29T16:50,2033-11-30T02:50,10,scheduled,,2033-11-29T16:50,2033-12-24T08:50,3825000
RSCH-002698,JOB-000917,EVS360-013,IS600,revision,Obukhovo,,,384,unscheduled,no_depot_window_before_deadline,2032-11-25T20:35,2033-12-24T08:50,3600000
RSCH-002699,JOB-002738,EVS360-038,IS200,inspection_and_service,Obukhovo,2033-12-15T22:35,2033-12-16T02:35,4,scheduled,,2033-12-15T22:35,2033-12-24T10:50,1925000
RSCH-002700,JOB-001224,EVS360-017,IS100,inspection_and_service,Obukhovo,2033-12-23T08:50,2033-12-23T10:50,2,scheduled,,2033-12-22T15:20,2033-12-24T20:10,3312500
RSCH-002701,JOB-000216,EVS360-003,IS200,inspection_and_service,Obukhovo,2033-12-17T09:20,2033-12-17T13:20,4,scheduled,,2033-12-16T16:10,2033-12-24T22:50,4250000
RSCH-002702,JOB-002374,EVS360-033,IS100,inspection_and_service,Obukhovo,2033-12-23T16:10,2033-12-23T18:10,2,scheduled,,2033-12-22T23:50,2033-12-25T10:10,2337500
RSCH-002703,JOB-002665,EVS360-037,IS100,inspection_and_service,Obukhovo,2033-12-23T18:50,2033-12-23T20:50,2,scheduled,,2033-12-23T18:50,2033-12-25T12:10,1912500
RSCH-002704,JOB-000864,EVS360-012,IS200,inspection_and_service,Obukhovo,2033-12-18T15:20,2033-12-18T19:20,4,scheduled,,2033-12-17T22:50,2033-12-25T19:50,3950000
RSCH-002705,JOB-000143,EVS360-002,IS100,inspection_and_service,Obukhovo,2033-12-23T20:50,2033-12-23T22:50,2,scheduled,,2033-12-23T20:50,2033-12-26T00:10,4437500
RSCH-002706,JOB-002159,EVS360-030,IS100,inspection_and_service,Obukhovo,2033-12-24T16:50,2033-12-24T18:50,2,scheduled,,2033-12-24T00:10,2033-12-26T10:50,2387500
RSCH-002707,JOB-002373,EVS360-033,IS510,inspection_and_service,Obukhovo,2033-12-03T17:20,2033-12-04T03:20,10,scheduled,,2033-12-01T20:50,2033-12-26T12:10,2325000
RSCH-002708,JOB-000142,EVS360-002,IS510,inspection_and_service,Obukhovo,2033-12-02T17:20,2033-12-03T03:20,10,scheduled,,2033-12-02T08:10,2033-12-26T16:10,4425000
RSCH-002709,JOB-001586,EVS360-022,IS200,inspection_and_service,Obukhovo,2033-12-18T20:50,2033-12-19T00:50,4,scheduled,,2033-12-18T10:10,2033-12-26T16:50,3125000
RSCH-002710,JOB-001658,EVS360-023,IS200,inspection_and_service,Obukhovo,2033-12-18T21:20,2033-12-19T01:20,4,scheduled,,2033-12-18T10:50,2033-12-26T17:20,3100000
RSCH-002711,JOB-001152,EVS360-016,IS100,inspection_and_service,Obukhovo,2033-12-26T13:50,2033-12-26T15:50,2,scheduled,,2033-12-25T21:20,2033-12-27T15:50,3587500
RSCH-002712,JOB-000793,EVS360-011,IS200,inspection_and_service,Obukhovo,2033-12-19T16:50,2033-12-19T20:50,4,scheduled,,2033-12-19T16:50,2033-12-27T22:50,3775000
RSCH-002713,JOB-000791,EVS360-011,IS520,inspection_and_service,Obukhovo,,,16,unscheduled,no_depot_window_before_deadline,2033-11-08T12:50,2033-12-27T22:50,3750000
RSCH-002714,JOB-001296,EVS360-018,IS100,inspection_and_service,Obukhovo,2033-12-26T14:50,2033-12-26T16:50,2,scheduled,,2033-12-26T14:50,2033-12-28T09:20,3387500
RSCH-002715,JOB-001730,EVS360-024,IS100,inspection_and_service,Obukhovo,2033-12-26T18:10,2033-12-26T20:10,2,scheduled,,2033-12-26T18:10,2033-12-28T11:50,2862500
RSCH-002716,JOB-001441,EVS360-020,IS200,inspection_and_service,Obukhovo,2033-12-20T23:20,2033-12-21T03:20,4,scheduled,,2033-12-20T12:50,2033-12-28T20:35,3125000
RSCH-002717,JOB-000289,EVS360-004,IS100,inspection_and_service,Obukhovo,2033-12-27T10:10,2033-12-27T12:10,2,scheduled,,2033-12-26T17:20,2033-12-28T21:20,4137500
RSCH-002718,JOB-001802,EVS360-025,IS100,inspection_and_service,Obukhovo,2033-12-26T18:50,2033-12-26T20:50,2,scheduled,,2033-12-26T18:50,2033-12-28T22:35,2712500
RSCH-002719,JOB-001295,EVS360-018,IS510,inspection_and_service,Obukhovo,2033-12-07T15:50,2033-12-08T01:50,10,scheduled,,2033-12-04T19:50,2033-12-29T10:50,3375000
RSCH-002720,JOB-001514,EVS360-021,IS200,inspection_and_service,Obukhovo,2033-12-20T23:50,2033-12-21T03:50,4,scheduled,,2033-12-20T23:50,2033-12-29T12:10,3250000
RSCH-002721,JOB-000288,EVS360-004,IS510,inspection_and_service,Obukhovo,2033-12-04T22:35,2033-12-05T08:35,10,scheduled,,2033-12-04T22:35,2033-12-29T23:20,4125000
RSCH-002722,JOB-000506,EVS360-007,IS200,inspection_and_service,Obukhovo,2033-12-22T21:20,2033-12-23T01:20,4,scheduled,,2033-12-22T10:50,2033-12-30T08:10,4175000
RSCH-002723,JOB-002088,EVS360-029,IS100,inspection_and_service,Obukhovo,2033-12-27T22:35,2033-12-28T00:35,2,scheduled,,2033-12-27T22:35,2033-12-30T09:20,2437500
RSCH-002724,JOB-000860,EVS360-012,IS530,inspection_and_service,Obukhovo,,,36,unscheduled,no_depot_window_before_deadline,2033-09-22T16:50,2033-12-30T09:50,3900000
RSCH-002725,JOB-001009,EVS360-014,IS200,inspection_and_service,Obukhovo,2033-12-23T00:10,2033-12-23T04:10,4,scheduled,,2033-12-22T13:50,2033-12-30T10:50,3625000
RSCH-002726,JOB-001369,EVS360-019,IS100,inspection_and_service,Obukhovo,2033-12-28T20:10,2033-12-28T22:10,2,scheduled,,2033-12-28T09:35,2033-12-30T12:50,3412500
RSCH-002727,JOB-002231,EVS360-031,IS200,inspection_and_service,Obukhovo,2033-12-22T13:20,2033-12-22T17:20,4,scheduled,,2033-12-22T13:20,2033-12-30T19:50,2425000
RSCH-002728,JOB-002447,EVS360-034,IS100,inspection_and_service,Obukhovo,2033-12-29T09:50,2033-12-29T11:50,2,scheduled,,2033-12-28T16:50,2033-12-30T20:50,2187500
RSCH-002729,JOB-002656,EVS360-037,IS540,inspection_and_service,Obukhovo,,,56,unscheduled,no_depot_window_before_deadline,2033-06-16T18:50,2033-12-30T22:10,1800000
RSCH-002730,JOB-000578,EVS360-008,IS200,inspection_and_service,Obukhovo,2033-12-23T23:20,2033-12-24T03:20,4,scheduled,,2033-12-23T12:50,2033-12-31T09:50,4250000
RSCH-002731,JOB-002739,EVS360-038,IS100,inspection_and_service,Obukhovo,2033-12-29T11:50,2033-12-29T13:50,2,scheduled,,2033-12-29T11:50,2033-12-31T15:20,1937500
RSCH-002732,JOB-002446,EVS360-034,IS510,inspection_and_service,Obukhovo,2033-12-06T22:10,2033-12-07T08:10,10,scheduled,,2033-12-06T22:10,2033-12-31T22:50,2175000
RSCH-002733,JOB-000217,EVS360-003,IS100,inspection_and_service,Obukhovo,2033-12-30T15:20,2033-12-30T17:20,2,scheduled,,2033-12-29T22:50,2034-01-01T09:35,4262500
RSCH-002734,JOB-000721,EVS360-010,IS200,inspection_and_service,Obukhovo,2033-12-25T09:20,2033-12-25T13:20,4,scheduled,,2033-12-24T16:10,2034-01-01T12:35,4100000
RSCH-002735,JOB-002812,EVS360-039,IS200,inspection_and_service,Obukhovo,2033-12-24T21:50,2033-12-25T01:50,4,scheduled,,2033-12-24T11:20,2034-01-01T18:10,1850000
RSCH-002736,JOB-000865,EVS360-012,IS100,inspection_and_service,Obukhovo,2033-12-31T22:10,2034-01-01T00:10,2,scheduled,,2033-12-31T11:50,2034-01-01T23:50,3962500
RSCH-002737,JOB-002519,EVS360-035,IS100,inspection_and_service,Obukhovo,2033-12-31T13:50,2033-12-31T15:50,2,scheduled,,2033-12-30T21:20,2034-01-02T08:35,2037500
RSCH-002738,JOB-002017,EVS360-028,IS200,inspection_and_service,Obukhovo,2033-12-25T18:10,2033-12-25T22:10,4,scheduled,,2033-12-25T08:35,2034-01-02T14:10,2600000
RSCH-002739,JOB-002518,EVS360-035,IS510,inspection_and_service,Obukhovo,2033-12-13T16:50,2033-12-14T02:50,10,scheduled,,2033-12-09T09:20,2034-01-02T18:10,2025000
RSCH-002740,JOB-001587,EVS360-022,IS100,inspection_and_service,Obukhovo,2034-01-01T09:50,2034-01-01T11:50,2,scheduled,,2033-12-31T16:50,2034-01-02T20:50,3137500
RSCH-002741,JOB-001659,EVS360-023,IS100,inspection_and_service,Obukhovo,2034-01-01T10:10,2034-01-01T12:10,2,scheduled,,2033-12-31T17:20,2034-01-02T21:20,3112500
RSCH-002742,JOB-001874,EVS360-026,IS100,inspection_and_service,Obukhovo,2034-01-01T11:50,2034-01-01T13:50,2,scheduled,,2033-12-31T19:20,2034-01-02T22:50,2862500
RSCH-002743,JOB-001081,EVS360-015,IS100,inspection_and_service,Obukhovo,2034-01-02T08:35,2034-01-02T10:35,2,scheduled,,2034-01-01T14:50,2034-01-03T19:50,3612500
RSCH-002744,JOB-000362,EVS360-005,IS200,inspection_and_service,Obukhovo,2033-12-27T10:50,2033-12-27T14:50,4,scheduled,,2033-12-26T18:10,2034-01-04T00:10,4000000
RSCH-002745,JOB-000434,EVS360-006,IS100,inspection_and_service,Obukhovo,2034-01-01T21:20,2034-01-01T23:20,2,scheduled,,2034-01-01T21:20,2034-01-04T08:10,4362500
RSCH-002746,JOB-000794,EVS360-011,IS100,inspection_and_service,Obukhovo,2034-01-01T23:20,2034-01-02T01:20,2,scheduled,,2034-01-01T23:20,2034-01-04T10:10,3787500
RSCH-002747,JOB-002592,EVS360-036,IS200,inspection_and_service,Obukhovo,2033-12-28T08:50,2033-12-28T12:50,4,scheduled,,2033-12-28T08:50,2034-01-04T22:35,2050000
RSCH-002748,JOB-001442,EVS360-020,IS100,inspection_and_service,Obukhovo,2034-01-03T12:35,2034-01-03T14:35,2,scheduled,,2034-01-02T20:10,2034-01-04T23:50,3137500
RSCH-002749,JOB-000650,EVS360-009,IS100,inspection_and_service,Obukhovo,2034-01-04T09:20,2034-01-04T11:20,2,scheduled,,2034-01-03T16:10,2034-01-05T11:20,3987500
RSCH-002750,JOB-002302,EVS360-032,IS200,inspection_and_service,Obukhovo,2033-12-29T08:50,2033-12-29T12:50,4,scheduled,,2033-12-28T15:20,2034-01-05T12:10,2275000
RSCH-002751,JOB-002300,EVS360-032,IS520,inspection_and_service,Obukhovo,,,16,unscheduled,no_depot_window_before_deadline,2033-11-17T11:50,2034-01-05T12:10,2250000
RSCH-002752,JOB-001515,EVS360-021,IS100,inspection_and_service,Obukhovo,2034-01-03T12:50,2034-01-03T14:50,2,scheduled,,2034-01-03T12:50,2034-01-05T16:50,3262500
RSCH-002753,JOB-001946,EVS360-027,IS100,inspection_and_service,Obukhovo,2034-01-03T15:50,2034-01-03T17:50,2,scheduled,,2034-01-03T15:50,2034-01-05T20:35,2787500
RSCH-002754,JOB-000937,EVS360-013,IS200,inspection_and_service,Obukhovo,2033-12-28T16:10,2033-12-28T20:10,4,scheduled,,2033-12-28T16:10,2034-01-05T22:10,3850000
RSCH-002755,JOB-000649,EVS360-009,IS510,inspection_and_service,Obukhovo,2033-12-12T21:50,2033-12-13T07:50,10,scheduled,,2033-12-12T21:50,2034-01-06T12:50,3975000
RSCH-002756,JOB-001945,EVS360-027,IS510,inspection_and_service,Obukhovo,2033-12-15T16:50,2033-12-16T02:50,10,scheduled,,2033-12-13T12:50,2034-01-06T22:10,2775000
RSCH-002757,JOB-001225,EVS360-017,IS200,inspection_and_service,Obukhovo,2033-12-29T20:50,2033-12-30T00:50,4,scheduled,,2033-12-29T20:50,2034-01-07T09:20,3325000
RSCH-002758,JOB-002375,EVS360-033,IS200,inspection_and_service,Obukhovo,2033-12-30T11:20,2033-12-30T15:20,4,scheduled,,2033-12-30T11:20,2034-01-07T16:50,2350000
RSCH-002759,JOB-002666,EVS360-037,IS200,inspection_and_service,Obukhovo,2033-12-31T14:50,2033-12-31T18:50,4,scheduled,,2033-12-30T22:10,2034-01-07T19:20,1925000
RSCH-002760,JOB-001650,EVS360-023,IS540,inspection_and_service,Obukhovo,,,56,unscheduled,no_depot_window_before_deadline,2033-06-25T09:50,2034-01-07T22:10,3000000
RSCH-002761,JOB-000071,EVS360-001,IS510,inspection_and_service,Obukhovo,2033-12-14T21:50,2033-12-15T07:50,10,scheduled,,2033-12-14T21:50,2034-01-08T12:50,4425000
RSCH-002762,JOB-000144,EVS360-002,IS200,inspection_and_service,Obukhovo,2033-12-31T16:50,2033-12-31T20:50,4,scheduled,,2033-12-31T00:10,2034-01-08T13:20,4450000
RSCH-002763,JOB-001297,EVS360-018,IS200,inspection_and_service,Obukhovo,2034-01-02T09:50,2034-01-02T13:50,4,scheduled,,2034-01-02T09:50,2034-01-10T14:50,3400000
RSCH-002764,JOB-001731,EVS360-024,IS200,inspection_and_service,Obukhovo,2034-01-03T14:10,2034-01-03T18:10,4,scheduled,,2034-01-02T21:50,2034-01-10T18:50,2875000
RSCH-002765,JOB-001729,EVS360-024,IS520,inspection_and_service,Obukhovo,,,16,unscheduled,no_depot_window_before_deadline,2033-11-22T18:10,2034-01-10T18:50,2850000
RSCH-002766,JOB-001693,EVS360-024,IS700,revision,Obukhovo,,,575,unscheduled,no_depot_window_before_deadline,2032-01-05T00:00,2034-01-10T18:50,2400000
RSCH-002767,JOB-000290,EVS360-004,IS200,inspection_and_service,Obukhovo,2034-01-02T22:10,2034-01-03T02:10,4,scheduled,,2034-01-02T22:10,2034-01-11T10:10,4150000
RSCH-002768,JOB-001803,EVS360-025,IS200,inspection_and_service,Obukhovo,2034-01-03T14:50,2034-01-03T18:50,4,scheduled,,2034-01-02T22:10,2034-01-11T11:50,2725000
RSCH-002769,JOB-001873,EVS360-026,IS520,inspection_and_service,Obukhovo,,,16,unscheduled,no_depot_window_before_deadline,2033-11-27T20:10,2034-01-15T20:35,2850000
RSCH-002770,JOB-001837,EVS360-026,IS700,revision,Obukhovo,,,575,unscheduled,no_depot_window_before_deadline,2032-01-05T00:00,2034-01-15T20:35,2400000
RSCH-002771,JOB-000433,EVS360-006,IS520,inspection_and_service,Obukhovo,,,16,unscheduled,no_depot_window_before_deadline,2033-11-29T13:20,2034-01-17T13:50,4350000
RSCH-002772,JOB-000218,EVS360-003,IS510,inspection_and_service,Obukhovo,2033-12-30T17:20,2033-12-31T03:20,10,scheduled,,2033-12-28T20:50,2034-01-22T12:10,4275000
RSCH-002773,JOB-000866,EVS360-012,IS510,inspection_and_service,Obukhovo,2033-12-30T20:35,2033-12-31T06:35,10,scheduled,,2033-12-30T09:50,2034-01-23T19:20,3975000
RSCH-002774,JOB-001223,EVS360-017,IS530,inspection_and_service,Obukhovo,,,36,unscheduled,no_depot_window_before_deadline,2033-10-25T08:10,2034-01-31T18:10,3300000
RSCH-002775,JOB-002740,EVS360-038,IS520,inspection_and_service,Obukhovo,,,16,unscheduled,no_depot_window_before_deadline,2033-12-15T22:35,2034-02-02T22:50,1950000
RSCH-002776,JOB-001801,EVS360-025,IS530,inspection_and_service,Obukhovo,,,36,unscheduled,no_depot_window_before_deadline,2033-10-29T09:35,2034-02-04T20:50,2700000
RSCH-002777,JOB-001588,EVS360-022,IS520,inspection_and_service,Obukhovo,,,16,unscheduled,no_depot_window_before_deadline,2033-12-18T10:10,2034-02-05T10:50,3150000
RSCH-002778,JOB-001443,EVS360-020,IS520,inspection_and_service,Obukhovo,,,16,unscheduled,no_depot_window_before_deadline,2033-12-20T12:50,2034-02-07T23:50,3150000
RSCH-002779,JOB-000779,EVS360-011,IS600,revision,Obukhovo,,,384,unscheduled,no_depot_window_before_deadline,2033-01-17T08:35,2034-02-14T23:20,3600000
RSCH-002780,JOB-000212,EVS360-003,IS540,inspection_and_service,Obukhovo,,,56,unscheduled,no_depot_window_before_deadline,2033-08-03T10:10,2034-02-16T13:50,4200000
RSCH-002781,JOB-002667,EVS360-037,IS520,inspection_and_service,Obukhovo,,,16,unscheduled,no_depot_window_before_deadline,2033-12-30T22:10,2034-02-17T22:50,1950000
RSCH-002782,JOB-000574,EVS360-008,IS540,inspection_and_service,Obukhovo,,,56,unscheduled,no_depot_window_before_deadline,2033-08-09T13:50,2034-02-22T18:50,4200000
RSCH-002783,JOB-002808,EVS360-039,IS540,inspection_and_service,Obukhovo,,,56,unscheduled,no_depot_window_before_deadline,2033-08-10T22:35,2034-02-23T16:10,1800000
RSCH-002784,JOB-001915,EVS360-027,IS700,revision,Obukhovo,,,575,unscheduled,no_depot_window_before_deadline,2032-01-24T09:35,2034-03-21T13:50,2400000
RSCH-002785,JOB-001516,EVS360-021,IS530,inspection_and_service,Obukhovo,,,36,unscheduled,no_depot_window_before_deadline,2033-12-17T08:35,2034-03-25T19:50,3300000
RSCH-002786,JOB-002593,EVS360-036,IS530,inspection_and_service,Obukhovo,,,36,unscheduled,no_depot_window_before_deadline,2033-12-23T18:10,2034-04-01T10:50,2100000
RSCH-002787,JOB-000938,EVS360-013,IS530,inspection_and_service,Obukhovo,,,36,unscheduled,no_depot_window_before_deadline,2033-12-24T08:50,2034-04-01T19:20,3900000
RSCH-002788,JOB-000145,EVS360-002,IS530,inspection_and_service,Obukhovo,,,36,unscheduled,no_depot_window_before_deadline,2033-12-26T16:10,2034-04-04T10:10,4500000
RSCH-002789,JOB-002520,EVS360-035,IS530,inspection_and_service,Obukhovo,,,36,unscheduled,no_depot_window_before_deadline,2034-01-02T18:10,2034-04-11T10:50,2100000
RSCH-002790,JOB-000507,EVS360-007,IS540,inspection_and_service,Obukhovo,,,56,unscheduled,no_depot_window_before_deadline,2033-10-09T09:50,2034-04-24T13:20,4200000
RSCH-002791,JOB-001777,EVS360-025,IS700,revision,Obukhovo,,,575,unscheduled,no_depot_window_before_deadline,2032-03-17T16:50,2034-05-14T12:50,2400000
RSCH-002792,JOB-000291,EVS360-004,IS540,inspection_and_service,Obukhovo,,,56,unscheduled,no_depot_window_before_deadline,2033-11-10T13:20,2034-05-26T17:20,4200000
RSCH-002793,JOB-001007,EVS360-014,IS600,revision,Obukhovo,,,384,unscheduled,no_depot_window_before_deadline,2033-05-23T08:35,2034-06-20T23:20,3600000
RSCH-002794,JOB-000722,EVS360-010,IS540,inspection_and_service,Obukhovo,,,56,unscheduled,no_depot_window_before_deadline,2033-12-11T20:35,2034-06-26T23:50,4200000
RSCH-002795,JOB-001080,EVS360-015,IS600,revision,Obukhovo,,,384,unscheduled,no_depot_window_before_deadline,2033-06-09T12:35,2034-07-08T11:50,3600000
RSCH-002796,JOB-001153,EVS360-016,IS600,revision,Obukhovo,,,384,unscheduled,no_depot_window_before_deadline,2033-06-22T20:10,2034-07-21T18:50,3600000
RSCH-002797,JOB-002001,EVS360-028,IS700,revision,Obukhovo,,,575,unscheduled,no_depot_window_before_deadline,2032-06-19T11:20,2034-08-16T08:35,2400000
RSCH-002798,JOB-001370,EVS360-019,IS600,revision,Obukhovo,,,384,unscheduled,no_depot_window_before_deadline,2033-11-16T13:20,2034-12-15T11:20,3600000
RSCH-002799,JOB-002085,EVS360-029,IS700,revision,Obukhovo,,,575,unscheduled,no_depot_window_before_deadline,2032-10-30T14:50,2034-12-27T11:50,2400000
RSCH-002800,JOB-001298,EVS360-018,IS600,revision,Obukhovo,,,384,unscheduled,no_depot_window_before_deadline,2033-12-04T19:50,2035-01-02T18:10,3600000
RSCH-002801,JOB-002229,EVS360-031,IS700,revision,Obukhovo,,,575,unscheduled,no_depot_window_before_deadline,2032-11-07T12:35,2035-01-04T09:20,2400000
RSCH-002802,JOB-002160,EVS360-030,IS700,revision,Obukhovo,,,575,unscheduled,no_depot_window_before_deadline,2032-12-06T11:50,2035-02-02T08:35,2400000
RSCH-002803,JOB-002376,EVS360-033,IS700,revision,Obukhovo,,,575,unscheduled,no_depot_window_before_deadline,2033-01-15T14:50,2035-03-14T11:50,2400000
RSCH-002804,JOB-002303,EVS360-032,IS700,revision,Obukhovo,,,575,unscheduled,no_depot_window_before_deadline,2033-03-16T08:10,2035-05-12T21:20,2400000
RSCH-002805,JOB-002448,EVS360-034,IS700,revision,Obukhovo,,,575,unscheduled,no_depot_window_before_deadline,2033-05-24T09:50,2035-07-20T23:50,2400000
RSCH-002806,JOB-002594,EVS360-036,IS700,revision,Obukhovo,,,575,unscheduled,no_depot_window_before_deadline,2033-09-16T16:50,2035-11-12T20:50,2400000
RSCH-002807,JOB-000146,EVS360-002,IS700,revision,Obukhovo,,,575,unscheduled,no_depot_window_before_deadline,2033-09-19T14:50,2035-11-16T11:50,4800000
RSCH-002808,JOB-002521,EVS360-035,IS700,revision,Obukhovo,,,575,unscheduled,no_depot_window_before_deadline,2033-09-26T16:50,2035-11-22T20:50,2400000
RSCH-002809,JOB-000072,EVS360-001,IS700,revision,Obukhovo,,,575,unscheduled,no_depot_window_before_deadline,2033-10-02T12:10,2035-11-28T15:20,4800000
RSCH-002810,JOB-000435,EVS360-006,IS700,revision,Obukhovo,,,575,unscheduled,no_depot_window_before_deadline,2033-11-29T13:20,2036-01-26T10:10,4800000
RSCH-002811,JOB-002741,EVS360-038,IS700,revision,Obukhovo,,,575,unscheduled,no_depot_window_before_deadline,2033-12-15T22:35,2036-02-11T19:50,2400000
RSCH-002812,JOB-002668,EVS360-037,IS700,revision,Obukhovo,,,575,unscheduled,no_depot_window_before_deadline,2033-12-30T22:10,2036-02-26T09:50,2400000
