service_block_id,parent_job_id,train_id,cycle_code,block_number,block_count,duration_hours,scheduled_start,scheduled_end,status,reason,earliest_allowed_at,latest_allowed_at,target_mileage_km,strategy
JOB-000508-B01,JOB-000508,EVS360-008,IS510,1,3,4.0,2032-01-05T11:20,2032-01-05T15:20,scheduled,,2032-01-05T00:00,2032-01-21T12:50,3375000,time_blocks_assumption
JOB-000508-B02,JOB-000508,EVS360-008,IS510,2,3,4.0,2032-01-06T12:50,2032-01-06T16:50,scheduled,,2032-01-05T00:00,2032-01-21T12:50,3375000,time_blocks_assumption
JOB-000508-B03,JOB-000508,EVS360-008,IS510,3,3,2.0,2032-01-06T16:50,2032-01-06T18:50,scheduled,,2032-01-05T00:00,2032-01-21T12:50,3375000,time_blocks_assumption
JOB-000651-B01,JOB-000651,EVS360-010,IS510,1,3,4.0,2032-01-06T13:50,2032-01-06T17:50,scheduled,,2032-01-05T00:00,2032-01-22T16:10,3225000,time_blocks_assumption
JOB-000651-B02,JOB-000651,EVS360-010,IS510,2,3,4.0,2032-01-07T15:50,2032-01-07T19:50,scheduled,,2032-01-05T00:00,2032-01-22T16:10,3225000,time_blocks_assumption
JOB-000651-B03,JOB-000651,EVS360-010,IS510,3,3,2.0,2032-01-07T19:50,2032-01-07T21:50,scheduled,,2032-01-05T00:00,2032-01-22T16:10,3225000,time_blocks_assumption
JOB-002742-B01,JOB-002742,EVS360-039,IS510,1,3,4.0,2032-01-05T00:00,2032-01-05T04:00,scheduled,,2032-01-05T00:00,2032-01-22T21:50,975000,time_blocks_assumption
JOB-002742-B02,JOB-002742,EVS360-039,IS510,2,3,4.0,2032-01-05T04:00,2032-01-05T08:00,scheduled,,2032-01-05T00:00,2032-01-22T21:50,975000,time_blocks_assumption
JOB-002742-B03,JOB-002742,EVS360-039,IS510,3,3,2.0,2032-01-05T08:00,2032-01-05T10:00,scheduled,,2032-01-05T00:00,2032-01-22T21:50,975000,time_blocks_assumption
JOB-001947-B01,JOB-001947,EVS360-028,IS510,1,3,4.0,2032-01-05T00:00,2032-01-05T04:00,scheduled,,2032-01-05T00:00,2032-01-23T18:10,1725000,time_blocks_assumption
JOB-001947-B02,JOB-001947,EVS360-028,IS510,2,3,4.0,2032-01-05T04:00,2032-01-05T08:00,scheduled,,2032-01-05T00:00,2032-01-23T18:10,1725000,time_blocks_assumption
JOB-001947-B03,JOB-001947,EVS360-028,IS510,3,3,2.0,2032-01-05T21:20,2032-01-05T23:20,scheduled,,2032-01-05T00:00,2032-01-23T18:10,1725000,time_blocks_assumption
JOB-001371-B01,JOB-001371,EVS360-020,IS520,1,4,4.0,2032-01-05T16:50,2032-01-05T20:50,scheduled,,2032-01-05T00:00,2032-01-31T10:50,2250000,time_blocks_assumption
JOB-001371-B02,JOB-001371,EVS360-020,IS520,2,4,4.0,2032-01-05T20:50,2032-01-06T00:50,scheduled,,2032-01-05T00:00,2032-01-31T10:50,2250000,time_blocks_assumption
JOB-001371-B03,JOB-001371,EVS360-020,IS520,3,4,4.0,2032-01-06T00:50,2032-01-06T04:50,scheduled,,2032-01-05T00:00,2032-01-31T10:50,2250000,time_blocks_assumption
JOB-001371-B04,JOB-001371,EVS360-020,IS520,4,4,4.0,2032-01-06T19:50,2032-01-06T23:50,scheduled,,2032-01-05T00:00,2032-01-31T10:50,2250000,time_blocks_assumption
JOB-002019-B01,JOB-002019,EVS360-029,IS510,1,3,4.0,2032-01-10T14:10,2032-01-10T18:10,scheduled,,2032-01-09T10:10,2032-02-02T19:50,1575000,time_blocks_assumption
JOB-002019-B02,JOB-002019,EVS360-029,IS510,2,3,4.0,2032-01-12T15:50,2032-01-12T19:50,scheduled,,2032-01-09T10:10,2032-02-02T19:50,1575000,time_blocks_assumption
JOB-002019-B03,JOB-002019,EVS360-029,IS510,3,3,2.0,2032-01-12T19:50,2032-01-12T21:50,scheduled,,2032-01-09T10:10,2032-02-02T19:50,1575000,time_blocks_assumption
JOB-000725-B01,JOB-000725,EVS360-011,IS510,1,3,4.0,2032-01-14T11:20,2032-01-14T15:20,scheduled,,2032-01-13T18:50,2032-02-07T20:35,2925000,time_blocks_assumption
JOB-000725-B02,JOB-000725,EVS360-011,IS510,2,3,4.0,2032-01-15T14:50,2032-01-15T18:50,scheduled,,2032-01-13T18:50,2032-02-07T20:35,2925000,time_blocks_assumption
JOB-000725-B03,JOB-000725,EVS360-011,IS510,3,3,2.0,2032-01-16T14:50,2032-01-16T16:50,scheduled,,2032-01-13T18:50,2032-02-07T20:35,2925000,time_blocks_assumption
JOB-000941-B01,JOB-000941,EVS360-014,IS510,1,3,4.0,2032-01-16T16:10,2032-01-16T20:10,scheduled,,2032-01-16T16:10,2032-02-10T08:35,2775000,time_blocks_assumption
JOB-000941-B02,JOB-000941,EVS360-014,IS510,2,3,4.0,2032-01-16T20:10,2032-01-17T00:10,scheduled,,2032-01-16T16:10,2032-02-10T08:35,2775000,time_blocks_assumption
JOB-000941-B03,JOB-000941,EVS360-014,IS510,3,3,2.0,2032-01-17T00:10,2032-01-17T02:10,scheduled,,2032-01-16T16:10,2032-02-10T08:35,2775000,time_blocks_assumption
JOB-002596-B01,JOB-002596,EVS360-037,IS520,1,4,4.0,2032-01-05T04:00,2032-01-05T08:00,scheduled,,2032-01-05T00:00,2032-02-10T09:35,1050000,time_blocks_assumption
JOB-002596-B02,JOB-002596,EVS360-037,IS520,2,4,4.0,2032-01-05T08:00,2032-01-05T12:00,scheduled,,2032-01-05T00:00,2032-02-10T09:35,1050000,time_blocks_assumption
JOB-002596-B03,JOB-002596,EVS360-037,IS520,3,4,4.0,2032-01-06T10:35,2032-01-06T14:35,scheduled,,2032-01-05T00:00,2032-02-10T09:35,1050000,time_blocks_assumption
JOB-002596-B04,JOB-002596,EVS360-037,IS520,4,4,4.0,2032-01-08T12:10,2032-01-08T16:10,scheduled,,2032-01-05T00:00,2032-02-10T09:35,1050000,time_blocks_assumption
JOB-002163-B01,JOB-002163,EVS360-031,IS510,1,3,4.0,2032-01-17T08:10,2032-01-17T12:10,scheduled,,2032-01-17T08:10,2032-02-10T16:10,1575000,time_blocks_assumption
JOB-002163-B02,JOB-002163,EVS360-031,IS510,2,3,4.0,2032-01-19T11:50,2032-01-19T15:50,scheduled,,2032-01-17T08:10,2032-02-10T16:10,1575000,time_blocks_assumption
JOB-002163-B03,JOB-002163,EVS360-031,IS510,3,3,2.0,2032-01-19T15:50,2032-01-19T17:50,scheduled,,2032-01-17T08:10,2032-02-10T16:10,1575000,time_blocks_assumption
JOB-001300-B01,JOB-001300,EVS360-019,IS520,1,4,4.0,2032-01-05T16:10,2032-01-05T20:10,scheduled,,2032-01-05T00:00,2032-02-15T10:10,2550000,time_blocks_assumption
JOB-001300-B02,JOB-001300,EVS360-019,IS520,2,4,4.0,2032-01-05T20:10,2032-01-06T00:10,scheduled,,2032-01-05T00:00,2032-02-15T10:10,2550000,time_blocks_assumption
JOB-001300-B03,JOB-001300,EVS360-019,IS520,3,4,4.0,2032-01-06T00:10,2032-01-06T04:10,scheduled,,2032-01-05T00:00,2032-02-15T10:10,2550000,time_blocks_assumption
JOB-001300-B04,JOB-001300,EVS360-019,IS520,4,4,4.0,2032-01-06T18:50,2032-01-06T22:50,scheduled,,2032-01-05T00:00,2032-02-15T10:10,2550000,time_blocks_assumption
JOB-002234-B01,JOB-002234,EVS360-032,IS510,1,3,4.0,2032-01-22T18:10,2032-01-22T22:10,scheduled,,2032-01-22T18:10,2032-02-16T09:50,1425000,time_blocks_assumption
JOB-002234-B02,JOB-002234,EVS360-032,IS510,2,3,4.0,2032-01-22T22:10,2032-01-23T02:10,scheduled,,2032-01-22T18:10,2032-02-16T09:50,1425000,time_blocks_assumption
JOB-002234-B03,JOB-002234,EVS360-032,IS510,3,3,2.0,2032-01-23T02:10,2032-01-23T04:10,scheduled,,2032-01-22T18:10,2032-02-16T09:50,1425000,time_blocks_assumption
JOB-001157-B01,JOB-001157,EVS360-017,IS510,1,3,4.0,2032-01-24T14:10,2032-01-24T18:10,scheduled,,2032-01-24T14:10,2032-02-17T23:20,2475000,time_blocks_assumption
JOB-001157-B02,JOB-001157,EVS360-017,IS510,2,3,4.0,2032-01-25T18:10,2032-01-25T22:10,scheduled,,2032-01-24T14:10,2032-02-17T23:20,2475000,time_blocks_assumption
JOB-001157-B03,JOB-001157,EVS360-017,IS510,3,3,2.0,2032-01-25T22:10,2032-01-26T00:10,scheduled,,2032-01-24T14:10,2032-02-17T23:20,2475000,time_blocks_assumption
JOB-001590-B01,JOB-001590,EVS360-023,IS520,1,4,4.0,2032-01-05T18:50,2032-01-05T22:50,scheduled,,2032-01-05T00:00,2032-02-18T18:50,2250000,time_blocks_assumption
JOB-001590-B02,JOB-001590,EVS360-023,IS520,2,4,4.0,2032-01-05T22:50,2032-01-06T02:50,scheduled,,2032-01-05T00:00,2032-02-18T18:50,2250000,time_blocks_assumption
JOB-001590-B03,JOB-001590,EVS360-023,IS520,3,4,4.0,2032-01-06T02:50,2032-01-06T06:50,scheduled,,2032-01-05T00:00,2032-02-18T18:50,2250000,time_blocks_assumption
JOB-001590-B04,JOB-001590,EVS360-023,IS520,4,4,4.0,2032-01-06T23:20,2032-01-07T03:20,scheduled,,2032-01-05T00:00,2032-02-18T18:50,2250000,time_blocks_assumption
JOB-001663-B01,JOB-001663,EVS360-024,IS510,1,3,4.0,2032-01-27T23:50,2032-01-28T03:50,scheduled,,2032-01-27T23:50,2032-02-21T15:20,2025000,time_blocks_assumption
JOB-001663-B02,JOB-001663,EVS360-024,IS510,2,3,4.0,2032-01-28T03:50,2032-01-28T07:50,scheduled,,2032-01-27T23:50,2032-02-21T15:20,2025000,time_blocks_assumption
JOB-001663-B03,JOB-001663,EVS360-024,IS510,3,3,2.0,2032-01-28T07:50,2032-01-28T09:50,scheduled,,2032-01-27T23:50,2032-02-21T15:20,2025000,time_blocks_assumption
JOB-001735-B01,JOB-001735,EVS360-025,IS510,1,3,4.0,2032-01-30T11:20,2032-01-30T15:20,scheduled,,2032-01-28T16:10,2032-02-22T08:35,1875000,time_blocks_assumption
JOB-001735-B02,JOB-001735,EVS360-025,IS510,2,3,4.0,2032-02-01T14:50,2032-02-01T18:50,scheduled,,2032-01-28T16:10,2032-02-22T08:35,1875000,time_blocks_assumption
JOB-001735-B03,JOB-001735,EVS360-025,IS510,3,3,2.0,2032-02-01T18:50,2032-02-01T20:50,scheduled,,2032-01-28T16:10,2032-02-22T08:35,1875000,time_blocks_assumption
JOB-001807-B01,JOB-001807,EVS360-026,IS510,1,3,4.0,2032-02-02T17:20,2032-02-02T21:20,scheduled,,2032-02-02T08:10,2032-02-26T16:10,2025000,time_blocks_assumption
JOB-001807-B02,JOB-001807,EVS360-026,IS510,2,3,4.0,2032-02-02T21:20,2032-02-03T01:20,scheduled,,2032-02-02T08:10,2032-02-26T16:10,2025000,time_blocks_assumption
JOB-001807-B03,JOB-001807,EVS360-026,IS510,3,3,2.0,2032-02-03T01:20,2032-02-03T03:20,scheduled,,2032-02-02T08:10,2032-02-26T16:10,2025000,time_blocks_assumption
JOB-000436-B01,JOB-000436,EVS360-007,IS530,1,9,4.0,2032-01-06T12:35,2032-01-06T16:35,scheduled,,2032-01-05T00:00,2032-02-26T16:50,3300000,time_blocks_assumption
JOB-000436-B02,JOB-000436,EVS360-007,IS530,2,9,4.0,2032-01-07T14:10,2032-01-07T18:10,scheduled,,2032-01-05T00:00,2032-02-26T16:50,3300000,time_blocks_assumption
JOB-000436-B03,JOB-000436,EVS360-007,IS530,3,9,4.0,2032-01-08T16:10,2032-01-08T20:10,scheduled,,2032-01-05T00:00,2032-02-26T16:50,3300000,time_blocks_assumption
JOB-000436-B04,JOB-000436,EVS360-007,IS530,4,9,4.0,2032-01-08T20:10,2032-01-09T00:10,scheduled,,2032-01-05T00:00,2032-02-26T16:50,3300000,time_blocks_assumption
JOB-000436-B05,JOB-000436,EVS360-007,IS530,5,9,4.0,2032-01-09T00:10,2032-01-09T04:10,scheduled,,2032-01-05T00:00,2032-02-26T16:50,3300000,time_blocks_assumption
JOB-000436-B06,JOB-000436,EVS360-007,IS530,6,9,4.0,2032-01-09T18:50,2032-01-09T22:50,scheduled,,2032-01-05T00:00,2032-02-26T16:50,3300000,time_blocks_assumption
JOB-000436-B07,JOB-000436,EVS360-007,IS530,7,9,4.0,2032-01-09T22:50,2032-01-10T02:50,scheduled,,2032-01-05T00:00,2032-02-26T16:50,3300000,time_blocks_assumption
JOB-000436-B08,JOB-000436,EVS360-007,IS530,8,9,4.0,2032-01-10T02:50,2032-01-10T06:50,scheduled,,2032-01-05T00:00,2032-02-26T16:50,3300000,time_blocks_assumption
JOB-000436-B09,JOB-000436,EVS360-007,IS530,9,9,4.0,2032-01-10T20:50,2032-01-11T00:50,scheduled,,2032-01-05T00:00,2032-02-26T16:50,3300000,time_blocks_assumption
JOB-000294-B01,JOB-000294,EVS360-005,IS520,1,4,4.0,2032-01-09T21:20,2032-01-10T01:20,scheduled,,2032-01-09T08:10,2032-02-27T08:35,3150000,time_blocks_assumption
JOB-000294-B02,JOB-000294,EVS360-005,IS520,2,4,4.0,2032-01-10T01:20,2032-01-10T05:20,scheduled,,2032-01-09T08:10,2032-02-27T08:35,3150000,time_blocks_assumption
JOB-000294-B03,JOB-000294,EVS360-005,IS520,3,4,4.0,2032-01-10T20:10,2032-01-11T00:10,scheduled,,2032-01-09T08:10,2032-02-27T08:35,3150000,time_blocks_assumption
JOB-000294-B04,JOB-000294,EVS360-005,IS520,4,4,4.0,2032-01-11T00:10,2032-01-11T04:10,scheduled,,2032-01-09T08:10,2032-02-27T08:35,3150000,time_blocks_assumption
JOB-001014-B01,JOB-001014,EVS360-015,IS510,1,3,4.0,2032-02-03T13:50,2032-02-03T17:50,scheduled,,2032-02-03T13:50,2032-02-27T22:50,2775000,time_blocks_assumption
JOB-001014-B02,JOB-001014,EVS360-015,IS510,2,3,4.0,2032-02-04T17:50,2032-02-04T21:50,scheduled,,2032-02-03T13:50,2032-02-27T22:50,2775000,time_blocks_assumption
JOB-001014-B03,JOB-001014,EVS360-015,IS510,3,3,2.0,2032-02-04T21:50,2032-02-04T23:50,scheduled,,2032-02-03T13:50,2032-02-27T22:50,2775000,time_blocks_assumption
JOB-000367-B01,JOB-000367,EVS360-006,IS510,1,3,4.0,2032-02-04T11:50,2032-02-04T15:50,scheduled,,2032-02-03T19:20,2032-02-28T10:10,3525000,time_blocks_assumption
JOB-000367-B02,JOB-000367,EVS360-006,IS510,2,3,4.0,2032-02-05T15:20,2032-02-05T19:20,scheduled,,2032-02-03T19:20,2032-02-28T10:10,3525000,time_blocks_assumption
JOB-000367-B03,JOB-000367,EVS360-006,IS510,3,3,2.0,2032-02-06T15:20,2032-02-06T17:20,scheduled,,2032-02-03T19:20,2032-02-28T10:10,3525000,time_blocks_assumption
JOB-001229-B01,JOB-001229,EVS360-018,IS520,1,4,4.0,2032-01-15T20:10,2032-01-16T00:10,scheduled,,2032-01-15T16:10,2032-03-04T16:50,2550000,time_blocks_assumption
JOB-001229-B02,JOB-001229,EVS360-018,IS520,2,4,4.0,2032-01-16T00:10,2032-01-16T04:10,scheduled,,2032-01-15T16:10,2032-03-04T16:50,2550000,time_blocks_assumption
JOB-001229-B03,JOB-001229,EVS360-018,IS520,3,4,4.0,2032-01-16T18:50,2032-01-16T22:50,scheduled,,2032-01-15T16:10,2032-03-04T16:50,2550000,time_blocks_assumption
JOB-001229-B04,JOB-001229,EVS360-018,IS520,4,4,4.0,2032-01-16T22:50,2032-01-17T02:50,scheduled,,2032-01-15T16:10,2032-03-04T16:50,2550000,time_blocks_assumption
JOB-002380-B01,JOB-002380,EVS360-034,IS520,1,4,4.0,2032-01-19T12:50,2032-01-19T16:50,scheduled,,2032-01-17T18:50,2032-03-07T11:50,1350000,time_blocks_assumption
JOB-002380-B02,JOB-002380,EVS360-034,IS520,2,4,4.0,2032-01-21T16:50,2032-01-21T20:50,scheduled,,2032-01-17T18:50,2032-03-07T11:50,1350000,time_blocks_assumption
JOB-002380-B03,JOB-002380,EVS360-034,IS520,3,4,4.0,2032-01-21T20:50,2032-01-22T00:50,scheduled,,2032-01-17T18:50,2032-03-07T11:50,1350000,time_blocks_assumption
JOB-002380-B04,JOB-002380,EVS360-034,IS520,4,4,4.0,2032-01-22T00:50,2032-01-22T04:50,scheduled,,2032-01-17T18:50,2032-03-07T11:50,1350000,time_blocks_assumption
JOB-002094-B01,JOB-002094,EVS360-030,IS510,1,3,4.0,2032-02-14T23:50,2032-02-15T03:50,scheduled,,2032-02-14T23:50,2032-03-10T15:20,1575000,time_blocks_assumption
JOB-002094-B02,JOB-002094,EVS360-030,IS510,2,3,4.0,2032-02-15T03:50,2032-02-15T07:50,scheduled,,2032-02-14T23:50,2032-03-10T15:20,1575000,time_blocks_assumption
JOB-002094-B03,JOB-002094,EVS360-030,IS510,3,3,2.0,2032-02-15T07:50,2032-02-15T09:50,scheduled,,2032-02-14T23:50,2032-03-10T15:20,1575000,time_blocks_assumption
JOB-001087-B01,JOB-001087,EVS360-016,IS510,1,3,4.0,2032-02-16T21:20,2032-02-17T01:20,scheduled,,2032-02-16T21:20,2032-03-12T12:35,2775000,time_blocks_assumption
JOB-001087-B02,JOB-001087,EVS360-016,IS510,2,3,4.0,2032-02-17T01:20,2032-02-17T05:20,scheduled,,2032-02-16T21:20,2032-03-12T12:35,2775000,time_blocks_assumption
JOB-001087-B03,JOB-001087,EVS360-016,IS510,3,3,2.0,2032-02-17T05:20,2032-02-17T07:20,scheduled,,2032-02-16T21:20,2032-03-12T12:35,2775000,time_blocks_assumption
JOB-000583-B01,JOB-000583,EVS360-009,IS520,1,4,4.0,2032-01-25T12:35,2032-01-25T16:35,scheduled,,2032-01-23T18:10,2032-03-12T18:50,3150000,time_blocks_assumption
JOB-000583-B02,JOB-000583,EVS360-009,IS520,2,4,4.0,2032-01-26T14:10,2032-01-26T18:10,scheduled,,2032-01-23T18:10,2032-03-12T18:50,3150000,time_blocks_assumption
JOB-000583-B03,JOB-000583,EVS360-009,IS520,3,4,4.0,2032-01-27T16:10,2032-01-27T20:10,scheduled,,2032-01-23T18:10,2032-03-12T18:50,3150000,time_blocks_assumption
JOB-000583-B04,JOB-000583,EVS360-009,IS520,4,4,4.0,2032-01-27T20:10,2032-01-28T00:10,scheduled,,2032-01-23T18:10,2032-03-12T18:50,3150000,time_blocks_assumption
JOB-001879-B01,JOB-001879,EVS360-027,IS520,1,4,4.0,2032-01-25T02:40,2032-01-25T06:40,scheduled,,2032-01-24T09:35,2032-03-13T09:50,1950000,time_blocks_assumption
JOB-001879-B02,JOB-001879,EVS360-027,IS520,2,4,4.0,2032-01-25T21:50,2032-01-26T01:50,scheduled,,2032-01-24T09:35,2032-03-13T09:50,1950000,time_blocks_assumption
JOB-001879-B03,JOB-001879,EVS360-027,IS520,3,4,4.0,2032-01-26T01:50,2032-01-26T05:50,scheduled,,2032-01-24T09:35,2032-03-13T09:50,1950000,time_blocks_assumption
JOB-001879-B04,JOB-001879,EVS360-027,IS520,4,4,4.0,2032-01-26T05:50,2032-01-26T09:50,scheduled,,2032-01-24T09:35,2032-03-13T09:50,1950000,time_blocks_assumption
JOB-002674-B01,JOB-002674,EVS360-038,IS510,1,3,4.0,2032-02-20T20:50,2032-02-21T00:50,scheduled,,2032-02-20T10:10,2032-03-15T19:50,1125000,time_blocks_assumption
JOB-002674-B02,JOB-002674,EVS360-038,IS510,2,3,4.0,2032-02-21T00:50,2032-02-21T04:50,scheduled,,2032-02-20T10:10,2032-03-15T19:50,1125000,time_blocks_assumption
JOB-002674-B03,JOB-002674,EVS360-038,IS510,3,3,2.0,2032-02-21T04:50,2032-02-21T06:50,scheduled,,2032-02-20T10:10,2032-03-15T19:50,1125000,time_blocks_assumption
JOB-001522-B01,JOB-001522,EVS360-022,IS510,1,3,4.0,2032-02-22T16:10,2032-02-22T20:10,scheduled,,2032-02-22T16:10,2032-03-18T08:35,2325000,time_blocks_assumption
JOB-001522-B02,JOB-001522,EVS360-022,IS510,2,3,4.0,2032-02-22T20:10,2032-02-23T00:10,scheduled,,2032-02-22T16:10,2032-03-18T08:35,2325000,time_blocks_assumption
JOB-001522-B03,JOB-001522,EVS360-022,IS510,3,3,2.0,2032-02-23T00:10,2032-02-23T02:10,scheduled,,2032-02-22T16:10,2032-03-18T08:35,2325000,time_blocks_assumption
JOB-001377-B01,JOB-001377,EVS360-020,IS510,1,3,4.0,2032-02-24T20:10,2032-02-25T00:10,scheduled,,2032-02-24T20:10,2032-03-20T20:35,2325000,time_blocks_assumption
JOB-001377-B02,JOB-001377,EVS360-020,IS510,2,3,4.0,2032-02-25T00:10,2032-02-25T04:10,scheduled,,2032-02-24T20:10,2032-03-20T20:35,2325000,time_blocks_assumption
JOB-001377-B03,JOB-001377,EVS360-020,IS510,3,3,2.0,2032-02-25T04:10,2032-02-25T06:10,scheduled,,2032-02-24T20:10,2032-03-20T20:35,2325000,time_blocks_assumption
JOB-000442-B01,JOB-000442,EVS360-007,IS510,1,3,4.0,2032-02-26T16:50,2032-02-26T20:50,scheduled,,2032-02-26T16:50,2032-03-22T08:50,3375000,time_blocks_assumption
JOB-000442-B02,JOB-000442,EVS360-007,IS510,2,3,4.0,2032-02-26T20:50,2032-02-27T00:50,scheduled,,2032-02-26T16:50,2032-03-22T08:50,3375000,time_blocks_assumption
JOB-000442-B03,JOB-000442,EVS360-007,IS510,3,3,2.0,2032-02-27T00:50,2032-02-27T02:50,scheduled,,2032-02-26T16:50,2032-03-22T08:50,3375000,time_blocks_assumption
JOB-002307-B01,JOB-002307,EVS360-033,IS530,1,9,4.0,2032-01-05T04:00,2032-01-05T08:00,scheduled,,2032-01-05T00:00,2032-03-26T10:10,1500000,time_blocks_assumption
JOB-002307-B02,JOB-002307,EVS360-033,IS530,2,9,4.0,2032-01-06T01:20,2032-01-06T05:20,scheduled,,2032-01-05T00:00,2032-03-26T10:10,1500000,time_blocks_assumption
JOB-002307-B03,JOB-002307,EVS360-033,IS530,3,9,4.0,2032-01-06T05:20,2032-01-06T09:20,scheduled,,2032-01-05T00:00,2032-03-26T10:10,1500000,time_blocks_assumption
JOB-002307-B04,JOB-002307,EVS360-033,IS530,4,9,4.0,2032-01-08T10:10,2032-01-08T14:10,scheduled,,2032-01-05T00:00,2032-03-26T10:10,1500000,time_blocks_assumption
JOB-002307-B05,JOB-002307,EVS360-033,IS530,5,9,4.0,2032-01-10T13:50,2032-01-10T17:50,scheduled,,2032-01-05T00:00,2032-03-26T10:10,1500000,time_blocks_assumption
JOB-002307-B06,JOB-002307,EVS360-033,IS530,6,9,4.0,2032-01-11T19:20,2032-01-11T23:20,scheduled,,2032-01-05T00:00,2032-03-26T10:10,1500000,time_blocks_assumption
JOB-002307-B07,JOB-002307,EVS360-033,IS530,7,9,4.0,2032-01-11T23:20,2032-01-12T03:20,scheduled,,2032-01-05T00:00,2032-03-26T10:10,1500000,time_blocks_assumption
JOB-002307-B08,JOB-002307,EVS360-033,IS530,8,9,4.0,2032-01-12T22:10,2032-01-13T02:10,scheduled,,2032-01-05T00:00,2032-03-26T10:10,1500000,time_blocks_assumption
JOB-002307-B09,JOB-002307,EVS360-033,IS530,9,9,4.0,2032-01-13T02:10,2032-01-13T06:10,scheduled,,2032-01-05T00:00,2032-03-26T10:10,1500000,time_blocks_assumption
JOB-000152-B01,JOB-000152,EVS360-003,IS520,1,4,4.0,2032-02-08T22:10,2032-02-09T02:10,scheduled,,2032-02-08T18:10,2032-03-28T18:50,3450000,time_blocks_assumption
JOB-000152-B02,JOB-000152,EVS360-003,IS520,2,4,4.0,2032-02-09T02:10,2032-02-09T06:10,scheduled,,2032-02-08T18:10,2032-03-28T18:50,3450000,time_blocks_assumption
JOB-000152-B03,JOB-000152,EVS360-003,IS520,3,4,4.0,2032-02-09T20:35,2032-02-10T00:35,scheduled,,2032-02-08T18:10,2032-03-28T18:50,3450000,time_blocks_assumption
JOB-000152-B04,JOB-000152,EVS360-003,IS520,4,4,4.0,2032-02-10T00:35,2032-02-10T04:35,scheduled,,2032-02-08T18:10,2032-03-28T18:50,3450000,time_blocks_assumption
JOB-000222-B01,JOB-000222,EVS360-004,IS530,1,9,4.0,2032-01-06T11:20,2032-01-06T15:20,scheduled,,2032-01-05T00:00,2032-03-29T21:20,3300000,time_blocks_assumption
JOB-000222-B02,JOB-000222,EVS360-004,IS530,2,9,4.0,2032-01-07T12:50,2032-01-07T16:50,scheduled,,2032-01-05T00:00,2032-03-29T21:20,3300000,time_blocks_assumption
JOB-000222-B03,JOB-000222,EVS360-004,IS530,3,9,4.0,2032-01-08T16:50,2032-01-08T20:50,scheduled,,2032-01-05T00:00,2032-03-29T21:20,3300000,time_blocks_assumption
JOB-000222-B04,JOB-000222,EVS360-004,IS530,4,9,4.0,2032-01-09T16:50,2032-01-09T20:50,scheduled,,2032-01-05T00:00,2032-03-29T21:20,3300000,time_blocks_assumption
JOB-000222-B05,JOB-000222,EVS360-004,IS530,5,9,4.0,2032-01-09T20:50,2032-01-10T00:50,scheduled,,2032-01-05T00:00,2032-03-29T21:20,3300000,time_blocks_assumption
JOB-000222-B06,JOB-000222,EVS360-004,IS530,6,9,4.0,2032-01-10T00:50,2032-01-10T04:50,scheduled,,2032-01-05T00:00,2032-03-29T21:20,3300000,time_blocks_assumption
JOB-000222-B07,JOB-000222,EVS360-004,IS530,7,9,4.0,2032-01-10T19:50,2032-01-10T23:50,scheduled,,2032-01-05T00:00,2032-03-29T21:20,3300000,time_blocks_assumption
JOB-000222-B08,JOB-000222,EVS360-004,IS530,8,9,4.0,2032-01-10T23:50,2032-01-11T03:50,scheduled,,2032-01-05T00:00,2032-03-29T21:20,3300000,time_blocks_assumption
JOB-000222-B09,JOB-000222,EVS360-004,IS530,9,9,4.0,2032-01-11T03:50,2032-01-11T07:50,scheduled,,2032-01-05T00:00,2032-03-29T21:20,3300000,time_blocks_assumption
JOB-000800-B01,JOB-000800,EVS360-012,IS520,1,4,4.0,2032-02-10T04:10,2032-02-10T08:10,scheduled,,2032-02-10T00:10,2032-03-30T08:10,3150000,time_blocks_assumption
JOB-000800-B02,JOB-000800,EVS360-012,IS520,2,4,4.0,2032-02-10T08:10,2032-02-10T12:10,scheduled,,2032-02-10T00:10,2032-03-30T08:10,3150000,time_blocks_assumption
JOB-000800-B03,JOB-000800,EVS360-012,IS520,3,4,4.0,2032-02-11T09:20,2032-02-11T13:20,scheduled,,2032-02-10T00:10,2032-03-30T08:10,3150000,time_blocks_assumption
JOB-000800-B04,JOB-000800,EVS360-012,IS520,4,4,4.0,2032-02-12T11:20,2032-02-12T15:20,scheduled,,2032-02-10T00:10,2032-03-30T08:10,3150000,time_blocks_assumption
JOB-002602-B01,JOB-002602,EVS360-037,IS510,1,3,4.0,2032-03-06T11:20,2032-03-06T15:20,scheduled,,2032-03-06T11:20,2032-03-30T20:35,1125000,time_blocks_assumption
JOB-002602-B02,JOB-002602,EVS360-037,IS510,2,3,4.0,2032-03-08T14:50,2032-03-08T18:50,scheduled,,2032-03-06T11:20,2032-03-30T20:35,1125000,time_blocks_assumption
JOB-002602-B03,JOB-002602,EVS360-037,IS510,3,3,2.0,2032-03-08T18:50,2032-03-08T20:50,scheduled,,2032-03-06T11:20,2032-03-30T20:35,1125000,time_blocks_assumption
JOB-001306-B01,JOB-001306,EVS360-019,IS510,1,3,4.0,2032-03-11T12:10,2032-03-11T16:10,scheduled,,2032-03-10T19:50,2032-04-04T10:50,2625000,time_blocks_assumption
JOB-001306-B02,JOB-001306,EVS360-019,IS510,2,3,4.0,2032-03-12T15:50,2032-03-12T19:50,scheduled,,2032-03-10T19:50,2032-04-04T10:50,2625000,time_blocks_assumption
JOB-001306-B03,JOB-001306,EVS360-019,IS510,3,3,2.0,2032-03-13T15:50,2032-03-13T17:50,scheduled,,2032-03-10T19:50,2032-04-04T10:50,2625000,time_blocks_assumption
JOB-000514-B01,JOB-000514,EVS360-008,IS520,1,4,4.0,2032-02-16T16:50,2032-02-16T20:50,scheduled,,2032-02-14T22:10,2032-04-04T15:20,3450000,time_blocks_assumption
JOB-000514-B02,JOB-000514,EVS360-008,IS520,2,4,4.0,2032-02-16T20:50,2032-02-17T00:50,scheduled,,2032-02-14T22:10,2032-04-04T15:20,3450000,time_blocks_assumption
JOB-000514-B03,JOB-000514,EVS360-008,IS520,3,4,4.0,2032-02-17T00:50,2032-02-17T04:50,scheduled,,2032-02-14T22:10,2032-04-04T15:20,3450000,time_blocks_assumption
JOB-000514-B04,JOB-000514,EVS360-008,IS520,4,4,4.0,2032-02-17T19:50,2032-02-17T23:50,scheduled,,2032-02-14T22:10,2032-04-04T15:20,3450000,time_blocks_assumption
JOB-002748-B01,JOB-002748,EVS360-039,IS520,1,4,4.0,2032-02-17T14:50,2032-02-17T18:50,scheduled,,2032-02-16T12:50,2032-04-05T13:20,1050000,time_blocks_assumption
JOB-002748-B02,JOB-002748,EVS360-039,IS520,2,4,4.0,2032-02-18T21:50,2032-02-19T01:50,scheduled,,2032-02-16T12:50,2032-04-05T13:20,1050000,time_blocks_assumption
JOB-002748-B03,JOB-002748,EVS360-039,IS520,3,4,4.0,2032-02-19T01:50,2032-02-19T05:50,scheduled,,2032-02-16T12:50,2032-04-05T13:20,1050000,time_blocks_assumption
JOB-002748-B04,JOB-002748,EVS360-039,IS520,4,4,4.0,2032-02-19T19:50,2032-02-19T23:50,scheduled,,2032-02-16T12:50,2032-04-05T13:20,1050000,time_blocks_assumption
JOB-001596-B01,JOB-001596,EVS360-023,IS510,1,3,4.0,2032-03-14T20:35,2032-03-15T00:35,scheduled,,2032-03-14T09:50,2032-04-07T19:20,2325000,time_blocks_assumption
JOB-001596-B02,JOB-001596,EVS360-023,IS510,2,3,4.0,2032-03-15T00:35,2032-03-15T04:35,scheduled,,2032-03-14T09:50,2032-04-07T19:20,2325000,time_blocks_assumption
JOB-001596-B03,JOB-001596,EVS360-023,IS510,3,3,2.0,2032-03-15T04:35,2032-03-15T06:35,scheduled,,2032-03-14T09:50,2032-04-07T19:20,2325000,time_blocks_assumption
JOB-001452-B01,JOB-001452,EVS360-021,IS510,1,3,4.0,2032-03-16T22:50,2032-03-17T02:50,scheduled,,2032-03-16T22:50,2032-04-10T23:50,2475000,time_blocks_assumption
JOB-001452-B02,JOB-001452,EVS360-021,IS510,2,3,4.0,2032-03-17T02:50,2032-03-17T06:50,scheduled,,2032-03-16T22:50,2032-04-10T23:50,2475000,time_blocks_assumption
JOB-001452-B03,JOB-001452,EVS360-021,IS510,3,3,2.0,2032-03-17T06:50,2032-03-17T08:50,scheduled,,2032-03-16T22:50,2032-04-10T23:50,2475000,time_blocks_assumption
JOB-002025-B01,JOB-002025,EVS360-029,IS520,1,4,4.0,2032-02-28T12:35,2032-02-28T16:35,scheduled,,2032-02-27T10:50,2032-04-16T11:20,1650000,time_blocks_assumption
JOB-002025-B02,JOB-002025,EVS360-029,IS520,2,4,4.0,2032-03-01T16:10,2032-03-01T20:10,scheduled,,2032-02-27T10:50,2032-04-16T11:20,1650000,time_blocks_assumption
JOB-002025-B03,JOB-002025,EVS360-029,IS520,3,4,4.0,2032-03-01T20:10,2032-03-02T00:10,scheduled,,2032-02-27T10:50,2032-04-16T11:20,1650000,time_blocks_assumption
JOB-002025-B04,JOB-002025,EVS360-029,IS520,4,4,4.0,2032-03-02T00:10,2032-03-02T04:10,scheduled,,2032-02-27T10:50,2032-04-16T11:20,1650000,time_blocks_assumption
JOB-000300-B01,JOB-000300,EVS360-005,IS510,1,3,4.0,2032-03-23T09:50,2032-03-23T13:50,scheduled,,2032-03-22T16:50,2032-04-16T18:50,3225000,time_blocks_assumption
JOB-000300-B02,JOB-000300,EVS360-005,IS510,2,3,4.0,2032-03-24T13:50,2032-03-24T17:50,scheduled,,2032-03-22T16:50,2032-04-16T18:50,3225000,time_blocks_assumption
JOB-000300-B03,JOB-000300,EVS360-005,IS510,3,3,2.0,2032-03-25T13:20,2032-03-25T15:20,scheduled,,2032-03-22T16:50,2032-04-16T18:50,3225000,time_blocks_assumption
JOB-002530-B01,JOB-002530,EVS360-036,IS510,1,3,4.0,2032-03-24T08:10,2032-03-24T12:10,scheduled,,2032-03-24T08:10,2032-04-17T16:10,1275000,time_blocks_assumption
JOB-002530-B02,JOB-002530,EVS360-036,IS510,2,3,4.0,2032-03-26T11:50,2032-03-26T15:50,scheduled,,2032-03-24T08:10,2032-04-17T16:10,1275000,time_blocks_assumption
JOB-002530-B03,JOB-002530,EVS360-036,IS510,3,3,2.0,2032-03-26T15:50,2032-03-26T17:50,scheduled,,2032-03-24T08:10,2032-04-17T16:10,1275000,time_blocks_assumption
JOB-000875-B01,JOB-000875,EVS360-013,IS510,1,3,4.0,2032-03-24T15:20,2032-03-24T19:20,scheduled,,2032-03-24T15:20,2032-04-18T00:10,3075000,time_blocks_assumption
JOB-000875-B02,JOB-000875,EVS360-013,IS510,2,3,4.0,2032-03-24T19:20,2032-03-24T23:20,scheduled,,2032-03-24T15:20,2032-04-18T00:10,3075000,time_blocks_assumption
JOB-000875-B03,JOB-000875,EVS360-013,IS510,3,3,2.0,2032-03-24T23:20,2032-03-25T01:20,scheduled,,2032-03-24T15:20,2032-04-18T00:10,3075000,time_blocks_assumption
JOB-002313-B01,JOB-002313,EVS360-033,IS510,1,3,4.0,2032-03-26T10:10,2032-03-26T14:10,scheduled,,2032-03-26T10:10,2032-04-19T19:50,1575000,time_blocks_assumption
JOB-002313-B02,JOB-002313,EVS360-033,IS510,2,3,4.0,2032-03-28T13:50,2032-03-28T17:50,scheduled,,2032-03-26T10:10,2032-04-19T19:50,1575000,time_blocks_assumption
JOB-002313-B03,JOB-002313,EVS360-033,IS510,3,3,2.0,2032-03-28T17:50,2032-03-28T19:50,scheduled,,2032-03-26T10:10,2032-04-19T19:50,1575000,time_blocks_assumption
JOB-000082-B01,JOB-000082,EVS360-002,IS510,1,3,4.0,2032-03-27T15:50,2032-03-27T19:50,scheduled,,2032-03-26T23:20,2032-04-20T14:10,3675000,time_blocks_assumption
JOB-000082-B02,JOB-000082,EVS360-002,IS510,2,3,4.0,2032-03-27T19:50,2032-03-27T23:50,scheduled,,2032-03-26T23:20,2032-04-20T14:10,3675000,time_blocks_assumption
JOB-000082-B03,JOB-000082,EVS360-002,IS510,3,3,2.0,2032-03-27T23:50,2032-03-28T01:50,scheduled,,2032-03-26T23:20,2032-04-20T14:10,3675000,time_blocks_assumption
JOB-001235-B01,JOB-001235,EVS360-018,IS510,1,3,4.0,2032-03-29T08:50,2032-03-29T12:50,scheduled,,2032-03-29T08:50,2032-04-23T09:35,2625000,time_blocks_assumption
JOB-001235-B02,JOB-001235,EVS360-018,IS510,2,3,4.0,2032-03-30T12:50,2032-03-30T16:50,scheduled,,2032-03-29T08:50,2032-04-23T09:35,2625000,time_blocks_assumption
JOB-001235-B03,JOB-001235,EVS360-018,IS510,3,3,2.0,2032-03-31T12:35,2032-03-31T14:35,scheduled,,2032-03-29T08:50,2032-04-23T09:35,2625000,time_blocks_assumption
JOB-000228-B01,JOB-000228,EVS360-004,IS510,1,3,4.0,2032-03-29T21:20,2032-03-30T01:20,scheduled,,2032-03-29T21:20,2032-04-23T12:35,3375000,time_blocks_assumption
JOB-000228-B02,JOB-000228,EVS360-004,IS510,2,3,4.0,2032-03-30T01:20,2032-03-30T05:20,scheduled,,2032-03-29T21:20,2032-04-23T12:35,3375000,time_blocks_assumption
JOB-000228-B03,JOB-000228,EVS360-004,IS510,3,3,2.0,2032-03-30T05:20,2032-03-30T07:20,scheduled,,2032-03-29T21:20,2032-04-23T12:35,3375000,time_blocks_assumption
JOB-002169-B01,JOB-002169,EVS360-031,IS520,1,4,4.0,2032-03-08T12:10,2032-03-08T16:10,scheduled,,2032-03-06T08:35,2032-04-24T08:50,1650000,time_blocks_assumption
JOB-002169-B02,JOB-002169,EVS360-031,IS520,2,4,4.0,2032-03-10T15:50,2032-03-10T19:50,scheduled,,2032-03-06T08:35,2032-04-24T08:50,1650000,time_blocks_assumption
JOB-002169-B03,JOB-002169,EVS360-031,IS520,3,4,4.0,2032-03-10T19:50,2032-03-10T23:50,scheduled,,2032-03-06T08:35,2032-04-24T08:50,1650000,time_blocks_assumption
JOB-002169-B04,JOB-002169,EVS360-031,IS520,4,4,4.0,2032-03-10T23:50,2032-03-11T03:50,scheduled,,2032-03-06T08:35,2032-04-24T08:50,1650000,time_blocks_assumption
JOB-000947-B01,JOB-000947,EVS360-014,IS520,1,4,4.0,2032-03-05T20:50,2032-03-06T00:50,scheduled,,2032-03-05T16:50,2032-04-24T09:35,2850000,time_blocks_assumption
JOB-000947-B02,JOB-000947,EVS360-014,IS520,2,4,4.0,2032-03-06T00:50,2032-03-06T04:50,scheduled,,2032-03-05T16:50,2032-04-24T09:35,2850000,time_blocks_assumption
JOB-000947-B03,JOB-000947,EVS360-014,IS520,3,4,4.0,2032-03-06T19:50,2032-03-06T23:50,scheduled,,2032-03-05T16:50,2032-04-24T09:35,2850000,time_blocks_assumption
JOB-000947-B04,JOB-000947,EVS360-014,IS520,4,4,4.0,2032-03-06T23:50,2032-03-07T03:50,scheduled,,2032-03-05T16:50,2032-04-24T09:35,2850000,time_blocks_assumption
JOB-002386-B01,JOB-002386,EVS360-034,IS510,1,3,4.0,2032-03-31T20:50,2032-04-01T00:50,scheduled,,2032-03-31T20:50,2032-04-25T12:10,1425000,time_blocks_assumption
JOB-002386-B02,JOB-002386,EVS360-034,IS510,2,3,4.0,2032-04-01T00:50,2032-04-01T04:50,scheduled,,2032-03-31T20:50,2032-04-25T12:10,1425000,time_blocks_assumption
JOB-002386-B03,JOB-002386,EVS360-034,IS510,3,3,2.0,2032-04-01T04:50,2032-04-01T06:50,scheduled,,2032-03-31T20:50,2032-04-25T12:10,1425000,time_blocks_assumption
JOB-002458-B01,JOB-002458,EVS360-035,IS510,1,3,4.0,2032-04-04T11:50,2032-04-04T15:50,scheduled,,2032-04-03T08:10,2032-04-27T16:10,1275000,time_blocks_assumption
JOB-002458-B02,JOB-002458,EVS360-035,IS510,2,3,4.0,2032-04-06T13:20,2032-04-06T17:20,scheduled,,2032-04-03T08:10,2032-04-27T16:10,1275000,time_blocks_assumption
JOB-002458-B03,JOB-002458,EVS360-035,IS510,3,3,2.0,2032-04-06T17:20,2032-04-06T19:20,scheduled,,2032-04-03T08:10,2032-04-27T16:10,1275000,time_blocks_assumption
JOB-000657-B01,JOB-000657,EVS360-010,IS530,1,9,4.0,2032-01-23T09:20,2032-01-23T13:20,scheduled,,2032-01-22T16:10,2032-04-30T10:10,3300000,time_blocks_assumption
JOB-000657-B02,JOB-000657,EVS360-010,IS530,2,9,4.0,2032-01-24T11:20,2032-01-24T15:20,scheduled,,2032-01-22T16:10,2032-04-30T10:10,3300000,time_blocks_assumption
JOB-000657-B03,JOB-000657,EVS360-010,IS530,3,9,4.0,2032-01-25T12:50,2032-01-25T16:50,scheduled,,2032-01-22T16:10,2032-04-30T10:10,3300000,time_blocks_assumption
JOB-000657-B04,JOB-000657,EVS360-010,IS530,4,9,4.0,2032-01-26T14:50,2032-01-26T18:50,scheduled,,2032-01-22T16:10,2032-04-30T10:10,3300000,time_blocks_assumption
JOB-000657-B05,JOB-000657,EVS360-010,IS530,5,9,4.0,2032-01-27T20:50,2032-01-28T00:50,scheduled,,2032-01-22T16:10,2032-04-30T10:10,3300000,time_blocks_assumption
JOB-000657-B06,JOB-000657,EVS360-010,IS530,6,9,4.0,2032-01-28T00:50,2032-01-28T04:50,scheduled,,2032-01-22T16:10,2032-04-30T10:10,3300000,time_blocks_assumption
JOB-000657-B07,JOB-000657,EVS360-010,IS530,7,9,4.0,2032-01-28T19:50,2032-01-28T23:50,scheduled,,2032-01-22T16:10,2032-04-30T10:10,3300000,time_blocks_assumption
JOB-000657-B08,JOB-000657,EVS360-010,IS530,8,9,4.0,2032-01-28T23:50,2032-01-29T03:50,scheduled,,2032-01-22T16:10,2032-04-30T10:10,3300000,time_blocks_assumption
JOB-000657-B09,JOB-000657,EVS360-010,IS530,9,9,4.0,2032-01-29T03:50,2032-01-29T07:50,scheduled,,2032-01-22T16:10,2032-04-30T10:10,3300000,time_blocks_assumption
JOB-001885-B01,JOB-001885,EVS360-027,IS510,1,3,4.0,2032-04-08T15:20,2032-04-08T19:20,scheduled,,2032-04-06T19:20,2032-05-01T10:10,2025000,time_blocks_assumption
JOB-001885-B02,JOB-001885,EVS360-027,IS510,2,3,4.0,2032-04-09T15:20,2032-04-09T19:20,scheduled,,2032-04-06T19:20,2032-05-01T10:10,2025000,time_blocks_assumption
JOB-001885-B03,JOB-001885,EVS360-027,IS510,3,3,2.0,2032-04-09T19:20,2032-04-09T21:20,scheduled,,2032-04-06T19:20,2032-05-01T10:10,2025000,time_blocks_assumption
JOB-000589-B01,JOB-000589,EVS360-009,IS510,1,3,4.0,2032-04-06T20:35,2032-04-07T00:35,scheduled,,2032-04-06T20:35,2032-05-01T11:50,3225000,time_blocks_assumption
JOB-000589-B02,JOB-000589,EVS360-009,IS510,2,3,4.0,2032-04-07T00:35,2032-04-07T04:35,scheduled,,2032-04-06T20:35,2032-05-01T11:50,3225000,time_blocks_assumption
JOB-000589-B03,JOB-000589,EVS360-009,IS510,3,3,2.0,2032-04-07T04:35,2032-04-07T06:35,scheduled,,2032-04-06T20:35,2032-05-01T11:50,3225000,time_blocks_assumption
JOB-001163-B01,JOB-001163,EVS360-017,IS520,1,4,4.0,2032-03-14T16:50,2032-03-14T20:50,scheduled,,2032-03-13T14:50,2032-05-01T15:20,2550000,time_blocks_assumption
JOB-001163-B02,JOB-001163,EVS360-017,IS520,2,4,4.0,2032-03-14T20:50,2032-03-15T00:50,scheduled,,2032-03-13T14:50,2032-05-01T15:20,2550000,time_blocks_assumption
JOB-001163-B03,JOB-001163,EVS360-017,IS520,3,4,4.0,2032-03-15T00:50,2032-03-15T04:50,scheduled,,2032-03-13T14:50,2032-05-01T15:20,2550000,time_blocks_assumption
JOB-001163-B04,JOB-001163,EVS360-017,IS520,4,4,4.0,2032-03-15T19:50,2032-03-15T23:50,scheduled,,2032-03-13T14:50,2032-05-01T15:20,2550000,time_blocks_assumption
JOB-000011-B01,JOB-000011,EVS360-001,IS510,1,3,4.0,2032-04-08T20:35,2032-04-09T00:35,scheduled,,2032-04-08T20:35,2032-05-03T11:50,3675000,time_blocks_assumption
JOB-000011-B02,JOB-000011,EVS360-001,IS510,2,3,4.0,2032-04-09T00:35,2032-04-09T04:35,scheduled,,2032-04-08T20:35,2032-05-03T11:50,3675000,time_blocks_assumption
JOB-000011-B03,JOB-000011,EVS360-001,IS510,3,3,2.0,2032-04-09T04:35,2032-04-09T06:35,scheduled,,2032-04-08T20:35,2032-05-03T11:50,3675000,time_blocks_assumption
JOB-001741-B01,JOB-001741,EVS360-025,IS520,1,4,4.0,2032-03-19T11:50,2032-03-19T15:50,scheduled,,2032-03-17T16:50,2032-05-05T17:20,1950000,time_blocks_assumption
JOB-001741-B02,JOB-001741,EVS360-025,IS520,2,4,4.0,2032-03-21T15:20,2032-03-21T19:20,scheduled,,2032-03-17T16:50,2032-05-05T17:20,1950000,time_blocks_assumption
JOB-001741-B03,JOB-001741,EVS360-025,IS520,3,4,4.0,2032-03-21T19:20,2032-03-21T23:20,scheduled,,2032-03-17T16:50,2032-05-05T17:20,1950000,time_blocks_assumption
JOB-001741-B04,JOB-001741,EVS360-025,IS520,4,4,4.0,2032-03-21T23:20,2032-03-22T03:20,scheduled,,2032-03-17T16:50,2032-05-05T17:20,1950000,time_blocks_assumption
JOB-001020-B01,JOB-001020,EVS360-015,IS520,1,4,4.0,2032-03-24T16:10,2032-03-24T20:10,scheduled,,2032-03-23T14:10,2032-05-11T14:50,2850000,time_blocks_assumption
JOB-001020-B02,JOB-001020,EVS360-015,IS520,2,4,4.0,2032-03-24T20:10,2032-03-25T00:10,scheduled,,2032-03-23T14:10,2032-05-11T14:50,2850000,time_blocks_assumption
JOB-001020-B03,JOB-001020,EVS360-015,IS520,3,4,4.0,2032-03-25T00:10,2032-03-25T04:10,scheduled,,2032-03-23T14:10,2032-05-11T14:50,2850000,time_blocks_assumption
JOB-001020-B04,JOB-001020,EVS360-015,IS520,4,4,4.0,2032-03-25T18:50,2032-03-25T22:50,scheduled,,2032-03-23T14:10,2032-05-11T14:50,2850000,time_blocks_assumption
JOB-000869-B01,JOB-000869,EVS360-013,IS540,1,14,4.0,2032-01-06T15:20,2032-01-06T19:20,scheduled,,2032-01-05T00:00,2032-05-12T15:50,3000000,time_blocks_assumption
JOB-000869-B02,JOB-000869,EVS360-013,IS540,2,14,4.0,2032-01-06T19:20,2032-01-06T23:20,scheduled,,2032-01-05T00:00,2032-05-12T15:50,3000000,time_blocks_assumption
JOB-000869-B03,JOB-000869,EVS360-013,IS540,3,14,4.0,2032-01-06T23:20,2032-01-07T03:20,scheduled,,2032-01-05T00:00,2032-05-12T15:50,3000000,time_blocks_assumption
JOB-000869-B04,JOB-000869,EVS360-013,IS540,4,14,4.0,2032-01-07T17:20,2032-01-07T21:20,scheduled,,2032-01-05T00:00,2032-05-12T15:50,3000000,time_blocks_assumption
JOB-000869-B05,JOB-000869,EVS360-013,IS540,5,14,4.0,2032-01-07T21:20,2032-01-08T01:20,scheduled,,2032-01-05T00:00,2032-05-12T15:50,3000000,time_blocks_assumption
JOB-000869-B06,JOB-000869,EVS360-013,IS540,6,14,4.0,2032-01-08T01:20,2032-01-08T05:20,scheduled,,2032-01-05T00:00,2032-05-12T15:50,3000000,time_blocks_assumption
JOB-000869-B07,JOB-000869,EVS360-013,IS540,7,14,4.0,2032-01-08T20:10,2032-01-09T00:10,scheduled,,2032-01-05T00:00,2032-05-12T15:50,3000000,time_blocks_assumption
JOB-000869-B08,JOB-000869,EVS360-013,IS540,8,14,4.0,2032-01-09T00:10,2032-01-09T04:10,scheduled,,2032-01-05T00:00,2032-05-12T15:50,3000000,time_blocks_assumption
JOB-000869-B09,JOB-000869,EVS360-013,IS540,9,14,4.0,2032-01-09T04:10,2032-01-09T08:10,scheduled,,2032-01-05T00:00,2032-05-12T15:50,3000000,time_blocks_assumption
JOB-000869-B10,JOB-000869,EVS360-013,IS540,10,14,4.0,2032-01-09T21:50,2032-01-10T01:50,scheduled,,2032-01-05T00:00,2032-05-12T15:50,3000000,time_blocks_assumption
JOB-000869-B11,JOB-000869,EVS360-013,IS540,11,14,4.0,2032-01-10T01:50,2032-01-10T05:50,scheduled,,2032-01-05T00:00,2032-05-12T15:50,3000000,time_blocks_assumption
JOB-000869-B12,JOB-000869,EVS360-013,IS540,12,14,4.0,2032-01-10T05:50,2032-01-10T09:50,scheduled,,2032-01-05T00:00,2032-05-12T15:50,3000000,time_blocks_assumption
JOB-000869-B13,JOB-000869,EVS360-013,IS540,13,14,4.0,2032-01-11T03:20,2032-01-11T07:20,scheduled,,2032-01-05T00:00,2032-05-12T15:50,3000000,time_blocks_assumption
JOB-000869-B14,JOB-000869,EVS360-013,IS540,14,14,4.0,2032-01-11T07:20,2032-01-11T11:20,scheduled,,2032-01-05T00:00,2032-05-12T15:50,3000000,time_blocks_assumption
JOB-000158-B01,JOB-000158,EVS360-003,IS510,1,3,4.0,2032-04-23T14:10,2032-04-23T18:10,scheduled,,2032-04-22T19:50,2032-05-17T10:50,3525000,time_blocks_assumption
JOB-000158-B02,JOB-000158,EVS360-003,IS510,2,3,4.0,2032-04-24T13:50,2032-04-24T17:50,scheduled,,2032-04-22T19:50,2032-05-17T10:50,3525000,time_blocks_assumption
JOB-000158-B03,JOB-000158,EVS360-003,IS510,3,3,2.0,2032-04-24T17:50,2032-04-24T19:50,scheduled,,2032-04-22T19:50,2032-05-17T10:50,3525000,time_blocks_assumption
JOB-000806-B01,JOB-000806,EVS360-012,IS510,1,3,4.0,2032-04-23T16:10,2032-04-23T20:10,scheduled,,2032-04-23T16:10,2032-05-18T08:35,3225000,time_blocks_assumption
JOB-000806-B02,JOB-000806,EVS360-012,IS510,2,3,4.0,2032-04-23T20:10,2032-04-24T00:10,scheduled,,2032-04-23T16:10,2032-05-18T08:35,3225000,time_blocks_assumption
JOB-000806-B03,JOB-000806,EVS360-012,IS510,3,3,2.0,2032-04-24T00:10,2032-04-24T02:10,scheduled,,2032-04-23T16:10,2032-05-18T08:35,3225000,time_blocks_assumption
JOB-000520-B01,JOB-000520,EVS360-008,IS510,1,3,4.0,2032-04-29T00:10,2032-04-29T04:10,scheduled,,2032-04-29T00:10,2032-05-23T15:50,3525000,time_blocks_assumption
JOB-000520-B02,JOB-000520,EVS360-008,IS510,2,3,4.0,2032-04-29T04:10,2032-04-29T08:10,scheduled,,2032-04-29T00:10,2032-05-23T15:50,3525000,time_blocks_assumption
JOB-000520-B03,JOB-000520,EVS360-008,IS510,3,3,2.0,2032-04-29T08:10,2032-04-29T10:10,scheduled,,2032-04-29T00:10,2032-05-23T15:50,3525000,time_blocks_assumption
JOB-002100-B01,JOB-002100,EVS360-030,IS520,1,4,4.0,2032-04-06T11:20,2032-04-06T15:20,scheduled,,2032-04-04T16:10,2032-05-23T16:50,1650000,time_blocks_assumption
JOB-002100-B02,JOB-002100,EVS360-030,IS520,2,4,4.0,2032-04-08T14:50,2032-04-08T18:50,scheduled,,2032-04-04T16:10,2032-05-23T16:50,1650000,time_blocks_assumption
JOB-002100-B03,JOB-002100,EVS360-030,IS520,3,4,4.0,2032-04-09T20:05,2032-04-10T00:05,scheduled,,2032-04-04T16:10,2032-05-23T16:50,1650000,time_blocks_assumption
JOB-002100-B04,JOB-002100,EVS360-030,IS520,4,4,4.0,2032-04-10T00:05,2032-04-10T04:05,scheduled,,2032-04-04T16:10,2032-05-23T16:50,1650000,time_blocks_assumption
JOB-000663-B01,JOB-000663,EVS360-010,IS510,1,3,4.0,2032-04-30T10:10,2032-04-30T14:10,scheduled,,2032-04-30T10:10,2032-05-24T19:50,3375000,time_blocks_assumption
JOB-000663-B02,JOB-000663,EVS360-010,IS510,2,3,4.0,2032-05-01T14:10,2032-05-01T18:10,scheduled,,2032-04-30T10:10,2032-05-24T19:50,3375000,time_blocks_assumption
JOB-000663-B03,JOB-000663,EVS360-010,IS510,3,3,2.0,2032-05-02T13:50,2032-05-02T15:50,scheduled,,2032-04-30T10:10,2032-05-24T19:50,3375000,time_blocks_assumption
JOB-002240-B01,JOB-002240,EVS360-032,IS530,1,9,4.0,2032-02-16T12:20,2032-02-16T16:20,scheduled,,2032-02-16T09:50,2032-05-24T20:10,1500000,time_blocks_assumption
JOB-002240-B02,JOB-002240,EVS360-032,IS530,2,9,4.0,2032-02-17T11:50,2032-02-17T15:50,scheduled,,2032-02-16T09:50,2032-05-24T20:10,1500000,time_blocks_assumption
JOB-002240-B03,JOB-002240,EVS360-032,IS530,3,9,4.0,2032-02-19T15:20,2032-02-19T19:20,scheduled,,2032-02-16T09:50,2032-05-24T20:10,1500000,time_blocks_assumption
JOB-002240-B04,JOB-002240,EVS360-032,IS530,4,9,4.0,2032-02-19T19:20,2032-02-19T23:20,scheduled,,2032-02-16T09:50,2032-05-24T20:10,1500000,time_blocks_assumption
JOB-002240-B05,JOB-002240,EVS360-032,IS530,5,9,4.0,2032-02-19T23:20,2032-02-20T03:20,scheduled,,2032-02-16T09:50,2032-05-24T20:10,1500000,time_blocks_assumption
JOB-002240-B06,JOB-002240,EVS360-032,IS530,6,9,4.0,2032-02-20T23:50,2032-02-21T03:50,scheduled,,2032-02-16T09:50,2032-05-24T20:10,1500000,time_blocks_assumption
JOB-002240-B07,JOB-002240,EVS360-032,IS530,7,9,4.0,2032-02-21T20:10,2032-02-22T00:10,scheduled,,2032-02-16T09:50,2032-05-24T20:10,1500000,time_blocks_assumption
JOB-002240-B08,JOB-002240,EVS360-032,IS530,8,9,4.0,2032-02-22T00:10,2032-02-22T04:10,scheduled,,2032-02-16T09:50,2032-05-24T20:10,1500000,time_blocks_assumption
JOB-002240-B09,JOB-002240,EVS360-032,IS530,9,9,4.0,2032-02-22T04:10,2032-02-22T08:10,scheduled,,2032-02-16T09:50,2032-05-24T20:10,1500000,time_blocks_assumption
JOB-001093-B01,JOB-001093,EVS360-016,IS520,1,4,4.0,2032-04-06T01:50,2032-04-06T05:50,scheduled,,2032-04-05T21:50,2032-05-24T22:10,2850000,time_blocks_assumption
JOB-001093-B02,JOB-001093,EVS360-016,IS520,2,4,4.0,2032-04-06T05:50,2032-04-06T09:50,scheduled,,2032-04-05T21:50,2032-05-24T22:10,2850000,time_blocks_assumption
JOB-001093-B03,JOB-001093,EVS360-016,IS520,3,4,4.0,2032-04-06T23:20,2032-04-07T03:20,scheduled,,2032-04-05T21:50,2032-05-24T22:10,2850000,time_blocks_assumption
JOB-001093-B04,JOB-001093,EVS360-016,IS520,4,4,4.0,2032-04-07T03:20,2032-04-07T07:20,scheduled,,2032-04-05T21:50,2032-05-24T22:10,2850000,time_blocks_assumption
JOB-002754-B01,JOB-002754,EVS360-039,IS510,1,3,4.0,2032-04-29T22:35,2032-04-30T02:35,scheduled,,2032-04-29T22:35,2032-05-24T23:20,1125000,time_blocks_assumption
JOB-002754-B02,JOB-002754,EVS360-039,IS510,2,3,4.0,2032-04-30T02:35,2032-04-30T06:35,scheduled,,2032-04-29T22:35,2032-05-24T23:20,1125000,time_blocks_assumption
JOB-002754-B03,JOB-002754,EVS360-039,IS510,3,3,2.0,2032-04-30T06:35,2032-04-30T08:35,scheduled,,2032-04-29T22:35,2032-05-24T23:20,1125000,time_blocks_assumption
JOB-001959-B01,JOB-001959,EVS360-028,IS510,1,3,4.0,2032-05-01T21:20,2032-05-02T01:20,scheduled,,2032-05-01T10:50,2032-05-25T20:10,1875000,time_blocks_assumption
JOB-001959-B02,JOB-001959,EVS360-028,IS510,2,3,4.0,2032-05-02T01:20,2032-05-02T05:20,scheduled,,2032-05-01T10:50,2032-05-25T20:10,1875000,time_blocks_assumption
JOB-001959-B03,JOB-001959,EVS360-028,IS510,3,3,2.0,2032-05-02T05:20,2032-05-02T07:20,scheduled,,2032-05-01T10:50,2032-05-25T20:10,1875000,time_blocks_assumption
JOB-001669-B01,JOB-001669,EVS360-024,IS530,1,9,4.0,2032-02-21T15:20,2032-02-21T19:20,scheduled,,2032-02-21T15:20,2032-05-30T08:50,2100000,time_blocks_assumption
JOB-001669-B02,JOB-001669,EVS360-024,IS530,2,9,4.0,2032-02-21T19:20,2032-02-21T23:20,scheduled,,2032-02-21T15:20,2032-05-30T08:50,2100000,time_blocks_assumption
JOB-001669-B03,JOB-001669,EVS360-024,IS530,3,9,4.0,2032-02-21T23:20,2032-02-22T03:20,scheduled,,2032-02-21T15:20,2032-05-30T08:50,2100000,time_blocks_assumption
JOB-001669-B04,JOB-001669,EVS360-024,IS530,4,9,4.0,2032-02-22T19:50,2032-02-22T23:50,scheduled,,2032-02-21T15:20,2032-05-30T08:50,2100000,time_blocks_assumption
JOB-001669-B05,JOB-001669,EVS360-024,IS530,5,9,4.0,2032-02-22T23:50,2032-02-23T03:50,scheduled,,2032-02-21T15:20,2032-05-30T08:50,2100000,time_blocks_assumption
JOB-001669-B06,JOB-001669,EVS360-024,IS530,6,9,4.0,2032-02-23T20:10,2032-02-24T00:10,scheduled,,2032-02-21T15:20,2032-05-30T08:50,2100000,time_blocks_assumption
JOB-001669-B07,JOB-001669,EVS360-024,IS530,7,9,4.0,2032-02-24T00:10,2032-02-24T04:10,scheduled,,2032-02-21T15:20,2032-05-30T08:50,2100000,time_blocks_assumption
JOB-001669-B08,JOB-001669,EVS360-024,IS530,8,9,4.0,2032-02-24T04:10,2032-02-24T08:10,scheduled,,2032-02-21T15:20,2032-05-30T08:50,2100000,time_blocks_assumption
JOB-001669-B09,JOB-001669,EVS360-024,IS530,9,9,4.0,2032-02-25T00:20,2032-02-25T04:20,scheduled,,2032-02-21T15:20,2032-05-30T08:50,2100000,time_blocks_assumption
JOB-000448-B01,JOB-000448,EVS360-007,IS520,1,4,4.0,2032-04-15T21:20,2032-04-16T01:20,scheduled,,2032-04-15T17:20,2032-06-04T09:50,3450000,time_blocks_assumption
JOB-000448-B02,JOB-000448,EVS360-007,IS520,2,4,4.0,2032-04-16T01:20,2032-04-16T05:20,scheduled,,2032-04-15T17:20,2032-06-04T09:50,3450000,time_blocks_assumption
JOB-000448-B03,JOB-000448,EVS360-007,IS520,3,4,4.0,2032-04-16T20:10,2032-04-17T00:10,scheduled,,2032-04-15T17:20,2032-06-04T09:50,3450000,time_blocks_assumption
JOB-000448-B04,JOB-000448,EVS360-007,IS520,4,4,4.0,2032-04-17T00:10,2032-04-17T04:10,scheduled,,2032-04-15T17:20,2032-06-04T09:50,3450000,time_blocks_assumption
JOB-001813-B01,JOB-001813,EVS360-026,IS530,1,9,4.0,2032-02-27T11:50,2032-02-27T15:50,scheduled,,2032-02-26T16:10,2032-06-04T10:10,2100000,time_blocks_assumption
JOB-001813-B02,JOB-001813,EVS360-026,IS530,2,9,4.0,2032-02-28T11:20,2032-02-28T15:20,scheduled,,2032-02-26T16:10,2032-06-04T10:10,2100000,time_blocks_assumption
JOB-001813-B03,JOB-001813,EVS360-026,IS530,3,9,4.0,2032-03-01T14:50,2032-03-01T18:50,scheduled,,2032-02-26T16:10,2032-06-04T10:10,2100000,time_blocks_assumption
JOB-001813-B04,JOB-001813,EVS360-026,IS530,4,9,4.0,2032-03-02T23:20,2032-03-03T03:20,scheduled,,2032-02-26T16:10,2032-06-04T10:10,2100000,time_blocks_assumption
JOB-001813-B05,JOB-001813,EVS360-026,IS530,5,9,4.0,2032-03-03T19:50,2032-03-03T23:50,scheduled,,2032-02-26T16:10,2032-06-04T10:10,2100000,time_blocks_assumption
JOB-001813-B06,JOB-001813,EVS360-026,IS530,6,9,4.0,2032-03-03T23:50,2032-03-04T03:50,scheduled,,2032-02-26T16:10,2032-06-04T10:10,2100000,time_blocks_assumption
JOB-001813-B07,JOB-001813,EVS360-026,IS530,7,9,4.0,2032-03-04T03:50,2032-03-04T07:50,scheduled,,2032-02-26T16:10,2032-06-04T10:10,2100000,time_blocks_assumption
JOB-001813-B08,JOB-001813,EVS360-026,IS530,8,9,4.0,2032-03-05T00:50,2032-03-05T04:50,scheduled,,2032-02-26T16:10,2032-06-04T10:10,2100000,time_blocks_assumption
JOB-001813-B09,JOB-001813,EVS360-026,IS530,9,9,4.0,2032-03-05T04:50,2032-03-05T08:50,scheduled,,2032-02-26T16:10,2032-06-04T10:10,2100000,time_blocks_assumption
JOB-002031-B01,JOB-002031,EVS360-029,IS510,1,3,4.0,2032-05-12T00:10,2032-05-12T04:10,scheduled,,2032-05-11T11:50,2032-06-04T20:50,1725000,time_blocks_assumption
JOB-002031-B02,JOB-002031,EVS360-029,IS510,2,3,4.0,2032-05-12T04:10,2032-05-12T08:10,scheduled,,2032-05-11T11:50,2032-06-04T20:50,1725000,time_blocks_assumption
JOB-002031-B03,JOB-002031,EVS360-029,IS510,3,3,2.0,2032-05-12T08:10,2032-05-12T10:10,scheduled,,2032-05-11T11:50,2032-06-04T20:50,1725000,time_blocks_assumption
JOB-000737-B01,JOB-000737,EVS360-011,IS510,1,3,4.0,2032-05-15T21:20,2032-05-16T01:20,scheduled,,2032-05-15T21:20,2032-06-09T12:35,3075000,time_blocks_assumption
JOB-000737-B02,JOB-000737,EVS360-011,IS510,2,3,4.0,2032-05-16T01:20,2032-05-16T05:20,scheduled,,2032-05-15T21:20,2032-06-09T12:35,3075000,time_blocks_assumption
JOB-000737-B03,JOB-000737,EVS360-011,IS510,3,3,2.0,2032-05-16T05:20,2032-05-16T07:20,scheduled,,2032-05-15T21:20,2032-06-09T12:35,3075000,time_blocks_assumption
JOB-000953-B01,JOB-000953,EVS360-014,IS510,1,3,4.0,2032-05-19T11:20,2032-05-19T15:20,scheduled,,2032-05-18T18:50,2032-06-12T09:50,2925000,time_blocks_assumption
JOB-000953-B02,JOB-000953,EVS360-014,IS510,2,3,4.0,2032-05-20T14:50,2032-05-20T18:50,scheduled,,2032-05-18T18:50,2032-06-12T09:50,2925000,time_blocks_assumption
JOB-000953-B03,JOB-000953,EVS360-014,IS510,3,3,2.0,2032-05-21T14:50,2032-05-21T16:50,scheduled,,2032-05-18T18:50,2032-06-12T09:50,2925000,time_blocks_assumption
JOB-002175-B01,JOB-002175,EVS360-031,IS510,1,3,4.0,2032-05-19T22:10,2032-05-20T02:10,scheduled,,2032-05-19T09:35,2032-06-12T18:50,1725000,time_blocks_assumption
JOB-002175-B02,JOB-002175,EVS360-031,IS510,2,3,4.0,2032-05-20T02:10,2032-05-20T06:10,scheduled,,2032-05-19T09:35,2032-06-12T18:50,1725000,time_blocks_assumption
JOB-002175-B03,JOB-002175,EVS360-031,IS510,3,3,2.0,2032-05-20T06:10,2032-05-20T08:10,scheduled,,2032-05-19T09:35,2032-06-12T18:50,1725000,time_blocks_assumption
JOB-002246-B01,JOB-002246,EVS360-032,IS510,1,3,4.0,2032-05-25T12:35,2032-05-25T16:35,scheduled,,2032-05-24T20:10,2032-06-18T11:20,1575000,time_blocks_assumption
JOB-002246-B02,JOB-002246,EVS360-032,IS510,2,3,4.0,2032-05-27T16:10,2032-05-27T20:10,scheduled,,2032-05-24T20:10,2032-06-18T11:20,1575000,time_blocks_assumption
JOB-002246-B03,JOB-002246,EVS360-032,IS510,3,3,2.0,2032-05-27T20:10,2032-05-27T22:10,scheduled,,2032-05-24T20:10,2032-06-18T11:20,1575000,time_blocks_assumption
JOB-001953-B01,JOB-001953,EVS360-028,IS540,1,14,4.0,2032-01-06T00:10,2032-01-06T04:10,scheduled,,2032-01-05T00:00,2032-06-19T11:20,1800000,time_blocks_assumption
JOB-001953-B02,JOB-001953,EVS360-028,IS540,2,14,4.0,2032-01-06T04:10,2032-01-06T08:10,scheduled,,2032-01-05T00:00,2032-06-19T11:20,1800000,time_blocks_assumption
JOB-001953-B03,JOB-001953,EVS360-028,IS540,3,14,4.0,2032-01-07T02:20,2032-01-07T06:20,scheduled,,2032-01-05T00:00,2032-06-19T11:20,1800000,time_blocks_assumption
JOB-001953-B04,JOB-001953,EVS360-028,IS540,4,14,4.0,2032-01-07T06:20,2032-01-07T10:20,scheduled,,2032-01-05T00:00,2032-06-19T11:20,1800000,time_blocks_assumption
JOB-001953-B05,JOB-001953,EVS360-028,IS540,5,14,4.0,2032-01-08T08:10,2032-01-08T12:10,scheduled,,2032-01-05T00:00,2032-06-19T11:20,1800000,time_blocks_assumption
JOB-001953-B06,JOB-001953,EVS360-028,IS540,6,14,4.0,2032-01-12T15:20,2032-01-12T19:20,scheduled,,2032-01-05T00:00,2032-06-19T11:20,1800000,time_blocks_assumption
JOB-001953-B07,JOB-001953,EVS360-028,IS540,7,14,4.0,2032-01-12T19:20,2032-01-12T23:20,scheduled,,2032-01-05T00:00,2032-06-19T11:20,1800000,time_blocks_assumption
JOB-001953-B08,JOB-001953,EVS360-028,IS540,8,14,4.0,2032-01-12T23:20,2032-01-13T03:20,scheduled,,2032-01-05T00:00,2032-06-19T11:20,1800000,time_blocks_assumption
JOB-001953-B09,JOB-001953,EVS360-028,IS540,9,14,4.0,2032-01-13T21:10,2032-01-14T01:10,scheduled,,2032-01-05T00:00,2032-06-19T11:20,1800000,time_blocks_assumption
JOB-001953-B10,JOB-001953,EVS360-028,IS540,10,14,4.0,2032-01-14T01:10,2032-01-14T05:10,scheduled,,2032-01-05T00:00,2032-06-19T11:20,1800000,time_blocks_assumption
JOB-001953-B11,JOB-001953,EVS360-028,IS540,11,14,4.0,2032-01-14T20:10,2032-01-15T00:10,scheduled,,2032-01-05T00:00,2032-06-19T11:20,1800000,time_blocks_assumption
JOB-001953-B12,JOB-001953,EVS360-028,IS540,12,14,4.0,2032-01-15T00:10,2032-01-15T04:10,scheduled,,2032-01-05T00:00,2032-06-19T11:20,1800000,time_blocks_assumption
JOB-001953-B13,JOB-001953,EVS360-028,IS540,13,14,4.0,2032-01-15T04:10,2032-01-15T08:10,scheduled,,2032-01-05T00:00,2032-06-19T11:20,1800000,time_blocks_assumption
JOB-001953-B14,JOB-001953,EVS360-028,IS540,14,14,4.0,2032-01-16T00:50,2032-01-16T04:50,scheduled,,2032-01-05T00:00,2032-06-19T11:20,1800000,time_blocks_assumption
JOB-001169-B01,JOB-001169,EVS360-017,IS510,1,3,4.0,2032-05-27T09:20,2032-05-27T13:20,scheduled,,2032-05-26T16:10,2032-06-20T08:35,2625000,time_blocks_assumption
JOB-001169-B02,JOB-001169,EVS360-017,IS510,2,3,4.0,2032-05-28T13:20,2032-05-28T17:20,scheduled,,2032-05-26T16:10,2032-06-20T08:35,2625000,time_blocks_assumption
JOB-001169-B03,JOB-001169,EVS360-017,IS510,3,3,2.0,2032-05-29T12:50,2032-05-29T14:50,scheduled,,2032-05-26T16:10,2032-06-20T08:35,2625000,time_blocks_assumption
JOB-001458-B01,JOB-001458,EVS360-021,IS520,1,4,4.0,2032-05-07T10:10,2032-05-07T14:10,scheduled,,2032-05-05T14:50,2032-06-23T15:20,2550000,time_blocks_assumption
JOB-001458-B02,JOB-001458,EVS360-021,IS520,2,4,4.0,2032-05-08T14:40,2032-05-08T18:40,scheduled,,2032-05-05T14:50,2032-06-23T15:20,2550000,time_blocks_assumption
JOB-001458-B03,JOB-001458,EVS360-021,IS520,3,4,4.0,2032-05-09T13:50,2032-05-09T17:50,scheduled,,2032-05-05T14:50,2032-06-23T15:20,2550000,time_blocks_assumption
JOB-001458-B04,JOB-001458,EVS360-021,IS520,4,4,4.0,2032-05-10T18:20,2032-05-10T22:20,scheduled,,2032-05-05T14:50,2032-06-23T15:20,2550000,time_blocks_assumption
JOB-001675-B01,JOB-001675,EVS360-024,IS510,1,3,4.0,2032-05-30T18:50,2032-05-30T22:50,scheduled,,2032-05-30T08:50,2032-06-23T17:20,2175000,time_blocks_assumption
JOB-001675-B02,JOB-001675,EVS360-024,IS510,2,3,4.0,2032-05-30T22:50,2032-05-31T02:50,scheduled,,2032-05-30T08:50,2032-06-23T17:20,2175000,time_blocks_assumption
JOB-001675-B03,JOB-001675,EVS360-024,IS510,3,3,2.0,2032-05-31T02:50,2032-05-31T04:50,scheduled,,2032-05-30T08:50,2032-06-23T17:20,2175000,time_blocks_assumption
JOB-001747-B01,JOB-001747,EVS360-025,IS510,1,3,4.0,2032-05-30T19:50,2032-05-30T23:50,scheduled,,2032-05-30T19:50,2032-06-24T10:50,2025000,time_blocks_assumption
JOB-001747-B02,JOB-001747,EVS360-025,IS510,2,3,4.0,2032-05-30T23:50,2032-05-31T03:50,scheduled,,2032-05-30T19:50,2032-06-24T10:50,2025000,time_blocks_assumption
JOB-001747-B03,JOB-001747,EVS360-025,IS510,3,3,2.0,2032-05-31T03:50,2032-05-31T05:50,scheduled,,2032-05-30T19:50,2032-06-24T10:50,2025000,time_blocks_assumption
JOB-001819-B01,JOB-001819,EVS360-026,IS510,1,3,4.0,2032-06-05T14:10,2032-06-05T18:10,scheduled,,2032-06-04T10:10,2032-06-28T19:50,2175000,time_blocks_assumption
JOB-001819-B02,JOB-001819,EVS360-026,IS510,2,3,4.0,2032-06-07T15:50,2032-06-07T19:50,scheduled,,2032-06-04T10:10,2032-06-28T19:50,2175000,time_blocks_assumption
JOB-001819-B03,JOB-001819,EVS360-026,IS510,3,3,2.0,2032-06-07T19:50,2032-06-07T21:50,scheduled,,2032-06-04T10:10,2032-06-28T19:50,2175000,time_blocks_assumption
JOB-001026-B01,JOB-001026,EVS360-015,IS510,1,3,4.0,2032-06-06T10:50,2032-06-06T14:50,scheduled,,2032-06-05T15:20,2032-06-30T08:10,2925000,time_blocks_assumption
JOB-001026-B02,JOB-001026,EVS360-015,IS510,2,3,4.0,2032-06-07T10:50,2032-06-07T14:50,scheduled,,2032-06-05T15:20,2032-06-30T08:10,2925000,time_blocks_assumption
JOB-001026-B03,JOB-001026,EVS360-015,IS510,3,3,2.0,2032-06-07T14:50,2032-06-07T16:50,scheduled,,2032-06-05T15:20,2032-06-30T08:10,2925000,time_blocks_assumption
JOB-002536-B01,JOB-002536,EVS360-036,IS520,1,4,4.0,2032-05-13T12:40,2032-05-13T16:40,scheduled,,2032-05-12T08:35,2032-06-30T08:50,1350000,time_blocks_assumption
JOB-002536-B02,JOB-002536,EVS360-036,IS520,2,4,4.0,2032-05-14T12:10,2032-05-14T16:10,scheduled,,2032-05-12T08:35,2032-06-30T08:50,1350000,time_blocks_assumption
JOB-002536-B03,JOB-002536,EVS360-036,IS520,3,4,4.0,2032-05-16T15:50,2032-05-16T19:50,scheduled,,2032-05-12T08:35,2032-06-30T08:50,1350000,time_blocks_assumption
JOB-002536-B04,JOB-002536,EVS360-036,IS520,4,4,4.0,2032-05-16T19:50,2032-05-16T23:50,scheduled,,2032-05-12T08:35,2032-06-30T08:50,1350000,time_blocks_assumption
JOB-000379-B01,JOB-000379,EVS360-006,IS510,1,3,4.0,2032-06-05T21:50,2032-06-06T01:50,scheduled,,2032-06-05T21:50,2032-06-30T12:50,3675000,time_blocks_assumption
JOB-000379-B02,JOB-000379,EVS360-006,IS510,2,3,4.0,2032-06-06T01:50,2032-06-06T05:50,scheduled,,2032-06-05T21:50,2032-06-30T12:50,3675000,time_blocks_assumption
JOB-000379-B03,JOB-000379,EVS360-006,IS510,3,3,2.0,2032-06-06T05:50,2032-06-06T07:50,scheduled,,2032-06-05T21:50,2032-06-30T12:50,3675000,time_blocks_assumption
JOB-000881-B01,JOB-000881,EVS360-013,IS520,1,4,4.0,2032-05-12T19:50,2032-05-12T23:50,scheduled,,2032-05-12T15:50,2032-06-30T16:10,3150000,time_blocks_assumption
JOB-000881-B02,JOB-000881,EVS360-013,IS520,2,4,4.0,2032-05-12T23:50,2032-05-13T03:50,scheduled,,2032-05-12T15:50,2032-06-30T16:10,3150000,time_blocks_assumption
JOB-000881-B03,JOB-000881,EVS360-013,IS520,3,4,4.0,2032-05-13T18:10,2032-05-13T22:10,scheduled,,2032-05-12T15:50,2032-06-30T16:10,3150000,time_blocks_assumption
JOB-000881-B04,JOB-000881,EVS360-013,IS520,4,4,4.0,2032-05-13T22:10,2032-05-14T02:10,scheduled,,2032-05-12T15:50,2032-06-30T16:10,3150000,time_blocks_assumption
JOB-002319-B01,JOB-002319,EVS360-033,IS520,1,4,4.0,2032-05-16T14:10,2032-05-16T18:10,scheduled,,2032-05-14T20:10,2032-07-02T20:35,1650000,time_blocks_assumption
JOB-002319-B02,JOB-002319,EVS360-033,IS520,2,4,4.0,2032-05-17T20:50,2032-05-18T00:50,scheduled,,2032-05-14T20:10,2032-07-02T20:35,1650000,time_blocks_assumption
JOB-002319-B03,JOB-002319,EVS360-033,IS520,3,4,4.0,2032-05-18T00:50,2032-05-18T04:50,scheduled,,2032-05-14T20:10,2032-07-02T20:35,1650000,time_blocks_assumption
JOB-002319-B04,JOB-002319,EVS360-033,IS520,4,4,4.0,2032-05-18T18:50,2032-05-18T22:50,scheduled,,2032-05-14T20:10,2032-07-02T20:35,1650000,time_blocks_assumption
JOB-000088-B01,JOB-000088,EVS360-002,IS520,1,4,4.0,2032-05-15T20:10,2032-05-16T00:10,scheduled,,2032-05-14T23:50,2032-07-03T00:10,3750000,time_blocks_assumption
JOB-000088-B02,JOB-000088,EVS360-002,IS520,2,4,4.0,2032-05-16T00:10,2032-05-16T04:10,scheduled,,2032-05-14T23:50,2032-07-03T00:10,3750000,time_blocks_assumption
JOB-000088-B03,JOB-000088,EVS360-002,IS520,3,4,4.0,2032-05-16T18:50,2032-05-16T22:50,scheduled,,2032-05-14T23:50,2032-07-03T00:10,3750000,time_blocks_assumption
JOB-000088-B04,JOB-000088,EVS360-002,IS520,4,4,4.0,2032-05-16T22:50,2032-05-17T02:50,scheduled,,2032-05-14T23:50,2032-07-03T00:10,3750000,time_blocks_assumption
JOB-000731-B01,JOB-000731,EVS360-011,IS540,1,14,4.0,2032-01-06T14:35,2032-01-06T18:35,scheduled,,2032-01-05T00:00,2032-07-04T12:50,3000000,time_blocks_assumption
JOB-000731-B02,JOB-000731,EVS360-011,IS540,2,14,4.0,2032-01-07T16:10,2032-01-07T20:10,scheduled,,2032-01-05T00:00,2032-07-04T12:50,3000000,time_blocks_assumption
JOB-000731-B03,JOB-000731,EVS360-011,IS540,3,14,4.0,2032-01-07T20:10,2032-01-08T00:10,scheduled,,2032-01-05T00:00,2032-07-04T12:50,3000000,time_blocks_assumption
JOB-000731-B04,JOB-000731,EVS360-011,IS540,4,14,4.0,2032-01-08T00:10,2032-01-08T04:10,scheduled,,2032-01-05T00:00,2032-07-04T12:50,3000000,time_blocks_assumption
JOB-000731-B05,JOB-000731,EVS360-011,IS540,5,14,4.0,2032-01-08T18:50,2032-01-08T22:50,scheduled,,2032-01-05T00:00,2032-07-04T12:50,3000000,time_blocks_assumption
JOB-000731-B06,JOB-000731,EVS360-011,IS540,6,14,4.0,2032-01-08T22:50,2032-01-09T02:50,scheduled,,2032-01-05T00:00,2032-07-04T12:50,3000000,time_blocks_assumption
JOB-000731-B07,JOB-000731,EVS360-011,IS540,7,14,4.0,2032-01-09T02:50,2032-01-09T06:50,scheduled,,2032-01-05T00:00,2032-07-04T12:50,3000000,time_blocks_assumption
JOB-000731-B08,JOB-000731,EVS360-011,IS540,8,14,4.0,2032-01-09T20:50,2032-01-10T00:50,scheduled,,2032-01-05T00:00,2032-07-04T12:50,3000000,time_blocks_assumption
JOB-000731-B09,JOB-000731,EVS360-011,IS540,9,14,4.0,2032-01-10T00:50,2032-01-10T04:50,scheduled,,2032-01-05T00:00,2032-07-04T12:50,3000000,time_blocks_assumption
JOB-000731-B10,JOB-000731,EVS360-011,IS540,10,14,4.0,2032-01-10T04:50,2032-01-10T08:50,scheduled,,2032-01-05T00:00,2032-07-04T12:50,3000000,time_blocks_assumption
JOB-000731-B11,JOB-000731,EVS360-011,IS540,11,14,4.0,2032-01-10T22:35,2032-01-11T02:35,scheduled,,2032-01-05T00:00,2032-07-04T12:50,3000000,time_blocks_assumption
JOB-000731-B12,JOB-000731,EVS360-011,IS540,12,14,4.0,2032-01-11T02:35,2032-01-11T06:35,scheduled,,2032-01-05T00:00,2032-07-04T12:50,3000000,time_blocks_assumption
JOB-000731-B13,JOB-000731,EVS360-011,IS540,13,14,4.0,2032-01-11T06:35,2032-01-11T10:35,scheduled,,2032-01-05T00:00,2032-07-04T12:50,3000000,time_blocks_assumption
JOB-000731-B14,JOB-000731,EVS360-011,IS540,14,14,4.0,2032-01-12T00:10,2032-01-12T04:10,scheduled,,2032-01-05T00:00,2032-07-04T12:50,3000000,time_blocks_assumption
JOB-000234-B01,JOB-000234,EVS360-004,IS520,1,4,4.0,2032-05-18T01:50,2032-05-18T05:50,scheduled,,2032-05-17T21:50,2032-07-06T13:20,3450000,time_blocks_assumption
JOB-000234-B02,JOB-000234,EVS360-004,IS520,2,4,4.0,2032-05-18T05:50,2032-05-18T09:50,scheduled,,2032-05-17T21:50,2032-07-06T13:20,3450000,time_blocks_assumption
JOB-000234-B03,JOB-000234,EVS360-004,IS520,3,4,4.0,2032-05-18T23:20,2032-05-19T03:20,scheduled,,2032-05-17T21:50,2032-07-06T13:20,3450000,time_blocks_assumption
JOB-000234-B04,JOB-000234,EVS360-004,IS520,4,4,4.0,2032-05-19T03:20,2032-05-19T07:20,scheduled,,2032-05-17T21:50,2032-07-06T13:20,3450000,time_blocks_assumption
JOB-002464-B01,JOB-002464,EVS360-035,IS520,1,4,4.0,2032-05-23T10:10,2032-05-23T14:10,scheduled,,2032-05-22T08:35,2032-07-10T08:50,1350000,time_blocks_assumption
JOB-002464-B02,JOB-002464,EVS360-035,IS520,2,4,4.0,2032-05-25T13:50,2032-05-25T17:50,scheduled,,2032-05-22T08:35,2032-07-10T08:50,1350000,time_blocks_assumption
JOB-002464-B03,JOB-002464,EVS360-035,IS520,3,4,4.0,2032-05-26T21:10,2032-05-27T01:10,scheduled,,2032-05-22T08:35,2032-07-10T08:50,1350000,time_blocks_assumption
JOB-002464-B04,JOB-002464,EVS360-035,IS520,4,4,4.0,2032-05-27T01:10,2032-05-27T05:10,scheduled,,2032-05-22T08:35,2032-07-10T08:50,1350000,time_blocks_assumption
JOB-002106-B01,JOB-002106,EVS360-030,IS510,1,3,4.0,2032-06-17T18:50,2032-06-17T22:50,scheduled,,2032-06-17T08:50,2032-07-11T17:20,1725000,time_blocks_assumption
JOB-002106-B02,JOB-002106,EVS360-030,IS510,2,3,4.0,2032-06-17T22:50,2032-06-18T02:50,scheduled,,2032-06-17T08:50,2032-07-11T17:20,1725000,time_blocks_assumption
JOB-002106-B03,JOB-002106,EVS360-030,IS510,3,3,2.0,2032-06-18T02:50,2032-06-18T04:50,scheduled,,2032-06-17T08:50,2032-07-11T17:20,1725000,time_blocks_assumption
JOB-001312-B01,JOB-001312,EVS360-019,IS530,1,9,4.0,2032-04-04T21:20,2032-04-05T01:20,scheduled,,2032-04-04T10:50,2032-07-11T22:10,2700000,time_blocks_assumption
JOB-001312-B02,JOB-001312,EVS360-019,IS530,2,9,4.0,2032-04-05T01:20,2032-04-05T05:20,scheduled,,2032-04-04T10:50,2032-07-11T22:10,2700000,time_blocks_assumption
JOB-001312-B03,JOB-001312,EVS360-019,IS530,3,9,4.0,2032-04-05T05:20,2032-04-05T09:20,scheduled,,2032-04-04T10:50,2032-07-11T22:10,2700000,time_blocks_assumption
JOB-001312-B04,JOB-001312,EVS360-019,IS530,4,9,4.0,2032-04-05T22:50,2032-04-06T02:50,scheduled,,2032-04-04T10:50,2032-07-11T22:10,2700000,time_blocks_assumption
JOB-001312-B05,JOB-001312,EVS360-019,IS530,5,9,4.0,2032-04-06T02:50,2032-04-06T06:50,scheduled,,2032-04-04T10:50,2032-07-11T22:10,2700000,time_blocks_assumption
JOB-001312-B06,JOB-001312,EVS360-019,IS530,6,9,4.0,2032-04-06T06:50,2032-04-06T10:50,scheduled,,2032-04-04T10:50,2032-07-11T22:10,2700000,time_blocks_assumption
JOB-001312-B07,JOB-001312,EVS360-019,IS530,7,9,4.0,2032-04-07T08:10,2032-04-07T12:10,scheduled,,2032-04-04T10:50,2032-07-11T22:10,2700000,time_blocks_assumption
JOB-001312-B08,JOB-001312,EVS360-019,IS530,8,9,4.0,2032-04-08T09:50,2032-04-08T13:50,scheduled,,2032-04-04T10:50,2032-07-11T22:10,2700000,time_blocks_assumption
JOB-001312-B09,JOB-001312,EVS360-019,IS530,9,9,4.0,2032-04-10T13:20,2032-04-10T17:20,scheduled,,2032-04-04T10:50,2032-07-11T22:10,2700000,time_blocks_assumption
JOB-001099-B01,JOB-001099,EVS360-016,IS510,1,3,4.0,2032-06-19T17:20,2032-06-19T21:20,scheduled,,2032-06-18T22:50,2032-07-13T13:50,2925000,time_blocks_assumption
JOB-001099-B02,JOB-001099,EVS360-016,IS510,2,3,4.0,2032-06-19T21:20,2032-06-20T01:20,scheduled,,2032-06-18T22:50,2032-07-13T13:50,2925000,time_blocks_assumption
JOB-001099-B03,JOB-001099,EVS360-016,IS510,3,3,2.0,2032-06-20T01:20,2032-06-20T03:20,scheduled,,2032-06-18T22:50,2032-07-13T13:50,2925000,time_blocks_assumption
JOB-000017-B01,JOB-000017,EVS360-001,IS520,1,4,4.0,2032-05-28T00:50,2032-05-28T04:50,scheduled,,2032-05-27T20:50,2032-07-15T21:20,3750000,time_blocks_assumption
JOB-000017-B02,JOB-000017,EVS360-001,IS520,2,4,4.0,2032-05-28T04:50,2032-05-28T08:50,scheduled,,2032-05-27T20:50,2032-07-15T21:20,3750000,time_blocks_assumption
JOB-000017-B03,JOB-000017,EVS360-001,IS520,3,4,4.0,2032-05-28T22:35,2032-05-29T02:35,scheduled,,2032-05-27T20:50,2032-07-15T21:20,3750000,time_blocks_assumption
JOB-000017-B04,JOB-000017,EVS360-001,IS520,4,4,4.0,2032-05-29T02:35,2032-05-29T06:35,scheduled,,2032-05-27T20:50,2032-07-15T21:20,3750000,time_blocks_assumption
JOB-002686-B01,JOB-002686,EVS360-038,IS510,1,3,4.0,2032-06-23T16:50,2032-06-23T20:50,scheduled,,2032-06-22T12:50,2032-07-16T22:10,1275000,time_blocks_assumption
JOB-002686-B02,JOB-002686,EVS360-038,IS510,2,3,4.0,2032-06-24T16:50,2032-06-24T20:50,scheduled,,2032-06-22T12:50,2032-07-16T22:10,1275000,time_blocks_assumption
JOB-002686-B03,JOB-002686,EVS360-038,IS510,3,3,2.0,2032-06-24T20:50,2032-06-24T22:50,scheduled,,2032-06-22T12:50,2032-07-16T22:10,1275000,time_blocks_assumption
JOB-001534-B01,JOB-001534,EVS360-022,IS510,1,3,4.0,2032-06-25T11:20,2032-06-25T15:20,scheduled,,2032-06-24T18:50,2032-07-19T09:50,2475000,time_blocks_assumption
JOB-001534-B02,JOB-001534,EVS360-022,IS510,2,3,4.0,2032-06-27T14:50,2032-06-27T18:50,scheduled,,2032-06-24T18:50,2032-07-19T09:50,2475000,time_blocks_assumption
JOB-001534-B03,JOB-001534,EVS360-022,IS510,3,3,2.0,2032-06-27T18:50,2032-06-27T20:50,scheduled,,2032-06-24T18:50,2032-07-19T09:50,2475000,time_blocks_assumption
JOB-001389-B01,JOB-001389,EVS360-020,IS510,1,3,4.0,2032-06-27T13:50,2032-06-27T17:50,scheduled,,2032-06-26T21:20,2032-07-21T12:35,2475000,time_blocks_assumption
JOB-001389-B02,JOB-001389,EVS360-020,IS510,2,3,4.0,2032-06-28T17:50,2032-06-28T21:50,scheduled,,2032-06-26T21:20,2032-07-21T12:35,2475000,time_blocks_assumption
JOB-001389-B03,JOB-001389,EVS360-020,IS510,3,3,2.0,2032-06-28T21:50,2032-06-28T23:50,scheduled,,2032-06-26T21:20,2032-07-21T12:35,2475000,time_blocks_assumption
JOB-000454-B01,JOB-000454,EVS360-007,IS510,1,3,4.0,2032-06-29T11:50,2032-06-29T15:50,scheduled,,2032-06-28T19:20,2032-07-23T10:10,3525000,time_blocks_assumption
JOB-000454-B02,JOB-000454,EVS360-007,IS510,2,3,4.0,2032-06-30T15:20,2032-06-30T19:20,scheduled,,2032-06-28T19:20,2032-07-23T10:10,3525000,time_blocks_assumption
JOB-000454-B03,JOB-000454,EVS360-007,IS510,3,3,2.0,2032-07-01T15:20,2032-07-01T17:20,scheduled,,2032-06-28T19:20,2032-07-23T10:10,3525000,time_blocks_assumption
JOB-000306-B01,JOB-000306,EVS360-005,IS530,1,9,4.0,2032-04-16T18:50,2032-04-16T22:50,scheduled,,2032-04-16T18:50,2032-07-23T20:10,3300000,time_blocks_assumption
JOB-000306-B02,JOB-000306,EVS360-005,IS530,2,9,4.0,2032-04-16T22:50,2032-04-17T02:50,scheduled,,2032-04-16T18:50,2032-07-23T20:10,3300000,time_blocks_assumption
JOB-000306-B03,JOB-000306,EVS360-005,IS530,3,9,4.0,2032-04-17T02:50,2032-04-17T06:50,scheduled,,2032-04-16T18:50,2032-07-23T20:10,3300000,time_blocks_assumption
JOB-000306-B04,JOB-000306,EVS360-005,IS530,4,9,4.0,2032-04-17T20:50,2032-04-18T00:50,scheduled,,2032-04-16T18:50,2032-07-23T20:10,3300000,time_blocks_assumption
JOB-000306-B05,JOB-000306,EVS360-005,IS530,5,9,4.0,2032-04-18T00:50,2032-04-18T04:50,scheduled,,2032-04-16T18:50,2032-07-23T20:10,3300000,time_blocks_assumption
JOB-000306-B06,JOB-000306,EVS360-005,IS530,6,9,4.0,2032-04-18T04:50,2032-04-18T08:50,scheduled,,2032-04-16T18:50,2032-07-23T20:10,3300000,time_blocks_assumption
JOB-000306-B07,JOB-000306,EVS360-005,IS530,7,9,4.0,2032-04-18T22:35,2032-04-19T02:35,scheduled,,2032-04-16T18:50,2032-07-23T20:10,3300000,time_blocks_assumption
JOB-000306-B08,JOB-000306,EVS360-005,IS530,8,9,4.0,2032-04-19T02:35,2032-04-19T06:35,scheduled,,2032-04-16T18:50,2032-07-23T20:10,3300000,time_blocks_assumption
JOB-000306-B09,JOB-000306,EVS360-005,IS530,9,9,4.0,2032-04-19T06:35,2032-04-19T10:35,scheduled,,2032-04-16T18:50,2032-07-23T20:10,3300000,time_blocks_assumption
JOB-001241-B01,JOB-001241,EVS360-018,IS530,1,9,4.0,2032-04-23T20:10,2032-04-24T00:10,scheduled,,2032-04-23T09:35,2032-07-30T10:10,2700000,time_blocks_assumption
JOB-001241-B02,JOB-001241,EVS360-018,IS530,2,9,4.0,2032-04-24T00:10,2032-04-24T04:10,scheduled,,2032-04-23T09:35,2032-07-30T10:10,2700000,time_blocks_assumption
JOB-001241-B03,JOB-001241,EVS360-018,IS530,3,9,4.0,2032-04-24T04:10,2032-04-24T08:10,scheduled,,2032-04-23T09:35,2032-07-30T10:10,2700000,time_blocks_assumption
JOB-001241-B04,JOB-001241,EVS360-018,IS530,4,9,4.0,2032-04-24T21:50,2032-04-25T01:50,scheduled,,2032-04-23T09:35,2032-07-30T10:10,2700000,time_blocks_assumption
JOB-001241-B05,JOB-001241,EVS360-018,IS530,5,9,4.0,2032-04-25T01:50,2032-04-25T05:50,scheduled,,2032-04-23T09:35,2032-07-30T10:10,2700000,time_blocks_assumption
JOB-001241-B06,JOB-001241,EVS360-018,IS530,6,9,4.0,2032-04-25T05:50,2032-04-25T09:50,scheduled,,2032-04-23T09:35,2032-07-30T10:10,2700000,time_blocks_assumption
JOB-001241-B07,JOB-001241,EVS360-018,IS530,7,9,4.0,2032-04-25T23:20,2032-04-26T03:20,scheduled,,2032-04-23T09:35,2032-07-30T10:10,2700000,time_blocks_assumption
JOB-001241-B08,JOB-001241,EVS360-018,IS530,8,9,4.0,2032-04-26T03:20,2032-04-26T07:20,scheduled,,2032-04-23T09:35,2032-07-30T10:10,2700000,time_blocks_assumption
JOB-001241-B09,JOB-001241,EVS360-018,IS530,9,9,4.0,2032-04-26T07:20,2032-04-26T11:20,scheduled,,2032-04-23T09:35,2032-07-30T10:10,2700000,time_blocks_assumption
JOB-002614-B01,JOB-002614,EVS360-037,IS510,1,3,4.0,2032-07-08T00:50,2032-07-08T04:50,scheduled,,2032-07-07T12:35,2032-07-31T21:50,1275000,time_blocks_assumption
JOB-002614-B02,JOB-002614,EVS360-037,IS510,2,3,4.0,2032-07-08T04:50,2032-07-08T08:50,scheduled,,2032-07-07T12:35,2032-07-31T21:50,1275000,time_blocks_assumption
JOB-002614-B03,JOB-002614,EVS360-037,IS510,3,3,2.0,2032-07-08T08:50,2032-07-08T10:50,scheduled,,2032-07-07T12:35,2032-07-31T21:50,1275000,time_blocks_assumption
JOB-002392-B01,JOB-002392,EVS360-034,IS530,1,9,4.0,2032-04-26T13:50,2032-04-26T17:50,scheduled,,2032-04-25T12:10,2032-08-01T22:10,1500000,time_blocks_assumption
JOB-002392-B02,JOB-002392,EVS360-034,IS530,2,9,4.0,2032-04-27T20:20,2032-04-28T00:20,scheduled,,2032-04-25T12:10,2032-08-01T22:10,1500000,time_blocks_assumption
JOB-002392-B03,JOB-002392,EVS360-034,IS530,3,9,4.0,2032-04-28T00:20,2032-04-28T04:20,scheduled,,2032-04-25T12:10,2032-08-01T22:10,1500000,time_blocks_assumption
JOB-002392-B04,JOB-002392,EVS360-034,IS530,4,9,4.0,2032-04-28T18:10,2032-04-28T22:10,scheduled,,2032-04-25T12:10,2032-08-01T22:10,1500000,time_blocks_assumption
JOB-002392-B05,JOB-002392,EVS360-034,IS530,5,9,4.0,2032-04-28T22:10,2032-04-29T02:10,scheduled,,2032-04-25T12:10,2032-08-01T22:10,1500000,time_blocks_assumption
JOB-002392-B06,JOB-002392,EVS360-034,IS530,6,9,4.0,2032-04-29T02:10,2032-04-29T06:10,scheduled,,2032-04-25T12:10,2032-08-01T22:10,1500000,time_blocks_assumption
JOB-002392-B07,JOB-002392,EVS360-034,IS530,7,9,4.0,2032-04-30T03:05,2032-04-30T07:05,scheduled,,2032-04-25T12:10,2032-08-01T22:10,1500000,time_blocks_assumption
JOB-002392-B08,JOB-002392,EVS360-034,IS530,8,9,4.0,2032-04-30T22:10,2032-05-01T02:10,scheduled,,2032-04-25T12:10,2032-08-01T22:10,1500000,time_blocks_assumption
JOB-002392-B09,JOB-002392,EVS360-034,IS530,9,9,4.0,2032-05-01T02:10,2032-05-01T06:10,scheduled,,2032-04-25T12:10,2032-08-01T22:10,1500000,time_blocks_assumption
JOB-001318-B01,JOB-001318,EVS360-019,IS510,1,3,4.0,2032-07-11T22:10,2032-07-12T02:10,scheduled,,2032-07-11T22:10,2032-08-05T13:20,2775000,time_blocks_assumption
JOB-001318-B02,JOB-001318,EVS360-019,IS510,2,3,4.0,2032-07-12T02:10,2032-07-12T06:10,scheduled,,2032-07-11T22:10,2032-08-05T13:20,2775000,time_blocks_assumption
JOB-001318-B03,JOB-001318,EVS360-019,IS510,3,3,2.0,2032-07-12T06:10,2032-07-12T08:10,scheduled,,2032-07-11T22:10,2032-08-05T13:20,2775000,time_blocks_assumption
JOB-000669-B01,JOB-000669,EVS360-010,IS520,1,4,4.0,2032-06-19T12:35,2032-06-19T16:35,scheduled,,2032-06-18T10:50,2032-08-06T20:35,3450000,time_blocks_assumption
JOB-000669-B02,JOB-000669,EVS360-010,IS520,2,4,4.0,2032-06-20T14:10,2032-06-20T18:10,scheduled,,2032-06-18T10:50,2032-08-06T20:35,3450000,time_blocks_assumption
JOB-000669-B03,JOB-000669,EVS360-010,IS520,3,4,4.0,2032-06-21T16:10,2032-06-21T20:10,scheduled,,2032-06-18T10:50,2032-08-06T20:35,3450000,time_blocks_assumption
JOB-000669-B04,JOB-000669,EVS360-010,IS520,4,4,4.0,2032-06-21T20:10,2032-06-22T00:10,scheduled,,2032-06-18T10:50,2032-08-06T20:35,3450000,time_blocks_assumption
JOB-000595-B01,JOB-000595,EVS360-009,IS530,1,9,4.0,2032-05-01T11:50,2032-05-01T15:50,scheduled,,2032-05-01T11:50,2032-08-07T12:35,3300000,time_blocks_assumption
JOB-000595-B02,JOB-000595,EVS360-009,IS530,2,9,4.0,2032-05-02T13:20,2032-05-02T17:20,scheduled,,2032-05-01T11:50,2032-08-07T12:35,3300000,time_blocks_assumption
JOB-000595-B03,JOB-000595,EVS360-009,IS530,3,9,4.0,2032-05-03T15:20,2032-05-03T19:20,scheduled,,2032-05-01T11:50,2032-08-07T12:35,3300000,time_blocks_assumption
JOB-000595-B04,JOB-000595,EVS360-009,IS530,4,9,4.0,2032-05-03T19:20,2032-05-03T23:20,scheduled,,2032-05-01T11:50,2032-08-07T12:35,3300000,time_blocks_assumption
JOB-000595-B05,JOB-000595,EVS360-009,IS530,5,9,4.0,2032-05-03T23:20,2032-05-04T03:20,scheduled,,2032-05-01T11:50,2032-08-07T12:35,3300000,time_blocks_assumption
JOB-000595-B06,JOB-000595,EVS360-009,IS530,6,9,4.0,2032-05-04T17:20,2032-05-04T21:20,scheduled,,2032-05-01T11:50,2032-08-07T12:35,3300000,time_blocks_assumption
JOB-000595-B07,JOB-000595,EVS360-009,IS530,7,9,4.0,2032-05-04T21:20,2032-05-05T01:20,scheduled,,2032-05-01T11:50,2032-08-07T12:35,3300000,time_blocks_assumption
JOB-000595-B08,JOB-000595,EVS360-009,IS530,8,9,4.0,2032-05-05T01:20,2032-05-05T05:20,scheduled,,2032-05-01T11:50,2032-08-07T12:35,3300000,time_blocks_assumption
JOB-000595-B09,JOB-000595,EVS360-009,IS530,9,9,4.0,2032-05-06T00:10,2032-05-06T04:10,scheduled,,2032-05-01T11:50,2032-08-07T12:35,3300000,time_blocks_assumption
JOB-001891-B01,JOB-001891,EVS360-027,IS530,1,9,4.0,2032-05-01T23:50,2032-05-02T03:50,scheduled,,2032-05-01T10:10,2032-08-07T21:50,2100000,time_blocks_assumption
JOB-001891-B02,JOB-001891,EVS360-027,IS530,2,9,4.0,2032-05-02T03:50,2032-05-02T07:50,scheduled,,2032-05-01T10:10,2032-08-07T21:50,2100000,time_blocks_assumption
JOB-001891-B03,JOB-001891,EVS360-027,IS530,3,9,4.0,2032-05-02T22:35,2032-05-03T02:35,scheduled,,2032-05-01T10:10,2032-08-07T21:50,2100000,time_blocks_assumption
JOB-001891-B04,JOB-001891,EVS360-027,IS530,4,9,4.0,2032-05-03T02:35,2032-05-03T06:35,scheduled,,2032-05-01T10:10,2032-08-07T21:50,2100000,time_blocks_assumption
JOB-001891-B05,JOB-001891,EVS360-027,IS530,5,9,4.0,2032-05-03T06:35,2032-05-03T10:35,scheduled,,2032-05-01T10:10,2032-08-07T21:50,2100000,time_blocks_assumption
JOB-001891-B06,JOB-001891,EVS360-027,IS530,6,9,4.0,2032-05-04T03:35,2032-05-04T07:35,scheduled,,2032-05-01T10:10,2032-08-07T21:50,2100000,time_blocks_assumption
JOB-001891-B07,JOB-001891,EVS360-027,IS530,7,9,4.0,2032-05-04T07:35,2032-05-04T11:35,scheduled,,2032-05-01T10:10,2032-08-07T21:50,2100000,time_blocks_assumption
JOB-001891-B08,JOB-001891,EVS360-027,IS530,8,9,4.0,2032-05-05T09:20,2032-05-05T13:20,scheduled,,2032-05-01T10:10,2032-08-07T21:50,2100000,time_blocks_assumption
JOB-001891-B09,JOB-001891,EVS360-027,IS530,9,9,4.0,2032-05-07T12:50,2032-05-07T16:50,scheduled,,2032-05-01T10:10,2032-08-07T21:50,2100000,time_blocks_assumption
JOB-001965-B01,JOB-001965,EVS360-028,IS520,1,4,4.0,2032-06-20T04:20,2032-06-20T08:20,scheduled,,2032-06-19T11:20,2032-08-07T22:10,1950000,time_blocks_assumption
JOB-001965-B02,JOB-001965,EVS360-028,IS520,2,4,4.0,2032-06-20T23:20,2032-06-21T03:20,scheduled,,2032-06-19T11:20,2032-08-07T22:10,1950000,time_blocks_assumption
JOB-001965-B03,JOB-001965,EVS360-028,IS520,3,4,4.0,2032-06-21T03:20,2032-06-21T07:20,scheduled,,2032-06-19T11:20,2032-08-07T22:10,1950000,time_blocks_assumption
JOB-001965-B04,JOB-001965,EVS360-028,IS520,4,4,4.0,2032-06-21T07:20,2032-06-21T11:20,scheduled,,2032-06-19T11:20,2032-08-07T22:10,1950000,time_blocks_assumption
JOB-001608-B01,JOB-001608,EVS360-023,IS510,1,3,4.0,2032-07-15T12:35,2032-07-15T16:35,scheduled,,2032-07-15T12:35,2032-08-08T21:50,2475000,time_blocks_assumption
JOB-001608-B02,JOB-001608,EVS360-023,IS510,2,3,4.0,2032-07-17T16:10,2032-07-17T20:10,scheduled,,2032-07-15T12:35,2032-08-08T21:50,2475000,time_blocks_assumption
JOB-001608-B03,JOB-001608,EVS360-023,IS510,3,3,2.0,2032-07-17T20:10,2032-07-17T22:10,scheduled,,2032-07-15T12:35,2032-08-08T21:50,2475000,time_blocks_assumption
JOB-001464-B01,JOB-001464,EVS360-021,IS510,1,3,4.0,2032-07-18T17:20,2032-07-18T21:20,scheduled,,2032-07-18T08:10,2032-08-11T16:10,2625000,time_blocks_assumption
JOB-001464-B02,JOB-001464,EVS360-021,IS510,2,3,4.0,2032-07-18T21:20,2032-07-19T01:20,scheduled,,2032-07-18T08:10,2032-08-11T16:10,2625000,time_blocks_assumption
JOB-001464-B03,JOB-001464,EVS360-021,IS510,3,3,2.0,2032-07-19T01:20,2032-07-19T03:20,scheduled,,2032-07-18T08:10,2032-08-11T16:10,2625000,time_blocks_assumption
JOB-000312-B01,JOB-000312,EVS360-005,IS510,1,3,4.0,2032-07-23T20:10,2032-07-24T00:10,scheduled,,2032-07-23T20:10,2032-08-17T11:20,3375000,time_blocks_assumption
JOB-000312-B02,JOB-000312,EVS360-005,IS510,2,3,4.0,2032-07-24T00:10,2032-07-24T04:10,scheduled,,2032-07-23T20:10,2032-08-17T11:20,3375000,time_blocks_assumption
JOB-000312-B03,JOB-000312,EVS360-005,IS510,3,3,2.0,2032-07-24T04:10,2032-07-24T06:10,scheduled,,2032-07-23T20:10,2032-08-17T11:20,3375000,time_blocks_assumption
JOB-002542-B01,JOB-002542,EVS360-036,IS510,1,3,4.0,2032-07-25T22:10,2032-07-26T02:10,scheduled,,2032-07-25T09:35,2032-08-18T18:50,1425000,time_blocks_assumption
JOB-002542-B02,JOB-002542,EVS360-036,IS510,2,3,4.0,2032-07-26T02:10,2032-07-26T06:10,scheduled,,2032-07-25T09:35,2032-08-18T18:50,1425000,time_blocks_assumption
JOB-002542-B03,JOB-002542,EVS360-036,IS510,3,3,2.0,2032-07-26T06:10,2032-07-26T08:10,scheduled,,2032-07-25T09:35,2032-08-18T18:50,1425000,time_blocks_assumption
JOB-000887-B01,JOB-000887,EVS360-013,IS510,1,3,4.0,2032-07-26T12:10,2032-07-26T16:10,scheduled,,2032-07-25T17:20,2032-08-19T09:20,3225000,time_blocks_assumption
JOB-000887-B02,JOB-000887,EVS360-013,IS510,2,3,4.0,2032-07-27T12:10,2032-07-27T16:10,scheduled,,2032-07-25T17:20,2032-08-19T09:20,3225000,time_blocks_assumption
JOB-000887-B03,JOB-000887,EVS360-013,IS510,3,3,2.0,2032-07-27T16:10,2032-07-27T18:10,scheduled,,2032-07-25T17:20,2032-08-19T09:20,3225000,time_blocks_assumption
JOB-002325-B01,JOB-002325,EVS360-033,IS510,1,3,4.0,2032-07-27T22:10,2032-07-28T02:10,scheduled,,2032-07-27T11:50,2032-08-20T20:50,1725000,time_blocks_assumption
JOB-002325-B02,JOB-002325,EVS360-033,IS510,2,3,4.0,2032-07-28T02:10,2032-07-28T06:10,scheduled,,2032-07-27T11:50,2032-08-20T20:50,1725000,time_blocks_assumption
JOB-002325-B03,JOB-002325,EVS360-033,IS510,3,3,2.0,2032-07-28T06:10,2032-07-28T08:10,scheduled,,2032-07-27T11:50,2032-08-20T20:50,1725000,time_blocks_assumption
JOB-000094-B01,JOB-000094,EVS360-002,IS510,1,3,4.0,2032-07-28T08:50,2032-07-28T12:50,scheduled,,2032-07-28T08:50,2032-08-21T17:20,3825000,time_blocks_assumption
JOB-000094-B02,JOB-000094,EVS360-002,IS510,2,3,4.0,2032-07-29T12:50,2032-07-29T16:50,scheduled,,2032-07-28T08:50,2032-08-21T17:20,3825000,time_blocks_assumption
JOB-000094-B03,JOB-000094,EVS360-002,IS510,3,3,2.0,2032-07-30T12:35,2032-07-30T14:35,scheduled,,2032-07-28T08:50,2032-08-21T17:20,3825000,time_blocks_assumption
JOB-000743-B01,JOB-000743,EVS360-011,IS520,1,4,4.0,2032-07-05T03:20,2032-07-05T07:20,scheduled,,2032-07-04T12:50,2032-08-22T13:20,3150000,time_blocks_assumption
JOB-000743-B02,JOB-000743,EVS360-011,IS520,2,4,4.0,2032-07-05T07:20,2032-07-05T11:20,scheduled,,2032-07-04T12:50,2032-08-22T13:20,3150000,time_blocks_assumption
JOB-000743-B03,JOB-000743,EVS360-011,IS520,3,4,4.0,2032-07-06T08:35,2032-07-06T12:35,scheduled,,2032-07-04T12:50,2032-08-22T13:20,3150000,time_blocks_assumption
JOB-000743-B04,JOB-000743,EVS360-011,IS520,4,4,4.0,2032-07-07T10:10,2032-07-07T14:10,scheduled,,2032-07-04T12:50,2032-08-22T13:20,3150000,time_blocks_assumption
JOB-001247-B01,JOB-001247,EVS360-018,IS510,1,3,4.0,2032-07-30T20:50,2032-07-31T00:50,scheduled,,2032-07-30T10:10,2032-08-23T19:50,2775000,time_blocks_assumption
JOB-001247-B02,JOB-001247,EVS360-018,IS510,2,3,4.0,2032-07-31T00:50,2032-07-31T04:50,scheduled,,2032-07-30T10:10,2032-08-23T19:50,2775000,time_blocks_assumption
JOB-001247-B03,JOB-001247,EVS360-018,IS510,3,3,2.0,2032-07-31T04:50,2032-07-31T06:50,scheduled,,2032-07-30T10:10,2032-08-23T19:50,2775000,time_blocks_assumption
JOB-000240-B01,JOB-000240,EVS360-004,IS510,1,3,4.0,2032-07-31T15:20,2032-07-31T19:20,scheduled,,2032-07-30T22:50,2032-08-24T13:50,3525000,time_blocks_assumption
JOB-000240-B02,JOB-000240,EVS360-004,IS510,2,3,4.0,2032-07-31T19:20,2032-07-31T23:20,scheduled,,2032-07-30T22:50,2032-08-24T13:50,3525000,time_blocks_assumption
JOB-000240-B03,JOB-000240,EVS360-004,IS510,3,3,2.0,2032-07-31T23:20,2032-08-01T01:20,scheduled,,2032-07-30T22:50,2032-08-24T13:50,3525000,time_blocks_assumption
JOB-000812-B01,JOB-000812,EVS360-012,IS530,1,9,4.0,2032-05-18T08:35,2032-05-18T12:35,scheduled,,2032-05-18T08:35,2032-08-24T18:50,3300000,time_blocks_assumption
JOB-000812-B02,JOB-000812,EVS360-012,IS530,2,9,4.0,2032-05-19T10:10,2032-05-19T14:10,scheduled,,2032-05-18T08:35,2032-08-24T18:50,3300000,time_blocks_assumption
JOB-000812-B03,JOB-000812,EVS360-012,IS530,3,9,4.0,2032-05-20T12:10,2032-05-20T16:10,scheduled,,2032-05-18T08:35,2032-08-24T18:50,3300000,time_blocks_assumption
JOB-000812-B04,JOB-000812,EVS360-012,IS530,4,9,4.0,2032-05-21T13:50,2032-05-21T17:50,scheduled,,2032-05-18T08:35,2032-08-24T18:50,3300000,time_blocks_assumption
JOB-000812-B05,JOB-000812,EVS360-012,IS530,5,9,4.0,2032-05-22T19:50,2032-05-22T23:50,scheduled,,2032-05-18T08:35,2032-08-24T18:50,3300000,time_blocks_assumption
JOB-000812-B06,JOB-000812,EVS360-012,IS530,6,9,4.0,2032-05-22T23:50,2032-05-23T03:50,scheduled,,2032-05-18T08:35,2032-08-24T18:50,3300000,time_blocks_assumption
JOB-000812-B07,JOB-000812,EVS360-012,IS530,7,9,4.0,2032-05-23T18:10,2032-05-23T22:10,scheduled,,2032-05-18T08:35,2032-08-24T18:50,3300000,time_blocks_assumption
JOB-000812-B08,JOB-000812,EVS360-012,IS530,8,9,4.0,2032-05-23T22:10,2032-05-24T02:10,scheduled,,2032-05-18T08:35,2032-08-24T18:50,3300000,time_blocks_assumption
JOB-000812-B09,JOB-000812,EVS360-012,IS530,9,9,4.0,2032-05-24T02:10,2032-05-24T06:10,scheduled,,2032-05-18T08:35,2032-08-24T18:50,3300000,time_blocks_assumption
JOB-002398-B01,JOB-002398,EVS360-034,IS510,1,3,4.0,2032-08-02T14:50,2032-08-02T18:50,scheduled,,2032-08-01T22:10,2032-08-26T13:20,1575000,time_blocks_assumption
JOB-002398-B02,JOB-002398,EVS360-034,IS510,2,3,4.0,2032-08-03T18:50,2032-08-03T22:50,scheduled,,2032-08-01T22:10,2032-08-26T13:20,1575000,time_blocks_assumption
JOB-002398-B03,JOB-002398,EVS360-034,IS510,3,3,2.0,2032-08-03T22:50,2032-08-04T00:50,scheduled,,2032-08-01T22:10,2032-08-26T13:20,1575000,time_blocks_assumption
JOB-002470-B01,JOB-002470,EVS360-035,IS510,1,3,4.0,2032-08-04T22:10,2032-08-05T02:10,scheduled,,2032-08-04T09:35,2032-08-28T18:50,1425000,time_blocks_assumption
JOB-002470-B02,JOB-002470,EVS360-035,IS510,2,3,4.0,2032-08-05T02:10,2032-08-05T06:10,scheduled,,2032-08-04T09:35,2032-08-28T18:50,1425000,time_blocks_assumption
JOB-002470-B03,JOB-002470,EVS360-035,IS510,3,3,2.0,2032-08-05T06:10,2032-08-05T08:10,scheduled,,2032-08-04T09:35,2032-08-28T18:50,1425000,time_blocks_assumption
JOB-002252-B01,JOB-002252,EVS360-032,IS520,1,4,4.0,2032-07-15T16:50,2032-07-15T20:50,scheduled,,2032-07-12T20:35,2032-08-31T13:20,1650000,time_blocks_assumption
JOB-002252-B02,JOB-002252,EVS360-032,IS520,2,4,4.0,2032-07-15T20:50,2032-07-16T00:50,scheduled,,2032-07-12T20:35,2032-08-31T13:20,1650000,time_blocks_assumption
JOB-002252-B03,JOB-002252,EVS360-032,IS520,3,4,4.0,2032-07-16T00:50,2032-07-16T04:50,scheduled,,2032-07-12T20:35,2032-08-31T13:20,1650000,time_blocks_assumption
JOB-002252-B04,JOB-002252,EVS360-032,IS520,4,4,4.0,2032-07-16T22:50,2032-07-17T02:50,scheduled,,2032-07-12T20:35,2032-08-31T13:20,1650000,time_blocks_assumption
JOB-000601-B01,JOB-000601,EVS360-009,IS510,1,3,4.0,2032-08-07T12:35,2032-08-07T16:35,scheduled,,2032-08-07T12:35,2032-09-01T12:50,3375000,time_blocks_assumption
JOB-000601-B02,JOB-000601,EVS360-009,IS510,2,3,4.0,2032-08-08T16:10,2032-08-08T20:10,scheduled,,2032-08-07T12:35,2032-09-01T12:50,3375000,time_blocks_assumption
JOB-000601-B03,JOB-000601,EVS360-009,IS510,3,3,2.0,2032-08-09T16:10,2032-08-09T18:10,scheduled,,2032-08-07T12:35,2032-09-01T12:50,3375000,time_blocks_assumption
JOB-001897-B01,JOB-001897,EVS360-027,IS510,1,3,4.0,2032-08-07T21:50,2032-08-08T01:50,scheduled,,2032-08-07T21:50,2032-09-01T12:50,2175000,time_blocks_assumption
JOB-001897-B02,JOB-001897,EVS360-027,IS510,2,3,4.0,2032-08-08T01:50,2032-08-08T05:50,scheduled,,2032-08-07T21:50,2032-09-01T12:50,2175000,time_blocks_assumption
JOB-001897-B03,JOB-001897,EVS360-027,IS510,3,3,2.0,2032-08-08T05:50,2032-08-08T07:50,scheduled,,2032-08-07T21:50,2032-09-01T12:50,2175000,time_blocks_assumption
JOB-000023-B01,JOB-000023,EVS360-001,IS510,1,3,4.0,2032-08-09T12:35,2032-08-09T16:35,scheduled,,2032-08-09T12:35,2032-09-03T12:50,3825000,time_blocks_assumption
JOB-000023-B02,JOB-000023,EVS360-001,IS510,2,3,4.0,2032-08-10T16:10,2032-08-10T20:10,scheduled,,2032-08-09T12:35,2032-09-03T12:50,3825000,time_blocks_assumption
JOB-000023-B03,JOB-000023,EVS360-001,IS510,3,3,2.0,2032-08-11T16:10,2032-08-11T18:10,scheduled,,2032-08-09T12:35,2032-09-03T12:50,3825000,time_blocks_assumption
JOB-001681-B01,JOB-001681,EVS360-024,IS520,1,4,4.0,2032-07-19T02:20,2032-07-19T06:20,scheduled,,2032-07-18T09:20,2032-09-05T20:10,2250000,time_blocks_assumption
JOB-001681-B02,JOB-001681,EVS360-024,IS520,2,4,4.0,2032-07-19T21:20,2032-07-20T01:20,scheduled,,2032-07-18T09:20,2032-09-05T20:10,2250000,time_blocks_assumption
JOB-001681-B03,JOB-001681,EVS360-024,IS520,3,4,4.0,2032-07-20T01:20,2032-07-20T05:20,scheduled,,2032-07-18T09:20,2032-09-05T20:10,2250000,time_blocks_assumption
JOB-001681-B04,JOB-001681,EVS360-024,IS520,4,4,4.0,2032-07-20T05:20,2032-07-20T09:20,scheduled,,2032-07-18T09:20,2032-09-05T20:10,2250000,time_blocks_assumption
JOB-001825-B01,JOB-001825,EVS360-026,IS520,1,4,4.0,2032-07-24T12:35,2032-07-24T16:35,scheduled,,2032-07-23T10:50,2032-09-10T20:35,2250000,time_blocks_assumption
JOB-001825-B02,JOB-001825,EVS360-026,IS520,2,4,4.0,2032-07-26T16:10,2032-07-26T20:10,scheduled,,2032-07-23T10:50,2032-09-10T20:35,2250000,time_blocks_assumption
JOB-001825-B03,JOB-001825,EVS360-026,IS520,3,4,4.0,2032-07-26T20:10,2032-07-27T00:10,scheduled,,2032-07-23T10:50,2032-09-10T20:35,2250000,time_blocks_assumption
JOB-001825-B04,JOB-001825,EVS360-026,IS520,4,4,4.0,2032-07-27T00:10,2032-07-27T04:10,scheduled,,2032-07-23T10:50,2032-09-10T20:35,2250000,time_blocks_assumption
JOB-000385-B01,JOB-000385,EVS360-006,IS520,1,4,4.0,2032-07-25T02:10,2032-07-25T06:10,scheduled,,2032-07-24T22:10,2032-09-11T22:35,3750000,time_blocks_assumption
JOB-000385-B02,JOB-000385,EVS360-006,IS520,2,4,4.0,2032-07-25T06:10,2032-07-25T10:10,scheduled,,2032-07-24T22:10,2032-09-11T22:35,3750000,time_blocks_assumption
JOB-000385-B03,JOB-000385,EVS360-006,IS520,3,4,4.0,2032-07-25T23:50,2032-07-26T03:50,scheduled,,2032-07-24T22:10,2032-09-11T22:35,3750000,time_blocks_assumption
JOB-000385-B04,JOB-000385,EVS360-006,IS520,4,4,4.0,2032-07-26T03:50,2032-07-26T07:50,scheduled,,2032-07-24T22:10,2032-09-11T22:35,3750000,time_blocks_assumption
JOB-000170-B01,JOB-000170,EVS360-003,IS510,1,3,4.0,2032-08-23T22:10,2032-08-24T02:10,scheduled,,2032-08-23T22:10,2032-09-17T13:20,3675000,time_blocks_assumption
JOB-000170-B02,JOB-000170,EVS360-003,IS510,2,3,4.0,2032-08-24T02:10,2032-08-24T06:10,scheduled,,2032-08-23T22:10,2032-09-17T13:20,3675000,time_blocks_assumption
JOB-000170-B03,JOB-000170,EVS360-003,IS510,3,3,2.0,2032-08-24T06:10,2032-08-24T08:10,scheduled,,2032-08-23T22:10,2032-09-17T13:20,3675000,time_blocks_assumption
JOB-000818-B01,JOB-000818,EVS360-012,IS510,1,3,4.0,2032-08-25T11:20,2032-08-25T15:20,scheduled,,2032-08-24T18:50,2032-09-18T09:50,3375000,time_blocks_assumption
JOB-000818-B02,JOB-000818,EVS360-012,IS510,2,3,4.0,2032-08-26T14:50,2032-08-26T18:50,scheduled,,2032-08-24T18:50,2032-09-18T09:50,3375000,time_blocks_assumption
JOB-000818-B03,JOB-000818,EVS360-012,IS510,3,3,2.0,2032-08-27T14:50,2032-08-27T16:50,scheduled,,2032-08-24T18:50,2032-09-18T09:50,3375000,time_blocks_assumption
JOB-000532-B01,JOB-000532,EVS360-008,IS510,1,3,4.0,2032-08-30T19:50,2032-08-30T23:50,scheduled,,2032-08-30T09:20,2032-09-23T18:10,3675000,time_blocks_assumption
JOB-000532-B02,JOB-000532,EVS360-008,IS510,2,3,4.0,2032-08-30T23:50,2032-08-31T03:50,scheduled,,2032-08-30T09:20,2032-09-23T18:10,3675000,time_blocks_assumption
JOB-000532-B03,JOB-000532,EVS360-008,IS510,3,3,2.0,2032-08-31T03:50,2032-08-31T05:50,scheduled,,2032-08-30T09:20,2032-09-23T18:10,3675000,time_blocks_assumption
JOB-000675-B01,JOB-000675,EVS360-010,IS510,1,3,4.0,2032-08-31T22:10,2032-09-01T02:10,scheduled,,2032-08-31T11:50,2032-09-24T20:50,3525000,time_blocks_assumption
JOB-000675-B02,JOB-000675,EVS360-010,IS510,2,3,4.0,2032-09-01T02:10,2032-09-01T06:10,scheduled,,2032-08-31T11:50,2032-09-24T20:50,3525000,time_blocks_assumption
JOB-000675-B03,JOB-000675,EVS360-010,IS510,3,3,2.0,2032-09-01T06:10,2032-09-01T08:10,scheduled,,2032-08-31T11:50,2032-09-24T20:50,3525000,time_blocks_assumption
JOB-002766-B01,JOB-002766,EVS360-039,IS510,1,3,4.0,2032-08-31T16:50,2032-08-31T20:50,scheduled,,2032-08-31T00:10,2032-09-25T08:50,1275000,time_blocks_assumption
JOB-002766-B02,JOB-002766,EVS360-039,IS510,2,3,4.0,2032-08-31T20:50,2032-09-01T00:50,scheduled,,2032-08-31T00:10,2032-09-25T08:50,1275000,time_blocks_assumption
JOB-002766-B03,JOB-002766,EVS360-039,IS510,3,3,2.0,2032-09-01T00:50,2032-09-01T02:50,scheduled,,2032-08-31T00:10,2032-09-25T08:50,1275000,time_blocks_assumption
JOB-001971-B01,JOB-001971,EVS360-028,IS510,1,3,4.0,2032-09-02T17:20,2032-09-02T21:20,scheduled,,2032-09-01T13:20,2032-09-25T22:35,2025000,time_blocks_assumption
JOB-001971-B02,JOB-001971,EVS360-028,IS510,2,3,4.0,2032-09-02T21:20,2032-09-03T01:20,scheduled,,2032-09-01T13:20,2032-09-25T22:35,2025000,time_blocks_assumption
JOB-001971-B03,JOB-001971,EVS360-028,IS510,3,3,2.0,2032-09-03T01:20,2032-09-03T03:20,scheduled,,2032-09-01T13:20,2032-09-25T22:35,2025000,time_blocks_assumption
JOB-001175-B01,JOB-001175,EVS360-017,IS530,1,9,4.0,2032-06-20T18:10,2032-06-20T22:10,scheduled,,2032-06-20T08:35,2032-09-26T19:50,2700000,time_blocks_assumption
JOB-001175-B02,JOB-001175,EVS360-017,IS530,2,9,4.0,2032-06-20T22:10,2032-06-21T02:10,scheduled,,2032-06-20T08:35,2032-09-26T19:50,2700000,time_blocks_assumption
JOB-001175-B03,JOB-001175,EVS360-017,IS530,3,9,4.0,2032-06-21T02:10,2032-06-21T06:10,scheduled,,2032-06-20T08:35,2032-09-26T19:50,2700000,time_blocks_assumption
JOB-001175-B04,JOB-001175,EVS360-017,IS530,4,9,4.0,2032-06-21T20:35,2032-06-22T00:35,scheduled,,2032-06-20T08:35,2032-09-26T19:50,2700000,time_blocks_assumption
JOB-001175-B05,JOB-001175,EVS360-017,IS530,5,9,4.0,2032-06-22T00:35,2032-06-22T04:35,scheduled,,2032-06-20T08:35,2032-09-26T19:50,2700000,time_blocks_assumption
JOB-001175-B06,JOB-001175,EVS360-017,IS530,6,9,4.0,2032-06-22T04:35,2032-06-22T08:35,scheduled,,2032-06-20T08:35,2032-09-26T19:50,2700000,time_blocks_assumption
JOB-001175-B07,JOB-001175,EVS360-017,IS530,7,9,4.0,2032-06-22T22:10,2032-06-23T02:10,scheduled,,2032-06-20T08:35,2032-09-26T19:50,2700000,time_blocks_assumption
JOB-001175-B08,JOB-001175,EVS360-017,IS530,8,9,4.0,2032-06-23T02:10,2032-06-23T06:10,scheduled,,2032-06-20T08:35,2032-09-26T19:50,2700000,time_blocks_assumption
JOB-001175-B09,JOB-001175,EVS360-017,IS530,9,9,4.0,2032-06-23T06:10,2032-06-23T10:10,scheduled,,2032-06-20T08:35,2032-09-26T19:50,2700000,time_blocks_assumption
JOB-002692-B01,JOB-002692,EVS360-038,IS520,1,4,4.0,2032-08-11T15:20,2032-08-11T19:20,scheduled,,2032-08-10T13:20,2032-09-28T23:20,1350000,time_blocks_assumption
JOB-002692-B02,JOB-002692,EVS360-038,IS520,2,4,4.0,2032-08-11T19:20,2032-08-11T23:20,scheduled,,2032-08-10T13:20,2032-09-28T23:20,1350000,time_blocks_assumption
JOB-002692-B03,JOB-002692,EVS360-038,IS520,3,4,4.0,2032-08-11T23:20,2032-08-12T03:20,scheduled,,2032-08-10T13:20,2032-09-28T23:20,1350000,time_blocks_assumption
JOB-002692-B04,JOB-002692,EVS360-038,IS520,4,4,4.0,2032-08-12T22:20,2032-08-13T02:20,scheduled,,2032-08-10T13:20,2032-09-28T23:20,1350000,time_blocks_assumption
JOB-001753-B01,JOB-001753,EVS360-025,IS530,1,9,4.0,2032-06-24T13:50,2032-06-24T17:50,scheduled,,2032-06-24T10:50,2032-09-30T11:50,2100000,time_blocks_assumption
JOB-001753-B02,JOB-001753,EVS360-025,IS530,2,9,4.0,2032-06-25T12:35,2032-06-25T16:35,scheduled,,2032-06-24T10:50,2032-09-30T11:50,2100000,time_blocks_assumption
JOB-001753-B03,JOB-001753,EVS360-025,IS530,3,9,4.0,2032-06-26T16:40,2032-06-26T20:40,scheduled,,2032-06-24T10:50,2032-09-30T11:50,2100000,time_blocks_assumption
JOB-001753-B04,JOB-001753,EVS360-025,IS530,4,9,4.0,2032-06-27T16:10,2032-06-27T20:10,scheduled,,2032-06-24T10:50,2032-09-30T11:50,2100000,time_blocks_assumption
JOB-001753-B05,JOB-001753,EVS360-025,IS530,5,9,4.0,2032-06-27T20:10,2032-06-28T00:10,scheduled,,2032-06-24T10:50,2032-09-30T11:50,2100000,time_blocks_assumption
JOB-001753-B06,JOB-001753,EVS360-025,IS530,6,9,4.0,2032-06-28T00:10,2032-06-28T04:10,scheduled,,2032-06-24T10:50,2032-09-30T11:50,2100000,time_blocks_assumption
JOB-001753-B07,JOB-001753,EVS360-025,IS530,7,9,4.0,2032-06-29T01:20,2032-06-29T05:20,scheduled,,2032-06-24T10:50,2032-09-30T11:50,2100000,time_blocks_assumption
JOB-001753-B08,JOB-001753,EVS360-025,IS530,8,9,4.0,2032-06-29T20:50,2032-06-30T00:50,scheduled,,2032-06-24T10:50,2032-09-30T11:50,2100000,time_blocks_assumption
JOB-001753-B09,JOB-001753,EVS360-025,IS530,9,9,4.0,2032-06-30T00:50,2032-06-30T04:50,scheduled,,2032-06-24T10:50,2032-09-30T11:50,2100000,time_blocks_assumption
JOB-001540-B01,JOB-001540,EVS360-022,IS520,1,4,4.0,2032-08-14T15:50,2032-08-14T19:50,scheduled,,2032-08-12T19:20,2032-10-01T12:10,2550000,time_blocks_assumption
JOB-001540-B02,JOB-001540,EVS360-022,IS520,2,4,4.0,2032-08-15T15:20,2032-08-15T19:20,scheduled,,2032-08-12T19:20,2032-10-01T12:10,2550000,time_blocks_assumption
JOB-001540-B03,JOB-001540,EVS360-022,IS520,3,4,4.0,2032-08-15T19:20,2032-08-15T23:20,scheduled,,2032-08-12T19:20,2032-10-01T12:10,2550000,time_blocks_assumption
JOB-001540-B04,JOB-001540,EVS360-022,IS520,4,4,4.0,2032-08-15T23:20,2032-08-16T03:20,scheduled,,2032-08-12T19:20,2032-10-01T12:10,2550000,time_blocks_assumption
JOB-001395-B01,JOB-001395,EVS360-020,IS520,1,4,4.0,2032-08-16T16:10,2032-08-16T20:10,scheduled,,2032-08-15T14:10,2032-10-03T14:50,2550000,time_blocks_assumption
JOB-001395-B02,JOB-001395,EVS360-020,IS520,2,4,4.0,2032-08-16T20:10,2032-08-17T00:10,scheduled,,2032-08-15T14:10,2032-10-03T14:50,2550000,time_blocks_assumption
JOB-001395-B03,JOB-001395,EVS360-020,IS520,3,4,4.0,2032-08-17T00:10,2032-08-17T04:10,scheduled,,2032-08-15T14:10,2032-10-03T14:50,2550000,time_blocks_assumption
JOB-001395-B04,JOB-001395,EVS360-020,IS520,4,4,4.0,2032-08-17T18:50,2032-08-17T22:50,scheduled,,2032-08-15T14:10,2032-10-03T14:50,2550000,time_blocks_assumption
JOB-002043-B01,JOB-002043,EVS360-029,IS510,1,3,4.0,2032-09-11T14:10,2032-09-11T18:10,scheduled,,2032-09-10T21:50,2032-10-05T23:20,1875000,time_blocks_assumption
JOB-002043-B02,JOB-002043,EVS360-029,IS510,2,3,4.0,2032-09-12T18:10,2032-09-12T22:10,scheduled,,2032-09-10T21:50,2032-10-05T23:20,1875000,time_blocks_assumption
JOB-002043-B03,JOB-002043,EVS360-029,IS510,3,3,2.0,2032-09-12T22:10,2032-09-13T00:10,scheduled,,2032-09-10T21:50,2032-10-05T23:20,1875000,time_blocks_assumption
JOB-000749-B01,JOB-000749,EVS360-011,IS510,1,3,4.0,2032-09-16T15:20,2032-09-16T19:20,scheduled,,2032-09-15T22:50,2032-10-10T13:50,3225000,time_blocks_assumption
JOB-000749-B02,JOB-000749,EVS360-011,IS510,2,3,4.0,2032-09-16T19:20,2032-09-16T23:20,scheduled,,2032-09-15T22:50,2032-10-10T13:50,3225000,time_blocks_assumption
JOB-000749-B03,JOB-000749,EVS360-011,IS510,3,3,2.0,2032-09-16T23:20,2032-09-17T01:20,scheduled,,2032-09-15T22:50,2032-10-10T13:50,3225000,time_blocks_assumption
JOB-000965-B01,JOB-000965,EVS360-014,IS510,1,3,4.0,2032-09-18T21:20,2032-09-19T01:20,scheduled,,2032-09-18T21:20,2032-10-13T12:35,3075000,time_blocks_assumption
JOB-000965-B02,JOB-000965,EVS360-014,IS510,2,3,4.0,2032-09-19T01:20,2032-09-19T05:20,scheduled,,2032-09-18T21:20,2032-10-13T12:35,3075000,time_blocks_assumption
JOB-000965-B03,JOB-000965,EVS360-014,IS510,3,3,2.0,2032-09-19T05:20,2032-09-19T07:20,scheduled,,2032-09-18T21:20,2032-10-13T12:35,3075000,time_blocks_assumption
JOB-002620-B01,JOB-002620,EVS360-037,IS520,1,4,4.0,2032-08-26T05:50,2032-08-26T09:50,scheduled,,2032-08-25T12:50,2032-10-13T13:20,1350000,time_blocks_assumption
JOB-002620-B02,JOB-002620,EVS360-037,IS520,2,4,4.0,2032-08-27T08:35,2032-08-27T12:35,scheduled,,2032-08-25T12:50,2032-10-13T13:20,1350000,time_blocks_assumption
JOB-002620-B03,JOB-002620,EVS360-037,IS520,3,4,4.0,2032-08-29T12:10,2032-08-29T16:10,scheduled,,2032-08-25T12:50,2032-10-13T13:20,1350000,time_blocks_assumption
JOB-002620-B04,JOB-002620,EVS360-037,IS520,4,4,4.0,2032-08-31T15:50,2032-08-31T19:50,scheduled,,2032-08-25T12:50,2032-10-13T13:20,1350000,time_blocks_assumption
JOB-002187-B01,JOB-002187,EVS360-031,IS510,1,3,4.0,2032-09-20T15:50,2032-09-20T19:50,scheduled,,2032-09-19T12:10,2032-10-13T21:20,1875000,time_blocks_assumption
JOB-002187-B02,JOB-002187,EVS360-031,IS510,2,3,4.0,2032-09-21T15:50,2032-09-21T19:50,scheduled,,2032-09-19T12:10,2032-10-13T21:20,1875000,time_blocks_assumption
JOB-002187-B03,JOB-002187,EVS360-031,IS510,3,3,2.0,2032-09-21T19:50,2032-09-21T21:50,scheduled,,2032-09-19T12:10,2032-10-13T21:20,1875000,time_blocks_assumption
JOB-001324-B01,JOB-001324,EVS360-019,IS520,1,4,4.0,2032-08-30T02:35,2032-08-30T06:35,scheduled,,2032-08-29T22:35,2032-10-18T14:10,2850000,time_blocks_assumption
JOB-001324-B02,JOB-001324,EVS360-019,IS520,2,4,4.0,2032-08-30T06:35,2032-08-30T10:35,scheduled,,2032-08-29T22:35,2032-10-18T14:10,2850000,time_blocks_assumption
JOB-001324-B03,JOB-001324,EVS360-019,IS520,3,4,4.0,2032-08-31T00:10,2032-08-31T04:10,scheduled,,2032-08-29T22:35,2032-10-18T14:10,2850000,time_blocks_assumption
JOB-001324-B04,JOB-001324,EVS360-019,IS520,4,4,4.0,2032-08-31T04:10,2032-08-31T08:10,scheduled,,2032-08-29T22:35,2032-10-18T14:10,2850000,time_blocks_assumption
JOB-002258-B01,JOB-002258,EVS360-032,IS510,1,3,4.0,2032-09-24T22:35,2032-09-25T02:35,scheduled,,2032-09-24T22:35,2032-10-19T13:50,1725000,time_blocks_assumption
JOB-002258-B02,JOB-002258,EVS360-032,IS510,2,3,4.0,2032-09-25T02:35,2032-09-25T06:35,scheduled,,2032-09-24T22:35,2032-10-19T13:50,1725000,time_blocks_assumption
JOB-002258-B03,JOB-002258,EVS360-032,IS510,3,3,2.0,2032-09-25T06:35,2032-09-25T08:35,scheduled,,2032-09-24T22:35,2032-10-19T13:50,1725000,time_blocks_assumption
JOB-001181-B01,JOB-001181,EVS360-017,IS510,1,3,4.0,2032-09-26T19:50,2032-09-26T23:50,scheduled,,2032-09-26T19:50,2032-10-21T10:50,2775000,time_blocks_assumption
JOB-001181-B02,JOB-001181,EVS360-017,IS510,2,3,4.0,2032-09-26T23:50,2032-09-27T03:50,scheduled,,2032-09-26T19:50,2032-10-21T10:50,2775000,time_blocks_assumption
JOB-001181-B03,JOB-001181,EVS360-017,IS510,3,3,2.0,2032-09-27T03:50,2032-09-27T05:50,scheduled,,2032-09-26T19:50,2032-10-21T10:50,2775000,time_blocks_assumption
JOB-001614-B01,JOB-001614,EVS360-023,IS520,1,4,4.0,2032-09-03T17:20,2032-09-03T21:20,scheduled,,2032-09-02T12:50,2032-10-21T22:50,2550000,time_blocks_assumption
JOB-001614-B02,JOB-001614,EVS360-023,IS520,2,4,4.0,2032-09-04T16:50,2032-09-04T20:50,scheduled,,2032-09-02T12:50,2032-10-21T22:50,2550000,time_blocks_assumption
JOB-001614-B03,JOB-001614,EVS360-023,IS520,3,4,4.0,2032-09-04T20:50,2032-09-05T00:50,scheduled,,2032-09-02T12:50,2032-10-21T22:50,2550000,time_blocks_assumption
JOB-001614-B04,JOB-001614,EVS360-023,IS520,4,4,4.0,2032-09-05T00:50,2032-09-05T04:50,scheduled,,2032-09-02T12:50,2032-10-21T22:50,2550000,time_blocks_assumption
JOB-001687-B01,JOB-001687,EVS360-024,IS510,1,3,4.0,2032-09-30T13:50,2032-09-30T17:50,scheduled,,2032-09-30T11:20,2032-10-24T20:35,2325000,time_blocks_assumption
JOB-001687-B02,JOB-001687,EVS360-024,IS510,2,3,4.0,2032-10-01T14:50,2032-10-01T18:50,scheduled,,2032-09-30T11:20,2032-10-24T20:35,2325000,time_blocks_assumption
JOB-001687-B03,JOB-001687,EVS360-024,IS510,3,3,2.0,2032-10-02T17:20,2032-10-02T19:20,scheduled,,2032-09-30T11:20,2032-10-24T20:35,2325000,time_blocks_assumption
JOB-001759-B01,JOB-001759,EVS360-025,IS510,1,3,4.0,2032-10-01T15:20,2032-10-01T19:20,scheduled,,2032-09-30T11:50,2032-10-25T12:10,2175000,time_blocks_assumption
JOB-001759-B02,JOB-001759,EVS360-025,IS510,2,3,4.0,2032-10-02T15:20,2032-10-02T19:20,scheduled,,2032-09-30T11:50,2032-10-25T12:10,2175000,time_blocks_assumption
JOB-001759-B03,JOB-001759,EVS360-025,IS510,3,3,2.0,2032-10-02T19:20,2032-10-02T21:20,scheduled,,2032-09-30T11:50,2032-10-25T12:10,2175000,time_blocks_assumption
JOB-001831-B01,JOB-001831,EVS360-026,IS510,1,3,4.0,2032-10-05T22:10,2032-10-06T02:10,scheduled,,2032-10-05T11:50,2032-10-29T20:50,2325000,time_blocks_assumption
JOB-001831-B02,JOB-001831,EVS360-026,IS510,2,3,4.0,2032-10-06T02:10,2032-10-06T06:10,scheduled,,2032-10-05T11:50,2032-10-29T20:50,2325000,time_blocks_assumption
JOB-001831-B03,JOB-001831,EVS360-026,IS510,3,3,2.0,2032-10-06T06:10,2032-10-06T08:10,scheduled,,2032-10-05T11:50,2032-10-29T20:50,2325000,time_blocks_assumption
JOB-000318-B01,JOB-000318,EVS360-005,IS520,1,4,4.0,2032-09-12T02:10,2032-09-12T06:10,scheduled,,2032-09-11T11:50,2032-10-30T12:10,3450000,time_blocks_assumption
JOB-000318-B02,JOB-000318,EVS360-005,IS520,2,4,4.0,2032-09-12T06:10,2032-09-12T10:10,scheduled,,2032-09-11T11:50,2032-10-30T12:10,3450000,time_blocks_assumption
JOB-000318-B03,JOB-000318,EVS360-005,IS520,3,4,4.0,2032-09-12T23:50,2032-09-13T03:50,scheduled,,2032-09-11T11:50,2032-10-30T12:10,3450000,time_blocks_assumption
JOB-000318-B04,JOB-000318,EVS360-005,IS520,4,4,4.0,2032-09-13T03:50,2032-09-13T07:50,scheduled,,2032-09-11T11:50,2032-10-30T12:10,3450000,time_blocks_assumption
JOB-002037-B01,JOB-002037,EVS360-029,IS540,1,14,4.0,2032-04-17T12:50,2032-04-17T16:50,scheduled,,2032-04-16T11:20,2032-10-30T14:50,1800000,time_blocks_assumption
JOB-002037-B02,JOB-002037,EVS360-029,IS540,2,14,4.0,2032-04-19T16:50,2032-04-19T20:50,scheduled,,2032-04-16T11:20,2032-10-30T14:50,1800000,time_blocks_assumption
JOB-002037-B03,JOB-002037,EVS360-029,IS540,3,14,4.0,2032-04-19T20:50,2032-04-20T00:50,scheduled,,2032-04-16T11:20,2032-10-30T14:50,1800000,time_blocks_assumption
JOB-002037-B04,JOB-002037,EVS360-029,IS540,4,14,4.0,2032-04-20T00:50,2032-04-20T04:50,scheduled,,2032-04-16T11:20,2032-10-30T14:50,1800000,time_blocks_assumption
JOB-002037-B05,JOB-002037,EVS360-029,IS540,5,14,4.0,2032-04-20T23:10,2032-04-21T03:10,scheduled,,2032-04-16T11:20,2032-10-30T14:50,1800000,time_blocks_assumption
JOB-002037-B06,JOB-002037,EVS360-029,IS540,6,14,4.0,2032-04-21T03:10,2032-04-21T07:10,scheduled,,2032-04-16T11:20,2032-10-30T14:50,1800000,time_blocks_assumption
JOB-002037-B07,JOB-002037,EVS360-029,IS540,7,14,4.0,2032-04-21T23:20,2032-04-22T03:20,scheduled,,2032-04-16T11:20,2032-10-30T14:50,1800000,time_blocks_assumption
JOB-002037-B08,JOB-002037,EVS360-029,IS540,8,14,4.0,2032-04-22T03:20,2032-04-22T07:20,scheduled,,2032-04-16T11:20,2032-10-30T14:50,1800000,time_blocks_assumption
JOB-002037-B09,JOB-002037,EVS360-029,IS540,9,14,4.0,2032-04-23T03:20,2032-04-23T07:20,scheduled,,2032-04-16T11:20,2032-10-30T14:50,1800000,time_blocks_assumption
JOB-002037-B10,JOB-002037,EVS360-029,IS540,10,14,4.0,2032-04-23T07:20,2032-04-23T11:20,scheduled,,2032-04-16T11:20,2032-10-30T14:50,1800000,time_blocks_assumption
JOB-002037-B11,JOB-002037,EVS360-029,IS540,11,14,4.0,2032-04-24T08:10,2032-04-24T12:10,scheduled,,2032-04-16T11:20,2032-10-30T14:50,1800000,time_blocks_assumption
JOB-002037-B12,JOB-002037,EVS360-029,IS540,12,14,4.0,2032-04-26T11:50,2032-04-26T15:50,scheduled,,2032-04-16T11:20,2032-10-30T14:50,1800000,time_blocks_assumption
JOB-002037-B13,JOB-002037,EVS360-029,IS540,13,14,4.0,2032-04-28T19:20,2032-04-28T23:20,scheduled,,2032-04-16T11:20,2032-10-30T14:50,1800000,time_blocks_assumption
JOB-002037-B14,JOB-002037,EVS360-029,IS540,14,14,4.0,2032-04-28T23:20,2032-04-29T03:20,scheduled,,2032-04-16T11:20,2032-10-30T14:50,1800000,time_blocks_assumption
JOB-001038-B01,JOB-001038,EVS360-015,IS510,1,3,4.0,2032-10-06T18:50,2032-10-06T22:50,scheduled,,2032-10-06T08:50,2032-10-31T10:10,3075000,time_blocks_assumption
JOB-001038-B02,JOB-001038,EVS360-015,IS510,2,3,4.0,2032-10-06T22:50,2032-10-07T02:50,scheduled,,2032-10-06T08:50,2032-10-31T10:10,3075000,time_blocks_assumption
JOB-001038-B03,JOB-001038,EVS360-015,IS510,3,3,2.0,2032-10-07T02:50,2032-10-07T04:50,scheduled,,2032-10-06T08:50,2032-10-31T10:10,3075000,time_blocks_assumption
JOB-000391-B01,JOB-000391,EVS360-006,IS510,1,3,4.0,2032-10-07T17:50,2032-10-07T21:50,scheduled,,2032-10-06T23:20,2032-10-31T14:10,3825000,time_blocks_assumption
JOB-000391-B02,JOB-000391,EVS360-006,IS510,2,3,4.0,2032-10-07T21:50,2032-10-08T01:50,scheduled,,2032-10-06T23:20,2032-10-31T14:10,3825000,time_blocks_assumption
JOB-000391-B03,JOB-000391,EVS360-006,IS510,3,3,2.0,2032-10-08T01:50,2032-10-08T03:50,scheduled,,2032-10-06T23:20,2032-10-31T14:10,3825000,time_blocks_assumption
JOB-001253-B01,JOB-001253,EVS360-018,IS520,1,4,4.0,2032-09-18T01:20,2032-09-18T05:20,scheduled,,2032-09-17T21:20,2032-11-05T21:50,2850000,time_blocks_assumption
JOB-001253-B02,JOB-001253,EVS360-018,IS520,2,4,4.0,2032-09-18T05:20,2032-09-18T09:20,scheduled,,2032-09-17T21:20,2032-11-05T21:50,2850000,time_blocks_assumption
JOB-001253-B03,JOB-001253,EVS360-018,IS520,3,4,4.0,2032-09-18T22:50,2032-09-19T02:50,scheduled,,2032-09-17T21:20,2032-11-05T21:50,2850000,time_blocks_assumption
JOB-001253-B04,JOB-001253,EVS360-018,IS520,4,4,4.0,2032-09-19T02:50,2032-09-19T06:50,scheduled,,2032-09-17T21:20,2032-11-05T21:50,2850000,time_blocks_assumption
JOB-000959-B01,JOB-000959,EVS360-014,IS540,1,14,4.0,2032-04-24T20:10,2032-04-25T00:10,scheduled,,2032-04-24T09:35,2032-11-06T21:50,3000000,time_blocks_assumption
JOB-000959-B02,JOB-000959,EVS360-014,IS540,2,14,4.0,2032-04-25T00:10,2032-04-25T04:10,scheduled,,2032-04-24T09:35,2032-11-06T21:50,3000000,time_blocks_assumption
JOB-000959-B03,JOB-000959,EVS360-014,IS540,3,14,4.0,2032-04-25T04:10,2032-04-25T08:10,scheduled,,2032-04-24T09:35,2032-11-06T21:50,3000000,time_blocks_assumption
JOB-000959-B04,JOB-000959,EVS360-014,IS540,4,14,4.0,2032-04-25T21:50,2032-04-26T01:50,scheduled,,2032-04-24T09:35,2032-11-06T21:50,3000000,time_blocks_assumption
JOB-000959-B05,JOB-000959,EVS360-014,IS540,5,14,4.0,2032-04-26T01:50,2032-04-26T05:50,scheduled,,2032-04-24T09:35,2032-11-06T21:50,3000000,time_blocks_assumption
JOB-000959-B06,JOB-000959,EVS360-014,IS540,6,14,4.0,2032-04-26T05:50,2032-04-26T09:50,scheduled,,2032-04-24T09:35,2032-11-06T21:50,3000000,time_blocks_assumption
JOB-000959-B07,JOB-000959,EVS360-014,IS540,7,14,4.0,2032-04-26T23:20,2032-04-27T03:20,scheduled,,2032-04-24T09:35,2032-11-06T21:50,3000000,time_blocks_assumption
JOB-000959-B08,JOB-000959,EVS360-014,IS540,8,14,4.0,2032-04-27T03:20,2032-04-27T07:20,scheduled,,2032-04-24T09:35,2032-11-06T21:50,3000000,time_blocks_assumption
JOB-000959-B09,JOB-000959,EVS360-014,IS540,9,14,4.0,2032-04-27T07:20,2032-04-27T11:20,scheduled,,2032-04-24T09:35,2032-11-06T21:50,3000000,time_blocks_assumption
JOB-000959-B10,JOB-000959,EVS360-014,IS540,10,14,4.0,2032-04-28T08:35,2032-04-28T12:35,scheduled,,2032-04-24T09:35,2032-11-06T21:50,3000000,time_blocks_assumption
JOB-000959-B11,JOB-000959,EVS360-014,IS540,11,14,4.0,2032-04-29T12:10,2032-04-29T16:10,scheduled,,2032-04-24T09:35,2032-11-06T21:50,3000000,time_blocks_assumption
JOB-000959-B12,JOB-000959,EVS360-014,IS540,12,14,4.0,2032-04-30T12:10,2032-04-30T16:10,scheduled,,2032-04-24T09:35,2032-11-06T21:50,3000000,time_blocks_assumption
JOB-000959-B13,JOB-000959,EVS360-014,IS540,13,14,4.0,2032-05-01T13:50,2032-05-01T17:50,scheduled,,2032-04-24T09:35,2032-11-06T21:50,3000000,time_blocks_assumption
JOB-000959-B14,JOB-000959,EVS360-014,IS540,14,14,4.0,2032-05-02T15:50,2032-05-02T19:50,scheduled,,2032-04-24T09:35,2032-11-06T21:50,3000000,time_blocks_assumption
JOB-002181-B01,JOB-002181,EVS360-031,IS540,1,14,4.0,2032-04-24T08:50,2032-04-24T12:50,scheduled,,2032-04-24T08:50,2032-11-07T12:35,1800000,time_blocks_assumption
JOB-002181-B02,JOB-002181,EVS360-031,IS540,2,14,4.0,2032-04-26T12:35,2032-04-26T16:35,scheduled,,2032-04-24T08:50,2032-11-07T12:35,1800000,time_blocks_assumption
JOB-002181-B03,JOB-002181,EVS360-031,IS540,3,14,4.0,2032-04-28T16:10,2032-04-28T20:10,scheduled,,2032-04-24T08:50,2032-11-07T12:35,1800000,time_blocks_assumption
JOB-002181-B04,JOB-002181,EVS360-031,IS540,4,14,4.0,2032-04-28T20:10,2032-04-29T00:10,scheduled,,2032-04-24T08:50,2032-11-07T12:35,1800000,time_blocks_assumption
JOB-002181-B05,JOB-002181,EVS360-031,IS540,5,14,4.0,2032-04-29T00:10,2032-04-29T04:10,scheduled,,2032-04-24T08:50,2032-11-07T12:35,1800000,time_blocks_assumption
JOB-002181-B06,JOB-002181,EVS360-031,IS540,6,14,4.0,2032-04-29T23:20,2032-04-30T03:20,scheduled,,2032-04-24T08:50,2032-11-07T12:35,1800000,time_blocks_assumption
JOB-002181-B07,JOB-002181,EVS360-031,IS540,7,14,4.0,2032-04-30T03:20,2032-04-30T07:20,scheduled,,2032-04-24T08:50,2032-11-07T12:35,1800000,time_blocks_assumption
JOB-002181-B08,JOB-002181,EVS360-031,IS540,8,14,4.0,2032-04-30T20:50,2032-05-01T00:50,scheduled,,2032-04-24T08:50,2032-11-07T12:35,1800000,time_blocks_assumption
JOB-002181-B09,JOB-002181,EVS360-031,IS540,9,14,4.0,2032-05-01T00:50,2032-05-01T04:50,scheduled,,2032-04-24T08:50,2032-11-07T12:35,1800000,time_blocks_assumption
JOB-002181-B10,JOB-002181,EVS360-031,IS540,10,14,4.0,2032-05-01T04:50,2032-05-01T08:50,scheduled,,2032-04-24T08:50,2032-11-07T12:35,1800000,time_blocks_assumption
JOB-002181-B11,JOB-002181,EVS360-031,IS540,11,14,4.0,2032-05-02T01:40,2032-05-02T05:40,scheduled,,2032-04-24T08:50,2032-11-07T12:35,1800000,time_blocks_assumption
JOB-002181-B12,JOB-002181,EVS360-031,IS540,12,14,4.0,2032-05-02T05:40,2032-05-02T09:40,scheduled,,2032-04-24T08:50,2032-11-07T12:35,1800000,time_blocks_assumption
JOB-002181-B13,JOB-002181,EVS360-031,IS540,13,14,4.0,2032-05-03T00:10,2032-05-03T04:10,scheduled,,2032-04-24T08:50,2032-11-07T12:35,1800000,time_blocks_assumption
JOB-002181-B14,JOB-002181,EVS360-031,IS540,14,14,4.0,2032-05-03T04:10,2032-05-03T08:10,scheduled,,2032-04-24T08:50,2032-11-07T12:35,1800000,time_blocks_assumption
JOB-002404-B01,JOB-002404,EVS360-034,IS520,1,4,4.0,2032-09-20T19:20,2032-09-20T23:20,scheduled,,2032-09-19T22:50,2032-11-08T15:50,1650000,time_blocks_assumption
JOB-002404-B02,JOB-002404,EVS360-034,IS520,2,4,4.0,2032-09-20T23:20,2032-09-21T03:20,scheduled,,2032-09-19T22:50,2032-11-08T15:50,1650000,time_blocks_assumption
JOB-002404-B03,JOB-002404,EVS360-034,IS520,3,4,4.0,2032-09-21T21:20,2032-09-22T01:20,scheduled,,2032-09-19T22:50,2032-11-08T15:50,1650000,time_blocks_assumption
JOB-002404-B04,JOB-002404,EVS360-034,IS520,4,4,4.0,2032-09-22T01:20,2032-09-22T05:20,scheduled,,2032-09-19T22:50,2032-11-08T15:50,1650000,time_blocks_assumption
JOB-002118-B01,JOB-002118,EVS360-030,IS510,1,3,4.0,2032-10-19T14:50,2032-10-19T18:50,scheduled,,2032-10-18T11:20,2032-11-11T20:35,1875000,time_blocks_assumption
JOB-002118-B02,JOB-002118,EVS360-030,IS510,2,3,4.0,2032-10-21T16:50,2032-10-21T20:50,scheduled,,2032-10-18T11:20,2032-11-11T20:35,1875000,time_blocks_assumption
JOB-002118-B03,JOB-002118,EVS360-030,IS510,3,3,2.0,2032-10-21T20:50,2032-10-21T22:50,scheduled,,2032-10-18T11:20,2032-11-11T20:35,1875000,time_blocks_assumption
JOB-001111-B01,JOB-001111,EVS360-016,IS510,1,3,4.0,2032-10-20T08:35,2032-10-20T12:35,scheduled,,2032-10-20T08:35,2032-11-13T16:50,3075000,time_blocks_assumption
JOB-001111-B02,JOB-001111,EVS360-016,IS510,2,3,4.0,2032-10-21T12:10,2032-10-21T16:10,scheduled,,2032-10-20T08:35,2032-11-13T16:50,3075000,time_blocks_assumption
JOB-001111-B03,JOB-001111,EVS360-016,IS510,3,3,2.0,2032-10-22T12:10,2032-10-22T14:10,scheduled,,2032-10-20T08:35,2032-11-13T16:50,3075000,time_blocks_assumption
JOB-000607-B01,JOB-000607,EVS360-009,IS520,1,4,4.0,2032-09-27T16:50,2032-09-27T20:50,scheduled,,2032-09-25T22:10,2032-11-13T22:50,3450000,time_blocks_assumption
JOB-000607-B02,JOB-000607,EVS360-009,IS520,2,4,4.0,2032-09-27T20:50,2032-09-28T00:50,scheduled,,2032-09-25T22:10,2032-11-13T22:50,3450000,time_blocks_assumption
JOB-000607-B03,JOB-000607,EVS360-009,IS520,3,4,4.0,2032-09-28T00:50,2032-09-28T04:50,scheduled,,2032-09-25T22:10,2032-11-13T22:50,3450000,time_blocks_assumption
JOB-000607-B04,JOB-000607,EVS360-009,IS520,4,4,4.0,2032-09-28T19:50,2032-09-28T23:50,scheduled,,2032-09-25T22:10,2032-11-13T22:50,3450000,time_blocks_assumption
JOB-001903-B01,JOB-001903,EVS360-027,IS520,1,4,4.0,2032-09-26T04:40,2032-09-26T08:40,scheduled,,2032-09-25T22:10,2032-11-14T13:50,2250000,time_blocks_assumption
JOB-001903-B02,JOB-001903,EVS360-027,IS520,2,4,4.0,2032-09-26T23:50,2032-09-27T03:50,scheduled,,2032-09-25T22:10,2032-11-14T13:50,2250000,time_blocks_assumption
JOB-001903-B03,JOB-001903,EVS360-027,IS520,3,4,4.0,2032-09-27T03:50,2032-09-27T07:50,scheduled,,2032-09-25T22:10,2032-11-14T13:50,2250000,time_blocks_assumption
JOB-001903-B04,JOB-001903,EVS360-027,IS520,4,4,4.0,2032-09-27T07:50,2032-09-27T11:50,scheduled,,2032-09-25T22:10,2032-11-14T13:50,2250000,time_blocks_assumption
JOB-002698-B01,JOB-002698,EVS360-038,IS510,1,3,4.0,2032-10-24T08:10,2032-10-24T12:10,scheduled,,2032-10-23T14:10,2032-11-16T23:50,1425000,time_blocks_assumption
JOB-002698-B02,JOB-002698,EVS360-038,IS510,2,3,4.0,2032-10-26T11:50,2032-10-26T15:50,scheduled,,2032-10-23T14:10,2032-11-16T23:50,1425000,time_blocks_assumption
JOB-002698-B03,JOB-002698,EVS360-038,IS510,3,3,2.0,2032-10-26T15:50,2032-10-26T17:50,scheduled,,2032-10-23T14:10,2032-11-16T23:50,1425000,time_blocks_assumption
JOB-001470-B01,JOB-001470,EVS360-021,IS530,1,9,4.0,2032-08-12T11:50,2032-08-12T15:50,scheduled,,2032-08-11T16:10,2032-11-18T10:10,2700000,time_blocks_assumption
JOB-001470-B02,JOB-001470,EVS360-021,IS530,2,9,4.0,2032-08-13T11:20,2032-08-13T15:20,scheduled,,2032-08-11T16:10,2032-11-18T10:10,2700000,time_blocks_assumption
JOB-001470-B03,JOB-001470,EVS360-021,IS530,3,9,4.0,2032-08-14T15:20,2032-08-14T19:20,scheduled,,2032-08-11T16:10,2032-11-18T10:10,2700000,time_blocks_assumption
JOB-001470-B04,JOB-001470,EVS360-021,IS530,4,9,4.0,2032-08-15T14:50,2032-08-15T18:50,scheduled,,2032-08-11T16:10,2032-11-18T10:10,2700000,time_blocks_assumption
JOB-001470-B05,JOB-001470,EVS360-021,IS530,5,9,4.0,2032-08-16T23:20,2032-08-17T03:20,scheduled,,2032-08-11T16:10,2032-11-18T10:10,2700000,time_blocks_assumption
JOB-001470-B06,JOB-001470,EVS360-021,IS530,6,9,4.0,2032-08-17T19:50,2032-08-17T23:50,scheduled,,2032-08-11T16:10,2032-11-18T10:10,2700000,time_blocks_assumption
JOB-001470-B07,JOB-001470,EVS360-021,IS530,7,9,4.0,2032-08-17T23:50,2032-08-18T03:50,scheduled,,2032-08-11T16:10,2032-11-18T10:10,2700000,time_blocks_assumption
JOB-001470-B08,JOB-001470,EVS360-021,IS530,8,9,4.0,2032-08-18T03:50,2032-08-18T07:50,scheduled,,2032-08-11T16:10,2032-11-18T10:10,2700000,time_blocks_assumption
JOB-001470-B09,JOB-001470,EVS360-021,IS530,9,9,4.0,2032-08-18T23:50,2032-08-19T03:50,scheduled,,2032-08-11T16:10,2032-11-18T10:10,2700000,time_blocks_assumption
JOB-001546-B01,JOB-001546,EVS360-022,IS510,1,3,4.0,2032-10-25T21:20,2032-10-26T01:20,scheduled,,2032-10-25T21:20,2032-11-19T12:35,2625000,time_blocks_assumption
JOB-001546-B02,JOB-001546,EVS360-022,IS510,2,3,4.0,2032-10-26T01:20,2032-10-26T05:20,scheduled,,2032-10-25T21:20,2032-11-19T12:35,2625000,time_blocks_assumption
JOB-001546-B03,JOB-001546,EVS360-022,IS510,3,3,2.0,2032-10-26T05:20,2032-10-26T07:20,scheduled,,2032-10-25T21:20,2032-11-19T12:35,2625000,time_blocks_assumption
JOB-001401-B01,JOB-001401,EVS360-020,IS510,1,3,4.0,2032-10-27T23:50,2032-10-28T03:50,scheduled,,2032-10-27T23:50,2032-11-21T15:20,2625000,time_blocks_assumption
JOB-001401-B02,JOB-001401,EVS360-020,IS510,2,3,4.0,2032-10-28T03:50,2032-10-28T07:50,scheduled,,2032-10-27T23:50,2032-11-21T15:20,2625000,time_blocks_assumption
JOB-001401-B03,JOB-001401,EVS360-020,IS510,3,3,2.0,2032-10-28T07:50,2032-10-28T09:50,scheduled,,2032-10-27T23:50,2032-11-21T15:20,2625000,time_blocks_assumption
JOB-000466-B01,JOB-000466,EVS360-007,IS510,1,3,4.0,2032-10-29T21:50,2032-10-30T01:50,scheduled,,2032-10-29T21:50,2032-11-23T12:50,3675000,time_blocks_assumption
JOB-000466-B02,JOB-000466,EVS360-007,IS510,2,3,4.0,2032-10-30T01:50,2032-10-30T05:50,scheduled,,2032-10-29T21:50,2032-11-23T12:50,3675000,time_blocks_assumption
JOB-000466-B03,JOB-000466,EVS360-007,IS510,3,3,2.0,2032-10-30T05:50,2032-10-30T07:50,scheduled,,2032-10-29T21:50,2032-11-23T12:50,3675000,time_blocks_assumption
JOB-001032-B01,JOB-001032,EVS360-015,IS540,1,14,4.0,2032-05-11T14:50,2032-05-11T18:50,scheduled,,2032-05-11T14:50,2032-11-24T19:50,3000000,time_blocks_assumption
JOB-001032-B02,JOB-001032,EVS360-015,IS540,2,14,4.0,2032-05-12T16:50,2032-05-12T20:50,scheduled,,2032-05-11T14:50,2032-11-24T19:50,3000000,time_blocks_assumption
JOB-001032-B03,JOB-001032,EVS360-015,IS540,3,14,4.0,2032-05-12T20:50,2032-05-13T00:50,scheduled,,2032-05-11T14:50,2032-11-24T19:50,3000000,time_blocks_assumption
JOB-001032-B04,JOB-001032,EVS360-015,IS540,4,14,4.0,2032-05-13T00:50,2032-05-13T04:50,scheduled,,2032-05-11T14:50,2032-11-24T19:50,3000000,time_blocks_assumption
JOB-001032-B05,JOB-001032,EVS360-015,IS540,5,14,4.0,2032-05-13T19:50,2032-05-13T23:50,scheduled,,2032-05-11T14:50,2032-11-24T19:50,3000000,time_blocks_assumption
JOB-001032-B06,JOB-001032,EVS360-015,IS540,6,14,4.0,2032-05-13T23:50,2032-05-14T03:50,scheduled,,2032-05-11T14:50,2032-11-24T19:50,3000000,time_blocks_assumption
JOB-001032-B07,JOB-001032,EVS360-015,IS540,7,14,4.0,2032-05-14T03:50,2032-05-14T07:50,scheduled,,2032-05-11T14:50,2032-11-24T19:50,3000000,time_blocks_assumption
JOB-001032-B08,JOB-001032,EVS360-015,IS540,8,14,4.0,2032-05-14T21:20,2032-05-15T01:20,scheduled,,2032-05-11T14:50,2032-11-24T19:50,3000000,time_blocks_assumption
JOB-001032-B09,JOB-001032,EVS360-015,IS540,9,14,4.0,2032-05-15T01:20,2032-05-15T05:20,scheduled,,2032-05-11T14:50,2032-11-24T19:50,3000000,time_blocks_assumption
JOB-001032-B10,JOB-001032,EVS360-015,IS540,10,14,4.0,2032-05-15T05:20,2032-05-15T09:20,scheduled,,2032-05-11T14:50,2032-11-24T19:50,3000000,time_blocks_assumption
JOB-001032-B11,JOB-001032,EVS360-015,IS540,11,14,4.0,2032-05-15T22:50,2032-05-16T02:50,scheduled,,2032-05-11T14:50,2032-11-24T19:50,3000000,time_blocks_assumption
JOB-001032-B12,JOB-001032,EVS360-015,IS540,12,14,4.0,2032-05-16T02:50,2032-05-16T06:50,scheduled,,2032-05-11T14:50,2032-11-24T19:50,3000000,time_blocks_assumption
JOB-001032-B13,JOB-001032,EVS360-015,IS540,13,14,4.0,2032-05-16T06:50,2032-05-16T10:50,scheduled,,2032-05-11T14:50,2032-11-24T19:50,3000000,time_blocks_assumption
JOB-001032-B14,JOB-001032,EVS360-015,IS540,14,14,4.0,2032-05-17T10:10,2032-05-17T14:10,scheduled,,2032-05-11T14:50,2032-11-24T19:50,3000000,time_blocks_assumption
JOB-002548-B01,JOB-002548,EVS360-036,IS530,1,9,4.0,2032-08-20T12:50,2032-08-20T16:50,scheduled,,2032-08-18T18:50,2032-11-24T19:50,1500000,time_blocks_assumption
JOB-002548-B02,JOB-002548,EVS360-036,IS530,2,9,4.0,2032-08-22T20:50,2032-08-23T00:50,scheduled,,2032-08-18T18:50,2032-11-24T19:50,1500000,time_blocks_assumption
JOB-002548-B03,JOB-002548,EVS360-036,IS530,3,9,4.0,2032-08-23T00:50,2032-08-23T04:50,scheduled,,2032-08-18T18:50,2032-11-24T19:50,1500000,time_blocks_assumption
JOB-002548-B04,JOB-002548,EVS360-036,IS530,4,9,4.0,2032-08-23T22:20,2032-08-24T02:20,scheduled,,2032-08-18T18:50,2032-11-24T19:50,1500000,time_blocks_assumption
JOB-002548-B05,JOB-002548,EVS360-036,IS530,5,9,4.0,2032-08-24T02:20,2032-08-24T06:20,scheduled,,2032-08-18T18:50,2032-11-24T19:50,1500000,time_blocks_assumption
JOB-002548-B06,JOB-002548,EVS360-036,IS530,6,9,4.0,2032-08-24T21:20,2032-08-25T01:20,scheduled,,2032-08-18T18:50,2032-11-24T19:50,1500000,time_blocks_assumption
JOB-002548-B07,JOB-002548,EVS360-036,IS530,7,9,4.0,2032-08-25T01:20,2032-08-25T05:20,scheduled,,2032-08-18T18:50,2032-11-24T19:50,1500000,time_blocks_assumption
JOB-002548-B08,JOB-002548,EVS360-036,IS530,8,9,4.0,2032-08-25T05:20,2032-08-25T09:20,scheduled,,2032-08-18T18:50,2032-11-24T19:50,1500000,time_blocks_assumption
JOB-002548-B09,JOB-002548,EVS360-036,IS530,9,9,4.0,2032-08-26T01:50,2032-08-26T05:50,scheduled,,2032-08-18T18:50,2032-11-24T19:50,1500000,time_blocks_assumption
JOB-000893-B01,JOB-000893,EVS360-013,IS530,1,9,4.0,2032-08-19T19:50,2032-08-19T23:50,scheduled,,2032-08-19T09:20,2032-11-25T20:35,3300000,time_blocks_assumption
JOB-000893-B02,JOB-000893,EVS360-013,IS530,2,9,4.0,2032-08-19T23:50,2032-08-20T03:50,scheduled,,2032-08-19T09:20,2032-11-25T20:35,3300000,time_blocks_assumption
JOB-000893-B03,JOB-000893,EVS360-013,IS530,3,9,4.0,2032-08-20T03:50,2032-08-20T07:50,scheduled,,2032-08-19T09:20,2032-11-25T20:35,3300000,time_blocks_assumption
JOB-000893-B04,JOB-000893,EVS360-013,IS530,4,9,4.0,2032-08-20T21:20,2032-08-21T01:20,scheduled,,2032-08-19T09:20,2032-11-25T20:35,3300000,time_blocks_assumption
JOB-000893-B05,JOB-000893,EVS360-013,IS530,5,9,4.0,2032-08-21T01:20,2032-08-21T05:20,scheduled,,2032-08-19T09:20,2032-11-25T20:35,3300000,time_blocks_assumption
JOB-000893-B06,JOB-000893,EVS360-013,IS530,6,9,4.0,2032-08-21T05:20,2032-08-21T09:20,scheduled,,2032-08-19T09:20,2032-11-25T20:35,3300000,time_blocks_assumption
JOB-000893-B07,JOB-000893,EVS360-013,IS530,7,9,4.0,2032-08-21T22:50,2032-08-22T02:50,scheduled,,2032-08-19T09:20,2032-11-25T20:35,3300000,time_blocks_assumption
JOB-000893-B08,JOB-000893,EVS360-013,IS530,8,9,4.0,2032-08-22T02:50,2032-08-22T06:50,scheduled,,2032-08-19T09:20,2032-11-25T20:35,3300000,time_blocks_assumption
JOB-000893-B09,JOB-000893,EVS360-013,IS530,9,9,4.0,2032-08-22T06:50,2032-08-22T10:50,scheduled,,2032-08-19T09:20,2032-11-25T20:35,3300000,time_blocks_assumption
JOB-000100-B01,JOB-000100,EVS360-002,IS530,1,9,4.0,2032-08-21T17:20,2032-08-21T21:20,scheduled,,2032-08-21T17:20,2032-11-28T10:10,3900000,time_blocks_assumption
JOB-000100-B02,JOB-000100,EVS360-002,IS530,2,9,4.0,2032-08-21T21:20,2032-08-22T01:20,scheduled,,2032-08-21T17:20,2032-11-28T10:10,3900000,time_blocks_assumption
JOB-000100-B03,JOB-000100,EVS360-002,IS530,3,9,4.0,2032-08-22T01:20,2032-08-22T05:20,scheduled,,2032-08-21T17:20,2032-11-28T10:10,3900000,time_blocks_assumption
JOB-000100-B04,JOB-000100,EVS360-002,IS530,4,9,4.0,2032-08-22T20:10,2032-08-23T00:10,scheduled,,2032-08-21T17:20,2032-11-28T10:10,3900000,time_blocks_assumption
JOB-000100-B05,JOB-000100,EVS360-002,IS530,5,9,4.0,2032-08-23T00:10,2032-08-23T04:10,scheduled,,2032-08-21T17:20,2032-11-28T10:10,3900000,time_blocks_assumption
JOB-000100-B06,JOB-000100,EVS360-002,IS530,6,9,4.0,2032-08-23T04:10,2032-08-23T08:10,scheduled,,2032-08-21T17:20,2032-11-28T10:10,3900000,time_blocks_assumption
JOB-000100-B07,JOB-000100,EVS360-002,IS530,7,9,4.0,2032-08-23T21:50,2032-08-24T01:50,scheduled,,2032-08-21T17:20,2032-11-28T10:10,3900000,time_blocks_assumption
JOB-000100-B08,JOB-000100,EVS360-002,IS530,8,9,4.0,2032-08-24T01:50,2032-08-24T05:50,scheduled,,2032-08-21T17:20,2032-11-28T10:10,3900000,time_blocks_assumption
JOB-000100-B09,JOB-000100,EVS360-002,IS530,9,9,4.0,2032-08-24T05:50,2032-08-24T09:50,scheduled,,2032-08-21T17:20,2032-11-28T10:10,3900000,time_blocks_assumption
JOB-000176-B01,JOB-000176,EVS360-003,IS520,1,4,4.0,2032-10-12T02:35,2032-10-12T06:35,scheduled,,2032-10-11T22:35,2032-11-29T22:50,3750000,time_blocks_assumption
JOB-000176-B02,JOB-000176,EVS360-003,IS520,2,4,4.0,2032-10-12T06:35,2032-10-12T10:35,scheduled,,2032-10-11T22:35,2032-11-29T22:50,3750000,time_blocks_assumption
JOB-000176-B03,JOB-000176,EVS360-003,IS520,3,4,4.0,2032-10-13T00:10,2032-10-13T04:10,scheduled,,2032-10-11T22:35,2032-11-29T22:50,3750000,time_blocks_assumption
JOB-000176-B04,JOB-000176,EVS360-003,IS520,4,4,4.0,2032-10-13T04:10,2032-10-13T08:10,scheduled,,2032-10-11T22:35,2032-11-29T22:50,3750000,time_blocks_assumption
JOB-000824-B01,JOB-000824,EVS360-012,IS520,1,4,4.0,2032-10-14T13:20,2032-10-14T17:20,scheduled,,2032-10-12T19:20,2032-12-01T12:10,3450000,time_blocks_assumption
JOB-000824-B02,JOB-000824,EVS360-012,IS520,2,4,4.0,2032-10-15T15:20,2032-10-15T19:20,scheduled,,2032-10-12T19:20,2032-12-01T12:10,3450000,time_blocks_assumption
JOB-000824-B03,JOB-000824,EVS360-012,IS520,3,4,4.0,2032-10-15T19:20,2032-10-15T23:20,scheduled,,2032-10-12T19:20,2032-12-01T12:10,3450000,time_blocks_assumption
JOB-000824-B04,JOB-000824,EVS360-012,IS520,4,4,4.0,2032-10-15T23:20,2032-10-16T03:20,scheduled,,2032-10-12T19:20,2032-12-01T12:10,3450000,time_blocks_assumption
JOB-002626-B01,JOB-002626,EVS360-037,IS510,1,3,4.0,2032-11-07T15:20,2032-11-07T19:20,scheduled,,2032-11-06T22:50,2032-12-02T00:10,1425000,time_blocks_assumption
JOB-002626-B02,JOB-002626,EVS360-037,IS510,2,3,4.0,2032-11-07T19:20,2032-11-07T23:20,scheduled,,2032-11-06T22:50,2032-12-02T00:10,1425000,time_blocks_assumption
JOB-002626-B03,JOB-002626,EVS360-037,IS510,3,3,2.0,2032-11-07T23:20,2032-11-08T01:20,scheduled,,2032-11-06T22:50,2032-12-02T00:10,1425000,time_blocks_assumption
JOB-002476-B01,JOB-002476,EVS360-035,IS530,1,9,4.0,2032-08-29T11:20,2032-08-29T15:20,scheduled,,2032-08-28T18:50,2032-12-04T19:50,1500000,time_blocks_assumption
JOB-002476-B02,JOB-002476,EVS360-035,IS530,2,9,4.0,2032-08-31T14:50,2032-08-31T18:50,scheduled,,2032-08-28T18:50,2032-12-04T19:50,1500000,time_blocks_assumption
JOB-002476-B03,JOB-002476,EVS360-035,IS530,3,9,4.0,2032-09-01T23:20,2032-09-02T03:20,scheduled,,2032-08-28T18:50,2032-12-04T19:50,1500000,time_blocks_assumption
JOB-002476-B04,JOB-002476,EVS360-035,IS530,4,9,4.0,2032-09-02T19:50,2032-09-02T23:50,scheduled,,2032-08-28T18:50,2032-12-04T19:50,1500000,time_blocks_assumption
JOB-002476-B05,JOB-002476,EVS360-035,IS530,5,9,4.0,2032-09-02T23:50,2032-09-03T03:50,scheduled,,2032-08-28T18:50,2032-12-04T19:50,1500000,time_blocks_assumption
JOB-002476-B06,JOB-002476,EVS360-035,IS530,6,9,4.0,2032-09-03T03:50,2032-09-03T07:50,scheduled,,2032-08-28T18:50,2032-12-04T19:50,1500000,time_blocks_assumption
JOB-002476-B07,JOB-002476,EVS360-035,IS530,7,9,4.0,2032-09-04T00:10,2032-09-04T04:10,scheduled,,2032-08-28T18:50,2032-12-04T19:50,1500000,time_blocks_assumption
JOB-002476-B08,JOB-002476,EVS360-035,IS530,8,9,4.0,2032-09-04T04:10,2032-09-04T08:10,scheduled,,2032-08-28T18:50,2032-12-04T19:50,1500000,time_blocks_assumption
JOB-002476-B09,JOB-002476,EVS360-035,IS530,9,9,4.0,2032-09-04T22:50,2032-09-05T02:50,scheduled,,2032-08-28T18:50,2032-12-04T19:50,1500000,time_blocks_assumption
JOB-002112-B01,JOB-002112,EVS360-030,IS540,1,14,4.0,2032-05-25T11:50,2032-05-25T15:50,scheduled,,2032-05-23T16:50,2032-12-06T11:50,1800000,time_blocks_assumption
JOB-002112-B02,JOB-002112,EVS360-030,IS540,2,14,4.0,2032-05-27T15:20,2032-05-27T19:20,scheduled,,2032-05-23T16:50,2032-12-06T11:50,1800000,time_blocks_assumption
JOB-002112-B03,JOB-002112,EVS360-030,IS540,3,14,4.0,2032-05-27T19:20,2032-05-27T23:20,scheduled,,2032-05-23T16:50,2032-12-06T11:50,1800000,time_blocks_assumption
JOB-002112-B04,JOB-002112,EVS360-030,IS540,4,14,4.0,2032-05-27T23:20,2032-05-28T03:20,scheduled,,2032-05-23T16:50,2032-12-06T11:50,1800000,time_blocks_assumption
JOB-002112-B05,JOB-002112,EVS360-030,IS540,5,14,4.0,2032-05-28T21:50,2032-05-29T01:50,scheduled,,2032-05-23T16:50,2032-12-06T11:50,1800000,time_blocks_assumption
JOB-002112-B06,JOB-002112,EVS360-030,IS540,6,14,4.0,2032-05-29T01:50,2032-05-29T05:50,scheduled,,2032-05-23T16:50,2032-12-06T11:50,1800000,time_blocks_assumption
JOB-002112-B07,JOB-002112,EVS360-030,IS540,7,14,4.0,2032-05-29T20:10,2032-05-30T00:10,scheduled,,2032-05-23T16:50,2032-12-06T11:50,1800000,time_blocks_assumption
JOB-002112-B08,JOB-002112,EVS360-030,IS540,8,14,4.0,2032-05-30T00:10,2032-05-30T04:10,scheduled,,2032-05-23T16:50,2032-12-06T11:50,1800000,time_blocks_assumption
JOB-002112-B09,JOB-002112,EVS360-030,IS540,9,14,4.0,2032-05-30T04:10,2032-05-30T08:10,scheduled,,2032-05-23T16:50,2032-12-06T11:50,1800000,time_blocks_assumption
JOB-002112-B10,JOB-002112,EVS360-030,IS540,10,14,4.0,2032-05-31T00:20,2032-05-31T04:20,scheduled,,2032-05-23T16:50,2032-12-06T11:50,1800000,time_blocks_assumption
JOB-002112-B11,JOB-002112,EVS360-030,IS540,11,14,4.0,2032-05-31T04:20,2032-05-31T08:20,scheduled,,2032-05-23T16:50,2032-12-06T11:50,1800000,time_blocks_assumption
JOB-002112-B12,JOB-002112,EVS360-030,IS540,12,14,4.0,2032-05-31T23:20,2032-06-01T03:20,scheduled,,2032-05-23T16:50,2032-12-06T11:50,1800000,time_blocks_assumption
JOB-002112-B13,JOB-002112,EVS360-030,IS540,13,14,4.0,2032-06-01T03:20,2032-06-01T07:20,scheduled,,2032-05-23T16:50,2032-12-06T11:50,1800000,time_blocks_assumption
JOB-002112-B14,JOB-002112,EVS360-030,IS540,14,14,4.0,2032-06-01T07:20,2032-06-01T11:20,scheduled,,2032-05-23T16:50,2032-12-06T11:50,1800000,time_blocks_assumption
JOB-001330-B01,JOB-001330,EVS360-019,IS510,1,3,4.0,2032-11-12T16:10,2032-11-12T20:10,scheduled,,2032-11-11T23:50,2032-12-06T14:50,2925000,time_blocks_assumption
JOB-001330-B02,JOB-001330,EVS360-019,IS510,2,3,4.0,2032-11-12T20:10,2032-11-13T00:10,scheduled,,2032-11-11T23:50,2032-12-06T14:50,2925000,time_blocks_assumption
JOB-001330-B03,JOB-001330,EVS360-019,IS510,3,3,2.0,2032-11-13T00:10,2032-11-13T02:10,scheduled,,2032-11-11T23:50,2032-12-06T14:50,2925000,time_blocks_assumption
JOB-000538-B01,JOB-000538,EVS360-008,IS520,1,4,4.0,2032-10-19T00:10,2032-10-19T04:10,scheduled,,2032-10-18T09:35,2032-12-06T20:35,3750000,time_blocks_assumption
JOB-000538-B02,JOB-000538,EVS360-008,IS520,2,4,4.0,2032-10-19T04:10,2032-10-19T08:10,scheduled,,2032-10-18T09:35,2032-12-06T20:35,3750000,time_blocks_assumption
JOB-000538-B03,JOB-000538,EVS360-008,IS520,3,4,4.0,2032-10-19T21:50,2032-10-20T01:50,scheduled,,2032-10-18T09:35,2032-12-06T20:35,3750000,time_blocks_assumption
JOB-000538-B04,JOB-000538,EVS360-008,IS520,4,4,4.0,2032-10-20T01:50,2032-10-20T05:50,scheduled,,2032-10-18T09:35,2032-12-06T20:35,3750000,time_blocks_assumption
JOB-002772-B01,JOB-002772,EVS360-039,IS520,1,4,4.0,2032-10-19T21:20,2032-10-20T01:20,scheduled,,2032-10-19T17:20,2032-12-07T18:10,1350000,time_blocks_assumption
JOB-002772-B02,JOB-002772,EVS360-039,IS520,2,4,4.0,2032-10-20T01:20,2032-10-20T05:20,scheduled,,2032-10-19T17:20,2032-12-07T18:10,1350000,time_blocks_assumption
JOB-002772-B03,JOB-002772,EVS360-039,IS520,3,4,4.0,2032-10-21T00:20,2032-10-21T04:20,scheduled,,2032-10-19T17:20,2032-12-07T18:10,1350000,time_blocks_assumption
JOB-002772-B04,JOB-002772,EVS360-039,IS520,4,4,4.0,2032-10-21T04:20,2032-10-21T08:20,scheduled,,2032-10-19T17:20,2032-12-07T18:10,1350000,time_blocks_assumption
JOB-001105-B01,JOB-001105,EVS360-016,IS540,1,14,4.0,2032-05-24T22:10,2032-05-25T02:10,scheduled,,2032-05-24T22:10,2032-12-08T08:50,3000000,time_blocks_assumption
JOB-001105-B02,JOB-001105,EVS360-016,IS540,2,14,4.0,2032-05-25T02:10,2032-05-25T06:10,scheduled,,2032-05-24T22:10,2032-12-08T08:50,3000000,time_blocks_assumption
JOB-001105-B03,JOB-001105,EVS360-016,IS540,3,14,4.0,2032-05-25T06:10,2032-05-25T10:10,scheduled,,2032-05-24T22:10,2032-12-08T08:50,3000000,time_blocks_assumption
JOB-001105-B04,JOB-001105,EVS360-016,IS540,4,14,4.0,2032-05-25T23:50,2032-05-26T03:50,scheduled,,2032-05-24T22:10,2032-12-08T08:50,3000000,time_blocks_assumption
JOB-001105-B05,JOB-001105,EVS360-016,IS540,5,14,4.0,2032-05-26T03:50,2032-05-26T07:50,scheduled,,2032-05-24T22:10,2032-12-08T08:50,3000000,time_blocks_assumption
JOB-001105-B06,JOB-001105,EVS360-016,IS540,6,14,4.0,2032-05-26T07:50,2032-05-26T11:50,scheduled,,2032-05-24T22:10,2032-12-08T08:50,3000000,time_blocks_assumption
JOB-001105-B07,JOB-001105,EVS360-016,IS540,7,14,4.0,2032-05-27T08:50,2032-05-27T12:50,scheduled,,2032-05-24T22:10,2032-12-08T08:50,3000000,time_blocks_assumption
JOB-001105-B08,JOB-001105,EVS360-016,IS540,8,14,4.0,2032-05-28T10:50,2032-05-28T14:50,scheduled,,2032-05-24T22:10,2032-12-08T08:50,3000000,time_blocks_assumption
JOB-001105-B09,JOB-001105,EVS360-016,IS540,9,14,4.0,2032-05-29T12:35,2032-05-29T16:35,scheduled,,2032-05-24T22:10,2032-12-08T08:50,3000000,time_blocks_assumption
JOB-001105-B10,JOB-001105,EVS360-016,IS540,10,14,4.0,2032-05-30T16:10,2032-05-30T20:10,scheduled,,2032-05-24T22:10,2032-12-08T08:50,3000000,time_blocks_assumption
JOB-001105-B11,JOB-001105,EVS360-016,IS540,11,14,4.0,2032-05-31T16:10,2032-05-31T20:10,scheduled,,2032-05-24T22:10,2032-12-08T08:50,3000000,time_blocks_assumption
JOB-001105-B12,JOB-001105,EVS360-016,IS540,12,14,4.0,2032-05-31T20:10,2032-06-01T00:10,scheduled,,2032-05-24T22:10,2032-12-08T08:50,3000000,time_blocks_assumption
JOB-001105-B13,JOB-001105,EVS360-016,IS540,13,14,4.0,2032-06-01T00:10,2032-06-01T04:10,scheduled,,2032-05-24T22:10,2032-12-08T08:50,3000000,time_blocks_assumption
JOB-001105-B14,JOB-001105,EVS360-016,IS540,14,14,4.0,2032-06-01T18:50,2032-06-01T22:50,scheduled,,2032-05-24T22:10,2032-12-08T08:50,3000000,time_blocks_assumption
JOB-001620-B01,JOB-001620,EVS360-023,IS510,1,3,4.0,2032-11-16T00:10,2032-11-16T04:10,scheduled,,2032-11-15T13:50,2032-12-09T23:20,2625000,time_blocks_assumption
JOB-001620-B02,JOB-001620,EVS360-023,IS510,2,3,4.0,2032-11-16T04:10,2032-11-16T08:10,scheduled,,2032-11-15T13:50,2032-12-09T23:20,2625000,time_blocks_assumption
JOB-001620-B03,JOB-001620,EVS360-023,IS510,3,3,2.0,2032-11-16T08:10,2032-11-16T10:10,scheduled,,2032-11-15T13:50,2032-12-09T23:20,2625000,time_blocks_assumption
JOB-000029-B01,JOB-000029,EVS360-001,IS530,1,9,4.0,2032-09-03T23:20,2032-09-04T03:20,scheduled,,2032-09-03T12:50,2032-12-10T13:50,3900000,time_blocks_assumption
JOB-000029-B02,JOB-000029,EVS360-001,IS530,2,9,4.0,2032-09-04T03:20,2032-09-04T07:20,scheduled,,2032-09-03T12:50,2032-12-10T13:50,3900000,time_blocks_assumption
JOB-000029-B03,JOB-000029,EVS360-001,IS530,3,9,4.0,2032-09-04T07:20,2032-09-04T11:20,scheduled,,2032-09-03T12:50,2032-12-10T13:50,3900000,time_blocks_assumption
JOB-000029-B04,JOB-000029,EVS360-001,IS530,4,9,4.0,2032-09-05T08:35,2032-09-05T12:35,scheduled,,2032-09-03T12:50,2032-12-10T13:50,3900000,time_blocks_assumption
JOB-000029-B05,JOB-000029,EVS360-001,IS530,5,9,4.0,2032-09-06T10:10,2032-09-06T14:10,scheduled,,2032-09-03T12:50,2032-12-10T13:50,3900000,time_blocks_assumption
JOB-000029-B06,JOB-000029,EVS360-001,IS530,6,9,4.0,2032-09-08T13:50,2032-09-08T17:50,scheduled,,2032-09-03T12:50,2032-12-10T13:50,3900000,time_blocks_assumption
JOB-000029-B07,JOB-000029,EVS360-001,IS530,7,9,4.0,2032-09-09T15:50,2032-09-09T19:50,scheduled,,2032-09-03T12:50,2032-12-10T13:50,3900000,time_blocks_assumption
JOB-000029-B08,JOB-000029,EVS360-001,IS530,8,9,4.0,2032-09-09T19:50,2032-09-09T23:50,scheduled,,2032-09-03T12:50,2032-12-10T13:50,3900000,time_blocks_assumption
JOB-000029-B09,JOB-000029,EVS360-001,IS530,9,9,4.0,2032-09-09T23:50,2032-09-10T03:50,scheduled,,2032-09-03T12:50,2032-12-10T13:50,3900000,time_blocks_assumption
JOB-001476-B01,JOB-001476,EVS360-021,IS510,1,3,4.0,2032-11-18T12:40,2032-11-18T16:40,scheduled,,2032-11-18T10:10,2032-12-12T19:50,2775000,time_blocks_assumption
JOB-001476-B02,JOB-001476,EVS360-021,IS510,2,3,4.0,2032-11-19T14:10,2032-11-19T18:10,scheduled,,2032-11-18T10:10,2032-12-12T19:50,2775000,time_blocks_assumption
JOB-001476-B03,JOB-001476,EVS360-021,IS510,3,3,2.0,2032-11-20T16:20,2032-11-20T18:20,scheduled,,2032-11-18T10:10,2032-12-12T19:50,2775000,time_blocks_assumption
JOB-000324-B01,JOB-000324,EVS360-005,IS510,1,3,4.0,2032-11-24T13:50,2032-11-24T17:50,scheduled,,2032-11-23T21:20,2032-12-18T12:35,3525000,time_blocks_assumption
JOB-000324-B02,JOB-000324,EVS360-005,IS510,2,3,4.0,2032-11-25T17:50,2032-11-25T21:50,scheduled,,2032-11-23T21:20,2032-12-18T12:35,3525000,time_blocks_assumption
JOB-000324-B03,JOB-000324,EVS360-005,IS510,3,3,2.0,2032-11-25T21:50,2032-11-25T23:50,scheduled,,2032-11-23T21:20,2032-12-18T12:35,3525000,time_blocks_assumption
JOB-002049-B01,JOB-002049,EVS360-029,IS520,1,4,4.0,2032-10-31T20:20,2032-11-01T00:20,scheduled,,2032-10-30T14:50,2032-12-18T15:20,1950000,time_blocks_assumption
JOB-002049-B02,JOB-002049,EVS360-029,IS520,2,4,4.0,2032-11-01T00:20,2032-11-01T04:20,scheduled,,2032-10-30T14:50,2032-12-18T15:20,1950000,time_blocks_assumption
JOB-002049-B03,JOB-002049,EVS360-029,IS520,3,4,4.0,2032-11-01T19:50,2032-11-01T23:50,scheduled,,2032-10-30T14:50,2032-12-18T15:20,1950000,time_blocks_assumption
JOB-002049-B04,JOB-002049,EVS360-029,IS520,4,4,4.0,2032-11-01T23:50,2032-11-02T03:50,scheduled,,2032-10-30T14:50,2032-12-18T15:20,1950000,time_blocks_assumption
JOB-002554-B01,JOB-002554,EVS360-036,IS510,1,3,4.0,2032-11-26T15:50,2032-11-26T19:50,scheduled,,2032-11-24T19:50,2032-12-19T21:20,1575000,time_blocks_assumption
JOB-002554-B02,JOB-002554,EVS360-036,IS510,2,3,4.0,2032-11-27T15:50,2032-11-27T19:50,scheduled,,2032-11-24T19:50,2032-12-19T21:20,1575000,time_blocks_assumption
JOB-002554-B03,JOB-002554,EVS360-036,IS510,3,3,2.0,2032-11-27T19:50,2032-11-27T21:50,scheduled,,2032-11-24T19:50,2032-12-19T21:20,1575000,time_blocks_assumption
JOB-000899-B01,JOB-000899,EVS360-013,IS510,1,3,4.0,2032-11-25T20:35,2032-11-26T00:35,scheduled,,2032-11-25T20:35,2032-12-20T11:50,3375000,time_blocks_assumption
JOB-000899-B02,JOB-000899,EVS360-013,IS510,2,3,4.0,2032-11-26T00:35,2032-11-26T04:35,scheduled,,2032-11-25T20:35,2032-12-20T11:50,3375000,time_blocks_assumption
JOB-000899-B03,JOB-000899,EVS360-013,IS510,3,3,2.0,2032-11-26T04:35,2032-11-26T06:35,scheduled,,2032-11-25T20:35,2032-12-20T11:50,3375000,time_blocks_assumption
JOB-002337-B01,JOB-002337,EVS360-033,IS510,1,3,4.0,2032-11-28T18:10,2032-11-28T22:10,scheduled,,2032-11-27T14:10,2032-12-21T23:20,1875000,time_blocks_assumption
JOB-002337-B02,JOB-002337,EVS360-033,IS510,2,3,4.0,2032-11-28T22:10,2032-11-29T02:10,scheduled,,2032-11-27T14:10,2032-12-21T23:20,1875000,time_blocks_assumption
JOB-002337-B03,JOB-002337,EVS360-033,IS510,3,3,2.0,2032-11-29T02:10,2032-11-29T04:10,scheduled,,2032-11-27T14:10,2032-12-21T23:20,1875000,time_blocks_assumption
JOB-000106-B01,JOB-000106,EVS360-002,IS510,1,3,4.0,2032-11-28T22:50,2032-11-29T02:50,scheduled,,2032-11-28T10:10,2032-12-22T19:50,3975000,time_blocks_assumption
JOB-000106-B02,JOB-000106,EVS360-002,IS510,2,3,4.0,2032-11-29T02:50,2032-11-29T06:50,scheduled,,2032-11-28T10:10,2032-12-22T19:50,3975000,time_blocks_assumption
JOB-000106-B03,JOB-000106,EVS360-002,IS510,3,3,2.0,2032-11-29T06:50,2032-11-29T08:50,scheduled,,2032-11-28T10:10,2032-12-22T19:50,3975000,time_blocks_assumption
JOB-001259-B01,JOB-001259,EVS360-018,IS510,1,3,4.0,2032-11-30T12:50,2032-11-30T16:50,scheduled,,2032-11-30T12:50,2032-12-24T22:10,2925000,time_blocks_assumption
JOB-001259-B02,JOB-001259,EVS360-018,IS510,2,3,4.0,2032-12-01T16:50,2032-12-01T20:50,scheduled,,2032-11-30T12:50,2032-12-24T22:10,2925000,time_blocks_assumption
JOB-001259-B03,JOB-001259,EVS360-018,IS510,3,3,2.0,2032-12-02T16:50,2032-12-02T18:50,scheduled,,2032-11-30T12:50,2032-12-24T22:10,2925000,time_blocks_assumption
JOB-000252-B01,JOB-000252,EVS360-004,IS510,1,3,4.0,2032-12-01T08:35,2032-12-01T12:35,scheduled,,2032-12-01T08:35,2032-12-25T16:50,3675000,time_blocks_assumption
JOB-000252-B02,JOB-000252,EVS360-004,IS510,2,3,4.0,2032-12-02T12:10,2032-12-02T16:10,scheduled,,2032-12-01T08:35,2032-12-25T16:50,3675000,time_blocks_assumption
JOB-000252-B03,JOB-000252,EVS360-004,IS510,3,3,2.0,2032-12-03T12:10,2032-12-03T14:10,scheduled,,2032-12-01T08:35,2032-12-25T16:50,3675000,time_blocks_assumption
JOB-002193-B01,JOB-002193,EVS360-031,IS520,1,4,4.0,2032-11-08T14:10,2032-11-08T18:10,scheduled,,2032-11-07T12:35,2032-12-26T12:50,1950000,time_blocks_assumption
JOB-002193-B02,JOB-002193,EVS360-031,IS520,2,4,4.0,2032-11-09T19:40,2032-11-09T23:40,scheduled,,2032-11-07T12:35,2032-12-26T12:50,1950000,time_blocks_assumption
JOB-002193-B03,JOB-002193,EVS360-031,IS520,3,4,4.0,2032-11-09T23:40,2032-11-10T03:40,scheduled,,2032-11-07T12:35,2032-12-26T12:50,1950000,time_blocks_assumption
JOB-002193-B04,JOB-002193,EVS360-031,IS520,4,4,4.0,2032-11-10T18:50,2032-11-10T22:50,scheduled,,2032-11-07T12:35,2032-12-26T12:50,1950000,time_blocks_assumption
JOB-000971-B01,JOB-000971,EVS360-014,IS520,1,4,4.0,2032-11-07T01:50,2032-11-07T05:50,scheduled,,2032-11-06T21:50,2032-12-26T13:20,3150000,time_blocks_assumption
JOB-000971-B02,JOB-000971,EVS360-014,IS520,2,4,4.0,2032-11-07T05:50,2032-11-07T09:50,scheduled,,2032-11-06T21:50,2032-12-26T13:20,3150000,time_blocks_assumption
JOB-000971-B03,JOB-000971,EVS360-014,IS520,3,4,4.0,2032-11-07T23:20,2032-11-08T03:20,scheduled,,2032-11-06T21:50,2032-12-26T13:20,3150000,time_blocks_assumption
JOB-000971-B04,JOB-000971,EVS360-014,IS520,4,4,4.0,2032-11-08T03:20,2032-11-08T07:20,scheduled,,2032-11-06T21:50,2032-12-26T13:20,3150000,time_blocks_assumption
JOB-002410-B01,JOB-002410,EVS360-034,IS510,1,3,4.0,2032-12-03T08:10,2032-12-03T12:10,scheduled,,2032-12-03T08:10,2032-12-27T16:10,1725000,time_blocks_assumption
JOB-002410-B02,JOB-002410,EVS360-034,IS510,2,3,4.0,2032-12-05T11:50,2032-12-05T15:50,scheduled,,2032-12-03T08:10,2032-12-27T16:10,1725000,time_blocks_assumption
JOB-002410-B03,JOB-002410,EVS360-034,IS510,3,3,2.0,2032-12-05T15:50,2032-12-05T17:50,scheduled,,2032-12-03T08:10,2032-12-27T16:10,1725000,time_blocks_assumption
JOB-002482-B01,JOB-002482,EVS360-035,IS510,1,3,4.0,2032-12-05T12:10,2032-12-05T16:10,scheduled,,2032-12-04T19:50,2032-12-29T21:20,1575000,time_blocks_assumption
JOB-002482-B02,JOB-002482,EVS360-035,IS510,2,3,4.0,2032-12-07T15:50,2032-12-07T19:50,scheduled,,2032-12-04T19:50,2032-12-29T21:20,1575000,time_blocks_assumption
JOB-002482-B03,JOB-002482,EVS360-035,IS510,3,3,2.0,2032-12-07T19:50,2032-12-07T21:50,scheduled,,2032-12-04T19:50,2032-12-29T21:20,1575000,time_blocks_assumption
JOB-001909-B01,JOB-001909,EVS360-027,IS510,1,3,4.0,2032-12-09T15:50,2032-12-09T19:50,scheduled,,2032-12-08T23:20,2033-01-02T14:10,2325000,time_blocks_assumption
JOB-001909-B02,JOB-001909,EVS360-027,IS510,2,3,4.0,2032-12-09T19:50,2032-12-09T23:50,scheduled,,2032-12-08T23:20,2033-01-02T14:10,2325000,time_blocks_assumption
JOB-001909-B03,JOB-001909,EVS360-027,IS510,3,3,2.0,2032-12-09T23:50,2032-12-10T01:50,scheduled,,2032-12-08T23:20,2033-01-02T14:10,2325000,time_blocks_assumption
JOB-001977-B01,JOB-001977,EVS360-028,IS530,1,9,4.0,2032-09-26T01:35,2032-09-26T05:35,scheduled,,2032-09-25T22:35,2033-01-02T14:50,2100000,time_blocks_assumption
JOB-001977-B02,JOB-001977,EVS360-028,IS530,2,9,4.0,2032-09-26T05:35,2032-09-26T09:35,scheduled,,2032-09-25T22:35,2033-01-02T14:50,2100000,time_blocks_assumption
JOB-001977-B03,JOB-001977,EVS360-028,IS530,3,9,4.0,2032-09-27T00:10,2032-09-27T04:10,scheduled,,2032-09-25T22:35,2033-01-02T14:50,2100000,time_blocks_assumption
JOB-001977-B04,JOB-001977,EVS360-028,IS530,4,9,4.0,2032-09-27T04:10,2032-09-27T08:10,scheduled,,2032-09-25T22:35,2033-01-02T14:50,2100000,time_blocks_assumption
JOB-001977-B05,JOB-001977,EVS360-028,IS530,5,9,4.0,2032-09-27T08:10,2032-09-27T12:10,scheduled,,2032-09-25T22:35,2033-01-02T14:50,2100000,time_blocks_assumption
JOB-001977-B06,JOB-001977,EVS360-028,IS530,6,9,4.0,2032-09-28T11:50,2032-09-28T15:50,scheduled,,2032-09-25T22:35,2033-01-02T14:50,2100000,time_blocks_assumption
JOB-001977-B07,JOB-001977,EVS360-028,IS530,7,9,4.0,2032-09-29T11:20,2032-09-29T15:20,scheduled,,2032-09-25T22:35,2033-01-02T14:50,2100000,time_blocks_assumption
JOB-001977-B08,JOB-001977,EVS360-028,IS530,8,9,4.0,2032-10-01T14:50,2032-10-01T18:50,scheduled,,2032-09-25T22:35,2033-01-02T14:50,2100000,time_blocks_assumption
JOB-001977-B09,JOB-001977,EVS360-028,IS530,9,9,4.0,2032-10-02T19:20,2032-10-02T23:20,scheduled,,2032-09-25T22:35,2033-01-02T14:50,2100000,time_blocks_assumption
JOB-000613-B01,JOB-000613,EVS360-009,IS510,1,3,4.0,2032-12-09T00:10,2032-12-09T04:10,scheduled,,2032-12-08T13:50,2033-01-02T15:50,3525000,time_blocks_assumption
JOB-000613-B02,JOB-000613,EVS360-009,IS510,2,3,4.0,2032-12-09T04:10,2032-12-09T08:10,scheduled,,2032-12-08T13:50,2033-01-02T15:50,3525000,time_blocks_assumption
JOB-000613-B03,JOB-000613,EVS360-009,IS510,3,3,2.0,2032-12-09T08:10,2032-12-09T10:10,scheduled,,2032-12-08T13:50,2033-01-02T15:50,3525000,time_blocks_assumption
JOB-001187-B01,JOB-001187,EVS360-017,IS520,1,4,4.0,2032-11-15T00:10,2032-11-15T04:10,scheduled,,2032-11-14T20:10,2033-01-02T20:35,2850000,time_blocks_assumption
JOB-001187-B02,JOB-001187,EVS360-017,IS520,2,4,4.0,2032-11-15T04:10,2032-11-15T08:10,scheduled,,2032-11-14T20:10,2033-01-02T20:35,2850000,time_blocks_assumption
JOB-001187-B03,JOB-001187,EVS360-017,IS520,3,4,4.0,2032-11-15T21:50,2032-11-16T01:50,scheduled,,2032-11-14T20:10,2033-01-02T20:35,2850000,time_blocks_assumption
JOB-001187-B04,JOB-001187,EVS360-017,IS520,4,4,4.0,2032-11-16T01:50,2032-11-16T05:50,scheduled,,2032-11-14T20:10,2033-01-02T20:35,2850000,time_blocks_assumption
JOB-000035-B01,JOB-000035,EVS360-001,IS510,1,3,4.0,2032-12-11T00:10,2032-12-11T04:10,scheduled,,2032-12-10T13:50,2033-01-04T15:50,3975000,time_blocks_assumption
JOB-000035-B02,JOB-000035,EVS360-001,IS510,2,3,4.0,2032-12-11T04:10,2032-12-11T08:10,scheduled,,2032-12-10T13:50,2033-01-04T15:50,3975000,time_blocks_assumption
JOB-000035-B03,JOB-000035,EVS360-001,IS510,3,3,2.0,2032-12-11T08:10,2032-12-11T10:10,scheduled,,2032-12-10T13:50,2033-01-04T15:50,3975000,time_blocks_assumption
JOB-001765-B01,JOB-001765,EVS360-025,IS520,1,4,4.0,2032-11-20T18:50,2032-11-20T22:50,scheduled,,2032-11-18T21:20,2033-01-06T21:50,2250000,time_blocks_assumption
JOB-001765-B02,JOB-001765,EVS360-025,IS520,2,4,4.0,2032-11-20T22:50,2032-11-21T02:50,scheduled,,2032-11-18T21:20,2033-01-06T21:50,2250000,time_blocks_assumption
JOB-001765-B03,JOB-001765,EVS360-025,IS520,3,4,4.0,2032-11-21T18:10,2032-11-21T22:10,scheduled,,2032-11-18T21:20,2033-01-06T21:50,2250000,time_blocks_assumption
JOB-001765-B04,JOB-001765,EVS360-025,IS520,4,4,4.0,2032-11-21T22:10,2032-11-22T02:10,scheduled,,2032-11-18T21:20,2033-01-06T21:50,2250000,time_blocks_assumption
JOB-001044-B01,JOB-001044,EVS360-015,IS520,1,4,4.0,2032-11-24T23:50,2032-11-25T03:50,scheduled,,2032-11-24T19:50,2033-01-12T20:10,3150000,time_blocks_assumption
JOB-001044-B02,JOB-001044,EVS360-015,IS520,2,4,4.0,2032-11-25T03:50,2032-11-25T07:50,scheduled,,2032-11-24T19:50,2033-01-12T20:10,3150000,time_blocks_assumption
JOB-001044-B03,JOB-001044,EVS360-015,IS520,3,4,4.0,2032-11-25T21:20,2032-11-26T01:20,scheduled,,2032-11-24T19:50,2033-01-12T20:10,3150000,time_blocks_assumption
JOB-001044-B04,JOB-001044,EVS360-015,IS520,4,4,4.0,2032-11-26T01:20,2032-11-26T05:20,scheduled,,2032-11-24T19:50,2033-01-12T20:10,3150000,time_blocks_assumption
JOB-002331-B01,JOB-002331,EVS360-033,IS540,1,14,4.0,2032-07-04T14:50,2032-07-04T18:50,scheduled,,2032-07-02T20:35,2033-01-15T14:50,1800000,time_blocks_assumption
JOB-002331-B02,JOB-002331,EVS360-033,IS540,2,14,4.0,2032-07-05T21:20,2032-07-06T01:20,scheduled,,2032-07-02T20:35,2033-01-15T14:50,1800000,time_blocks_assumption
JOB-002331-B03,JOB-002331,EVS360-033,IS540,3,14,4.0,2032-07-06T01:20,2032-07-06T05:20,scheduled,,2032-07-02T20:35,2033-01-15T14:50,1800000,time_blocks_assumption
JOB-002331-B04,JOB-002331,EVS360-033,IS540,4,14,4.0,2032-07-06T19:50,2032-07-06T23:50,scheduled,,2032-07-02T20:35,2033-01-15T14:50,1800000,time_blocks_assumption
JOB-002331-B05,JOB-002331,EVS360-033,IS540,5,14,4.0,2032-07-06T23:50,2032-07-07T03:50,scheduled,,2032-07-02T20:35,2033-01-15T14:50,1800000,time_blocks_assumption
JOB-002331-B06,JOB-002331,EVS360-033,IS540,6,14,4.0,2032-07-07T03:50,2032-07-07T07:50,scheduled,,2032-07-02T20:35,2033-01-15T14:50,1800000,time_blocks_assumption
JOB-002331-B07,JOB-002331,EVS360-033,IS540,7,14,4.0,2032-07-08T01:50,2032-07-08T05:50,scheduled,,2032-07-02T20:35,2033-01-15T14:50,1800000,time_blocks_assumption
JOB-002331-B08,JOB-002331,EVS360-033,IS540,8,14,4.0,2032-07-08T05:50,2032-07-08T09:50,scheduled,,2032-07-02T20:35,2033-01-15T14:50,1800000,time_blocks_assumption
JOB-002331-B09,JOB-002331,EVS360-033,IS540,9,14,4.0,2032-07-08T22:50,2032-07-09T02:50,scheduled,,2032-07-02T20:35,2033-01-15T14:50,1800000,time_blocks_assumption
JOB-002331-B10,JOB-002331,EVS360-033,IS540,10,14,4.0,2032-07-09T02:50,2032-07-09T06:50,scheduled,,2032-07-02T20:35,2033-01-15T14:50,1800000,time_blocks_assumption
JOB-002331-B11,JOB-002331,EVS360-033,IS540,11,14,4.0,2032-07-09T06:50,2032-07-09T10:50,scheduled,,2032-07-02T20:35,2033-01-15T14:50,1800000,time_blocks_assumption
JOB-002331-B12,JOB-002331,EVS360-033,IS540,12,14,4.0,2032-07-11T09:50,2032-07-11T13:50,scheduled,,2032-07-02T20:35,2033-01-15T14:50,1800000,time_blocks_assumption
JOB-002331-B13,JOB-002331,EVS360-033,IS540,13,14,4.0,2032-07-13T13:20,2032-07-13T17:20,scheduled,,2032-07-02T20:35,2033-01-15T14:50,1800000,time_blocks_assumption
JOB-002331-B14,JOB-002331,EVS360-033,IS540,14,14,4.0,2032-07-14T19:50,2032-07-14T23:50,scheduled,,2032-07-02T20:35,2033-01-15T14:50,1800000,time_blocks_assumption
JOB-000755-B01,JOB-000755,EVS360-011,IS530,1,9,4.0,2032-10-11T00:10,2032-10-11T04:10,scheduled,,2032-10-10T13:50,2033-01-17T08:35,3300000,time_blocks_assumption
JOB-000755-B02,JOB-000755,EVS360-011,IS530,2,9,4.0,2032-10-11T04:10,2032-10-11T08:10,scheduled,,2032-10-10T13:50,2033-01-17T08:35,3300000,time_blocks_assumption
JOB-000755-B03,JOB-000755,EVS360-011,IS530,3,9,4.0,2032-10-11T08:10,2032-10-11T12:10,scheduled,,2032-10-10T13:50,2033-01-17T08:35,3300000,time_blocks_assumption
JOB-000755-B04,JOB-000755,EVS360-011,IS530,4,9,4.0,2032-10-12T09:20,2032-10-12T13:20,scheduled,,2032-10-10T13:50,2033-01-17T08:35,3300000,time_blocks_assumption
JOB-000755-B05,JOB-000755,EVS360-011,IS530,5,9,4.0,2032-10-13T11:20,2032-10-13T15:20,scheduled,,2032-10-10T13:50,2033-01-17T08:35,3300000,time_blocks_assumption
JOB-000755-B06,JOB-000755,EVS360-011,IS530,6,9,4.0,2032-10-14T12:50,2032-10-14T16:50,scheduled,,2032-10-10T13:50,2033-01-17T08:35,3300000,time_blocks_assumption
JOB-000755-B07,JOB-000755,EVS360-011,IS530,7,9,4.0,2032-10-16T16:50,2032-10-16T20:50,scheduled,,2032-10-10T13:50,2033-01-17T08:35,3300000,time_blocks_assumption
JOB-000755-B08,JOB-000755,EVS360-011,IS530,8,9,4.0,2032-10-16T20:50,2032-10-17T00:50,scheduled,,2032-10-10T13:50,2033-01-17T08:35,3300000,time_blocks_assumption
JOB-000755-B09,JOB-000755,EVS360-011,IS530,9,9,4.0,2032-10-17T00:50,2032-10-17T04:50,scheduled,,2032-10-10T13:50,2033-01-17T08:35,3300000,time_blocks_assumption
JOB-000182-B01,JOB-000182,EVS360-003,IS510,1,3,4.0,2032-12-24T14:10,2032-12-24T18:10,scheduled,,2032-12-24T14:10,2033-01-18T14:50,3825000,time_blocks_assumption
JOB-000182-B02,JOB-000182,EVS360-003,IS510,2,3,4.0,2032-12-25T18:10,2032-12-25T22:10,scheduled,,2032-12-24T14:10,2033-01-18T14:50,3825000,time_blocks_assumption
JOB-000182-B03,JOB-000182,EVS360-003,IS510,3,3,2.0,2032-12-25T22:10,2032-12-26T00:10,scheduled,,2032-12-24T14:10,2033-01-18T14:50,3825000,time_blocks_assumption
JOB-000830-B01,JOB-000830,EVS360-012,IS510,1,3,4.0,2032-12-25T21:20,2032-12-26T01:20,scheduled,,2032-12-25T21:20,2033-01-19T12:35,3525000,time_blocks_assumption
JOB-000830-B02,JOB-000830,EVS360-012,IS510,2,3,4.0,2032-12-26T01:20,2032-12-26T05:20,scheduled,,2032-12-25T21:20,2033-01-19T12:35,3525000,time_blocks_assumption
JOB-000830-B03,JOB-000830,EVS360-012,IS510,3,3,2.0,2032-12-26T05:20,2032-12-26T07:20,scheduled,,2032-12-25T21:20,2033-01-19T12:35,3525000,time_blocks_assumption
JOB-000544-B01,JOB-000544,EVS360-008,IS510,1,3,4.0,2032-12-31T11:50,2032-12-31T15:50,scheduled,,2032-12-31T11:50,2033-01-24T20:50,3825000,time_blocks_assumption
JOB-000544-B02,JOB-000544,EVS360-008,IS510,2,3,4.0,2033-01-01T15:20,2033-01-01T19:20,scheduled,,2032-12-31T11:50,2033-01-24T20:50,3825000,time_blocks_assumption
JOB-000544-B03,JOB-000544,EVS360-008,IS510,3,3,2.0,2033-01-02T15:20,2033-01-02T17:20,scheduled,,2032-12-31T11:50,2033-01-24T20:50,3825000,time_blocks_assumption
JOB-002124-B01,JOB-002124,EVS360-030,IS520,1,4,4.0,2032-12-07T13:20,2032-12-07T17:20,scheduled,,2032-12-06T11:50,2033-01-24T21:20,1950000,time_blocks_assumption
JOB-002124-B02,JOB-002124,EVS360-030,IS520,2,4,4.0,2032-12-08T19:20,2032-12-08T23:20,scheduled,,2032-12-06T11:50,2033-01-24T21:20,1950000,time_blocks_assumption
JOB-002124-B03,JOB-002124,EVS360-030,IS520,3,4,4.0,2032-12-08T23:20,2032-12-09T03:20,scheduled,,2032-12-06T11:50,2033-01-24T21:20,1950000,time_blocks_assumption
JOB-002124-B04,JOB-002124,EVS360-030,IS520,4,4,4.0,2032-12-09T17:20,2032-12-09T21:20,scheduled,,2032-12-06T11:50,2033-01-24T21:20,1950000,time_blocks_assumption
JOB-002778-B01,JOB-002778,EVS360-039,IS510,1,3,4.0,2033-01-01T09:50,2033-01-01T13:50,scheduled,,2033-01-01T09:50,2033-01-25T18:50,1425000,time_blocks_assumption
JOB-002778-B02,JOB-002778,EVS360-039,IS510,2,3,4.0,2033-01-03T13:20,2033-01-03T17:20,scheduled,,2033-01-01T09:50,2033-01-25T18:50,1425000,time_blocks_assumption
JOB-002778-B03,JOB-002778,EVS360-039,IS510,3,3,2.0,2033-01-03T17:20,2033-01-03T19:20,scheduled,,2033-01-01T09:50,2033-01-25T18:50,1425000,time_blocks_assumption
JOB-000687-B01,JOB-000687,EVS360-010,IS510,1,3,4.0,2033-01-01T14:10,2033-01-01T18:10,scheduled,,2033-01-01T14:10,2033-01-25T23:20,3675000,time_blocks_assumption
JOB-000687-B02,JOB-000687,EVS360-010,IS510,2,3,4.0,2033-01-02T18:10,2033-01-02T22:10,scheduled,,2033-01-01T14:10,2033-01-25T23:20,3675000,time_blocks_assumption
JOB-000687-B03,JOB-000687,EVS360-010,IS510,3,3,2.0,2033-01-02T22:10,2033-01-03T00:10,scheduled,,2033-01-01T14:10,2033-01-25T23:20,3675000,time_blocks_assumption
JOB-001117-B01,JOB-001117,EVS360-016,IS520,1,4,4.0,2032-12-09T10:50,2032-12-09T14:50,scheduled,,2032-12-08T08:50,2033-01-26T09:20,3150000,time_blocks_assumption
JOB-001117-B02,JOB-001117,EVS360-016,IS520,2,4,4.0,2032-12-10T12:35,2032-12-10T16:35,scheduled,,2032-12-08T08:50,2033-01-26T09:20,3150000,time_blocks_assumption
JOB-001117-B03,JOB-001117,EVS360-016,IS520,3,4,4.0,2032-12-11T14:10,2032-12-11T18:10,scheduled,,2032-12-08T08:50,2033-01-26T09:20,3150000,time_blocks_assumption
JOB-001117-B04,JOB-001117,EVS360-016,IS520,4,4,4.0,2032-12-12T16:10,2032-12-12T20:10,scheduled,,2032-12-08T08:50,2033-01-26T09:20,3150000,time_blocks_assumption
JOB-001983-B01,JOB-001983,EVS360-028,IS510,1,3,4.0,2033-01-03T08:35,2033-01-03T12:35,scheduled,,2033-01-02T14:50,2033-01-27T00:10,2175000,time_blocks_assumption
JOB-001983-B02,JOB-001983,EVS360-028,IS510,2,3,4.0,2033-01-05T12:10,2033-01-05T16:10,scheduled,,2033-01-02T14:50,2033-01-27T00:10,2175000,time_blocks_assumption
JOB-001983-B03,JOB-001983,EVS360-028,IS510,3,3,2.0,2033-01-05T16:10,2033-01-05T18:10,scheduled,,2033-01-02T14:50,2033-01-27T00:10,2175000,time_blocks_assumption
JOB-000472-B01,JOB-000472,EVS360-007,IS520,1,4,4.0,2032-12-18T02:10,2032-12-18T06:10,scheduled,,2032-12-17T22:10,2033-02-04T22:35,3750000,time_blocks_assumption
JOB-000472-B02,JOB-000472,EVS360-007,IS520,2,4,4.0,2032-12-18T06:10,2032-12-18T10:10,scheduled,,2032-12-17T22:10,2033-02-04T22:35,3750000,time_blocks_assumption
JOB-000472-B03,JOB-000472,EVS360-007,IS520,3,4,4.0,2032-12-18T23:50,2032-12-19T03:50,scheduled,,2032-12-17T22:10,2033-02-04T22:35,3750000,time_blocks_assumption
JOB-000472-B04,JOB-000472,EVS360-007,IS520,4,4,4.0,2032-12-19T03:50,2032-12-19T07:50,scheduled,,2032-12-17T22:10,2033-02-04T22:35,3750000,time_blocks_assumption
JOB-002055-B01,JOB-002055,EVS360-029,IS510,1,3,4.0,2033-01-12T00:10,2033-01-12T04:10,scheduled,,2033-01-12T00:10,2033-02-06T08:35,2025000,time_blocks_assumption
JOB-002055-B02,JOB-002055,EVS360-029,IS510,2,3,4.0,2033-01-12T04:10,2033-01-12T08:10,scheduled,,2033-01-12T00:10,2033-02-06T08:35,2025000,time_blocks_assumption
JOB-002055-B03,JOB-002055,EVS360-029,IS510,3,3,2.0,2033-01-12T08:10,2033-01-12T10:10,scheduled,,2033-01-12T00:10,2033-02-06T08:35,2025000,time_blocks_assumption
JOB-000397-B01,JOB-000397,EVS360-006,IS530,1,9,4.0,2032-11-01T08:10,2032-11-01T12:10,scheduled,,2032-10-31T14:10,2033-02-07T08:50,3900000,time_blocks_assumption
JOB-000397-B02,JOB-000397,EVS360-006,IS530,2,9,4.0,2032-11-02T09:50,2032-11-02T13:50,scheduled,,2032-10-31T14:10,2033-02-07T08:50,3900000,time_blocks_assumption
JOB-000397-B03,JOB-000397,EVS360-006,IS530,3,9,4.0,2032-11-03T11:50,2032-11-03T15:50,scheduled,,2032-10-31T14:10,2033-02-07T08:50,3900000,time_blocks_assumption
JOB-000397-B04,JOB-000397,EVS360-006,IS530,4,9,4.0,2032-11-05T15:20,2032-11-05T19:20,scheduled,,2032-10-31T14:10,2033-02-07T08:50,3900000,time_blocks_assumption
JOB-000397-B05,JOB-000397,EVS360-006,IS530,5,9,4.0,2032-11-05T19:20,2032-11-05T23:20,scheduled,,2032-10-31T14:10,2033-02-07T08:50,3900000,time_blocks_assumption
JOB-000397-B06,JOB-000397,EVS360-006,IS530,6,9,4.0,2032-11-05T23:20,2032-11-06T03:20,scheduled,,2032-10-31T14:10,2033-02-07T08:50,3900000,time_blocks_assumption
JOB-000397-B07,JOB-000397,EVS360-006,IS530,7,9,4.0,2032-11-06T17:20,2032-11-06T21:20,scheduled,,2032-10-31T14:10,2033-02-07T08:50,3900000,time_blocks_assumption
JOB-000397-B08,JOB-000397,EVS360-006,IS530,8,9,4.0,2032-11-06T21:20,2032-11-07T01:20,scheduled,,2032-10-31T14:10,2033-02-07T08:50,3900000,time_blocks_assumption
JOB-000397-B09,JOB-000397,EVS360-006,IS530,9,9,4.0,2032-11-07T01:20,2032-11-07T05:20,scheduled,,2032-10-31T14:10,2033-02-07T08:50,3900000,time_blocks_assumption
JOB-000761-B01,JOB-000761,EVS360-011,IS510,1,3,4.0,2033-01-17T08:35,2033-01-17T12:35,scheduled,,2033-01-17T08:35,2033-02-10T16:50,3375000,time_blocks_assumption
JOB-000761-B02,JOB-000761,EVS360-011,IS510,2,3,4.0,2033-01-18T12:10,2033-01-18T16:10,scheduled,,2033-01-17T08:35,2033-02-10T16:50,3375000,time_blocks_assumption
JOB-000761-B03,JOB-000761,EVS360-011,IS510,3,3,2.0,2033-01-19T12:10,2033-01-19T14:10,scheduled,,2033-01-17T08:35,2033-02-10T16:50,3375000,time_blocks_assumption
JOB-000977-B01,JOB-000977,EVS360-014,IS510,1,3,4.0,2033-01-20T15:20,2033-01-20T19:20,scheduled,,2033-01-19T22:50,2033-02-13T13:50,3225000,time_blocks_assumption
JOB-000977-B02,JOB-000977,EVS360-014,IS510,2,3,4.0,2033-01-20T19:20,2033-01-20T23:20,scheduled,,2033-01-19T22:50,2033-02-13T13:50,3225000,time_blocks_assumption
JOB-000977-B03,JOB-000977,EVS360-014,IS510,3,3,2.0,2033-01-20T23:20,2033-01-21T01:20,scheduled,,2033-01-19T22:50,2033-02-13T13:50,3225000,time_blocks_assumption
JOB-002199-B01,JOB-002199,EVS360-031,IS510,1,3,4.0,2033-01-19T22:10,2033-01-20T02:10,scheduled,,2033-01-19T22:10,2033-02-13T22:50,2025000,time_blocks_assumption
JOB-002199-B02,JOB-002199,EVS360-031,IS510,2,3,4.0,2033-01-20T02:10,2033-01-20T06:10,scheduled,,2033-01-19T22:10,2033-02-13T22:50,2025000,time_blocks_assumption
JOB-002199-B03,JOB-002199,EVS360-031,IS510,3,3,2.0,2033-01-20T06:10,2033-01-20T08:10,scheduled,,2033-01-19T22:10,2033-02-13T22:50,2025000,time_blocks_assumption
JOB-002270-B01,JOB-002270,EVS360-032,IS510,1,3,4.0,2033-01-26T16:50,2033-01-26T20:50,scheduled,,2033-01-26T00:10,2033-02-19T15:20,1875000,time_blocks_assumption
JOB-002270-B02,JOB-002270,EVS360-032,IS510,2,3,4.0,2033-01-26T20:50,2033-01-27T00:50,scheduled,,2033-01-26T00:10,2033-02-19T15:20,1875000,time_blocks_assumption
JOB-002270-B03,JOB-002270,EVS360-032,IS510,3,3,2.0,2033-01-27T00:50,2033-01-27T02:50,scheduled,,2033-01-26T00:10,2033-02-19T15:20,1875000,time_blocks_assumption
JOB-001193-B01,JOB-001193,EVS360-017,IS510,1,3,4.0,2033-01-27T11:50,2033-01-27T15:50,scheduled,,2033-01-27T11:50,2033-02-21T12:10,2925000,time_blocks_assumption
JOB-001193-B02,JOB-001193,EVS360-017,IS510,2,3,4.0,2033-01-28T15:20,2033-01-28T19:20,scheduled,,2033-01-27T11:50,2033-02-21T12:10,2925000,time_blocks_assumption
JOB-001193-B03,JOB-001193,EVS360-017,IS510,3,3,2.0,2033-01-29T15:20,2033-01-29T17:20,scheduled,,2033-01-27T11:50,2033-02-21T12:10,2925000,time_blocks_assumption
JOB-002704-B01,JOB-002704,EVS360-038,IS530,1,9,4.0,2032-11-17T16:10,2032-11-17T20:10,scheduled,,2032-11-16T23:50,2033-02-23T17:20,1500000,time_blocks_assumption
JOB-002704-B02,JOB-002704,EVS360-038,IS530,2,9,4.0,2032-11-17T20:10,2032-11-18T00:10,scheduled,,2032-11-16T23:50,2033-02-23T17:20,1500000,time_blocks_assumption
JOB-002704-B03,JOB-002704,EVS360-038,IS530,3,9,4.0,2032-11-18T00:10,2032-11-18T04:10,scheduled,,2032-11-16T23:50,2033-02-23T17:20,1500000,time_blocks_assumption
JOB-002704-B04,JOB-002704,EVS360-038,IS530,4,9,4.0,2032-11-18T23:20,2032-11-19T03:20,scheduled,,2032-11-16T23:50,2033-02-23T17:20,1500000,time_blocks_assumption
JOB-002704-B05,JOB-002704,EVS360-038,IS530,5,9,4.0,2032-11-19T03:20,2032-11-19T07:20,scheduled,,2032-11-16T23:50,2033-02-23T17:20,1500000,time_blocks_assumption
JOB-002704-B06,JOB-002704,EVS360-038,IS530,6,9,4.0,2032-11-19T20:50,2032-11-20T00:50,scheduled,,2032-11-16T23:50,2033-02-23T17:20,1500000,time_blocks_assumption
JOB-002704-B07,JOB-002704,EVS360-038,IS530,7,9,4.0,2032-11-20T00:50,2032-11-20T04:50,scheduled,,2032-11-16T23:50,2033-02-23T17:20,1500000,time_blocks_assumption
JOB-002704-B08,JOB-002704,EVS360-038,IS530,8,9,4.0,2032-11-20T04:50,2032-11-20T08:50,scheduled,,2032-11-16T23:50,2033-02-23T17:20,1500000,time_blocks_assumption
JOB-002704-B09,JOB-002704,EVS360-038,IS530,9,9,4.0,2032-11-21T02:20,2032-11-21T06:20,scheduled,,2032-11-16T23:50,2033-02-23T17:20,1500000,time_blocks_assumption
JOB-001482-B01,JOB-001482,EVS360-021,IS520,1,4,4.0,2033-01-08T16:40,2033-01-08T20:40,scheduled,,2033-01-06T20:10,2033-02-24T20:35,2850000,time_blocks_assumption
JOB-001482-B02,JOB-001482,EVS360-021,IS520,2,4,4.0,2033-01-09T16:10,2033-01-09T20:10,scheduled,,2033-01-06T20:10,2033-02-24T20:35,2850000,time_blocks_assumption
JOB-001482-B03,JOB-001482,EVS360-021,IS520,3,4,4.0,2033-01-09T20:10,2033-01-10T00:10,scheduled,,2033-01-06T20:10,2033-02-24T20:35,2850000,time_blocks_assumption
JOB-001482-B04,JOB-001482,EVS360-021,IS520,4,4,4.0,2033-01-10T00:10,2033-01-10T04:10,scheduled,,2033-01-06T20:10,2033-02-24T20:35,2850000,time_blocks_assumption
JOB-001699-B01,JOB-001699,EVS360-024,IS510,1,3,4.0,2033-01-31T22:50,2033-02-01T02:50,scheduled,,2033-01-31T12:35,2033-02-24T21:50,2475000,time_blocks_assumption
JOB-001699-B02,JOB-001699,EVS360-024,IS510,2,3,4.0,2033-02-01T02:50,2033-02-01T06:50,scheduled,,2033-01-31T12:35,2033-02-24T21:50,2475000,time_blocks_assumption
JOB-001699-B03,JOB-001699,EVS360-024,IS510,3,3,2.0,2033-02-01T06:50,2033-02-01T08:50,scheduled,,2033-01-31T12:35,2033-02-24T21:50,2475000,time_blocks_assumption
JOB-001771-B01,JOB-001771,EVS360-025,IS510,1,3,4.0,2033-01-31T23:20,2033-02-01T03:20,scheduled,,2033-01-31T12:50,2033-02-25T14:50,2325000,time_blocks_assumption
JOB-001771-B02,JOB-001771,EVS360-025,IS510,2,3,4.0,2033-02-01T03:20,2033-02-01T07:20,scheduled,,2033-01-31T12:50,2033-02-25T14:50,2325000,time_blocks_assumption
JOB-001771-B03,JOB-001771,EVS360-025,IS510,3,3,2.0,2033-02-01T07:20,2033-02-01T09:20,scheduled,,2033-01-31T12:50,2033-02-25T14:50,2325000,time_blocks_assumption
JOB-001552-B01,JOB-001552,EVS360-022,IS530,1,9,4.0,2032-11-19T12:35,2032-11-19T16:35,scheduled,,2032-11-19T12:35,2033-02-25T22:50,2700000,time_blocks_assumption
JOB-001552-B02,JOB-001552,EVS360-022,IS530,2,9,4.0,2032-11-20T16:40,2032-11-20T20:40,scheduled,,2032-11-19T12:35,2033-02-25T22:50,2700000,time_blocks_assumption
JOB-001552-B03,JOB-001552,EVS360-022,IS530,3,9,4.0,2032-11-21T16:10,2032-11-21T20:10,scheduled,,2032-11-19T12:35,2033-02-25T22:50,2700000,time_blocks_assumption
JOB-001552-B04,JOB-001552,EVS360-022,IS530,4,9,4.0,2032-11-21T20:10,2032-11-22T00:10,scheduled,,2032-11-19T12:35,2033-02-25T22:50,2700000,time_blocks_assumption
JOB-001552-B05,JOB-001552,EVS360-022,IS530,5,9,4.0,2032-11-22T00:10,2032-11-22T04:10,scheduled,,2032-11-19T12:35,2033-02-25T22:50,2700000,time_blocks_assumption
JOB-001552-B06,JOB-001552,EVS360-022,IS530,6,9,4.0,2032-11-22T21:20,2032-11-23T01:20,scheduled,,2032-11-19T12:35,2033-02-25T22:50,2700000,time_blocks_assumption
JOB-001552-B07,JOB-001552,EVS360-022,IS530,7,9,4.0,2032-11-23T01:20,2032-11-23T05:20,scheduled,,2032-11-19T12:35,2033-02-25T22:50,2700000,time_blocks_assumption
JOB-001552-B08,JOB-001552,EVS360-022,IS530,8,9,4.0,2032-11-24T00:50,2032-11-24T04:50,scheduled,,2032-11-19T12:35,2033-02-25T22:50,2700000,time_blocks_assumption
JOB-001552-B09,JOB-001552,EVS360-022,IS530,9,9,4.0,2032-11-24T04:50,2032-11-24T08:50,scheduled,,2032-11-19T12:35,2033-02-25T22:50,2700000,time_blocks_assumption
JOB-001407-B01,JOB-001407,EVS360-020,IS530,1,9,4.0,2032-11-21T15:20,2032-11-21T19:20,scheduled,,2032-11-21T15:20,2033-02-28T08:50,2700000,time_blocks_assumption
JOB-001407-B02,JOB-001407,EVS360-020,IS530,2,9,4.0,2032-11-21T19:20,2032-11-21T23:20,scheduled,,2032-11-21T15:20,2033-02-28T08:50,2700000,time_blocks_assumption
JOB-001407-B03,JOB-001407,EVS360-020,IS530,3,9,4.0,2032-11-21T23:20,2032-11-22T03:20,scheduled,,2032-11-21T15:20,2033-02-28T08:50,2700000,time_blocks_assumption
JOB-001407-B04,JOB-001407,EVS360-020,IS530,4,9,4.0,2032-11-22T17:20,2032-11-22T21:20,scheduled,,2032-11-21T15:20,2033-02-28T08:50,2700000,time_blocks_assumption
JOB-001407-B05,JOB-001407,EVS360-020,IS530,5,9,4.0,2032-11-22T21:20,2032-11-23T01:20,scheduled,,2032-11-21T15:20,2033-02-28T08:50,2700000,time_blocks_assumption
JOB-001407-B06,JOB-001407,EVS360-020,IS530,6,9,4.0,2032-11-23T01:20,2032-11-23T05:20,scheduled,,2032-11-21T15:20,2033-02-28T08:50,2700000,time_blocks_assumption
JOB-001407-B07,JOB-001407,EVS360-020,IS530,7,9,4.0,2032-11-23T20:10,2032-11-24T00:10,scheduled,,2032-11-21T15:20,2033-02-28T08:50,2700000,time_blocks_assumption
JOB-001407-B08,JOB-001407,EVS360-020,IS530,8,9,4.0,2032-11-24T00:10,2032-11-24T04:10,scheduled,,2032-11-21T15:20,2033-02-28T08:50,2700000,time_blocks_assumption
JOB-001407-B09,JOB-001407,EVS360-020,IS530,9,9,4.0,2032-11-24T04:10,2032-11-24T08:10,scheduled,,2032-11-21T15:20,2033-02-28T08:50,2700000,time_blocks_assumption
JOB-001843-B01,JOB-001843,EVS360-026,IS510,1,3,4.0,2033-02-05T14:10,2033-02-05T18:10,scheduled,,2033-02-05T14:10,2033-03-01T23:20,2475000,time_blocks_assumption
JOB-001843-B02,JOB-001843,EVS360-026,IS510,2,3,4.0,2033-02-06T18:10,2033-02-06T22:10,scheduled,,2033-02-05T14:10,2033-03-01T23:20,2475000,time_blocks_assumption
JOB-001843-B03,JOB-001843,EVS360-026,IS510,3,3,2.0,2033-02-06T22:10,2033-02-07T00:10,scheduled,,2033-02-05T14:10,2033-03-01T23:20,2475000,time_blocks_assumption
JOB-001050-B01,JOB-001050,EVS360-015,IS510,1,3,4.0,2033-02-06T11:20,2033-02-06T15:20,scheduled,,2033-02-06T11:20,2033-03-03T11:50,3225000,time_blocks_assumption
JOB-001050-B02,JOB-001050,EVS360-015,IS510,2,3,4.0,2033-02-07T14:50,2033-02-07T18:50,scheduled,,2033-02-06T11:20,2033-03-03T11:50,3225000,time_blocks_assumption
JOB-001050-B03,JOB-001050,EVS360-015,IS510,3,3,2.0,2033-02-08T14:50,2033-02-08T16:50,scheduled,,2033-02-06T11:20,2033-03-03T11:50,3225000,time_blocks_assumption
JOB-002560-B01,JOB-002560,EVS360-036,IS520,1,4,4.0,2033-01-14T14:10,2033-01-14T18:10,scheduled,,2033-01-13T12:35,2033-03-03T12:50,1650000,time_blocks_assumption
JOB-002560-B02,JOB-002560,EVS360-036,IS520,2,4,4.0,2033-01-15T20:10,2033-01-16T00:10,scheduled,,2033-01-13T12:35,2033-03-03T12:50,1650000,time_blocks_assumption
JOB-002560-B03,JOB-002560,EVS360-036,IS520,3,4,4.0,2033-01-16T00:10,2033-01-16T04:10,scheduled,,2033-01-13T12:35,2033-03-03T12:50,1650000,time_blocks_assumption
JOB-002560-B04,JOB-002560,EVS360-036,IS520,4,4,4.0,2033-01-16T18:50,2033-01-16T22:50,scheduled,,2033-01-13T12:35,2033-03-03T12:50,1650000,time_blocks_assumption
JOB-000403-B01,JOB-000403,EVS360-006,IS510,1,3,4.0,2033-02-07T08:50,2033-02-07T12:50,scheduled,,2033-02-07T08:50,2033-03-03T17:20,3975000,time_blocks_assumption
JOB-000403-B02,JOB-000403,EVS360-006,IS510,2,3,4.0,2033-02-08T12:50,2033-02-08T16:50,scheduled,,2033-02-07T08:50,2033-03-03T17:20,3975000,time_blocks_assumption
JOB-000403-B03,JOB-000403,EVS360-006,IS510,3,3,2.0,2033-02-09T12:35,2033-02-09T14:35,scheduled,,2033-02-07T08:50,2033-03-03T17:20,3975000,time_blocks_assumption
JOB-000905-B01,JOB-000905,EVS360-013,IS520,1,4,4.0,2033-01-14T00:50,2033-01-14T04:50,scheduled,,2033-01-13T20:50,2033-03-03T21:20,3450000,time_blocks_assumption
JOB-000905-B02,JOB-000905,EVS360-013,IS520,2,4,4.0,2033-01-14T04:50,2033-01-14T08:50,scheduled,,2033-01-13T20:50,2033-03-03T21:20,3450000,time_blocks_assumption
JOB-000905-B03,JOB-000905,EVS360-013,IS520,3,4,4.0,2033-01-14T22:35,2033-01-15T02:35,scheduled,,2033-01-13T20:50,2033-03-03T21:20,3450000,time_blocks_assumption
JOB-000905-B04,JOB-000905,EVS360-013,IS520,4,4,4.0,2033-01-15T02:35,2033-01-15T06:35,scheduled,,2033-01-13T20:50,2033-03-03T21:20,3450000,time_blocks_assumption
JOB-002343-B01,JOB-002343,EVS360-033,IS520,1,4,4.0,2033-01-16T16:50,2033-01-16T20:50,scheduled,,2033-01-15T14:50,2033-03-06T08:10,1950000,time_blocks_assumption
JOB-002343-B02,JOB-002343,EVS360-033,IS520,2,4,4.0,2033-01-16T20:50,2033-01-17T00:50,scheduled,,2033-01-15T14:50,2033-03-06T08:10,1950000,time_blocks_assumption
JOB-002343-B03,JOB-002343,EVS360-033,IS520,3,4,4.0,2033-01-17T00:50,2033-01-17T04:50,scheduled,,2033-01-15T14:50,2033-03-06T08:10,1950000,time_blocks_assumption
JOB-002343-B04,JOB-002343,EVS360-033,IS520,4,4,4.0,2033-01-17T23:20,2033-01-18T03:20,scheduled,,2033-01-15T14:50,2033-03-06T08:10,1950000,time_blocks_assumption
JOB-000112-B01,JOB-000112,EVS360-002,IS520,1,4,4.0,2033-01-17T01:20,2033-01-17T05:20,scheduled,,2033-01-16T10:50,2033-03-06T11:20,4050000,time_blocks_assumption
JOB-000112-B02,JOB-000112,EVS360-002,IS520,2,4,4.0,2033-01-17T05:20,2033-01-17T09:20,scheduled,,2033-01-16T10:50,2033-03-06T11:20,4050000,time_blocks_assumption
JOB-000112-B03,JOB-000112,EVS360-002,IS520,3,4,4.0,2033-01-17T22:50,2033-01-18T02:50,scheduled,,2033-01-16T10:50,2033-03-06T11:20,4050000,time_blocks_assumption
JOB-000112-B04,JOB-000112,EVS360-002,IS520,4,4,4.0,2033-01-18T02:50,2033-01-18T06:50,scheduled,,2033-01-16T10:50,2033-03-06T11:20,4050000,time_blocks_assumption
JOB-000258-B01,JOB-000258,EVS360-004,IS520,1,4,4.0,2033-01-20T10:50,2033-01-20T14:50,scheduled,,2033-01-19T08:50,2033-03-09T09:20,3750000,time_blocks_assumption
JOB-000258-B02,JOB-000258,EVS360-004,IS520,2,4,4.0,2033-01-21T12:35,2033-01-21T16:35,scheduled,,2033-01-19T08:50,2033-03-09T09:20,3750000,time_blocks_assumption
JOB-000258-B03,JOB-000258,EVS360-004,IS520,3,4,4.0,2033-01-22T14:10,2033-01-22T18:10,scheduled,,2033-01-19T08:50,2033-03-09T09:20,3750000,time_blocks_assumption
JOB-000258-B04,JOB-000258,EVS360-004,IS520,4,4,4.0,2033-01-23T16:10,2033-01-23T20:10,scheduled,,2033-01-19T08:50,2033-03-09T09:20,3750000,time_blocks_assumption
JOB-002632-B01,JOB-002632,EVS360-037,IS530,1,9,4.0,2032-12-02T05:50,2032-12-02T09:50,scheduled,,2032-12-02T00:10,2033-03-10T08:35,1500000,time_blocks_assumption
JOB-002632-B02,JOB-002632,EVS360-037,IS530,2,9,4.0,2032-12-02T09:50,2032-12-02T13:50,scheduled,,2032-12-02T00:10,2033-03-10T08:35,1500000,time_blocks_assumption
JOB-002632-B03,JOB-002632,EVS360-037,IS530,3,9,4.0,2032-12-03T09:20,2032-12-03T13:20,scheduled,,2032-12-02T00:10,2033-03-10T08:35,1500000,time_blocks_assumption
JOB-002632-B04,JOB-002632,EVS360-037,IS530,4,9,4.0,2032-12-04T13:50,2032-12-04T17:50,scheduled,,2032-12-02T00:10,2033-03-10T08:35,1500000,time_blocks_assumption
JOB-002632-B05,JOB-002632,EVS360-037,IS530,5,9,4.0,2032-12-05T12:50,2032-12-05T16:50,scheduled,,2032-12-02T00:10,2033-03-10T08:35,1500000,time_blocks_assumption
JOB-002632-B06,JOB-002632,EVS360-037,IS530,6,9,4.0,2032-12-07T16:50,2032-12-07T20:50,scheduled,,2032-12-02T00:10,2033-03-10T08:35,1500000,time_blocks_assumption
JOB-002632-B07,JOB-002632,EVS360-037,IS530,7,9,4.0,2032-12-07T20:50,2032-12-08T00:50,scheduled,,2032-12-02T00:10,2033-03-10T08:35,1500000,time_blocks_assumption
JOB-002632-B08,JOB-002632,EVS360-037,IS530,8,9,4.0,2032-12-08T00:50,2032-12-08T04:50,scheduled,,2032-12-02T00:10,2033-03-10T08:35,1500000,time_blocks_assumption
JOB-002632-B09,JOB-002632,EVS360-037,IS530,9,9,4.0,2032-12-08T23:50,2032-12-09T03:50,scheduled,,2032-12-02T00:10,2033-03-10T08:35,1500000,time_blocks_assumption
JOB-002488-B01,JOB-002488,EVS360-035,IS520,1,4,4.0,2033-01-25T16:10,2033-01-25T20:10,scheduled,,2033-01-23T12:35,2033-03-13T12:50,1650000,time_blocks_assumption
JOB-002488-B02,JOB-002488,EVS360-035,IS520,2,4,4.0,2033-01-25T20:10,2033-01-26T00:10,scheduled,,2033-01-23T12:35,2033-03-13T12:50,1650000,time_blocks_assumption
JOB-002488-B03,JOB-002488,EVS360-035,IS520,3,4,4.0,2033-01-26T00:10,2033-01-26T04:10,scheduled,,2033-01-23T12:35,2033-03-13T12:50,1650000,time_blocks_assumption
JOB-002488-B04,JOB-002488,EVS360-035,IS520,4,4,4.0,2033-01-26T22:10,2033-01-27T02:10,scheduled,,2033-01-23T12:35,2033-03-13T12:50,1650000,time_blocks_assumption
JOB-002130-B01,JOB-002130,EVS360-030,IS510,1,3,4.0,2033-02-18T22:50,2033-02-19T02:50,scheduled,,2033-02-18T12:35,2033-03-14T21:50,2025000,time_blocks_assumption
JOB-002130-B02,JOB-002130,EVS360-030,IS510,2,3,4.0,2033-02-19T02:50,2033-02-19T06:50,scheduled,,2033-02-18T12:35,2033-03-14T21:50,2025000,time_blocks_assumption
JOB-002130-B03,JOB-002130,EVS360-030,IS510,3,3,2.0,2033-02-19T06:50,2033-02-19T08:50,scheduled,,2033-02-18T12:35,2033-03-14T21:50,2025000,time_blocks_assumption
JOB-002264-B01,JOB-002264,EVS360-032,IS540,1,14,4.0,2032-08-31T13:20,2032-08-31T17:20,scheduled,,2032-08-31T13:20,2033-03-16T08:10,1800000,time_blocks_assumption
JOB-002264-B02,JOB-002264,EVS360-032,IS540,2,14,4.0,2032-09-01T19:20,2032-09-01T23:20,scheduled,,2032-08-31T13:20,2033-03-16T08:10,1800000,time_blocks_assumption
JOB-002264-B03,JOB-002264,EVS360-032,IS540,3,14,4.0,2032-09-01T23:20,2032-09-02T03:20,scheduled,,2032-08-31T13:20,2033-03-16T08:10,1800000,time_blocks_assumption
JOB-002264-B04,JOB-002264,EVS360-032,IS540,4,14,4.0,2032-09-02T17:20,2032-09-02T21:20,scheduled,,2032-08-31T13:20,2033-03-16T08:10,1800000,time_blocks_assumption
JOB-002264-B05,JOB-002264,EVS360-032,IS540,5,14,4.0,2032-09-02T21:20,2032-09-03T01:20,scheduled,,2032-08-31T13:20,2033-03-16T08:10,1800000,time_blocks_assumption
JOB-002264-B06,JOB-002264,EVS360-032,IS540,6,14,4.0,2032-09-03T01:20,2032-09-03T05:20,scheduled,,2032-08-31T13:20,2033-03-16T08:10,1800000,time_blocks_assumption
JOB-002264-B07,JOB-002264,EVS360-032,IS540,7,14,4.0,2032-09-03T22:50,2032-09-04T02:50,scheduled,,2032-08-31T13:20,2033-03-16T08:10,1800000,time_blocks_assumption
JOB-002264-B08,JOB-002264,EVS360-032,IS540,8,14,4.0,2032-09-04T02:50,2032-09-04T06:50,scheduled,,2032-08-31T13:20,2033-03-16T08:10,1800000,time_blocks_assumption
JOB-002264-B09,JOB-002264,EVS360-032,IS540,9,14,4.0,2032-09-04T21:50,2032-09-05T01:50,scheduled,,2032-08-31T13:20,2033-03-16T08:10,1800000,time_blocks_assumption
JOB-002264-B10,JOB-002264,EVS360-032,IS540,10,14,4.0,2032-09-05T01:50,2032-09-05T05:50,scheduled,,2032-08-31T13:20,2033-03-16T08:10,1800000,time_blocks_assumption
JOB-002264-B11,JOB-002264,EVS360-032,IS540,11,14,4.0,2032-09-05T05:50,2032-09-05T09:50,scheduled,,2032-08-31T13:20,2033-03-16T08:10,1800000,time_blocks_assumption
JOB-002264-B12,JOB-002264,EVS360-032,IS540,12,14,4.0,2032-09-06T04:05,2032-09-06T08:05,scheduled,,2032-08-31T13:20,2033-03-16T08:10,1800000,time_blocks_assumption
JOB-002264-B13,JOB-002264,EVS360-032,IS540,13,14,4.0,2032-09-06T08:05,2032-09-06T12:05,scheduled,,2032-08-31T13:20,2033-03-16T08:10,1800000,time_blocks_assumption
JOB-002264-B14,JOB-002264,EVS360-032,IS540,14,14,4.0,2032-09-07T08:35,2032-09-07T12:35,scheduled,,2032-08-31T13:20,2033-03-16T08:10,1800000,time_blocks_assumption
JOB-001123-B01,JOB-001123,EVS360-016,IS510,1,3,4.0,2033-02-19T18:10,2033-02-19T22:10,scheduled,,2033-02-19T18:10,2033-03-16T19:20,3225000,time_blocks_assumption
JOB-001123-B02,JOB-001123,EVS360-016,IS510,2,3,4.0,2033-02-19T22:10,2033-02-20T02:10,scheduled,,2033-02-19T18:10,2033-03-16T19:20,3225000,time_blocks_assumption
JOB-001123-B03,JOB-001123,EVS360-016,IS510,3,3,2.0,2033-02-20T02:10,2033-02-20T04:10,scheduled,,2033-02-19T18:10,2033-03-16T19:20,3225000,time_blocks_assumption
JOB-001626-B01,JOB-001626,EVS360-023,IS530,1,9,4.0,2032-12-10T18:20,2032-12-10T22:20,scheduled,,2032-12-09T23:20,2033-03-18T16:50,2700000,time_blocks_assumption
JOB-001626-B02,JOB-001626,EVS360-023,IS530,2,9,4.0,2032-12-10T22:20,2032-12-11T02:20,scheduled,,2032-12-09T23:20,2033-03-18T16:50,2700000,time_blocks_assumption
JOB-001626-B03,JOB-001626,EVS360-023,IS530,3,9,4.0,2032-12-11T18:10,2032-12-11T22:10,scheduled,,2032-12-09T23:20,2033-03-18T16:50,2700000,time_blocks_assumption
JOB-001626-B04,JOB-001626,EVS360-023,IS530,4,9,4.0,2032-12-11T22:10,2032-12-12T02:10,scheduled,,2032-12-09T23:20,2033-03-18T16:50,2700000,time_blocks_assumption
JOB-001626-B05,JOB-001626,EVS360-023,IS530,5,9,4.0,2032-12-12T02:10,2032-12-12T06:10,scheduled,,2032-12-09T23:20,2033-03-18T16:50,2700000,time_blocks_assumption
JOB-001626-B06,JOB-001626,EVS360-023,IS530,6,9,4.0,2032-12-12T23:05,2032-12-13T03:05,scheduled,,2032-12-09T23:20,2033-03-18T16:50,2700000,time_blocks_assumption
JOB-001626-B07,JOB-001626,EVS360-023,IS530,7,9,4.0,2032-12-13T03:05,2032-12-13T07:05,scheduled,,2032-12-09T23:20,2033-03-18T16:50,2700000,time_blocks_assumption
JOB-001626-B08,JOB-001626,EVS360-023,IS530,8,9,4.0,2032-12-14T02:10,2032-12-14T06:10,scheduled,,2032-12-09T23:20,2033-03-18T16:50,2700000,time_blocks_assumption
JOB-001626-B09,JOB-001626,EVS360-023,IS530,9,9,4.0,2032-12-14T06:10,2032-12-14T10:10,scheduled,,2032-12-09T23:20,2033-03-18T16:50,2700000,time_blocks_assumption
JOB-000041-B01,JOB-000041,EVS360-001,IS520,1,4,4.0,2033-01-30T09:50,2033-01-30T13:50,scheduled,,2033-01-29T08:10,2033-03-19T08:35,4050000,time_blocks_assumption
JOB-000041-B02,JOB-000041,EVS360-001,IS520,2,4,4.0,2033-01-31T11:50,2033-01-31T15:50,scheduled,,2033-01-29T08:10,2033-03-19T08:35,4050000,time_blocks_assumption
JOB-000041-B03,JOB-000041,EVS360-001,IS520,3,4,4.0,2033-02-01T13:20,2033-02-01T17:20,scheduled,,2033-01-29T08:10,2033-03-19T08:35,4050000,time_blocks_assumption
JOB-000041-B04,JOB-000041,EVS360-001,IS520,4,4,4.0,2033-02-02T15:20,2033-02-02T19:20,scheduled,,2033-01-29T08:10,2033-03-19T08:35,4050000,time_blocks_assumption
JOB-002710-B01,JOB-002710,EVS360-038,IS510,1,3,4.0,2033-02-23T17:20,2033-02-23T21:20,scheduled,,2033-02-23T17:20,2033-03-20T09:20,1575000,time_blocks_assumption
JOB-002710-B02,JOB-002710,EVS360-038,IS510,2,3,4.0,2033-02-23T21:20,2033-02-24T01:20,scheduled,,2033-02-23T17:20,2033-03-20T09:20,1575000,time_blocks_assumption
JOB-002710-B03,JOB-002710,EVS360-038,IS510,3,3,2.0,2033-02-24T01:20,2033-02-24T03:20,scheduled,,2033-02-23T17:20,2033-03-20T09:20,1575000,time_blocks_assumption
JOB-001558-B01,JOB-001558,EVS360-022,IS510,1,3,4.0,2033-02-26T15:20,2033-02-26T19:20,scheduled,,2033-02-25T22:50,2033-03-22T13:50,2775000,time_blocks_assumption
JOB-001558-B02,JOB-001558,EVS360-022,IS510,2,3,4.0,2033-02-26T19:20,2033-02-26T23:20,scheduled,,2033-02-25T22:50,2033-03-22T13:50,2775000,time_blocks_assumption
JOB-001558-B03,JOB-001558,EVS360-022,IS510,3,3,2.0,2033-02-26T23:20,2033-02-27T01:20,scheduled,,2033-02-25T22:50,2033-03-22T13:50,2775000,time_blocks_assumption
JOB-001413-B01,JOB-001413,EVS360-020,IS510,1,3,4.0,2033-02-28T18:50,2033-02-28T22:50,scheduled,,2033-02-28T08:50,2033-03-24T17:20,2775000,time_blocks_assumption
JOB-001413-B02,JOB-001413,EVS360-020,IS510,2,3,4.0,2033-02-28T22:50,2033-03-01T02:50,scheduled,,2033-02-28T08:50,2033-03-24T17:20,2775000,time_blocks_assumption
JOB-001413-B03,JOB-001413,EVS360-020,IS510,3,3,2.0,2033-03-01T02:50,2033-03-01T04:50,scheduled,,2033-02-28T08:50,2033-03-24T17:20,2775000,time_blocks_assumption
JOB-000478-B01,JOB-000478,EVS360-007,IS510,1,3,4.0,2033-03-02T17:50,2033-03-02T21:50,scheduled,,2033-03-01T23:20,2033-03-26T14:10,3825000,time_blocks_assumption
JOB-000478-B02,JOB-000478,EVS360-007,IS510,2,3,4.0,2033-03-02T21:50,2033-03-03T01:50,scheduled,,2033-03-01T23:20,2033-03-26T14:10,3825000,time_blocks_assumption
JOB-000478-B03,JOB-000478,EVS360-007,IS510,3,3,2.0,2033-03-03T01:50,2033-03-03T03:50,scheduled,,2033-03-01T23:20,2033-03-26T14:10,3825000,time_blocks_assumption
JOB-002638-B01,JOB-002638,EVS360-037,IS510,1,3,4.0,2033-03-11T12:10,2033-03-11T16:10,scheduled,,2033-03-10T08:35,2033-04-04T09:20,1575000,time_blocks_assumption
JOB-002638-B02,JOB-002638,EVS360-037,IS510,2,3,4.0,2033-03-13T13:50,2033-03-13T17:50,scheduled,,2033-03-10T08:35,2033-04-04T09:20,1575000,time_blocks_assumption
JOB-002638-B03,JOB-002638,EVS360-037,IS510,3,3,2.0,2033-03-13T17:50,2033-03-13T19:50,scheduled,,2033-03-10T08:35,2033-04-04T09:20,1575000,time_blocks_assumption
JOB-001342-B01,JOB-001342,EVS360-019,IS510,1,3,4.0,2033-03-15T09:20,2033-03-15T13:20,scheduled,,2033-03-15T09:20,2033-04-08T18:10,3075000,time_blocks_assumption
JOB-001342-B02,JOB-001342,EVS360-019,IS510,2,3,4.0,2033-03-16T13:20,2033-03-16T17:20,scheduled,,2033-03-15T09:20,2033-04-08T18:10,3075000,time_blocks_assumption
JOB-001342-B03,JOB-001342,EVS360-019,IS510,3,3,2.0,2033-03-17T12:50,2033-03-17T14:50,scheduled,,2033-03-15T09:20,2033-04-08T18:10,3075000,time_blocks_assumption
JOB-000693-B01,JOB-000693,EVS360-010,IS520,1,4,4.0,2033-02-20T16:50,2033-02-20T20:50,scheduled,,2033-02-19T14:50,2033-04-10T08:10,3750000,time_blocks_assumption
JOB-000693-B02,JOB-000693,EVS360-010,IS520,2,4,4.0,2033-02-20T20:50,2033-02-21T00:50,scheduled,,2033-02-19T14:50,2033-04-10T08:10,3750000,time_blocks_assumption
JOB-000693-B03,JOB-000693,EVS360-010,IS520,3,4,4.0,2033-02-21T00:50,2033-02-21T04:50,scheduled,,2033-02-19T14:50,2033-04-10T08:10,3750000,time_blocks_assumption
JOB-000693-B04,JOB-000693,EVS360-010,IS520,4,4,4.0,2033-02-21T19:50,2033-02-21T23:50,scheduled,,2033-02-19T14:50,2033-04-10T08:10,3750000,time_blocks_assumption
JOB-001989-B01,JOB-001989,EVS360-028,IS520,1,4,4.0,2033-02-23T12:35,2033-02-23T16:35,scheduled,,2033-02-20T15:20,2033-04-11T09:20,2250000,time_blocks_assumption
JOB-001989-B02,JOB-001989,EVS360-028,IS520,2,4,4.0,2033-02-25T16:10,2033-02-25T20:10,scheduled,,2033-02-20T15:20,2033-04-11T09:20,2250000,time_blocks_assumption
JOB-001989-B03,JOB-001989,EVS360-028,IS520,3,4,4.0,2033-02-25T20:10,2033-02-26T00:10,scheduled,,2033-02-20T15:20,2033-04-11T09:20,2250000,time_blocks_assumption
JOB-001989-B04,JOB-001989,EVS360-028,IS520,4,4,4.0,2033-02-26T00:10,2033-02-26T04:10,scheduled,,2033-02-20T15:20,2033-04-11T09:20,2250000,time_blocks_assumption
JOB-001632-B01,JOB-001632,EVS360-023,IS510,1,3,4.0,2033-03-18T16:50,2033-03-18T20:50,scheduled,,2033-03-18T16:50,2033-04-12T08:50,2775000,time_blocks_assumption
JOB-001632-B02,JOB-001632,EVS360-023,IS510,2,3,4.0,2033-03-18T20:50,2033-03-19T00:50,scheduled,,2033-03-18T16:50,2033-04-12T08:50,2775000,time_blocks_assumption
JOB-001632-B03,JOB-001632,EVS360-023,IS510,3,3,2.0,2033-03-19T00:50,2033-03-19T02:50,scheduled,,2033-03-18T16:50,2033-04-12T08:50,2775000,time_blocks_assumption
JOB-001488-B01,JOB-001488,EVS360-021,IS510,1,3,4.0,2033-03-21T22:10,2033-03-22T02:10,scheduled,,2033-03-21T11:50,2033-04-14T20:50,2925000,time_blocks_assumption
JOB-001488-B02,JOB-001488,EVS360-021,IS510,2,3,4.0,2033-03-22T02:10,2033-03-22T06:10,scheduled,,2033-03-21T11:50,2033-04-14T20:50,2925000,time_blocks_assumption
JOB-001488-B03,JOB-001488,EVS360-021,IS510,3,3,2.0,2033-03-22T06:10,2033-03-22T08:10,scheduled,,2033-03-21T11:50,2033-04-14T20:50,2925000,time_blocks_assumption
JOB-000336-B01,JOB-000336,EVS360-005,IS510,1,3,4.0,2033-03-26T23:50,2033-03-27T03:50,scheduled,,2033-03-26T23:50,2033-04-20T15:20,3675000,time_blocks_assumption
JOB-000336-B02,JOB-000336,EVS360-005,IS510,2,3,4.0,2033-03-27T03:50,2033-03-27T07:50,scheduled,,2033-03-26T23:50,2033-04-20T15:20,3675000,time_blocks_assumption
JOB-000336-B03,JOB-000336,EVS360-005,IS510,3,3,2.0,2033-03-27T07:50,2033-03-27T09:50,scheduled,,2033-03-26T23:50,2033-04-20T15:20,3675000,time_blocks_assumption
JOB-002566-B01,JOB-002566,EVS360-036,IS510,1,3,4.0,2033-03-27T22:10,2033-03-28T02:10,scheduled,,2033-03-27T22:10,2033-04-21T22:50,1725000,time_blocks_assumption
JOB-002566-B02,JOB-002566,EVS360-036,IS510,2,3,4.0,2033-03-28T02:10,2033-03-28T06:10,scheduled,,2033-03-27T22:10,2033-04-21T22:50,1725000,time_blocks_assumption
JOB-002566-B03,JOB-002566,EVS360-036,IS510,3,3,2.0,2033-03-28T06:10,2033-03-28T08:10,scheduled,,2033-03-27T22:10,2033-04-21T22:50,1725000,time_blocks_assumption
JOB-000911-B01,JOB-000911,EVS360-013,IS510,1,3,4.0,2033-03-28T12:35,2033-03-28T16:35,scheduled,,2033-03-28T12:35,2033-04-22T12:50,3525000,time_blocks_assumption
JOB-000911-B02,JOB-000911,EVS360-013,IS510,2,3,4.0,2033-03-29T16:10,2033-03-29T20:10,scheduled,,2033-03-28T12:35,2033-04-22T12:50,3525000,time_blocks_assumption
JOB-000911-B03,JOB-000911,EVS360-013,IS510,3,3,2.0,2033-03-30T16:10,2033-03-30T18:10,scheduled,,2033-03-28T12:35,2033-04-22T12:50,3525000,time_blocks_assumption
JOB-002349-B01,JOB-002349,EVS360-033,IS510,1,3,4.0,2033-03-31T09:20,2033-03-31T13:20,scheduled,,2033-03-30T16:10,2033-04-24T08:35,2025000,time_blocks_assumption
JOB-002349-B02,JOB-002349,EVS360-033,IS510,2,3,4.0,2033-04-02T12:50,2033-04-02T16:50,scheduled,,2033-03-30T16:10,2033-04-24T08:35,2025000,time_blocks_assumption
JOB-002349-B03,JOB-002349,EVS360-033,IS510,3,3,2.0,2033-04-02T16:50,2033-04-02T18:50,scheduled,,2033-03-30T16:10,2033-04-24T08:35,2025000,time_blocks_assumption
JOB-000118-B01,JOB-000118,EVS360-002,IS510,1,3,4.0,2033-03-31T12:50,2033-03-31T16:50,scheduled,,2033-03-30T20:35,2033-04-24T22:10,4125000,time_blocks_assumption
JOB-000118-B02,JOB-000118,EVS360-002,IS510,2,3,4.0,2033-04-01T16:50,2033-04-01T20:50,scheduled,,2033-03-30T20:35,2033-04-24T22:10,4125000,time_blocks_assumption
JOB-000118-B03,JOB-000118,EVS360-002,IS510,3,3,2.0,2033-04-02T16:50,2033-04-02T18:50,scheduled,,2033-03-30T20:35,2033-04-24T22:10,4125000,time_blocks_assumption
JOB-000767-B01,JOB-000767,EVS360-011,IS520,1,4,4.0,2033-03-09T12:35,2033-03-09T16:35,scheduled,,2033-03-07T18:10,2033-04-25T18:50,3450000,time_blocks_assumption
JOB-000767-B02,JOB-000767,EVS360-011,IS520,2,4,4.0,2033-03-10T14:10,2033-03-10T18:10,scheduled,,2033-03-07T18:10,2033-04-25T18:50,3450000,time_blocks_assumption
JOB-000767-B03,JOB-000767,EVS360-011,IS520,3,4,4.0,2033-03-11T16:10,2033-03-11T20:10,scheduled,,2033-03-07T18:10,2033-04-25T18:50,3450000,time_blocks_assumption
JOB-000767-B04,JOB-000767,EVS360-011,IS520,4,4,4.0,2033-03-11T20:10,2033-03-12T00:10,scheduled,,2033-03-07T18:10,2033-04-25T18:50,3450000,time_blocks_assumption
JOB-000188-B01,JOB-000188,EVS360-003,IS530,1,9,4.0,2033-01-19T08:35,2033-01-19T12:35,scheduled,,2033-01-18T14:50,2033-04-26T16:10,3900000,time_blocks_assumption
JOB-000188-B02,JOB-000188,EVS360-003,IS530,2,9,4.0,2033-01-20T10:10,2033-01-20T14:10,scheduled,,2033-01-18T14:50,2033-04-26T16:10,3900000,time_blocks_assumption
JOB-000188-B03,JOB-000188,EVS360-003,IS530,3,9,4.0,2033-01-21T12:10,2033-01-21T16:10,scheduled,,2033-01-18T14:50,2033-04-26T16:10,3900000,time_blocks_assumption
JOB-000188-B04,JOB-000188,EVS360-003,IS530,4,9,4.0,2033-01-23T15:50,2033-01-23T19:50,scheduled,,2033-01-18T14:50,2033-04-26T16:10,3900000,time_blocks_assumption
JOB-000188-B05,JOB-000188,EVS360-003,IS530,5,9,4.0,2033-01-23T19:50,2033-01-23T23:50,scheduled,,2033-01-18T14:50,2033-04-26T16:10,3900000,time_blocks_assumption
JOB-000188-B06,JOB-000188,EVS360-003,IS530,6,9,4.0,2033-01-23T23:50,2033-01-24T03:50,scheduled,,2033-01-18T14:50,2033-04-26T16:10,3900000,time_blocks_assumption
JOB-000188-B07,JOB-000188,EVS360-003,IS530,7,9,4.0,2033-01-24T18:10,2033-01-24T22:10,scheduled,,2033-01-18T14:50,2033-04-26T16:10,3900000,time_blocks_assumption
JOB-000188-B08,JOB-000188,EVS360-003,IS530,8,9,4.0,2033-01-24T22:10,2033-01-25T02:10,scheduled,,2033-01-18T14:50,2033-04-26T16:10,3900000,time_blocks_assumption
JOB-000188-B09,JOB-000188,EVS360-003,IS530,9,9,4.0,2033-01-25T02:10,2033-01-25T06:10,scheduled,,2033-01-18T14:50,2033-04-26T16:10,3900000,time_blocks_assumption
JOB-001271-B01,JOB-001271,EVS360-018,IS510,1,3,4.0,2033-04-03T08:10,2033-04-03T12:10,scheduled,,2033-04-02T14:10,2033-04-26T23:50,3075000,time_blocks_assumption
JOB-001271-B02,JOB-001271,EVS360-018,IS510,2,3,4.0,2033-04-04T11:50,2033-04-04T15:50,scheduled,,2033-04-02T14:10,2033-04-26T23:50,3075000,time_blocks_assumption
JOB-001271-B03,JOB-001271,EVS360-018,IS510,3,3,2.0,2033-04-05T11:50,2033-04-05T13:50,scheduled,,2033-04-02T14:10,2033-04-26T23:50,3075000,time_blocks_assumption
JOB-000264-B01,JOB-000264,EVS360-004,IS510,1,3,4.0,2033-04-03T20:35,2033-04-04T00:35,scheduled,,2033-04-03T09:50,2033-04-27T19:20,3825000,time_blocks_assumption
JOB-000264-B02,JOB-000264,EVS360-004,IS510,2,3,4.0,2033-04-04T00:35,2033-04-04T04:35,scheduled,,2033-04-03T09:50,2033-04-27T19:20,3825000,time_blocks_assumption
JOB-000264-B03,JOB-000264,EVS360-004,IS510,3,3,2.0,2033-04-04T04:35,2033-04-04T06:35,scheduled,,2033-04-03T09:50,2033-04-27T19:20,3825000,time_blocks_assumption
JOB-002422-B01,JOB-002422,EVS360-034,IS510,1,3,4.0,2033-04-05T22:10,2033-04-06T02:10,scheduled,,2033-04-05T09:35,2033-04-29T18:50,1875000,time_blocks_assumption
JOB-002422-B02,JOB-002422,EVS360-034,IS510,2,3,4.0,2033-04-06T02:10,2033-04-06T06:10,scheduled,,2033-04-05T09:35,2033-04-29T18:50,1875000,time_blocks_assumption
JOB-002422-B03,JOB-002422,EVS360-034,IS510,3,3,2.0,2033-04-06T06:10,2033-04-06T08:10,scheduled,,2033-04-05T09:35,2033-04-29T18:50,1875000,time_blocks_assumption
JOB-002494-B01,JOB-002494,EVS360-035,IS510,1,3,4.0,2033-04-06T22:10,2033-04-07T02:10,scheduled,,2033-04-06T22:10,2033-05-01T22:50,1725000,time_blocks_assumption
JOB-002494-B02,JOB-002494,EVS360-035,IS510,2,3,4.0,2033-04-07T02:10,2033-04-07T06:10,scheduled,,2033-04-06T22:10,2033-05-01T22:50,1725000,time_blocks_assumption
JOB-002494-B03,JOB-002494,EVS360-035,IS510,3,3,2.0,2033-04-07T06:10,2033-04-07T08:10,scheduled,,2033-04-06T22:10,2033-05-01T22:50,1725000,time_blocks_assumption
JOB-001336-B01,JOB-001336,EVS360-019,IS540,1,14,4.0,2032-10-19T08:10,2032-10-19T12:10,scheduled,,2032-10-18T14:10,2033-05-03T09:50,3000000,time_blocks_assumption
JOB-001336-B02,JOB-001336,EVS360-019,IS540,2,14,4.0,2032-10-20T09:50,2032-10-20T13:50,scheduled,,2032-10-18T14:10,2033-05-03T09:50,3000000,time_blocks_assumption
JOB-001336-B03,JOB-001336,EVS360-019,IS540,3,14,4.0,2032-10-21T11:50,2032-10-21T15:50,scheduled,,2032-10-18T14:10,2033-05-03T09:50,3000000,time_blocks_assumption
JOB-001336-B04,JOB-001336,EVS360-019,IS540,4,14,4.0,2032-10-22T13:20,2032-10-22T17:20,scheduled,,2032-10-18T14:10,2033-05-03T09:50,3000000,time_blocks_assumption
JOB-001336-B05,JOB-001336,EVS360-019,IS540,5,14,4.0,2032-10-23T17:20,2032-10-23T21:20,scheduled,,2032-10-18T14:10,2033-05-03T09:50,3000000,time_blocks_assumption
JOB-001336-B06,JOB-001336,EVS360-019,IS540,6,14,4.0,2032-10-23T21:20,2032-10-24T01:20,scheduled,,2032-10-18T14:10,2033-05-03T09:50,3000000,time_blocks_assumption
JOB-001336-B07,JOB-001336,EVS360-019,IS540,7,14,4.0,2032-10-24T01:20,2032-10-24T05:20,scheduled,,2032-10-18T14:10,2033-05-03T09:50,3000000,time_blocks_assumption
JOB-001336-B08,JOB-001336,EVS360-019,IS540,8,14,4.0,2032-10-24T17:20,2032-10-24T21:20,scheduled,,2032-10-18T14:10,2033-05-03T09:50,3000000,time_blocks_assumption
JOB-001336-B09,JOB-001336,EVS360-019,IS540,9,14,4.0,2032-10-24T21:20,2032-10-25T01:20,scheduled,,2032-10-18T14:10,2033-05-03T09:50,3000000,time_blocks_assumption
JOB-001336-B10,JOB-001336,EVS360-019,IS540,10,14,4.0,2032-10-25T01:20,2032-10-25T05:20,scheduled,,2032-10-18T14:10,2033-05-03T09:50,3000000,time_blocks_assumption
JOB-001336-B11,JOB-001336,EVS360-019,IS540,11,14,4.0,2032-10-25T20:10,2032-10-26T00:10,scheduled,,2032-10-18T14:10,2033-05-03T09:50,3000000,time_blocks_assumption
JOB-001336-B12,JOB-001336,EVS360-019,IS540,12,14,4.0,2032-10-26T00:10,2032-10-26T04:10,scheduled,,2032-10-18T14:10,2033-05-03T09:50,3000000,time_blocks_assumption
JOB-001336-B13,JOB-001336,EVS360-019,IS540,13,14,4.0,2032-10-26T04:10,2032-10-26T08:10,scheduled,,2032-10-18T14:10,2033-05-03T09:50,3000000,time_blocks_assumption
JOB-001336-B14,JOB-001336,EVS360-019,IS540,14,14,4.0,2032-10-26T21:50,2032-10-27T01:50,scheduled,,2032-10-18T14:10,2033-05-03T09:50,3000000,time_blocks_assumption
JOB-000550-B01,JOB-000550,EVS360-008,IS530,1,9,4.0,2033-01-24T20:50,2033-01-25T00:50,scheduled,,2033-01-24T20:50,2033-05-03T12:50,3900000,time_blocks_assumption
JOB-000550-B02,JOB-000550,EVS360-008,IS530,2,9,4.0,2033-01-25T00:50,2033-01-25T04:50,scheduled,,2033-01-24T20:50,2033-05-03T12:50,3900000,time_blocks_assumption
JOB-000550-B03,JOB-000550,EVS360-008,IS530,3,9,4.0,2033-01-25T04:50,2033-01-25T08:50,scheduled,,2033-01-24T20:50,2033-05-03T12:50,3900000,time_blocks_assumption
JOB-000550-B04,JOB-000550,EVS360-008,IS530,4,9,4.0,2033-01-25T22:35,2033-01-26T02:35,scheduled,,2033-01-24T20:50,2033-05-03T12:50,3900000,time_blocks_assumption
JOB-000550-B05,JOB-000550,EVS360-008,IS530,5,9,4.0,2033-01-26T02:35,2033-01-26T06:35,scheduled,,2033-01-24T20:50,2033-05-03T12:50,3900000,time_blocks_assumption
JOB-000550-B06,JOB-000550,EVS360-008,IS530,6,9,4.0,2033-01-26T06:35,2033-01-26T10:35,scheduled,,2033-01-24T20:50,2033-05-03T12:50,3900000,time_blocks_assumption
JOB-000550-B07,JOB-000550,EVS360-008,IS530,7,9,4.0,2033-01-27T00:10,2033-01-27T04:10,scheduled,,2033-01-24T20:50,2033-05-03T12:50,3900000,time_blocks_assumption
JOB-000550-B08,JOB-000550,EVS360-008,IS530,8,9,4.0,2033-01-27T04:10,2033-01-27T08:10,scheduled,,2033-01-24T20:50,2033-05-03T12:50,3900000,time_blocks_assumption
JOB-000550-B09,JOB-000550,EVS360-008,IS530,9,9,4.0,2033-01-27T08:10,2033-01-27T12:10,scheduled,,2033-01-24T20:50,2033-05-03T12:50,3900000,time_blocks_assumption
JOB-002784-B01,JOB-002784,EVS360-039,IS530,1,9,4.0,2033-01-25T18:50,2033-01-25T22:50,scheduled,,2033-01-25T18:50,2033-05-04T11:20,1500000,time_blocks_assumption
JOB-002784-B02,JOB-002784,EVS360-039,IS530,2,9,4.0,2033-01-25T22:50,2033-01-26T02:50,scheduled,,2033-01-25T18:50,2033-05-04T11:20,1500000,time_blocks_assumption
JOB-002784-B03,JOB-002784,EVS360-039,IS530,3,9,4.0,2033-01-26T02:50,2033-01-26T06:50,scheduled,,2033-01-25T18:50,2033-05-04T11:20,1500000,time_blocks_assumption
JOB-002784-B04,JOB-002784,EVS360-039,IS530,4,9,4.0,2033-01-27T00:40,2033-01-27T04:40,scheduled,,2033-01-25T18:50,2033-05-04T11:20,1500000,time_blocks_assumption
JOB-002784-B05,JOB-002784,EVS360-039,IS530,5,9,4.0,2033-01-27T04:40,2033-01-27T08:40,scheduled,,2033-01-25T18:50,2033-05-04T11:20,1500000,time_blocks_assumption
JOB-002784-B06,JOB-002784,EVS360-039,IS530,6,9,4.0,2033-01-27T22:35,2033-01-28T02:35,scheduled,,2033-01-25T18:50,2033-05-04T11:20,1500000,time_blocks_assumption
JOB-002784-B07,JOB-002784,EVS360-039,IS530,7,9,4.0,2033-01-28T02:35,2033-01-28T06:35,scheduled,,2033-01-25T18:50,2033-05-04T11:20,1500000,time_blocks_assumption
JOB-002784-B08,JOB-002784,EVS360-039,IS530,8,9,4.0,2033-01-28T06:35,2033-01-28T10:35,scheduled,,2033-01-25T18:50,2033-05-04T11:20,1500000,time_blocks_assumption
JOB-002784-B09,JOB-002784,EVS360-039,IS530,9,9,4.0,2033-01-29T04:50,2033-01-29T08:50,scheduled,,2033-01-25T18:50,2033-05-04T11:20,1500000,time_blocks_assumption
JOB-002276-B01,JOB-002276,EVS360-032,IS520,1,4,4.0,2033-03-16T23:50,2033-03-17T03:50,scheduled,,2033-03-16T08:10,2033-05-04T18:10,1950000,time_blocks_assumption
JOB-002276-B02,JOB-002276,EVS360-032,IS520,2,4,4.0,2033-03-17T20:10,2033-03-18T00:10,scheduled,,2033-03-16T08:10,2033-05-04T18:10,1950000,time_blocks_assumption
JOB-002276-B03,JOB-002276,EVS360-032,IS520,3,4,4.0,2033-03-18T00:10,2033-03-18T04:10,scheduled,,2033-03-16T08:10,2033-05-04T18:10,1950000,time_blocks_assumption
JOB-002276-B04,JOB-002276,EVS360-032,IS520,4,4,4.0,2033-03-18T04:10,2033-03-18T08:10,scheduled,,2033-03-16T08:10,2033-05-04T18:10,1950000,time_blocks_assumption
JOB-000625-B01,JOB-000625,EVS360-009,IS510,1,3,4.0,2033-04-10T16:50,2033-04-10T20:50,scheduled,,2033-04-10T16:50,2033-05-05T08:50,3675000,time_blocks_assumption
JOB-000625-B02,JOB-000625,EVS360-009,IS510,2,3,4.0,2033-04-10T20:50,2033-04-11T00:50,scheduled,,2033-04-10T16:50,2033-05-05T08:50,3675000,time_blocks_assumption
JOB-000625-B03,JOB-000625,EVS360-009,IS510,3,3,2.0,2033-04-11T00:50,2033-04-11T02:50,scheduled,,2033-04-10T16:50,2033-05-05T08:50,3675000,time_blocks_assumption
JOB-001921-B01,JOB-001921,EVS360-027,IS510,1,3,4.0,2033-04-11T08:50,2033-04-11T12:50,scheduled,,2033-04-11T08:50,2033-05-05T17:20,2475000,time_blocks_assumption
JOB-001921-B02,JOB-001921,EVS360-027,IS510,2,3,4.0,2033-04-13T12:35,2033-04-13T16:35,scheduled,,2033-04-11T08:50,2033-05-05T17:20,2475000,time_blocks_assumption
JOB-001921-B03,JOB-001921,EVS360-027,IS510,3,3,2.0,2033-04-13T16:35,2033-04-13T18:35,scheduled,,2033-04-11T08:50,2033-05-05T17:20,2475000,time_blocks_assumption
JOB-000047-B01,JOB-000047,EVS360-001,IS510,1,3,4.0,2033-04-12T16:50,2033-04-12T20:50,scheduled,,2033-04-12T16:50,2033-05-07T08:50,4125000,time_blocks_assumption
JOB-000047-B02,JOB-000047,EVS360-001,IS510,2,3,4.0,2033-04-12T20:50,2033-04-13T00:50,scheduled,,2033-04-12T16:50,2033-05-07T08:50,4125000,time_blocks_assumption
JOB-000047-B03,JOB-000047,EVS360-001,IS510,3,3,2.0,2033-04-13T00:50,2033-04-13T02:50,scheduled,,2033-04-12T16:50,2033-05-07T08:50,4125000,time_blocks_assumption
JOB-001705-B01,JOB-001705,EVS360-024,IS520,1,4,4.0,2033-03-22T03:20,2033-03-22T07:20,scheduled,,2033-03-21T12:50,2033-05-09T23:50,2550000,time_blocks_assumption
JOB-001705-B02,JOB-001705,EVS360-024,IS520,2,4,4.0,2033-03-22T07:20,2033-03-22T11:20,scheduled,,2033-03-21T12:50,2033-05-09T23:50,2550000,time_blocks_assumption
JOB-001705-B03,JOB-001705,EVS360-024,IS520,3,4,4.0,2033-03-24T10:10,2033-03-24T14:10,scheduled,,2033-03-21T12:50,2033-05-09T23:50,2550000,time_blocks_assumption
JOB-001705-B04,JOB-001705,EVS360-024,IS520,4,4,4.0,2033-03-25T14:40,2033-03-25T18:40,scheduled,,2033-03-21T12:50,2033-05-09T23:50,2550000,time_blocks_assumption
JOB-001849-B01,JOB-001849,EVS360-026,IS520,1,4,4.0,2033-03-27T19:50,2033-03-27T23:50,scheduled,,2033-03-26T14:50,2033-05-15T08:10,2550000,time_blocks_assumption
JOB-001849-B02,JOB-001849,EVS360-026,IS520,2,4,4.0,2033-03-27T23:50,2033-03-28T03:50,scheduled,,2033-03-26T14:50,2033-05-15T08:10,2550000,time_blocks_assumption
JOB-001849-B03,JOB-001849,EVS360-026,IS520,3,4,4.0,2033-03-28T19:50,2033-03-28T23:50,scheduled,,2033-03-26T14:50,2033-05-15T08:10,2550000,time_blocks_assumption
JOB-001849-B04,JOB-001849,EVS360-026,IS520,4,4,4.0,2033-03-28T23:50,2033-03-29T03:50,scheduled,,2033-03-26T14:50,2033-05-15T08:10,2550000,time_blocks_assumption
JOB-002061-B01,JOB-002061,EVS360-029,IS530,1,9,4.0,2033-02-06T21:10,2033-02-07T01:10,scheduled,,2033-02-06T08:35,2033-05-15T09:20,2100000,time_blocks_assumption
JOB-002061-B02,JOB-002061,EVS360-029,IS530,2,9,4.0,2033-02-07T01:10,2033-02-07T05:10,scheduled,,2033-02-06T08:35,2033-05-15T09:20,2100000,time_blocks_assumption
JOB-002061-B03,JOB-002061,EVS360-029,IS530,3,9,4.0,2033-02-07T20:35,2033-02-08T00:35,scheduled,,2033-02-06T08:35,2033-05-15T09:20,2100000,time_blocks_assumption
JOB-002061-B04,JOB-002061,EVS360-029,IS530,4,9,4.0,2033-02-08T00:35,2033-02-08T04:35,scheduled,,2033-02-06T08:35,2033-05-15T09:20,2100000,time_blocks_assumption
JOB-002061-B05,JOB-002061,EVS360-029,IS530,5,9,4.0,2033-02-08T04:35,2033-02-08T08:35,scheduled,,2033-02-06T08:35,2033-05-15T09:20,2100000,time_blocks_assumption
JOB-002061-B06,JOB-002061,EVS360-029,IS530,6,9,4.0,2033-02-09T01:40,2033-02-09T05:40,scheduled,,2033-02-06T08:35,2033-05-15T09:20,2100000,time_blocks_assumption
JOB-002061-B07,JOB-002061,EVS360-029,IS530,7,9,4.0,2033-02-09T05:40,2033-02-09T09:40,scheduled,,2033-02-06T08:35,2033-05-15T09:20,2100000,time_blocks_assumption
JOB-002061-B08,JOB-002061,EVS360-029,IS530,8,9,4.0,2033-02-10T03:50,2033-02-10T07:50,scheduled,,2033-02-06T08:35,2033-05-15T09:20,2100000,time_blocks_assumption
JOB-002061-B09,JOB-002061,EVS360-029,IS530,9,9,4.0,2033-02-10T07:50,2033-02-10T11:50,scheduled,,2033-02-06T08:35,2033-05-15T09:20,2100000,time_blocks_assumption
JOB-000409-B01,JOB-000409,EVS360-006,IS520,1,4,4.0,2033-03-29T11:20,2033-03-29T15:20,scheduled,,2033-03-28T09:20,2033-05-16T09:50,4050000,time_blocks_assumption
JOB-000409-B02,JOB-000409,EVS360-006,IS520,2,4,4.0,2033-03-30T12:50,2033-03-30T16:50,scheduled,,2033-03-28T09:20,2033-05-16T09:50,4050000,time_blocks_assumption
JOB-000409-B03,JOB-000409,EVS360-006,IS520,3,4,4.0,2033-03-31T14:50,2033-03-31T18:50,scheduled,,2033-03-28T09:20,2033-05-16T09:50,4050000,time_blocks_assumption
JOB-000409-B04,JOB-000409,EVS360-006,IS520,4,4,4.0,2033-04-01T16:50,2033-04-01T20:50,scheduled,,2033-03-28T09:20,2033-05-16T09:50,4050000,time_blocks_assumption
JOB-001265-B01,JOB-001265,EVS360-018,IS540,1,14,4.0,2032-11-05T21:50,2032-11-06T01:50,scheduled,,2032-11-05T21:50,2033-05-21T14:50,3000000,time_blocks_assumption
JOB-001265-B02,JOB-001265,EVS360-018,IS540,2,14,4.0,2032-11-06T01:50,2032-11-06T05:50,scheduled,,2032-11-05T21:50,2033-05-21T14:50,3000000,time_blocks_assumption
JOB-001265-B03,JOB-001265,EVS360-018,IS540,3,14,4.0,2032-11-06T05:50,2032-11-06T09:50,scheduled,,2032-11-05T21:50,2033-05-21T14:50,3000000,time_blocks_assumption
JOB-001265-B04,JOB-001265,EVS360-018,IS540,4,14,4.0,2032-11-06T23:20,2032-11-07T03:20,scheduled,,2032-11-05T21:50,2033-05-21T14:50,3000000,time_blocks_assumption
JOB-001265-B05,JOB-001265,EVS360-018,IS540,5,14,4.0,2032-11-07T03:20,2032-11-07T07:20,scheduled,,2032-11-05T21:50,2033-05-21T14:50,3000000,time_blocks_assumption
JOB-001265-B06,JOB-001265,EVS360-018,IS540,6,14,4.0,2032-11-07T07:20,2032-11-07T11:20,scheduled,,2032-11-05T21:50,2033-05-21T14:50,3000000,time_blocks_assumption
JOB-001265-B07,JOB-001265,EVS360-018,IS540,7,14,4.0,2032-11-08T08:35,2032-11-08T12:35,scheduled,,2032-11-05T21:50,2033-05-21T14:50,3000000,time_blocks_assumption
JOB-001265-B08,JOB-001265,EVS360-018,IS540,8,14,4.0,2032-11-09T10:10,2032-11-09T14:10,scheduled,,2032-11-05T21:50,2033-05-21T14:50,3000000,time_blocks_assumption
JOB-001265-B09,JOB-001265,EVS360-018,IS540,9,14,4.0,2032-11-10T12:10,2032-11-10T16:10,scheduled,,2032-11-05T21:50,2033-05-21T14:50,3000000,time_blocks_assumption
JOB-001265-B10,JOB-001265,EVS360-018,IS540,10,14,4.0,2032-11-11T15:50,2032-11-11T19:50,scheduled,,2032-11-05T21:50,2033-05-21T14:50,3000000,time_blocks_assumption
JOB-001265-B11,JOB-001265,EVS360-018,IS540,11,14,4.0,2032-11-12T15:50,2032-11-12T19:50,scheduled,,2032-11-05T21:50,2033-05-21T14:50,3000000,time_blocks_assumption
JOB-001265-B12,JOB-001265,EVS360-018,IS540,12,14,4.0,2032-11-12T19:50,2032-11-12T23:50,scheduled,,2032-11-05T21:50,2033-05-21T14:50,3000000,time_blocks_assumption
JOB-001265-B13,JOB-001265,EVS360-018,IS540,13,14,4.0,2032-11-12T23:50,2032-11-13T03:50,scheduled,,2032-11-05T21:50,2033-05-21T14:50,3000000,time_blocks_assumption
JOB-001265-B14,JOB-001265,EVS360-018,IS540,14,14,4.0,2032-11-13T18:10,2032-11-13T22:10,scheduled,,2032-11-05T21:50,2033-05-21T14:50,3000000,time_blocks_assumption
JOB-000194-B01,JOB-000194,EVS360-003,IS510,1,3,4.0,2033-04-27T09:20,2033-04-27T13:20,scheduled,,2033-04-26T16:10,2033-05-21T18:10,3975000,time_blocks_assumption
JOB-000194-B02,JOB-000194,EVS360-003,IS510,2,3,4.0,2033-04-28T13:20,2033-04-28T17:20,scheduled,,2033-04-26T16:10,2033-05-21T18:10,3975000,time_blocks_assumption
JOB-000194-B03,JOB-000194,EVS360-003,IS510,3,3,2.0,2033-04-29T12:50,2033-04-29T14:50,scheduled,,2033-04-26T16:10,2033-05-21T18:10,3975000,time_blocks_assumption
JOB-000842-B01,JOB-000842,EVS360-012,IS510,1,3,4.0,2033-04-28T15:20,2033-04-28T19:20,scheduled,,2033-04-27T22:50,2033-05-22T13:50,3675000,time_blocks_assumption
JOB-000842-B02,JOB-000842,EVS360-012,IS510,2,3,4.0,2033-04-28T19:20,2033-04-28T23:20,scheduled,,2033-04-27T22:50,2033-05-22T13:50,3675000,time_blocks_assumption
JOB-000842-B03,JOB-000842,EVS360-012,IS510,3,3,2.0,2033-04-28T23:20,2033-04-29T01:20,scheduled,,2033-04-27T22:50,2033-05-22T13:50,3675000,time_blocks_assumption
JOB-002205-B01,JOB-002205,EVS360-031,IS530,1,9,4.0,2033-02-14T15:20,2033-02-14T19:20,scheduled,,2033-02-13T22:50,2033-05-22T23:50,2100000,time_blocks_assumption
JOB-002205-B02,JOB-002205,EVS360-031,IS530,2,9,4.0,2033-02-14T19:20,2033-02-14T23:20,scheduled,,2033-02-13T22:50,2033-05-22T23:50,2100000,time_blocks_assumption
JOB-002205-B03,JOB-002205,EVS360-031,IS530,3,9,4.0,2033-02-14T23:20,2033-02-15T03:20,scheduled,,2033-02-13T22:50,2033-05-22T23:50,2100000,time_blocks_assumption
JOB-002205-B04,JOB-002205,EVS360-031,IS530,4,9,4.0,2033-02-15T20:50,2033-02-16T00:50,scheduled,,2033-02-13T22:50,2033-05-22T23:50,2100000,time_blocks_assumption
JOB-002205-B05,JOB-002205,EVS360-031,IS530,5,9,4.0,2033-02-16T00:50,2033-02-16T04:50,scheduled,,2033-02-13T22:50,2033-05-22T23:50,2100000,time_blocks_assumption
JOB-002205-B06,JOB-002205,EVS360-031,IS530,6,9,4.0,2033-02-16T20:10,2033-02-17T00:10,scheduled,,2033-02-13T22:50,2033-05-22T23:50,2100000,time_blocks_assumption
JOB-002205-B07,JOB-002205,EVS360-031,IS530,7,9,4.0,2033-02-17T00:10,2033-02-17T04:10,scheduled,,2033-02-13T22:50,2033-05-22T23:50,2100000,time_blocks_assumption
JOB-002205-B08,JOB-002205,EVS360-031,IS530,8,9,4.0,2033-02-17T04:10,2033-02-17T08:10,scheduled,,2033-02-13T22:50,2033-05-22T23:50,2100000,time_blocks_assumption
JOB-002205-B09,JOB-002205,EVS360-031,IS530,9,9,4.0,2033-02-18T04:20,2033-02-18T08:20,scheduled,,2033-02-13T22:50,2033-05-22T23:50,2100000,time_blocks_assumption
JOB-000983-B01,JOB-000983,EVS360-014,IS530,1,9,4.0,2033-02-14T00:10,2033-02-14T04:10,scheduled,,2033-02-13T13:50,2033-05-23T08:35,3300000,time_blocks_assumption
JOB-000983-B02,JOB-000983,EVS360-014,IS530,2,9,4.0,2033-02-14T04:10,2033-02-14T08:10,scheduled,,2033-02-13T13:50,2033-05-23T08:35,3300000,time_blocks_assumption
JOB-000983-B03,JOB-000983,EVS360-014,IS530,3,9,4.0,2033-02-14T08:10,2033-02-14T12:10,scheduled,,2033-02-13T13:50,2033-05-23T08:35,3300000,time_blocks_assumption
JOB-000983-B04,JOB-000983,EVS360-014,IS530,4,9,4.0,2033-02-15T09:20,2033-02-15T13:20,scheduled,,2033-02-13T13:50,2033-05-23T08:35,3300000,time_blocks_assumption
JOB-000983-B05,JOB-000983,EVS360-014,IS530,5,9,4.0,2033-02-16T11:20,2033-02-16T15:20,scheduled,,2033-02-13T13:50,2033-05-23T08:35,3300000,time_blocks_assumption
JOB-000983-B06,JOB-000983,EVS360-014,IS530,6,9,4.0,2033-02-18T14:50,2033-02-18T18:50,scheduled,,2033-02-13T13:50,2033-05-23T08:35,3300000,time_blocks_assumption
JOB-000983-B07,JOB-000983,EVS360-014,IS530,7,9,4.0,2033-02-19T16:50,2033-02-19T20:50,scheduled,,2033-02-13T13:50,2033-05-23T08:35,3300000,time_blocks_assumption
JOB-000983-B08,JOB-000983,EVS360-014,IS530,8,9,4.0,2033-02-19T20:50,2033-02-20T00:50,scheduled,,2033-02-13T13:50,2033-05-23T08:35,3300000,time_blocks_assumption
JOB-000983-B09,JOB-000983,EVS360-014,IS530,9,9,4.0,2033-02-20T00:50,2033-02-20T04:50,scheduled,,2033-02-13T13:50,2033-05-23T08:35,3300000,time_blocks_assumption
JOB-002416-B01,JOB-002416,EVS360-034,IS540,1,14,4.0,2032-11-08T15:50,2032-11-08T19:50,scheduled,,2032-11-08T15:50,2033-05-24T09:50,1800000,time_blocks_assumption
JOB-002416-B02,JOB-002416,EVS360-034,IS540,2,14,4.0,2032-11-08T19:50,2032-11-08T23:50,scheduled,,2032-11-08T15:50,2033-05-24T09:50,1800000,time_blocks_assumption
JOB-002416-B03,JOB-002416,EVS360-034,IS540,3,14,4.0,2032-11-08T23:50,2032-11-09T03:50,scheduled,,2032-11-08T15:50,2033-05-24T09:50,1800000,time_blocks_assumption
JOB-002416-B04,JOB-002416,EVS360-034,IS540,4,14,4.0,2032-11-09T22:10,2032-11-10T02:10,scheduled,,2032-11-08T15:50,2033-05-24T09:50,1800000,time_blocks_assumption
JOB-002416-B05,JOB-002416,EVS360-034,IS540,5,14,4.0,2032-11-10T02:10,2032-11-10T06:10,scheduled,,2032-11-08T15:50,2033-05-24T09:50,1800000,time_blocks_assumption
JOB-002416-B06,JOB-002416,EVS360-034,IS540,6,14,4.0,2032-11-10T20:35,2032-11-11T00:35,scheduled,,2032-11-08T15:50,2033-05-24T09:50,1800000,time_blocks_assumption
JOB-002416-B07,JOB-002416,EVS360-034,IS540,7,14,4.0,2032-11-11T00:35,2032-11-11T04:35,scheduled,,2032-11-08T15:50,2033-05-24T09:50,1800000,time_blocks_assumption
JOB-002416-B08,JOB-002416,EVS360-034,IS540,8,14,4.0,2032-11-11T04:35,2032-11-11T08:35,scheduled,,2032-11-08T15:50,2033-05-24T09:50,1800000,time_blocks_assumption
JOB-002416-B09,JOB-002416,EVS360-034,IS540,9,14,4.0,2032-11-12T02:20,2032-11-12T06:20,scheduled,,2032-11-08T15:50,2033-05-24T09:50,1800000,time_blocks_assumption
JOB-002416-B10,JOB-002416,EVS360-034,IS540,10,14,4.0,2032-11-12T06:20,2032-11-12T10:20,scheduled,,2032-11-08T15:50,2033-05-24T09:50,1800000,time_blocks_assumption
JOB-002416-B11,JOB-002416,EVS360-034,IS540,11,14,4.0,2032-11-12T23:50,2032-11-13T03:50,scheduled,,2032-11-08T15:50,2033-05-24T09:50,1800000,time_blocks_assumption
JOB-002416-B12,JOB-002416,EVS360-034,IS540,12,14,4.0,2032-11-13T03:50,2032-11-13T07:50,scheduled,,2032-11-08T15:50,2033-05-24T09:50,1800000,time_blocks_assumption
JOB-002416-B13,JOB-002416,EVS360-034,IS540,13,14,4.0,2032-11-13T07:50,2032-11-13T11:50,scheduled,,2032-11-08T15:50,2033-05-24T09:50,1800000,time_blocks_assumption
JOB-002416-B14,JOB-002416,EVS360-034,IS540,14,14,4.0,2032-11-15T10:50,2032-11-15T14:50,scheduled,,2032-11-08T15:50,2033-05-24T09:50,1800000,time_blocks_assumption
JOB-000556-B01,JOB-000556,EVS360-008,IS510,1,3,4.0,2033-05-03T23:20,2033-05-04T03:20,scheduled,,2033-05-03T12:50,2033-05-27T22:10,3975000,time_blocks_assumption
JOB-000556-B02,JOB-000556,EVS360-008,IS510,2,3,4.0,2033-05-04T03:20,2033-05-04T07:20,scheduled,,2033-05-03T12:50,2033-05-27T22:10,3975000,time_blocks_assumption
JOB-000556-B03,JOB-000556,EVS360-008,IS510,3,3,2.0,2033-05-04T07:20,2033-05-04T09:20,scheduled,,2033-05-03T12:50,2033-05-27T22:10,3975000,time_blocks_assumption
JOB-002790-B01,JOB-002790,EVS360-039,IS510,1,3,4.0,2033-05-04T21:50,2033-05-05T01:50,scheduled,,2033-05-04T11:20,2033-05-28T20:35,1575000,time_blocks_assumption
JOB-002790-B02,JOB-002790,EVS360-039,IS510,2,3,4.0,2033-05-05T01:50,2033-05-05T05:50,scheduled,,2033-05-04T11:20,2033-05-28T20:35,1575000,time_blocks_assumption
JOB-002790-B03,JOB-002790,EVS360-039,IS510,3,3,2.0,2033-05-05T05:50,2033-05-05T07:50,scheduled,,2033-05-04T11:20,2033-05-28T20:35,1575000,time_blocks_assumption
JOB-000699-B01,JOB-000699,EVS360-010,IS510,1,3,4.0,2033-05-05T09:20,2033-05-05T13:20,scheduled,,2033-05-04T16:10,2033-05-29T08:35,3825000,time_blocks_assumption
JOB-000699-B02,JOB-000699,EVS360-010,IS510,2,3,4.0,2033-05-06T13:20,2033-05-06T17:20,scheduled,,2033-05-04T16:10,2033-05-29T08:35,3825000,time_blocks_assumption
JOB-000699-B03,JOB-000699,EVS360-010,IS510,3,3,2.0,2033-05-07T12:50,2033-05-07T14:50,scheduled,,2033-05-04T16:10,2033-05-29T08:35,3825000,time_blocks_assumption
JOB-001995-B01,JOB-001995,EVS360-028,IS510,1,3,4.0,2033-05-05T18:10,2033-05-05T22:10,scheduled,,2033-05-05T18:10,2033-05-30T09:50,2325000,time_blocks_assumption
JOB-001995-B02,JOB-001995,EVS360-028,IS510,2,3,4.0,2033-05-05T22:10,2033-05-06T02:10,scheduled,,2033-05-05T18:10,2033-05-30T09:50,2325000,time_blocks_assumption
JOB-001995-B03,JOB-001995,EVS360-028,IS510,3,3,2.0,2033-05-06T02:10,2033-05-06T04:10,scheduled,,2033-05-05T18:10,2033-05-30T09:50,2325000,time_blocks_assumption
JOB-002716-B01,JOB-002716,EVS360-038,IS520,1,4,4.0,2033-04-13T22:10,2033-04-14T02:10,scheduled,,2033-04-13T18:10,2033-06-02T10:10,1650000,time_blocks_assumption
JOB-002716-B02,JOB-002716,EVS360-038,IS520,2,4,4.0,2033-04-14T02:10,2033-04-14T06:10,scheduled,,2033-04-13T18:10,2033-06-02T10:10,1650000,time_blocks_assumption
JOB-002716-B03,JOB-002716,EVS360-038,IS520,3,4,4.0,2033-04-15T00:40,2033-04-15T04:40,scheduled,,2033-04-13T18:10,2033-06-02T10:10,1650000,time_blocks_assumption
JOB-002716-B04,JOB-002716,EVS360-038,IS520,4,4,4.0,2033-04-15T04:40,2033-04-15T08:40,scheduled,,2033-04-13T18:10,2033-06-02T10:10,1650000,time_blocks_assumption
JOB-001564-B01,JOB-001564,EVS360-022,IS520,1,4,4.0,2033-04-16T22:20,2033-04-17T02:20,scheduled,,2033-04-15T23:20,2033-06-04T16:10,2850000,time_blocks_assumption
JOB-001564-B02,JOB-001564,EVS360-022,IS520,2,4,4.0,2033-04-17T18:10,2033-04-17T22:10,scheduled,,2033-04-15T23:20,2033-06-04T16:10,2850000,time_blocks_assumption
JOB-001564-B03,JOB-001564,EVS360-022,IS520,3,4,4.0,2033-04-17T22:10,2033-04-18T02:10,scheduled,,2033-04-15T23:20,2033-06-04T16:10,2850000,time_blocks_assumption
JOB-001564-B04,JOB-001564,EVS360-022,IS520,4,4,4.0,2033-04-18T02:10,2033-04-18T06:10,scheduled,,2033-04-15T23:20,2033-06-04T16:10,2850000,time_blocks_assumption
JOB-001419-B01,JOB-001419,EVS360-020,IS520,1,4,4.0,2033-04-18T23:50,2033-04-19T03:50,scheduled,,2033-04-18T09:20,2033-06-06T20:10,2850000,time_blocks_assumption
JOB-001419-B02,JOB-001419,EVS360-020,IS520,2,4,4.0,2033-04-19T03:50,2033-04-19T07:50,scheduled,,2033-04-18T09:20,2033-06-06T20:10,2850000,time_blocks_assumption
JOB-001419-B03,JOB-001419,EVS360-020,IS520,3,4,4.0,2033-04-19T21:20,2033-04-20T01:20,scheduled,,2033-04-18T09:20,2033-06-06T20:10,2850000,time_blocks_assumption
JOB-001419-B04,JOB-001419,EVS360-020,IS520,4,4,4.0,2033-04-20T01:20,2033-04-20T05:20,scheduled,,2033-04-18T09:20,2033-06-06T20:10,2850000,time_blocks_assumption
JOB-002067-B01,JOB-002067,EVS360-029,IS510,1,3,4.0,2033-05-15T19:50,2033-05-15T23:50,scheduled,,2033-05-15T09:20,2033-06-08T18:10,2175000,time_blocks_assumption
JOB-002067-B02,JOB-002067,EVS360-029,IS510,2,3,4.0,2033-05-15T23:50,2033-05-16T03:50,scheduled,,2033-05-15T09:20,2033-06-08T18:10,2175000,time_blocks_assumption
JOB-002067-B03,JOB-002067,EVS360-029,IS510,3,3,2.0,2033-05-16T03:50,2033-05-16T05:50,scheduled,,2033-05-15T09:20,2033-06-08T18:10,2175000,time_blocks_assumption
JOB-001056-B01,JOB-001056,EVS360-015,IS530,1,9,4.0,2033-03-03T22:10,2033-03-04T02:10,scheduled,,2033-03-03T11:50,2033-06-09T12:35,3300000,time_blocks_assumption
JOB-001056-B02,JOB-001056,EVS360-015,IS530,2,9,4.0,2033-03-04T02:10,2033-03-04T06:10,scheduled,,2033-03-03T11:50,2033-06-09T12:35,3300000,time_blocks_assumption
JOB-001056-B03,JOB-001056,EVS360-015,IS530,3,9,4.0,2033-03-04T06:10,2033-03-04T10:10,scheduled,,2033-03-03T11:50,2033-06-09T12:35,3300000,time_blocks_assumption
JOB-001056-B04,JOB-001056,EVS360-015,IS530,4,9,4.0,2033-03-04T23:50,2033-03-05T03:50,scheduled,,2033-03-03T11:50,2033-06-09T12:35,3300000,time_blocks_assumption
JOB-001056-B05,JOB-001056,EVS360-015,IS530,5,9,4.0,2033-03-05T03:50,2033-03-05T07:50,scheduled,,2033-03-03T11:50,2033-06-09T12:35,3300000,time_blocks_assumption
JOB-001056-B06,JOB-001056,EVS360-015,IS530,6,9,4.0,2033-03-05T07:50,2033-03-05T11:50,scheduled,,2033-03-03T11:50,2033-06-09T12:35,3300000,time_blocks_assumption
JOB-001056-B07,JOB-001056,EVS360-015,IS530,7,9,4.0,2033-03-06T08:50,2033-03-06T12:50,scheduled,,2033-03-03T11:50,2033-06-09T12:35,3300000,time_blocks_assumption
JOB-001056-B08,JOB-001056,EVS360-015,IS530,8,9,4.0,2033-03-08T12:35,2033-03-08T16:35,scheduled,,2033-03-03T11:50,2033-06-09T12:35,3300000,time_blocks_assumption
JOB-001056-B09,JOB-001056,EVS360-015,IS530,9,9,4.0,2033-03-09T14:10,2033-03-09T18:10,scheduled,,2033-03-03T11:50,2033-06-09T12:35,3300000,time_blocks_assumption
JOB-000773-B01,JOB-000773,EVS360-011,IS510,1,3,4.0,2033-05-20T20:35,2033-05-21T00:35,scheduled,,2033-05-20T09:50,2033-06-13T19:20,3525000,time_blocks_assumption
JOB-000773-B02,JOB-000773,EVS360-011,IS510,2,3,4.0,2033-05-21T00:35,2033-05-21T04:35,scheduled,,2033-05-20T09:50,2033-06-13T19:20,3525000,time_blocks_assumption
JOB-000773-B03,JOB-000773,EVS360-011,IS510,3,3,2.0,2033-05-21T04:35,2033-05-21T06:35,scheduled,,2033-05-20T09:50,2033-06-13T19:20,3525000,time_blocks_assumption
JOB-000989-B01,JOB-000989,EVS360-014,IS510,1,3,4.0,2033-05-23T08:35,2033-05-23T12:35,scheduled,,2033-05-23T08:35,2033-06-16T16:50,3375000,time_blocks_assumption
JOB-000989-B02,JOB-000989,EVS360-014,IS510,2,3,4.0,2033-05-24T12:10,2033-05-24T16:10,scheduled,,2033-05-23T08:35,2033-06-16T16:50,3375000,time_blocks_assumption
JOB-000989-B03,JOB-000989,EVS360-014,IS510,3,3,2.0,2033-05-25T12:10,2033-05-25T14:10,scheduled,,2033-05-23T08:35,2033-06-16T16:50,3375000,time_blocks_assumption
JOB-002644-B01,JOB-002644,EVS360-037,IS520,1,4,4.0,2033-05-01T14:10,2033-05-01T18:10,scheduled,,2033-04-28T18:10,2033-06-16T18:50,1650000,time_blocks_assumption
JOB-002644-B02,JOB-002644,EVS360-037,IS520,2,4,4.0,2033-05-02T21:50,2033-05-03T01:50,scheduled,,2033-04-28T18:10,2033-06-16T18:50,1650000,time_blocks_assumption
JOB-002644-B03,JOB-002644,EVS360-037,IS520,3,4,4.0,2033-05-03T01:50,2033-05-03T05:50,scheduled,,2033-04-28T18:10,2033-06-16T18:50,1650000,time_blocks_assumption
JOB-002644-B04,JOB-002644,EVS360-037,IS520,4,4,4.0,2033-05-03T18:50,2033-05-03T22:50,scheduled,,2033-04-28T18:10,2033-06-16T18:50,1650000,time_blocks_assumption
JOB-002211-B01,JOB-002211,EVS360-031,IS510,1,3,4.0,2033-05-23T16:10,2033-05-23T20:10,scheduled,,2033-05-22T23:50,2033-06-17T08:35,2175000,time_blocks_assumption
JOB-002211-B02,JOB-002211,EVS360-031,IS510,2,3,4.0,2033-05-23T20:10,2033-05-24T00:10,scheduled,,2033-05-22T23:50,2033-06-17T08:35,2175000,time_blocks_assumption
JOB-002211-B03,JOB-002211,EVS360-031,IS510,3,3,2.0,2033-05-24T00:10,2033-05-24T02:10,scheduled,,2033-05-22T23:50,2033-06-17T08:35,2175000,time_blocks_assumption
JOB-002136-B01,JOB-002136,EVS360-030,IS530,1,9,4.0,2033-03-15T14:10,2033-03-15T18:10,scheduled,,2033-03-14T21:50,2033-06-21T15:20,2100000,time_blocks_assumption
JOB-002136-B02,JOB-002136,EVS360-030,IS530,2,9,4.0,2033-03-16T19:40,2033-03-16T23:40,scheduled,,2033-03-14T21:50,2033-06-21T15:20,2100000,time_blocks_assumption
JOB-002136-B03,JOB-002136,EVS360-030,IS530,3,9,4.0,2033-03-16T23:40,2033-03-17T03:40,scheduled,,2033-03-14T21:50,2033-06-21T15:20,2100000,time_blocks_assumption
JOB-002136-B04,JOB-002136,EVS360-030,IS530,4,9,4.0,2033-03-17T18:50,2033-03-17T22:50,scheduled,,2033-03-14T21:50,2033-06-21T15:20,2100000,time_blocks_assumption
JOB-002136-B05,JOB-002136,EVS360-030,IS530,5,9,4.0,2033-03-17T22:50,2033-03-18T02:50,scheduled,,2033-03-14T21:50,2033-06-21T15:20,2100000,time_blocks_assumption
JOB-002136-B06,JOB-002136,EVS360-030,IS530,6,9,4.0,2033-03-18T02:50,2033-03-18T06:50,scheduled,,2033-03-14T21:50,2033-06-21T15:20,2100000,time_blocks_assumption
JOB-002136-B07,JOB-002136,EVS360-030,IS530,7,9,4.0,2033-03-19T03:20,2033-03-19T07:20,scheduled,,2033-03-14T21:50,2033-06-21T15:20,2100000,time_blocks_assumption
JOB-002136-B08,JOB-002136,EVS360-030,IS530,8,9,4.0,2033-03-19T22:35,2033-03-20T02:35,scheduled,,2033-03-14T21:50,2033-06-21T15:20,2100000,time_blocks_assumption
JOB-002136-B09,JOB-002136,EVS360-030,IS530,9,9,4.0,2033-03-20T02:35,2033-03-20T06:35,scheduled,,2033-03-14T21:50,2033-06-21T15:20,2100000,time_blocks_assumption
JOB-001348-B01,JOB-001348,EVS360-019,IS520,1,4,4.0,2033-05-04T11:50,2033-05-04T15:50,scheduled,,2033-05-03T09:50,2033-06-21T19:50,3150000,time_blocks_assumption
JOB-001348-B02,JOB-001348,EVS360-019,IS520,2,4,4.0,2033-05-05T13:20,2033-05-05T17:20,scheduled,,2033-05-03T09:50,2033-06-21T19:50,3150000,time_blocks_assumption
JOB-001348-B03,JOB-001348,EVS360-019,IS520,3,4,4.0,2033-05-06T15:20,2033-05-06T19:20,scheduled,,2033-05-03T09:50,2033-06-21T19:50,3150000,time_blocks_assumption
JOB-001348-B04,JOB-001348,EVS360-019,IS520,4,4,4.0,2033-05-06T19:20,2033-05-06T23:20,scheduled,,2033-05-03T09:50,2033-06-21T19:50,3150000,time_blocks_assumption
JOB-002282-B01,JOB-002282,EVS360-032,IS510,1,3,4.0,2033-05-30T13:50,2033-05-30T17:50,scheduled,,2033-05-29T09:50,2033-06-22T18:50,2025000,time_blocks_assumption
JOB-002282-B02,JOB-002282,EVS360-032,IS510,2,3,4.0,2033-06-01T15:20,2033-06-01T19:20,scheduled,,2033-05-29T09:50,2033-06-22T18:50,2025000,time_blocks_assumption
JOB-002282-B03,JOB-002282,EVS360-032,IS510,3,3,2.0,2033-06-01T19:20,2033-06-01T21:20,scheduled,,2033-05-29T09:50,2033-06-22T18:50,2025000,time_blocks_assumption
JOB-001129-B01,JOB-001129,EVS360-016,IS530,1,9,4.0,2033-03-17T11:50,2033-03-17T15:50,scheduled,,2033-03-16T19:20,2033-06-22T20:10,3300000,time_blocks_assumption
JOB-001129-B02,JOB-001129,EVS360-016,IS530,2,9,4.0,2033-03-18T13:20,2033-03-18T17:20,scheduled,,2033-03-16T19:20,2033-06-22T20:10,3300000,time_blocks_assumption
JOB-001129-B03,JOB-001129,EVS360-016,IS530,3,9,4.0,2033-03-19T15:20,2033-03-19T19:20,scheduled,,2033-03-16T19:20,2033-06-22T20:10,3300000,time_blocks_assumption
JOB-001129-B04,JOB-001129,EVS360-016,IS530,4,9,4.0,2033-03-19T19:20,2033-03-19T23:20,scheduled,,2033-03-16T19:20,2033-06-22T20:10,3300000,time_blocks_assumption
JOB-001129-B05,JOB-001129,EVS360-016,IS530,5,9,4.0,2033-03-19T23:20,2033-03-20T03:20,scheduled,,2033-03-16T19:20,2033-06-22T20:10,3300000,time_blocks_assumption
JOB-001129-B06,JOB-001129,EVS360-016,IS530,6,9,4.0,2033-03-20T21:20,2033-03-21T01:20,scheduled,,2033-03-16T19:20,2033-06-22T20:10,3300000,time_blocks_assumption
JOB-001129-B07,JOB-001129,EVS360-016,IS530,7,9,4.0,2033-03-21T01:20,2033-03-21T05:20,scheduled,,2033-03-16T19:20,2033-06-22T20:10,3300000,time_blocks_assumption
JOB-001129-B08,JOB-001129,EVS360-016,IS530,8,9,4.0,2033-03-21T20:10,2033-03-22T00:10,scheduled,,2033-03-16T19:20,2033-06-22T20:10,3300000,time_blocks_assumption
JOB-001129-B09,JOB-001129,EVS360-016,IS530,9,9,4.0,2033-03-22T00:10,2033-03-22T04:10,scheduled,,2033-03-16T19:20,2033-06-22T20:10,3300000,time_blocks_assumption
JOB-001205-B01,JOB-001205,EVS360-017,IS510,1,3,4.0,2033-05-30T23:20,2033-05-31T03:20,scheduled,,2033-05-30T12:50,2033-06-24T14:50,3075000,time_blocks_assumption
JOB-001205-B02,JOB-001205,EVS360-017,IS510,2,3,4.0,2033-05-31T03:20,2033-05-31T07:20,scheduled,,2033-05-30T12:50,2033-06-24T14:50,3075000,time_blocks_assumption
JOB-001205-B03,JOB-001205,EVS360-017,IS510,3,3,2.0,2033-05-31T07:20,2033-05-31T09:20,scheduled,,2033-05-30T12:50,2033-06-24T14:50,3075000,time_blocks_assumption
JOB-001638-B01,JOB-001638,EVS360-023,IS520,1,4,4.0,2033-05-06T23:50,2033-05-07T03:50,scheduled,,2033-05-06T17:20,2033-06-25T09:50,2850000,time_blocks_assumption
JOB-001638-B02,JOB-001638,EVS360-023,IS520,2,4,4.0,2033-05-07T20:10,2033-05-08T00:10,scheduled,,2033-05-06T17:20,2033-06-25T09:50,2850000,time_blocks_assumption
JOB-001638-B03,JOB-001638,EVS360-023,IS520,3,4,4.0,2033-05-08T00:10,2033-05-08T04:10,scheduled,,2033-05-06T17:20,2033-06-25T09:50,2850000,time_blocks_assumption
JOB-001638-B04,JOB-001638,EVS360-023,IS520,4,4,4.0,2033-05-08T04:10,2033-05-08T08:10,scheduled,,2033-05-06T17:20,2033-06-25T09:50,2850000,time_blocks_assumption
JOB-001711-B01,JOB-001711,EVS360-024,IS510,1,3,4.0,2033-06-03T15:20,2033-06-03T19:20,scheduled,,2033-06-03T15:20,2033-06-28T00:10,2625000,time_blocks_assumption
JOB-001711-B02,JOB-001711,EVS360-024,IS510,2,3,4.0,2033-06-03T19:20,2033-06-03T23:20,scheduled,,2033-06-03T15:20,2033-06-28T00:10,2625000,time_blocks_assumption
JOB-001711-B03,JOB-001711,EVS360-024,IS510,3,3,2.0,2033-06-03T23:20,2033-06-04T01:20,scheduled,,2033-06-03T15:20,2033-06-28T00:10,2625000,time_blocks_assumption
JOB-001783-B01,JOB-001783,EVS360-025,IS510,1,3,4.0,2033-06-03T15:50,2033-06-03T19:50,scheduled,,2033-06-03T15:50,2033-06-28T08:10,2475000,time_blocks_assumption
JOB-001783-B02,JOB-001783,EVS360-025,IS510,2,3,4.0,2033-06-03T19:50,2033-06-03T23:50,scheduled,,2033-06-03T15:50,2033-06-28T08:10,2475000,time_blocks_assumption
JOB-001783-B03,JOB-001783,EVS360-025,IS510,3,3,2.0,2033-06-03T23:50,2033-06-04T01:50,scheduled,,2033-06-03T15:50,2033-06-28T08:10,2475000,time_blocks_assumption
JOB-000484-B01,JOB-000484,EVS360-007,IS530,1,9,4.0,2033-03-27T08:10,2033-03-27T12:10,scheduled,,2033-03-26T14:10,2033-07-02T15:20,3900000,time_blocks_assumption
JOB-000484-B02,JOB-000484,EVS360-007,IS530,2,9,4.0,2033-03-28T09:50,2033-03-28T13:50,scheduled,,2033-03-26T14:10,2033-07-02T15:20,3900000,time_blocks_assumption
JOB-000484-B03,JOB-000484,EVS360-007,IS530,3,9,4.0,2033-03-29T11:50,2033-03-29T15:50,scheduled,,2033-03-26T14:10,2033-07-02T15:20,3900000,time_blocks_assumption
JOB-000484-B04,JOB-000484,EVS360-007,IS530,4,9,4.0,2033-03-31T15:20,2033-03-31T19:20,scheduled,,2033-03-26T14:10,2033-07-02T15:20,3900000,time_blocks_assumption
JOB-000484-B05,JOB-000484,EVS360-007,IS530,5,9,4.0,2033-03-31T19:20,2033-03-31T23:20,scheduled,,2033-03-26T14:10,2033-07-02T15:20,3900000,time_blocks_assumption
JOB-000484-B06,JOB-000484,EVS360-007,IS530,6,9,4.0,2033-03-31T23:20,2033-04-01T03:20,scheduled,,2033-03-26T14:10,2033-07-02T15:20,3900000,time_blocks_assumption
JOB-000484-B07,JOB-000484,EVS360-007,IS530,7,9,4.0,2033-04-01T17:20,2033-04-01T21:20,scheduled,,2033-03-26T14:10,2033-07-02T15:20,3900000,time_blocks_assumption
JOB-000484-B08,JOB-000484,EVS360-007,IS530,8,9,4.0,2033-04-01T21:20,2033-04-02T01:20,scheduled,,2033-03-26T14:10,2033-07-02T15:20,3900000,time_blocks_assumption
JOB-000484-B09,JOB-000484,EVS360-007,IS530,9,9,4.0,2033-04-02T01:20,2033-04-02T05:20,scheduled,,2033-03-26T14:10,2033-07-02T15:20,3900000,time_blocks_assumption
JOB-001855-B01,JOB-001855,EVS360-026,IS510,1,3,4.0,2033-06-09T11:50,2033-06-09T15:50,scheduled,,2033-06-08T16:10,2033-07-03T08:35,2625000,time_blocks_assumption
JOB-001855-B02,JOB-001855,EVS360-026,IS510,2,3,4.0,2033-06-10T13:20,2033-06-10T17:20,scheduled,,2033-06-08T16:10,2033-07-03T08:35,2625000,time_blocks_assumption
JOB-001855-B03,JOB-001855,EVS360-026,IS510,3,3,2.0,2033-06-11T16:20,2033-06-11T18:20,scheduled,,2033-06-08T16:10,2033-07-03T08:35,2625000,time_blocks_assumption
JOB-000342-B01,JOB-000342,EVS360-005,IS520,1,4,4.0,2033-05-15T04:10,2033-05-15T08:10,scheduled,,2033-05-15T00:10,2033-07-03T16:50,3750000,time_blocks_assumption
JOB-000342-B02,JOB-000342,EVS360-005,IS520,2,4,4.0,2033-05-15T08:10,2033-05-15T12:10,scheduled,,2033-05-15T00:10,2033-07-03T16:50,3750000,time_blocks_assumption
JOB-000342-B03,JOB-000342,EVS360-005,IS520,3,4,4.0,2033-05-16T09:20,2033-05-16T13:20,scheduled,,2033-05-15T00:10,2033-07-03T16:50,3750000,time_blocks_assumption
JOB-000342-B04,JOB-000342,EVS360-005,IS520,4,4,4.0,2033-05-17T11:20,2033-05-17T15:20,scheduled,,2033-05-15T00:10,2033-07-03T16:50,3750000,time_blocks_assumption
JOB-001062-B01,JOB-001062,EVS360-015,IS510,1,3,4.0,2033-06-09T22:50,2033-06-10T02:50,scheduled,,2033-06-09T12:35,2033-07-03T21:50,3375000,time_blocks_assumption
JOB-001062-B02,JOB-001062,EVS360-015,IS510,2,3,4.0,2033-06-10T02:50,2033-06-10T06:50,scheduled,,2033-06-09T12:35,2033-07-03T21:50,3375000,time_blocks_assumption
JOB-001062-B03,JOB-001062,EVS360-015,IS510,3,3,2.0,2033-06-10T06:50,2033-06-10T08:50,scheduled,,2033-06-09T12:35,2033-07-03T21:50,3375000,time_blocks_assumption
JOB-000415-B01,JOB-000415,EVS360-006,IS510,1,3,4.0,2033-06-09T18:50,2033-06-09T22:50,scheduled,,2033-06-09T18:50,2033-07-04T19:50,4125000,time_blocks_assumption
JOB-000415-B02,JOB-000415,EVS360-006,IS510,2,3,4.0,2033-06-09T22:50,2033-06-10T02:50,scheduled,,2033-06-09T18:50,2033-07-04T19:50,4125000,time_blocks_assumption
JOB-000415-B03,JOB-000415,EVS360-006,IS510,3,3,2.0,2033-06-10T02:50,2033-06-10T04:50,scheduled,,2033-06-09T18:50,2033-07-04T19:50,4125000,time_blocks_assumption
JOB-001277-B01,JOB-001277,EVS360-018,IS520,1,4,4.0,2033-05-23T10:10,2033-05-23T14:10,scheduled,,2033-05-21T14:50,2033-07-10T08:50,3150000,time_blocks_assumption
JOB-001277-B02,JOB-001277,EVS360-018,IS520,2,4,4.0,2033-05-24T12:10,2033-05-24T16:10,scheduled,,2033-05-21T14:50,2033-07-10T08:50,3150000,time_blocks_assumption
JOB-001277-B03,JOB-001277,EVS360-018,IS520,3,4,4.0,2033-05-25T13:50,2033-05-25T17:50,scheduled,,2033-05-21T14:50,2033-07-10T08:50,3150000,time_blocks_assumption
JOB-001277-B04,JOB-001277,EVS360-018,IS520,4,4,4.0,2033-05-26T15:50,2033-05-26T19:50,scheduled,,2033-05-21T14:50,2033-07-10T08:50,3150000,time_blocks_assumption
JOB-002428-B01,JOB-002428,EVS360-034,IS520,1,4,4.0,2033-05-25T03:05,2033-05-25T07:05,scheduled,,2033-05-24T09:50,2033-07-12T10:10,1950000,time_blocks_assumption
JOB-002428-B02,JOB-002428,EVS360-034,IS520,2,4,4.0,2033-05-25T22:10,2033-05-26T02:10,scheduled,,2033-05-24T09:50,2033-07-12T10:10,1950000,time_blocks_assumption
JOB-002428-B03,JOB-002428,EVS360-034,IS520,3,4,4.0,2033-05-26T02:10,2033-05-26T06:10,scheduled,,2033-05-24T09:50,2033-07-12T10:10,1950000,time_blocks_assumption
JOB-002428-B04,JOB-002428,EVS360-034,IS520,4,4,4.0,2033-05-26T06:10,2033-05-26T10:10,scheduled,,2033-05-24T09:50,2033-07-12T10:10,1950000,time_blocks_assumption
JOB-002142-B01,JOB-002142,EVS360-030,IS510,1,3,4.0,2033-06-21T15:20,2033-06-21T19:20,scheduled,,2033-06-21T15:20,2033-07-16T00:10,2175000,time_blocks_assumption
JOB-002142-B02,JOB-002142,EVS360-030,IS510,2,3,4.0,2033-06-21T19:20,2033-06-21T23:20,scheduled,,2033-06-21T15:20,2033-07-16T00:10,2175000,time_blocks_assumption
JOB-002142-B03,JOB-002142,EVS360-030,IS510,3,3,2.0,2033-06-21T23:20,2033-06-22T01:20,scheduled,,2033-06-21T15:20,2033-07-16T00:10,2175000,time_blocks_assumption
JOB-001135-B01,JOB-001135,EVS360-016,IS510,1,3,4.0,2033-06-23T12:35,2033-06-23T16:35,scheduled,,2033-06-22T20:10,2033-07-17T21:50,3375000,time_blocks_assumption
JOB-001135-B02,JOB-001135,EVS360-016,IS510,2,3,4.0,2033-06-24T16:10,2033-06-24T20:10,scheduled,,2033-06-22T20:10,2033-07-17T21:50,3375000,time_blocks_assumption
JOB-001135-B03,JOB-001135,EVS360-016,IS510,3,3,2.0,2033-06-25T16:10,2033-06-25T18:10,scheduled,,2033-06-22T20:10,2033-07-17T21:50,3375000,time_blocks_assumption
JOB-000631-B01,JOB-000631,EVS360-009,IS520,1,4,4.0,2033-05-31T00:10,2033-05-31T04:10,scheduled,,2033-05-30T09:35,2033-07-18T09:50,3750000,time_blocks_assumption
JOB-000631-B02,JOB-000631,EVS360-009,IS520,2,4,4.0,2033-05-31T04:10,2033-05-31T08:10,scheduled,,2033-05-30T09:35,2033-07-18T09:50,3750000,time_blocks_assumption
JOB-000631-B03,JOB-000631,EVS360-009,IS520,3,4,4.0,2033-05-31T21:50,2033-06-01T01:50,scheduled,,2033-05-30T09:35,2033-07-18T09:50,3750000,time_blocks_assumption
JOB-000631-B04,JOB-000631,EVS360-009,IS520,4,4,4.0,2033-06-01T01:50,2033-06-01T05:50,scheduled,,2033-05-30T09:35,2033-07-18T09:50,3750000,time_blocks_assumption
JOB-001927-B01,JOB-001927,EVS360-027,IS520,1,4,4.0,2033-06-01T12:50,2033-06-01T16:50,scheduled,,2033-05-30T09:20,2033-07-18T19:20,2550000,time_blocks_assumption
JOB-001927-B02,JOB-001927,EVS360-027,IS520,2,4,4.0,2033-06-02T17:50,2033-06-02T21:50,scheduled,,2033-05-30T09:20,2033-07-18T19:20,2550000,time_blocks_assumption
JOB-001927-B03,JOB-001927,EVS360-027,IS520,3,4,4.0,2033-06-03T16:50,2033-06-03T20:50,scheduled,,2033-05-30T09:20,2033-07-18T19:20,2550000,time_blocks_assumption
JOB-001927-B04,JOB-001927,EVS360-027,IS520,4,4,4.0,2033-06-03T20:50,2033-06-04T00:50,scheduled,,2033-05-30T09:20,2033-07-18T19:20,2550000,time_blocks_assumption
JOB-001199-B01,JOB-001199,EVS360-017,IS540,1,14,4.0,2033-01-02T20:35,2033-01-03T00:35,scheduled,,2033-01-02T20:35,2033-07-18T23:50,3000000,time_blocks_assumption
JOB-001199-B02,JOB-001199,EVS360-017,IS540,2,14,4.0,2033-01-03T00:35,2033-01-03T04:35,scheduled,,2033-01-02T20:35,2033-07-18T23:50,3000000,time_blocks_assumption
JOB-001199-B03,JOB-001199,EVS360-017,IS540,3,14,4.0,2033-01-03T04:35,2033-01-03T08:35,scheduled,,2033-01-02T20:35,2033-07-18T23:50,3000000,time_blocks_assumption
JOB-001199-B04,JOB-001199,EVS360-017,IS540,4,14,4.0,2033-01-03T22:10,2033-01-04T02:10,scheduled,,2033-01-02T20:35,2033-07-18T23:50,3000000,time_blocks_assumption
JOB-001199-B05,JOB-001199,EVS360-017,IS540,5,14,4.0,2033-01-04T02:10,2033-01-04T06:10,scheduled,,2033-01-02T20:35,2033-07-18T23:50,3000000,time_blocks_assumption
JOB-001199-B06,JOB-001199,EVS360-017,IS540,6,14,4.0,2033-01-04T06:10,2033-01-04T10:10,scheduled,,2033-01-02T20:35,2033-07-18T23:50,3000000,time_blocks_assumption
JOB-001199-B07,JOB-001199,EVS360-017,IS540,7,14,4.0,2033-01-04T23:50,2033-01-05T03:50,scheduled,,2033-01-02T20:35,2033-07-18T23:50,3000000,time_blocks_assumption
JOB-001199-B08,JOB-001199,EVS360-017,IS540,8,14,4.0,2033-01-05T03:50,2033-01-05T07:50,scheduled,,2033-01-02T20:35,2033-07-18T23:50,3000000,time_blocks_assumption
JOB-001199-B09,JOB-001199,EVS360-017,IS540,9,14,4.0,2033-01-05T07:50,2033-01-05T11:50,scheduled,,2033-01-02T20:35,2033-07-18T23:50,3000000,time_blocks_assumption
JOB-001199-B10,JOB-001199,EVS360-017,IS540,10,14,4.0,2033-01-06T08:50,2033-01-06T12:50,scheduled,,2033-01-02T20:35,2033-07-18T23:50,3000000,time_blocks_assumption
JOB-001199-B11,JOB-001199,EVS360-017,IS540,11,14,4.0,2033-01-07T10:50,2033-01-07T14:50,scheduled,,2033-01-02T20:35,2033-07-18T23:50,3000000,time_blocks_assumption
JOB-001199-B12,JOB-001199,EVS360-017,IS540,12,14,4.0,2033-01-08T14:35,2033-01-08T18:35,scheduled,,2033-01-02T20:35,2033-07-18T23:50,3000000,time_blocks_assumption
JOB-001199-B13,JOB-001199,EVS360-017,IS540,13,14,4.0,2033-01-09T14:10,2033-01-09T18:10,scheduled,,2033-01-02T20:35,2033-07-18T23:50,3000000,time_blocks_assumption
JOB-001199-B14,JOB-001199,EVS360-017,IS540,14,14,4.0,2033-01-10T16:10,2033-01-10T20:10,scheduled,,2033-01-02T20:35,2033-07-18T23:50,3000000,time_blocks_assumption
JOB-002722-B01,JOB-002722,EVS360-038,IS510,1,3,4.0,2033-06-28T15:50,2033-06-28T19:50,scheduled,,2033-06-26T19:50,2033-07-21T10:50,1725000,time_blocks_assumption
JOB-002722-B02,JOB-002722,EVS360-038,IS510,2,3,4.0,2033-06-29T15:50,2033-06-29T19:50,scheduled,,2033-06-26T19:50,2033-07-21T10:50,1725000,time_blocks_assumption
JOB-002722-B03,JOB-002722,EVS360-038,IS510,3,3,2.0,2033-06-29T19:50,2033-06-29T21:50,scheduled,,2033-06-26T19:50,2033-07-21T10:50,1725000,time_blocks_assumption
JOB-001570-B01,JOB-001570,EVS360-022,IS510,1,3,4.0,2033-06-30T12:10,2033-06-30T16:10,scheduled,,2033-06-29T08:35,2033-07-23T16:50,2925000,time_blocks_assumption
JOB-001570-B02,JOB-001570,EVS360-022,IS510,2,3,4.0,2033-07-01T14:40,2033-07-01T18:40,scheduled,,2033-06-29T08:35,2033-07-23T16:50,2925000,time_blocks_assumption
JOB-001570-B03,JOB-001570,EVS360-022,IS510,3,3,2.0,2033-07-02T13:50,2033-07-02T15:50,scheduled,,2033-06-29T08:35,2033-07-23T16:50,2925000,time_blocks_assumption
JOB-001425-B01,JOB-001425,EVS360-020,IS510,1,3,4.0,2033-07-01T11:20,2033-07-01T15:20,scheduled,,2033-07-01T11:20,2033-07-25T20:35,2925000,time_blocks_assumption
JOB-001425-B02,JOB-001425,EVS360-020,IS510,2,3,4.0,2033-07-02T14:50,2033-07-02T18:50,scheduled,,2033-07-01T11:20,2033-07-25T20:35,2925000,time_blocks_assumption
JOB-001425-B03,JOB-001425,EVS360-020,IS510,3,3,2.0,2033-07-03T14:50,2033-07-03T16:50,scheduled,,2033-07-01T11:20,2033-07-25T20:35,2925000,time_blocks_assumption
JOB-000490-B01,JOB-000490,EVS360-007,IS510,1,3,4.0,2033-07-03T08:50,2033-07-03T12:50,scheduled,,2033-07-02T15:20,2033-07-27T17:20,3975000,time_blocks_assumption
JOB-000490-B02,JOB-000490,EVS360-007,IS510,2,3,4.0,2033-07-04T12:50,2033-07-04T16:50,scheduled,,2033-07-02T15:20,2033-07-27T17:20,3975000,time_blocks_assumption
JOB-000490-B03,JOB-000490,EVS360-007,IS510,3,3,2.0,2033-07-05T12:35,2033-07-05T14:35,scheduled,,2033-07-02T15:20,2033-07-27T17:20,3975000,time_blocks_assumption
JOB-002355-B01,JOB-002355,EVS360-033,IS530,1,9,4.0,2033-04-24T18:10,2033-04-24T22:10,scheduled,,2033-04-24T08:35,2033-07-31T19:50,2100000,time_blocks_assumption
JOB-002355-B02,JOB-002355,EVS360-033,IS530,2,9,4.0,2033-04-24T22:10,2033-04-25T02:10,scheduled,,2033-04-24T08:35,2033-07-31T19:50,2100000,time_blocks_assumption
JOB-002355-B03,JOB-002355,EVS360-033,IS530,3,9,4.0,2033-04-25T02:10,2033-04-25T06:10,scheduled,,2033-04-24T08:35,2033-07-31T19:50,2100000,time_blocks_assumption
JOB-002355-B04,JOB-002355,EVS360-033,IS530,4,9,4.0,2033-04-25T23:50,2033-04-26T03:50,scheduled,,2033-04-24T08:35,2033-07-31T19:50,2100000,time_blocks_assumption
JOB-002355-B05,JOB-002355,EVS360-033,IS530,5,9,4.0,2033-04-26T03:50,2033-04-26T07:50,scheduled,,2033-04-24T08:35,2033-07-31T19:50,2100000,time_blocks_assumption
JOB-002355-B06,JOB-002355,EVS360-033,IS530,6,9,4.0,2033-04-26T22:10,2033-04-27T02:10,scheduled,,2033-04-24T08:35,2033-07-31T19:50,2100000,time_blocks_assumption
JOB-002355-B07,JOB-002355,EVS360-033,IS530,7,9,4.0,2033-04-27T02:10,2033-04-27T06:10,scheduled,,2033-04-24T08:35,2033-07-31T19:50,2100000,time_blocks_assumption
JOB-002355-B08,JOB-002355,EVS360-033,IS530,8,9,4.0,2033-04-27T06:10,2033-04-27T10:10,scheduled,,2033-04-24T08:35,2033-07-31T19:50,2100000,time_blocks_assumption
JOB-002355-B09,JOB-002355,EVS360-033,IS530,9,9,4.0,2033-04-28T04:10,2033-04-28T08:10,scheduled,,2033-04-24T08:35,2033-07-31T19:50,2100000,time_blocks_assumption
JOB-000200-B01,JOB-000200,EVS360-003,IS520,1,4,4.0,2033-06-16T11:50,2033-06-16T15:50,scheduled,,2033-06-15T09:50,2033-08-03T10:10,4050000,time_blocks_assumption
JOB-000200-B02,JOB-000200,EVS360-003,IS520,2,4,4.0,2033-06-17T13:20,2033-06-17T17:20,scheduled,,2033-06-15T09:50,2033-08-03T10:10,4050000,time_blocks_assumption
JOB-000200-B03,JOB-000200,EVS360-003,IS520,3,4,4.0,2033-06-18T15:20,2033-06-18T19:20,scheduled,,2033-06-15T09:50,2033-08-03T10:10,4050000,time_blocks_assumption
JOB-000200-B04,JOB-000200,EVS360-003,IS520,4,4,4.0,2033-06-18T19:20,2033-06-18T23:20,scheduled,,2033-06-15T09:50,2033-08-03T10:10,4050000,time_blocks_assumption
JOB-000270-B01,JOB-000270,EVS360-004,IS530,1,9,4.0,2033-04-28T11:50,2033-04-28T15:50,scheduled,,2033-04-27T19:20,2033-08-04T12:35,3900000,time_blocks_assumption
JOB-000270-B02,JOB-000270,EVS360-004,IS530,2,9,4.0,2033-04-29T13:20,2033-04-29T17:20,scheduled,,2033-04-27T19:20,2033-08-04T12:35,3900000,time_blocks_assumption
JOB-000270-B03,JOB-000270,EVS360-004,IS530,3,9,4.0,2033-04-30T15:20,2033-04-30T19:20,scheduled,,2033-04-27T19:20,2033-08-04T12:35,3900000,time_blocks_assumption
JOB-000270-B04,JOB-000270,EVS360-004,IS530,4,9,4.0,2033-04-30T19:20,2033-04-30T23:20,scheduled,,2033-04-27T19:20,2033-08-04T12:35,3900000,time_blocks_assumption
JOB-000270-B05,JOB-000270,EVS360-004,IS530,5,9,4.0,2033-04-30T23:20,2033-05-01T03:20,scheduled,,2033-04-27T19:20,2033-08-04T12:35,3900000,time_blocks_assumption
JOB-000270-B06,JOB-000270,EVS360-004,IS530,6,9,4.0,2033-05-01T21:20,2033-05-02T01:20,scheduled,,2033-04-27T19:20,2033-08-04T12:35,3900000,time_blocks_assumption
JOB-000270-B07,JOB-000270,EVS360-004,IS530,7,9,4.0,2033-05-02T01:20,2033-05-02T05:20,scheduled,,2033-04-27T19:20,2033-08-04T12:35,3900000,time_blocks_assumption
JOB-000270-B08,JOB-000270,EVS360-004,IS530,8,9,4.0,2033-05-02T20:10,2033-05-03T00:10,scheduled,,2033-04-27T19:20,2033-08-04T12:35,3900000,time_blocks_assumption
JOB-000270-B09,JOB-000270,EVS360-004,IS530,9,9,4.0,2033-05-03T00:10,2033-05-03T04:10,scheduled,,2033-04-27T19:20,2033-08-04T12:35,3900000,time_blocks_assumption
JOB-000848-B01,JOB-000848,EVS360-012,IS520,1,4,4.0,2033-06-16T19:50,2033-06-16T23:50,scheduled,,2033-06-15T23:20,2033-08-04T16:10,3750000,time_blocks_assumption
JOB-000848-B02,JOB-000848,EVS360-012,IS520,2,4,4.0,2033-06-16T23:50,2033-06-17T03:50,scheduled,,2033-06-15T23:20,2033-08-04T16:10,3750000,time_blocks_assumption
JOB-000848-B03,JOB-000848,EVS360-012,IS520,3,4,4.0,2033-06-17T18:10,2033-06-17T22:10,scheduled,,2033-06-15T23:20,2033-08-04T16:10,3750000,time_blocks_assumption
JOB-000848-B04,JOB-000848,EVS360-012,IS520,4,4,4.0,2033-06-17T22:10,2033-06-18T02:10,scheduled,,2033-06-15T23:20,2033-08-04T16:10,3750000,time_blocks_assumption
JOB-002650-B01,JOB-002650,EVS360-037,IS510,1,3,4.0,2033-07-11T20:35,2033-07-12T00:35,scheduled,,2033-07-11T09:50,2033-08-04T19:20,1725000,time_blocks_assumption
JOB-002650-B02,JOB-002650,EVS360-037,IS510,2,3,4.0,2033-07-12T00:35,2033-07-12T04:35,scheduled,,2033-07-11T09:50,2033-08-04T19:20,1725000,time_blocks_assumption
JOB-002650-B03,JOB-002650,EVS360-037,IS510,3,3,2.0,2033-07-12T04:35,2033-07-12T06:35,scheduled,,2033-07-11T09:50,2033-08-04T19:20,1725000,time_blocks_assumption
JOB-000562-B01,JOB-000562,EVS360-008,IS520,1,4,4.0,2033-06-22T03:50,2033-06-22T07:50,scheduled,,2033-06-21T13:20,2033-08-09T13:50,4050000,time_blocks_assumption
JOB-000562-B02,JOB-000562,EVS360-008,IS520,2,4,4.0,2033-06-22T07:50,2033-06-22T11:50,scheduled,,2033-06-21T13:20,2033-08-09T13:50,4050000,time_blocks_assumption
JOB-000562-B03,JOB-000562,EVS360-008,IS520,3,4,4.0,2033-06-23T08:50,2033-06-23T12:50,scheduled,,2033-06-21T13:20,2033-08-09T13:50,4050000,time_blocks_assumption
JOB-000562-B04,JOB-000562,EVS360-008,IS520,4,4,4.0,2033-06-24T10:50,2033-06-24T14:50,scheduled,,2033-06-21T13:20,2033-08-09T13:50,4050000,time_blocks_assumption
JOB-001354-B01,JOB-001354,EVS360-019,IS510,1,3,4.0,2033-07-16T21:20,2033-07-17T01:20,scheduled,,2033-07-16T10:50,2033-08-09T20:10,3225000,time_blocks_assumption
JOB-001354-B02,JOB-001354,EVS360-019,IS510,2,3,4.0,2033-07-17T01:20,2033-07-17T05:20,scheduled,,2033-07-16T10:50,2033-08-09T20:10,3225000,time_blocks_assumption
JOB-001354-B03,JOB-001354,EVS360-019,IS510,3,3,2.0,2033-07-17T05:20,2033-07-17T07:20,scheduled,,2033-07-16T10:50,2033-08-09T20:10,3225000,time_blocks_assumption
JOB-002796-B01,JOB-002796,EVS360-039,IS520,1,4,4.0,2033-06-23T04:40,2033-06-23T08:40,scheduled,,2033-06-22T22:10,2033-08-10T22:35,1650000,time_blocks_assumption
JOB-002796-B02,JOB-002796,EVS360-039,IS520,2,4,4.0,2033-06-23T23:50,2033-06-24T03:50,scheduled,,2033-06-22T22:10,2033-08-10T22:35,1650000,time_blocks_assumption
JOB-002796-B03,JOB-002796,EVS360-039,IS520,3,4,4.0,2033-06-24T03:50,2033-06-24T07:50,scheduled,,2033-06-22T22:10,2033-08-10T22:35,1650000,time_blocks_assumption
JOB-002796-B04,JOB-002796,EVS360-039,IS520,4,4,4.0,2033-06-24T07:50,2033-06-24T11:50,scheduled,,2033-06-22T22:10,2033-08-10T22:35,1650000,time_blocks_assumption
JOB-001644-B01,JOB-001644,EVS360-023,IS510,1,3,4.0,2033-07-20T11:50,2033-07-20T15:50,scheduled,,2033-07-19T19:20,2033-08-13T10:10,2925000,time_blocks_assumption
JOB-001644-B02,JOB-001644,EVS360-023,IS510,2,3,4.0,2033-07-22T15:20,2033-07-22T19:20,scheduled,,2033-07-19T19:20,2033-08-13T10:10,2925000,time_blocks_assumption
JOB-001644-B03,JOB-001644,EVS360-023,IS510,3,3,2.0,2033-07-22T19:20,2033-07-22T21:20,scheduled,,2033-07-19T19:20,2033-08-13T10:10,2925000,time_blocks_assumption
JOB-001500-B01,JOB-001500,EVS360-021,IS510,1,3,4.0,2033-07-22T14:10,2033-07-22T18:10,scheduled,,2033-07-22T14:10,2033-08-15T23:20,3075000,time_blocks_assumption
JOB-001500-B02,JOB-001500,EVS360-021,IS510,2,3,4.0,2033-07-23T18:10,2033-07-23T22:10,scheduled,,2033-07-22T14:10,2033-08-15T23:20,3075000,time_blocks_assumption
JOB-001500-B03,JOB-001500,EVS360-021,IS510,3,3,2.0,2033-07-23T22:10,2033-07-24T00:10,scheduled,,2033-07-22T14:10,2033-08-15T23:20,3075000,time_blocks_assumption
JOB-000348-B01,JOB-000348,EVS360-005,IS510,1,3,4.0,2033-07-28T18:50,2033-07-28T22:50,scheduled,,2033-07-28T08:50,2033-08-21T17:20,3825000,time_blocks_assumption
JOB-000348-B02,JOB-000348,EVS360-005,IS510,2,3,4.0,2033-07-28T22:50,2033-07-29T02:50,scheduled,,2033-07-28T08:50,2033-08-21T17:20,3825000,time_blocks_assumption
JOB-000348-B03,JOB-000348,EVS360-005,IS510,3,3,2.0,2033-07-29T02:50,2033-07-29T04:50,scheduled,,2033-07-28T08:50,2033-08-21T17:20,3825000,time_blocks_assumption
JOB-002073-B01,JOB-002073,EVS360-029,IS520,1,4,4.0,2033-07-04T02:40,2033-07-04T06:40,scheduled,,2033-07-03T20:10,2033-08-21T20:35,2250000,time_blocks_assumption
JOB-002073-B02,JOB-002073,EVS360-029,IS520,2,4,4.0,2033-07-04T21:50,2033-07-05T01:50,scheduled,,2033-07-03T20:10,2033-08-21T20:35,2250000,time_blocks_assumption
JOB-002073-B03,JOB-002073,EVS360-029,IS520,3,4,4.0,2033-07-05T01:50,2033-07-05T05:50,scheduled,,2033-07-03T20:10,2033-08-21T20:35,2250000,time_blocks_assumption
JOB-002073-B04,JOB-002073,EVS360-029,IS520,4,4,4.0,2033-07-05T05:50,2033-07-05T09:50,scheduled,,2033-07-03T20:10,2033-08-21T20:35,2250000,time_blocks_assumption
JOB-002578-B01,JOB-002578,EVS360-036,IS510,1,3,4.0,2033-07-29T16:10,2033-07-29T20:10,scheduled,,2033-07-28T23:50,2033-08-22T14:50,1875000,time_blocks_assumption
JOB-002578-B02,JOB-002578,EVS360-036,IS510,2,3,4.0,2033-07-29T20:10,2033-07-30T00:10,scheduled,,2033-07-28T23:50,2033-08-22T14:50,1875000,time_blocks_assumption
JOB-002578-B03,JOB-002578,EVS360-036,IS510,3,3,2.0,2033-07-30T00:10,2033-07-30T02:10,scheduled,,2033-07-28T23:50,2033-08-22T14:50,1875000,time_blocks_assumption
JOB-000923-B01,JOB-000923,EVS360-013,IS510,1,3,4.0,2033-07-30T00:10,2033-07-30T04:10,scheduled,,2033-07-29T13:50,2033-08-23T15:50,3675000,time_blocks_assumption
JOB-000923-B02,JOB-000923,EVS360-013,IS510,2,3,4.0,2033-07-30T04:10,2033-07-30T08:10,scheduled,,2033-07-29T13:50,2033-08-23T15:50,3675000,time_blocks_assumption
JOB-000923-B03,JOB-000923,EVS360-013,IS510,3,3,2.0,2033-07-30T08:10,2033-07-30T10:10,scheduled,,2033-07-29T13:50,2033-08-23T15:50,3675000,time_blocks_assumption
JOB-002361-B01,JOB-002361,EVS360-033,IS510,1,3,4.0,2033-07-31T19:50,2033-07-31T23:50,scheduled,,2033-07-31T19:50,2033-08-25T10:50,2175000,time_blocks_assumption
JOB-002361-B02,JOB-002361,EVS360-033,IS510,2,3,4.0,2033-07-31T23:50,2033-08-01T03:50,scheduled,,2033-07-31T19:50,2033-08-25T10:50,2175000,time_blocks_assumption
JOB-002361-B03,JOB-002361,EVS360-033,IS510,3,3,2.0,2033-08-01T03:50,2033-08-01T05:50,scheduled,,2033-07-31T19:50,2033-08-25T10:50,2175000,time_blocks_assumption
JOB-000130-B01,JOB-000130,EVS360-002,IS510,1,3,4.0,2033-07-31T22:50,2033-08-01T02:50,scheduled,,2033-07-31T22:50,2033-08-25T23:50,4275000,time_blocks_assumption
JOB-000130-B02,JOB-000130,EVS360-002,IS510,2,3,4.0,2033-08-01T02:50,2033-08-01T06:50,scheduled,,2033-07-31T22:50,2033-08-25T23:50,4275000,time_blocks_assumption
JOB-000130-B03,JOB-000130,EVS360-002,IS510,3,3,2.0,2033-08-01T06:50,2033-08-01T08:50,scheduled,,2033-07-31T22:50,2033-08-25T23:50,4275000,time_blocks_assumption
JOB-001283-B01,JOB-001283,EVS360-018,IS510,1,3,4.0,2033-08-03T17:20,2033-08-03T21:20,scheduled,,2033-08-03T17:20,2033-08-28T09:20,3225000,time_blocks_assumption
JOB-001283-B02,JOB-001283,EVS360-018,IS510,2,3,4.0,2033-08-03T21:20,2033-08-04T01:20,scheduled,,2033-08-03T17:20,2033-08-28T09:20,3225000,time_blocks_assumption
JOB-001283-B03,JOB-001283,EVS360-018,IS510,3,3,2.0,2033-08-04T01:20,2033-08-04T03:20,scheduled,,2033-08-03T17:20,2033-08-28T09:20,3225000,time_blocks_assumption
JOB-000276-B01,JOB-000276,EVS360-004,IS510,1,3,4.0,2033-08-04T12:35,2033-08-04T16:35,scheduled,,2033-08-04T12:35,2033-08-28T21:50,3975000,time_blocks_assumption
JOB-000276-B02,JOB-000276,EVS360-004,IS510,2,3,4.0,2033-08-05T16:10,2033-08-05T20:10,scheduled,,2033-08-04T12:35,2033-08-28T21:50,3975000,time_blocks_assumption
JOB-000276-B03,JOB-000276,EVS360-004,IS510,3,3,2.0,2033-08-06T16:10,2033-08-06T18:10,scheduled,,2033-08-04T12:35,2033-08-28T21:50,3975000,time_blocks_assumption
JOB-000995-B01,JOB-000995,EVS360-014,IS520,1,4,4.0,2033-07-12T10:50,2033-07-12T14:50,scheduled,,2033-07-11T08:50,2033-08-29T09:20,3450000,time_blocks_assumption
JOB-000995-B02,JOB-000995,EVS360-014,IS520,2,4,4.0,2033-07-13T12:35,2033-07-13T16:35,scheduled,,2033-07-11T08:50,2033-08-29T09:20,3450000,time_blocks_assumption
JOB-000995-B03,JOB-000995,EVS360-014,IS520,3,4,4.0,2033-07-14T14:10,2033-07-14T18:10,scheduled,,2033-07-11T08:50,2033-08-29T09:20,3450000,time_blocks_assumption
JOB-000995-B04,JOB-000995,EVS360-014,IS520,4,4,4.0,2033-07-15T16:10,2033-07-15T20:10,scheduled,,2033-07-11T08:50,2033-08-29T09:20,3450000,time_blocks_assumption
JOB-002217-B01,JOB-002217,EVS360-031,IS520,1,4,4.0,2033-07-11T20:50,2033-07-12T00:50,scheduled,,2033-07-11T16:50,2033-08-29T17:20,2250000,time_blocks_assumption
JOB-002217-B02,JOB-002217,EVS360-031,IS520,2,4,4.0,2033-07-12T00:50,2033-07-12T04:50,scheduled,,2033-07-11T16:50,2033-08-29T17:20,2250000,time_blocks_assumption
JOB-002217-B03,JOB-002217,EVS360-031,IS520,3,4,4.0,2033-07-12T22:20,2033-07-13T02:20,scheduled,,2033-07-11T16:50,2033-08-29T17:20,2250000,time_blocks_assumption
JOB-002217-B04,JOB-002217,EVS360-031,IS520,4,4,4.0,2033-07-13T02:20,2033-07-13T06:20,scheduled,,2033-07-11T16:50,2033-08-29T17:20,2250000,time_blocks_assumption
JOB-002434-B01,JOB-002434,EVS360-034,IS510,1,3,4.0,2033-08-07T15:50,2033-08-07T19:50,scheduled,,2033-08-06T12:10,2033-08-30T21:20,2025000,time_blocks_assumption
JOB-002434-B02,JOB-002434,EVS360-034,IS510,2,3,4.0,2033-08-08T15:50,2033-08-08T19:50,scheduled,,2033-08-06T12:10,2033-08-30T21:20,2025000,time_blocks_assumption
JOB-002434-B03,JOB-002434,EVS360-034,IS510,3,3,2.0,2033-08-08T19:50,2033-08-08T21:50,scheduled,,2033-08-06T12:10,2033-08-30T21:20,2025000,time_blocks_assumption
JOB-002506-B01,JOB-002506,EVS360-035,IS510,1,3,4.0,2033-08-08T16:10,2033-08-08T20:10,scheduled,,2033-08-07T23:50,2033-09-01T14:50,1875000,time_blocks_assumption
JOB-002506-B02,JOB-002506,EVS360-035,IS510,2,3,4.0,2033-08-08T20:10,2033-08-09T00:10,scheduled,,2033-08-07T23:50,2033-09-01T14:50,1875000,time_blocks_assumption
JOB-002506-B03,JOB-002506,EVS360-035,IS510,3,3,2.0,2033-08-09T00:10,2033-08-09T02:10,scheduled,,2033-08-07T23:50,2033-09-01T14:50,1875000,time_blocks_assumption
JOB-000705-B01,JOB-000705,EVS360-010,IS530,1,9,4.0,2033-05-29T18:10,2033-05-29T22:10,scheduled,,2033-05-29T08:35,2033-09-04T19:50,3900000,time_blocks_assumption
JOB-000705-B02,JOB-000705,EVS360-010,IS530,2,9,4.0,2033-05-29T22:10,2033-05-30T02:10,scheduled,,2033-05-29T08:35,2033-09-04T19:50,3900000,time_blocks_assumption
JOB-000705-B03,JOB-000705,EVS360-010,IS530,3,9,4.0,2033-05-30T02:10,2033-05-30T06:10,scheduled,,2033-05-29T08:35,2033-09-04T19:50,3900000,time_blocks_assumption
JOB-000705-B04,JOB-000705,EVS360-010,IS530,4,9,4.0,2033-05-30T20:35,2033-05-31T00:35,scheduled,,2033-05-29T08:35,2033-09-04T19:50,3900000,time_blocks_assumption
JOB-000705-B05,JOB-000705,EVS360-010,IS530,5,9,4.0,2033-05-31T00:35,2033-05-31T04:35,scheduled,,2033-05-29T08:35,2033-09-04T19:50,3900000,time_blocks_assumption
JOB-000705-B06,JOB-000705,EVS360-010,IS530,6,9,4.0,2033-05-31T04:35,2033-05-31T08:35,scheduled,,2033-05-29T08:35,2033-09-04T19:50,3900000,time_blocks_assumption
JOB-000705-B07,JOB-000705,EVS360-010,IS530,7,9,4.0,2033-05-31T22:10,2033-06-01T02:10,scheduled,,2033-05-29T08:35,2033-09-04T19:50,3900000,time_blocks_assumption
JOB-000705-B08,JOB-000705,EVS360-010,IS530,8,9,4.0,2033-06-01T02:10,2033-06-01T06:10,scheduled,,2033-05-29T08:35,2033-09-04T19:50,3900000,time_blocks_assumption
JOB-000705-B09,JOB-000705,EVS360-010,IS530,9,9,4.0,2033-06-01T06:10,2033-06-01T10:10,scheduled,,2033-05-29T08:35,2033-09-04T19:50,3900000,time_blocks_assumption
JOB-000637-B01,JOB-000637,EVS360-009,IS510,1,3,4.0,2033-08-12T11:50,2033-08-12T15:50,scheduled,,2033-08-11T19:20,2033-09-05T10:10,3825000,time_blocks_assumption
JOB-000637-B02,JOB-000637,EVS360-009,IS510,2,3,4.0,2033-08-13T15:20,2033-08-13T19:20,scheduled,,2033-08-11T19:20,2033-09-05T10:10,3825000,time_blocks_assumption
JOB-000637-B03,JOB-000637,EVS360-009,IS510,3,3,2.0,2033-08-14T15:20,2033-08-14T17:20,scheduled,,2033-08-11T19:20,2033-09-05T10:10,3825000,time_blocks_assumption
JOB-001933-B01,JOB-001933,EVS360-027,IS510,1,3,4.0,2033-08-12T20:50,2033-08-13T00:50,scheduled,,2033-08-12T10:10,2033-09-05T19:50,2625000,time_blocks_assumption
JOB-001933-B02,JOB-001933,EVS360-027,IS510,2,3,4.0,2033-08-13T00:50,2033-08-13T04:50,scheduled,,2033-08-12T10:10,2033-09-05T19:50,2625000,time_blocks_assumption
JOB-001933-B03,JOB-001933,EVS360-027,IS510,3,3,2.0,2033-08-13T04:50,2033-08-13T06:50,scheduled,,2033-08-12T10:10,2033-09-05T19:50,2625000,time_blocks_assumption
JOB-001211-B01,JOB-001211,EVS360-017,IS520,1,4,4.0,2033-07-19T03:50,2033-07-19T07:50,scheduled,,2033-07-18T23:50,2033-09-06T00:10,3150000,time_blocks_assumption
JOB-001211-B02,JOB-001211,EVS360-017,IS520,2,4,4.0,2033-07-19T07:50,2033-07-19T11:50,scheduled,,2033-07-18T23:50,2033-09-06T00:10,3150000,time_blocks_assumption
JOB-001211-B03,JOB-001211,EVS360-017,IS520,3,4,4.0,2033-07-20T08:50,2033-07-20T12:50,scheduled,,2033-07-18T23:50,2033-09-06T00:10,3150000,time_blocks_assumption
JOB-001211-B04,JOB-001211,EVS360-017,IS520,4,4,4.0,2033-07-21T10:50,2033-07-21T14:50,scheduled,,2033-07-18T23:50,2033-09-06T00:10,3150000,time_blocks_assumption
JOB-000059-B01,JOB-000059,EVS360-001,IS510,1,3,4.0,2033-08-14T11:50,2033-08-14T15:50,scheduled,,2033-08-13T19:20,2033-09-07T10:10,4275000,time_blocks_assumption
JOB-000059-B02,JOB-000059,EVS360-001,IS510,2,3,4.0,2033-08-15T15:20,2033-08-15T19:20,scheduled,,2033-08-13T19:20,2033-09-07T10:10,4275000,time_blocks_assumption
JOB-000059-B03,JOB-000059,EVS360-001,IS510,3,3,2.0,2033-08-16T15:20,2033-08-16T17:20,scheduled,,2033-08-13T19:20,2033-09-07T10:10,4275000,time_blocks_assumption
JOB-001494-B01,JOB-001494,EVS360-021,IS540,1,14,4.0,2033-02-25T12:50,2033-02-25T16:50,scheduled,,2033-02-24T20:35,2033-09-09T14:50,3000000,time_blocks_assumption
JOB-001494-B02,JOB-001494,EVS360-021,IS540,2,14,4.0,2033-02-26T17:20,2033-02-26T21:20,scheduled,,2033-02-24T20:35,2033-09-09T14:50,3000000,time_blocks_assumption
JOB-001494-B03,JOB-001494,EVS360-021,IS540,3,14,4.0,2033-02-27T16:50,2033-02-27T20:50,scheduled,,2033-02-24T20:35,2033-09-09T14:50,3000000,time_blocks_assumption
JOB-001494-B04,JOB-001494,EVS360-021,IS540,4,14,4.0,2033-02-27T20:50,2033-02-28T00:50,scheduled,,2033-02-24T20:35,2033-09-09T14:50,3000000,time_blocks_assumption
JOB-001494-B05,JOB-001494,EVS360-021,IS540,5,14,4.0,2033-02-28T00:50,2033-02-28T04:50,scheduled,,2033-02-24T20:35,2033-09-09T14:50,3000000,time_blocks_assumption
JOB-001494-B06,JOB-001494,EVS360-021,IS540,6,14,4.0,2033-02-28T22:20,2033-03-01T02:20,scheduled,,2033-02-24T20:35,2033-09-09T14:50,3000000,time_blocks_assumption
JOB-001494-B07,JOB-001494,EVS360-021,IS540,7,14,4.0,2033-03-01T02:20,2033-03-01T06:20,scheduled,,2033-02-24T20:35,2033-09-09T14:50,3000000,time_blocks_assumption
JOB-001494-B08,JOB-001494,EVS360-021,IS540,8,14,4.0,2033-03-01T23:20,2033-03-02T03:20,scheduled,,2033-02-24T20:35,2033-09-09T14:50,3000000,time_blocks_assumption
JOB-001494-B09,JOB-001494,EVS360-021,IS540,9,14,4.0,2033-03-02T03:20,2033-03-02T07:20,scheduled,,2033-02-24T20:35,2033-09-09T14:50,3000000,time_blocks_assumption
JOB-001494-B10,JOB-001494,EVS360-021,IS540,10,14,4.0,2033-03-03T01:20,2033-03-03T05:20,scheduled,,2033-02-24T20:35,2033-09-09T14:50,3000000,time_blocks_assumption
JOB-001494-B11,JOB-001494,EVS360-021,IS540,11,14,4.0,2033-03-03T05:20,2033-03-03T09:20,scheduled,,2033-02-24T20:35,2033-09-09T14:50,3000000,time_blocks_assumption
JOB-001494-B12,JOB-001494,EVS360-021,IS540,12,14,4.0,2033-03-04T08:10,2033-03-04T12:10,scheduled,,2033-02-24T20:35,2033-09-09T14:50,3000000,time_blocks_assumption
JOB-001494-B13,JOB-001494,EVS360-021,IS540,13,14,4.0,2033-03-05T12:20,2033-03-05T16:20,scheduled,,2033-02-24T20:35,2033-09-09T14:50,3000000,time_blocks_assumption
JOB-001494-B14,JOB-001494,EVS360-021,IS540,14,14,4.0,2033-03-06T11:50,2033-03-06T15:50,scheduled,,2033-02-24T20:35,2033-09-09T14:50,3000000,time_blocks_assumption
JOB-001789-B01,JOB-001789,EVS360-025,IS520,1,4,4.0,2033-07-24T01:20,2033-07-24T05:20,scheduled,,2033-07-23T08:50,2033-09-10T09:20,2550000,time_blocks_assumption
JOB-001789-B02,JOB-001789,EVS360-025,IS520,2,4,4.0,2033-07-24T20:50,2033-07-25T00:50,scheduled,,2033-07-23T08:50,2033-09-10T09:20,2550000,time_blocks_assumption
JOB-001789-B03,JOB-001789,EVS360-025,IS520,3,4,4.0,2033-07-25T00:50,2033-07-25T04:50,scheduled,,2033-07-23T08:50,2033-09-10T09:20,2550000,time_blocks_assumption
JOB-001789-B04,JOB-001789,EVS360-025,IS520,4,4,4.0,2033-07-25T04:50,2033-07-25T08:50,scheduled,,2033-07-23T08:50,2033-09-10T09:20,2550000,time_blocks_assumption
JOB-001068-B01,JOB-001068,EVS360-015,IS520,1,4,4.0,2033-07-29T03:20,2033-07-29T07:20,scheduled,,2033-07-28T23:20,2033-09-15T23:50,3450000,time_blocks_assumption
JOB-001068-B02,JOB-001068,EVS360-015,IS520,2,4,4.0,2033-07-29T07:20,2033-07-29T11:20,scheduled,,2033-07-28T23:20,2033-09-15T23:50,3450000,time_blocks_assumption
JOB-001068-B03,JOB-001068,EVS360-015,IS520,3,4,4.0,2033-07-30T08:35,2033-07-30T12:35,scheduled,,2033-07-28T23:20,2033-09-15T23:50,3450000,time_blocks_assumption
JOB-001068-B04,JOB-001068,EVS360-015,IS520,4,4,4.0,2033-07-31T10:10,2033-07-31T14:10,scheduled,,2033-07-28T23:20,2033-09-15T23:50,3450000,time_blocks_assumption
JOB-002572-B01,JOB-002572,EVS360-036,IS540,1,14,4.0,2033-03-04T14:50,2033-03-04T18:50,scheduled,,2033-03-03T12:50,2033-09-16T16:50,1800000,time_blocks_assumption
JOB-002572-B02,JOB-002572,EVS360-036,IS540,2,14,4.0,2033-03-05T20:50,2033-03-06T00:50,scheduled,,2033-03-03T12:50,2033-09-16T16:50,1800000,time_blocks_assumption
JOB-002572-B03,JOB-002572,EVS360-036,IS540,3,14,4.0,2033-03-06T00:50,2033-03-06T04:50,scheduled,,2033-03-03T12:50,2033-09-16T16:50,1800000,time_blocks_assumption
JOB-002572-B04,JOB-002572,EVS360-036,IS540,4,14,4.0,2033-03-06T19:50,2033-03-06T23:50,scheduled,,2033-03-03T12:50,2033-09-16T16:50,1800000,time_blocks_assumption
JOB-002572-B05,JOB-002572,EVS360-036,IS540,5,14,4.0,2033-03-06T23:50,2033-03-07T03:50,scheduled,,2033-03-03T12:50,2033-09-16T16:50,1800000,time_blocks_assumption
JOB-002572-B06,JOB-002572,EVS360-036,IS540,6,14,4.0,2033-03-07T03:50,2033-03-07T07:50,scheduled,,2033-03-03T12:50,2033-09-16T16:50,1800000,time_blocks_assumption
JOB-002572-B07,JOB-002572,EVS360-036,IS540,7,14,4.0,2033-03-08T00:50,2033-03-08T04:50,scheduled,,2033-03-03T12:50,2033-09-16T16:50,1800000,time_blocks_assumption
JOB-002572-B08,JOB-002572,EVS360-036,IS540,8,14,4.0,2033-03-08T04:50,2033-03-08T08:50,scheduled,,2033-03-03T12:50,2033-09-16T16:50,1800000,time_blocks_assumption
JOB-002572-B09,JOB-002572,EVS360-036,IS540,9,14,4.0,2033-03-09T00:50,2033-03-09T04:50,scheduled,,2033-03-03T12:50,2033-09-16T16:50,1800000,time_blocks_assumption
JOB-002572-B10,JOB-002572,EVS360-036,IS540,10,14,4.0,2033-03-09T04:50,2033-03-09T08:50,scheduled,,2033-03-03T12:50,2033-09-16T16:50,1800000,time_blocks_assumption
JOB-002572-B11,JOB-002572,EVS360-036,IS540,11,14,4.0,2033-03-11T09:50,2033-03-11T13:50,scheduled,,2033-03-03T12:50,2033-09-16T16:50,1800000,time_blocks_assumption
JOB-002572-B12,JOB-002572,EVS360-036,IS540,12,14,4.0,2033-03-13T13:20,2033-03-13T17:20,scheduled,,2033-03-03T12:50,2033-09-16T16:50,1800000,time_blocks_assumption
JOB-002572-B13,JOB-002572,EVS360-036,IS540,13,14,4.0,2033-03-14T20:10,2033-03-15T00:10,scheduled,,2033-03-03T12:50,2033-09-16T16:50,1800000,time_blocks_assumption
JOB-002572-B14,JOB-002572,EVS360-036,IS540,14,14,4.0,2033-03-15T00:10,2033-03-15T04:10,scheduled,,2033-03-03T12:50,2033-09-16T16:50,1800000,time_blocks_assumption
JOB-000124-B01,JOB-000124,EVS360-002,IS540,1,14,4.0,2033-03-06T21:50,2033-03-07T01:50,scheduled,,2033-03-06T11:20,2033-09-19T14:50,4200000,time_blocks_assumption
JOB-000124-B02,JOB-000124,EVS360-002,IS540,2,14,4.0,2033-03-07T01:50,2033-03-07T05:50,scheduled,,2033-03-06T11:20,2033-09-19T14:50,4200000,time_blocks_assumption
JOB-000124-B03,JOB-000124,EVS360-002,IS540,3,14,4.0,2033-03-07T05:50,2033-03-07T09:50,scheduled,,2033-03-06T11:20,2033-09-19T14:50,4200000,time_blocks_assumption
JOB-000124-B04,JOB-000124,EVS360-002,IS540,4,14,4.0,2033-03-07T23:20,2033-03-08T03:20,scheduled,,2033-03-06T11:20,2033-09-19T14:50,4200000,time_blocks_assumption
JOB-000124-B05,JOB-000124,EVS360-002,IS540,5,14,4.0,2033-03-08T03:20,2033-03-08T07:20,scheduled,,2033-03-06T11:20,2033-09-19T14:50,4200000,time_blocks_assumption
JOB-000124-B06,JOB-000124,EVS360-002,IS540,6,14,4.0,2033-03-08T07:20,2033-03-08T11:20,scheduled,,2033-03-06T11:20,2033-09-19T14:50,4200000,time_blocks_assumption
JOB-000124-B07,JOB-000124,EVS360-002,IS540,7,14,4.0,2033-03-09T08:35,2033-03-09T12:35,scheduled,,2033-03-06T11:20,2033-09-19T14:50,4200000,time_blocks_assumption
JOB-000124-B08,JOB-000124,EVS360-002,IS540,8,14,4.0,2033-03-10T10:10,2033-03-10T14:10,scheduled,,2033-03-06T11:20,2033-09-19T14:50,4200000,time_blocks_assumption
JOB-000124-B09,JOB-000124,EVS360-002,IS540,9,14,4.0,2033-03-11T14:10,2033-03-11T18:10,scheduled,,2033-03-06T11:20,2033-09-19T14:50,4200000,time_blocks_assumption
JOB-000124-B10,JOB-000124,EVS360-002,IS540,10,14,4.0,2033-03-12T13:50,2033-03-12T17:50,scheduled,,2033-03-06T11:20,2033-09-19T14:50,4200000,time_blocks_assumption
JOB-000124-B11,JOB-000124,EVS360-002,IS540,11,14,4.0,2033-03-13T15:50,2033-03-13T19:50,scheduled,,2033-03-06T11:20,2033-09-19T14:50,4200000,time_blocks_assumption
JOB-000124-B12,JOB-000124,EVS360-002,IS540,12,14,4.0,2033-03-13T19:50,2033-03-13T23:50,scheduled,,2033-03-06T11:20,2033-09-19T14:50,4200000,time_blocks_assumption
JOB-000124-B13,JOB-000124,EVS360-002,IS540,13,14,4.0,2033-03-13T23:50,2033-03-14T03:50,scheduled,,2033-03-06T11:20,2033-09-19T14:50,4200000,time_blocks_assumption
JOB-000124-B14,JOB-000124,EVS360-002,IS540,14,14,4.0,2033-03-14T18:10,2033-03-14T22:10,scheduled,,2033-03-06T11:20,2033-09-19T14:50,4200000,time_blocks_assumption
JOB-000206-B01,JOB-000206,EVS360-003,IS510,1,3,4.0,2033-08-27T19:50,2033-08-27T23:50,scheduled,,2033-08-27T19:50,2033-09-21T10:50,4125000,time_blocks_assumption
JOB-000206-B02,JOB-000206,EVS360-003,IS510,2,3,4.0,2033-08-27T23:50,2033-08-28T03:50,scheduled,,2033-08-27T19:50,2033-09-21T10:50,4125000,time_blocks_assumption
JOB-000206-B03,JOB-000206,EVS360-003,IS510,3,3,2.0,2033-08-28T03:50,2033-08-28T05:50,scheduled,,2033-08-27T19:50,2033-09-21T10:50,4125000,time_blocks_assumption
JOB-000854-B01,JOB-000854,EVS360-012,IS510,1,3,4.0,2033-08-29T08:35,2033-08-29T12:35,scheduled,,2033-08-29T08:35,2033-09-22T16:50,3825000,time_blocks_assumption
JOB-000854-B02,JOB-000854,EVS360-012,IS510,2,3,4.0,2033-08-30T12:10,2033-08-30T16:10,scheduled,,2033-08-29T08:35,2033-09-22T16:50,3825000,time_blocks_assumption
JOB-000854-B03,JOB-000854,EVS360-012,IS510,3,3,2.0,2033-08-31T12:10,2033-08-31T14:10,scheduled,,2033-08-29T08:35,2033-09-22T16:50,3825000,time_blocks_assumption
JOB-002500-B01,JOB-002500,EVS360-035,IS540,1,14,4.0,2033-03-13T12:50,2033-03-13T16:50,scheduled,,2033-03-13T12:50,2033-09-26T16:50,1800000,time_blocks_assumption
JOB-002500-B02,JOB-002500,EVS360-035,IS540,2,14,4.0,2033-03-15T16:50,2033-03-15T20:50,scheduled,,2033-03-13T12:50,2033-09-26T16:50,1800000,time_blocks_assumption
JOB-002500-B03,JOB-002500,EVS360-035,IS540,3,14,4.0,2033-03-15T20:50,2033-03-16T00:50,scheduled,,2033-03-13T12:50,2033-09-26T16:50,1800000,time_blocks_assumption
JOB-002500-B04,JOB-002500,EVS360-035,IS540,4,14,4.0,2033-03-16T00:50,2033-03-16T04:50,scheduled,,2033-03-13T12:50,2033-09-26T16:50,1800000,time_blocks_assumption
JOB-002500-B05,JOB-002500,EVS360-035,IS540,5,14,4.0,2033-03-16T22:20,2033-03-17T02:20,scheduled,,2033-03-13T12:50,2033-09-26T16:50,1800000,time_blocks_assumption
JOB-002500-B06,JOB-002500,EVS360-035,IS540,6,14,4.0,2033-03-17T02:20,2033-03-17T06:20,scheduled,,2033-03-13T12:50,2033-09-26T16:50,1800000,time_blocks_assumption
JOB-002500-B07,JOB-002500,EVS360-035,IS540,7,14,4.0,2033-03-17T21:20,2033-03-18T01:20,scheduled,,2033-03-13T12:50,2033-09-26T16:50,1800000,time_blocks_assumption
JOB-002500-B08,JOB-002500,EVS360-035,IS540,8,14,4.0,2033-03-18T01:20,2033-03-18T05:20,scheduled,,2033-03-13T12:50,2033-09-26T16:50,1800000,time_blocks_assumption
JOB-002500-B09,JOB-002500,EVS360-035,IS540,9,14,4.0,2033-03-18T05:20,2033-03-18T09:20,scheduled,,2033-03-13T12:50,2033-09-26T16:50,1800000,time_blocks_assumption
JOB-002500-B10,JOB-002500,EVS360-035,IS540,10,14,4.0,2033-03-19T03:20,2033-03-19T07:20,scheduled,,2033-03-13T12:50,2033-09-26T16:50,1800000,time_blocks_assumption
JOB-002500-B11,JOB-002500,EVS360-035,IS540,11,14,4.0,2033-03-19T07:20,2033-03-19T11:20,scheduled,,2033-03-13T12:50,2033-09-26T16:50,1800000,time_blocks_assumption
JOB-002500-B12,JOB-002500,EVS360-035,IS540,12,14,4.0,2033-03-20T08:10,2033-03-20T12:10,scheduled,,2033-03-13T12:50,2033-09-26T16:50,1800000,time_blocks_assumption
JOB-002500-B13,JOB-002500,EVS360-035,IS540,13,14,4.0,2033-03-22T11:50,2033-03-22T15:50,scheduled,,2033-03-13T12:50,2033-09-26T16:50,1800000,time_blocks_assumption
JOB-002500-B14,JOB-002500,EVS360-035,IS540,14,14,4.0,2033-03-24T15:20,2033-03-24T19:20,scheduled,,2033-03-13T12:50,2033-09-26T16:50,1800000,time_blocks_assumption
JOB-000568-B01,JOB-000568,EVS360-008,IS510,1,3,4.0,2033-09-03T15:50,2033-09-03T19:50,scheduled,,2033-09-03T15:50,2033-09-28T08:10,4125000,time_blocks_assumption
JOB-000568-B02,JOB-000568,EVS360-008,IS510,2,3,4.0,2033-09-03T19:50,2033-09-03T23:50,scheduled,,2033-09-03T15:50,2033-09-28T08:10,4125000,time_blocks_assumption
JOB-000568-B03,JOB-000568,EVS360-008,IS510,3,3,2.0,2033-09-03T23:50,2033-09-04T01:50,scheduled,,2033-09-03T15:50,2033-09-28T08:10,4125000,time_blocks_assumption
JOB-002148-B01,JOB-002148,EVS360-030,IS520,1,4,4.0,2033-08-09T19:50,2033-08-09T23:50,scheduled,,2033-08-09T15:50,2033-09-28T08:50,2250000,time_blocks_assumption
JOB-002148-B02,JOB-002148,EVS360-030,IS520,2,4,4.0,2033-08-09T23:50,2033-08-10T03:50,scheduled,,2033-08-09T15:50,2033-09-28T08:50,2250000,time_blocks_assumption
JOB-002148-B03,JOB-002148,EVS360-030,IS520,3,4,4.0,2033-08-10T22:20,2033-08-11T02:20,scheduled,,2033-08-09T15:50,2033-09-28T08:50,2250000,time_blocks_assumption
JOB-002148-B04,JOB-002148,EVS360-030,IS520,4,4,4.0,2033-08-11T02:20,2033-08-11T06:20,scheduled,,2033-08-09T15:50,2033-09-28T08:50,2250000,time_blocks_assumption
JOB-002802-B01,JOB-002802,EVS360-039,IS510,1,3,4.0,2033-09-05T17:50,2033-09-05T21:50,scheduled,,2033-09-04T13:50,2033-09-28T22:50,1725000,time_blocks_assumption
JOB-002802-B02,JOB-002802,EVS360-039,IS510,2,3,4.0,2033-09-05T21:50,2033-09-06T01:50,scheduled,,2033-09-04T13:50,2033-09-28T22:50,1725000,time_blocks_assumption
JOB-002802-B03,JOB-002802,EVS360-039,IS510,3,3,2.0,2033-09-06T01:50,2033-09-06T03:50,scheduled,,2033-09-04T13:50,2033-09-28T22:50,1725000,time_blocks_assumption
JOB-000711-B01,JOB-000711,EVS360-010,IS510,1,3,4.0,2033-09-04T19:50,2033-09-04T23:50,scheduled,,2033-09-04T19:50,2033-09-29T10:50,3975000,time_blocks_assumption
JOB-000711-B02,JOB-000711,EVS360-010,IS510,2,3,4.0,2033-09-04T23:50,2033-09-05T03:50,scheduled,,2033-09-04T19:50,2033-09-29T10:50,3975000,time_blocks_assumption
JOB-000711-B03,JOB-000711,EVS360-010,IS510,3,3,2.0,2033-09-05T03:50,2033-09-05T05:50,scheduled,,2033-09-04T19:50,2033-09-29T10:50,3975000,time_blocks_assumption
JOB-002288-B01,JOB-002288,EVS360-032,IS530,1,9,4.0,2033-06-22T21:20,2033-06-23T01:20,scheduled,,2033-06-22T18:50,2033-09-29T11:20,2100000,time_blocks_assumption
JOB-002288-B02,JOB-002288,EVS360-032,IS530,2,9,4.0,2033-06-23T01:20,2033-06-23T05:20,scheduled,,2033-06-22T18:50,2033-09-29T11:20,2100000,time_blocks_assumption
JOB-002288-B03,JOB-002288,EVS360-032,IS530,3,9,4.0,2033-06-23T20:50,2033-06-24T00:50,scheduled,,2033-06-22T18:50,2033-09-29T11:20,2100000,time_blocks_assumption
JOB-002288-B04,JOB-002288,EVS360-032,IS530,4,9,4.0,2033-06-24T00:50,2033-06-24T04:50,scheduled,,2033-06-22T18:50,2033-09-29T11:20,2100000,time_blocks_assumption
JOB-002288-B05,JOB-002288,EVS360-032,IS530,5,9,4.0,2033-06-24T04:50,2033-06-24T08:50,scheduled,,2033-06-22T18:50,2033-09-29T11:20,2100000,time_blocks_assumption
JOB-002288-B06,JOB-002288,EVS360-032,IS530,6,9,4.0,2033-06-25T03:20,2033-06-25T07:20,scheduled,,2033-06-22T18:50,2033-09-29T11:20,2100000,time_blocks_assumption
JOB-002288-B07,JOB-002288,EVS360-032,IS530,7,9,4.0,2033-06-25T07:20,2033-06-25T11:20,scheduled,,2033-06-22T18:50,2033-09-29T11:20,2100000,time_blocks_assumption
JOB-002288-B08,JOB-002288,EVS360-032,IS530,8,9,4.0,2033-06-26T00:10,2033-06-26T04:10,scheduled,,2033-06-22T18:50,2033-09-29T11:20,2100000,time_blocks_assumption
JOB-002288-B09,JOB-002288,EVS360-032,IS530,9,9,4.0,2033-06-26T04:10,2033-06-26T08:10,scheduled,,2033-06-22T18:50,2033-09-29T11:20,2100000,time_blocks_assumption
JOB-001141-B01,JOB-001141,EVS360-016,IS520,1,4,4.0,2033-08-12T14:50,2033-08-12T18:50,scheduled,,2033-08-11T12:50,2033-09-29T13:20,3450000,time_blocks_assumption
JOB-001141-B02,JOB-001141,EVS360-016,IS520,2,4,4.0,2033-08-13T16:50,2033-08-13T20:50,scheduled,,2033-08-11T12:50,2033-09-29T13:20,3450000,time_blocks_assumption
JOB-001141-B03,JOB-001141,EVS360-016,IS520,3,4,4.0,2033-08-13T20:50,2033-08-14T00:50,scheduled,,2033-08-11T12:50,2033-09-29T13:20,3450000,time_blocks_assumption
JOB-001141-B04,JOB-001141,EVS360-016,IS520,4,4,4.0,2033-08-14T00:50,2033-08-14T04:50,scheduled,,2033-08-11T12:50,2033-09-29T13:20,3450000,time_blocks_assumption
JOB-002007-B01,JOB-002007,EVS360-028,IS510,1,3,4.0,2033-09-07T16:10,2033-09-07T20:10,scheduled,,2033-09-05T20:10,2033-09-30T11:20,2475000,time_blocks_assumption
JOB-002007-B02,JOB-002007,EVS360-028,IS510,2,3,4.0,2033-09-08T16:10,2033-09-08T20:10,scheduled,,2033-09-05T20:10,2033-09-30T11:20,2475000,time_blocks_assumption
JOB-002007-B03,JOB-002007,EVS360-028,IS510,3,3,2.0,2033-09-08T20:10,2033-09-08T22:10,scheduled,,2033-09-05T20:10,2033-09-30T11:20,2475000,time_blocks_assumption
JOB-000053-B01,JOB-000053,EVS360-001,IS540,1,14,4.0,2033-03-19T08:35,2033-03-19T12:35,scheduled,,2033-03-19T08:35,2033-10-02T12:10,4200000,time_blocks_assumption
JOB-000053-B02,JOB-000053,EVS360-001,IS540,2,14,4.0,2033-03-20T10:10,2033-03-20T14:10,scheduled,,2033-03-19T08:35,2033-10-02T12:10,4200000,time_blocks_assumption
JOB-000053-B03,JOB-000053,EVS360-001,IS540,3,14,4.0,2033-03-21T12:10,2033-03-21T16:10,scheduled,,2033-03-19T08:35,2033-10-02T12:10,4200000,time_blocks_assumption
JOB-000053-B04,JOB-000053,EVS360-001,IS540,4,14,4.0,2033-03-22T13:50,2033-03-22T17:50,scheduled,,2033-03-19T08:35,2033-10-02T12:10,4200000,time_blocks_assumption
JOB-000053-B05,JOB-000053,EVS360-001,IS540,5,14,4.0,2033-03-23T15:50,2033-03-23T19:50,scheduled,,2033-03-19T08:35,2033-10-02T12:10,4200000,time_blocks_assumption
JOB-000053-B06,JOB-000053,EVS360-001,IS540,6,14,4.0,2033-03-23T19:50,2033-03-23T23:50,scheduled,,2033-03-19T08:35,2033-10-02T12:10,4200000,time_blocks_assumption
JOB-000053-B07,JOB-000053,EVS360-001,IS540,7,14,4.0,2033-03-23T23:50,2033-03-24T03:50,scheduled,,2033-03-19T08:35,2033-10-02T12:10,4200000,time_blocks_assumption
JOB-000053-B08,JOB-000053,EVS360-001,IS540,8,14,4.0,2033-03-24T20:10,2033-03-25T00:10,scheduled,,2033-03-19T08:35,2033-10-02T12:10,4200000,time_blocks_assumption
JOB-000053-B09,JOB-000053,EVS360-001,IS540,9,14,4.0,2033-03-25T00:10,2033-03-25T04:10,scheduled,,2033-03-19T08:35,2033-10-02T12:10,4200000,time_blocks_assumption
JOB-000053-B10,JOB-000053,EVS360-001,IS540,10,14,4.0,2033-03-25T20:35,2033-03-26T00:35,scheduled,,2033-03-19T08:35,2033-10-02T12:10,4200000,time_blocks_assumption
JOB-000053-B11,JOB-000053,EVS360-001,IS540,11,14,4.0,2033-03-26T00:35,2033-03-26T04:35,scheduled,,2033-03-19T08:35,2033-10-02T12:10,4200000,time_blocks_assumption
JOB-000053-B12,JOB-000053,EVS360-001,IS540,12,14,4.0,2033-03-26T04:35,2033-03-26T08:35,scheduled,,2033-03-19T08:35,2033-10-02T12:10,4200000,time_blocks_assumption
JOB-000053-B13,JOB-000053,EVS360-001,IS540,13,14,4.0,2033-03-26T22:10,2033-03-27T02:10,scheduled,,2033-03-19T08:35,2033-10-02T12:10,4200000,time_blocks_assumption
JOB-000053-B14,JOB-000053,EVS360-001,IS540,14,14,4.0,2033-03-27T02:10,2033-03-27T06:10,scheduled,,2033-03-19T08:35,2033-10-02T12:10,4200000,time_blocks_assumption
JOB-001717-B01,JOB-001717,EVS360-024,IS530,1,9,4.0,2033-06-28T00:10,2033-06-28T04:10,scheduled,,2033-06-28T00:10,2033-10-04T17:20,2700000,time_blocks_assumption
JOB-001717-B02,JOB-001717,EVS360-024,IS530,2,9,4.0,2033-06-28T04:10,2033-06-28T08:10,scheduled,,2033-06-28T00:10,2033-10-04T17:20,2700000,time_blocks_assumption
JOB-001717-B03,JOB-001717,EVS360-024,IS530,3,9,4.0,2033-06-28T08:10,2033-06-28T12:10,scheduled,,2033-06-28T00:10,2033-10-04T17:20,2700000,time_blocks_assumption
JOB-001717-B04,JOB-001717,EVS360-024,IS530,4,9,4.0,2033-06-29T11:50,2033-06-29T15:50,scheduled,,2033-06-28T00:10,2033-10-04T17:20,2700000,time_blocks_assumption
JOB-001717-B05,JOB-001717,EVS360-024,IS530,5,9,4.0,2033-06-30T11:20,2033-06-30T15:20,scheduled,,2033-06-28T00:10,2033-10-04T17:20,2700000,time_blocks_assumption
JOB-001717-B06,JOB-001717,EVS360-024,IS530,6,9,4.0,2033-07-01T15:20,2033-07-01T19:20,scheduled,,2033-06-28T00:10,2033-10-04T17:20,2700000,time_blocks_assumption
JOB-001717-B07,JOB-001717,EVS360-024,IS530,7,9,4.0,2033-07-03T19:20,2033-07-03T23:20,scheduled,,2033-06-28T00:10,2033-10-04T17:20,2700000,time_blocks_assumption
JOB-001717-B08,JOB-001717,EVS360-024,IS530,8,9,4.0,2033-07-03T23:20,2033-07-04T03:20,scheduled,,2033-06-28T00:10,2033-10-04T17:20,2700000,time_blocks_assumption
JOB-001717-B09,JOB-001717,EVS360-024,IS530,9,9,4.0,2033-07-04T19:50,2033-07-04T23:50,scheduled,,2033-06-28T00:10,2033-10-04T17:20,2700000,time_blocks_assumption
JOB-000496-B01,JOB-000496,EVS360-007,IS520,1,4,4.0,2033-08-22T11:20,2033-08-22T15:20,scheduled,,2033-08-21T09:20,2033-10-09T09:50,4050000,time_blocks_assumption
JOB-000496-B02,JOB-000496,EVS360-007,IS520,2,4,4.0,2033-08-23T12:50,2033-08-23T16:50,scheduled,,2033-08-21T09:20,2033-10-09T09:50,4050000,time_blocks_assumption
JOB-000496-B03,JOB-000496,EVS360-007,IS520,3,4,4.0,2033-08-24T14:50,2033-08-24T18:50,scheduled,,2033-08-21T09:20,2033-10-09T09:50,4050000,time_blocks_assumption
JOB-000496-B04,JOB-000496,EVS360-007,IS520,4,4,4.0,2033-08-25T16:50,2033-08-25T20:50,scheduled,,2033-08-21T09:20,2033-10-09T09:50,4050000,time_blocks_assumption
JOB-001861-B01,JOB-001861,EVS360-026,IS530,1,9,4.0,2033-07-03T21:10,2033-07-04T01:10,scheduled,,2033-07-03T08:35,2033-10-09T19:50,2700000,time_blocks_assumption
JOB-001861-B02,JOB-001861,EVS360-026,IS530,2,9,4.0,2033-07-04T01:10,2033-07-04T05:10,scheduled,,2033-07-03T08:35,2033-10-09T19:50,2700000,time_blocks_assumption
JOB-001861-B03,JOB-001861,EVS360-026,IS530,3,9,4.0,2033-07-04T20:35,2033-07-05T00:35,scheduled,,2033-07-03T08:35,2033-10-09T19:50,2700000,time_blocks_assumption
JOB-001861-B04,JOB-001861,EVS360-026,IS530,4,9,4.0,2033-07-05T00:35,2033-07-05T04:35,scheduled,,2033-07-03T08:35,2033-10-09T19:50,2700000,time_blocks_assumption
JOB-001861-B05,JOB-001861,EVS360-026,IS530,5,9,4.0,2033-07-05T04:35,2033-07-05T08:35,scheduled,,2033-07-03T08:35,2033-10-09T19:50,2700000,time_blocks_assumption
JOB-001861-B06,JOB-001861,EVS360-026,IS530,6,9,4.0,2033-07-06T01:35,2033-07-06T05:35,scheduled,,2033-07-03T08:35,2033-10-09T19:50,2700000,time_blocks_assumption
JOB-001861-B07,JOB-001861,EVS360-026,IS530,7,9,4.0,2033-07-06T05:35,2033-07-06T09:35,scheduled,,2033-07-03T08:35,2033-10-09T19:50,2700000,time_blocks_assumption
JOB-001861-B08,JOB-001861,EVS360-026,IS530,8,9,4.0,2033-07-07T03:50,2033-07-07T07:50,scheduled,,2033-07-03T08:35,2033-10-09T19:50,2700000,time_blocks_assumption
JOB-001861-B09,JOB-001861,EVS360-026,IS530,9,9,4.0,2033-07-07T07:50,2033-07-07T11:50,scheduled,,2033-07-03T08:35,2033-10-09T19:50,2700000,time_blocks_assumption
JOB-002079-B01,JOB-002079,EVS360-029,IS510,1,3,4.0,2033-09-16T15:20,2033-09-16T19:20,scheduled,,2033-09-15T11:50,2033-10-09T20:50,2325000,time_blocks_assumption
JOB-002079-B02,JOB-002079,EVS360-029,IS510,2,3,4.0,2033-09-17T15:20,2033-09-17T19:20,scheduled,,2033-09-15T11:50,2033-10-09T20:50,2325000,time_blocks_assumption
JOB-002079-B03,JOB-002079,EVS360-029,IS510,3,3,2.0,2033-09-17T19:20,2033-09-17T21:20,scheduled,,2033-09-15T11:50,2033-10-09T20:50,2325000,time_blocks_assumption
JOB-000785-B01,JOB-000785,EVS360-011,IS510,1,3,4.0,2033-09-20T12:35,2033-09-20T16:35,scheduled,,2033-09-20T12:35,2033-10-14T21:50,3675000,time_blocks_assumption
JOB-000785-B02,JOB-000785,EVS360-011,IS510,2,3,4.0,2033-09-21T16:10,2033-09-21T20:10,scheduled,,2033-09-20T12:35,2033-10-14T21:50,3675000,time_blocks_assumption
JOB-000785-B03,JOB-000785,EVS360-011,IS510,3,3,2.0,2033-09-22T16:10,2033-09-22T18:10,scheduled,,2033-09-20T12:35,2033-10-14T21:50,3675000,time_blocks_assumption
JOB-002223-B01,JOB-002223,EVS360-031,IS510,1,3,4.0,2033-09-23T09:20,2033-09-23T13:20,scheduled,,2033-09-23T09:20,2033-10-17T18:10,2325000,time_blocks_assumption
JOB-002223-B02,JOB-002223,EVS360-031,IS510,2,3,4.0,2033-09-25T12:50,2033-09-25T16:50,scheduled,,2033-09-23T09:20,2033-10-17T18:10,2325000,time_blocks_assumption
JOB-002223-B03,JOB-002223,EVS360-031,IS510,3,3,2.0,2033-09-25T16:50,2033-09-25T18:50,scheduled,,2033-09-23T09:20,2033-10-17T18:10,2325000,time_blocks_assumption
JOB-001001-B01,JOB-001001,EVS360-014,IS510,1,3,4.0,2033-09-23T22:35,2033-09-24T02:35,scheduled,,2033-09-23T09:50,2033-10-17T19:20,3525000,time_blocks_assumption
JOB-001001-B02,JOB-001001,EVS360-014,IS510,2,3,4.0,2033-09-24T02:35,2033-09-24T06:35,scheduled,,2033-09-23T09:50,2033-10-17T19:20,3525000,time_blocks_assumption
JOB-001001-B03,JOB-001001,EVS360-014,IS510,3,3,2.0,2033-09-24T06:35,2033-09-24T08:35,scheduled,,2033-09-23T09:50,2033-10-17T19:20,3525000,time_blocks_assumption
JOB-002294-B01,JOB-002294,EVS360-032,IS510,1,3,4.0,2033-09-29T23:50,2033-09-30T03:50,scheduled,,2033-09-29T11:20,2033-10-23T20:35,2175000,time_blocks_assumption
JOB-002294-B02,JOB-002294,EVS360-032,IS510,2,3,4.0,2033-09-30T03:50,2033-09-30T07:50,scheduled,,2033-09-29T11:20,2033-10-23T20:35,2175000,time_blocks_assumption
JOB-002294-B03,JOB-002294,EVS360-032,IS510,3,3,2.0,2033-09-30T07:50,2033-09-30T09:50,scheduled,,2033-09-29T11:20,2033-10-23T20:35,2175000,time_blocks_assumption
JOB-001217-B01,JOB-001217,EVS360-017,IS510,1,3,4.0,2033-09-30T15:50,2033-09-30T19:50,scheduled,,2033-09-30T15:50,2033-10-25T08:10,3225000,time_blocks_assumption
JOB-001217-B02,JOB-001217,EVS360-017,IS510,2,3,4.0,2033-09-30T19:50,2033-09-30T23:50,scheduled,,2033-09-30T15:50,2033-10-25T08:10,3225000,time_blocks_assumption
JOB-001217-B03,JOB-001217,EVS360-017,IS510,3,3,2.0,2033-09-30T23:50,2033-10-01T01:50,scheduled,,2033-09-30T15:50,2033-10-25T08:10,3225000,time_blocks_assumption
JOB-001506-B01,JOB-001506,EVS360-021,IS520,1,4,4.0,2033-09-10T19:20,2033-09-10T23:20,scheduled,,2033-09-09T14:50,2033-10-29T08:10,3150000,time_blocks_assumption
JOB-001506-B02,JOB-001506,EVS360-021,IS520,2,4,4.0,2033-09-10T23:20,2033-09-11T03:20,scheduled,,2033-09-09T14:50,2033-10-29T08:10,3150000,time_blocks_assumption
JOB-001506-B03,JOB-001506,EVS360-021,IS520,3,4,4.0,2033-09-11T19:50,2033-09-11T23:50,scheduled,,2033-09-09T14:50,2033-10-29T08:10,3150000,time_blocks_assumption
JOB-001506-B04,JOB-001506,EVS360-021,IS520,4,4,4.0,2033-09-11T23:50,2033-09-12T03:50,scheduled,,2033-09-09T14:50,2033-10-29T08:10,3150000,time_blocks_assumption
JOB-001723-B01,JOB-001723,EVS360-024,IS510,1,3,4.0,2033-10-06T12:10,2033-10-06T16:10,scheduled,,2033-10-04T17:20,2033-10-29T09:20,2775000,time_blocks_assumption
JOB-001723-B02,JOB-001723,EVS360-024,IS510,2,3,4.0,2033-10-07T16:20,2033-10-07T20:20,scheduled,,2033-10-04T17:20,2033-10-29T09:20,2775000,time_blocks_assumption
JOB-001723-B03,JOB-001723,EVS360-024,IS510,3,3,2.0,2033-10-08T15:50,2033-10-08T17:50,scheduled,,2033-10-04T17:20,2033-10-29T09:20,2775000,time_blocks_assumption
JOB-001795-B01,JOB-001795,EVS360-025,IS510,1,3,4.0,2033-10-05T13:20,2033-10-05T17:20,scheduled,,2033-10-04T18:10,2033-10-29T09:35,2625000,time_blocks_assumption
JOB-001795-B02,JOB-001795,EVS360-025,IS510,2,3,4.0,2033-10-06T14:35,2033-10-06T18:35,scheduled,,2033-10-04T18:10,2033-10-29T09:35,2625000,time_blocks_assumption
JOB-001795-B03,JOB-001795,EVS360-025,IS510,3,3,2.0,2033-10-07T17:35,2033-10-07T19:35,scheduled,,2033-10-04T18:10,2033-10-29T09:35,2625000,time_blocks_assumption
JOB-001867-B01,JOB-001867,EVS360-026,IS510,1,3,4.0,2033-10-09T19:50,2033-10-09T23:50,scheduled,,2033-10-09T19:50,2033-11-03T10:50,2775000,time_blocks_assumption
JOB-001867-B02,JOB-001867,EVS360-026,IS510,2,3,4.0,2033-10-09T23:50,2033-10-10T03:50,scheduled,,2033-10-09T19:50,2033-11-03T10:50,2775000,time_blocks_assumption
JOB-001867-B03,JOB-001867,EVS360-026,IS510,3,3,2.0,2033-10-10T03:50,2033-10-10T05:50,scheduled,,2033-10-09T19:50,2033-11-03T10:50,2775000,time_blocks_assumption
JOB-001074-B01,JOB-001074,EVS360-015,IS510,1,3,4.0,2033-10-10T15:20,2033-10-10T19:20,scheduled,,2033-10-10T15:20,2033-11-04T00:10,3525000,time_blocks_assumption
JOB-001074-B02,JOB-001074,EVS360-015,IS510,2,3,4.0,2033-10-10T19:20,2033-10-10T23:20,scheduled,,2033-10-10T15:20,2033-11-04T00:10,3525000,time_blocks_assumption
JOB-001074-B03,JOB-001074,EVS360-015,IS510,3,3,2.0,2033-10-10T23:20,2033-10-11T01:20,scheduled,,2033-10-10T15:20,2033-11-04T00:10,3525000,time_blocks_assumption
JOB-002584-B01,JOB-002584,EVS360-036,IS520,1,4,4.0,2033-09-16T20:50,2033-09-17T00:50,scheduled,,2033-09-16T16:50,2033-11-04T17:20,1950000,time_blocks_assumption
JOB-002584-B02,JOB-002584,EVS360-036,IS520,2,4,4.0,2033-09-17T00:50,2033-09-17T04:50,scheduled,,2033-09-16T16:50,2033-11-04T17:20,1950000,time_blocks_assumption
JOB-002584-B03,JOB-002584,EVS360-036,IS520,3,4,4.0,2033-09-17T22:20,2033-09-18T02:20,scheduled,,2033-09-16T16:50,2033-11-04T17:20,1950000,time_blocks_assumption
JOB-002584-B04,JOB-002584,EVS360-036,IS520,4,4,4.0,2033-09-18T02:20,2033-09-18T06:20,scheduled,,2033-09-16T16:50,2033-11-04T17:20,1950000,time_blocks_assumption
JOB-000427-B01,JOB-000427,EVS360-006,IS510,1,3,4.0,2033-10-11T12:50,2033-10-11T16:50,scheduled,,2033-10-10T20:35,2033-11-04T22:10,4275000,time_blocks_assumption
JOB-000427-B02,JOB-000427,EVS360-006,IS510,2,3,4.0,2033-10-12T16:50,2033-10-12T20:50,scheduled,,2033-10-10T20:35,2033-11-04T22:10,4275000,time_blocks_assumption
JOB-000427-B03,JOB-000427,EVS360-006,IS510,3,3,2.0,2033-10-13T16:50,2033-10-13T18:50,scheduled,,2033-10-10T20:35,2033-11-04T22:10,4275000,time_blocks_assumption
JOB-000929-B01,JOB-000929,EVS360-013,IS520,1,4,4.0,2033-09-18T09:50,2033-09-18T13:50,scheduled,,2033-09-17T08:10,2033-11-05T08:35,3750000,time_blocks_assumption
JOB-000929-B02,JOB-000929,EVS360-013,IS520,2,4,4.0,2033-09-19T11:50,2033-09-19T15:50,scheduled,,2033-09-17T08:10,2033-11-05T08:35,3750000,time_blocks_assumption
JOB-000929-B03,JOB-000929,EVS360-013,IS520,3,4,4.0,2033-09-20T13:20,2033-09-20T17:20,scheduled,,2033-09-17T08:10,2033-11-05T08:35,3750000,time_blocks_assumption
JOB-000929-B04,JOB-000929,EVS360-013,IS520,4,4,4.0,2033-09-21T15:20,2033-09-21T19:20,scheduled,,2033-09-17T08:10,2033-11-05T08:35,3750000,time_blocks_assumption
JOB-002367-B01,JOB-002367,EVS360-033,IS520,1,4,4.0,2033-09-19T00:10,2033-09-19T04:10,scheduled,,2033-09-18T20:10,2033-11-07T11:50,2250000,time_blocks_assumption
JOB-002367-B02,JOB-002367,EVS360-033,IS520,2,4,4.0,2033-09-19T04:10,2033-09-19T08:10,scheduled,,2033-09-18T20:10,2033-11-07T11:50,2250000,time_blocks_assumption
JOB-002367-B03,JOB-002367,EVS360-033,IS520,3,4,4.0,2033-09-20T00:50,2033-09-20T04:50,scheduled,,2033-09-18T20:10,2033-11-07T11:50,2250000,time_blocks_assumption
JOB-002367-B04,JOB-002367,EVS360-033,IS520,4,4,4.0,2033-09-20T04:50,2033-09-20T08:50,scheduled,,2033-09-18T20:10,2033-11-07T11:50,2250000,time_blocks_assumption
JOB-000136-B01,JOB-000136,EVS360-002,IS520,1,4,4.0,2033-09-21T10:10,2033-09-21T14:10,scheduled,,2033-09-19T14:50,2033-11-07T15:20,4350000,time_blocks_assumption
JOB-000136-B02,JOB-000136,EVS360-002,IS520,2,4,4.0,2033-09-22T12:10,2033-09-22T16:10,scheduled,,2033-09-19T14:50,2033-11-07T15:20,4350000,time_blocks_assumption
JOB-000136-B03,JOB-000136,EVS360-002,IS520,3,4,4.0,2033-09-23T13:50,2033-09-23T17:50,scheduled,,2033-09-19T14:50,2033-11-07T15:20,4350000,time_blocks_assumption
JOB-000136-B04,JOB-000136,EVS360-002,IS520,4,4,4.0,2033-09-24T15:50,2033-09-24T19:50,scheduled,,2033-09-19T14:50,2033-11-07T15:20,4350000,time_blocks_assumption
JOB-000282-B01,JOB-000282,EVS360-004,IS520,1,4,4.0,2033-09-23T14:50,2033-09-23T18:50,scheduled,,2033-09-22T12:50,2033-11-10T13:20,4050000,time_blocks_assumption
JOB-000282-B02,JOB-000282,EVS360-004,IS520,2,4,4.0,2033-09-24T16:50,2033-09-24T20:50,scheduled,,2033-09-22T12:50,2033-11-10T13:20,4050000,time_blocks_assumption
JOB-000282-B03,JOB-000282,EVS360-004,IS520,3,4,4.0,2033-09-24T20:50,2033-09-25T00:50,scheduled,,2033-09-22T12:50,2033-11-10T13:20,4050000,time_blocks_assumption
JOB-000282-B04,JOB-000282,EVS360-004,IS520,4,4,4.0,2033-09-25T00:50,2033-09-25T04:50,scheduled,,2033-09-22T12:50,2033-11-10T13:20,4050000,time_blocks_assumption
JOB-002512-B01,JOB-002512,EVS360-035,IS520,1,4,4.0,2033-09-26T23:20,2033-09-27T03:20,scheduled,,2033-09-26T16:50,2033-11-14T17:20,1950000,time_blocks_assumption
JOB-002512-B02,JOB-002512,EVS360-035,IS520,2,4,4.0,2033-09-27T19:50,2033-09-27T23:50,scheduled,,2033-09-26T16:50,2033-11-14T17:20,1950000,time_blocks_assumption
JOB-002512-B03,JOB-002512,EVS360-035,IS520,3,4,4.0,2033-09-27T23:50,2033-09-28T03:50,scheduled,,2033-09-26T16:50,2033-11-14T17:20,1950000,time_blocks_assumption
JOB-002512-B04,JOB-002512,EVS360-035,IS520,4,4,4.0,2033-09-28T03:50,2033-09-28T07:50,scheduled,,2033-09-26T16:50,2033-11-14T17:20,1950000,time_blocks_assumption
JOB-002154-B01,JOB-002154,EVS360-030,IS510,1,3,4.0,2033-10-24T14:10,2033-10-24T18:10,scheduled,,2033-10-22T17:20,2033-11-16T09:20,2325000,time_blocks_assumption
JOB-002154-B02,JOB-002154,EVS360-030,IS510,2,3,4.0,2033-10-26T15:50,2033-10-26T19:50,scheduled,,2033-10-22T17:20,2033-11-16T09:20,2325000,time_blocks_assumption
JOB-002154-B03,JOB-002154,EVS360-030,IS510,3,3,2.0,2033-10-26T19:50,2033-10-26T21:50,scheduled,,2033-10-22T17:20,2033-11-16T09:20,2325000,time_blocks_assumption
JOB-001360-B01,JOB-001360,EVS360-019,IS530,1,9,4.0,2033-08-10T12:35,2033-08-10T16:35,scheduled,,2033-08-09T20:10,2033-11-16T13:20,3300000,time_blocks_assumption
JOB-001360-B02,JOB-001360,EVS360-019,IS530,2,9,4.0,2033-08-11T14:10,2033-08-11T18:10,scheduled,,2033-08-09T20:10,2033-11-16T13:20,3300000,time_blocks_assumption
JOB-001360-B03,JOB-001360,EVS360-019,IS530,3,9,4.0,2033-08-12T16:10,2033-08-12T20:10,scheduled,,2033-08-09T20:10,2033-11-16T13:20,3300000,time_blocks_assumption
JOB-001360-B04,JOB-001360,EVS360-019,IS530,4,9,4.0,2033-08-12T20:10,2033-08-13T00:10,scheduled,,2033-08-09T20:10,2033-11-16T13:20,3300000,time_blocks_assumption
JOB-001360-B05,JOB-001360,EVS360-019,IS530,5,9,4.0,2033-08-13T00:10,2033-08-13T04:10,scheduled,,2033-08-09T20:10,2033-11-16T13:20,3300000,time_blocks_assumption
JOB-001360-B06,JOB-001360,EVS360-019,IS530,6,9,4.0,2033-08-13T22:50,2033-08-14T02:50,scheduled,,2033-08-09T20:10,2033-11-16T13:20,3300000,time_blocks_assumption
JOB-001360-B07,JOB-001360,EVS360-019,IS530,7,9,4.0,2033-08-14T02:50,2033-08-14T06:50,scheduled,,2033-08-09T20:10,2033-11-16T13:20,3300000,time_blocks_assumption
JOB-001360-B08,JOB-001360,EVS360-019,IS530,8,9,4.0,2033-08-14T20:50,2033-08-15T00:50,scheduled,,2033-08-09T20:10,2033-11-16T13:20,3300000,time_blocks_assumption
JOB-001360-B09,JOB-001360,EVS360-019,IS530,9,9,4.0,2033-08-15T00:50,2033-08-15T04:50,scheduled,,2033-08-09T20:10,2033-11-16T13:20,3300000,time_blocks_assumption
JOB-001147-B01,JOB-001147,EVS360-016,IS510,1,3,4.0,2033-10-23T22:35,2033-10-24T02:35,scheduled,,2033-10-23T22:35,2033-11-17T13:50,3525000,time_blocks_assumption
JOB-001147-B02,JOB-001147,EVS360-016,IS510,2,3,4.0,2033-10-24T02:35,2033-10-24T06:35,scheduled,,2033-10-23T22:35,2033-11-17T13:50,3525000,time_blocks_assumption
JOB-001147-B03,JOB-001147,EVS360-016,IS510,3,3,2.0,2033-10-24T06:35,2033-10-24T08:35,scheduled,,2033-10-23T22:35,2033-11-17T13:50,3525000,time_blocks_assumption
JOB-000065-B01,JOB-000065,EVS360-001,IS520,1,4,4.0,2033-10-03T13:50,2033-10-03T17:50,scheduled,,2033-10-02T12:10,2033-11-20T12:35,4350000,time_blocks_assumption
JOB-000065-B02,JOB-000065,EVS360-001,IS520,2,4,4.0,2033-10-04T15:50,2033-10-04T19:50,scheduled,,2033-10-02T12:10,2033-11-20T12:35,4350000,time_blocks_assumption
JOB-000065-B03,JOB-000065,EVS360-001,IS520,3,4,4.0,2033-10-04T19:50,2033-10-04T23:50,scheduled,,2033-10-02T12:10,2033-11-20T12:35,4350000,time_blocks_assumption
JOB-000065-B04,JOB-000065,EVS360-001,IS520,4,4,4.0,2033-10-04T23:50,2033-10-05T03:50,scheduled,,2033-10-02T12:10,2033-11-20T12:35,4350000,time_blocks_assumption
JOB-002734-B01,JOB-002734,EVS360-038,IS510,1,3,4.0,2033-10-27T22:10,2033-10-28T02:10,scheduled,,2033-10-27T22:10,2033-11-21T13:20,1875000,time_blocks_assumption
JOB-002734-B02,JOB-002734,EVS360-038,IS510,2,3,4.0,2033-10-28T02:10,2033-10-28T06:10,scheduled,,2033-10-27T22:10,2033-11-21T13:20,1875000,time_blocks_assumption
JOB-002734-B03,JOB-002734,EVS360-038,IS510,3,3,2.0,2033-10-28T06:10,2033-10-28T08:10,scheduled,,2033-10-27T22:10,2033-11-21T13:20,1875000,time_blocks_assumption
JOB-001582-B01,JOB-001582,EVS360-022,IS510,1,3,4.0,2033-10-30T22:35,2033-10-31T02:35,scheduled,,2033-10-30T09:50,2033-11-23T19:20,3075000,time_blocks_assumption
JOB-001582-B02,JOB-001582,EVS360-022,IS510,2,3,4.0,2033-10-31T02:35,2033-10-31T06:35,scheduled,,2033-10-30T09:50,2033-11-23T19:20,3075000,time_blocks_assumption
JOB-001582-B03,JOB-001582,EVS360-022,IS510,3,3,2.0,2033-10-31T06:35,2033-10-31T08:35,scheduled,,2033-10-30T09:50,2033-11-23T19:20,3075000,time_blocks_assumption
JOB-001437-B01,JOB-001437,EVS360-020,IS510,1,3,4.0,2033-11-01T22:50,2033-11-02T02:50,scheduled,,2033-11-01T12:35,2033-11-25T21:50,3075000,time_blocks_assumption
JOB-001437-B02,JOB-001437,EVS360-020,IS510,2,3,4.0,2033-11-02T02:50,2033-11-02T06:50,scheduled,,2033-11-01T12:35,2033-11-25T21:50,3075000,time_blocks_assumption
JOB-001437-B03,JOB-001437,EVS360-020,IS510,3,3,2.0,2033-11-02T06:50,2033-11-02T08:50,scheduled,,2033-11-01T12:35,2033-11-25T21:50,3075000,time_blocks_assumption
JOB-000502-B01,JOB-000502,EVS360-007,IS510,1,3,4.0,2033-11-02T18:50,2033-11-02T22:50,scheduled,,2033-11-02T18:50,2033-11-27T19:50,4125000,time_blocks_assumption
JOB-000502-B02,JOB-000502,EVS360-007,IS510,2,3,4.0,2033-11-02T22:50,2033-11-03T02:50,scheduled,,2033-11-02T18:50,2033-11-27T19:50,4125000,time_blocks_assumption
JOB-000502-B03,JOB-000502,EVS360-007,IS510,3,3,2.0,2033-11-03T02:50,2033-11-03T04:50,scheduled,,2033-11-02T18:50,2033-11-27T19:50,4125000,time_blocks_assumption
JOB-000354-B01,JOB-000354,EVS360-005,IS530,1,9,4.0,2033-08-22T10:10,2033-08-22T14:10,scheduled,,2033-08-21T17:20,2033-11-28T11:20,3900000,time_blocks_assumption
JOB-000354-B02,JOB-000354,EVS360-005,IS530,2,9,4.0,2033-08-23T12:10,2033-08-23T16:10,scheduled,,2033-08-21T17:20,2033-11-28T11:20,3900000,time_blocks_assumption
JOB-000354-B03,JOB-000354,EVS360-005,IS530,3,9,4.0,2033-08-24T13:50,2033-08-24T17:50,scheduled,,2033-08-21T17:20,2033-11-28T11:20,3900000,time_blocks_assumption
JOB-000354-B04,JOB-000354,EVS360-005,IS530,4,9,4.0,2033-08-25T15:50,2033-08-25T19:50,scheduled,,2033-08-21T17:20,2033-11-28T11:20,3900000,time_blocks_assumption
JOB-000354-B05,JOB-000354,EVS360-005,IS530,5,9,4.0,2033-08-25T19:50,2033-08-25T23:50,scheduled,,2033-08-21T17:20,2033-11-28T11:20,3900000,time_blocks_assumption
JOB-000354-B06,JOB-000354,EVS360-005,IS530,6,9,4.0,2033-08-25T23:50,2033-08-26T03:50,scheduled,,2033-08-21T17:20,2033-11-28T11:20,3900000,time_blocks_assumption
JOB-000354-B07,JOB-000354,EVS360-005,IS530,7,9,4.0,2033-08-26T22:10,2033-08-27T02:10,scheduled,,2033-08-21T17:20,2033-11-28T11:20,3900000,time_blocks_assumption
JOB-000354-B08,JOB-000354,EVS360-005,IS530,8,9,4.0,2033-08-27T02:10,2033-08-27T06:10,scheduled,,2033-08-21T17:20,2033-11-28T11:20,3900000,time_blocks_assumption
JOB-000354-B09,JOB-000354,EVS360-005,IS530,9,9,4.0,2033-08-27T20:35,2033-08-28T00:35,scheduled,,2033-08-21T17:20,2033-11-28T11:20,3900000,time_blocks_assumption
JOB-000421-B01,JOB-000421,EVS360-006,IS540,1,14,4.0,2033-05-16T09:50,2033-05-16T13:50,scheduled,,2033-05-16T09:50,2033-11-29T13:20,4200000,time_blocks_assumption
JOB-000421-B02,JOB-000421,EVS360-006,IS540,2,14,4.0,2033-05-17T11:50,2033-05-17T15:50,scheduled,,2033-05-16T09:50,2033-11-29T13:20,4200000,time_blocks_assumption
JOB-000421-B03,JOB-000421,EVS360-006,IS540,3,14,4.0,2033-05-18T13:20,2033-05-18T17:20,scheduled,,2033-05-16T09:50,2033-11-29T13:20,4200000,time_blocks_assumption
JOB-000421-B04,JOB-000421,EVS360-006,IS540,4,14,4.0,2033-05-19T15:20,2033-05-19T19:20,scheduled,,2033-05-16T09:50,2033-11-29T13:20,4200000,time_blocks_assumption
JOB-000421-B05,JOB-000421,EVS360-006,IS540,5,14,4.0,2033-05-19T19:20,2033-05-19T23:20,scheduled,,2033-05-16T09:50,2033-11-29T13:20,4200000,time_blocks_assumption
JOB-000421-B06,JOB-000421,EVS360-006,IS540,6,14,4.0,2033-05-19T23:20,2033-05-20T03:20,scheduled,,2033-05-16T09:50,2033-11-29T13:20,4200000,time_blocks_assumption
JOB-000421-B07,JOB-000421,EVS360-006,IS540,7,14,4.0,2033-05-20T17:20,2033-05-20T21:20,scheduled,,2033-05-16T09:50,2033-11-29T13:20,4200000,time_blocks_assumption
JOB-000421-B08,JOB-000421,EVS360-006,IS540,8,14,4.0,2033-05-20T21:20,2033-05-21T01:20,scheduled,,2033-05-16T09:50,2033-11-29T13:20,4200000,time_blocks_assumption
JOB-000421-B09,JOB-000421,EVS360-006,IS540,9,14,4.0,2033-05-21T01:20,2033-05-21T05:20,scheduled,,2033-05-16T09:50,2033-11-29T13:20,4200000,time_blocks_assumption
JOB-000421-B10,JOB-000421,EVS360-006,IS540,10,14,4.0,2033-05-21T22:10,2033-05-22T02:10,scheduled,,2033-05-16T09:50,2033-11-29T13:20,4200000,time_blocks_assumption
JOB-000421-B11,JOB-000421,EVS360-006,IS540,11,14,4.0,2033-05-22T02:10,2033-05-22T06:10,scheduled,,2033-05-16T09:50,2033-11-29T13:20,4200000,time_blocks_assumption
JOB-000421-B12,JOB-000421,EVS360-006,IS540,12,14,4.0,2033-05-22T21:50,2033-05-23T01:50,scheduled,,2033-05-16T09:50,2033-11-29T13:20,4200000,time_blocks_assumption
JOB-000421-B13,JOB-000421,EVS360-006,IS540,13,14,4.0,2033-05-23T01:50,2033-05-23T05:50,scheduled,,2033-05-16T09:50,2033-11-29T13:20,4200000,time_blocks_assumption
JOB-000421-B14,JOB-000421,EVS360-006,IS540,14,14,4.0,2033-05-23T05:50,2033-05-23T09:50,scheduled,,2033-05-16T09:50,2033-11-29T13:20,4200000,time_blocks_assumption
JOB-001289-B01,JOB-001289,EVS360-018,IS530,1,9,4.0,2033-08-28T09:20,2033-08-28T13:20,scheduled,,2033-08-28T09:20,2033-12-04T19:50,3300000,time_blocks_assumption
JOB-001289-B02,JOB-001289,EVS360-018,IS530,2,9,4.0,2033-08-29T11:20,2033-08-29T15:20,scheduled,,2033-08-28T09:20,2033-12-04T19:50,3300000,time_blocks_assumption
JOB-001289-B03,JOB-001289,EVS360-018,IS530,3,9,4.0,2033-08-30T12:50,2033-08-30T16:50,scheduled,,2033-08-28T09:20,2033-12-04T19:50,3300000,time_blocks_assumption
JOB-001289-B04,JOB-001289,EVS360-018,IS530,4,9,4.0,2033-08-31T14:50,2033-08-31T18:50,scheduled,,2033-08-28T09:20,2033-12-04T19:50,3300000,time_blocks_assumption
JOB-001289-B05,JOB-001289,EVS360-018,IS530,5,9,4.0,2033-09-01T20:50,2033-09-02T00:50,scheduled,,2033-08-28T09:20,2033-12-04T19:50,3300000,time_blocks_assumption
JOB-001289-B06,JOB-001289,EVS360-018,IS530,6,9,4.0,2033-09-02T00:50,2033-09-02T04:50,scheduled,,2033-08-28T09:20,2033-12-04T19:50,3300000,time_blocks_assumption
JOB-001289-B07,JOB-001289,EVS360-018,IS530,7,9,4.0,2033-09-02T19:50,2033-09-02T23:50,scheduled,,2033-08-28T09:20,2033-12-04T19:50,3300000,time_blocks_assumption
JOB-001289-B08,JOB-001289,EVS360-018,IS530,8,9,4.0,2033-09-02T23:50,2033-09-03T03:50,scheduled,,2033-08-28T09:20,2033-12-04T19:50,3300000,time_blocks_assumption
JOB-001289-B09,JOB-001289,EVS360-018,IS530,9,9,4.0,2033-09-03T03:50,2033-09-03T07:50,scheduled,,2033-08-28T09:20,2033-12-04T19:50,3300000,time_blocks_assumption
JOB-002662-B01,JOB-002662,EVS360-037,IS510,1,3,4.0,2033-11-11T12:35,2033-11-11T16:35,scheduled,,2033-11-11T12:35,2033-12-05T21:50,1875000,time_blocks_assumption
JOB-002662-B02,JOB-002662,EVS360-037,IS510,2,3,4.0,2033-11-13T16:10,2033-11-13T20:10,scheduled,,2033-11-11T12:35,2033-12-05T21:50,1875000,time_blocks_assumption
JOB-002662-B03,JOB-002662,EVS360-037,IS510,3,3,2.0,2033-11-13T20:10,2033-11-13T22:10,scheduled,,2033-11-11T12:35,2033-12-05T21:50,1875000,time_blocks_assumption
JOB-002440-B01,JOB-002440,EVS360-034,IS530,1,9,4.0,2033-08-31T01:50,2033-08-31T05:50,scheduled,,2033-08-30T21:20,2033-12-06T22:10,2100000,time_blocks_assumption
JOB-002440-B02,JOB-002440,EVS360-034,IS530,2,9,4.0,2033-08-31T05:50,2033-08-31T09:50,scheduled,,2033-08-30T21:20,2033-12-06T22:10,2100000,time_blocks_assumption
JOB-002440-B03,JOB-002440,EVS360-034,IS530,3,9,4.0,2033-08-31T22:50,2033-09-01T02:50,scheduled,,2033-08-30T21:20,2033-12-06T22:10,2100000,time_blocks_assumption
JOB-002440-B04,JOB-002440,EVS360-034,IS530,4,9,4.0,2033-09-01T02:50,2033-09-01T06:50,scheduled,,2033-08-30T21:20,2033-12-06T22:10,2100000,time_blocks_assumption
JOB-002440-B05,JOB-002440,EVS360-034,IS530,5,9,4.0,2033-09-01T06:50,2033-09-01T10:50,scheduled,,2033-08-30T21:20,2033-12-06T22:10,2100000,time_blocks_assumption
JOB-002440-B06,JOB-002440,EVS360-034,IS530,6,9,4.0,2033-09-03T09:50,2033-09-03T13:50,scheduled,,2033-08-30T21:20,2033-12-06T22:10,2100000,time_blocks_assumption
JOB-002440-B07,JOB-002440,EVS360-034,IS530,7,9,4.0,2033-09-05T13:20,2033-09-05T17:20,scheduled,,2033-08-30T21:20,2033-12-06T22:10,2100000,time_blocks_assumption
JOB-002440-B08,JOB-002440,EVS360-034,IS530,8,9,4.0,2033-09-06T19:50,2033-09-06T23:50,scheduled,,2033-08-30T21:20,2033-12-06T22:10,2100000,time_blocks_assumption
JOB-002440-B09,JOB-002440,EVS360-034,IS530,9,9,4.0,2033-09-06T23:50,2033-09-07T03:50,scheduled,,2033-08-30T21:20,2033-12-06T22:10,2100000,time_blocks_assumption
JOB-001366-B01,JOB-001366,EVS360-019,IS510,1,3,4.0,2033-11-16T13:20,2033-11-16T17:20,scheduled,,2033-11-16T13:20,2033-12-10T22:35,3375000,time_blocks_assumption
JOB-001366-B02,JOB-001366,EVS360-019,IS510,2,3,4.0,2033-11-17T17:20,2033-11-17T21:20,scheduled,,2033-11-16T13:20,2033-12-10T22:35,3375000,time_blocks_assumption
JOB-001366-B03,JOB-001366,EVS360-019,IS510,3,3,2.0,2033-11-17T21:20,2033-11-17T23:20,scheduled,,2033-11-16T13:20,2033-12-10T22:35,3375000,time_blocks_assumption
JOB-000717-B01,JOB-000717,EVS360-010,IS520,1,4,4.0,2033-10-24T00:10,2033-10-24T04:10,scheduled,,2033-10-23T20:10,2033-12-11T20:35,4050000,time_blocks_assumption
JOB-000717-B02,JOB-000717,EVS360-010,IS520,2,4,4.0,2033-10-24T04:10,2033-10-24T08:10,scheduled,,2033-10-23T20:10,2033-12-11T20:35,4050000,time_blocks_assumption
JOB-000717-B03,JOB-000717,EVS360-010,IS520,3,4,4.0,2033-10-24T21:50,2033-10-25T01:50,scheduled,,2033-10-23T20:10,2033-12-11T20:35,4050000,time_blocks_assumption
JOB-000717-B04,JOB-000717,EVS360-010,IS520,4,4,4.0,2033-10-25T01:50,2033-10-25T05:50,scheduled,,2033-10-23T20:10,2033-12-11T20:35,4050000,time_blocks_assumption
JOB-002013-B01,JOB-002013,EVS360-028,IS520,1,4,4.0,2033-10-26T14:50,2033-10-26T18:50,scheduled,,2033-10-24T20:35,2033-12-12T20:50,2550000,time_blocks_assumption
JOB-002013-B02,JOB-002013,EVS360-028,IS520,2,4,4.0,2033-10-27T19:50,2033-10-27T23:50,scheduled,,2033-10-24T20:35,2033-12-12T20:50,2550000,time_blocks_assumption
JOB-002013-B03,JOB-002013,EVS360-028,IS520,3,4,4.0,2033-10-27T23:50,2033-10-28T03:50,scheduled,,2033-10-24T20:35,2033-12-12T20:50,2550000,time_blocks_assumption
JOB-002013-B04,JOB-002013,EVS360-028,IS520,4,4,4.0,2033-10-28T19:50,2033-10-28T23:50,scheduled,,2033-10-24T20:35,2033-12-12T20:50,2550000,time_blocks_assumption
JOB-000643-B01,JOB-000643,EVS360-009,IS530,1,9,4.0,2033-09-05T20:50,2033-09-06T00:50,scheduled,,2033-09-05T10:10,2033-12-12T21:50,3900000,time_blocks_assumption
JOB-000643-B02,JOB-000643,EVS360-009,IS530,2,9,4.0,2033-09-06T00:50,2033-09-06T04:50,scheduled,,2033-09-05T10:10,2033-12-12T21:50,3900000,time_blocks_assumption
JOB-000643-B03,JOB-000643,EVS360-009,IS530,3,9,4.0,2033-09-06T04:50,2033-09-06T08:50,scheduled,,2033-09-05T10:10,2033-12-12T21:50,3900000,time_blocks_assumption
JOB-000643-B04,JOB-000643,EVS360-009,IS530,4,9,4.0,2033-09-06T22:35,2033-09-07T02:35,scheduled,,2033-09-05T10:10,2033-12-12T21:50,3900000,time_blocks_assumption
JOB-000643-B05,JOB-000643,EVS360-009,IS530,5,9,4.0,2033-09-07T02:35,2033-09-07T06:35,scheduled,,2033-09-05T10:10,2033-12-12T21:50,3900000,time_blocks_assumption
JOB-000643-B06,JOB-000643,EVS360-009,IS530,6,9,4.0,2033-09-07T06:35,2033-09-07T10:35,scheduled,,2033-09-05T10:10,2033-12-12T21:50,3900000,time_blocks_assumption
JOB-000643-B07,JOB-000643,EVS360-009,IS530,7,9,4.0,2033-09-08T00:10,2033-09-08T04:10,scheduled,,2033-09-05T10:10,2033-12-12T21:50,3900000,time_blocks_assumption
JOB-000643-B08,JOB-000643,EVS360-009,IS530,8,9,4.0,2033-09-08T04:10,2033-09-08T08:10,scheduled,,2033-09-05T10:10,2033-12-12T21:50,3900000,time_blocks_assumption
JOB-000643-B09,JOB-000643,EVS360-009,IS530,9,9,4.0,2033-09-08T08:10,2033-09-08T12:10,scheduled,,2033-09-05T10:10,2033-12-12T21:50,3900000,time_blocks_assumption
JOB-001939-B01,JOB-001939,EVS360-027,IS530,1,9,4.0,2033-09-07T13:50,2033-09-07T17:50,scheduled,,2033-09-05T19:50,2033-12-13T12:50,2700000,time_blocks_assumption
JOB-001939-B02,JOB-001939,EVS360-027,IS530,2,9,4.0,2033-09-08T18:50,2033-09-08T22:50,scheduled,,2033-09-05T19:50,2033-12-13T12:50,2700000,time_blocks_assumption
JOB-001939-B03,JOB-001939,EVS360-027,IS530,3,9,4.0,2033-09-08T22:50,2033-09-09T02:50,scheduled,,2033-09-05T19:50,2033-12-13T12:50,2700000,time_blocks_assumption
JOB-001939-B04,JOB-001939,EVS360-027,IS530,4,9,4.0,2033-09-09T22:10,2033-09-10T02:10,scheduled,,2033-09-05T19:50,2033-12-13T12:50,2700000,time_blocks_assumption
JOB-001939-B05,JOB-001939,EVS360-027,IS530,5,9,4.0,2033-09-10T02:10,2033-09-10T06:10,scheduled,,2033-09-05T19:50,2033-12-13T12:50,2700000,time_blocks_assumption
JOB-001939-B06,JOB-001939,EVS360-027,IS530,6,9,4.0,2033-09-10T23:10,2033-09-11T03:10,scheduled,,2033-09-05T19:50,2033-12-13T12:50,2700000,time_blocks_assumption
JOB-001939-B07,JOB-001939,EVS360-027,IS530,7,9,4.0,2033-09-11T03:10,2033-09-11T07:10,scheduled,,2033-09-05T19:50,2033-12-13T12:50,2700000,time_blocks_assumption
JOB-001939-B08,JOB-001939,EVS360-027,IS530,8,9,4.0,2033-09-11T22:10,2033-09-12T02:10,scheduled,,2033-09-05T19:50,2033-12-13T12:50,2700000,time_blocks_assumption
JOB-001939-B09,JOB-001939,EVS360-027,IS530,9,9,4.0,2033-09-12T02:10,2033-09-12T06:10,scheduled,,2033-09-05T19:50,2033-12-13T12:50,2700000,time_blocks_assumption
JOB-001656-B01,JOB-001656,EVS360-023,IS510,1,3,4.0,2033-11-19T21:50,2033-11-20T01:50,scheduled,,2033-11-19T21:50,2033-12-14T12:50,3075000,time_blocks_assumption
JOB-001656-B02,JOB-001656,EVS360-023,IS510,2,3,4.0,2033-11-20T01:50,2033-11-20T05:50,scheduled,,2033-11-19T21:50,2033-12-14T12:50,3075000,time_blocks_assumption
JOB-001656-B03,JOB-001656,EVS360-023,IS510,3,3,2.0,2033-11-20T05:50,2033-11-20T07:50,scheduled,,2033-11-19T21:50,2033-12-14T12:50,3075000,time_blocks_assumption
JOB-002728-B01,JOB-002728,EVS360-038,IS540,1,14,4.0,2033-06-03T01:05,2033-06-03T05:05,scheduled,,2033-06-02T10:10,2033-12-15T22:35,1800000,time_blocks_assumption
JOB-002728-B02,JOB-002728,EVS360-038,IS540,2,14,4.0,2033-06-03T05:05,2033-06-03T09:05,scheduled,,2033-06-02T10:10,2033-12-15T22:35,1800000,time_blocks_assumption
JOB-002728-B03,JOB-002728,EVS360-038,IS540,3,14,4.0,2033-06-03T22:35,2033-06-04T02:35,scheduled,,2033-06-02T10:10,2033-12-15T22:35,1800000,time_blocks_assumption
JOB-002728-B04,JOB-002728,EVS360-038,IS540,4,14,4.0,2033-06-04T02:35,2033-06-04T06:35,scheduled,,2033-06-02T10:10,2033-12-15T22:35,1800000,time_blocks_assumption
JOB-002728-B05,JOB-002728,EVS360-038,IS540,5,14,4.0,2033-06-04T06:35,2033-06-04T10:35,scheduled,,2033-06-02T10:10,2033-12-15T22:35,1800000,time_blocks_assumption
JOB-002728-B06,JOB-002728,EVS360-038,IS540,6,14,4.0,2033-06-05T05:50,2033-06-05T09:50,scheduled,,2033-06-02T10:10,2033-12-15T22:35,1800000,time_blocks_assumption
JOB-002728-B07,JOB-002728,EVS360-038,IS540,7,14,4.0,2033-06-05T09:50,2033-06-05T13:50,scheduled,,2033-06-02T10:10,2033-12-15T22:35,1800000,time_blocks_assumption
JOB-002728-B08,JOB-002728,EVS360-038,IS540,8,14,4.0,2033-06-06T09:20,2033-06-06T13:20,scheduled,,2033-06-02T10:10,2033-12-15T22:35,1800000,time_blocks_assumption
JOB-002728-B09,JOB-002728,EVS360-038,IS540,9,14,4.0,2033-06-08T12:50,2033-06-08T16:50,scheduled,,2033-06-02T10:10,2033-12-15T22:35,1800000,time_blocks_assumption
JOB-002728-B10,JOB-002728,EVS360-038,IS540,10,14,4.0,2033-06-10T16:50,2033-06-10T20:50,scheduled,,2033-06-02T10:10,2033-12-15T22:35,1800000,time_blocks_assumption
JOB-002728-B11,JOB-002728,EVS360-038,IS540,11,14,4.0,2033-06-10T20:50,2033-06-11T00:50,scheduled,,2033-06-02T10:10,2033-12-15T22:35,1800000,time_blocks_assumption
JOB-002728-B12,JOB-002728,EVS360-038,IS540,12,14,4.0,2033-06-11T00:50,2033-06-11T04:50,scheduled,,2033-06-02T10:10,2033-12-15T22:35,1800000,time_blocks_assumption
JOB-002728-B13,JOB-002728,EVS360-038,IS540,13,14,4.0,2033-06-11T23:50,2033-06-12T03:50,scheduled,,2033-06-02T10:10,2033-12-15T22:35,1800000,time_blocks_assumption
JOB-002728-B14,JOB-002728,EVS360-038,IS540,14,14,4.0,2033-06-12T03:50,2033-06-12T07:50,scheduled,,2033-06-02T10:10,2033-12-15T22:35,1800000,time_blocks_assumption
JOB-001512-B01,JOB-001512,EVS360-021,IS510,1,3,4.0,2033-11-23T11:50,2033-11-23T15:50,scheduled,,2033-11-22T16:10,2033-12-17T08:35,3225000,time_blocks_assumption
JOB-001512-B02,JOB-001512,EVS360-021,IS510,2,3,4.0,2033-11-24T13:20,2033-11-24T17:20,scheduled,,2033-11-22T16:10,2033-12-17T08:35,3225000,time_blocks_assumption
JOB-001512-B03,JOB-001512,EVS360-021,IS510,3,3,2.0,2033-11-25T15:20,2033-11-25T17:20,scheduled,,2033-11-22T16:10,2033-12-17T08:35,3225000,time_blocks_assumption
JOB-001576-B01,JOB-001576,EVS360-022,IS540,1,14,4.0,2033-06-04T18:40,2033-06-04T22:40,scheduled,,2033-06-04T16:10,2033-12-18T10:10,3000000,time_blocks_assumption
JOB-001576-B02,JOB-001576,EVS360-022,IS540,2,14,4.0,2033-06-04T22:40,2033-06-05T02:40,scheduled,,2033-06-04T16:10,2033-12-18T10:10,3000000,time_blocks_assumption
JOB-001576-B03,JOB-001576,EVS360-022,IS540,3,14,4.0,2033-06-05T18:50,2033-06-05T22:50,scheduled,,2033-06-04T16:10,2033-12-18T10:10,3000000,time_blocks_assumption
JOB-001576-B04,JOB-001576,EVS360-022,IS540,4,14,4.0,2033-06-05T22:50,2033-06-06T02:50,scheduled,,2033-06-04T16:10,2033-12-18T10:10,3000000,time_blocks_assumption
JOB-001576-B05,JOB-001576,EVS360-022,IS540,5,14,4.0,2033-06-06T02:50,2033-06-06T06:50,scheduled,,2033-06-04T16:10,2033-12-18T10:10,3000000,time_blocks_assumption
JOB-001576-B06,JOB-001576,EVS360-022,IS540,6,14,4.0,2033-06-06T23:20,2033-06-07T03:20,scheduled,,2033-06-04T16:10,2033-12-18T10:10,3000000,time_blocks_assumption
JOB-001576-B07,JOB-001576,EVS360-022,IS540,7,14,4.0,2033-06-07T03:20,2033-06-07T07:20,scheduled,,2033-06-04T16:10,2033-12-18T10:10,3000000,time_blocks_assumption
JOB-001576-B08,JOB-001576,EVS360-022,IS540,8,14,4.0,2033-06-07T22:35,2033-06-08T02:35,scheduled,,2033-06-04T16:10,2033-12-18T10:10,3000000,time_blocks_assumption
JOB-001576-B09,JOB-001576,EVS360-022,IS540,9,14,4.0,2033-06-08T02:35,2033-06-08T06:35,scheduled,,2033-06-04T16:10,2033-12-18T10:10,3000000,time_blocks_assumption
JOB-001576-B10,JOB-001576,EVS360-022,IS540,10,14,4.0,2033-06-08T06:35,2033-06-08T10:35,scheduled,,2033-06-04T16:10,2033-12-18T10:10,3000000,time_blocks_assumption
JOB-001576-B11,JOB-001576,EVS360-022,IS540,11,14,4.0,2033-06-09T02:40,2033-06-09T06:40,scheduled,,2033-06-04T16:10,2033-12-18T10:10,3000000,time_blocks_assumption
JOB-001576-B12,JOB-001576,EVS360-022,IS540,12,14,4.0,2033-06-09T06:40,2033-06-09T10:40,scheduled,,2033-06-04T16:10,2033-12-18T10:10,3000000,time_blocks_assumption
JOB-001576-B13,JOB-001576,EVS360-022,IS540,13,14,4.0,2033-06-10T11:20,2033-06-10T15:20,scheduled,,2033-06-04T16:10,2033-12-18T10:10,3000000,time_blocks_assumption
JOB-001576-B14,JOB-001576,EVS360-022,IS540,14,14,4.0,2033-06-11T13:50,2033-06-11T17:50,scheduled,,2033-06-04T16:10,2033-12-18T10:10,3000000,time_blocks_assumption
JOB-001431-B01,JOB-001431,EVS360-020,IS540,1,14,4.0,2033-06-06T20:10,2033-06-07T00:10,scheduled,,2033-06-06T20:10,2033-12-20T12:50,3000000,time_blocks_assumption
JOB-001431-B02,JOB-001431,EVS360-020,IS540,2,14,4.0,2033-06-07T00:10,2033-06-07T04:10,scheduled,,2033-06-06T20:10,2033-12-20T12:50,3000000,time_blocks_assumption
JOB-001431-B03,JOB-001431,EVS360-020,IS540,3,14,4.0,2033-06-07T04:10,2033-06-07T08:10,scheduled,,2033-06-06T20:10,2033-12-20T12:50,3000000,time_blocks_assumption
JOB-001431-B04,JOB-001431,EVS360-020,IS540,4,14,4.0,2033-06-07T21:50,2033-06-08T01:50,scheduled,,2033-06-06T20:10,2033-12-20T12:50,3000000,time_blocks_assumption
JOB-001431-B05,JOB-001431,EVS360-020,IS540,5,14,4.0,2033-06-08T01:50,2033-06-08T05:50,scheduled,,2033-06-06T20:10,2033-12-20T12:50,3000000,time_blocks_assumption
JOB-001431-B06,JOB-001431,EVS360-020,IS540,6,14,4.0,2033-06-08T05:50,2033-06-08T09:50,scheduled,,2033-06-06T20:10,2033-12-20T12:50,3000000,time_blocks_assumption
JOB-001431-B07,JOB-001431,EVS360-020,IS540,7,14,4.0,2033-06-08T23:20,2033-06-09T03:20,scheduled,,2033-06-06T20:10,2033-12-20T12:50,3000000,time_blocks_assumption
JOB-001431-B08,JOB-001431,EVS360-020,IS540,8,14,4.0,2033-06-09T03:20,2033-06-09T07:20,scheduled,,2033-06-06T20:10,2033-12-20T12:50,3000000,time_blocks_assumption
JOB-001431-B09,JOB-001431,EVS360-020,IS540,9,14,4.0,2033-06-09T07:20,2033-06-09T11:20,scheduled,,2033-06-06T20:10,2033-12-20T12:50,3000000,time_blocks_assumption
JOB-001431-B10,JOB-001431,EVS360-020,IS540,10,14,4.0,2033-06-10T08:35,2033-06-10T12:35,scheduled,,2033-06-06T20:10,2033-12-20T12:50,3000000,time_blocks_assumption
JOB-001431-B11,JOB-001431,EVS360-020,IS540,11,14,4.0,2033-06-11T10:10,2033-06-11T14:10,scheduled,,2033-06-06T20:10,2033-12-20T12:50,3000000,time_blocks_assumption
JOB-001431-B12,JOB-001431,EVS360-020,IS540,12,14,4.0,2033-06-12T14:10,2033-06-12T18:10,scheduled,,2033-06-06T20:10,2033-12-20T12:50,3000000,time_blocks_assumption
JOB-001431-B13,JOB-001431,EVS360-020,IS540,13,14,4.0,2033-06-13T13:50,2033-06-13T17:50,scheduled,,2033-06-06T20:10,2033-12-20T12:50,3000000,time_blocks_assumption
JOB-001431-B14,JOB-001431,EVS360-020,IS540,14,14,4.0,2033-06-14T15:50,2033-06-14T19:50,scheduled,,2033-06-06T20:10,2033-12-20T12:50,3000000,time_blocks_assumption
JOB-000360-B01,JOB-000360,EVS360-005,IS510,1,3,4.0,2033-11-28T11:20,2033-11-28T15:20,scheduled,,2033-11-28T11:20,2033-12-22T20:35,3975000,time_blocks_assumption
JOB-000360-B02,JOB-000360,EVS360-005,IS510,2,3,4.0,2033-11-29T14:50,2033-11-29T18:50,scheduled,,2033-11-28T11:20,2033-12-22T20:35,3975000,time_blocks_assumption
JOB-000360-B03,JOB-000360,EVS360-005,IS510,3,3,2.0,2033-11-30T14:50,2033-11-30T16:50,scheduled,,2033-11-28T11:20,2033-12-22T20:35,3975000,time_blocks_assumption
JOB-002590-B01,JOB-002590,EVS360-036,IS510,1,3,4.0,2033-11-29T09:20,2033-11-29T13:20,scheduled,,2033-11-29T09:20,2033-12-23T18:10,2025000,time_blocks_assumption
JOB-002590-B02,JOB-002590,EVS360-036,IS510,2,3,4.0,2033-12-01T12:50,2033-12-01T16:50,scheduled,,2033-11-29T09:20,2033-12-23T18:10,2025000,time_blocks_assumption
JOB-002590-B03,JOB-002590,EVS360-036,IS510,3,3,2.0,2033-12-01T16:50,2033-12-01T18:50,scheduled,,2033-11-29T09:20,2033-12-23T18:10,2025000,time_blocks_assumption
JOB-000935-B01,JOB-000935,EVS360-013,IS510,1,3,4.0,2033-11-29T16:50,2033-11-29T20:50,scheduled,,2033-11-29T16:50,2033-12-24T08:50,3825000,time_blocks_assumption
JOB-000935-B02,JOB-000935,EVS360-013,IS510,2,3,4.0,2033-11-29T20:50,2033-11-30T00:50,scheduled,,2033-11-29T16:50,2033-12-24T08:50,3825000,time_blocks_assumption
JOB-000935-B03,JOB-000935,EVS360-013,IS510,3,3,2.0,2033-11-30T00:50,2033-11-30T02:50,scheduled,,2033-11-29T16:50,2033-12-24T08:50,3825000,time_blocks_assumption
JOB-002373-B01,JOB-002373,EVS360-033,IS510,1,3,4.0,2033-12-03T17:20,2033-12-03T21:20,scheduled,,2033-12-01T20:50,2033-12-26T12:10,2325000,time_blocks_assumption
JOB-002373-B02,JOB-002373,EVS360-033,IS510,2,3,4.0,2033-12-03T21:20,2033-12-04T01:20,scheduled,,2033-12-01T20:50,2033-12-26T12:10,2325000,time_blocks_assumption
JOB-002373-B03,JOB-002373,EVS360-033,IS510,3,3,2.0,2033-12-04T01:20,2033-12-04T03:20,scheduled,,2033-12-01T20:50,2033-12-26T12:10,2325000,time_blocks_assumption
JOB-000142-B01,JOB-000142,EVS360-002,IS510,1,3,4.0,2033-12-02T17:20,2033-12-02T21:20,scheduled,,2033-12-02T08:10,2033-12-26T16:10,4425000,time_blocks_assumption
JOB-000142-B02,JOB-000142,EVS360-002,IS510,2,3,4.0,2033-12-02T21:20,2033-12-03T01:20,scheduled,,2033-12-02T08:10,2033-12-26T16:10,4425000,time_blocks_assumption
JOB-000142-B03,JOB-000142,EVS360-002,IS510,3,3,2.0,2033-12-03T01:20,2033-12-03T03:20,scheduled,,2033-12-02T08:10,2033-12-26T16:10,4425000,time_blocks_assumption
JOB-000791-B01,JOB-000791,EVS360-011,IS520,1,4,4.0,2033-11-09T14:50,2033-11-09T18:50,scheduled,,2033-11-08T12:50,2033-12-27T22:50,3750000,time_blocks_assumption
JOB-000791-B02,JOB-000791,EVS360-011,IS520,2,4,4.0,2033-11-10T16:50,2033-11-10T20:50,scheduled,,2033-11-08T12:50,2033-12-27T22:50,3750000,time_blocks_assumption
JOB-000791-B03,JOB-000791,EVS360-011,IS520,3,4,4.0,2033-11-10T20:50,2033-11-11T00:50,scheduled,,2033-11-08T12:50,2033-12-27T22:50,3750000,time_blocks_assumption
JOB-000791-B04,JOB-000791,EVS360-011,IS520,4,4,4.0,2033-11-11T00:50,2033-11-11T04:50,scheduled,,2033-11-08T12:50,2033-12-27T22:50,3750000,time_blocks_assumption
JOB-001295-B01,JOB-001295,EVS360-018,IS510,1,3,4.0,2033-12-05T12:10,2033-12-05T16:10,scheduled,,2033-12-04T19:50,2033-12-29T10:50,3375000,time_blocks_assumption
JOB-001295-B02,JOB-001295,EVS360-018,IS510,2,3,4.0,2033-12-06T15:50,2033-12-06T19:50,scheduled,,2033-12-04T19:50,2033-12-29T10:50,3375000,time_blocks_assumption
JOB-001295-B03,JOB-001295,EVS360-018,IS510,3,3,2.0,2033-12-07T15:50,2033-12-07T17:50,scheduled,,2033-12-04T19:50,2033-12-29T10:50,3375000,time_blocks_assumption
JOB-000288-B01,JOB-000288,EVS360-004,IS510,1,3,4.0,2033-12-04T22:35,2033-12-05T02:35,scheduled,,2033-12-04T22:35,2033-12-29T23:20,4125000,time_blocks_assumption
JOB-000288-B02,JOB-000288,EVS360-004,IS510,2,3,4.0,2033-12-05T02:35,2033-12-05T06:35,scheduled,,2033-12-04T22:35,2033-12-29T23:20,4125000,time_blocks_assumption
JOB-000288-B03,JOB-000288,EVS360-004,IS510,3,3,2.0,2033-12-05T06:35,2033-12-05T08:35,scheduled,,2033-12-04T22:35,2033-12-29T23:20,4125000,time_blocks_assumption
JOB-000860-B01,JOB-000860,EVS360-012,IS530,1,9,4.0,2033-09-22T16:50,2033-09-22T20:50,scheduled,,2033-09-22T16:50,2033-12-30T09:50,3900000,time_blocks_assumption
JOB-000860-B02,JOB-000860,EVS360-012,IS530,2,9,4.0,2033-09-22T20:50,2033-09-23T00:50,scheduled,,2033-09-22T16:50,2033-12-30T09:50,3900000,time_blocks_assumption
JOB-000860-B03,JOB-000860,EVS360-012,IS530,3,9,4.0,2033-09-23T00:50,2033-09-23T04:50,scheduled,,2033-09-22T16:50,2033-12-30T09:50,3900000,time_blocks_assumption
JOB-000860-B04,JOB-000860,EVS360-012,IS530,4,9,4.0,2033-09-23T19:50,2033-09-23T23:50,scheduled,,2033-09-22T16:50,2033-12-30T09:50,3900000,time_blocks_assumption
JOB-000860-B05,JOB-000860,EVS360-012,IS530,5,9,4.0,2033-09-23T23:50,2033-09-24T03:50,scheduled,,2033-09-22T16:50,2033-12-30T09:50,3900000,time_blocks_assumption
JOB-000860-B06,JOB-000860,EVS360-012,IS530,6,9,4.0,2033-09-24T03:50,2033-09-24T07:50,scheduled,,2033-09-22T16:50,2033-12-30T09:50,3900000,time_blocks_assumption
JOB-000860-B07,JOB-000860,EVS360-012,IS530,7,9,4.0,2033-09-24T21:20,2033-09-25T01:20,scheduled,,2033-09-22T16:50,2033-12-30T09:50,3900000,time_blocks_assumption
JOB-000860-B08,JOB-000860,EVS360-012,IS530,8,9,4.0,2033-09-25T01:20,2033-09-25T05:20,scheduled,,2033-09-22T16:50,2033-12-30T09:50,3900000,time_blocks_assumption
JOB-000860-B09,JOB-000860,EVS360-012,IS530,9,9,4.0,2033-09-25T05:20,2033-09-25T09:20,scheduled,,2033-09-22T16:50,2033-12-30T09:50,3900000,time_blocks_assumption
JOB-002656-B01,JOB-002656,EVS360-037,IS540,1,14,4.0,2033-06-17T11:20,2033-06-17T15:20,scheduled,,2033-06-16T18:50,2033-12-30T22:10,1800000,time_blocks_assumption
JOB-002656-B02,JOB-002656,EVS360-037,IS540,2,14,4.0,2033-06-19T14:50,2033-06-19T18:50,scheduled,,2033-06-16T18:50,2033-12-30T22:10,1800000,time_blocks_assumption
JOB-002656-B03,JOB-002656,EVS360-037,IS540,3,14,4.0,2033-06-20T22:20,2033-06-21T02:20,scheduled,,2033-06-16T18:50,2033-12-30T22:10,1800000,time_blocks_assumption
JOB-002656-B04,JOB-002656,EVS360-037,IS540,4,14,4.0,2033-06-21T02:20,2033-06-21T06:20,scheduled,,2033-06-16T18:50,2033-12-30T22:10,1800000,time_blocks_assumption
JOB-002656-B05,JOB-002656,EVS360-037,IS540,5,14,4.0,2033-06-21T21:50,2033-06-22T01:50,scheduled,,2033-06-16T18:50,2033-12-30T22:10,1800000,time_blocks_assumption
JOB-002656-B06,JOB-002656,EVS360-037,IS540,6,14,4.0,2033-06-22T01:50,2033-06-22T05:50,scheduled,,2033-06-16T18:50,2033-12-30T22:10,1800000,time_blocks_assumption
JOB-002656-B07,JOB-002656,EVS360-037,IS540,7,14,4.0,2033-06-23T01:20,2033-06-23T05:20,scheduled,,2033-06-16T18:50,2033-12-30T22:10,1800000,time_blocks_assumption
JOB-002656-B08,JOB-002656,EVS360-037,IS540,8,14,4.0,2033-06-23T05:20,2033-06-23T09:20,scheduled,,2033-06-16T18:50,2033-12-30T22:10,1800000,time_blocks_assumption
JOB-002656-B09,JOB-002656,EVS360-037,IS540,9,14,4.0,2033-06-23T22:50,2033-06-24T02:50,scheduled,,2033-06-16T18:50,2033-12-30T22:10,1800000,time_blocks_assumption
JOB-002656-B10,JOB-002656,EVS360-037,IS540,10,14,4.0,2033-06-24T02:50,2033-06-24T06:50,scheduled,,2033-06-16T18:50,2033-12-30T22:10,1800000,time_blocks_assumption
JOB-002656-B11,JOB-002656,EVS360-037,IS540,11,14,4.0,2033-06-24T06:50,2033-06-24T10:50,scheduled,,2033-06-16T18:50,2033-12-30T22:10,1800000,time_blocks_assumption
JOB-002656-B12,JOB-002656,EVS360-037,IS540,12,14,4.0,2033-06-26T09:50,2033-06-26T13:50,scheduled,,2033-06-16T18:50,2033-12-30T22:10,1800000,time_blocks_assumption
JOB-002656-B13,JOB-002656,EVS360-037,IS540,13,14,4.0,2033-06-28T13:20,2033-06-28T17:20,scheduled,,2033-06-16T18:50,2033-12-30T22:10,1800000,time_blocks_assumption
JOB-002656-B14,JOB-002656,EVS360-037,IS540,14,14,4.0,2033-06-29T21:50,2033-06-30T01:50,scheduled,,2033-06-16T18:50,2033-12-30T22:10,1800000,time_blocks_assumption
JOB-002446-B01,JOB-002446,EVS360-034,IS510,1,3,4.0,2033-12-06T22:10,2033-12-07T02:10,scheduled,,2033-12-06T22:10,2033-12-31T22:50,2175000,time_blocks_assumption
JOB-002446-B02,JOB-002446,EVS360-034,IS510,2,3,4.0,2033-12-07T02:10,2033-12-07T06:10,scheduled,,2033-12-06T22:10,2033-12-31T22:50,2175000,time_blocks_assumption
JOB-002446-B03,JOB-002446,EVS360-034,IS510,3,3,2.0,2033-12-07T06:10,2033-12-07T08:10,scheduled,,2033-12-06T22:10,2033-12-31T22:50,2175000,time_blocks_assumption
JOB-002518-B01,JOB-002518,EVS360-035,IS510,1,3,4.0,2033-12-09T11:50,2033-12-09T15:50,scheduled,,2033-12-09T09:20,2034-01-02T18:10,2025000,time_blocks_assumption
JOB-002518-B02,JOB-002518,EVS360-035,IS510,2,3,4.0,2033-12-10T13:20,2033-12-10T17:20,scheduled,,2033-12-09T09:20,2034-01-02T18:10,2025000,time_blocks_assumption
JOB-002518-B03,JOB-002518,EVS360-035,IS510,3,3,2.0,2033-12-11T16:50,2033-12-11T18:50,scheduled,,2033-12-09T09:20,2034-01-02T18:10,2025000,time_blocks_assumption
JOB-002300-B01,JOB-002300,EVS360-032,IS520,1,4,4.0,2033-11-18T02:10,2033-11-18T06:10,scheduled,,2033-11-17T11:50,2034-01-05T12:10,2250000,time_blocks_assumption
JOB-002300-B02,JOB-002300,EVS360-032,IS520,2,4,4.0,2033-11-18T06:10,2033-11-18T10:10,scheduled,,2033-11-17T11:50,2034-01-05T12:10,2250000,time_blocks_assumption
JOB-002300-B03,JOB-002300,EVS360-032,IS520,3,4,4.0,2033-11-19T04:05,2033-11-19T08:05,scheduled,,2033-11-17T11:50,2034-01-05T12:10,2250000,time_blocks_assumption
JOB-002300-B04,JOB-002300,EVS360-032,IS520,4,4,4.0,2033-11-19T08:05,2033-11-19T12:05,scheduled,,2033-11-17T11:50,2034-01-05T12:10,2250000,time_blocks_assumption
JOB-000649-B01,JOB-000649,EVS360-009,IS510,1,3,4.0,2033-12-12T21:50,2033-12-13T01:50,scheduled,,2033-12-12T21:50,2034-01-06T12:50,3975000,time_blocks_assumption
JOB-000649-B02,JOB-000649,EVS360-009,IS510,2,3,4.0,2033-12-13T01:50,2033-12-13T05:50,scheduled,,2033-12-12T21:50,2034-01-06T12:50,3975000,time_blocks_assumption
JOB-000649-B03,JOB-000649,EVS360-009,IS510,3,3,2.0,2033-12-13T05:50,2033-12-13T07:50,scheduled,,2033-12-12T21:50,2034-01-06T12:50,3975000,time_blocks_assumption
JOB-001945-B01,JOB-001945,EVS360-027,IS510,1,3,4.0,2033-12-14T16:50,2033-12-14T20:50,scheduled,,2033-12-13T12:50,2034-01-06T22:10,2775000,time_blocks_assumption
JOB-001945-B02,JOB-001945,EVS360-027,IS510,2,3,4.0,2033-12-15T16:50,2033-12-15T20:50,scheduled,,2033-12-13T12:50,2034-01-06T22:10,2775000,time_blocks_assumption
JOB-001945-B03,JOB-001945,EVS360-027,IS510,3,3,2.0,2033-12-15T20:50,2033-12-15T22:50,scheduled,,2033-12-13T12:50,2034-01-06T22:10,2775000,time_blocks_assumption
JOB-001650-B01,JOB-001650,EVS360-023,IS540,1,14,4.0,2033-06-25T20:35,2033-06-26T00:35,scheduled,,2033-06-25T09:50,2034-01-07T22:10,3000000,time_blocks_assumption
JOB-001650-B02,JOB-001650,EVS360-023,IS540,2,14,4.0,2033-06-26T00:35,2033-06-26T04:35,scheduled,,2033-06-25T09:50,2034-01-07T22:10,3000000,time_blocks_assumption
JOB-001650-B03,JOB-001650,EVS360-023,IS540,3,14,4.0,2033-06-26T04:35,2033-06-26T08:35,scheduled,,2033-06-25T09:50,2034-01-07T22:10,3000000,time_blocks_assumption
JOB-001650-B04,JOB-001650,EVS360-023,IS540,4,14,4.0,2033-06-27T00:40,2033-06-27T04:40,scheduled,,2033-06-25T09:50,2034-01-07T22:10,3000000,time_blocks_assumption
JOB-001650-B05,JOB-001650,EVS360-023,IS540,5,14,4.0,2033-06-27T04:40,2033-06-27T08:40,scheduled,,2033-06-25T09:50,2034-01-07T22:10,3000000,time_blocks_assumption
JOB-001650-B06,JOB-001650,EVS360-023,IS540,6,14,4.0,2033-06-27T23:50,2033-06-28T03:50,scheduled,,2033-06-25T09:50,2034-01-07T22:10,3000000,time_blocks_assumption
JOB-001650-B07,JOB-001650,EVS360-023,IS540,7,14,4.0,2033-06-28T03:50,2033-06-28T07:50,scheduled,,2033-06-25T09:50,2034-01-07T22:10,3000000,time_blocks_assumption
JOB-001650-B08,JOB-001650,EVS360-023,IS540,8,14,4.0,2033-06-28T07:50,2033-06-28T11:50,scheduled,,2033-06-25T09:50,2034-01-07T22:10,3000000,time_blocks_assumption
JOB-001650-B09,JOB-001650,EVS360-023,IS540,9,14,4.0,2033-06-29T11:20,2033-06-29T15:20,scheduled,,2033-06-25T09:50,2034-01-07T22:10,3000000,time_blocks_assumption
JOB-001650-B10,JOB-001650,EVS360-023,IS540,10,14,4.0,2033-06-30T12:50,2033-06-30T16:50,scheduled,,2033-06-25T09:50,2034-01-07T22:10,3000000,time_blocks_assumption
JOB-001650-B11,JOB-001650,EVS360-023,IS540,11,14,4.0,2033-07-01T15:05,2033-07-01T19:05,scheduled,,2033-06-25T09:50,2034-01-07T22:10,3000000,time_blocks_assumption
JOB-001650-B12,JOB-001650,EVS360-023,IS540,12,14,4.0,2033-07-02T15:50,2033-07-02T19:50,scheduled,,2033-06-25T09:50,2034-01-07T22:10,3000000,time_blocks_assumption
JOB-001650-B13,JOB-001650,EVS360-023,IS540,13,14,4.0,2033-07-03T18:40,2033-07-03T22:40,scheduled,,2033-06-25T09:50,2034-01-07T22:10,3000000,time_blocks_assumption
JOB-001650-B14,JOB-001650,EVS360-023,IS540,14,14,4.0,2033-07-03T22:40,2033-07-04T02:40,scheduled,,2033-06-25T09:50,2034-01-07T22:10,3000000,time_blocks_assumption
JOB-000071-B01,JOB-000071,EVS360-001,IS510,1,3,4.0,2033-12-14T21:50,2033-12-15T01:50,scheduled,,2033-12-14T21:50,2034-01-08T12:50,4425000,time_blocks_assumption
JOB-000071-B02,JOB-000071,EVS360-001,IS510,2,3,4.0,2033-12-15T01:50,2033-12-15T05:50,scheduled,,2033-12-14T21:50,2034-01-08T12:50,4425000,time_blocks_assumption
JOB-000071-B03,JOB-000071,EVS360-001,IS510,3,3,2.0,2033-12-15T05:50,2033-12-15T07:50,scheduled,,2033-12-14T21:50,2034-01-08T12:50,4425000,time_blocks_assumption
JOB-001729-B01,JOB-001729,EVS360-024,IS520,1,4,4.0,2033-11-24T12:35,2033-11-24T16:35,scheduled,,2033-11-22T18:10,2034-01-10T18:50,2850000,time_blocks_assumption
JOB-001729-B02,JOB-001729,EVS360-024,IS520,2,4,4.0,2033-11-25T16:40,2033-11-25T20:40,scheduled,,2033-11-22T18:10,2034-01-10T18:50,2850000,time_blocks_assumption
JOB-001729-B03,JOB-001729,EVS360-024,IS520,3,4,4.0,2033-11-26T16:10,2033-11-26T20:10,scheduled,,2033-11-22T18:10,2034-01-10T18:50,2850000,time_blocks_assumption
JOB-001729-B04,JOB-001729,EVS360-024,IS520,4,4,4.0,2033-11-26T20:10,2033-11-27T00:10,scheduled,,2033-11-22T18:10,2034-01-10T18:50,2850000,time_blocks_assumption
JOB-001873-B01,JOB-001873,EVS360-026,IS520,1,4,4.0,2033-11-28T02:40,2033-11-28T06:40,scheduled,,2033-11-27T20:10,2034-01-15T20:35,2850000,time_blocks_assumption
JOB-001873-B02,JOB-001873,EVS360-026,IS520,2,4,4.0,2033-11-28T21:50,2033-11-29T01:50,scheduled,,2033-11-27T20:10,2034-01-15T20:35,2850000,time_blocks_assumption
JOB-001873-B03,JOB-001873,EVS360-026,IS520,3,4,4.0,2033-11-29T01:50,2033-11-29T05:50,scheduled,,2033-11-27T20:10,2034-01-15T20:35,2850000,time_blocks_assumption
JOB-001873-B04,JOB-001873,EVS360-026,IS520,4,4,4.0,2033-11-29T05:50,2033-11-29T09:50,scheduled,,2033-11-27T20:10,2034-01-15T20:35,2850000,time_blocks_assumption
JOB-000433-B01,JOB-000433,EVS360-006,IS520,1,4,4.0,2033-11-30T15:20,2033-11-30T19:20,scheduled,,2033-11-29T13:20,2034-01-17T13:50,4350000,time_blocks_assumption
JOB-000433-B02,JOB-000433,EVS360-006,IS520,2,4,4.0,2033-11-30T19:20,2033-11-30T23:20,scheduled,,2033-11-29T13:20,2034-01-17T13:50,4350000,time_blocks_assumption
JOB-000433-B03,JOB-000433,EVS360-006,IS520,3,4,4.0,2033-11-30T23:20,2033-12-01T03:20,scheduled,,2033-11-29T13:20,2034-01-17T13:50,4350000,time_blocks_assumption
JOB-000433-B04,JOB-000433,EVS360-006,IS520,4,4,4.0,2033-12-01T17:20,2033-12-01T21:20,scheduled,,2033-11-29T13:20,2034-01-17T13:50,4350000,time_blocks_assumption
JOB-000218-B01,JOB-000218,EVS360-003,IS510,1,3,4.0,2033-12-29T13:20,2033-12-29T17:20,scheduled,,2033-12-28T20:50,2034-01-22T12:10,4275000,time_blocks_assumption
JOB-000218-B02,JOB-000218,EVS360-003,IS510,2,3,4.0,2033-12-30T17:20,2033-12-30T21:20,scheduled,,2033-12-28T20:50,2034-01-22T12:10,4275000,time_blocks_assumption
JOB-000218-B03,JOB-000218,EVS360-003,IS510,3,3,2.0,2033-12-30T21:20,2033-12-30T23:20,scheduled,,2033-12-28T20:50,2034-01-22T12:10,4275000,time_blocks_assumption
JOB-000866-B01,JOB-000866,EVS360-012,IS510,1,3,4.0,2033-12-30T20:35,2033-12-31T00:35,scheduled,,2033-12-30T09:50,2034-01-23T19:20,3975000,time_blocks_assumption
JOB-000866-B02,JOB-000866,EVS360-012,IS510,2,3,4.0,2033-12-31T00:35,2033-12-31T04:35,scheduled,,2033-12-30T09:50,2034-01-23T19:20,3975000,time_blocks_assumption
JOB-000866-B03,JOB-000866,EVS360-012,IS510,3,3,2.0,2033-12-31T04:35,2033-12-31T06:35,scheduled,,2033-12-30T09:50,2034-01-23T19:20,3975000,time_blocks_assumption
JOB-001223-B01,JOB-001223,EVS360-017,IS530,1,9,4.0,2033-10-25T08:10,2033-10-25T12:10,scheduled,,2033-10-25T08:10,2034-01-31T18:10,3300000,time_blocks_assumption
JOB-001223-B02,JOB-001223,EVS360-017,IS530,2,9,4.0,2033-10-26T09:50,2033-10-26T13:50,scheduled,,2033-10-25T08:10,2034-01-31T18:10,3300000,time_blocks_assumption
JOB-001223-B03,JOB-001223,EVS360-017,IS530,3,9,4.0,2033-10-27T11:50,2033-10-27T15:50,scheduled,,2033-10-25T08:10,2034-01-31T18:10,3300000,time_blocks_assumption
JOB-001223-B04,JOB-001223,EVS360-017,IS530,4,9,4.0,2033-10-28T13:20,2033-10-28T17:20,scheduled,,2033-10-25T08:10,2034-01-31T18:10,3300000,time_blocks_assumption
JOB-001223-B05,JOB-001223,EVS360-017,IS530,5,9,4.0,2033-10-29T19:20,2033-10-29T23:20,scheduled,,2033-10-25T08:10,2034-01-31T18:10,3300000,time_blocks_assumption
JOB-001223-B06,JOB-001223,EVS360-017,IS530,6,9,4.0,2033-10-29T23:20,2033-10-30T03:20,scheduled,,2033-10-25T08:10,2034-01-31T18:10,3300000,time_blocks_assumption
JOB-001223-B07,JOB-001223,EVS360-017,IS530,7,9,4.0,2033-10-30T17:20,2033-10-30T21:20,scheduled,,2033-10-25T08:10,2034-01-31T18:10,3300000,time_blocks_assumption
JOB-001223-B08,JOB-001223,EVS360-017,IS530,8,9,4.0,2033-10-30T21:20,2033-10-31T01:20,scheduled,,2033-10-25T08:10,2034-01-31T18:10,3300000,time_blocks_assumption
JOB-001223-B09,JOB-001223,EVS360-017,IS530,9,9,4.0,2033-10-31T01:20,2033-10-31T05:20,scheduled,,2033-10-25T08:10,2034-01-31T18:10,3300000,time_blocks_assumption
JOB-002740-B01,JOB-002740,EVS360-038,IS520,1,4,4.0,2033-12-16T05:05,2033-12-16T09:05,scheduled,,2033-12-15T22:35,2034-02-02T22:50,1950000,time_blocks_assumption
JOB-002740-B02,JOB-002740,EVS360-038,IS520,2,4,4.0,2033-12-17T00:10,2033-12-17T04:10,scheduled,,2033-12-15T22:35,2034-02-02T22:50,1950000,time_blocks_assumption
JOB-002740-B03,JOB-002740,EVS360-038,IS520,3,4,4.0,2033-12-17T04:10,2033-12-17T08:10,scheduled,,2033-12-15T22:35,2034-02-02T22:50,1950000,time_blocks_assumption
JOB-002740-B04,JOB-002740,EVS360-038,IS520,4,4,4.0,2033-12-17T08:10,2033-12-17T12:10,scheduled,,2033-12-15T22:35,2034-02-02T22:50,1950000,time_blocks_assumption
JOB-001801-B01,JOB-001801,EVS360-025,IS530,1,9,4.0,2033-10-29T22:40,2033-10-30T02:40,scheduled,,2033-10-29T09:35,2034-02-04T20:50,2700000,time_blocks_assumption
JOB-001801-B02,JOB-001801,EVS360-025,IS530,2,9,4.0,2033-10-30T02:40,2033-10-30T06:40,scheduled,,2033-10-29T09:35,2034-02-04T20:50,2700000,time_blocks_assumption
JOB-001801-B03,JOB-001801,EVS360-025,IS530,3,9,4.0,2033-10-30T21:50,2033-10-31T01:50,scheduled,,2033-10-29T09:35,2034-02-04T20:50,2700000,time_blocks_assumption
JOB-001801-B04,JOB-001801,EVS360-025,IS530,4,9,4.0,2033-10-31T01:50,2033-10-31T05:50,scheduled,,2033-10-29T09:35,2034-02-04T20:50,2700000,time_blocks_assumption
JOB-001801-B05,JOB-001801,EVS360-025,IS530,5,9,4.0,2033-10-31T05:50,2033-10-31T09:50,scheduled,,2033-10-29T09:35,2034-02-04T20:50,2700000,time_blocks_assumption
JOB-001801-B06,JOB-001801,EVS360-025,IS530,6,9,4.0,2033-11-01T01:50,2033-11-01T05:50,scheduled,,2033-10-29T09:35,2034-02-04T20:50,2700000,time_blocks_assumption
JOB-001801-B07,JOB-001801,EVS360-025,IS530,7,9,4.0,2033-11-01T05:50,2033-11-01T09:50,scheduled,,2033-10-29T09:35,2034-02-04T20:50,2700000,time_blocks_assumption
JOB-001801-B08,JOB-001801,EVS360-025,IS530,8,9,4.0,2033-11-02T08:35,2033-11-02T12:35,scheduled,,2033-10-29T09:35,2034-02-04T20:50,2700000,time_blocks_assumption
JOB-001801-B09,JOB-001801,EVS360-025,IS530,9,9,4.0,2033-11-04T12:10,2033-11-04T16:10,scheduled,,2033-10-29T09:35,2034-02-04T20:50,2700000,time_blocks_assumption
JOB-001588-B01,JOB-001588,EVS360-022,IS520,1,4,4.0,2033-12-19T00:50,2033-12-19T04:50,scheduled,,2033-12-18T10:10,2034-02-05T10:50,3150000,time_blocks_assumption
JOB-001588-B02,JOB-001588,EVS360-022,IS520,2,4,4.0,2033-12-19T04:50,2033-12-19T08:50,scheduled,,2033-12-18T10:10,2034-02-05T10:50,3150000,time_blocks_assumption
JOB-001588-B03,JOB-001588,EVS360-022,IS520,3,4,4.0,2033-12-20T01:05,2033-12-20T05:05,scheduled,,2033-12-18T10:10,2034-02-05T10:50,3150000,time_blocks_assumption
JOB-001588-B04,JOB-001588,EVS360-022,IS520,4,4,4.0,2033-12-20T05:05,2033-12-20T09:05,scheduled,,2033-12-18T10:10,2034-02-05T10:50,3150000,time_blocks_assumption
JOB-001443-B01,JOB-001443,EVS360-020,IS520,1,4,4.0,2033-12-21T03:20,2033-12-21T07:20,scheduled,,2033-12-20T12:50,2034-02-07T23:50,3150000,time_blocks_assumption
JOB-001443-B02,JOB-001443,EVS360-020,IS520,2,4,4.0,2033-12-21T07:20,2033-12-21T11:20,scheduled,,2033-12-20T12:50,2034-02-07T23:50,3150000,time_blocks_assumption
JOB-001443-B03,JOB-001443,EVS360-020,IS520,3,4,4.0,2033-12-22T08:35,2033-12-22T12:35,scheduled,,2033-12-20T12:50,2034-02-07T23:50,3150000,time_blocks_assumption
JOB-001443-B04,JOB-001443,EVS360-020,IS520,4,4,4.0,2033-12-23T10:10,2033-12-23T14:10,scheduled,,2033-12-20T12:50,2034-02-07T23:50,3150000,time_blocks_assumption
JOB-000212-B01,JOB-000212,EVS360-003,IS540,1,14,4.0,2033-08-03T10:10,2033-08-03T14:10,scheduled,,2033-08-03T10:10,2034-02-16T13:50,4200000,time_blocks_assumption
JOB-000212-B02,JOB-000212,EVS360-003,IS540,2,14,4.0,2033-08-04T12:10,2033-08-04T16:10,scheduled,,2033-08-03T10:10,2034-02-16T13:50,4200000,time_blocks_assumption
JOB-000212-B03,JOB-000212,EVS360-003,IS540,3,14,4.0,2033-08-05T13:50,2033-08-05T17:50,scheduled,,2033-08-03T10:10,2034-02-16T13:50,4200000,time_blocks_assumption
JOB-000212-B04,JOB-000212,EVS360-003,IS540,4,14,4.0,2033-08-06T15:50,2033-08-06T19:50,scheduled,,2033-08-03T10:10,2034-02-16T13:50,4200000,time_blocks_assumption
JOB-000212-B05,JOB-000212,EVS360-003,IS540,5,14,4.0,2033-08-06T19:50,2033-08-06T23:50,scheduled,,2033-08-03T10:10,2034-02-16T13:50,4200000,time_blocks_assumption
JOB-000212-B06,JOB-000212,EVS360-003,IS540,6,14,4.0,2033-08-06T23:50,2033-08-07T03:50,scheduled,,2033-08-03T10:10,2034-02-16T13:50,4200000,time_blocks_assumption
JOB-000212-B07,JOB-000212,EVS360-003,IS540,7,14,4.0,2033-08-07T18:10,2033-08-07T22:10,scheduled,,2033-08-03T10:10,2034-02-16T13:50,4200000,time_blocks_assumption
JOB-000212-B08,JOB-000212,EVS360-003,IS540,8,14,4.0,2033-08-07T22:10,2033-08-08T02:10,scheduled,,2033-08-03T10:10,2034-02-16T13:50,4200000,time_blocks_assumption
JOB-000212-B09,JOB-000212,EVS360-003,IS540,9,14,4.0,2033-08-08T02:10,2033-08-08T06:10,scheduled,,2033-08-03T10:10,2034-02-16T13:50,4200000,time_blocks_assumption
JOB-000212-B10,JOB-000212,EVS360-003,IS540,10,14,4.0,2033-08-08T22:35,2033-08-09T02:35,scheduled,,2033-08-03T10:10,2034-02-16T13:50,4200000,time_blocks_assumption
JOB-000212-B11,JOB-000212,EVS360-003,IS540,11,14,4.0,2033-08-09T02:35,2033-08-09T06:35,scheduled,,2033-08-03T10:10,2034-02-16T13:50,4200000,time_blocks_assumption
JOB-000212-B12,JOB-000212,EVS360-003,IS540,12,14,4.0,2033-08-09T22:10,2033-08-10T02:10,scheduled,,2033-08-03T10:10,2034-02-16T13:50,4200000,time_blocks_assumption
JOB-000212-B13,JOB-000212,EVS360-003,IS540,13,14,4.0,2033-08-10T02:10,2033-08-10T06:10,scheduled,,2033-08-03T10:10,2034-02-16T13:50,4200000,time_blocks_assumption
JOB-000212-B14,JOB-000212,EVS360-003,IS540,14,14,4.0,2033-08-10T06:10,2033-08-10T10:10,scheduled,,2033-08-03T10:10,2034-02-16T13:50,4200000,time_blocks_assumption
JOB-002667-B01,JOB-002667,EVS360-037,IS520,1,4,4.0,2034-01-01T16:50,2034-01-01T20:50,scheduled,,2033-12-30T22:10,2034-02-17T22:50,1950000,time_blocks_assumption
JOB-002667-B02,JOB-002667,EVS360-037,IS520,2,4,4.0,2034-01-01T20:50,2034-01-02T00:50,scheduled,,2033-12-30T22:10,2034-02-17T22:50,1950000,time_blocks_assumption
JOB-002667-B03,JOB-002667,EVS360-037,IS520,3,4,4.0,2034-01-02T00:50,2034-01-02T04:50,scheduled,,2033-12-30T22:10,2034-02-17T22:50,1950000,time_blocks_assumption
JOB-002667-B04,JOB-002667,EVS360-037,IS520,4,4,4.0,2034-01-02T23:50,2034-01-03T03:50,scheduled,,2033-12-30T22:10,2034-02-17T22:50,1950000,time_blocks_assumption
JOB-000574-B01,JOB-000574,EVS360-008,IS540,1,14,4.0,2033-08-10T00:10,2033-08-10T04:10,scheduled,,2033-08-09T13:50,2034-02-22T18:50,4200000,time_blocks_assumption
JOB-000574-B02,JOB-000574,EVS360-008,IS540,2,14,4.0,2033-08-10T04:10,2033-08-10T08:10,scheduled,,2033-08-09T13:50,2034-02-22T18:50,4200000,time_blocks_assumption
JOB-000574-B03,JOB-000574,EVS360-008,IS540,3,14,4.0,2033-08-10T08:10,2033-08-10T12:10,scheduled,,2033-08-09T13:50,2034-02-22T18:50,4200000,time_blocks_assumption
JOB-000574-B04,JOB-000574,EVS360-008,IS540,4,14,4.0,2033-08-11T09:20,2033-08-11T13:20,scheduled,,2033-08-09T13:50,2034-02-22T18:50,4200000,time_blocks_assumption
JOB-000574-B05,JOB-000574,EVS360-008,IS540,5,14,4.0,2033-08-12T11:20,2033-08-12T15:20,scheduled,,2033-08-09T13:50,2034-02-22T18:50,4200000,time_blocks_assumption
JOB-000574-B06,JOB-000574,EVS360-008,IS540,6,14,4.0,2033-08-13T12:50,2033-08-13T16:50,scheduled,,2033-08-09T13:50,2034-02-22T18:50,4200000,time_blocks_assumption
JOB-000574-B07,JOB-000574,EVS360-008,IS540,7,14,4.0,2033-08-14T14:50,2033-08-14T18:50,scheduled,,2033-08-09T13:50,2034-02-22T18:50,4200000,time_blocks_assumption
JOB-000574-B08,JOB-000574,EVS360-008,IS540,8,14,4.0,2033-08-15T18:50,2033-08-15T22:50,scheduled,,2033-08-09T13:50,2034-02-22T18:50,4200000,time_blocks_assumption
JOB-000574-B09,JOB-000574,EVS360-008,IS540,9,14,4.0,2033-08-15T22:50,2033-08-16T02:50,scheduled,,2033-08-09T13:50,2034-02-22T18:50,4200000,time_blocks_assumption
JOB-000574-B10,JOB-000574,EVS360-008,IS540,10,14,4.0,2033-08-16T02:50,2033-08-16T06:50,scheduled,,2033-08-09T13:50,2034-02-22T18:50,4200000,time_blocks_assumption
JOB-000574-B11,JOB-000574,EVS360-008,IS540,11,14,4.0,2033-08-16T19:50,2033-08-16T23:50,scheduled,,2033-08-09T13:50,2034-02-22T18:50,4200000,time_blocks_assumption
JOB-000574-B12,JOB-000574,EVS360-008,IS540,12,14,4.0,2033-08-16T23:50,2033-08-17T03:50,scheduled,,2033-08-09T13:50,2034-02-22T18:50,4200000,time_blocks_assumption
JOB-000574-B13,JOB-000574,EVS360-008,IS540,13,14,4.0,2033-08-17T03:50,2033-08-17T07:50,scheduled,,2033-08-09T13:50,2034-02-22T18:50,4200000,time_blocks_assumption
JOB-000574-B14,JOB-000574,EVS360-008,IS540,14,14,4.0,2033-08-17T21:20,2033-08-18T01:20,scheduled,,2033-08-09T13:50,2034-02-22T18:50,4200000,time_blocks_assumption
JOB-002808-B01,JOB-002808,EVS360-039,IS540,1,14,4.0,2033-08-11T03:50,2033-08-11T07:50,scheduled,,2033-08-10T22:35,2034-02-23T16:10,1800000,time_blocks_assumption
JOB-002808-B02,JOB-002808,EVS360-039,IS540,2,14,4.0,2033-08-12T00:10,2033-08-12T04:10,scheduled,,2033-08-10T22:35,2034-02-23T16:10,1800000,time_blocks_assumption
JOB-002808-B03,JOB-002808,EVS360-039,IS540,3,14,4.0,2033-08-12T04:10,2033-08-12T08:10,scheduled,,2033-08-10T22:35,2034-02-23T16:10,1800000,time_blocks_assumption
JOB-002808-B04,JOB-002808,EVS360-039,IS540,4,14,4.0,2033-08-12T08:10,2033-08-12T12:10,scheduled,,2033-08-10T22:35,2034-02-23T16:10,1800000,time_blocks_assumption
JOB-002808-B05,JOB-002808,EVS360-039,IS540,5,14,4.0,2033-08-13T11:50,2033-08-13T15:50,scheduled,,2033-08-10T22:35,2034-02-23T16:10,1800000,time_blocks_assumption
JOB-002808-B06,JOB-002808,EVS360-039,IS540,6,14,4.0,2033-08-14T11:20,2033-08-14T15:20,scheduled,,2033-08-10T22:35,2034-02-23T16:10,1800000,time_blocks_assumption
JOB-002808-B07,JOB-002808,EVS360-039,IS540,7,14,4.0,2033-08-16T16:50,2033-08-16T20:50,scheduled,,2033-08-10T22:35,2034-02-23T16:10,1800000,time_blocks_assumption
JOB-002808-B08,JOB-002808,EVS360-039,IS540,8,14,4.0,2033-08-17T22:50,2033-08-18T02:50,scheduled,,2033-08-10T22:35,2034-02-23T16:10,1800000,time_blocks_assumption
JOB-002808-B09,JOB-002808,EVS360-039,IS540,9,14,4.0,2033-08-18T02:50,2033-08-18T06:50,scheduled,,2033-08-10T22:35,2034-02-23T16:10,1800000,time_blocks_assumption
JOB-002808-B10,JOB-002808,EVS360-039,IS540,10,14,4.0,2033-08-18T19:50,2033-08-18T23:50,scheduled,,2033-08-10T22:35,2034-02-23T16:10,1800000,time_blocks_assumption
JOB-002808-B11,JOB-002808,EVS360-039,IS540,11,14,4.0,2033-08-18T23:50,2033-08-19T03:50,scheduled,,2033-08-10T22:35,2034-02-23T16:10,1800000,time_blocks_assumption
JOB-002808-B12,JOB-002808,EVS360-039,IS540,12,14,4.0,2033-08-19T03:50,2033-08-19T07:50,scheduled,,2033-08-10T22:35,2034-02-23T16:10,1800000,time_blocks_assumption
JOB-002808-B13,JOB-002808,EVS360-039,IS540,13,14,4.0,2033-08-20T01:20,2033-08-20T05:20,scheduled,,2033-08-10T22:35,2034-02-23T16:10,1800000,time_blocks_assumption
JOB-002808-B14,JOB-002808,EVS360-039,IS540,14,14,4.0,2033-08-20T05:20,2033-08-20T09:20,scheduled,,2033-08-10T22:35,2034-02-23T16:10,1800000,time_blocks_assumption
JOB-001516-B01,JOB-001516,EVS360-021,IS530,1,9,4.0,2033-12-17T20:40,2033-12-18T00:40,scheduled,,2033-12-17T08:35,2034-03-25T19:50,3300000,time_blocks_assumption
JOB-001516-B02,JOB-001516,EVS360-021,IS530,2,9,4.0,2033-12-18T00:40,2033-12-18T04:40,scheduled,,2033-12-17T08:35,2034-03-25T19:50,3300000,time_blocks_assumption
JOB-001516-B03,JOB-001516,EVS360-021,IS530,3,9,4.0,2033-12-18T20:35,2033-12-19T00:35,scheduled,,2033-12-17T08:35,2034-03-25T19:50,3300000,time_blocks_assumption
JOB-001516-B04,JOB-001516,EVS360-021,IS530,4,9,4.0,2033-12-19T00:35,2033-12-19T04:35,scheduled,,2033-12-17T08:35,2034-03-25T19:50,3300000,time_blocks_assumption
JOB-001516-B05,JOB-001516,EVS360-021,IS530,5,9,4.0,2033-12-19T04:35,2033-12-19T08:35,scheduled,,2033-12-17T08:35,2034-03-25T19:50,3300000,time_blocks_assumption
JOB-001516-B06,JOB-001516,EVS360-021,IS530,6,9,4.0,2033-12-20T00:40,2033-12-20T04:40,scheduled,,2033-12-17T08:35,2034-03-25T19:50,3300000,time_blocks_assumption
JOB-001516-B07,JOB-001516,EVS360-021,IS530,7,9,4.0,2033-12-20T04:40,2033-12-20T08:40,scheduled,,2033-12-17T08:35,2034-03-25T19:50,3300000,time_blocks_assumption
JOB-001516-B08,JOB-001516,EVS360-021,IS530,8,9,4.0,2033-12-21T03:50,2033-12-21T07:50,scheduled,,2033-12-17T08:35,2034-03-25T19:50,3300000,time_blocks_assumption
JOB-001516-B09,JOB-001516,EVS360-021,IS530,9,9,4.0,2033-12-21T07:50,2033-12-21T11:50,scheduled,,2033-12-17T08:35,2034-03-25T19:50,3300000,time_blocks_assumption
JOB-002593-B01,JOB-002593,EVS360-036,IS530,1,9,4.0,2033-12-23T18:10,2033-12-23T22:10,scheduled,,2033-12-23T18:10,2034-04-01T10:50,2100000,time_blocks_assumption
JOB-002593-B02,JOB-002593,EVS360-036,IS530,2,9,4.0,2033-12-23T22:10,2033-12-24T02:10,scheduled,,2033-12-23T18:10,2034-04-01T10:50,2100000,time_blocks_assumption
JOB-002593-B03,JOB-002593,EVS360-036,IS530,3,9,4.0,2033-12-24T02:10,2033-12-24T06:10,scheduled,,2033-12-23T18:10,2034-04-01T10:50,2100000,time_blocks_assumption
JOB-002593-B04,JOB-002593,EVS360-036,IS530,4,9,4.0,2033-12-24T23:50,2033-12-25T03:50,scheduled,,2033-12-23T18:10,2034-04-01T10:50,2100000,time_blocks_assumption
JOB-002593-B05,JOB-002593,EVS360-036,IS530,5,9,4.0,2033-12-25T03:50,2033-12-25T07:50,scheduled,,2033-12-23T18:10,2034-04-01T10:50,2100000,time_blocks_assumption
JOB-002593-B06,JOB-002593,EVS360-036,IS530,6,9,4.0,2033-12-25T22:10,2033-12-26T02:10,scheduled,,2033-12-23T18:10,2034-04-01T10:50,2100000,time_blocks_assumption
JOB-002593-B07,JOB-002593,EVS360-036,IS530,7,9,4.0,2033-12-26T02:10,2033-12-26T06:10,scheduled,,2033-12-23T18:10,2034-04-01T10:50,2100000,time_blocks_assumption
JOB-002593-B08,JOB-002593,EVS360-036,IS530,8,9,4.0,2033-12-26T06:10,2033-12-26T10:10,scheduled,,2033-12-23T18:10,2034-04-01T10:50,2100000,time_blocks_assumption
JOB-002593-B09,JOB-002593,EVS360-036,IS530,9,9,4.0,2033-12-27T05:50,2033-12-27T09:50,scheduled,,2033-12-23T18:10,2034-04-01T10:50,2100000,time_blocks_assumption
JOB-000938-B01,JOB-000938,EVS360-013,IS530,1,9,4.0,2033-12-24T08:50,2033-12-24T12:50,scheduled,,2033-12-24T08:50,2034-04-01T19:20,3900000,time_blocks_assumption
JOB-000938-B02,JOB-000938,EVS360-013,IS530,2,9,4.0,2033-12-25T10:50,2033-12-25T14:50,scheduled,,2033-12-24T08:50,2034-04-01T19:20,3900000,time_blocks_assumption
JOB-000938-B03,JOB-000938,EVS360-013,IS530,3,9,4.0,2033-12-26T12:35,2033-12-26T16:35,scheduled,,2033-12-24T08:50,2034-04-01T19:20,3900000,time_blocks_assumption
JOB-000938-B04,JOB-000938,EVS360-013,IS530,4,9,4.0,2033-12-27T14:10,2033-12-27T18:10,scheduled,,2033-12-24T08:50,2034-04-01T19:20,3900000,time_blocks_assumption
JOB-000938-B05,JOB-000938,EVS360-013,IS530,5,9,4.0,2033-12-28T20:10,2033-12-29T00:10,scheduled,,2033-12-24T08:50,2034-04-01T19:20,3900000,time_blocks_assumption
JOB-000938-B06,JOB-000938,EVS360-013,IS530,6,9,4.0,2033-12-29T00:10,2033-12-29T04:10,scheduled,,2033-12-24T08:50,2034-04-01T19:20,3900000,time_blocks_assumption
JOB-000938-B07,JOB-000938,EVS360-013,IS530,7,9,4.0,2033-12-29T18:50,2033-12-29T22:50,scheduled,,2033-12-24T08:50,2034-04-01T19:20,3900000,time_blocks_assumption
JOB-000938-B08,JOB-000938,EVS360-013,IS530,8,9,4.0,2033-12-29T22:50,2033-12-30T02:50,scheduled,,2033-12-24T08:50,2034-04-01T19:20,3900000,time_blocks_assumption
JOB-000938-B09,JOB-000938,EVS360-013,IS530,9,9,4.0,2033-12-30T02:50,2033-12-30T06:50,scheduled,,2033-12-24T08:50,2034-04-01T19:20,3900000,time_blocks_assumption
JOB-000145-B01,JOB-000145,EVS360-002,IS530,1,9,4.0,2033-12-27T09:20,2033-12-27T13:20,scheduled,,2033-12-26T16:10,2034-04-04T10:10,4500000,time_blocks_assumption
JOB-000145-B02,JOB-000145,EVS360-002,IS530,2,9,4.0,2033-12-28T11:20,2033-12-28T15:20,scheduled,,2033-12-26T16:10,2034-04-04T10:10,4500000,time_blocks_assumption
JOB-000145-B03,JOB-000145,EVS360-002,IS530,3,9,4.0,2033-12-29T12:50,2033-12-29T16:50,scheduled,,2033-12-26T16:10,2034-04-04T10:10,4500000,time_blocks_assumption
JOB-000145-B04,JOB-000145,EVS360-002,IS530,4,9,4.0,2033-12-30T14:50,2033-12-30T18:50,scheduled,,2033-12-26T16:10,2034-04-04T10:10,4500000,time_blocks_assumption
JOB-000145-B05,JOB-000145,EVS360-002,IS530,5,9,4.0,2033-12-31T20:50,2034-01-01T00:50,scheduled,,2033-12-26T16:10,2034-04-04T10:10,4500000,time_blocks_assumption
JOB-000145-B06,JOB-000145,EVS360-002,IS530,6,9,4.0,2034-01-01T00:50,2034-01-01T04:50,scheduled,,2033-12-26T16:10,2034-04-04T10:10,4500000,time_blocks_assumption
JOB-000145-B07,JOB-000145,EVS360-002,IS530,7,9,4.0,2034-01-01T19:50,2034-01-01T23:50,scheduled,,2033-12-26T16:10,2034-04-04T10:10,4500000,time_blocks_assumption
JOB-000145-B08,JOB-000145,EVS360-002,IS530,8,9,4.0,2034-01-01T23:50,2034-01-02T03:50,scheduled,,2033-12-26T16:10,2034-04-04T10:10,4500000,time_blocks_assumption
JOB-000145-B09,JOB-000145,EVS360-002,IS530,9,9,4.0,2034-01-02T03:50,2034-01-02T07:50,scheduled,,2033-12-26T16:10,2034-04-04T10:10,4500000,time_blocks_assumption
JOB-002520-B01,JOB-002520,EVS360-035,IS530,1,9,4.0,2034-01-02T22:10,2034-01-03T02:10,scheduled,,2034-01-02T18:10,2034-04-11T10:50,2100000,time_blocks_assumption
JOB-002520-B02,JOB-002520,EVS360-035,IS530,2,9,4.0,2034-01-03T02:10,2034-01-03T06:10,scheduled,,2034-01-02T18:10,2034-04-11T10:50,2100000,time_blocks_assumption
JOB-002520-B03,JOB-002520,EVS360-035,IS530,3,9,4.0,2034-01-03T20:35,2034-01-04T00:35,scheduled,,2034-01-02T18:10,2034-04-11T10:50,2100000,time_blocks_assumption
JOB-002520-B04,JOB-002520,EVS360-035,IS530,4,9,4.0,2034-01-04T00:35,2034-01-04T04:35,scheduled,,2034-01-02T18:10,2034-04-11T10:50,2100000,time_blocks_assumption
JOB-002520-B05,JOB-002520,EVS360-035,IS530,5,9,4.0,2034-01-04T04:35,2034-01-04T08:35,scheduled,,2034-01-02T18:10,2034-04-11T10:50,2100000,time_blocks_assumption
JOB-002520-B06,JOB-002520,EVS360-035,IS530,6,9,4.0,2034-01-04T22:10,2034-01-05T02:10,scheduled,,2034-01-02T18:10,2034-04-11T10:50,2100000,time_blocks_assumption
JOB-002520-B07,JOB-002520,EVS360-035,IS530,7,9,4.0,2034-01-05T02:10,2034-01-05T06:10,scheduled,,2034-01-02T18:10,2034-04-11T10:50,2100000,time_blocks_assumption
JOB-002520-B08,JOB-002520,EVS360-035,IS530,8,9,4.0,2034-01-05T06:10,2034-01-05T10:10,scheduled,,2034-01-02T18:10,2034-04-11T10:50,2100000,time_blocks_assumption
JOB-002520-B09,JOB-002520,EVS360-035,IS530,9,9,4.0,2034-01-05T23:50,2034-01-06T03:50,scheduled,,2034-01-02T18:10,2034-04-11T10:50,2100000,time_blocks_assumption
JOB-000507-B01,JOB-000507,EVS360-007,IS540,1,14,4.0,2033-10-09T09:50,2033-10-09T13:50,scheduled,,2033-10-09T09:50,2034-04-24T13:20,4200000,time_blocks_assumption
JOB-000507-B02,JOB-000507,EVS360-007,IS540,2,14,4.0,2033-10-10T11:50,2033-10-10T15:50,scheduled,,2033-10-09T09:50,2034-04-24T13:20,4200000,time_blocks_assumption
JOB-000507-B03,JOB-000507,EVS360-007,IS540,3,14,4.0,2033-10-11T13:20,2033-10-11T17:20,scheduled,,2033-10-09T09:50,2034-04-24T13:20,4200000,time_blocks_assumption
JOB-000507-B04,JOB-000507,EVS360-007,IS540,4,14,4.0,2033-10-12T15:20,2033-10-12T19:20,scheduled,,2033-10-09T09:50,2034-04-24T13:20,4200000,time_blocks_assumption
JOB-000507-B05,JOB-000507,EVS360-007,IS540,5,14,4.0,2033-10-12T19:20,2033-10-12T23:20,scheduled,,2033-10-09T09:50,2034-04-24T13:20,4200000,time_blocks_assumption
JOB-000507-B06,JOB-000507,EVS360-007,IS540,6,14,4.0,2033-10-12T23:20,2033-10-13T03:20,scheduled,,2033-10-09T09:50,2034-04-24T13:20,4200000,time_blocks_assumption
JOB-000507-B07,JOB-000507,EVS360-007,IS540,7,14,4.0,2033-10-13T17:20,2033-10-13T21:20,scheduled,,2033-10-09T09:50,2034-04-24T13:20,4200000,time_blocks_assumption
JOB-000507-B08,JOB-000507,EVS360-007,IS540,8,14,4.0,2033-10-13T21:20,2033-10-14T01:20,scheduled,,2033-10-09T09:50,2034-04-24T13:20,4200000,time_blocks_assumption
JOB-000507-B09,JOB-000507,EVS360-007,IS540,9,14,4.0,2033-10-14T01:20,2033-10-14T05:20,scheduled,,2033-10-09T09:50,2034-04-24T13:20,4200000,time_blocks_assumption
JOB-000507-B10,JOB-000507,EVS360-007,IS540,10,14,4.0,2033-10-14T22:10,2033-10-15T02:10,scheduled,,2033-10-09T09:50,2034-04-24T13:20,4200000,time_blocks_assumption
JOB-000507-B11,JOB-000507,EVS360-007,IS540,11,14,4.0,2033-10-15T02:10,2033-10-15T06:10,scheduled,,2033-10-09T09:50,2034-04-24T13:20,4200000,time_blocks_assumption
JOB-000507-B12,JOB-000507,EVS360-007,IS540,12,14,4.0,2033-10-15T21:50,2033-10-16T01:50,scheduled,,2033-10-09T09:50,2034-04-24T13:20,4200000,time_blocks_assumption
JOB-000507-B13,JOB-000507,EVS360-007,IS540,13,14,4.0,2033-10-16T01:50,2033-10-16T05:50,scheduled,,2033-10-09T09:50,2034-04-24T13:20,4200000,time_blocks_assumption
JOB-000507-B14,JOB-000507,EVS360-007,IS540,14,14,4.0,2033-10-16T05:50,2033-10-16T09:50,scheduled,,2033-10-09T09:50,2034-04-24T13:20,4200000,time_blocks_assumption
JOB-000291-B01,JOB-000291,EVS360-004,IS540,1,14,4.0,2033-11-10T13:20,2033-11-10T17:20,scheduled,,2033-11-10T13:20,2034-05-26T17:20,4200000,time_blocks_assumption
JOB-000291-B02,JOB-000291,EVS360-004,IS540,2,14,4.0,2033-11-11T15:20,2033-11-11T19:20,scheduled,,2033-11-10T13:20,2034-05-26T17:20,4200000,time_blocks_assumption
JOB-000291-B03,JOB-000291,EVS360-004,IS540,3,14,4.0,2033-11-11T19:20,2033-11-11T23:20,scheduled,,2033-11-10T13:20,2034-05-26T17:20,4200000,time_blocks_assumption
JOB-000291-B04,JOB-000291,EVS360-004,IS540,4,14,4.0,2033-11-11T23:20,2033-11-12T03:20,scheduled,,2033-11-10T13:20,2034-05-26T17:20,4200000,time_blocks_assumption
JOB-000291-B05,JOB-000291,EVS360-004,IS540,5,14,4.0,2033-11-12T17:20,2033-11-12T21:20,scheduled,,2033-11-10T13:20,2034-05-26T17:20,4200000,time_blocks_assumption
JOB-000291-B06,JOB-000291,EVS360-004,IS540,6,14,4.0,2033-11-12T21:20,2033-11-13T01:20,scheduled,,2033-11-10T13:20,2034-05-26T17:20,4200000,time_blocks_assumption
JOB-000291-B07,JOB-000291,EVS360-004,IS540,7,14,4.0,2033-11-13T01:20,2033-11-13T05:20,scheduled,,2033-11-10T13:20,2034-05-26T17:20,4200000,time_blocks_assumption
JOB-000291-B08,JOB-000291,EVS360-004,IS540,8,14,4.0,2033-11-13T20:10,2033-11-14T00:10,scheduled,,2033-11-10T13:20,2034-05-26T17:20,4200000,time_blocks_assumption
JOB-000291-B09,JOB-000291,EVS360-004,IS540,9,14,4.0,2033-11-14T00:10,2033-11-14T04:10,scheduled,,2033-11-10T13:20,2034-05-26T17:20,4200000,time_blocks_assumption
JOB-000291-B10,JOB-000291,EVS360-004,IS540,10,14,4.0,2033-11-14T04:10,2033-11-14T08:10,scheduled,,2033-11-10T13:20,2034-05-26T17:20,4200000,time_blocks_assumption
JOB-000291-B11,JOB-000291,EVS360-004,IS540,11,14,4.0,2033-11-14T21:50,2033-11-15T01:50,scheduled,,2033-11-10T13:20,2034-05-26T17:20,4200000,time_blocks_assumption
JOB-000291-B12,JOB-000291,EVS360-004,IS540,12,14,4.0,2033-11-15T01:50,2033-11-15T05:50,scheduled,,2033-11-10T13:20,2034-05-26T17:20,4200000,time_blocks_assumption
JOB-000291-B13,JOB-000291,EVS360-004,IS540,13,14,4.0,2033-11-15T05:50,2033-11-15T09:50,scheduled,,2033-11-10T13:20,2034-05-26T17:20,4200000,time_blocks_assumption
JOB-000291-B14,JOB-000291,EVS360-004,IS540,14,14,4.0,2033-11-16T01:20,2033-11-16T05:20,scheduled,,2033-11-10T13:20,2034-05-26T17:20,4200000,time_blocks_assumption
JOB-000722-B01,JOB-000722,EVS360-010,IS540,1,14,4.0,2033-12-11T20:35,2033-12-12T00:35,scheduled,,2033-12-11T20:35,2034-06-26T23:50,4200000,time_blocks_assumption
JOB-000722-B02,JOB-000722,EVS360-010,IS540,2,14,4.0,2033-12-12T00:35,2033-12-12T04:35,scheduled,,2033-12-11T20:35,2034-06-26T23:50,4200000,time_blocks_assumption
JOB-000722-B03,JOB-000722,EVS360-010,IS540,3,14,4.0,2033-12-12T04:35,2033-12-12T08:35,scheduled,,2033-12-11T20:35,2034-06-26T23:50,4200000,time_blocks_assumption
JOB-000722-B04,JOB-000722,EVS360-010,IS540,4,14,4.0,2033-12-12T22:10,2033-12-13T02:10,scheduled,,2033-12-11T20:35,2034-06-26T23:50,4200000,time_blocks_assumption
JOB-000722-B05,JOB-000722,EVS360-010,IS540,5,14,4.0,2033-12-13T02:10,2033-12-13T06:10,scheduled,,2033-12-11T20:35,2034-06-26T23:50,4200000,time_blocks_assumption
JOB-000722-B06,JOB-000722,EVS360-010,IS540,6,14,4.0,2033-12-13T06:10,2033-12-13T10:10,scheduled,,2033-12-11T20:35,2034-06-26T23:50,4200000,time_blocks_assumption
JOB-000722-B07,JOB-000722,EVS360-010,IS540,7,14,4.0,2033-12-13T23:50,2033-12-14T03:50,scheduled,,2033-12-11T20:35,2034-06-26T23:50,4200000,time_blocks_assumption
JOB-000722-B08,JOB-000722,EVS360-010,IS540,8,14,4.0,2033-12-14T03:50,2033-12-14T07:50,scheduled,,2033-12-11T20:35,2034-06-26T23:50,4200000,time_blocks_assumption
JOB-000722-B09,JOB-000722,EVS360-010,IS540,9,14,4.0,2033-12-14T07:50,2033-12-14T11:50,scheduled,,2033-12-11T20:35,2034-06-26T23:50,4200000,time_blocks_assumption
JOB-000722-B10,JOB-000722,EVS360-010,IS540,10,14,4.0,2033-12-15T08:50,2033-12-15T12:50,scheduled,,2033-12-11T20:35,2034-06-26T23:50,4200000,time_blocks_assumption
JOB-000722-B11,JOB-000722,EVS360-010,IS540,11,14,4.0,2033-12-16T10:50,2033-12-16T14:50,scheduled,,2033-12-11T20:35,2034-06-26T23:50,4200000,time_blocks_assumption
JOB-000722-B12,JOB-000722,EVS360-010,IS540,12,14,4.0,2033-12-17T14:35,2033-12-17T18:35,scheduled,,2033-12-11T20:35,2034-06-26T23:50,4200000,time_blocks_assumption
JOB-000722-B13,JOB-000722,EVS360-010,IS540,13,14,4.0,2033-12-18T14:10,2033-12-18T18:10,scheduled,,2033-12-11T20:35,2034-06-26T23:50,4200000,time_blocks_assumption
JOB-000722-B14,JOB-000722,EVS360-010,IS540,14,14,4.0,2033-12-19T16:10,2033-12-19T20:10,scheduled,,2033-12-11T20:35,2034-06-26T23:50,4200000,time_blocks_assumption
